user_id,track_id,weight
china_u000,ccmusic-database_erhu_playing_tech_00000121,1.155727878308496
china_u000,ccmusic-database_erhu_playing_tech_00000012,1.749017294086756
china_u000,ccmusic-database_erhu_playing_tech_00000137,1.5503976530033736
china_u000,ccmusic-database_erhu_playing_tech_00000025,0.9685499620730615
china_u000,ccmusic-database_erhu_playing_tech_00000009,1.7483897020928016
china_u000,ccmusic-database_erhu_playing_tech_00000133,1.7071465362452027
china_u000,ccmusic-database_erhu_playing_tech_00000128,1.0812175685452616
china_u000,ccmusic-database_erhu_playing_tech_00000014,0.9324921558953662
china_u000,ccmusic-database_erhu_playing_tech_00000150,1.5237432559624633
china_u000,ccmusic-database_erhu_playing_tech_00000089,0.7096287254139647
china_u000,ccmusic-database_erhu_playing_tech_00000081,0.7998623037126624
china_u000,ccmusic-database_erhu_playing_tech_00000010,0.5110434046265082
china_u000,ccmusic-database_erhu_playing_tech_00000063,1.6803865662532076
china_u000,ccmusic-database_erhu_playing_tech_00000145,1.497276284888048
china_u000,ccmusic-database_erhu_playing_tech_00000124,1.5577480679395026
china_u000,ccmusic-database_erhu_playing_tech_00000017,1.6710935465329517
china_u000,ccmusic-database_erhu_playing_tech_00000034,1.18837366330751
china_u000,ccmusic-database_erhu_playing_tech_00000159,1.3531117939293407
china_u000,ccmusic-database_erhu_playing_tech_00000140,0.7096954971914862
china_u000,ccmusic-database_erhu_playing_tech_00000116,0.6717951103039601
china_u000,ccmusic-database_erhu_playing_tech_00000096,1.5026044426857075
china_u000,ccmusic-database_erhu_playing_tech_00000070,1.2066443092146988
china_u000,ccmusic-database_erhu_playing_tech_00000054,1.3478541597217832
china_u000,ccmusic-database_erhu_playing_tech_00000134,1.6474982861240384
china_u000,ccmusic-database_erhu_playing_tech_00000094,1.4520774800008862
china_u000,ccmusic-database_erhu_playing_tech_00000130,1.3303691009869938
china_u000,ccmusic-database_erhu_playing_tech_00000097,1.3388107411181203
china_u000,ccmusic-database_erhu_playing_tech_00000068,0.9559251470939183
china_u000,ccmusic-database_erhu_playing_tech_00000108,0.546226751851909
china_u000,ccmusic-database_erhu_playing_tech_00000026,1.1550760838485434
china_u000,ccmusic-database_erhu_playing_tech_00000113,0.8218770092292937
china_u000,ccmusic-database_erhu_playing_tech_00000052,1.1127929655869542
china_u000,ccmusic-database_erhu_playing_tech_00000044,1.7801046099022493
china_u000,ccmusic-database_erhu_playing_tech_00000106,0.8509092287980111
china_u000,ccmusic-database_erhu_playing_tech_00000085,0.587454112533599
china_u000,ccmusic-database_erhu_playing_tech_00000080,0.9220758380329948
china_u000,ccmusic-database_erhu_playing_tech_00000101,0.9403906366500254
china_u000,ccmusic-database_erhu_playing_tech_00000059,1.4928747720903426
china_u000,ccmusic-database_erhu_playing_tech_00000066,1.3355482285119176
china_u000,ccmusic-database_erhu_playing_tech_00000126,1.6758473136596201
china_u001,ccmusic-database_erhu_playing_tech_00000094,1.440963261053665
china_u001,ccmusic-database_erhu_playing_tech_00000056,1.3761469533691033
china_u001,ccmusic-database_erhu_playing_tech_00000024,1.47476990233223
china_u001,ccmusic-database_erhu_playing_tech_00000052,0.6266664817098336
china_u001,ccmusic-database_erhu_playing_tech_00000126,1.1237111032559144
china_u001,ccmusic-database_erhu_playing_tech_00000098,0.5624212607928387
china_u001,ccmusic-database_erhu_playing_tech_00000081,1.2409862288667783
china_u001,ccmusic-database_erhu_playing_tech_00000011,0.994791818499178
china_u001,ccmusic-database_erhu_playing_tech_00000133,0.7167862832990703
china_u001,ccmusic-database_erhu_playing_tech_00000142,0.6551044515838275
china_u001,ccmusic-database_erhu_playing_tech_00000054,1.3814668582665681
china_u001,ccmusic-database_erhu_playing_tech_00000035,0.7558894528053292
china_u001,ccmusic-database_erhu_playing_tech_00000159,1.887680177565196
china_u001,ccmusic-database_erhu_playing_tech_00000124,1.3715917095505925
china_u001,ccmusic-database_erhu_playing_tech_00000002,1.0203047068022557
china_u001,ccmusic-database_erhu_playing_tech_00000050,1.3863732372221251
china_u001,ccmusic-database_erhu_playing_tech_00000096,0.5342058065445463
china_u001,ccmusic-database_erhu_playing_tech_00000045,1.937838819862168
china_u001,ccmusic-database_erhu_playing_tech_00000065,1.2234551554143502
china_u001,ccmusic-database_erhu_playing_tech_00000100,1.6741028408754293
china_u001,ccmusic-database_erhu_playing_tech_00000093,0.6240949998836578
china_u001,ccmusic-database_erhu_playing_tech_00000122,1.2299874962572406
china_u001,ccmusic-database_erhu_playing_tech_00000121,1.2360604915317814
china_u001,ccmusic-database_erhu_playing_tech_00000103,1.9067396824624743
china_u001,ccmusic-database_erhu_playing_tech_00000013,1.3575920785641131
china_u001,ccmusic-database_erhu_playing_tech_00000014,1.2102341015854308
china_u001,ccmusic-database_erhu_playing_tech_00000141,0.9004634946378404
china_u001,ccmusic-database_erhu_playing_tech_00000070,0.9973534960138283
china_u001,ccmusic-database_erhu_playing_tech_00000041,1.2810086037073067
china_u001,ccmusic-database_erhu_playing_tech_00000071,1.15836719045757
china_u001,ccmusic-database_erhu_playing_tech_00000021,0.5324181198204956
china_u001,ccmusic-database_erhu_playing_tech_00000151,1.7394378862915367
china_u001,ccmusic-database_erhu_playing_tech_00000149,1.84424115775965
china_u001,ccmusic-database_erhu_playing_tech_00000043,0.7103736334979162
china_u001,ccmusic-database_erhu_playing_tech_00000063,1.331054215308574
china_u001,ccmusic-database_erhu_playing_tech_00000072,0.6628636117031653
china_u001,ccmusic-database_erhu_playing_tech_00000022,1.5083601395597175
china_u001,ccmusic-database_erhu_playing_tech_00000154,0.9218506757585125
china_u001,ccmusic-database_erhu_playing_tech_00000097,1.4891339520378526
china_u001,ccmusic-database_erhu_playing_tech_00000018,1.590491921430324
china_u002,ccmusic-database_erhu_playing_tech_00000123,0.9654855093501422
china_u002,ccmusic-database_erhu_playing_tech_00000073,1.6661072573617663
china_u002,ccmusic-database_erhu_playing_tech_00000041,1.957739639091451
china_u002,ccmusic-database_erhu_playing_tech_00000133,1.2511117793035136
china_u002,ccmusic-database_erhu_playing_tech_00000044,0.7158462538268762
china_u002,ccmusic-database_erhu_playing_tech_00000147,0.5209044315623024
china_u002,ccmusic-database_erhu_playing_tech_00000075,0.8444840449982829
china_u002,ccmusic-database_erhu_playing_tech_00000115,0.6977333266797816
china_u002,ccmusic-database_erhu_playing_tech_00000072,1.5164880104192862
china_u002,ccmusic-database_erhu_playing_tech_00000067,0.6827487569427967
china_u002,ccmusic-database_erhu_playing_tech_00000144,1.2594948974309494
china_u002,ccmusic-database_erhu_playing_tech_00000049,1.5413936534643298
china_u002,ccmusic-database_erhu_playing_tech_00000093,1.3716749138313535
china_u002,ccmusic-database_erhu_playing_tech_00000146,0.7996634774900864
china_u002,ccmusic-database_erhu_playing_tech_00000006,1.706186789273394
china_u002,ccmusic-database_erhu_playing_tech_00000143,1.5731106944237025
china_u002,ccmusic-database_erhu_playing_tech_00000028,1.6084760058733125
china_u002,ccmusic-database_erhu_playing_tech_00000024,0.6965866273359699
china_u002,ccmusic-database_erhu_playing_tech_00000076,0.6856307054755169
china_u002,ccmusic-database_erhu_playing_tech_00000029,1.8913438265097615
china_u002,ccmusic-database_erhu_playing_tech_00000046,1.096367290737411
china_u002,ccmusic-database_erhu_playing_tech_00000063,0.9514230376714097
china_u002,ccmusic-database_erhu_playing_tech_00000039,1.2328760680272999
china_u002,ccmusic-database_erhu_playing_tech_00000135,1.4942963191453735
china_u002,ccmusic-database_erhu_playing_tech_00000037,1.9334348855704548
china_u002,ccmusic-database_erhu_playing_tech_00000018,0.9296693403230825
china_u002,ccmusic-database_erhu_playing_tech_00000152,1.8872126439680406
china_u002,ccmusic-database_erhu_playing_tech_00000027,0.5372892370793845
china_u002,ccmusic-database_erhu_playing_tech_00000090,1.332797063490237
china_u002,ccmusic-database_erhu_playing_tech_00000113,1.4509626675216276
china_u002,ccmusic-database_erhu_playing_tech_00000004,0.6588461056261299
china_u002,ccmusic-database_erhu_playing_tech_00000112,0.710509395595869
china_u002,ccmusic-database_erhu_playing_tech_00000111,1.1286714789744559
china_u002,ccmusic-database_erhu_playing_tech_00000142,1.9493478682147725
china_u002,ccmusic-database_erhu_playing_tech_00000025,1.3940638298515593
china_u002,ccmusic-database_erhu_playing_tech_00000030,1.8995348324003167
china_u002,ccmusic-database_erhu_playing_tech_00000156,1.706541373419456
china_u002,ccmusic-database_erhu_playing_tech_00000081,1.2010724023329373
china_u002,ccmusic-database_erhu_playing_tech_00000140,1.6771451738782812
china_u002,ccmusic-database_erhu_playing_tech_00000013,0.5267551759654816
china_u003,ccmusic-database_erhu_playing_tech_00000100,1.8125074133519128
china_u003,ccmusic-database_erhu_playing_tech_00000131,1.7766974402333089
china_u003,ccmusic-database_erhu_playing_tech_00000143,0.5652125930191879
china_u003,ccmusic-database_erhu_playing_tech_00000080,0.7722476143947861
china_u003,ccmusic-database_erhu_playing_tech_00000030,0.855117306656594
china_u003,ccmusic-database_erhu_playing_tech_00000157,0.8740813637483178
china_u003,ccmusic-database_erhu_playing_tech_00000059,1.356848977614159
china_u003,ccmusic-database_erhu_playing_tech_00000052,1.1243936385547884
china_u003,ccmusic-database_erhu_playing_tech_00000037,0.573881179891391
china_u003,ccmusic-database_erhu_playing_tech_00000155,1.0604212076893573
china_u003,ccmusic-database_erhu_playing_tech_00000147,1.2856294230764558
china_u003,ccmusic-database_erhu_playing_tech_00000102,0.652507854355574
china_u003,ccmusic-database_erhu_playing_tech_00000158,1.7501878306828396
china_u003,ccmusic-database_erhu_playing_tech_00000117,0.5779427996976564
china_u003,ccmusic-database_erhu_playing_tech_00000016,1.887262803527093
china_u003,ccmusic-database_erhu_playing_tech_00000040,0.6486697123698133
china_u003,ccmusic-database_erhu_playing_tech_00000132,1.765362427396629
china_u003,ccmusic-database_erhu_playing_tech_00000023,1.8539797158914255
china_u003,ccmusic-database_erhu_playing_tech_00000036,1.969356020879889
china_u003,ccmusic-database_erhu_playing_tech_00000141,1.7030388204103903
china_u003,ccmusic-database_erhu_playing_tech_00000151,1.6692163111569933
china_u003,ccmusic-database_erhu_playing_tech_00000094,1.4637249139933215
china_u003,ccmusic-database_erhu_playing_tech_00000128,1.6684945318671935
china_u003,ccmusic-database_erhu_playing_tech_00000115,0.7018283126197207
china_u003,ccmusic-database_erhu_playing_tech_00000035,1.304102053921456
china_u003,ccmusic-database_erhu_playing_tech_00000079,1.2713343052856216
china_u003,ccmusic-database_erhu_playing_tech_00000082,1.7863582161838363
china_u003,ccmusic-database_erhu_playing_tech_00000140,1.1941990483902738
china_u003,ccmusic-database_erhu_playing_tech_00000127,1.0776342441505302
china_u003,ccmusic-database_erhu_playing_tech_00000103,1.4593449068556652
china_u003,ccmusic-database_erhu_playing_tech_00000153,0.8996949762512692
china_u003,ccmusic-database_erhu_playing_tech_00000043,0.7096526164309354
china_u003,ccmusic-database_erhu_playing_tech_00000069,1.2168159110356187
china_u003,ccmusic-database_erhu_playing_tech_00000067,1.1253340528923275
china_u003,ccmusic-database_erhu_playing_tech_00000101,0.8488549107933105
china_u003,ccmusic-database_erhu_playing_tech_00000031,1.051267715172692
china_u003,ccmusic-database_erhu_playing_tech_00000125,1.049588674739371
china_u003,ccmusic-database_erhu_playing_tech_00000060,0.9912433466188182
china_u003,ccmusic-database_erhu_playing_tech_00000057,1.0691961195903934
china_u003,ccmusic-database_erhu_playing_tech_00000013,1.5286150181839182
china_u004,ccmusic-database_erhu_playing_tech_00000075,1.2382298233631437
china_u004,ccmusic-database_erhu_playing_tech_00000076,1.3993901622839184
china_u004,ccmusic-database_erhu_playing_tech_00000060,1.8968543535351527
china_u004,ccmusic-database_erhu_playing_tech_00000088,0.6796003827516842
china_u004,ccmusic-database_erhu_playing_tech_00000029,0.6756553488501658
china_u004,ccmusic-database_erhu_playing_tech_00000156,0.6315635178661526
china_u004,ccmusic-database_erhu_playing_tech_00000061,1.4867949275607917
china_u004,ccmusic-database_erhu_playing_tech_00000098,1.1279124511855692
china_u004,ccmusic-database_erhu_playing_tech_00000140,1.6614821242127649
china_u004,ccmusic-database_erhu_playing_tech_00000148,1.506847119962889
china_u004,ccmusic-database_erhu_playing_tech_00000108,1.0004566374923574
china_u004,ccmusic-database_erhu_playing_tech_00000027,1.8475498210423036
china_u004,ccmusic-database_erhu_playing_tech_00000113,1.6437982206059785
china_u004,ccmusic-database_erhu_playing_tech_00000097,0.9058024113652636
china_u004,ccmusic-database_erhu_playing_tech_00000042,1.046288026658081
china_u004,ccmusic-database_erhu_playing_tech_00000099,0.9716599703063944
china_u004,ccmusic-database_erhu_playing_tech_00000116,0.7364174729374995
china_u004,ccmusic-database_erhu_playing_tech_00000028,0.7216750588132874
china_u004,ccmusic-database_erhu_playing_tech_00000070,1.9041911950636161
china_u004,ccmusic-database_erhu_playing_tech_00000066,1.15685605579813
china_u004,ccmusic-database_erhu_playing_tech_00000020,1.0749797341661147
china_u004,ccmusic-database_erhu_playing_tech_00000036,1.5945285630160668
china_u004,ccmusic-database_erhu_playing_tech_00000095,1.32948959787935
china_u004,ccmusic-database_erhu_playing_tech_00000010,1.9042099802576933
china_u004,ccmusic-database_erhu_playing_tech_00000015,1.6704522408640883
china_u004,ccmusic-database_erhu_playing_tech_00000107,1.2190543461868106
china_u004,ccmusic-database_erhu_playing_tech_00000089,1.0645392102212394
china_u004,ccmusic-database_erhu_playing_tech_00000104,1.979947317386483
china_u004,ccmusic-database_erhu_playing_tech_00000111,1.5766403540054652
china_u004,ccmusic-database_erhu_playing_tech_00000127,1.9267919900057617
china_u004,ccmusic-database_erhu_playing_tech_00000025,0.677717865825562
china_u004,ccmusic-database_erhu_playing_tech_00000115,1.7758005187861738
china_u004,ccmusic-database_erhu_playing_tech_00000130,1.4556108259868115
china_u004,ccmusic-database_erhu_playing_tech_00000152,0.6828825175026689
china_u004,ccmusic-database_erhu_playing_tech_00000083,1.382386999953831
china_u004,ccmusic-database_erhu_playing_tech_00000005,1.529144547658173
china_u004,ccmusic-database_erhu_playing_tech_00000147,0.5184540288329043
china_u004,ccmusic-database_erhu_playing_tech_00000074,1.18147694276262
china_u004,ccmusic-database_erhu_playing_tech_00000117,1.7380992667944817
china_u004,ccmusic-database_erhu_playing_tech_00000041,0.9430385380161348
china_u005,ccmusic-database_erhu_playing_tech_00000052,1.2567964852894797
china_u005,ccmusic-database_erhu_playing_tech_00000138,1.6177821924932667
china_u005,ccmusic-database_erhu_playing_tech_00000128,1.445017766864598
china_u005,ccmusic-database_erhu_playing_tech_00000141,1.7766966496429024
china_u005,ccmusic-database_erhu_playing_tech_00000056,0.7328194886616364
china_u005,ccmusic-database_erhu_playing_tech_00000093,1.6019316379027424
china_u005,ccmusic-database_erhu_playing_tech_00000039,0.7895622363033561
china_u005,ccmusic-database_erhu_playing_tech_00000004,0.9061381269767004
china_u005,ccmusic-database_erhu_playing_tech_00000157,1.564857045921956
china_u005,ccmusic-database_erhu_playing_tech_00000140,1.9703071773480227
china_u005,ccmusic-database_erhu_playing_tech_00000143,1.4173154089656044
china_u005,ccmusic-database_erhu_playing_tech_00000095,0.5817504724869433
china_u005,ccmusic-database_erhu_playing_tech_00000094,1.424463454891299
china_u005,ccmusic-database_erhu_playing_tech_00000003,0.5635258273702506
china_u005,ccmusic-database_erhu_playing_tech_00000134,1.8262185670502258
china_u005,ccmusic-database_erhu_playing_tech_00000014,1.564367427650931
china_u005,ccmusic-database_erhu_playing_tech_00000071,0.7596917696337548
china_u005,ccmusic-database_erhu_playing_tech_00000020,0.637581508736297
china_u005,ccmusic-database_erhu_playing_tech_00000148,0.7752998433204785
china_u005,ccmusic-database_erhu_playing_tech_00000120,1.9700407693312887
china_u005,ccmusic-database_erhu_playing_tech_00000038,1.1878409636877347
china_u005,ccmusic-database_erhu_playing_tech_00000001,1.676121422512112
china_u005,ccmusic-database_erhu_playing_tech_00000097,1.4546125131616652
china_u005,ccmusic-database_erhu_playing_tech_00000108,1.358619724937956
china_u005,ccmusic-database_erhu_playing_tech_00000144,0.7176953819975745
china_u005,ccmusic-database_erhu_playing_tech_00000006,1.9190366803371426
china_u005,ccmusic-database_erhu_playing_tech_00000132,0.9520139487720769
china_u005,ccmusic-database_erhu_playing_tech_00000022,1.3670258237113133
china_u005,ccmusic-database_erhu_playing_tech_00000055,1.549663916883599
china_u005,ccmusic-database_erhu_playing_tech_00000155,1.4738497328679634
china_u005,ccmusic-database_erhu_playing_tech_00000037,1.9108916145432777
china_u005,ccmusic-database_erhu_playing_tech_00000118,0.722658484880087
china_u005,ccmusic-database_erhu_playing_tech_00000013,1.262529107670413
china_u005,ccmusic-database_erhu_playing_tech_00000015,1.1060515861111488
china_u005,ccmusic-database_erhu_playing_tech_00000102,1.2112530942239272
china_u005,ccmusic-database_erhu_playing_tech_00000137,0.6788262892966169
china_u005,ccmusic-database_erhu_playing_tech_00000096,0.701141914809148
china_u005,ccmusic-database_erhu_playing_tech_00000065,0.9171133186718861
china_u005,ccmusic-database_erhu_playing_tech_00000136,0.957056905641247
china_u005,ccmusic-database_erhu_playing_tech_00000103,1.141854820522025
china_u006,ccmusic-database_erhu_playing_tech_00000049,1.6140388500876286
china_u006,ccmusic-database_erhu_playing_tech_00000069,0.5220242653401062
china_u006,ccmusic-database_erhu_playing_tech_00000052,1.7407601367810297
china_u006,ccmusic-database_erhu_playing_tech_00000121,1.7848220353618371
china_u006,ccmusic-database_erhu_playing_tech_00000099,1.0583923597873222
china_u006,ccmusic-database_erhu_playing_tech_00000097,0.7304193485909523
china_u006,ccmusic-database_erhu_playing_tech_00000134,1.4012606119176212
china_u006,ccmusic-database_erhu_playing_tech_00000077,0.6795088337973415
china_u006,ccmusic-database_erhu_playing_tech_00000080,1.0473790416173787
china_u006,ccmusic-database_erhu_playing_tech_00000040,1.9376437713514587
china_u006,ccmusic-database_erhu_playing_tech_00000028,1.9931967088754556
china_u006,ccmusic-database_erhu_playing_tech_00000145,1.6581573370318785
china_u006,ccmusic-database_erhu_playing_tech_00000094,0.9664422648811493
china_u006,ccmusic-database_erhu_playing_tech_00000013,1.5314975737491388
china_u006,ccmusic-database_erhu_playing_tech_00000074,1.558109548226019
china_u006,ccmusic-database_erhu_playing_tech_00000095,1.0817625427454747
china_u006,ccmusic-database_erhu_playing_tech_00000108,1.461332951879239
china_u006,ccmusic-database_erhu_playing_tech_00000157,0.5160914674635144
china_u006,ccmusic-database_erhu_playing_tech_00000004,0.8135864879033622
china_u006,ccmusic-database_erhu_playing_tech_00000124,1.2876324544508917
china_u006,ccmusic-database_erhu_playing_tech_00000088,0.7456269563874438
china_u006,ccmusic-database_erhu_playing_tech_00000051,0.7488603018148005
china_u006,ccmusic-database_erhu_playing_tech_00000066,1.754456435825357
china_u006,ccmusic-database_erhu_playing_tech_00000019,1.9836995040254082
china_u006,ccmusic-database_erhu_playing_tech_00000081,1.3339541420426726
china_u006,ccmusic-database_erhu_playing_tech_00000139,1.75860459632257
china_u006,ccmusic-database_erhu_playing_tech_00000053,1.9854824964894089
china_u006,ccmusic-database_erhu_playing_tech_00000082,0.712393832853162
china_u006,ccmusic-database_erhu_playing_tech_00000086,1.1723684198815265
china_u006,ccmusic-database_erhu_playing_tech_00000078,1.0888590737628798
china_u006,ccmusic-database_erhu_playing_tech_00000048,0.6200739254692775
china_u006,ccmusic-database_erhu_playing_tech_00000122,1.6329952591921166
china_u006,ccmusic-database_erhu_playing_tech_00000031,1.1506685409838895
china_u006,ccmusic-database_erhu_playing_tech_00000103,1.203990401285602
china_u006,ccmusic-database_erhu_playing_tech_00000057,0.7260094607198603
china_u006,ccmusic-database_erhu_playing_tech_00000038,0.7713899783463022
china_u006,ccmusic-database_erhu_playing_tech_00000042,1.8606554332343226
china_u006,ccmusic-database_erhu_playing_tech_00000020,0.5669736334614184
china_u006,ccmusic-database_erhu_playing_tech_00000050,0.8492784274155594
china_u006,ccmusic-database_erhu_playing_tech_00000032,0.9380889954717926
china_u007,ccmusic-database_erhu_playing_tech_00000034,1.554550198548339
china_u007,ccmusic-database_erhu_playing_tech_00000088,1.4506546596038945
china_u007,ccmusic-database_erhu_playing_tech_00000023,1.9727089213138032
china_u007,ccmusic-database_erhu_playing_tech_00000056,1.430536564487066
china_u007,ccmusic-database_erhu_playing_tech_00000108,1.2162588104415992
china_u007,ccmusic-database_erhu_playing_tech_00000107,1.6421488447760115
china_u007,ccmusic-database_erhu_playing_tech_00000087,1.8549918079460797
china_u007,ccmusic-database_erhu_playing_tech_00000130,1.5810439200775273
china_u007,ccmusic-database_erhu_playing_tech_00000104,1.9448168353240693
china_u007,ccmusic-database_erhu_playing_tech_00000068,1.6730077561072658
china_u007,ccmusic-database_erhu_playing_tech_00000112,1.8002021573928897
china_u007,ccmusic-database_erhu_playing_tech_00000081,0.6711561067754558
china_u007,ccmusic-database_erhu_playing_tech_00000001,1.5986202544906816
china_u007,ccmusic-database_erhu_playing_tech_00000093,1.1601330492910529
china_u007,ccmusic-database_erhu_playing_tech_00000139,1.3296557036169128
china_u007,ccmusic-database_erhu_playing_tech_00000152,1.481153614223535
china_u007,ccmusic-database_erhu_playing_tech_00000091,1.9547226750583542
china_u007,ccmusic-database_erhu_playing_tech_00000062,1.976867122147437
china_u007,ccmusic-database_erhu_playing_tech_00000155,0.9323423682318579
china_u007,ccmusic-database_erhu_playing_tech_00000123,1.6006302461568742
china_u007,ccmusic-database_erhu_playing_tech_00000010,1.624975306902903
china_u007,ccmusic-database_erhu_playing_tech_00000119,1.0197392919695731
china_u007,ccmusic-database_erhu_playing_tech_00000050,0.6858046622963315
china_u007,ccmusic-database_erhu_playing_tech_00000058,0.5614204404285796
china_u007,ccmusic-database_erhu_playing_tech_00000053,1.666014691293768
china_u007,ccmusic-database_erhu_playing_tech_00000031,1.2345496127253588
china_u007,ccmusic-database_erhu_playing_tech_00000037,1.9783102542423894
china_u007,ccmusic-database_erhu_playing_tech_00000060,1.1974601842904795
china_u007,ccmusic-database_erhu_playing_tech_00000086,1.9668754686107603
china_u007,ccmusic-database_erhu_playing_tech_00000151,1.1173640032910899
china_u007,ccmusic-database_erhu_playing_tech_00000079,1.690523225839959
china_u007,ccmusic-database_erhu_playing_tech_00000075,0.627228908467748
china_u007,ccmusic-database_erhu_playing_tech_00000111,1.3331925652066459
china_u007,ccmusic-database_erhu_playing_tech_00000080,1.7030896804785862
china_u007,ccmusic-database_erhu_playing_tech_00000114,1.887052500829833
china_u007,ccmusic-database_erhu_playing_tech_00000127,1.7338746359261474
china_u007,ccmusic-database_erhu_playing_tech_00000073,0.5554560908017614
china_u007,ccmusic-database_erhu_playing_tech_00000008,1.0590535119601012
china_u007,ccmusic-database_erhu_playing_tech_00000110,0.5730477084707769
china_u007,ccmusic-database_erhu_playing_tech_00000133,0.663923436671837
china_u008,ccmusic-database_erhu_playing_tech_00000122,1.8729481404283321
china_u008,ccmusic-database_erhu_playing_tech_00000112,1.2453748941955243
china_u008,ccmusic-database_erhu_playing_tech_00000136,0.7015503699695922
china_u008,ccmusic-database_erhu_playing_tech_00000004,1.0480676947987002
china_u008,ccmusic-database_erhu_playing_tech_00000055,0.6007500032716504
china_u008,ccmusic-database_erhu_playing_tech_00000120,0.8029685565331723
china_u008,ccmusic-database_erhu_playing_tech_00000065,0.5265031714998682
china_u008,ccmusic-database_erhu_playing_tech_00000113,1.179919874750245
china_u008,ccmusic-database_erhu_playing_tech_00000050,1.4518103974276957
china_u008,ccmusic-database_erhu_playing_tech_00000152,1.0149386935683617
china_u008,ccmusic-database_erhu_playing_tech_00000082,1.1305726572579156
china_u008,ccmusic-database_erhu_playing_tech_00000001,1.938813909266864
china_u008,ccmusic-database_erhu_playing_tech_00000077,1.6279446823623733
china_u008,ccmusic-database_erhu_playing_tech_00000032,1.3112849554174268
china_u008,ccmusic-database_erhu_playing_tech_00000124,0.9268113126677379
china_u008,ccmusic-database_erhu_playing_tech_00000051,1.845495198159493
china_u008,ccmusic-database_erhu_playing_tech_00000074,0.8526456753209892
china_u008,ccmusic-database_erhu_playing_tech_00000000,0.9880140957750156
china_u008,ccmusic-database_erhu_playing_tech_00000134,1.8635972216344228
china_u008,ccmusic-database_erhu_playing_tech_00000150,1.2943130829276086
china_u008,ccmusic-database_erhu_playing_tech_00000083,1.613476924126965
china_u008,ccmusic-database_erhu_playing_tech_00000096,1.3861171912456491
china_u008,ccmusic-database_erhu_playing_tech_00000110,1.4801588135142427
china_u008,ccmusic-database_erhu_playing_tech_00000060,0.9490749372722384
china_u008,ccmusic-database_erhu_playing_tech_00000093,0.8620580924399943
china_u008,ccmusic-database_erhu_playing_tech_00000085,0.9837385207529978
china_u008,ccmusic-database_erhu_playing_tech_00000097,0.7331623461251338
china_u008,ccmusic-database_erhu_playing_tech_00000038,1.8114715479362111
china_u008,ccmusic-database_erhu_playing_tech_00000037,0.9248703998751711
china_u008,ccmusic-database_erhu_playing_tech_00000013,1.342234091621577
china_u008,ccmusic-database_erhu_playing_tech_00000095,1.687961637712061
china_u008,ccmusic-database_erhu_playing_tech_00000088,1.6757361640635704
china_u008,ccmusic-database_erhu_playing_tech_00000006,1.1575793878762894
china_u008,ccmusic-database_erhu_playing_tech_00000031,1.2143859628800886
china_u008,ccmusic-database_erhu_playing_tech_00000062,1.9920526234025373
china_u008,ccmusic-database_erhu_playing_tech_00000098,1.511896215468536
china_u008,ccmusic-database_erhu_playing_tech_00000105,1.721957664676824
china_u008,ccmusic-database_erhu_playing_tech_00000039,1.8538309538288478
china_u008,ccmusic-database_erhu_playing_tech_00000103,1.6813847543440088
china_u008,ccmusic-database_erhu_playing_tech_00000151,0.7777690174303513
china_u009,ccmusic-database_erhu_playing_tech_00000014,0.8423793131951308
china_u009,ccmusic-database_erhu_playing_tech_00000159,0.9961036130823
china_u009,ccmusic-database_erhu_playing_tech_00000152,1.8955769263837257
china_u009,ccmusic-database_erhu_playing_tech_00000007,0.5728539347704371
china_u009,ccmusic-database_erhu_playing_tech_00000057,1.1911544078593495
china_u009,ccmusic-database_erhu_playing_tech_00000020,1.5673370623951668
china_u009,ccmusic-database_erhu_playing_tech_00000009,0.7256810173362112
china_u009,ccmusic-database_erhu_playing_tech_00000004,0.5710610300082228
china_u009,ccmusic-database_erhu_playing_tech_00000041,0.7073080574577961
china_u009,ccmusic-database_erhu_playing_tech_00000145,1.8782347902960244
china_u009,ccmusic-database_erhu_playing_tech_00000017,0.5138896727316851
china_u009,ccmusic-database_erhu_playing_tech_00000151,0.7824829622170277
china_u009,ccmusic-database_erhu_playing_tech_00000127,0.5469252693524669
china_u009,ccmusic-database_erhu_playing_tech_00000099,0.6659442013433049
china_u009,ccmusic-database_erhu_playing_tech_00000076,1.4302239299424444
china_u009,ccmusic-database_erhu_playing_tech_00000136,0.8624583631086287
china_u009,ccmusic-database_erhu_playing_tech_00000082,1.3538180756460152
china_u009,ccmusic-database_erhu_playing_tech_00000005,1.3852930741491893
china_u009,ccmusic-database_erhu_playing_tech_00000143,1.7741529996346685
china_u009,ccmusic-database_erhu_playing_tech_00000101,0.5071120893678109
china_u009,ccmusic-database_erhu_playing_tech_00000053,1.7800541890135502
china_u009,ccmusic-database_erhu_playing_tech_00000066,1.428678629640461
china_u009,ccmusic-database_erhu_playing_tech_00000069,0.7441152291574364
china_u009,ccmusic-database_erhu_playing_tech_00000118,1.659406082202926
china_u009,ccmusic-database_erhu_playing_tech_00000150,1.7832373126858787
china_u009,ccmusic-database_erhu_playing_tech_00000035,0.881395225631236
china_u009,ccmusic-database_erhu_playing_tech_00000131,1.8781905213540213
china_u009,ccmusic-database_erhu_playing_tech_00000039,1.1816861454479868
china_u009,ccmusic-database_erhu_playing_tech_00000123,1.4051366814999822
china_u009,ccmusic-database_erhu_playing_tech_00000047,1.9769743004264655
china_u009,ccmusic-database_erhu_playing_tech_00000012,1.042304117958799
china_u009,ccmusic-database_erhu_playing_tech_00000153,1.7197390187301693
china_u009,ccmusic-database_erhu_playing_tech_00000122,0.9775986767426894
china_u009,ccmusic-database_erhu_playing_tech_00000018,1.6988202833622366
china_u009,ccmusic-database_erhu_playing_tech_00000158,1.4011008782939638
china_u009,ccmusic-database_erhu_playing_tech_00000067,0.8245335428381022
china_u009,ccmusic-database_erhu_playing_tech_00000060,1.1210391406838545
china_u009,ccmusic-database_erhu_playing_tech_00000040,0.9764534515453425
china_u009,ccmusic-database_erhu_playing_tech_00000102,0.6171625896205458
china_u009,ccmusic-database_erhu_playing_tech_00000147,0.5447521551495462
china_u010,ccmusic-database_erhu_playing_tech_00000090,1.3504066929790803
china_u010,ccmusic-database_erhu_playing_tech_00000087,1.6376333557771312
china_u010,ccmusic-database_erhu_playing_tech_00000075,1.9751256139894064
china_u010,ccmusic-database_erhu_playing_tech_00000099,1.1289085818512077
china_u010,ccmusic-database_erhu_playing_tech_00000008,1.2718745778282963
china_u010,ccmusic-database_erhu_playing_tech_00000129,0.5187048169118198
china_u010,ccmusic-database_erhu_playing_tech_00000154,1.6940428344655676
china_u010,ccmusic-database_erhu_playing_tech_00000018,1.2803451005689908
china_u010,ccmusic-database_erhu_playing_tech_00000000,1.1119421455408478
china_u010,ccmusic-database_erhu_playing_tech_00000083,0.6411079446340937
china_u010,ccmusic-database_erhu_playing_tech_00000159,1.834484632513096
china_u010,ccmusic-database_erhu_playing_tech_00000116,1.0925108600608346
china_u010,ccmusic-database_erhu_playing_tech_00000133,1.5238723973138306
china_u010,ccmusic-database_erhu_playing_tech_00000097,0.7240612345522262
china_u010,ccmusic-database_erhu_playing_tech_00000017,1.9423244443115488
china_u010,ccmusic-database_erhu_playing_tech_00000047,0.7676626427327464
china_u010,ccmusic-database_erhu_playing_tech_00000039,0.7993129893492356
china_u010,ccmusic-database_erhu_playing_tech_00000061,1.7884742908365707
china_u010,ccmusic-database_erhu_playing_tech_00000089,1.8688741162128968
china_u010,ccmusic-database_erhu_playing_tech_00000025,0.8182211112849521
china_u010,ccmusic-database_erhu_playing_tech_00000081,1.2047013322622417
china_u010,ccmusic-database_erhu_playing_tech_00000148,1.6002423568442448
china_u010,ccmusic-database_erhu_playing_tech_00000121,1.8175486007162025
china_u010,ccmusic-database_erhu_playing_tech_00000040,1.0685790425559578
china_u010,ccmusic-database_erhu_playing_tech_00000092,1.2755292302741439
china_u010,ccmusic-database_erhu_playing_tech_00000157,1.6125746157796024
china_u010,ccmusic-database_erhu_playing_tech_00000136,1.5967039649791932
china_u010,ccmusic-database_erhu_playing_tech_00000132,1.6744401950391272
china_u010,ccmusic-database_erhu_playing_tech_00000042,1.3549007279622896
china_u010,ccmusic-database_erhu_playing_tech_00000141,0.6569226452071628
china_u010,ccmusic-database_erhu_playing_tech_00000109,1.85595993631706
china_u010,ccmusic-database_erhu_playing_tech_00000153,1.7983588089815423
china_u010,ccmusic-database_erhu_playing_tech_00000140,1.6971461537274997
china_u010,ccmusic-database_erhu_playing_tech_00000020,0.6497937157410942
china_u010,ccmusic-database_erhu_playing_tech_00000032,0.8065960506221438
china_u010,ccmusic-database_erhu_playing_tech_00000016,1.615400547661478
china_u010,ccmusic-database_erhu_playing_tech_00000152,0.5347101418729197
china_u010,ccmusic-database_erhu_playing_tech_00000002,1.9688369505609193
china_u010,ccmusic-database_erhu_playing_tech_00000085,1.0657170205335211
china_u010,ccmusic-database_erhu_playing_tech_00000095,1.5789688005362355
china_u011,ccmusic-database_erhu_playing_tech_00000046,1.9735500246567987
china_u011,ccmusic-database_erhu_playing_tech_00000048,1.929498699151972
china_u011,ccmusic-database_erhu_playing_tech_00000015,0.6077332107543265
china_u011,ccmusic-database_erhu_playing_tech_00000065,0.7066903038917078
china_u011,ccmusic-database_erhu_playing_tech_00000148,0.9566997897140493
china_u011,ccmusic-database_erhu_playing_tech_00000007,1.3293473810966923
china_u011,ccmusic-database_erhu_playing_tech_00000128,0.645466833058219
china_u011,ccmusic-database_erhu_playing_tech_00000112,1.7686954367032137
china_u011,ccmusic-database_erhu_playing_tech_00000074,1.4251342686159636
china_u011,ccmusic-database_erhu_playing_tech_00000109,1.3135466034533074
china_u011,ccmusic-database_erhu_playing_tech_00000075,0.7479669850509367
china_u011,ccmusic-database_erhu_playing_tech_00000019,0.879883211600296
china_u011,ccmusic-database_erhu_playing_tech_00000057,0.7404680374733871
china_u011,ccmusic-database_erhu_playing_tech_00000027,1.777899736692198
china_u011,ccmusic-database_erhu_playing_tech_00000147,1.3763417900918273
china_u011,ccmusic-database_erhu_playing_tech_00000044,1.60269414127945
china_u011,ccmusic-database_erhu_playing_tech_00000069,0.9440492943650386
china_u011,ccmusic-database_erhu_playing_tech_00000050,1.0568789556324156
china_u011,ccmusic-database_erhu_playing_tech_00000049,1.1072824466398008
china_u011,ccmusic-database_erhu_playing_tech_00000009,1.6400224576160523
china_u011,ccmusic-database_erhu_playing_tech_00000052,1.658529481511852
china_u011,ccmusic-database_erhu_playing_tech_00000155,0.8102202912710476
china_u011,ccmusic-database_erhu_playing_tech_00000087,1.9123082851071485
china_u011,ccmusic-database_erhu_playing_tech_00000024,0.6809830061655295
china_u011,ccmusic-database_erhu_playing_tech_00000077,1.8441831236354456
china_u011,ccmusic-database_erhu_playing_tech_00000031,0.6505934684747139
china_u011,ccmusic-database_erhu_playing_tech_00000038,0.8968097167269666
china_u011,ccmusic-database_erhu_playing_tech_00000001,1.7697178041019355
china_u011,ccmusic-database_erhu_playing_tech_00000113,0.7692381085191311
china_u011,ccmusic-database_erhu_playing_tech_00000135,1.1203518969649546
china_u011,ccmusic-database_erhu_playing_tech_00000081,1.1747889499161892
china_u011,ccmusic-database_erhu_playing_tech_00000078,0.8678884595348144
china_u011,ccmusic-database_erhu_playing_tech_00000051,1.5653678020039798
china_u011,ccmusic-database_erhu_playing_tech_00000040,1.7770019741033058
china_u011,ccmusic-database_erhu_playing_tech_00000136,1.8118627097833577
china_u011,ccmusic-database_erhu_playing_tech_00000076,1.0089832186048415
china_u011,ccmusic-database_erhu_playing_tech_00000054,1.2962755914317217
china_u011,ccmusic-database_erhu_playing_tech_00000003,0.8726096057984772
china_u011,ccmusic-database_erhu_playing_tech_00000053,0.8671947523252181
china_u011,ccmusic-database_erhu_playing_tech_00000103,0.7418810942778862
china_u012,ccmusic-database_erhu_playing_tech_00000141,1.8856749741397703
china_u012,ccmusic-database_erhu_playing_tech_00000114,1.1569844043805588
china_u012,ccmusic-database_erhu_playing_tech_00000041,1.458520473896247
china_u012,ccmusic-database_erhu_playing_tech_00000050,0.5034631588801131
china_u012,ccmusic-database_erhu_playing_tech_00000024,1.990052747616767
china_u012,ccmusic-database_erhu_playing_tech_00000120,0.9213445789462327
china_u012,ccmusic-database_erhu_playing_tech_00000000,0.5930946598102329
china_u012,ccmusic-database_erhu_playing_tech_00000156,1.1873930623047708
china_u012,ccmusic-database_erhu_playing_tech_00000152,0.6935450857730626
china_u012,ccmusic-database_erhu_playing_tech_00000158,0.7284900652363635
china_u012,ccmusic-database_erhu_playing_tech_00000139,1.4484242195453152
china_u012,ccmusic-database_erhu_playing_tech_00000069,1.0893910873553498
china_u012,ccmusic-database_erhu_playing_tech_00000146,1.8827786752324926
china_u012,ccmusic-database_erhu_playing_tech_00000066,0.9787347419121051
china_u012,ccmusic-database_erhu_playing_tech_00000055,1.5892701925758517
china_u012,ccmusic-database_erhu_playing_tech_00000059,1.1916491452323614
china_u012,ccmusic-database_erhu_playing_tech_00000135,1.4899269516939182
china_u012,ccmusic-database_erhu_playing_tech_00000111,1.3995430350739855
china_u012,ccmusic-database_erhu_playing_tech_00000155,1.2091759591384972
china_u012,ccmusic-database_erhu_playing_tech_00000144,1.9250916419366557
china_u012,ccmusic-database_erhu_playing_tech_00000063,1.0140704641324338
china_u012,ccmusic-database_erhu_playing_tech_00000036,0.7658532518739088
china_u012,ccmusic-database_erhu_playing_tech_00000018,1.5171410913197425
china_u012,ccmusic-database_erhu_playing_tech_00000083,1.7690113419618632
china_u012,ccmusic-database_erhu_playing_tech_00000025,0.5603806099098856
china_u012,ccmusic-database_erhu_playing_tech_00000110,1.174449032634021
china_u012,ccmusic-database_erhu_playing_tech_00000021,1.8387315345309894
china_u012,ccmusic-database_erhu_playing_tech_00000143,1.6244279283843013
china_u012,ccmusic-database_erhu_playing_tech_00000097,1.9877115747464424
china_u012,ccmusic-database_erhu_playing_tech_00000017,1.2971207173958657
china_u012,ccmusic-database_erhu_playing_tech_00000031,1.4899935782017268
china_u012,ccmusic-database_erhu_playing_tech_00000157,0.9537204217068922
china_u012,ccmusic-database_erhu_playing_tech_00000071,1.9213033994989885
china_u012,ccmusic-database_erhu_playing_tech_00000038,1.0495032328348044
china_u012,ccmusic-database_erhu_playing_tech_00000049,1.607766069029943
china_u012,ccmusic-database_erhu_playing_tech_00000009,1.1047103061786228
china_u012,ccmusic-database_erhu_playing_tech_00000012,1.342728395094499
china_u012,ccmusic-database_erhu_playing_tech_00000154,1.5796738025323194
china_u012,ccmusic-database_erhu_playing_tech_00000052,1.2634012276270314
china_u012,ccmusic-database_erhu_playing_tech_00000004,1.8606294903642628
china_u013,ccmusic-database_erhu_playing_tech_00000127,1.903906249153589
china_u013,ccmusic-database_erhu_playing_tech_00000060,1.7809765642208437
china_u013,ccmusic-database_erhu_playing_tech_00000138,0.9833235107344074
china_u013,ccmusic-database_erhu_playing_tech_00000051,1.3168226030620094
china_u013,ccmusic-database_erhu_playing_tech_00000029,1.234736384138694
china_u013,ccmusic-database_erhu_playing_tech_00000020,1.4483037501722935
china_u013,ccmusic-database_erhu_playing_tech_00000034,1.0011669004381334
china_u013,ccmusic-database_erhu_playing_tech_00000023,0.8663075011488324
china_u013,ccmusic-database_erhu_playing_tech_00000080,1.869007752883304
china_u013,ccmusic-database_erhu_playing_tech_00000025,1.8858117492477595
china_u013,ccmusic-database_erhu_playing_tech_00000153,1.7649843286429685
china_u013,ccmusic-database_erhu_playing_tech_00000052,1.967306646146842
china_u013,ccmusic-database_erhu_playing_tech_00000110,1.6174872886695328
china_u013,ccmusic-database_erhu_playing_tech_00000002,1.6470008428429994
china_u013,ccmusic-database_erhu_playing_tech_00000089,1.6438851379439612
china_u013,ccmusic-database_erhu_playing_tech_00000115,1.2209114464134598
china_u013,ccmusic-database_erhu_playing_tech_00000024,1.1846782917714074
china_u013,ccmusic-database_erhu_playing_tech_00000141,0.8603394142235048
china_u013,ccmusic-database_erhu_playing_tech_00000040,1.4672287915389357
china_u013,ccmusic-database_erhu_playing_tech_00000016,0.9339802041535018
china_u013,ccmusic-database_erhu_playing_tech_00000114,0.8867126145535316
china_u013,ccmusic-database_erhu_playing_tech_00000122,1.3789420611440821
china_u013,ccmusic-database_erhu_playing_tech_00000018,1.1149735823375648
china_u013,ccmusic-database_erhu_playing_tech_00000117,0.8282849131919483
china_u013,ccmusic-database_erhu_playing_tech_00000012,1.7240840251292466
china_u013,ccmusic-database_erhu_playing_tech_00000103,1.790854878941564
china_u013,ccmusic-database_erhu_playing_tech_00000093,0.7515492795166714
china_u013,ccmusic-database_erhu_playing_tech_00000102,0.5112605491999997
china_u013,ccmusic-database_erhu_playing_tech_00000044,1.0041949527940606
china_u013,ccmusic-database_erhu_playing_tech_00000091,1.6962662535211288
china_u013,ccmusic-database_erhu_playing_tech_00000140,1.7587607993514867
china_u013,ccmusic-database_erhu_playing_tech_00000043,0.7074936051740739
china_u013,ccmusic-database_erhu_playing_tech_00000026,1.6615038517745768
china_u013,ccmusic-database_erhu_playing_tech_00000129,0.6735562509641442
china_u013,ccmusic-database_erhu_playing_tech_00000037,1.0850938852347938
china_u013,ccmusic-database_erhu_playing_tech_00000047,1.9979142725178738
china_u013,ccmusic-database_erhu_playing_tech_00000137,0.7888862348463648
china_u013,ccmusic-database_erhu_playing_tech_00000158,0.7309453738664397
china_u013,ccmusic-database_erhu_playing_tech_00000057,1.1342004988201904
china_u013,ccmusic-database_erhu_playing_tech_00000050,1.4295027889547922
china_u014,ccmusic-database_erhu_playing_tech_00000159,0.7302882830819208
china_u014,ccmusic-database_erhu_playing_tech_00000099,1.3007600199109406
china_u014,ccmusic-database_erhu_playing_tech_00000120,0.6012777202811226
china_u014,ccmusic-database_erhu_playing_tech_00000035,0.5792106521001655
china_u014,ccmusic-database_erhu_playing_tech_00000106,0.5007781162485583
china_u014,ccmusic-database_erhu_playing_tech_00000081,1.1544749895413946
china_u014,ccmusic-database_erhu_playing_tech_00000080,1.6619358219383447
china_u014,ccmusic-database_erhu_playing_tech_00000063,0.5522575254198735
china_u014,ccmusic-database_erhu_playing_tech_00000025,1.478386409698783
china_u014,ccmusic-database_erhu_playing_tech_00000016,1.7346909761242797
china_u014,ccmusic-database_erhu_playing_tech_00000003,0.7520012728668066
china_u014,ccmusic-database_erhu_playing_tech_00000073,0.7202956022321063
china_u014,ccmusic-database_erhu_playing_tech_00000102,1.7912014604308042
china_u014,ccmusic-database_erhu_playing_tech_00000121,1.734686914925142
china_u014,ccmusic-database_erhu_playing_tech_00000157,1.3084126493962804
china_u014,ccmusic-database_erhu_playing_tech_00000149,1.7287998189409706
china_u014,ccmusic-database_erhu_playing_tech_00000060,0.6391341161367421
china_u014,ccmusic-database_erhu_playing_tech_00000062,1.0917222769081316
china_u014,ccmusic-database_erhu_playing_tech_00000000,1.6066963341595593
china_u014,ccmusic-database_erhu_playing_tech_00000022,0.886177938985945
china_u014,ccmusic-database_erhu_playing_tech_00000015,1.6284933716503291
china_u014,ccmusic-database_erhu_playing_tech_00000030,1.2562679065862208
china_u014,ccmusic-database_erhu_playing_tech_00000146,1.6253989819223496
china_u014,ccmusic-database_erhu_playing_tech_00000017,1.1970194567859944
china_u014,ccmusic-database_erhu_playing_tech_00000075,1.0518565103327264
china_u014,ccmusic-database_erhu_playing_tech_00000116,0.8287838247179484
china_u014,ccmusic-database_erhu_playing_tech_00000098,0.8125690121525225
china_u014,ccmusic-database_erhu_playing_tech_00000152,1.6272362158570939
china_u014,ccmusic-database_erhu_playing_tech_00000113,0.6783655220509408
china_u014,ccmusic-database_erhu_playing_tech_00000119,0.6289735251664177
china_u014,ccmusic-database_erhu_playing_tech_00000118,0.7644370475331952
china_u014,ccmusic-database_erhu_playing_tech_00000008,0.7630197671808828
china_u014,ccmusic-database_erhu_playing_tech_00000090,1.7346614342103497
china_u014,ccmusic-database_erhu_playing_tech_00000032,1.0977599352113185
china_u014,ccmusic-database_erhu_playing_tech_00000155,1.9855826860407237
china_u014,ccmusic-database_erhu_playing_tech_00000131,0.7058168866859186
china_u014,ccmusic-database_erhu_playing_tech_00000004,1.4803097385404649
china_u014,ccmusic-database_erhu_playing_tech_00000079,1.173094260801876
china_u014,ccmusic-database_erhu_playing_tech_00000043,1.089377265045611
china_u014,ccmusic-database_erhu_playing_tech_00000074,1.8126262985811235
china_u015,ccmusic-database_erhu_playing_tech_00000131,0.7932297643730062
china_u015,ccmusic-database_erhu_playing_tech_00000000,1.5192905138134367
china_u015,ccmusic-database_erhu_playing_tech_00000094,0.8211384340050802
china_u015,ccmusic-database_erhu_playing_tech_00000053,0.6487354558982215
china_u015,ccmusic-database_erhu_playing_tech_00000055,0.8104777394612597
china_u015,ccmusic-database_erhu_playing_tech_00000007,1.1341010514080934
china_u015,ccmusic-database_erhu_playing_tech_00000118,0.7642074487596198
china_u015,ccmusic-database_erhu_playing_tech_00000028,0.702038037385021
china_u015,ccmusic-database_erhu_playing_tech_00000078,1.7904228293284112
china_u015,ccmusic-database_erhu_playing_tech_00000052,0.9805958053959618
china_u015,ccmusic-database_erhu_playing_tech_00000003,1.0411380297773805
china_u015,ccmusic-database_erhu_playing_tech_00000039,0.5829056142518414
china_u015,ccmusic-database_erhu_playing_tech_00000145,1.0360544352530812
china_u015,ccmusic-database_erhu_playing_tech_00000156,0.8972107659823695
china_u015,ccmusic-database_erhu_playing_tech_00000140,1.4157276010126827
china_u015,ccmusic-database_erhu_playing_tech_00000119,0.80808544650861
china_u015,ccmusic-database_erhu_playing_tech_00000073,1.8325481795942609
china_u015,ccmusic-database_erhu_playing_tech_00000124,1.8944999313793327
china_u015,ccmusic-database_erhu_playing_tech_00000016,0.6497465857651853
china_u015,ccmusic-database_erhu_playing_tech_00000044,0.6611044344328658
china_u015,ccmusic-database_erhu_playing_tech_00000038,0.672989657166482
china_u015,ccmusic-database_erhu_playing_tech_00000064,1.429353884465468
china_u015,ccmusic-database_erhu_playing_tech_00000066,0.6829534463144343
china_u015,ccmusic-database_erhu_playing_tech_00000011,1.7785734768953994
china_u015,ccmusic-database_erhu_playing_tech_00000040,1.6314072724068387
china_u015,ccmusic-database_erhu_playing_tech_00000116,1.7297132873570362
china_u015,ccmusic-database_erhu_playing_tech_00000159,1.2890907903290314
china_u015,ccmusic-database_erhu_playing_tech_00000089,1.9950158172787302
china_u015,ccmusic-database_erhu_playing_tech_00000076,0.5662626544162419
china_u015,ccmusic-database_erhu_playing_tech_00000077,1.10189744627917
china_u015,ccmusic-database_erhu_playing_tech_00000033,0.9859050034064543
china_u015,ccmusic-database_erhu_playing_tech_00000085,1.9229682480689616
china_u015,ccmusic-database_erhu_playing_tech_00000057,1.3652914377463894
china_u015,ccmusic-database_erhu_playing_tech_00000102,1.709286448167088
china_u015,ccmusic-database_erhu_playing_tech_00000109,0.7555117904877783
china_u015,ccmusic-database_erhu_playing_tech_00000061,1.9679512158506585
china_u015,ccmusic-database_erhu_playing_tech_00000137,1.2479593203144728
china_u015,ccmusic-database_erhu_playing_tech_00000099,1.2405081144059686
china_u015,ccmusic-database_erhu_playing_tech_00000024,1.9563270928186067
china_u015,ccmusic-database_erhu_playing_tech_00000101,1.0710985418257175
china_u016,ccmusic-database_erhu_playing_tech_00000091,1.368466287125364
china_u016,ccmusic-database_erhu_playing_tech_00000117,0.5069281982649914
china_u016,ccmusic-database_erhu_playing_tech_00000046,0.5578129989851536
china_u016,ccmusic-database_erhu_playing_tech_00000016,1.520628208504883
china_u016,ccmusic-database_erhu_playing_tech_00000079,1.3440020207478995
china_u016,ccmusic-database_erhu_playing_tech_00000072,0.5397986558091115
china_u016,ccmusic-database_erhu_playing_tech_00000097,1.615189941833578
china_u016,ccmusic-database_erhu_playing_tech_00000041,1.7782180056037726
china_u016,ccmusic-database_erhu_playing_tech_00000128,1.2446262236589625
china_u016,ccmusic-database_erhu_playing_tech_00000048,1.1986361605358824
china_u016,ccmusic-database_erhu_playing_tech_00000083,0.5082096632519413
china_u016,ccmusic-database_erhu_playing_tech_00000150,1.6799745687403989
china_u016,ccmusic-database_erhu_playing_tech_00000092,0.9960741001191582
china_u016,ccmusic-database_erhu_playing_tech_00000116,1.8181454296738093
china_u016,ccmusic-database_erhu_playing_tech_00000152,1.0595908813370796
china_u016,ccmusic-database_erhu_playing_tech_00000027,1.3476168659460583
china_u016,ccmusic-database_erhu_playing_tech_00000114,0.9055126822989913
china_u016,ccmusic-database_erhu_playing_tech_00000054,0.7408824688773781
china_u016,ccmusic-database_erhu_playing_tech_00000138,1.662361855071992
china_u016,ccmusic-database_erhu_playing_tech_00000080,1.2448857182694224
china_u016,ccmusic-database_erhu_playing_tech_00000060,1.304731885628376
china_u016,ccmusic-database_erhu_playing_tech_00000050,1.9481239302226032
china_u016,ccmusic-database_erhu_playing_tech_00000108,1.9453698683332306
china_u016,ccmusic-database_erhu_playing_tech_00000061,1.7834631825536054
china_u016,ccmusic-database_erhu_playing_tech_00000149,0.7814139391475503
china_u016,ccmusic-database_erhu_playing_tech_00000135,1.3914090414523699
china_u016,ccmusic-database_erhu_playing_tech_00000057,1.817221136983306
china_u016,ccmusic-database_erhu_playing_tech_00000157,1.0616959046734067
china_u016,ccmusic-database_erhu_playing_tech_00000058,0.6516592489033775
china_u016,ccmusic-database_erhu_playing_tech_00000025,1.7164443533598828
china_u016,ccmusic-database_erhu_playing_tech_00000069,1.2226453270432573
china_u016,ccmusic-database_erhu_playing_tech_00000049,1.3465890205387678
china_u016,ccmusic-database_erhu_playing_tech_00000088,1.9732164444767666
china_u016,ccmusic-database_erhu_playing_tech_00000122,1.4108171457411083
china_u016,ccmusic-database_erhu_playing_tech_00000106,1.1374690784991521
china_u016,ccmusic-database_erhu_playing_tech_00000154,1.0549765517707967
china_u016,ccmusic-database_erhu_playing_tech_00000013,1.1264289389810684
china_u016,ccmusic-database_erhu_playing_tech_00000105,0.6775986247680031
china_u016,ccmusic-database_erhu_playing_tech_00000141,1.6921258376263577
china_u016,ccmusic-database_erhu_playing_tech_00000004,1.7565752872805618
china_u017,ccmusic-database_erhu_playing_tech_00000086,1.7562136156816655
china_u017,ccmusic-database_erhu_playing_tech_00000061,0.6762565733789023
china_u017,ccmusic-database_erhu_playing_tech_00000084,0.5897365059759487
china_u017,ccmusic-database_erhu_playing_tech_00000066,1.7520614964904038
china_u017,ccmusic-database_erhu_playing_tech_00000008,0.7336365064618691
china_u017,ccmusic-database_erhu_playing_tech_00000092,1.3023472294638059
china_u017,ccmusic-database_erhu_playing_tech_00000032,1.8736172868180643
china_u017,ccmusic-database_erhu_playing_tech_00000067,1.351172170323985
china_u017,ccmusic-database_erhu_playing_tech_00000037,1.0958499522092362
china_u017,ccmusic-database_erhu_playing_tech_00000029,1.1675240822809883
china_u017,ccmusic-database_erhu_playing_tech_00000151,0.5946757560558065
china_u017,ccmusic-database_erhu_playing_tech_00000076,1.9531284820423982
china_u017,ccmusic-database_erhu_playing_tech_00000142,0.9659812776216241
china_u017,ccmusic-database_erhu_playing_tech_00000058,0.7840452375092808
china_u017,ccmusic-database_erhu_playing_tech_00000053,0.9290709527605929
china_u017,ccmusic-database_erhu_playing_tech_00000081,1.9465597923372182
china_u017,ccmusic-database_erhu_playing_tech_00000126,0.6414290802320105
china_u017,ccmusic-database_erhu_playing_tech_00000112,1.800954560751772
china_u017,ccmusic-database_erhu_playing_tech_00000088,1.5617658416021718
china_u017,ccmusic-database_erhu_playing_tech_00000111,1.7450287687385422
china_u017,ccmusic-database_erhu_playing_tech_00000158,1.9638463105518444
china_u017,ccmusic-database_erhu_playing_tech_00000122,1.7632319832753078
china_u017,ccmusic-database_erhu_playing_tech_00000087,1.9150735269167793
china_u017,ccmusic-database_erhu_playing_tech_00000068,0.6904028851863797
china_u017,ccmusic-database_erhu_playing_tech_00000021,1.693682847750455
china_u017,ccmusic-database_erhu_playing_tech_00000022,1.3185135411215716
china_u017,ccmusic-database_erhu_playing_tech_00000019,1.315243392619791
china_u017,ccmusic-database_erhu_playing_tech_00000005,1.8483823644807704
china_u017,ccmusic-database_erhu_playing_tech_00000077,1.957705727970067
china_u017,ccmusic-database_erhu_playing_tech_00000015,1.5572574845647713
china_u017,ccmusic-database_erhu_playing_tech_00000138,1.2244075842076758
china_u017,ccmusic-database_erhu_playing_tech_00000034,1.184605786852768
china_u017,ccmusic-database_erhu_playing_tech_00000054,1.0795121858347727
china_u017,ccmusic-database_erhu_playing_tech_00000153,1.042398544358994
china_u017,ccmusic-database_erhu_playing_tech_00000093,1.0872602625266472
china_u017,ccmusic-database_erhu_playing_tech_00000139,0.6346298528767929
china_u017,ccmusic-database_erhu_playing_tech_00000003,0.6161541278906573
china_u017,ccmusic-database_erhu_playing_tech_00000078,1.6698047658084676
china_u017,ccmusic-database_erhu_playing_tech_00000127,1.1691093393803391
china_u017,ccmusic-database_erhu_playing_tech_00000157,1.8960267328169307
china_u018,ccmusic-database_erhu_playing_tech_00000021,0.781855368554715
china_u018,ccmusic-database_erhu_playing_tech_00000005,0.6609685442487807
china_u018,ccmusic-database_erhu_playing_tech_00000101,1.2464715535480682
china_u018,ccmusic-database_erhu_playing_tech_00000019,1.2793243971645412
china_u018,ccmusic-database_erhu_playing_tech_00000051,1.2622893721673671
china_u018,ccmusic-database_erhu_playing_tech_00000085,1.1550012340082592
china_u018,ccmusic-database_erhu_playing_tech_00000127,1.9922223392444125
china_u018,ccmusic-database_erhu_playing_tech_00000148,1.229420919005873
china_u018,ccmusic-database_erhu_playing_tech_00000031,1.2169198711097464
china_u018,ccmusic-database_erhu_playing_tech_00000074,1.1326490940718419
china_u018,ccmusic-database_erhu_playing_tech_00000134,0.6002386320521944
china_u018,ccmusic-database_erhu_playing_tech_00000069,1.389434946724424
china_u018,ccmusic-database_erhu_playing_tech_00000097,0.8419516583347737
china_u018,ccmusic-database_erhu_playing_tech_00000033,1.4564134703435747
china_u018,ccmusic-database_erhu_playing_tech_00000128,0.5762501929227157
china_u018,ccmusic-database_erhu_playing_tech_00000126,1.9720806518795024
china_u018,ccmusic-database_erhu_playing_tech_00000125,1.2035076185190083
china_u018,ccmusic-database_erhu_playing_tech_00000006,1.8451330573860476
china_u018,ccmusic-database_erhu_playing_tech_00000107,1.2133417598494023
china_u018,ccmusic-database_erhu_playing_tech_00000055,0.5904962278613326
china_u018,ccmusic-database_erhu_playing_tech_00000009,1.7333203191407103
china_u018,ccmusic-database_erhu_playing_tech_00000026,1.4722755945007016
china_u018,ccmusic-database_erhu_playing_tech_00000036,1.6726355713609178
china_u018,ccmusic-database_erhu_playing_tech_00000079,1.14225479526331
china_u018,ccmusic-database_erhu_playing_tech_00000022,1.4569051163699673
china_u018,ccmusic-database_erhu_playing_tech_00000119,1.7843435056949113
china_u018,ccmusic-database_erhu_playing_tech_00000147,1.4465981643078312
china_u018,ccmusic-database_erhu_playing_tech_00000152,1.021510452253855
china_u018,ccmusic-database_erhu_playing_tech_00000109,1.4937943915492997
china_u018,ccmusic-database_erhu_playing_tech_00000089,1.507781282921101
china_u018,ccmusic-database_erhu_playing_tech_00000010,1.9408804437599376
china_u018,ccmusic-database_erhu_playing_tech_00000004,1.0563684823125037
china_u018,ccmusic-database_erhu_playing_tech_00000028,1.1376226512711969
china_u018,ccmusic-database_erhu_playing_tech_00000039,1.7181844417805887
china_u018,ccmusic-database_erhu_playing_tech_00000082,1.258643472114112
china_u018,ccmusic-database_erhu_playing_tech_00000050,1.6048596396735997
china_u018,ccmusic-database_erhu_playing_tech_00000138,1.189564196680388
china_u018,ccmusic-database_erhu_playing_tech_00000080,0.8232427127190507
china_u018,ccmusic-database_erhu_playing_tech_00000135,1.6178057641715162
china_u018,ccmusic-database_erhu_playing_tech_00000102,0.6967327537770649
china_u019,ccmusic-database_erhu_playing_tech_00000041,0.6963354962757426
china_u019,ccmusic-database_erhu_playing_tech_00000026,1.158232552702923
china_u019,ccmusic-database_erhu_playing_tech_00000074,0.954446943255953
china_u019,ccmusic-database_erhu_playing_tech_00000028,1.053909262011453
china_u019,ccmusic-database_erhu_playing_tech_00000113,0.853995893930829
china_u019,ccmusic-database_erhu_playing_tech_00000039,1.6447332347298507
china_u019,ccmusic-database_erhu_playing_tech_00000115,1.895005021032076
china_u019,ccmusic-database_erhu_playing_tech_00000047,1.2468977791833313
china_u019,ccmusic-database_erhu_playing_tech_00000105,1.4644976350112489
china_u019,ccmusic-database_erhu_playing_tech_00000035,1.800758414910059
china_u019,ccmusic-database_erhu_playing_tech_00000159,1.998244456000488
china_u019,ccmusic-database_erhu_playing_tech_00000023,1.4202747270947482
china_u019,ccmusic-database_erhu_playing_tech_00000046,1.834669199809803
china_u019,ccmusic-database_erhu_playing_tech_00000154,1.862912369833463
china_u019,ccmusic-database_erhu_playing_tech_00000128,1.6871772317114335
china_u019,ccmusic-database_erhu_playing_tech_00000121,1.1913970866096653
china_u019,ccmusic-database_erhu_playing_tech_00000027,0.621731000635849
china_u019,ccmusic-database_erhu_playing_tech_00000075,0.5237083331602008
china_u019,ccmusic-database_erhu_playing_tech_00000014,1.215800949924387
china_u019,ccmusic-database_erhu_playing_tech_00000021,1.2414718003019267
china_u019,ccmusic-database_erhu_playing_tech_00000025,1.1110435817944584
china_u019,ccmusic-database_erhu_playing_tech_00000095,1.3522510269370467
china_u019,ccmusic-database_erhu_playing_tech_00000054,1.3282440549566406
china_u019,ccmusic-database_erhu_playing_tech_00000106,1.7549195615490394
china_u019,ccmusic-database_erhu_playing_tech_00000114,0.6629856548933937
china_u019,ccmusic-database_erhu_playing_tech_00000155,0.8377664991583182
china_u019,ccmusic-database_erhu_playing_tech_00000109,1.6895074684394455
china_u019,ccmusic-database_erhu_playing_tech_00000141,1.7717553008354818
china_u019,ccmusic-database_erhu_playing_tech_00000094,1.9922363204313016
china_u019,ccmusic-database_erhu_playing_tech_00000043,1.8093680245806263
china_u019,ccmusic-database_erhu_playing_tech_00000013,1.8348485106084966
china_u019,ccmusic-database_erhu_playing_tech_00000024,0.9715219139448572
china_u019,ccmusic-database_erhu_playing_tech_00000061,1.1024924510140646
china_u019,ccmusic-database_erhu_playing_tech_00000143,0.9021276572308266
china_u019,ccmusic-database_erhu_playing_tech_00000125,1.4094490972890734
china_u019,ccmusic-database_erhu_playing_tech_00000055,1.9082080313105576
china_u019,ccmusic-database_erhu_playing_tech_00000111,1.0169613297674265
china_u019,ccmusic-database_erhu_playing_tech_00000078,1.3355026728221753
china_u019,ccmusic-database_erhu_playing_tech_00000129,0.9444494456802276
china_u019,ccmusic-database_erhu_playing_tech_00000132,0.7546999606590612
china_u020,ccmusic-database_erhu_playing_tech_00000112,1.2191256122088368
china_u020,ccmusic-database_erhu_playing_tech_00000119,1.792721626724021
china_u020,ccmusic-database_erhu_playing_tech_00000158,1.4633786278519902
china_u020,ccmusic-database_erhu_playing_tech_00000025,1.5356029317732522
china_u020,ccmusic-database_erhu_playing_tech_00000129,1.9744807573038605
china_u020,ccmusic-database_erhu_playing_tech_00000051,1.1177651604514607
china_u020,ccmusic-database_erhu_playing_tech_00000091,1.1050316048736923
china_u020,ccmusic-database_erhu_playing_tech_00000135,1.8850204515887183
china_u020,ccmusic-database_erhu_playing_tech_00000156,0.8688133805075879
china_u020,ccmusic-database_erhu_playing_tech_00000087,1.5947228694543
china_u020,ccmusic-database_erhu_playing_tech_00000155,1.631859707327202
china_u020,ccmusic-database_erhu_playing_tech_00000043,0.6466819961681647
china_u020,ccmusic-database_erhu_playing_tech_00000023,1.202347108540376
china_u020,ccmusic-database_erhu_playing_tech_00000000,0.8008437069823311
china_u020,ccmusic-database_erhu_playing_tech_00000052,0.7780629092037286
china_u020,ccmusic-database_erhu_playing_tech_00000089,1.1957421656943144
china_u020,ccmusic-database_erhu_playing_tech_00000041,0.9341445612620974
china_u020,ccmusic-database_erhu_playing_tech_00000030,1.6940906714388064
china_u020,ccmusic-database_erhu_playing_tech_00000007,1.8614073370857236
china_u020,ccmusic-database_erhu_playing_tech_00000078,1.7040809079325485
china_u020,ccmusic-database_erhu_playing_tech_00000146,0.8990463089324978
china_u020,ccmusic-database_erhu_playing_tech_00000148,0.9112015905329125
china_u020,ccmusic-database_erhu_playing_tech_00000110,0.8820925251762011
china_u020,ccmusic-database_erhu_playing_tech_00000128,0.7025571440843541
china_u020,ccmusic-database_erhu_playing_tech_00000067,1.9156975521555668
china_u020,ccmusic-database_erhu_playing_tech_00000099,1.103071697235604
china_u020,ccmusic-database_erhu_playing_tech_00000027,0.8370342118188105
china_u020,ccmusic-database_erhu_playing_tech_00000136,1.7700065757623653
china_u020,ccmusic-database_erhu_playing_tech_00000097,1.0987929539866856
china_u020,ccmusic-database_erhu_playing_tech_00000145,0.5526752166644999
china_u020,ccmusic-database_erhu_playing_tech_00000098,0.7429123553744468
china_u020,ccmusic-database_erhu_playing_tech_00000020,1.458875510534255
china_u020,ccmusic-database_erhu_playing_tech_00000132,1.674357911257586
china_u020,ccmusic-database_erhu_playing_tech_00000037,0.8164015827330694
china_u020,ccmusic-database_erhu_playing_tech_00000069,1.8760933838992133
china_u020,ccmusic-database_erhu_playing_tech_00000141,1.7764956800782468
china_u020,ccmusic-database_erhu_playing_tech_00000062,1.7725711310916215
china_u020,ccmusic-database_erhu_playing_tech_00000035,0.8414917201988212
china_u020,ccmusic-database_erhu_playing_tech_00000108,0.5758039829750865
china_u020,ccmusic-database_erhu_playing_tech_00000120,1.8011353092238755
china_u021,ccmusic-database_erhu_playing_tech_00000149,0.9260769657897732
china_u021,ccmusic-database_erhu_playing_tech_00000015,1.681689275958309
china_u021,ccmusic-database_erhu_playing_tech_00000012,1.0741747441703835
china_u021,ccmusic-database_erhu_playing_tech_00000096,1.9699678098352373
china_u021,ccmusic-database_erhu_playing_tech_00000007,1.8252947546355613
china_u021,ccmusic-database_erhu_playing_tech_00000118,0.951980536493923
china_u021,ccmusic-database_erhu_playing_tech_00000066,1.6552896703067828
china_u021,ccmusic-database_erhu_playing_tech_00000106,1.005284815749903
china_u021,ccmusic-database_erhu_playing_tech_00000157,1.4095442603233026
china_u021,ccmusic-database_erhu_playing_tech_00000124,1.4877211525899379
china_u021,ccmusic-database_erhu_playing_tech_00000020,1.7443931136285573
china_u021,ccmusic-database_erhu_playing_tech_00000042,0.5366762613230223
china_u021,ccmusic-database_erhu_playing_tech_00000014,0.8302368367284495
china_u021,ccmusic-database_erhu_playing_tech_00000079,1.5678767158828681
china_u021,ccmusic-database_erhu_playing_tech_00000067,1.345284855454306
china_u021,ccmusic-database_erhu_playing_tech_00000121,1.2434076173017146
china_u021,ccmusic-database_erhu_playing_tech_00000037,0.5828149350619707
china_u021,ccmusic-database_erhu_playing_tech_00000060,1.0224138251921844
china_u021,ccmusic-database_erhu_playing_tech_00000137,1.7976503478659724
china_u021,ccmusic-database_erhu_playing_tech_00000154,0.5463392555540483
china_u021,ccmusic-database_erhu_playing_tech_00000049,1.0946543530472181
china_u021,ccmusic-database_erhu_playing_tech_00000110,1.917722431506159
china_u021,ccmusic-database_erhu_playing_tech_00000102,0.5763211018175219
china_u021,ccmusic-database_erhu_playing_tech_00000026,1.6245586265669552
china_u021,ccmusic-database_erhu_playing_tech_00000017,0.8864189242730547
china_u021,ccmusic-database_erhu_playing_tech_00000077,1.7999132482305087
china_u021,ccmusic-database_erhu_playing_tech_00000139,1.6191019684390475
china_u021,ccmusic-database_erhu_playing_tech_00000098,1.8285577562875444
china_u021,ccmusic-database_erhu_playing_tech_00000127,0.823887185646899
china_u021,ccmusic-database_erhu_playing_tech_00000074,1.2969391322279074
china_u021,ccmusic-database_erhu_playing_tech_00000047,1.668904915362201
china_u021,ccmusic-database_erhu_playing_tech_00000006,0.8685496144924715
china_u021,ccmusic-database_erhu_playing_tech_00000023,0.8461194579008254
china_u021,ccmusic-database_erhu_playing_tech_00000016,0.5407732002463775
china_u021,ccmusic-database_erhu_playing_tech_00000091,1.9377729409631785
china_u021,ccmusic-database_erhu_playing_tech_00000092,1.565025320081935
china_u021,ccmusic-database_erhu_playing_tech_00000104,1.4533405310152774
china_u021,ccmusic-database_erhu_playing_tech_00000063,1.6159920840424864
china_u021,ccmusic-database_erhu_playing_tech_00000036,1.297419378043159
china_u021,ccmusic-database_erhu_playing_tech_00000132,1.2142007316356156
china_u022,ccmusic-database_erhu_playing_tech_00000014,0.6166170003875632
china_u022,ccmusic-database_erhu_playing_tech_00000047,1.6475366077670643
china_u022,ccmusic-database_erhu_playing_tech_00000148,0.961498199568545
china_u022,ccmusic-database_erhu_playing_tech_00000028,0.8249335462760641
china_u022,ccmusic-database_erhu_playing_tech_00000018,1.5333521786794582
china_u022,ccmusic-database_erhu_playing_tech_00000038,1.8646949340998507
china_u022,ccmusic-database_erhu_playing_tech_00000042,0.9425288130685932
china_u022,ccmusic-database_erhu_playing_tech_00000156,1.3532507080764786
china_u022,ccmusic-database_erhu_playing_tech_00000036,0.9347511707742373
china_u022,ccmusic-database_erhu_playing_tech_00000004,1.331428378589642
china_u022,ccmusic-database_erhu_playing_tech_00000024,1.4327930459815108
china_u022,ccmusic-database_erhu_playing_tech_00000025,1.4155030831852697
china_u022,ccmusic-database_erhu_playing_tech_00000126,1.4353195544641189
china_u022,ccmusic-database_erhu_playing_tech_00000118,0.7026196883262861
china_u022,ccmusic-database_erhu_playing_tech_00000046,1.5403107043800794
china_u022,ccmusic-database_erhu_playing_tech_00000002,1.5121255345703348
china_u022,ccmusic-database_erhu_playing_tech_00000007,1.5238821833253247
china_u022,ccmusic-database_erhu_playing_tech_00000010,0.6111058291080596
china_u022,ccmusic-database_erhu_playing_tech_00000107,1.1702582636212289
china_u022,ccmusic-database_erhu_playing_tech_00000154,1.1135526980685946
china_u022,ccmusic-database_erhu_playing_tech_00000113,0.6300672254647988
china_u022,ccmusic-database_erhu_playing_tech_00000019,0.833551891845216
china_u022,ccmusic-database_erhu_playing_tech_00000130,1.161443947697055
china_u022,ccmusic-database_erhu_playing_tech_00000013,1.6143594647871233
china_u022,ccmusic-database_erhu_playing_tech_00000134,0.8555931154769948
china_u022,ccmusic-database_erhu_playing_tech_00000120,1.7446248651873673
china_u022,ccmusic-database_erhu_playing_tech_00000017,1.318697428609195
china_u022,ccmusic-database_erhu_playing_tech_00000129,1.6406325277769263
china_u022,ccmusic-database_erhu_playing_tech_00000023,1.2088339750052857
china_u022,ccmusic-database_erhu_playing_tech_00000105,1.248791338133335
china_u022,ccmusic-database_erhu_playing_tech_00000009,1.4295790840694602
china_u022,ccmusic-database_erhu_playing_tech_00000077,1.8919559122487364
china_u022,ccmusic-database_erhu_playing_tech_00000095,1.2377188721193648
china_u022,ccmusic-database_erhu_playing_tech_00000054,1.2929863071624363
china_u022,ccmusic-database_erhu_playing_tech_00000011,1.4029954452912943
china_u022,ccmusic-database_erhu_playing_tech_00000079,1.6062727059465887
china_u022,ccmusic-database_erhu_playing_tech_00000021,0.6077755032293515
china_u022,ccmusic-database_erhu_playing_tech_00000031,1.273531157782958
china_u022,ccmusic-database_erhu_playing_tech_00000058,1.2223873838090653
china_u022,ccmusic-database_erhu_playing_tech_00000141,1.8825274763563555
china_u023,ccmusic-database_erhu_playing_tech_00000015,1.2928125934136794
china_u023,ccmusic-database_erhu_playing_tech_00000089,1.7492555819922684
china_u023,ccmusic-database_erhu_playing_tech_00000138,0.9548031149518874
china_u023,ccmusic-database_erhu_playing_tech_00000097,1.1597135637207001
china_u023,ccmusic-database_erhu_playing_tech_00000060,1.978431652268012
china_u023,ccmusic-database_erhu_playing_tech_00000141,1.9775700450813065
china_u023,ccmusic-database_erhu_playing_tech_00000004,1.8591602161477725
china_u023,ccmusic-database_erhu_playing_tech_00000079,1.6976725172420863
china_u023,ccmusic-database_erhu_playing_tech_00000069,0.9036957510842086
china_u023,ccmusic-database_erhu_playing_tech_00000051,0.9812751111007811
china_u023,ccmusic-database_erhu_playing_tech_00000040,1.320924261807312
china_u023,ccmusic-database_erhu_playing_tech_00000062,1.3411660618430181
china_u023,ccmusic-database_erhu_playing_tech_00000103,1.2582542290356005
china_u023,ccmusic-database_erhu_playing_tech_00000019,1.455005419874459
china_u023,ccmusic-database_erhu_playing_tech_00000158,1.112484533949483
china_u023,ccmusic-database_erhu_playing_tech_00000083,1.6237612359732994
china_u023,ccmusic-database_erhu_playing_tech_00000023,1.000324889717533
china_u023,ccmusic-database_erhu_playing_tech_00000061,0.9960154954195288
china_u023,ccmusic-database_erhu_playing_tech_00000028,0.6908389428377419
china_u023,ccmusic-database_erhu_playing_tech_00000144,0.7830683150433788
china_u023,ccmusic-database_erhu_playing_tech_00000065,1.7757813183820366
china_u023,ccmusic-database_erhu_playing_tech_00000122,1.1694235078706623
china_u023,ccmusic-database_erhu_playing_tech_00000025,0.8418016798292507
china_u023,ccmusic-database_erhu_playing_tech_00000156,1.6390116500335812
china_u023,ccmusic-database_erhu_playing_tech_00000108,1.3309716887252891
china_u023,ccmusic-database_erhu_playing_tech_00000031,0.5317340171349403
china_u023,ccmusic-database_erhu_playing_tech_00000076,0.9745421860050727
china_u023,ccmusic-database_erhu_playing_tech_00000102,0.7655021166820115
china_u023,ccmusic-database_erhu_playing_tech_00000012,1.4838092914742609
china_u023,ccmusic-database_erhu_playing_tech_00000104,0.9125465609453793
china_u023,ccmusic-database_erhu_playing_tech_00000058,0.5974201688149154
china_u023,ccmusic-database_erhu_playing_tech_00000049,0.5824024837965038
china_u023,ccmusic-database_erhu_playing_tech_00000146,1.3725909469380724
china_u023,ccmusic-database_erhu_playing_tech_00000142,0.5325851835561344
china_u023,ccmusic-database_erhu_playing_tech_00000030,1.7731881697041332
china_u023,ccmusic-database_erhu_playing_tech_00000128,0.7330956788859134
china_u023,ccmusic-database_erhu_playing_tech_00000121,1.4098495027931448
china_u023,ccmusic-database_erhu_playing_tech_00000022,1.1670320420161184
china_u023,ccmusic-database_erhu_playing_tech_00000056,1.1642772818478537
china_u023,ccmusic-database_erhu_playing_tech_00000000,0.6076957135400688
india_u000,neerajaabhyankar_hindustani-raag-small_00000116,0.5267914387627712
india_u000,neerajaabhyankar_hindustani-raag-small_00000147,1.8874437090604181
india_u000,neerajaabhyankar_hindustani-raag-small_00000117,1.9278931851213619
india_u000,neerajaabhyankar_hindustani-raag-small_00000022,0.5180777945238878
india_u000,neerajaabhyankar_hindustani-raag-small_00000154,1.6445289451651222
india_u000,neerajaabhyankar_hindustani-raag-small_00000159,1.955302358854765
india_u000,neerajaabhyankar_hindustani-raag-small_00000148,1.8588533282266675
india_u000,neerajaabhyankar_hindustani-raag-small_00000071,1.9560652417943194
india_u000,neerajaabhyankar_hindustani-raag-small_00000072,1.325485258546459
india_u000,neerajaabhyankar_hindustani-raag-small_00000016,0.6172342098280824
india_u000,neerajaabhyankar_hindustani-raag-small_00000019,1.7746837967075542
india_u000,neerajaabhyankar_hindustani-raag-small_00000145,1.4207423837135174
india_u000,neerajaabhyankar_hindustani-raag-small_00000001,1.4221051162824336
india_u000,neerajaabhyankar_hindustani-raag-small_00000034,1.1258804147880292
india_u000,neerajaabhyankar_hindustani-raag-small_00000091,1.3577629647816636
india_u000,neerajaabhyankar_hindustani-raag-small_00000082,0.7303696686291719
india_u000,neerajaabhyankar_hindustani-raag-small_00000158,1.6096550398492255
india_u000,neerajaabhyankar_hindustani-raag-small_00000110,0.6125259610273135
india_u000,neerajaabhyankar_hindustani-raag-small_00000015,1.594671150565688
india_u000,neerajaabhyankar_hindustani-raag-small_00000085,1.773467633937281
india_u000,neerajaabhyankar_hindustani-raag-small_00000055,1.2087030163467323
india_u000,neerajaabhyankar_hindustani-raag-small_00000020,1.264745549085574
india_u000,neerajaabhyankar_hindustani-raag-small_00000044,0.9683214093831174
india_u000,neerajaabhyankar_hindustani-raag-small_00000151,1.9541878755883815
india_u000,neerajaabhyankar_hindustani-raag-small_00000077,1.5996867118393179
india_u000,neerajaabhyankar_hindustani-raag-small_00000097,1.0534828299505175
india_u000,neerajaabhyankar_hindustani-raag-small_00000007,0.7622110793495076
india_u000,neerajaabhyankar_hindustani-raag-small_00000069,0.829369388303137
india_u000,neerajaabhyankar_hindustani-raag-small_00000143,1.195883429165075
india_u000,neerajaabhyankar_hindustani-raag-small_00000027,1.9138526004715068
india_u000,neerajaabhyankar_hindustani-raag-small_00000126,1.6012195186413771
india_u000,neerajaabhyankar_hindustani-raag-small_00000113,0.8228656222687247
india_u000,neerajaabhyankar_hindustani-raag-small_00000140,1.7893417001283471
india_u000,neerajaabhyankar_hindustani-raag-small_00000076,1.0673007845145217
india_u000,neerajaabhyankar_hindustani-raag-small_00000137,1.777583274128778
india_u000,neerajaabhyankar_hindustani-raag-small_00000101,0.8625493969716964
india_u000,neerajaabhyankar_hindustani-raag-small_00000136,1.4279909179044763
india_u000,neerajaabhyankar_hindustani-raag-small_00000090,1.890005732121923
india_u000,neerajaabhyankar_hindustani-raag-small_00000054,0.8868410137216912
india_u000,neerajaabhyankar_hindustani-raag-small_00000121,1.5393898858787824
india_u001,neerajaabhyankar_hindustani-raag-small_00000105,1.066756466289236
india_u001,neerajaabhyankar_hindustani-raag-small_00000067,1.2956617694046184
india_u001,neerajaabhyankar_hindustani-raag-small_00000102,1.3902733886632883
india_u001,neerajaabhyankar_hindustani-raag-small_00000047,0.5327470874687175
india_u001,neerajaabhyankar_hindustani-raag-small_00000085,1.2727000652692835
india_u001,neerajaabhyankar_hindustani-raag-small_00000003,1.017246889098257
india_u001,neerajaabhyankar_hindustani-raag-small_00000121,1.131920191524882
india_u001,neerajaabhyankar_hindustani-raag-small_00000099,0.6504310977428753
india_u001,neerajaabhyankar_hindustani-raag-small_00000046,1.6742308484729678
india_u001,neerajaabhyankar_hindustani-raag-small_00000071,1.9136063762127837
india_u001,neerajaabhyankar_hindustani-raag-small_00000143,0.5334032309444
india_u001,neerajaabhyankar_hindustani-raag-small_00000029,1.4020591442170218
india_u001,neerajaabhyankar_hindustani-raag-small_00000123,1.645766100932537
india_u001,neerajaabhyankar_hindustani-raag-small_00000038,0.9272113829748341
india_u001,neerajaabhyankar_hindustani-raag-small_00000149,1.6813333772948251
india_u001,neerajaabhyankar_hindustani-raag-small_00000103,1.4485325761494519
india_u001,neerajaabhyankar_hindustani-raag-small_00000108,1.893743948406605
india_u001,neerajaabhyankar_hindustani-raag-small_00000040,1.9715072170306591
india_u001,neerajaabhyankar_hindustani-raag-small_00000155,0.5635191709980572
india_u001,neerajaabhyankar_hindustani-raag-small_00000112,1.1674066415405093
india_u001,neerajaabhyankar_hindustani-raag-small_00000086,1.3204816813673272
india_u001,neerajaabhyankar_hindustani-raag-small_00000120,0.7201148498114787
india_u001,neerajaabhyankar_hindustani-raag-small_00000066,1.0044287456410426
india_u001,neerajaabhyankar_hindustani-raag-small_00000005,1.9814711716346927
india_u001,neerajaabhyankar_hindustani-raag-small_00000055,0.5243456845137071
india_u001,neerajaabhyankar_hindustani-raag-small_00000077,1.178761897286576
india_u001,neerajaabhyankar_hindustani-raag-small_00000039,1.7639819325772943
india_u001,neerajaabhyankar_hindustani-raag-small_00000009,0.9858518940789327
india_u001,neerajaabhyankar_hindustani-raag-small_00000138,1.21969775413273
india_u001,neerajaabhyankar_hindustani-raag-small_00000017,1.96706861868197
india_u001,neerajaabhyankar_hindustani-raag-small_00000064,1.2123152547135558
india_u001,neerajaabhyankar_hindustani-raag-small_00000111,0.6963819682197485
india_u001,neerajaabhyankar_hindustani-raag-small_00000019,0.5775822374995866
india_u001,neerajaabhyankar_hindustani-raag-small_00000078,1.9181248586599227
india_u001,neerajaabhyankar_hindustani-raag-small_00000018,0.8987141199125985
india_u001,neerajaabhyankar_hindustani-raag-small_00000075,1.2560958598468264
india_u001,neerajaabhyankar_hindustani-raag-small_00000011,0.636052649134953
india_u001,neerajaabhyankar_hindustani-raag-small_00000045,1.1354826808259075
india_u001,neerajaabhyankar_hindustani-raag-small_00000044,1.8951582788751862
india_u001,neerajaabhyankar_hindustani-raag-small_00000056,1.2536194904464075
india_u002,neerajaabhyankar_hindustani-raag-small_00000107,1.9892119359056673
india_u002,neerajaabhyankar_hindustani-raag-small_00000136,1.0123073933024342
india_u002,neerajaabhyankar_hindustani-raag-small_00000054,0.7442848268640537
india_u002,neerajaabhyankar_hindustani-raag-small_00000031,1.2787508523714823
india_u002,neerajaabhyankar_hindustani-raag-small_00000116,1.2998747147475624
india_u002,neerajaabhyankar_hindustani-raag-small_00000043,0.7668687324442167
india_u002,neerajaabhyankar_hindustani-raag-small_00000092,1.4196641284912093
india_u002,neerajaabhyankar_hindustani-raag-small_00000021,0.521187100215236
india_u002,neerajaabhyankar_hindustani-raag-small_00000028,1.8915026036813323
india_u002,neerajaabhyankar_hindustani-raag-small_00000026,0.8968614167318925
india_u002,neerajaabhyankar_hindustani-raag-small_00000004,0.5593403125852877
india_u002,neerajaabhyankar_hindustani-raag-small_00000110,0.6623741622122856
india_u002,neerajaabhyankar_hindustani-raag-small_00000080,0.8603734224194626
india_u002,neerajaabhyankar_hindustani-raag-small_00000073,0.9108592529090678
india_u002,neerajaabhyankar_hindustani-raag-small_00000103,0.549214999246593
india_u002,neerajaabhyankar_hindustani-raag-small_00000053,0.9190322182905937
india_u002,neerajaabhyankar_hindustani-raag-small_00000122,0.7894126047402232
india_u002,neerajaabhyankar_hindustani-raag-small_00000126,1.0679313911517778
india_u002,neerajaabhyankar_hindustani-raag-small_00000058,1.0777516060339538
india_u002,neerajaabhyankar_hindustani-raag-small_00000070,1.0085116109043186
india_u002,neerajaabhyankar_hindustani-raag-small_00000119,0.9918858252960561
india_u002,neerajaabhyankar_hindustani-raag-small_00000083,0.6345969166118768
india_u002,neerajaabhyankar_hindustani-raag-small_00000057,0.5378074206892433
india_u002,neerajaabhyankar_hindustani-raag-small_00000016,0.8031714502346998
india_u002,neerajaabhyankar_hindustani-raag-small_00000027,1.634974141124923
india_u002,neerajaabhyankar_hindustani-raag-small_00000030,1.9862146483266832
india_u002,neerajaabhyankar_hindustani-raag-small_00000063,1.8927892625859934
india_u002,neerajaabhyankar_hindustani-raag-small_00000127,1.256329033306653
india_u002,neerajaabhyankar_hindustani-raag-small_00000078,1.2977357836669015
india_u002,neerajaabhyankar_hindustani-raag-small_00000118,0.9718723535537639
india_u002,neerajaabhyankar_hindustani-raag-small_00000156,1.6609091579564843
india_u002,neerajaabhyankar_hindustani-raag-small_00000032,1.6471350318989728
india_u002,neerajaabhyankar_hindustani-raag-small_00000041,1.7664085363736668
india_u002,neerajaabhyankar_hindustani-raag-small_00000101,1.8432568657953265
india_u002,neerajaabhyankar_hindustani-raag-small_00000105,1.1515238723379437
india_u002,neerajaabhyankar_hindustani-raag-small_00000056,1.6503133521607964
india_u002,neerajaabhyankar_hindustani-raag-small_00000059,1.709598093193818
india_u002,neerajaabhyankar_hindustani-raag-small_00000036,0.9626894337466252
india_u002,neerajaabhyankar_hindustani-raag-small_00000114,1.893863366009225
india_u002,neerajaabhyankar_hindustani-raag-small_00000045,0.6415122539594832
india_u003,neerajaabhyankar_hindustani-raag-small_00000065,1.727341028940886
india_u003,neerajaabhyankar_hindustani-raag-small_00000060,1.3762432237749438
india_u003,neerajaabhyankar_hindustani-raag-small_00000069,0.8951739715353586
india_u003,neerajaabhyankar_hindustani-raag-small_00000122,1.8943984580107571
india_u003,neerajaabhyankar_hindustani-raag-small_00000109,0.6727790799713911
india_u003,neerajaabhyankar_hindustani-raag-small_00000106,1.345793605206971
india_u003,neerajaabhyankar_hindustani-raag-small_00000006,1.5815608320000882
india_u003,neerajaabhyankar_hindustani-raag-small_00000011,0.5882728059986477
india_u003,neerajaabhyankar_hindustani-raag-small_00000153,1.3967840498093054
india_u003,neerajaabhyankar_hindustani-raag-small_00000013,1.7238518231946411
india_u003,neerajaabhyankar_hindustani-raag-small_00000004,0.60129097162708
india_u003,neerajaabhyankar_hindustani-raag-small_00000119,1.2683644566599406
india_u003,neerajaabhyankar_hindustani-raag-small_00000086,0.8878357672231101
india_u003,neerajaabhyankar_hindustani-raag-small_00000039,1.494386677305381
india_u003,neerajaabhyankar_hindustani-raag-small_00000138,0.6780160506182673
india_u003,neerajaabhyankar_hindustani-raag-small_00000096,1.9055771460057604
india_u003,neerajaabhyankar_hindustani-raag-small_00000029,1.8420928725720978
india_u003,neerajaabhyankar_hindustani-raag-small_00000097,0.7789616298135638
india_u003,neerajaabhyankar_hindustani-raag-small_00000017,0.9848988265476569
india_u003,neerajaabhyankar_hindustani-raag-small_00000140,1.3814524619795645
india_u003,neerajaabhyankar_hindustani-raag-small_00000042,1.5770935049513757
india_u003,neerajaabhyankar_hindustani-raag-small_00000102,1.1639840227403873
india_u003,neerajaabhyankar_hindustani-raag-small_00000147,0.7344369829414625
india_u003,neerajaabhyankar_hindustani-raag-small_00000084,0.6562272407043074
india_u003,neerajaabhyankar_hindustani-raag-small_00000048,1.9996480053715158
india_u003,neerajaabhyankar_hindustani-raag-small_00000055,1.1830281821652309
india_u003,neerajaabhyankar_hindustani-raag-small_00000152,1.8087976237227472
india_u003,neerajaabhyankar_hindustani-raag-small_00000040,1.2235640069436717
india_u003,neerajaabhyankar_hindustani-raag-small_00000130,1.8835364578190048
india_u003,neerajaabhyankar_hindustani-raag-small_00000035,0.6316390741573259
india_u003,neerajaabhyankar_hindustani-raag-small_00000107,0.6710287870018264
india_u003,neerajaabhyankar_hindustani-raag-small_00000099,1.8944482815863364
india_u003,neerajaabhyankar_hindustani-raag-small_00000113,1.9212395675671774
india_u003,neerajaabhyankar_hindustani-raag-small_00000071,0.972076171198045
india_u003,neerajaabhyankar_hindustani-raag-small_00000124,1.0327473304908077
india_u003,neerajaabhyankar_hindustani-raag-small_00000088,1.178675352252137
india_u003,neerajaabhyankar_hindustani-raag-small_00000066,1.1242425201009363
india_u003,neerajaabhyankar_hindustani-raag-small_00000082,0.785067823939395
india_u003,neerajaabhyankar_hindustani-raag-small_00000137,1.8475630759090618
india_u003,neerajaabhyankar_hindustani-raag-small_00000007,0.8799614010584655
india_u004,neerajaabhyankar_hindustani-raag-small_00000122,1.62727934041909
india_u004,neerajaabhyankar_hindustani-raag-small_00000073,1.2615154961926667
india_u004,neerajaabhyankar_hindustani-raag-small_00000068,1.5851470525659297
india_u004,neerajaabhyankar_hindustani-raag-small_00000086,1.8040427403177857
india_u004,neerajaabhyankar_hindustani-raag-small_00000055,1.4434220257441657
india_u004,neerajaabhyankar_hindustani-raag-small_00000136,1.4186589938797725
india_u004,neerajaabhyankar_hindustani-raag-small_00000008,1.631855443159447
india_u004,neerajaabhyankar_hindustani-raag-small_00000019,1.763682502179001
india_u004,neerajaabhyankar_hindustani-raag-small_00000056,1.803580679415504
india_u004,neerajaabhyankar_hindustani-raag-small_00000059,0.5546452935243249
india_u004,neerajaabhyankar_hindustani-raag-small_00000053,1.334285445196684
india_u004,neerajaabhyankar_hindustani-raag-small_00000071,0.8244039646963272
india_u004,neerajaabhyankar_hindustani-raag-small_00000129,1.7905188361726752
india_u004,neerajaabhyankar_hindustani-raag-small_00000044,1.4725965278050417
india_u004,neerajaabhyankar_hindustani-raag-small_00000031,1.1303337185486573
india_u004,neerajaabhyankar_hindustani-raag-small_00000004,0.782156342182027
india_u004,neerajaabhyankar_hindustani-raag-small_00000084,1.0085354388797398
india_u004,neerajaabhyankar_hindustani-raag-small_00000126,1.5556665418103368
india_u004,neerajaabhyankar_hindustani-raag-small_00000103,0.8065393178174582
india_u004,neerajaabhyankar_hindustani-raag-small_00000075,0.6403744180075591
india_u004,neerajaabhyankar_hindustani-raag-small_00000127,1.8320431373413264
india_u004,neerajaabhyankar_hindustani-raag-small_00000104,1.6463155243701753
india_u004,neerajaabhyankar_hindustani-raag-small_00000069,0.7996923959871989
india_u004,neerajaabhyankar_hindustani-raag-small_00000014,0.9384673151449875
india_u004,neerajaabhyankar_hindustani-raag-small_00000107,1.9581052656963287
india_u004,neerajaabhyankar_hindustani-raag-small_00000083,1.562276730138676
india_u004,neerajaabhyankar_hindustani-raag-small_00000029,1.415783006320737
india_u004,neerajaabhyankar_hindustani-raag-small_00000057,0.9614427281361955
india_u004,neerajaabhyankar_hindustani-raag-small_00000009,0.9486877162497833
india_u004,neerajaabhyankar_hindustani-raag-small_00000149,0.5592854280353456
india_u004,neerajaabhyankar_hindustani-raag-small_00000121,1.592722800352897
india_u004,neerajaabhyankar_hindustani-raag-small_00000142,0.5647628375853269
india_u004,neerajaabhyankar_hindustani-raag-small_00000039,0.5072860066659186
india_u004,neerajaabhyankar_hindustani-raag-small_00000013,1.5942426317914689
india_u004,neerajaabhyankar_hindustani-raag-small_00000012,1.923310635723688
india_u004,neerajaabhyankar_hindustani-raag-small_00000060,1.6347545715909657
india_u004,neerajaabhyankar_hindustani-raag-small_00000046,1.207460285936568
india_u004,neerajaabhyankar_hindustani-raag-small_00000131,1.2290678743413095
india_u004,neerajaabhyankar_hindustani-raag-small_00000077,1.154204633973658
india_u004,neerajaabhyankar_hindustani-raag-small_00000079,0.9869655006655005
india_u005,neerajaabhyankar_hindustani-raag-small_00000040,0.5995974185649118
india_u005,neerajaabhyankar_hindustani-raag-small_00000041,1.7938217006124881
india_u005,neerajaabhyankar_hindustani-raag-small_00000153,1.7532952971666376
india_u005,neerajaabhyankar_hindustani-raag-small_00000004,0.6333931145754239
india_u005,neerajaabhyankar_hindustani-raag-small_00000126,0.5356347596857798
india_u005,neerajaabhyankar_hindustani-raag-small_00000136,0.5844332194729868
india_u005,neerajaabhyankar_hindustani-raag-small_00000091,1.7804452597201008
india_u005,neerajaabhyankar_hindustani-raag-small_00000109,0.8520552335778436
india_u005,neerajaabhyankar_hindustani-raag-small_00000075,1.322409976787283
india_u005,neerajaabhyankar_hindustani-raag-small_00000095,1.139366304770085
india_u005,neerajaabhyankar_hindustani-raag-small_00000048,1.693288289342903
india_u005,neerajaabhyankar_hindustani-raag-small_00000015,1.233347452206006
india_u005,neerajaabhyankar_hindustani-raag-small_00000142,1.2509912609919045
india_u005,neerajaabhyankar_hindustani-raag-small_00000110,1.9836379092498535
india_u005,neerajaabhyankar_hindustani-raag-small_00000072,0.7251943351238856
india_u005,neerajaabhyankar_hindustani-raag-small_00000036,1.746055908118897
india_u005,neerajaabhyankar_hindustani-raag-small_00000051,0.5776246184058271
india_u005,neerajaabhyankar_hindustani-raag-small_00000144,1.216473154359456
india_u005,neerajaabhyankar_hindustani-raag-small_00000014,1.8295022358995352
india_u005,neerajaabhyankar_hindustani-raag-small_00000152,1.497820948406182
india_u005,neerajaabhyankar_hindustani-raag-small_00000064,1.5278219290491994
india_u005,neerajaabhyankar_hindustani-raag-small_00000080,0.8949759233847283
india_u005,neerajaabhyankar_hindustani-raag-small_00000024,1.1278621870421814
india_u005,neerajaabhyankar_hindustani-raag-small_00000069,1.0498715952485758
india_u005,neerajaabhyankar_hindustani-raag-small_00000116,1.2821648152369913
india_u005,neerajaabhyankar_hindustani-raag-small_00000039,1.1933418952155022
india_u005,neerajaabhyankar_hindustani-raag-small_00000115,0.9903475278154841
india_u005,neerajaabhyankar_hindustani-raag-small_00000130,0.9582209185567552
india_u005,neerajaabhyankar_hindustani-raag-small_00000062,0.8762793374826832
india_u005,neerajaabhyankar_hindustani-raag-small_00000105,1.0475708703271376
india_u005,neerajaabhyankar_hindustani-raag-small_00000120,0.724912216901091
india_u005,neerajaabhyankar_hindustani-raag-small_00000000,1.8081564530053607
india_u005,neerajaabhyankar_hindustani-raag-small_00000052,1.403179087750141
india_u005,neerajaabhyankar_hindustani-raag-small_00000020,0.7006796383907832
india_u005,neerajaabhyankar_hindustani-raag-small_00000012,1.540789001313502
india_u005,neerajaabhyankar_hindustani-raag-small_00000046,1.7714997019969598
india_u005,neerajaabhyankar_hindustani-raag-small_00000053,0.8563035080783883
india_u005,neerajaabhyankar_hindustani-raag-small_00000081,0.7259008915058959
india_u005,neerajaabhyankar_hindustani-raag-small_00000010,0.512925885700628
india_u005,neerajaabhyankar_hindustani-raag-small_00000063,0.5708755082847277
india_u006,neerajaabhyankar_hindustani-raag-small_00000150,1.5885514560838034
india_u006,neerajaabhyankar_hindustani-raag-small_00000138,0.6029312856632884
india_u006,neerajaabhyankar_hindustani-raag-small_00000061,1.5377705919284792
india_u006,neerajaabhyankar_hindustani-raag-small_00000005,1.4474428132569768
india_u006,neerajaabhyankar_hindustani-raag-small_00000122,1.636024149109878
india_u006,neerajaabhyankar_hindustani-raag-small_00000153,1.7422967787340038
india_u006,neerajaabhyankar_hindustani-raag-small_00000128,1.5775258447597325
india_u006,neerajaabhyankar_hindustani-raag-small_00000142,1.3792644429064578
india_u006,neerajaabhyankar_hindustani-raag-small_00000101,0.9836949778726665
india_u006,neerajaabhyankar_hindustani-raag-small_00000113,1.5459104927448937
india_u006,neerajaabhyankar_hindustani-raag-small_00000078,1.9354573769461692
india_u006,neerajaabhyankar_hindustani-raag-small_00000140,1.3812826707933115
india_u006,neerajaabhyankar_hindustani-raag-small_00000035,1.4965173026513807
india_u006,neerajaabhyankar_hindustani-raag-small_00000092,1.1556920632997012
india_u006,neerajaabhyankar_hindustani-raag-small_00000090,1.6341812146146115
india_u006,neerajaabhyankar_hindustani-raag-small_00000048,1.9965010885079537
india_u006,neerajaabhyankar_hindustani-raag-small_00000037,0.7405839861016041
india_u006,neerajaabhyankar_hindustani-raag-small_00000095,0.8036079192556435
india_u006,neerajaabhyankar_hindustani-raag-small_00000021,1.3091566379965842
india_u006,neerajaabhyankar_hindustani-raag-small_00000042,1.2220630958924874
india_u006,neerajaabhyankar_hindustani-raag-small_00000057,1.3573546767600781
india_u006,neerajaabhyankar_hindustani-raag-small_00000073,0.5736110715864096
india_u006,neerajaabhyankar_hindustani-raag-small_00000018,1.1064146844956735
india_u006,neerajaabhyankar_hindustani-raag-small_00000033,1.374467393098341
india_u006,neerajaabhyankar_hindustani-raag-small_00000152,1.377787026957444
india_u006,neerajaabhyankar_hindustani-raag-small_00000045,1.4860009426525602
india_u006,neerajaabhyankar_hindustani-raag-small_00000117,1.5803240435039956
india_u006,neerajaabhyankar_hindustani-raag-small_00000145,1.4623208050112848
india_u006,neerajaabhyankar_hindustani-raag-small_00000083,1.6853647330841526
india_u006,neerajaabhyankar_hindustani-raag-small_00000076,1.4371409520268874
india_u006,neerajaabhyankar_hindustani-raag-small_00000058,1.3062614938058068
india_u006,neerajaabhyankar_hindustani-raag-small_00000001,1.4092946433317164
india_u006,neerajaabhyankar_hindustani-raag-small_00000107,0.6517900501299985
india_u006,neerajaabhyankar_hindustani-raag-small_00000149,0.9097348110882799
india_u006,neerajaabhyankar_hindustani-raag-small_00000111,1.291099670987197
india_u006,neerajaabhyankar_hindustani-raag-small_00000074,1.8094808231025605
india_u006,neerajaabhyankar_hindustani-raag-small_00000141,1.5185773344319897
india_u006,neerajaabhyankar_hindustani-raag-small_00000027,0.6356121177078464
india_u006,neerajaabhyankar_hindustani-raag-small_00000009,1.3884124256666066
india_u006,neerajaabhyankar_hindustani-raag-small_00000013,0.8326069814556485
india_u007,neerajaabhyankar_hindustani-raag-small_00000054,0.9157972103158096
india_u007,neerajaabhyankar_hindustani-raag-small_00000112,0.579987627400011
india_u007,neerajaabhyankar_hindustani-raag-small_00000004,1.9105271188072708
india_u007,neerajaabhyankar_hindustani-raag-small_00000053,1.9055940873195523
india_u007,neerajaabhyankar_hindustani-raag-small_00000058,1.298622979569304
india_u007,neerajaabhyankar_hindustani-raag-small_00000075,1.4634761175073026
india_u007,neerajaabhyankar_hindustani-raag-small_00000095,1.1939000910662125
india_u007,neerajaabhyankar_hindustani-raag-small_00000108,1.1296480506481381
india_u007,neerajaabhyankar_hindustani-raag-small_00000143,0.6791726538930505
india_u007,neerajaabhyankar_hindustani-raag-small_00000020,0.645129347541644
india_u007,neerajaabhyankar_hindustani-raag-small_00000122,0.8490982200142811
india_u007,neerajaabhyankar_hindustani-raag-small_00000137,1.7549611196098165
india_u007,neerajaabhyankar_hindustani-raag-small_00000035,0.71874845110352
india_u007,neerajaabhyankar_hindustani-raag-small_00000090,0.8400479778720661
india_u007,neerajaabhyankar_hindustani-raag-small_00000046,1.3229210889833114
india_u007,neerajaabhyankar_hindustani-raag-small_00000076,0.8226968271174115
india_u007,neerajaabhyankar_hindustani-raag-small_00000099,0.7448100270766806
india_u007,neerajaabhyankar_hindustani-raag-small_00000038,1.3449743625469432
india_u007,neerajaabhyankar_hindustani-raag-small_00000059,1.0521399064949233
india_u007,neerajaabhyankar_hindustani-raag-small_00000051,1.439238928760704
india_u007,neerajaabhyankar_hindustani-raag-small_00000037,1.8683080106130143
india_u007,neerajaabhyankar_hindustani-raag-small_00000140,0.7264896971526015
india_u007,neerajaabhyankar_hindustani-raag-small_00000007,1.8701504897195957
india_u007,neerajaabhyankar_hindustani-raag-small_00000001,1.853734951134378
india_u007,neerajaabhyankar_hindustani-raag-small_00000103,1.7436313750038543
india_u007,neerajaabhyankar_hindustani-raag-small_00000044,1.4469288759591277
india_u007,neerajaabhyankar_hindustani-raag-small_00000047,1.4302199861983211
india_u007,neerajaabhyankar_hindustani-raag-small_00000016,1.4588189899047523
india_u007,neerajaabhyankar_hindustani-raag-small_00000028,1.5357433268267198
india_u007,neerajaabhyankar_hindustani-raag-small_00000005,0.5247233008942356
india_u007,neerajaabhyankar_hindustani-raag-small_00000036,1.9371388687409745
india_u007,neerajaabhyankar_hindustani-raag-small_00000111,1.3784056421983697
india_u007,neerajaabhyankar_hindustani-raag-small_00000072,1.6721987591036325
india_u007,neerajaabhyankar_hindustani-raag-small_00000147,1.0659227585920448
india_u007,neerajaabhyankar_hindustani-raag-small_00000055,0.5185958208736939
india_u007,neerajaabhyankar_hindustani-raag-small_00000023,1.2646019898146659
india_u007,neerajaabhyankar_hindustani-raag-small_00000142,1.2607851789738933
india_u007,neerajaabhyankar_hindustani-raag-small_00000116,1.1554839324671777
india_u007,neerajaabhyankar_hindustani-raag-small_00000151,1.009575581243115
india_u007,neerajaabhyankar_hindustani-raag-small_00000077,0.8747391317145831
india_u008,neerajaabhyankar_hindustani-raag-small_00000131,0.5058412195716989
india_u008,neerajaabhyankar_hindustani-raag-small_00000133,1.167885058304061
india_u008,neerajaabhyankar_hindustani-raag-small_00000056,1.0015388400760883
india_u008,neerajaabhyankar_hindustani-raag-small_00000122,0.748989367230541
india_u008,neerajaabhyankar_hindustani-raag-small_00000039,1.1766352412058594
india_u008,neerajaabhyankar_hindustani-raag-small_00000041,1.1035563247582758
india_u008,neerajaabhyankar_hindustani-raag-small_00000035,1.6514915490481124
india_u008,neerajaabhyankar_hindustani-raag-small_00000124,1.8396954591050485
india_u008,neerajaabhyankar_hindustani-raag-small_00000079,1.4788508776506228
india_u008,neerajaabhyankar_hindustani-raag-small_00000004,0.6866155830897858
india_u008,neerajaabhyankar_hindustani-raag-small_00000154,0.943086192064776
india_u008,neerajaabhyankar_hindustani-raag-small_00000117,1.8699774452484197
india_u008,neerajaabhyankar_hindustani-raag-small_00000095,0.6331017395118337
india_u008,neerajaabhyankar_hindustani-raag-small_00000038,1.1102837590862398
india_u008,neerajaabhyankar_hindustani-raag-small_00000014,1.9137569288502219
india_u008,neerajaabhyankar_hindustani-raag-small_00000005,1.9259972622042285
india_u008,neerajaabhyankar_hindustani-raag-small_00000105,1.1168047655733386
india_u008,neerajaabhyankar_hindustani-raag-small_00000069,1.5010953321481961
india_u008,neerajaabhyankar_hindustani-raag-small_00000040,1.1851183975309985
india_u008,neerajaabhyankar_hindustani-raag-small_00000022,1.6301908091545125
india_u008,neerajaabhyankar_hindustani-raag-small_00000078,0.5473719960394978
india_u008,neerajaabhyankar_hindustani-raag-small_00000082,0.7162357233820377
india_u008,neerajaabhyankar_hindustani-raag-small_00000003,1.4212982053153989
india_u008,neerajaabhyankar_hindustani-raag-small_00000067,0.8488283936645954
india_u008,neerajaabhyankar_hindustani-raag-small_00000072,1.4990784489037228
india_u008,neerajaabhyankar_hindustani-raag-small_00000155,1.0268343911919475
india_u008,neerajaabhyankar_hindustani-raag-small_00000016,1.8299683371917321
india_u008,neerajaabhyankar_hindustani-raag-small_00000130,1.7288890783399797
india_u008,neerajaabhyankar_hindustani-raag-small_00000148,1.2392567001031733
india_u008,neerajaabhyankar_hindustani-raag-small_00000109,1.6593426306422867
india_u008,neerajaabhyankar_hindustani-raag-small_00000045,0.9067068293526356
india_u008,neerajaabhyankar_hindustani-raag-small_00000018,1.241389665217794
india_u008,neerajaabhyankar_hindustani-raag-small_00000046,0.7962230777949173
india_u008,neerajaabhyankar_hindustani-raag-small_00000143,1.7913292527814908
india_u008,neerajaabhyankar_hindustani-raag-small_00000064,1.7346014248526223
india_u008,neerajaabhyankar_hindustani-raag-small_00000088,1.853224502613502
india_u008,neerajaabhyankar_hindustani-raag-small_00000032,1.8162154718363892
india_u008,neerajaabhyankar_hindustani-raag-small_00000073,1.939394393089242
india_u008,neerajaabhyankar_hindustani-raag-small_00000099,0.8425043474478889
india_u008,neerajaabhyankar_hindustani-raag-small_00000147,1.8977364361929732
india_u009,neerajaabhyankar_hindustani-raag-small_00000153,0.8689715272859304
india_u009,neerajaabhyankar_hindustani-raag-small_00000030,1.2374155014461816
india_u009,neerajaabhyankar_hindustani-raag-small_00000099,1.7087254420259337
india_u009,neerajaabhyankar_hindustani-raag-small_00000044,1.8427461766606095
india_u009,neerajaabhyankar_hindustani-raag-small_00000068,0.6051716480662759
india_u009,neerajaabhyankar_hindustani-raag-small_00000091,1.3622310968601732
india_u009,neerajaabhyankar_hindustani-raag-small_00000070,1.2009100518385019
india_u009,neerajaabhyankar_hindustani-raag-small_00000007,1.4214227757073674
india_u009,neerajaabhyankar_hindustani-raag-small_00000045,1.1709135303624036
india_u009,neerajaabhyankar_hindustani-raag-small_00000123,1.0979672312801227
india_u009,neerajaabhyankar_hindustani-raag-small_00000032,1.207821068644234
india_u009,neerajaabhyankar_hindustani-raag-small_00000071,1.3729986931346212
india_u009,neerajaabhyankar_hindustani-raag-small_00000133,1.2514748165476652
india_u009,neerajaabhyankar_hindustani-raag-small_00000074,1.2082166765309692
india_u009,neerajaabhyankar_hindustani-raag-small_00000018,1.7267529649371212
india_u009,neerajaabhyankar_hindustani-raag-small_00000149,1.6184719868567865
india_u009,neerajaabhyankar_hindustani-raag-small_00000080,1.0120677412717893
india_u009,neerajaabhyankar_hindustani-raag-small_00000140,1.7008656762729806
india_u009,neerajaabhyankar_hindustani-raag-small_00000146,1.7804760035067502
india_u009,neerajaabhyankar_hindustani-raag-small_00000011,0.7302383080612858
india_u009,neerajaabhyankar_hindustani-raag-small_00000128,1.3740236925961382
india_u009,neerajaabhyankar_hindustani-raag-small_00000114,0.9279679903988207
india_u009,neerajaabhyankar_hindustani-raag-small_00000089,1.6087584828900838
india_u009,neerajaabhyankar_hindustani-raag-small_00000158,0.8581779940380249
india_u009,neerajaabhyankar_hindustani-raag-small_00000031,1.5071052862595478
india_u009,neerajaabhyankar_hindustani-raag-small_00000155,0.8826869840864509
india_u009,neerajaabhyankar_hindustani-raag-small_00000109,1.2667156451449149
india_u009,neerajaabhyankar_hindustani-raag-small_00000026,1.9229697018742882
india_u009,neerajaabhyankar_hindustani-raag-small_00000052,1.0719613076846517
india_u009,neerajaabhyankar_hindustani-raag-small_00000076,1.8136077289448116
india_u009,neerajaabhyankar_hindustani-raag-small_00000023,1.980416871805842
india_u009,neerajaabhyankar_hindustani-raag-small_00000035,1.8122762732077449
india_u009,neerajaabhyankar_hindustani-raag-small_00000119,0.7487990445850143
india_u009,neerajaabhyankar_hindustani-raag-small_00000062,1.7294873293027446
india_u009,neerajaabhyankar_hindustani-raag-small_00000156,0.5482240926508419
india_u009,neerajaabhyankar_hindustani-raag-small_00000057,1.089952825548962
india_u009,neerajaabhyankar_hindustani-raag-small_00000124,1.8061000599767958
india_u009,neerajaabhyankar_hindustani-raag-small_00000088,1.5331283191398797
india_u009,neerajaabhyankar_hindustani-raag-small_00000037,1.2991106410068172
india_u009,neerajaabhyankar_hindustani-raag-small_00000111,1.0817960376239308
india_u010,neerajaabhyankar_hindustani-raag-small_00000040,1.647218000916693
india_u010,neerajaabhyankar_hindustani-raag-small_00000087,1.0408476661637756
india_u010,neerajaabhyankar_hindustani-raag-small_00000132,1.6741420220841534
india_u010,neerajaabhyankar_hindustani-raag-small_00000099,0.8094093551080186
india_u010,neerajaabhyankar_hindustani-raag-small_00000114,0.7799931555431447
india_u010,neerajaabhyankar_hindustani-raag-small_00000046,1.2455387693262234
india_u010,neerajaabhyankar_hindustani-raag-small_00000152,0.5494040220475407
india_u010,neerajaabhyankar_hindustani-raag-small_00000086,0.8379460081735001
india_u010,neerajaabhyankar_hindustani-raag-small_00000147,1.5860183782765225
india_u010,neerajaabhyankar_hindustani-raag-small_00000074,1.7560752174581382
india_u010,neerajaabhyankar_hindustani-raag-small_00000059,0.6211780459067157
india_u010,neerajaabhyankar_hindustani-raag-small_00000139,1.8231165641571565
india_u010,neerajaabhyankar_hindustani-raag-small_00000068,1.6962758060797687
india_u010,neerajaabhyankar_hindustani-raag-small_00000116,1.804526443560448
india_u010,neerajaabhyankar_hindustani-raag-small_00000041,1.5476428318682598
india_u010,neerajaabhyankar_hindustani-raag-small_00000034,1.5112296009409472
india_u010,neerajaabhyankar_hindustani-raag-small_00000019,1.2876398500172956
india_u010,neerajaabhyankar_hindustani-raag-small_00000001,1.4791808367369725
india_u010,neerajaabhyankar_hindustani-raag-small_00000004,1.8786644968499078
india_u010,neerajaabhyankar_hindustani-raag-small_00000056,0.6507830021250627
india_u010,neerajaabhyankar_hindustani-raag-small_00000085,0.9736467167691367
india_u010,neerajaabhyankar_hindustani-raag-small_00000148,0.6086824603938077
india_u010,neerajaabhyankar_hindustani-raag-small_00000156,1.9172077579160578
india_u010,neerajaabhyankar_hindustani-raag-small_00000127,1.167898198999082
india_u010,neerajaabhyankar_hindustani-raag-small_00000088,1.5130167060142825
india_u010,neerajaabhyankar_hindustani-raag-small_00000123,1.761680096756482
india_u010,neerajaabhyankar_hindustani-raag-small_00000144,1.9865003721147327
india_u010,neerajaabhyankar_hindustani-raag-small_00000108,0.7426736866883986
india_u010,neerajaabhyankar_hindustani-raag-small_00000022,1.6992689085773431
india_u010,neerajaabhyankar_hindustani-raag-small_00000061,1.8311343472051045
india_u010,neerajaabhyankar_hindustani-raag-small_00000002,0.5733130652763134
india_u010,neerajaabhyankar_hindustani-raag-small_00000079,1.6311358402783602
india_u010,neerajaabhyankar_hindustani-raag-small_00000080,1.0320879817948254
india_u010,neerajaabhyankar_hindustani-raag-small_00000078,1.4728951872056482
india_u010,neerajaabhyankar_hindustani-raag-small_00000033,1.271072294058297
india_u010,neerajaabhyankar_hindustani-raag-small_00000029,0.8896133781299553
india_u010,neerajaabhyankar_hindustani-raag-small_00000064,0.7028320430059791
india_u010,neerajaabhyankar_hindustani-raag-small_00000158,0.6754208496338124
india_u010,neerajaabhyankar_hindustani-raag-small_00000010,0.6549842865627375
india_u010,neerajaabhyankar_hindustani-raag-small_00000048,1.4566850602018666
india_u011,neerajaabhyankar_hindustani-raag-small_00000124,0.5810814674278988
india_u011,neerajaabhyankar_hindustani-raag-small_00000104,1.933790801283388
india_u011,neerajaabhyankar_hindustani-raag-small_00000081,1.9711362018625282
india_u011,neerajaabhyankar_hindustani-raag-small_00000093,1.6086119435246187
india_u011,neerajaabhyankar_hindustani-raag-small_00000127,1.1978187073453597
india_u011,neerajaabhyankar_hindustani-raag-small_00000119,0.829990158990892
india_u011,neerajaabhyankar_hindustani-raag-small_00000073,1.7187745103719472
india_u011,neerajaabhyankar_hindustani-raag-small_00000076,1.6045311457205333
india_u011,neerajaabhyankar_hindustani-raag-small_00000159,0.8329310593414236
india_u011,neerajaabhyankar_hindustani-raag-small_00000078,1.1768229412358986
india_u011,neerajaabhyankar_hindustani-raag-small_00000115,1.1941984067251776
india_u011,neerajaabhyankar_hindustani-raag-small_00000038,1.7396158249590636
india_u011,neerajaabhyankar_hindustani-raag-small_00000087,1.5257670265011147
india_u011,neerajaabhyankar_hindustani-raag-small_00000052,1.4647513153100826
india_u011,neerajaabhyankar_hindustani-raag-small_00000114,1.4747411338449177
india_u011,neerajaabhyankar_hindustani-raag-small_00000053,0.9057051190737184
india_u011,neerajaabhyankar_hindustani-raag-small_00000010,1.057566889744301
india_u011,neerajaabhyankar_hindustani-raag-small_00000085,0.5684934281550592
india_u011,neerajaabhyankar_hindustani-raag-small_00000030,1.6804117037181856
india_u011,neerajaabhyankar_hindustani-raag-small_00000060,1.1494973227547207
india_u011,neerajaabhyankar_hindustani-raag-small_00000156,1.1573575356313603
india_u011,neerajaabhyankar_hindustani-raag-small_00000064,0.8680343974004401
india_u011,neerajaabhyankar_hindustani-raag-small_00000011,0.8141409221891434
india_u011,neerajaabhyankar_hindustani-raag-small_00000026,1.3817328943535439
india_u011,neerajaabhyankar_hindustani-raag-small_00000021,0.8488295228055136
india_u011,neerajaabhyankar_hindustani-raag-small_00000155,0.5963132773481966
india_u011,neerajaabhyankar_hindustani-raag-small_00000122,1.6512611239713475
india_u011,neerajaabhyankar_hindustani-raag-small_00000095,1.0647041516095488
india_u011,neerajaabhyankar_hindustani-raag-small_00000116,1.0703533758489567
india_u011,neerajaabhyankar_hindustani-raag-small_00000103,1.146977422273687
india_u011,neerajaabhyankar_hindustani-raag-small_00000158,1.7225672351121406
india_u011,neerajaabhyankar_hindustani-raag-small_00000070,0.9812553439097257
india_u011,neerajaabhyankar_hindustani-raag-small_00000031,1.6370543168867542
india_u011,neerajaabhyankar_hindustani-raag-small_00000088,1.9093172611693148
india_u011,neerajaabhyankar_hindustani-raag-small_00000092,1.4913022938871991
india_u011,neerajaabhyankar_hindustani-raag-small_00000027,1.147521621765537
india_u011,neerajaabhyankar_hindustani-raag-small_00000001,1.621684584719997
india_u011,neerajaabhyankar_hindustani-raag-small_00000141,1.1868460546270783
india_u011,neerajaabhyankar_hindustani-raag-small_00000097,1.1216409066622113
india_u011,neerajaabhyankar_hindustani-raag-small_00000043,1.2879247453590248
india_u012,neerajaabhyankar_hindustani-raag-small_00000050,0.7238415926603847
india_u012,neerajaabhyankar_hindustani-raag-small_00000052,1.9956035166143653
india_u012,neerajaabhyankar_hindustani-raag-small_00000004,1.0686875916373229
india_u012,neerajaabhyankar_hindustani-raag-small_00000021,1.4731623558328315
india_u012,neerajaabhyankar_hindustani-raag-small_00000129,1.9518600972250402
india_u012,neerajaabhyankar_hindustani-raag-small_00000061,0.5864015755684622
india_u012,neerajaabhyankar_hindustani-raag-small_00000053,1.884296544387786
india_u012,neerajaabhyankar_hindustani-raag-small_00000106,1.3517170780315149
india_u012,neerajaabhyankar_hindustani-raag-small_00000019,1.5565953184661785
india_u012,neerajaabhyankar_hindustani-raag-small_00000137,0.7237762758295225
india_u012,neerajaabhyankar_hindustani-raag-small_00000060,1.3000811462465482
india_u012,neerajaabhyankar_hindustani-raag-small_00000035,1.5102705720878655
india_u012,neerajaabhyankar_hindustani-raag-small_00000038,1.1843709610815227
india_u012,neerajaabhyankar_hindustani-raag-small_00000000,0.7324777671590851
india_u012,neerajaabhyankar_hindustani-raag-small_00000041,0.8661786126283649
india_u012,neerajaabhyankar_hindustani-raag-small_00000108,1.7815891864902478
india_u012,neerajaabhyankar_hindustani-raag-small_00000085,0.5517064892491441
india_u012,neerajaabhyankar_hindustani-raag-small_00000017,1.5632931176612186
india_u012,neerajaabhyankar_hindustani-raag-small_00000158,1.9990850547717902
india_u012,neerajaabhyankar_hindustani-raag-small_00000148,0.5112244941601499
india_u012,neerajaabhyankar_hindustani-raag-small_00000002,0.7415685242299099
india_u012,neerajaabhyankar_hindustani-raag-small_00000083,1.5112164513397017
india_u012,neerajaabhyankar_hindustani-raag-small_00000133,0.5899862518780223
india_u012,neerajaabhyankar_hindustani-raag-small_00000051,1.3846849757837885
india_u012,neerajaabhyankar_hindustani-raag-small_00000012,1.5260001553415843
india_u012,neerajaabhyankar_hindustani-raag-small_00000123,1.3822195221711053
india_u012,neerajaabhyankar_hindustani-raag-small_00000064,1.0477770545316007
india_u012,neerajaabhyankar_hindustani-raag-small_00000081,1.5459234439799583
india_u012,neerajaabhyankar_hindustani-raag-small_00000032,1.3914416420207307
india_u012,neerajaabhyankar_hindustani-raag-small_00000030,0.8114557581408797
india_u012,neerajaabhyankar_hindustani-raag-small_00000025,1.3447033153776646
india_u012,neerajaabhyankar_hindustani-raag-small_00000124,1.8228608257083914
india_u012,neerajaabhyankar_hindustani-raag-small_00000015,1.500249928535675
india_u012,neerajaabhyankar_hindustani-raag-small_00000157,1.2076872610907707
india_u012,neerajaabhyankar_hindustani-raag-small_00000139,0.9823761543041767
india_u012,neerajaabhyankar_hindustani-raag-small_00000102,0.6288293141563592
india_u012,neerajaabhyankar_hindustani-raag-small_00000014,0.8669406991385431
india_u012,neerajaabhyankar_hindustani-raag-small_00000073,0.5167801296303154
india_u012,neerajaabhyankar_hindustani-raag-small_00000141,1.9799388762874466
india_u012,neerajaabhyankar_hindustani-raag-small_00000039,0.8337233781931099
india_u013,neerajaabhyankar_hindustani-raag-small_00000104,0.9173257275820844
india_u013,neerajaabhyankar_hindustani-raag-small_00000153,0.6492644642981857
india_u013,neerajaabhyankar_hindustani-raag-small_00000112,1.4093759291752121
india_u013,neerajaabhyankar_hindustani-raag-small_00000013,0.5995292056558716
india_u013,neerajaabhyankar_hindustani-raag-small_00000038,0.8619401775342953
india_u013,neerajaabhyankar_hindustani-raag-small_00000119,0.5910607769028675
india_u013,neerajaabhyankar_hindustani-raag-small_00000015,1.3233313835098506
india_u013,neerajaabhyankar_hindustani-raag-small_00000106,0.7405071874143021
india_u013,neerajaabhyankar_hindustani-raag-small_00000071,1.4156109791502098
india_u013,neerajaabhyankar_hindustani-raag-small_00000036,1.6862976962949014
india_u013,neerajaabhyankar_hindustani-raag-small_00000079,1.7328210811577935
india_u013,neerajaabhyankar_hindustani-raag-small_00000103,0.9643152622064411
india_u013,neerajaabhyankar_hindustani-raag-small_00000142,1.3234317990417441
india_u013,neerajaabhyankar_hindustani-raag-small_00000143,1.3445161401295385
india_u013,neerajaabhyankar_hindustani-raag-small_00000088,1.20933077323125
india_u013,neerajaabhyankar_hindustani-raag-small_00000116,1.4826708371371473
india_u013,neerajaabhyankar_hindustani-raag-small_00000138,0.8151306857353003
india_u013,neerajaabhyankar_hindustani-raag-small_00000100,1.9688648593801914
india_u013,neerajaabhyankar_hindustani-raag-small_00000109,0.6471197406363987
india_u013,neerajaabhyankar_hindustani-raag-small_00000002,1.7438317118046789
india_u013,neerajaabhyankar_hindustani-raag-small_00000067,1.3911439804267818
india_u013,neerajaabhyankar_hindustani-raag-small_00000001,0.8672821207905739
india_u013,neerajaabhyankar_hindustani-raag-small_00000083,1.6185125009904497
india_u013,neerajaabhyankar_hindustani-raag-small_00000076,0.6267213435156079
india_u013,neerajaabhyankar_hindustani-raag-small_00000050,1.6616267516731746
india_u013,neerajaabhyankar_hindustani-raag-small_00000129,1.3849778333645202
india_u013,neerajaabhyankar_hindustani-raag-small_00000021,0.6661254775946024
india_u013,neerajaabhyankar_hindustani-raag-small_00000095,0.6192583446385553
india_u013,neerajaabhyankar_hindustani-raag-small_00000132,1.6262545001546937
india_u013,neerajaabhyankar_hindustani-raag-small_00000016,0.9394038597557557
india_u013,neerajaabhyankar_hindustani-raag-small_00000042,1.83395277615082
india_u013,neerajaabhyankar_hindustani-raag-small_00000128,1.6431095315452642
india_u013,neerajaabhyankar_hindustani-raag-small_00000023,1.547285367076574
india_u013,neerajaabhyankar_hindustani-raag-small_00000053,0.9179090789501765
india_u013,neerajaabhyankar_hindustani-raag-small_00000157,1.5634167785324269
india_u013,neerajaabhyankar_hindustani-raag-small_00000026,1.922221526772251
india_u013,neerajaabhyankar_hindustani-raag-small_00000029,0.6373397515558534
india_u013,neerajaabhyankar_hindustani-raag-small_00000122,0.9892439630053491
india_u013,neerajaabhyankar_hindustani-raag-small_00000155,0.8520083981923912
india_u013,neerajaabhyankar_hindustani-raag-small_00000126,1.089875201601
india_u014,neerajaabhyankar_hindustani-raag-small_00000110,1.1628516106176057
india_u014,neerajaabhyankar_hindustani-raag-small_00000058,0.8667137637287593
india_u014,neerajaabhyankar_hindustani-raag-small_00000046,1.8242139982168701
india_u014,neerajaabhyankar_hindustani-raag-small_00000072,1.060882760439835
india_u014,neerajaabhyankar_hindustani-raag-small_00000093,1.1690475788448367
india_u014,neerajaabhyankar_hindustani-raag-small_00000158,1.1145516148234917
india_u014,neerajaabhyankar_hindustani-raag-small_00000113,0.772914432915129
india_u014,neerajaabhyankar_hindustani-raag-small_00000140,1.59744052314535
india_u014,neerajaabhyankar_hindustani-raag-small_00000100,1.172687393403287
india_u014,neerajaabhyankar_hindustani-raag-small_00000009,0.5243856648390777
india_u014,neerajaabhyankar_hindustani-raag-small_00000139,1.9460205535396955
india_u014,neerajaabhyankar_hindustani-raag-small_00000051,1.7236454173931204
india_u014,neerajaabhyankar_hindustani-raag-small_00000040,1.585339031137705
india_u014,neerajaabhyankar_hindustani-raag-small_00000145,1.8036378057777935
india_u014,neerajaabhyankar_hindustani-raag-small_00000028,1.8602108804083253
india_u014,neerajaabhyankar_hindustani-raag-small_00000042,1.006234559576658
india_u014,neerajaabhyankar_hindustani-raag-small_00000035,1.416438017625048
india_u014,neerajaabhyankar_hindustani-raag-small_00000000,1.4132117138083913
india_u014,neerajaabhyankar_hindustani-raag-small_00000090,0.9009495032158954
india_u014,neerajaabhyankar_hindustani-raag-small_00000060,0.8329283771706009
india_u014,neerajaabhyankar_hindustani-raag-small_00000036,0.6708608822285331
india_u014,neerajaabhyankar_hindustani-raag-small_00000014,1.488971293874679
india_u014,neerajaabhyankar_hindustani-raag-small_00000105,1.6713784865461698
india_u014,neerajaabhyankar_hindustani-raag-small_00000065,1.6414294692755056
india_u014,neerajaabhyankar_hindustani-raag-small_00000142,0.9744130657774615
india_u014,neerajaabhyankar_hindustani-raag-small_00000146,0.8078897756978034
india_u014,neerajaabhyankar_hindustani-raag-small_00000052,1.180421267681933
india_u014,neerajaabhyankar_hindustani-raag-small_00000053,1.3202201903607658
india_u014,neerajaabhyankar_hindustani-raag-small_00000153,1.8786306919528335
india_u014,neerajaabhyankar_hindustani-raag-small_00000071,1.8122347314110812
india_u014,neerajaabhyankar_hindustani-raag-small_00000108,1.8740874969527415
india_u014,neerajaabhyankar_hindustani-raag-small_00000022,1.7753935777039693
india_u014,neerajaabhyankar_hindustani-raag-small_00000055,1.9468718066544668
india_u014,neerajaabhyankar_hindustani-raag-small_00000115,1.1982499957535862
india_u014,neerajaabhyankar_hindustani-raag-small_00000081,0.5712102461496416
india_u014,neerajaabhyankar_hindustani-raag-small_00000087,0.6253430482227174
india_u014,neerajaabhyankar_hindustani-raag-small_00000019,1.0854142126585147
india_u014,neerajaabhyankar_hindustani-raag-small_00000033,0.8865306369094959
india_u014,neerajaabhyankar_hindustani-raag-small_00000156,0.754910887041601
india_u014,neerajaabhyankar_hindustani-raag-small_00000018,1.9298056617629729
india_u015,neerajaabhyankar_hindustani-raag-small_00000103,0.9550064490232979
india_u015,neerajaabhyankar_hindustani-raag-small_00000150,0.7595358820149454
india_u015,neerajaabhyankar_hindustani-raag-small_00000138,1.9940236326537906
india_u015,neerajaabhyankar_hindustani-raag-small_00000003,0.5954953839782955
india_u015,neerajaabhyankar_hindustani-raag-small_00000043,1.7405120219119992
india_u015,neerajaabhyankar_hindustani-raag-small_00000095,1.4592416532357912
india_u015,neerajaabhyankar_hindustani-raag-small_00000157,1.6026206663928007
india_u015,neerajaabhyankar_hindustani-raag-small_00000146,1.5675756798826948
india_u015,neerajaabhyankar_hindustani-raag-small_00000087,1.7876517276097739
india_u015,neerajaabhyankar_hindustani-raag-small_00000067,0.7756881047841624
india_u015,neerajaabhyankar_hindustani-raag-small_00000156,0.5012369252520281
india_u015,neerajaabhyankar_hindustani-raag-small_00000039,1.3977927335648992
india_u015,neerajaabhyankar_hindustani-raag-small_00000086,1.0307879589850009
india_u015,neerajaabhyankar_hindustani-raag-small_00000072,0.6856809966757065
india_u015,neerajaabhyankar_hindustani-raag-small_00000130,0.7792081311563583
india_u015,neerajaabhyankar_hindustani-raag-small_00000027,0.9976239686888344
india_u015,neerajaabhyankar_hindustani-raag-small_00000007,0.6053500563300549
india_u015,neerajaabhyankar_hindustani-raag-small_00000036,0.5853698031926763
india_u015,neerajaabhyankar_hindustani-raag-small_00000119,1.8740393822486663
india_u015,neerajaabhyankar_hindustani-raag-small_00000082,0.9681541240305442
india_u015,neerajaabhyankar_hindustani-raag-small_00000152,1.9733460462103773
india_u015,neerajaabhyankar_hindustani-raag-small_00000042,1.9465505124956
india_u015,neerajaabhyankar_hindustani-raag-small_00000054,0.7138569234906706
india_u015,neerajaabhyankar_hindustani-raag-small_00000025,1.5723864543442865
india_u015,neerajaabhyankar_hindustani-raag-small_00000104,1.401207333690604
india_u015,neerajaabhyankar_hindustani-raag-small_00000006,1.5359706096577304
india_u015,neerajaabhyankar_hindustani-raag-small_00000023,0.6442865000217122
india_u015,neerajaabhyankar_hindustani-raag-small_00000117,0.7828401179518371
india_u015,neerajaabhyankar_hindustani-raag-small_00000037,0.6149579921763222
india_u015,neerajaabhyankar_hindustani-raag-small_00000088,1.4062013078256068
india_u015,neerajaabhyankar_hindustani-raag-small_00000141,1.9798866137736366
india_u015,neerajaabhyankar_hindustani-raag-small_00000159,1.5079768064869121
india_u015,neerajaabhyankar_hindustani-raag-small_00000024,1.5661423025328944
india_u015,neerajaabhyankar_hindustani-raag-small_00000059,1.9768775623149217
india_u015,neerajaabhyankar_hindustani-raag-small_00000000,1.5170173312576942
india_u015,neerajaabhyankar_hindustani-raag-small_00000076,0.5602723589427054
india_u015,neerajaabhyankar_hindustani-raag-small_00000071,1.8005084012848964
india_u015,neerajaabhyankar_hindustani-raag-small_00000044,1.0470174355681945
india_u015,neerajaabhyankar_hindustani-raag-small_00000126,0.506545432272073
india_u015,neerajaabhyankar_hindustani-raag-small_00000096,1.2608512663412308
india_u016,neerajaabhyankar_hindustani-raag-small_00000129,0.9113683028271544
india_u016,neerajaabhyankar_hindustani-raag-small_00000007,1.7178052297813784
india_u016,neerajaabhyankar_hindustani-raag-small_00000101,1.6398895963911355
india_u016,neerajaabhyankar_hindustani-raag-small_00000143,1.5433280456189622
india_u016,neerajaabhyankar_hindustani-raag-small_00000071,0.708507617768398
india_u016,neerajaabhyankar_hindustani-raag-small_00000137,1.711750864559423
india_u016,neerajaabhyankar_hindustani-raag-small_00000040,1.5157639424949856
india_u016,neerajaabhyankar_hindustani-raag-small_00000041,0.7922565297220878
india_u016,neerajaabhyankar_hindustani-raag-small_00000079,1.4721408954222746
india_u016,neerajaabhyankar_hindustani-raag-small_00000019,1.2252674615055215
india_u016,neerajaabhyankar_hindustani-raag-small_00000035,1.1590250927843375
india_u016,neerajaabhyankar_hindustani-raag-small_00000003,0.6681847452085832
india_u016,neerajaabhyankar_hindustani-raag-small_00000022,1.277456413767748
india_u016,neerajaabhyankar_hindustani-raag-small_00000097,0.6498977134585455
india_u016,neerajaabhyankar_hindustani-raag-small_00000058,0.7463800808814
india_u016,neerajaabhyankar_hindustani-raag-small_00000117,0.6988194714121441
india_u016,neerajaabhyankar_hindustani-raag-small_00000024,1.9311624186050114
india_u016,neerajaabhyankar_hindustani-raag-small_00000031,0.9272970356658351
india_u016,neerajaabhyankar_hindustani-raag-small_00000014,1.0328064853940115
india_u016,neerajaabhyankar_hindustani-raag-small_00000150,0.9831209094440541
india_u016,neerajaabhyankar_hindustani-raag-small_00000086,1.8473756677672157
india_u016,neerajaabhyankar_hindustani-raag-small_00000088,1.3444488670023327
india_u016,neerajaabhyankar_hindustani-raag-small_00000103,1.8787398483999675
india_u016,neerajaabhyankar_hindustani-raag-small_00000061,0.9498873587418433
india_u016,neerajaabhyankar_hindustani-raag-small_00000114,0.6722520116479234
india_u016,neerajaabhyankar_hindustani-raag-small_00000104,1.334327679086262
india_u016,neerajaabhyankar_hindustani-raag-small_00000075,1.0183054876850264
india_u016,neerajaabhyankar_hindustani-raag-small_00000093,1.7028602502361225
india_u016,neerajaabhyankar_hindustani-raag-small_00000124,1.819135113367488
india_u016,neerajaabhyankar_hindustani-raag-small_00000085,1.2088602663606076
india_u016,neerajaabhyankar_hindustani-raag-small_00000032,1.9570385361282625
india_u016,neerajaabhyankar_hindustani-raag-small_00000136,1.3295195095166088
india_u016,neerajaabhyankar_hindustani-raag-small_00000159,0.9063805900794687
india_u016,neerajaabhyankar_hindustani-raag-small_00000080,1.2334632730164117
india_u016,neerajaabhyankar_hindustani-raag-small_00000039,0.5559654386043914
india_u016,neerajaabhyankar_hindustani-raag-small_00000090,1.7060017403946013
india_u016,neerajaabhyankar_hindustani-raag-small_00000089,0.6521525762816314
india_u016,neerajaabhyankar_hindustani-raag-small_00000010,0.9631227327545074
india_u016,neerajaabhyankar_hindustani-raag-small_00000149,1.3479748205074151
india_u016,neerajaabhyankar_hindustani-raag-small_00000027,0.5644626884703483
india_u017,neerajaabhyankar_hindustani-raag-small_00000105,0.5397186519574452
india_u017,neerajaabhyankar_hindustani-raag-small_00000066,1.91376389497971
india_u017,neerajaabhyankar_hindustani-raag-small_00000102,0.9787609576509945
india_u017,neerajaabhyankar_hindustani-raag-small_00000141,0.8839086228211157
india_u017,neerajaabhyankar_hindustani-raag-small_00000133,1.999113388081507
india_u017,neerajaabhyankar_hindustani-raag-small_00000027,1.5780345072567867
india_u017,neerajaabhyankar_hindustani-raag-small_00000025,0.571045659948932
india_u017,neerajaabhyankar_hindustani-raag-small_00000030,0.5928282155383646
india_u017,neerajaabhyankar_hindustani-raag-small_00000137,0.5382523459402968
india_u017,neerajaabhyankar_hindustani-raag-small_00000106,1.3994283492693036
india_u017,neerajaabhyankar_hindustani-raag-small_00000140,0.6073467500929277
india_u017,neerajaabhyankar_hindustani-raag-small_00000085,1.900082535267396
india_u017,neerajaabhyankar_hindustani-raag-small_00000001,1.905359810034017
india_u017,neerajaabhyankar_hindustani-raag-small_00000132,1.3190811001221197
india_u017,neerajaabhyankar_hindustani-raag-small_00000022,1.4249583970939264
india_u017,neerajaabhyankar_hindustani-raag-small_00000008,0.9378416022878747
india_u017,neerajaabhyankar_hindustani-raag-small_00000143,0.59595881361241
india_u017,neerajaabhyankar_hindustani-raag-small_00000126,1.6061906677877233
india_u017,neerajaabhyankar_hindustani-raag-small_00000045,0.6526789831235262
india_u017,neerajaabhyankar_hindustani-raag-small_00000061,0.6283364615275897
india_u017,neerajaabhyankar_hindustani-raag-small_00000009,0.9668346638063356
india_u017,neerajaabhyankar_hindustani-raag-small_00000074,0.5186984897568231
india_u017,neerajaabhyankar_hindustani-raag-small_00000094,1.151053423634474
india_u017,neerajaabhyankar_hindustani-raag-small_00000044,1.561521365120115
india_u017,neerajaabhyankar_hindustani-raag-small_00000084,1.7020233971329084
india_u017,neerajaabhyankar_hindustani-raag-small_00000104,1.4064609556983818
india_u017,neerajaabhyankar_hindustani-raag-small_00000040,1.770311304670869
india_u017,neerajaabhyankar_hindustani-raag-small_00000083,1.1097533056506654
india_u017,neerajaabhyankar_hindustani-raag-small_00000051,1.773158127590715
india_u017,neerajaabhyankar_hindustani-raag-small_00000037,1.259709965747569
india_u017,neerajaabhyankar_hindustani-raag-small_00000152,0.834554191997443
india_u017,neerajaabhyankar_hindustani-raag-small_00000125,1.916218469990699
india_u017,neerajaabhyankar_hindustani-raag-small_00000019,0.9124563107556747
india_u017,neerajaabhyankar_hindustani-raag-small_00000109,0.5393022262816897
india_u017,neerajaabhyankar_hindustani-raag-small_00000064,0.8640110644325404
india_u017,neerajaabhyankar_hindustani-raag-small_00000000,1.0500313418861416
india_u017,neerajaabhyankar_hindustani-raag-small_00000047,1.027024524933896
india_u017,neerajaabhyankar_hindustani-raag-small_00000145,1.2870012641653574
india_u017,neerajaabhyankar_hindustani-raag-small_00000086,1.8246903230538853
india_u017,neerajaabhyankar_hindustani-raag-small_00000087,0.9385073406645488
india_u018,neerajaabhyankar_hindustani-raag-small_00000018,1.9314024151409224
india_u018,neerajaabhyankar_hindustani-raag-small_00000091,0.9301158514688268
india_u018,neerajaabhyankar_hindustani-raag-small_00000075,1.7994136601239585
india_u018,neerajaabhyankar_hindustani-raag-small_00000155,1.8835843609934457
india_u018,neerajaabhyankar_hindustani-raag-small_00000090,1.335248624556171
india_u018,neerajaabhyankar_hindustani-raag-small_00000003,0.8040166818015763
india_u018,neerajaabhyankar_hindustani-raag-small_00000046,1.52787114815858
india_u018,neerajaabhyankar_hindustani-raag-small_00000103,1.3234670997941902
india_u018,neerajaabhyankar_hindustani-raag-small_00000092,1.916794498778939
india_u018,neerajaabhyankar_hindustani-raag-small_00000049,1.1589080927157378
india_u018,neerajaabhyankar_hindustani-raag-small_00000063,0.902770471459733
india_u018,neerajaabhyankar_hindustani-raag-small_00000127,0.7074305022411607
india_u018,neerajaabhyankar_hindustani-raag-small_00000146,1.5479503530300192
india_u018,neerajaabhyankar_hindustani-raag-small_00000087,1.9611644284708734
india_u018,neerajaabhyankar_hindustani-raag-small_00000076,0.5425156558570977
india_u018,neerajaabhyankar_hindustani-raag-small_00000030,1.6106680321671902
india_u018,neerajaabhyankar_hindustani-raag-small_00000016,1.8903955438395
india_u018,neerajaabhyankar_hindustani-raag-small_00000109,0.6121723013410241
india_u018,neerajaabhyankar_hindustani-raag-small_00000055,0.6652550676591997
india_u018,neerajaabhyankar_hindustani-raag-small_00000004,1.537935647674563
india_u018,neerajaabhyankar_hindustani-raag-small_00000023,1.4719450638436826
india_u018,neerajaabhyankar_hindustani-raag-small_00000089,0.6032411229743686
india_u018,neerajaabhyankar_hindustani-raag-small_00000111,1.7516341282267347
india_u018,neerajaabhyankar_hindustani-raag-small_00000020,1.2851357717673386
india_u018,neerajaabhyankar_hindustani-raag-small_00000081,1.860796060004919
india_u018,neerajaabhyankar_hindustani-raag-small_00000108,1.8169863214890567
india_u018,neerajaabhyankar_hindustani-raag-small_00000024,1.7187616535752486
india_u018,neerajaabhyankar_hindustani-raag-small_00000157,1.273848344366632
india_u018,neerajaabhyankar_hindustani-raag-small_00000054,0.8775659626241483
india_u018,neerajaabhyankar_hindustani-raag-small_00000042,1.2589632558666988
india_u018,neerajaabhyankar_hindustani-raag-small_00000122,0.6512170667026701
india_u018,neerajaabhyankar_hindustani-raag-small_00000005,1.4882692227101393
india_u018,neerajaabhyankar_hindustani-raag-small_00000139,0.7009658288435114
india_u018,neerajaabhyankar_hindustani-raag-small_00000013,1.2667594437510847
india_u018,neerajaabhyankar_hindustani-raag-small_00000060,0.5815729612502267
india_u018,neerajaabhyankar_hindustani-raag-small_00000159,0.9492687354119689
india_u018,neerajaabhyankar_hindustani-raag-small_00000066,0.8481206910046817
india_u018,neerajaabhyankar_hindustani-raag-small_00000045,1.4300473140675058
india_u018,neerajaabhyankar_hindustani-raag-small_00000131,1.680180068033763
india_u018,neerajaabhyankar_hindustani-raag-small_00000047,0.5859544318107892
india_u019,neerajaabhyankar_hindustani-raag-small_00000148,0.5306644747141263
india_u019,neerajaabhyankar_hindustani-raag-small_00000130,1.6877709346866108
india_u019,neerajaabhyankar_hindustani-raag-small_00000154,1.176718616016732
india_u019,neerajaabhyankar_hindustani-raag-small_00000035,1.6843373060009834
india_u019,neerajaabhyankar_hindustani-raag-small_00000122,0.5100736762450777
india_u019,neerajaabhyankar_hindustani-raag-small_00000096,0.9322989518008464
india_u019,neerajaabhyankar_hindustani-raag-small_00000087,1.6269856636869533
india_u019,neerajaabhyankar_hindustani-raag-small_00000047,1.6895311829023847
india_u019,neerajaabhyankar_hindustani-raag-small_00000113,1.429571901821936
india_u019,neerajaabhyankar_hindustani-raag-small_00000067,0.9518842841693956
india_u019,neerajaabhyankar_hindustani-raag-small_00000092,0.9655438869317944
india_u019,neerajaabhyankar_hindustani-raag-small_00000060,1.950145945463049
india_u019,neerajaabhyankar_hindustani-raag-small_00000026,1.1588182688513067
india_u019,neerajaabhyankar_hindustani-raag-small_00000127,1.1706883253657556
india_u019,neerajaabhyankar_hindustani-raag-small_00000020,1.3284991253610492
india_u019,neerajaabhyankar_hindustani-raag-small_00000051,1.1142535052965832
india_u019,neerajaabhyankar_hindustani-raag-small_00000037,1.3290073468961212
india_u019,neerajaabhyankar_hindustani-raag-small_00000071,1.1485031341513368
india_u019,neerajaabhyankar_hindustani-raag-small_00000120,1.74007237940328
india_u019,neerajaabhyankar_hindustani-raag-small_00000023,1.863576529697426
india_u019,neerajaabhyankar_hindustani-raag-small_00000062,1.8981653897230424
india_u019,neerajaabhyankar_hindustani-raag-small_00000070,1.3464443087440798
india_u019,neerajaabhyankar_hindustani-raag-small_00000158,1.163222836196743
india_u019,neerajaabhyankar_hindustani-raag-small_00000011,1.557860088187757
india_u019,neerajaabhyankar_hindustani-raag-small_00000159,1.75748538694386
india_u019,neerajaabhyankar_hindustani-raag-small_00000085,1.3444733630995658
india_u019,neerajaabhyankar_hindustani-raag-small_00000107,1.5499715327333918
india_u019,neerajaabhyankar_hindustani-raag-small_00000081,1.624594026081872
india_u019,neerajaabhyankar_hindustani-raag-small_00000104,1.51459066507593
india_u019,neerajaabhyankar_hindustani-raag-small_00000052,1.6192003335939642
india_u019,neerajaabhyankar_hindustani-raag-small_00000133,0.8129679988339975
india_u019,neerajaabhyankar_hindustani-raag-small_00000152,1.2475618205326962
india_u019,neerajaabhyankar_hindustani-raag-small_00000007,1.3824028319076307
india_u019,neerajaabhyankar_hindustani-raag-small_00000043,0.5037168962855346
india_u019,neerajaabhyankar_hindustani-raag-small_00000146,1.783943763220523
india_u019,neerajaabhyankar_hindustani-raag-small_00000014,1.415036762667368
india_u019,neerajaabhyankar_hindustani-raag-small_00000045,0.6937044975473049
india_u019,neerajaabhyankar_hindustani-raag-small_00000117,1.7245356088637407
india_u019,neerajaabhyankar_hindustani-raag-small_00000143,1.5755854496608168
india_u019,neerajaabhyankar_hindustani-raag-small_00000055,1.6374493151954557
india_u020,neerajaabhyankar_hindustani-raag-small_00000123,0.731666965228079
india_u020,neerajaabhyankar_hindustani-raag-small_00000138,0.9553739773915806
india_u020,neerajaabhyankar_hindustani-raag-small_00000000,1.8331932412721499
india_u020,neerajaabhyankar_hindustani-raag-small_00000104,1.3161471372234663
india_u020,neerajaabhyankar_hindustani-raag-small_00000134,1.8288330427163002
india_u020,neerajaabhyankar_hindustani-raag-small_00000040,0.8378717062692604
india_u020,neerajaabhyankar_hindustani-raag-small_00000112,0.995036514872999
india_u020,neerajaabhyankar_hindustani-raag-small_00000075,1.2064282076852255
india_u020,neerajaabhyankar_hindustani-raag-small_00000047,1.2201201127918142
india_u020,neerajaabhyankar_hindustani-raag-small_00000152,1.9964719507755506
india_u020,neerajaabhyankar_hindustani-raag-small_00000052,0.6716679784566951
india_u020,neerajaabhyankar_hindustani-raag-small_00000128,1.777947553402386
india_u020,neerajaabhyankar_hindustani-raag-small_00000004,1.7955230591328053
india_u020,neerajaabhyankar_hindustani-raag-small_00000147,1.329797947306681
india_u020,neerajaabhyankar_hindustani-raag-small_00000041,1.0160557523887306
india_u020,neerajaabhyankar_hindustani-raag-small_00000117,1.2788391564324444
india_u020,neerajaabhyankar_hindustani-raag-small_00000049,0.9387015572098457
india_u020,neerajaabhyankar_hindustani-raag-small_00000148,1.6986611726599092
india_u020,neerajaabhyankar_hindustani-raag-small_00000077,1.247418738065495
india_u020,neerajaabhyankar_hindustani-raag-small_00000073,1.888763268316176
india_u020,neerajaabhyankar_hindustani-raag-small_00000157,1.4340370165340657
india_u020,neerajaabhyankar_hindustani-raag-small_00000153,1.271478999672025
india_u020,neerajaabhyankar_hindustani-raag-small_00000027,1.5666040309664784
india_u020,neerajaabhyankar_hindustani-raag-small_00000101,1.2558994466453515
india_u020,neerajaabhyankar_hindustani-raag-small_00000080,1.8567595256291707
india_u020,neerajaabhyankar_hindustani-raag-small_00000140,0.7766689413302619
india_u020,neerajaabhyankar_hindustani-raag-small_00000096,1.9600230256188584
india_u020,neerajaabhyankar_hindustani-raag-small_00000066,1.718285827776788
india_u020,neerajaabhyankar_hindustani-raag-small_00000085,1.7911000427973045
india_u020,neerajaabhyankar_hindustani-raag-small_00000068,1.2243617485566067
india_u020,neerajaabhyankar_hindustani-raag-small_00000105,1.755802324006396
india_u020,neerajaabhyankar_hindustani-raag-small_00000088,0.9601611253658078
india_u020,neerajaabhyankar_hindustani-raag-small_00000143,1.6429222678462627
india_u020,neerajaabhyankar_hindustani-raag-small_00000086,0.7106752375835339
india_u020,neerajaabhyankar_hindustani-raag-small_00000059,0.960577873943763
india_u020,neerajaabhyankar_hindustani-raag-small_00000113,1.1685989950395992
india_u020,neerajaabhyankar_hindustani-raag-small_00000018,0.9834795772151328
india_u020,neerajaabhyankar_hindustani-raag-small_00000036,1.0805256734362754
india_u020,neerajaabhyankar_hindustani-raag-small_00000141,1.730157117175547
india_u020,neerajaabhyankar_hindustani-raag-small_00000051,0.8850138382132513
india_u021,neerajaabhyankar_hindustani-raag-small_00000052,0.7396077014340637
india_u021,neerajaabhyankar_hindustani-raag-small_00000013,0.9808760936748592
india_u021,neerajaabhyankar_hindustani-raag-small_00000088,1.946423973056162
india_u021,neerajaabhyankar_hindustani-raag-small_00000109,1.4327170766797057
india_u021,neerajaabhyankar_hindustani-raag-small_00000091,0.9162666791510228
india_u021,neerajaabhyankar_hindustani-raag-small_00000054,1.1763729007431558
india_u021,neerajaabhyankar_hindustani-raag-small_00000053,1.7532695561464915
india_u021,neerajaabhyankar_hindustani-raag-small_00000080,1.5026653560586603
india_u021,neerajaabhyankar_hindustani-raag-small_00000006,1.3409792610937523
india_u021,neerajaabhyankar_hindustani-raag-small_00000008,1.8277443149507615
india_u021,neerajaabhyankar_hindustani-raag-small_00000138,1.5086593583251855
india_u021,neerajaabhyankar_hindustani-raag-small_00000034,1.4640945961866432
india_u021,neerajaabhyankar_hindustani-raag-small_00000123,0.7846522058161522
india_u021,neerajaabhyankar_hindustani-raag-small_00000040,0.6595830245186116
india_u021,neerajaabhyankar_hindustani-raag-small_00000068,1.9477131755860986
india_u021,neerajaabhyankar_hindustani-raag-small_00000136,1.398287555150529
india_u021,neerajaabhyankar_hindustani-raag-small_00000065,1.1235251137196436
india_u021,neerajaabhyankar_hindustani-raag-small_00000105,1.3835312313653263
india_u021,neerajaabhyankar_hindustani-raag-small_00000111,0.5927179416075731
india_u021,neerajaabhyankar_hindustani-raag-small_00000151,1.7331909108561603
india_u021,neerajaabhyankar_hindustani-raag-small_00000005,0.824968303346504
india_u021,neerajaabhyankar_hindustani-raag-small_00000019,1.7068190094769204
india_u021,neerajaabhyankar_hindustani-raag-small_00000118,1.301567664895416
india_u021,neerajaabhyankar_hindustani-raag-small_00000121,0.9148580204853541
india_u021,neerajaabhyankar_hindustani-raag-small_00000015,0.5453149223631057
india_u021,neerajaabhyankar_hindustani-raag-small_00000042,1.7237500329899085
india_u021,neerajaabhyankar_hindustani-raag-small_00000077,0.76469021220396
india_u021,neerajaabhyankar_hindustani-raag-small_00000097,0.5777076734598101
india_u021,neerajaabhyankar_hindustani-raag-small_00000048,1.6338165962388214
india_u021,neerajaabhyankar_hindustani-raag-small_00000159,1.025064833559468
india_u021,neerajaabhyankar_hindustani-raag-small_00000071,1.084001008387475
india_u021,neerajaabhyankar_hindustani-raag-small_00000009,0.8706013809210784
india_u021,neerajaabhyankar_hindustani-raag-small_00000089,1.7887677180453456
india_u021,neerajaabhyankar_hindustani-raag-small_00000081,0.9459942891597981
india_u021,neerajaabhyankar_hindustani-raag-small_00000055,0.8152888546265358
india_u021,neerajaabhyankar_hindustani-raag-small_00000122,0.9638745895042342
india_u021,neerajaabhyankar_hindustani-raag-small_00000102,0.8047243627510954
india_u021,neerajaabhyankar_hindustani-raag-small_00000156,0.9764828312078112
india_u021,neerajaabhyankar_hindustani-raag-small_00000096,0.6244043343022596
india_u021,neerajaabhyankar_hindustani-raag-small_00000074,0.7377950436791876
india_u022,neerajaabhyankar_hindustani-raag-small_00000051,0.5710763507263978
india_u022,neerajaabhyankar_hindustani-raag-small_00000117,0.5371668127423952
india_u022,neerajaabhyankar_hindustani-raag-small_00000052,1.1450398544682818
india_u022,neerajaabhyankar_hindustani-raag-small_00000005,1.8250179060544518
india_u022,neerajaabhyankar_hindustani-raag-small_00000029,0.8660941681897856
india_u022,neerajaabhyankar_hindustani-raag-small_00000143,1.361083258672732
india_u022,neerajaabhyankar_hindustani-raag-small_00000109,1.5264587295196428
india_u022,neerajaabhyankar_hindustani-raag-small_00000018,0.5912448012520422
india_u022,neerajaabhyankar_hindustani-raag-small_00000125,0.7296505637050656
india_u022,neerajaabhyankar_hindustani-raag-small_00000034,0.9969151901293506
india_u022,neerajaabhyankar_hindustani-raag-small_00000028,1.5051397612228556
india_u022,neerajaabhyankar_hindustani-raag-small_00000059,1.1585526683421454
india_u022,neerajaabhyankar_hindustani-raag-small_00000123,1.601292602327368
india_u022,neerajaabhyankar_hindustani-raag-small_00000118,1.8013967983597887
india_u022,neerajaabhyankar_hindustani-raag-small_00000135,1.6375584148978144
india_u022,neerajaabhyankar_hindustani-raag-small_00000111,1.9883708109698737
india_u022,neerajaabhyankar_hindustani-raag-small_00000057,1.6315416030974745
india_u022,neerajaabhyankar_hindustani-raag-small_00000156,1.7782687925111758
india_u022,neerajaabhyankar_hindustani-raag-small_00000054,1.7485495376975013
india_u022,neerajaabhyankar_hindustani-raag-small_00000053,1.59539864342007
india_u022,neerajaabhyankar_hindustani-raag-small_00000027,1.7027027249838358
india_u022,neerajaabhyankar_hindustani-raag-small_00000129,1.9020248418011154
india_u022,neerajaabhyankar_hindustani-raag-small_00000084,1.2128110677894388
india_u022,neerajaabhyankar_hindustani-raag-small_00000047,1.4574305358688153
india_u022,neerajaabhyankar_hindustani-raag-small_00000066,1.272409582359159
india_u022,neerajaabhyankar_hindustani-raag-small_00000153,1.7765554807881094
india_u022,neerajaabhyankar_hindustani-raag-small_00000091,1.147039404307261
india_u022,neerajaabhyankar_hindustani-raag-small_00000140,1.7295901567170993
india_u022,neerajaabhyankar_hindustani-raag-small_00000032,1.6990318625857082
india_u022,neerajaabhyankar_hindustani-raag-small_00000149,1.9428291520528858
india_u022,neerajaabhyankar_hindustani-raag-small_00000007,0.8733810488861282
india_u022,neerajaabhyankar_hindustani-raag-small_00000107,1.5644292648288685
india_u022,neerajaabhyankar_hindustani-raag-small_00000015,1.6353792464712293
india_u022,neerajaabhyankar_hindustani-raag-small_00000082,1.9044177392069985
india_u022,neerajaabhyankar_hindustani-raag-small_00000050,1.8603536270832965
india_u022,neerajaabhyankar_hindustani-raag-small_00000045,1.3602887925626725
india_u022,neerajaabhyankar_hindustani-raag-small_00000062,1.3687297787959696
india_u022,neerajaabhyankar_hindustani-raag-small_00000131,0.7509368426063441
india_u022,neerajaabhyankar_hindustani-raag-small_00000138,1.9624440536356567
india_u022,neerajaabhyankar_hindustani-raag-small_00000157,0.8825261940551403
india_u023,neerajaabhyankar_hindustani-raag-small_00000082,1.5566874320501254
india_u023,neerajaabhyankar_hindustani-raag-small_00000072,0.6173885115253552
india_u023,neerajaabhyankar_hindustani-raag-small_00000109,1.6370316247254604
india_u023,neerajaabhyankar_hindustani-raag-small_00000113,1.9427495107885515
india_u023,neerajaabhyankar_hindustani-raag-small_00000126,0.6274621296886076
india_u023,neerajaabhyankar_hindustani-raag-small_00000044,1.7541736768877818
india_u023,neerajaabhyankar_hindustani-raag-small_00000001,1.8994700399739068
india_u023,neerajaabhyankar_hindustani-raag-small_00000098,0.8392833347030931
india_u023,neerajaabhyankar_hindustani-raag-small_00000012,1.2872167814138056
india_u023,neerajaabhyankar_hindustani-raag-small_00000125,1.8917873381944827
india_u023,neerajaabhyankar_hindustani-raag-small_00000077,1.940339006784452
india_u023,neerajaabhyankar_hindustani-raag-small_00000148,0.6918235765284746
india_u023,neerajaabhyankar_hindustani-raag-small_00000107,1.023506338333176
india_u023,neerajaabhyankar_hindustani-raag-small_00000029,1.547216961726285
india_u023,neerajaabhyankar_hindustani-raag-small_00000138,0.8323377490788955
india_u023,neerajaabhyankar_hindustani-raag-small_00000028,0.9871559429517212
india_u023,neerajaabhyankar_hindustani-raag-small_00000118,0.53493659000704
india_u023,neerajaabhyankar_hindustani-raag-small_00000084,0.7302825213967983
india_u023,neerajaabhyankar_hindustani-raag-small_00000152,1.3434942416266158
india_u023,neerajaabhyankar_hindustani-raag-small_00000058,1.4796350994562741
india_u023,neerajaabhyankar_hindustani-raag-small_00000122,1.4733677466437554
india_u023,neerajaabhyankar_hindustani-raag-small_00000015,1.667540706167325
india_u023,neerajaabhyankar_hindustani-raag-small_00000111,1.1229221206081872
india_u023,neerajaabhyankar_hindustani-raag-small_00000057,0.9102360743617333
india_u023,neerajaabhyankar_hindustani-raag-small_00000035,0.5233710500637875
india_u023,neerajaabhyankar_hindustani-raag-small_00000056,0.8099447390785803
india_u023,neerajaabhyankar_hindustani-raag-small_00000116,0.9685817183030558
india_u023,neerajaabhyankar_hindustani-raag-small_00000089,0.7673102847206983
india_u023,neerajaabhyankar_hindustani-raag-small_00000054,0.5302167072449033
india_u023,neerajaabhyankar_hindustani-raag-small_00000060,0.7361714129977874
india_u023,neerajaabhyankar_hindustani-raag-small_00000068,1.4991493303513586
india_u023,neerajaabhyankar_hindustani-raag-small_00000115,1.4443781247088938
india_u023,neerajaabhyankar_hindustani-raag-small_00000099,1.9035254590970636
india_u023,neerajaabhyankar_hindustani-raag-small_00000100,1.6972524370959639
india_u023,neerajaabhyankar_hindustani-raag-small_00000027,1.3516341752617869
india_u023,neerajaabhyankar_hindustani-raag-small_00000153,0.706334521239817
india_u023,neerajaabhyankar_hindustani-raag-small_00000036,1.3461077283877354
india_u023,neerajaabhyankar_hindustani-raag-small_00000076,0.5923925913712711
india_u023,neerajaabhyankar_hindustani-raag-small_00000003,1.146327346116279
india_u023,neerajaabhyankar_hindustani-raag-small_00000024,1.0853879434207931
turkey_u000,bilal63_turkish_music_emotion_dataset_00000136,1.706437798815031
turkey_u000,bilal63_turkish_music_emotion_dataset_00000119,1.156304535157257
turkey_u000,bilal63_turkish_music_emotion_dataset_00000014,1.5593661675248702
turkey_u000,bilal63_turkish_music_emotion_dataset_00000040,0.6221637218612268
turkey_u000,bilal63_turkish_music_emotion_dataset_00000070,1.2049480911865502
turkey_u000,bilal63_turkish_music_emotion_dataset_00000120,0.5423292982659924
turkey_u000,bilal63_turkish_music_emotion_dataset_00000116,1.5138649877233472
turkey_u000,bilal63_turkish_music_emotion_dataset_00000063,1.0155651154956042
turkey_u000,bilal63_turkish_music_emotion_dataset_00000009,1.923879221158743
turkey_u000,bilal63_turkish_music_emotion_dataset_00000086,0.9861863219021291
turkey_u000,bilal63_turkish_music_emotion_dataset_00000018,1.3457088470265903
turkey_u000,bilal63_turkish_music_emotion_dataset_00000101,0.886081363541922
turkey_u000,bilal63_turkish_music_emotion_dataset_00000087,1.4301689434210105
turkey_u000,bilal63_turkish_music_emotion_dataset_00000047,1.2005635251998519
turkey_u000,bilal63_turkish_music_emotion_dataset_00000034,1.0559423922584492
turkey_u000,bilal63_turkish_music_emotion_dataset_00000081,0.8055340236202698
turkey_u000,bilal63_turkish_music_emotion_dataset_00000012,0.667282015957183
turkey_u000,bilal63_turkish_music_emotion_dataset_00000094,0.6798187009350098
turkey_u000,bilal63_turkish_music_emotion_dataset_00000072,1.9985600262583296
turkey_u000,bilal63_turkish_music_emotion_dataset_00000107,1.118466090285852
turkey_u000,bilal63_turkish_music_emotion_dataset_00000054,0.5028945618100091
turkey_u000,bilal63_turkish_music_emotion_dataset_00000076,1.9293931859390214
turkey_u000,bilal63_turkish_music_emotion_dataset_00000142,0.529969886344719
turkey_u000,bilal63_turkish_music_emotion_dataset_00000071,1.1278791883318005
turkey_u000,bilal63_turkish_music_emotion_dataset_00000004,1.576216378955984
turkey_u000,bilal63_turkish_music_emotion_dataset_00000044,1.8718988665576424
turkey_u000,bilal63_turkish_music_emotion_dataset_00000137,1.5693294371481517
turkey_u000,bilal63_turkish_music_emotion_dataset_00000153,1.1954386323500177
turkey_u000,bilal63_turkish_music_emotion_dataset_00000051,1.9616630584761552
turkey_u000,bilal63_turkish_music_emotion_dataset_00000145,0.5589790745499057
turkey_u000,bilal63_turkish_music_emotion_dataset_00000038,1.9803383038070121
turkey_u000,bilal63_turkish_music_emotion_dataset_00000082,1.7740873275626585
turkey_u000,bilal63_turkish_music_emotion_dataset_00000099,1.8933950256895387
turkey_u000,bilal63_turkish_music_emotion_dataset_00000075,0.882158636146305
turkey_u000,bilal63_turkish_music_emotion_dataset_00000073,0.7136871084264047
turkey_u000,bilal63_turkish_music_emotion_dataset_00000092,1.4949729190590502
turkey_u000,bilal63_turkish_music_emotion_dataset_00000052,1.27378915697918
turkey_u000,bilal63_turkish_music_emotion_dataset_00000045,1.284751941116569
turkey_u000,bilal63_turkish_music_emotion_dataset_00000093,1.8869287677248265
turkey_u000,bilal63_turkish_music_emotion_dataset_00000091,1.4301213599798932
turkey_u001,bilal63_turkish_music_emotion_dataset_00000038,0.8953244940154859
turkey_u001,bilal63_turkish_music_emotion_dataset_00000122,1.014032270566747
turkey_u001,bilal63_turkish_music_emotion_dataset_00000094,1.47365239878071
turkey_u001,bilal63_turkish_music_emotion_dataset_00000026,1.246545694211159
turkey_u001,bilal63_turkish_music_emotion_dataset_00000014,0.6398273190011907
turkey_u001,bilal63_turkish_music_emotion_dataset_00000004,0.6095619121426383
turkey_u001,bilal63_turkish_music_emotion_dataset_00000072,0.7784865434260555
turkey_u001,bilal63_turkish_music_emotion_dataset_00000052,0.7863277198583355
turkey_u001,bilal63_turkish_music_emotion_dataset_00000044,1.4124511354570473
turkey_u001,bilal63_turkish_music_emotion_dataset_00000109,0.7667216960683142
turkey_u001,bilal63_turkish_music_emotion_dataset_00000069,1.8225791349121558
turkey_u001,bilal63_turkish_music_emotion_dataset_00000018,0.8146409909201198
turkey_u001,bilal63_turkish_music_emotion_dataset_00000150,0.6366971681395739
turkey_u001,bilal63_turkish_music_emotion_dataset_00000095,1.8136190245394703
turkey_u001,bilal63_turkish_music_emotion_dataset_00000066,0.9429913641150995
turkey_u001,bilal63_turkish_music_emotion_dataset_00000151,1.1381339447506038
turkey_u001,bilal63_turkish_music_emotion_dataset_00000028,1.9385395760186634
turkey_u001,bilal63_turkish_music_emotion_dataset_00000055,1.9165538287366608
turkey_u001,bilal63_turkish_music_emotion_dataset_00000013,1.5723753338973767
turkey_u001,bilal63_turkish_music_emotion_dataset_00000096,0.6034084275988321
turkey_u001,bilal63_turkish_music_emotion_dataset_00000102,1.3900101881170963
turkey_u001,bilal63_turkish_music_emotion_dataset_00000080,1.9836169025633867
turkey_u001,bilal63_turkish_music_emotion_dataset_00000090,1.9203743426359707
turkey_u001,bilal63_turkish_music_emotion_dataset_00000125,0.6590037387799144
turkey_u001,bilal63_turkish_music_emotion_dataset_00000023,1.093950954635553
turkey_u001,bilal63_turkish_music_emotion_dataset_00000024,0.973305118854259
turkey_u001,bilal63_turkish_music_emotion_dataset_00000050,0.6945921603573584
turkey_u001,bilal63_turkish_music_emotion_dataset_00000127,1.5421974668731413
turkey_u001,bilal63_turkish_music_emotion_dataset_00000152,0.9107725465403551
turkey_u001,bilal63_turkish_music_emotion_dataset_00000016,1.0172987046879467
turkey_u001,bilal63_turkish_music_emotion_dataset_00000062,0.635538315052127
turkey_u001,bilal63_turkish_music_emotion_dataset_00000060,1.2469513381679984
turkey_u001,bilal63_turkish_music_emotion_dataset_00000077,0.7372517954780847
turkey_u001,bilal63_turkish_music_emotion_dataset_00000116,1.1481356353692336
turkey_u001,bilal63_turkish_music_emotion_dataset_00000101,0.7150133331549522
turkey_u001,bilal63_turkish_music_emotion_dataset_00000087,1.9307748349252187
turkey_u001,bilal63_turkish_music_emotion_dataset_00000134,0.7174737997957139
turkey_u001,bilal63_turkish_music_emotion_dataset_00000070,1.28283073077595
turkey_u001,bilal63_turkish_music_emotion_dataset_00000031,0.7954697379784812
turkey_u001,bilal63_turkish_music_emotion_dataset_00000107,0.6145427052089139
turkey_u002,bilal63_turkish_music_emotion_dataset_00000059,1.322395762749898
turkey_u002,bilal63_turkish_music_emotion_dataset_00000001,0.8759133116045896
turkey_u002,bilal63_turkish_music_emotion_dataset_00000158,1.1791576176692267
turkey_u002,bilal63_turkish_music_emotion_dataset_00000028,0.6316066746239533
turkey_u002,bilal63_turkish_music_emotion_dataset_00000148,1.5819052188858285
turkey_u002,bilal63_turkish_music_emotion_dataset_00000048,0.8325457225652348
turkey_u002,bilal63_turkish_music_emotion_dataset_00000032,0.7900780397398339
turkey_u002,bilal63_turkish_music_emotion_dataset_00000146,0.9723177174162545
turkey_u002,bilal63_turkish_music_emotion_dataset_00000031,1.853554880394713
turkey_u002,bilal63_turkish_music_emotion_dataset_00000149,1.694699972425314
turkey_u002,bilal63_turkish_music_emotion_dataset_00000051,1.9203384367006364
turkey_u002,bilal63_turkish_music_emotion_dataset_00000154,1.4779435190496282
turkey_u002,bilal63_turkish_music_emotion_dataset_00000007,1.4943822665481314
turkey_u002,bilal63_turkish_music_emotion_dataset_00000062,1.2200464991393254
turkey_u002,bilal63_turkish_music_emotion_dataset_00000111,1.8577794850504632
turkey_u002,bilal63_turkish_music_emotion_dataset_00000079,1.2663157239054934
turkey_u002,bilal63_turkish_music_emotion_dataset_00000124,1.0325901061925369
turkey_u002,bilal63_turkish_music_emotion_dataset_00000024,1.4605625148764978
turkey_u002,bilal63_turkish_music_emotion_dataset_00000131,1.3192092401014452
turkey_u002,bilal63_turkish_music_emotion_dataset_00000070,0.6860297229648432
turkey_u002,bilal63_turkish_music_emotion_dataset_00000083,1.0890881208686443
turkey_u002,bilal63_turkish_music_emotion_dataset_00000087,0.9699881166417199
turkey_u002,bilal63_turkish_music_emotion_dataset_00000012,1.7702506625166976
turkey_u002,bilal63_turkish_music_emotion_dataset_00000009,1.0682638354596632
turkey_u002,bilal63_turkish_music_emotion_dataset_00000010,1.732332848958339
turkey_u002,bilal63_turkish_music_emotion_dataset_00000065,1.1635843908514183
turkey_u002,bilal63_turkish_music_emotion_dataset_00000038,1.630250845168415
turkey_u002,bilal63_turkish_music_emotion_dataset_00000063,0.7029228927667849
turkey_u002,bilal63_turkish_music_emotion_dataset_00000030,1.8869753294876936
turkey_u002,bilal63_turkish_music_emotion_dataset_00000052,1.2208398361983774
turkey_u002,bilal63_turkish_music_emotion_dataset_00000017,0.8896973684394596
turkey_u002,bilal63_turkish_music_emotion_dataset_00000081,0.8622344095472103
turkey_u002,bilal63_turkish_music_emotion_dataset_00000011,0.8976159328624579
turkey_u002,bilal63_turkish_music_emotion_dataset_00000019,1.0500862593769515
turkey_u002,bilal63_turkish_music_emotion_dataset_00000135,1.5762792990134251
turkey_u002,bilal63_turkish_music_emotion_dataset_00000133,1.9244045643511902
turkey_u002,bilal63_turkish_music_emotion_dataset_00000006,1.5035561451854482
turkey_u002,bilal63_turkish_music_emotion_dataset_00000068,1.3207494064161511
turkey_u002,bilal63_turkish_music_emotion_dataset_00000075,1.1728967120257021
turkey_u002,bilal63_turkish_music_emotion_dataset_00000084,1.7422917005564247
turkey_u003,bilal63_turkish_music_emotion_dataset_00000019,0.8289076263846366
turkey_u003,bilal63_turkish_music_emotion_dataset_00000062,0.9848109342391743
turkey_u003,bilal63_turkish_music_emotion_dataset_00000016,1.3866164254307531
turkey_u003,bilal63_turkish_music_emotion_dataset_00000022,1.4326942907000293
turkey_u003,bilal63_turkish_music_emotion_dataset_00000112,1.5301309378121863
turkey_u003,bilal63_turkish_music_emotion_dataset_00000132,1.857789134320194
turkey_u003,bilal63_turkish_music_emotion_dataset_00000093,0.9425602107448072
turkey_u003,bilal63_turkish_music_emotion_dataset_00000064,1.4881384838101634
turkey_u003,bilal63_turkish_music_emotion_dataset_00000027,1.3395842686665382
turkey_u003,bilal63_turkish_music_emotion_dataset_00000128,0.9587558606188507
turkey_u003,bilal63_turkish_music_emotion_dataset_00000040,1.8611227798905101
turkey_u003,bilal63_turkish_music_emotion_dataset_00000094,0.6432251179388262
turkey_u003,bilal63_turkish_music_emotion_dataset_00000060,1.5680015402480771
turkey_u003,bilal63_turkish_music_emotion_dataset_00000100,1.5918105695339029
turkey_u003,bilal63_turkish_music_emotion_dataset_00000068,1.8729897915349425
turkey_u003,bilal63_turkish_music_emotion_dataset_00000050,1.2778708885270302
turkey_u003,bilal63_turkish_music_emotion_dataset_00000039,0.9824335073288688
turkey_u003,bilal63_turkish_music_emotion_dataset_00000081,1.7416110047900308
turkey_u003,bilal63_turkish_music_emotion_dataset_00000065,1.656215422748589
turkey_u003,bilal63_turkish_music_emotion_dataset_00000120,1.2504734216292055
turkey_u003,bilal63_turkish_music_emotion_dataset_00000146,1.6517860634507167
turkey_u003,bilal63_turkish_music_emotion_dataset_00000121,0.9018134031158912
turkey_u003,bilal63_turkish_music_emotion_dataset_00000104,1.384259495605202
turkey_u003,bilal63_turkish_music_emotion_dataset_00000061,1.7977751821818133
turkey_u003,bilal63_turkish_music_emotion_dataset_00000107,0.9769767569247687
turkey_u003,bilal63_turkish_music_emotion_dataset_00000015,1.225324973646115
turkey_u003,bilal63_turkish_music_emotion_dataset_00000055,1.9265672812593342
turkey_u003,bilal63_turkish_music_emotion_dataset_00000130,1.697317762957605
turkey_u003,bilal63_turkish_music_emotion_dataset_00000158,1.830558530495829
turkey_u003,bilal63_turkish_music_emotion_dataset_00000099,1.0778705913356696
turkey_u003,bilal63_turkish_music_emotion_dataset_00000135,1.9947578894518383
turkey_u003,bilal63_turkish_music_emotion_dataset_00000036,0.7288484070257195
turkey_u003,bilal63_turkish_music_emotion_dataset_00000159,1.2781558748244635
turkey_u003,bilal63_turkish_music_emotion_dataset_00000029,1.218910073444374
turkey_u003,bilal63_turkish_music_emotion_dataset_00000157,1.6976482862002018
turkey_u003,bilal63_turkish_music_emotion_dataset_00000143,1.862926658772518
turkey_u003,bilal63_turkish_music_emotion_dataset_00000136,1.5967090653620897
turkey_u003,bilal63_turkish_music_emotion_dataset_00000102,1.4402243541954542
turkey_u003,bilal63_turkish_music_emotion_dataset_00000116,1.1411437862727556
turkey_u003,bilal63_turkish_music_emotion_dataset_00000038,1.2654888756136011
turkey_u004,bilal63_turkish_music_emotion_dataset_00000072,1.68357991941072
turkey_u004,bilal63_turkish_music_emotion_dataset_00000014,1.3333377013199208
turkey_u004,bilal63_turkish_music_emotion_dataset_00000150,1.4176405316727492
turkey_u004,bilal63_turkish_music_emotion_dataset_00000022,1.9787798006634916
turkey_u004,bilal63_turkish_music_emotion_dataset_00000075,1.4809807996266755
turkey_u004,bilal63_turkish_music_emotion_dataset_00000038,1.8482253385053768
turkey_u004,bilal63_turkish_music_emotion_dataset_00000092,1.5886253520788705
turkey_u004,bilal63_turkish_music_emotion_dataset_00000008,0.6910791825871251
turkey_u004,bilal63_turkish_music_emotion_dataset_00000071,1.5491355654834689
turkey_u004,bilal63_turkish_music_emotion_dataset_00000076,1.2264733830282228
turkey_u004,bilal63_turkish_music_emotion_dataset_00000102,1.8781969894735138
turkey_u004,bilal63_turkish_music_emotion_dataset_00000145,1.7102516707856827
turkey_u004,bilal63_turkish_music_emotion_dataset_00000063,0.6562020314108379
turkey_u004,bilal63_turkish_music_emotion_dataset_00000011,0.7008734654803377
turkey_u004,bilal63_turkish_music_emotion_dataset_00000004,0.6044165026979084
turkey_u004,bilal63_turkish_music_emotion_dataset_00000105,1.2398673121169261
turkey_u004,bilal63_turkish_music_emotion_dataset_00000015,0.6211576388110296
turkey_u004,bilal63_turkish_music_emotion_dataset_00000051,1.5855175048620411
turkey_u004,bilal63_turkish_music_emotion_dataset_00000036,1.3285378721756491
turkey_u004,bilal63_turkish_music_emotion_dataset_00000002,1.7538275263297136
turkey_u004,bilal63_turkish_music_emotion_dataset_00000097,0.9196936830069744
turkey_u004,bilal63_turkish_music_emotion_dataset_00000159,1.2787111762417112
turkey_u004,bilal63_turkish_music_emotion_dataset_00000053,0.6762195288658166
turkey_u004,bilal63_turkish_music_emotion_dataset_00000084,1.8269150039754207
turkey_u004,bilal63_turkish_music_emotion_dataset_00000109,0.7625074434347574
turkey_u004,bilal63_turkish_music_emotion_dataset_00000136,0.6535433770256075
turkey_u004,bilal63_turkish_music_emotion_dataset_00000083,0.8075758977847749
turkey_u004,bilal63_turkish_music_emotion_dataset_00000007,1.7093472330844721
turkey_u004,bilal63_turkish_music_emotion_dataset_00000065,0.6587217915270243
turkey_u004,bilal63_turkish_music_emotion_dataset_00000010,1.4216412422572489
turkey_u004,bilal63_turkish_music_emotion_dataset_00000052,1.6192719509226885
turkey_u004,bilal63_turkish_music_emotion_dataset_00000067,1.6266217407243067
turkey_u004,bilal63_turkish_music_emotion_dataset_00000069,0.7850913299121967
turkey_u004,bilal63_turkish_music_emotion_dataset_00000062,0.592435997566418
turkey_u004,bilal63_turkish_music_emotion_dataset_00000151,1.1732095756583263
turkey_u004,bilal63_turkish_music_emotion_dataset_00000000,0.8037280178668191
turkey_u004,bilal63_turkish_music_emotion_dataset_00000017,1.548906213520907
turkey_u004,bilal63_turkish_music_emotion_dataset_00000042,1.0350391994831316
turkey_u004,bilal63_turkish_music_emotion_dataset_00000060,1.174030911549698
turkey_u004,bilal63_turkish_music_emotion_dataset_00000117,0.6702273996525677
turkey_u005,bilal63_turkish_music_emotion_dataset_00000039,1.2961346029041043
turkey_u005,bilal63_turkish_music_emotion_dataset_00000009,1.7692722940174817
turkey_u005,bilal63_turkish_music_emotion_dataset_00000031,0.605976073656666
turkey_u005,bilal63_turkish_music_emotion_dataset_00000114,0.5457213636869741
turkey_u005,bilal63_turkish_music_emotion_dataset_00000144,1.1977522037552646
turkey_u005,bilal63_turkish_music_emotion_dataset_00000074,1.934281122580452
turkey_u005,bilal63_turkish_music_emotion_dataset_00000104,0.9185147051211896
turkey_u005,bilal63_turkish_music_emotion_dataset_00000063,1.9387558086005725
turkey_u005,bilal63_turkish_music_emotion_dataset_00000125,1.831521764885002
turkey_u005,bilal63_turkish_music_emotion_dataset_00000068,0.9247026145812667
turkey_u005,bilal63_turkish_music_emotion_dataset_00000151,1.7254220963842202
turkey_u005,bilal63_turkish_music_emotion_dataset_00000035,1.5288009538532281
turkey_u005,bilal63_turkish_music_emotion_dataset_00000041,1.2677335833571357
turkey_u005,bilal63_turkish_music_emotion_dataset_00000033,1.134374214564312
turkey_u005,bilal63_turkish_music_emotion_dataset_00000107,1.723254133888185
turkey_u005,bilal63_turkish_music_emotion_dataset_00000023,1.6896191490425319
turkey_u005,bilal63_turkish_music_emotion_dataset_00000043,1.6354045039138387
turkey_u005,bilal63_turkish_music_emotion_dataset_00000091,1.9973839268229439
turkey_u005,bilal63_turkish_music_emotion_dataset_00000081,1.2177686914120758
turkey_u005,bilal63_turkish_music_emotion_dataset_00000117,1.7103844667298738
turkey_u005,bilal63_turkish_music_emotion_dataset_00000024,1.7937175504752176
turkey_u005,bilal63_turkish_music_emotion_dataset_00000127,0.8174038721805259
turkey_u005,bilal63_turkish_music_emotion_dataset_00000010,0.5630996630795915
turkey_u005,bilal63_turkish_music_emotion_dataset_00000139,1.1071226032828694
turkey_u005,bilal63_turkish_music_emotion_dataset_00000126,1.785105026655164
turkey_u005,bilal63_turkish_music_emotion_dataset_00000005,0.9336549217917653
turkey_u005,bilal63_turkish_music_emotion_dataset_00000154,1.5500152311011361
turkey_u005,bilal63_turkish_music_emotion_dataset_00000026,0.511022208596394
turkey_u005,bilal63_turkish_music_emotion_dataset_00000046,1.0330466484803567
turkey_u005,bilal63_turkish_music_emotion_dataset_00000001,1.4232750421372269
turkey_u005,bilal63_turkish_music_emotion_dataset_00000134,0.6946357851085053
turkey_u005,bilal63_turkish_music_emotion_dataset_00000116,1.844910368221151
turkey_u005,bilal63_turkish_music_emotion_dataset_00000088,0.7344109656756188
turkey_u005,bilal63_turkish_music_emotion_dataset_00000062,1.8646903175059921
turkey_u005,bilal63_turkish_music_emotion_dataset_00000103,0.824583963024462
turkey_u005,bilal63_turkish_music_emotion_dataset_00000086,1.9914180108737611
turkey_u005,bilal63_turkish_music_emotion_dataset_00000021,1.4071230699433863
turkey_u005,bilal63_turkish_music_emotion_dataset_00000069,0.626517341657467
turkey_u005,bilal63_turkish_music_emotion_dataset_00000131,0.5979158517179898
turkey_u005,bilal63_turkish_music_emotion_dataset_00000084,0.6123825443892031
turkey_u006,bilal63_turkish_music_emotion_dataset_00000037,1.211084323891723
turkey_u006,bilal63_turkish_music_emotion_dataset_00000139,1.7603765309417176
turkey_u006,bilal63_turkish_music_emotion_dataset_00000076,0.6054667078466831
turkey_u006,bilal63_turkish_music_emotion_dataset_00000063,0.5273466094834754
turkey_u006,bilal63_turkish_music_emotion_dataset_00000070,0.537421578059976
turkey_u006,bilal63_turkish_music_emotion_dataset_00000050,1.2669053591540504
turkey_u006,bilal63_turkish_music_emotion_dataset_00000026,1.7173951168949944
turkey_u006,bilal63_turkish_music_emotion_dataset_00000138,0.6911400066088995
turkey_u006,bilal63_turkish_music_emotion_dataset_00000056,0.6869153811193109
turkey_u006,bilal63_turkish_music_emotion_dataset_00000155,1.3528202825746876
turkey_u006,bilal63_turkish_music_emotion_dataset_00000018,0.8514434012178855
turkey_u006,bilal63_turkish_music_emotion_dataset_00000148,1.5953206027173108
turkey_u006,bilal63_turkish_music_emotion_dataset_00000001,1.9244530822651247
turkey_u006,bilal63_turkish_music_emotion_dataset_00000051,1.6490501099006196
turkey_u006,bilal63_turkish_music_emotion_dataset_00000022,1.8157630495683748
turkey_u006,bilal63_turkish_music_emotion_dataset_00000098,1.2793790863575054
turkey_u006,bilal63_turkish_music_emotion_dataset_00000100,1.7484789563263
turkey_u006,bilal63_turkish_music_emotion_dataset_00000110,0.7743547759800236
turkey_u006,bilal63_turkish_music_emotion_dataset_00000071,0.6025218355934411
turkey_u006,bilal63_turkish_music_emotion_dataset_00000133,1.4839296651870288
turkey_u006,bilal63_turkish_music_emotion_dataset_00000103,0.5779287556370839
turkey_u006,bilal63_turkish_music_emotion_dataset_00000149,1.8387221287095208
turkey_u006,bilal63_turkish_music_emotion_dataset_00000039,1.5373312206611278
turkey_u006,bilal63_turkish_music_emotion_dataset_00000081,1.928301088113368
turkey_u006,bilal63_turkish_music_emotion_dataset_00000044,0.9708299844698535
turkey_u006,bilal63_turkish_music_emotion_dataset_00000096,1.2292374638024313
turkey_u006,bilal63_turkish_music_emotion_dataset_00000126,1.6125355475676786
turkey_u006,bilal63_turkish_music_emotion_dataset_00000003,0.8641684781912309
turkey_u006,bilal63_turkish_music_emotion_dataset_00000002,1.3127732301675004
turkey_u006,bilal63_turkish_music_emotion_dataset_00000156,1.489200912508217
turkey_u006,bilal63_turkish_music_emotion_dataset_00000029,1.9682129816705618
turkey_u006,bilal63_turkish_music_emotion_dataset_00000057,1.6170549413635773
turkey_u006,bilal63_turkish_music_emotion_dataset_00000116,0.6771962754186109
turkey_u006,bilal63_turkish_music_emotion_dataset_00000064,1.2130001770749654
turkey_u006,bilal63_turkish_music_emotion_dataset_00000049,1.3831561744843581
turkey_u006,bilal63_turkish_music_emotion_dataset_00000034,0.7199347142965291
turkey_u006,bilal63_turkish_music_emotion_dataset_00000092,1.1479490854716174
turkey_u006,bilal63_turkish_music_emotion_dataset_00000130,0.9260087245037345
turkey_u006,bilal63_turkish_music_emotion_dataset_00000041,0.678241313393039
turkey_u006,bilal63_turkish_music_emotion_dataset_00000142,1.2680629001951818
turkey_u007,bilal63_turkish_music_emotion_dataset_00000134,1.6137339365834333
turkey_u007,bilal63_turkish_music_emotion_dataset_00000021,0.7259791361493695
turkey_u007,bilal63_turkish_music_emotion_dataset_00000022,0.8855300234726866
turkey_u007,bilal63_turkish_music_emotion_dataset_00000156,1.6628498782898222
turkey_u007,bilal63_turkish_music_emotion_dataset_00000020,1.302075076134065
turkey_u007,bilal63_turkish_music_emotion_dataset_00000015,0.5209590791276939
turkey_u007,bilal63_turkish_music_emotion_dataset_00000074,0.5033528071210958
turkey_u007,bilal63_turkish_music_emotion_dataset_00000083,1.2659909476098457
turkey_u007,bilal63_turkish_music_emotion_dataset_00000045,0.9574332706237922
turkey_u007,bilal63_turkish_music_emotion_dataset_00000116,0.7704671689927657
turkey_u007,bilal63_turkish_music_emotion_dataset_00000125,1.4203909065741664
turkey_u007,bilal63_turkish_music_emotion_dataset_00000044,0.8426547075761406
turkey_u007,bilal63_turkish_music_emotion_dataset_00000130,1.3883107245274218
turkey_u007,bilal63_turkish_music_emotion_dataset_00000093,1.0688989258794093
turkey_u007,bilal63_turkish_music_emotion_dataset_00000141,0.7801193265046846
turkey_u007,bilal63_turkish_music_emotion_dataset_00000054,0.707157106803123
turkey_u007,bilal63_turkish_music_emotion_dataset_00000023,0.855290904690932
turkey_u007,bilal63_turkish_music_emotion_dataset_00000147,0.5447481620194776
turkey_u007,bilal63_turkish_music_emotion_dataset_00000095,0.9621904430544026
turkey_u007,bilal63_turkish_music_emotion_dataset_00000008,1.8529320352726912
turkey_u007,bilal63_turkish_music_emotion_dataset_00000025,1.7470431888245423
turkey_u007,bilal63_turkish_music_emotion_dataset_00000071,1.0580056350794884
turkey_u007,bilal63_turkish_music_emotion_dataset_00000019,1.3637504278727057
turkey_u007,bilal63_turkish_music_emotion_dataset_00000090,1.3510408385210877
turkey_u007,bilal63_turkish_music_emotion_dataset_00000107,1.7431063087905685
turkey_u007,bilal63_turkish_music_emotion_dataset_00000110,0.8544351522754484
turkey_u007,bilal63_turkish_music_emotion_dataset_00000077,0.9445812331895185
turkey_u007,bilal63_turkish_music_emotion_dataset_00000073,0.9526781506184172
turkey_u007,bilal63_turkish_music_emotion_dataset_00000120,0.5613049846575116
turkey_u007,bilal63_turkish_music_emotion_dataset_00000067,0.9720317949337882
turkey_u007,bilal63_turkish_music_emotion_dataset_00000030,1.8168706648820105
turkey_u007,bilal63_turkish_music_emotion_dataset_00000026,1.8679814713572216
turkey_u007,bilal63_turkish_music_emotion_dataset_00000042,0.6644530186528256
turkey_u007,bilal63_turkish_music_emotion_dataset_00000003,1.1870878124276472
turkey_u007,bilal63_turkish_music_emotion_dataset_00000041,1.0720233523814586
turkey_u007,bilal63_turkish_music_emotion_dataset_00000119,1.2340387949350817
turkey_u007,bilal63_turkish_music_emotion_dataset_00000010,1.3320792860880157
turkey_u007,bilal63_turkish_music_emotion_dataset_00000122,0.530388140026619
turkey_u007,bilal63_turkish_music_emotion_dataset_00000094,1.7633633718817412
turkey_u007,bilal63_turkish_music_emotion_dataset_00000031,1.9604961097600078
turkey_u008,bilal63_turkish_music_emotion_dataset_00000044,1.9941908864579108
turkey_u008,bilal63_turkish_music_emotion_dataset_00000066,0.6608162687902109
turkey_u008,bilal63_turkish_music_emotion_dataset_00000024,0.9070821992375555
turkey_u008,bilal63_turkish_music_emotion_dataset_00000146,1.0363973153346138
turkey_u008,bilal63_turkish_music_emotion_dataset_00000042,1.2183776117150076
turkey_u008,bilal63_turkish_music_emotion_dataset_00000054,1.2408646147315987
turkey_u008,bilal63_turkish_music_emotion_dataset_00000157,1.784292594722625
turkey_u008,bilal63_turkish_music_emotion_dataset_00000022,1.6558389541776497
turkey_u008,bilal63_turkish_music_emotion_dataset_00000019,0.52827736855693
turkey_u008,bilal63_turkish_music_emotion_dataset_00000014,1.1825326408747818
turkey_u008,bilal63_turkish_music_emotion_dataset_00000050,1.4271107573661332
turkey_u008,bilal63_turkish_music_emotion_dataset_00000095,1.1905933806395352
turkey_u008,bilal63_turkish_music_emotion_dataset_00000036,0.6959678840385535
turkey_u008,bilal63_turkish_music_emotion_dataset_00000087,1.0962111255359723
turkey_u008,bilal63_turkish_music_emotion_dataset_00000152,1.1174835426946041
turkey_u008,bilal63_turkish_music_emotion_dataset_00000148,0.7815738836746382
turkey_u008,bilal63_turkish_music_emotion_dataset_00000041,1.6344606717064303
turkey_u008,bilal63_turkish_music_emotion_dataset_00000132,0.9821010202137153
turkey_u008,bilal63_turkish_music_emotion_dataset_00000112,1.3834809358529243
turkey_u008,bilal63_turkish_music_emotion_dataset_00000138,1.2735952714381513
turkey_u008,bilal63_turkish_music_emotion_dataset_00000006,1.816140618824583
turkey_u008,bilal63_turkish_music_emotion_dataset_00000139,0.6830223977942573
turkey_u008,bilal63_turkish_music_emotion_dataset_00000143,0.6713945123801902
turkey_u008,bilal63_turkish_music_emotion_dataset_00000088,0.9504795036845237
turkey_u008,bilal63_turkish_music_emotion_dataset_00000096,1.1468224521887525
turkey_u008,bilal63_turkish_music_emotion_dataset_00000151,0.9478133731282092
turkey_u008,bilal63_turkish_music_emotion_dataset_00000030,1.6447806235928657
turkey_u008,bilal63_turkish_music_emotion_dataset_00000090,0.8678987646639496
turkey_u008,bilal63_turkish_music_emotion_dataset_00000029,0.6271621141583671
turkey_u008,bilal63_turkish_music_emotion_dataset_00000127,1.1206997148262214
turkey_u008,bilal63_turkish_music_emotion_dataset_00000100,1.660068932207726
turkey_u008,bilal63_turkish_music_emotion_dataset_00000077,1.775842915380112
turkey_u008,bilal63_turkish_music_emotion_dataset_00000046,1.6000172725450261
turkey_u008,bilal63_turkish_music_emotion_dataset_00000081,1.336830017749616
turkey_u008,bilal63_turkish_music_emotion_dataset_00000058,1.586287552623765
turkey_u008,bilal63_turkish_music_emotion_dataset_00000153,1.522084302955792
turkey_u008,bilal63_turkish_music_emotion_dataset_00000079,0.8515499487425913
turkey_u008,bilal63_turkish_music_emotion_dataset_00000110,1.3261383383047907
turkey_u008,bilal63_turkish_music_emotion_dataset_00000025,1.6559139989576481
turkey_u008,bilal63_turkish_music_emotion_dataset_00000073,0.9756809928127073
turkey_u009,bilal63_turkish_music_emotion_dataset_00000038,1.8145170040962757
turkey_u009,bilal63_turkish_music_emotion_dataset_00000072,0.7441245789497846
turkey_u009,bilal63_turkish_music_emotion_dataset_00000153,1.0462920642587907
turkey_u009,bilal63_turkish_music_emotion_dataset_00000040,1.773003030720994
turkey_u009,bilal63_turkish_music_emotion_dataset_00000126,0.7859641349089888
turkey_u009,bilal63_turkish_music_emotion_dataset_00000106,1.7320612044915125
turkey_u009,bilal63_turkish_music_emotion_dataset_00000044,0.6186037660519336
turkey_u009,bilal63_turkish_music_emotion_dataset_00000006,1.2338436007849851
turkey_u009,bilal63_turkish_music_emotion_dataset_00000105,0.6129959936685552
turkey_u009,bilal63_turkish_music_emotion_dataset_00000055,1.5168553775922713
turkey_u009,bilal63_turkish_music_emotion_dataset_00000147,1.6859022335834004
turkey_u009,bilal63_turkish_music_emotion_dataset_00000112,1.7747878223702043
turkey_u009,bilal63_turkish_music_emotion_dataset_00000014,1.9718933761159831
turkey_u009,bilal63_turkish_music_emotion_dataset_00000080,1.5080235834493803
turkey_u009,bilal63_turkish_music_emotion_dataset_00000074,1.6535928707600305
turkey_u009,bilal63_turkish_music_emotion_dataset_00000094,1.258637417481994
turkey_u009,bilal63_turkish_music_emotion_dataset_00000141,1.8691053517716893
turkey_u009,bilal63_turkish_music_emotion_dataset_00000026,1.465637573299194
turkey_u009,bilal63_turkish_music_emotion_dataset_00000021,1.8253271093770151
turkey_u009,bilal63_turkish_music_emotion_dataset_00000060,0.8531780255208212
turkey_u009,bilal63_turkish_music_emotion_dataset_00000076,1.2451066710770964
turkey_u009,bilal63_turkish_music_emotion_dataset_00000058,1.594728381595706
turkey_u009,bilal63_turkish_music_emotion_dataset_00000019,0.8040826318440248
turkey_u009,bilal63_turkish_music_emotion_dataset_00000050,0.8170096898929674
turkey_u009,bilal63_turkish_music_emotion_dataset_00000158,1.967064110608456
turkey_u009,bilal63_turkish_music_emotion_dataset_00000034,1.151915541105809
turkey_u009,bilal63_turkish_music_emotion_dataset_00000087,0.7727231793856575
turkey_u009,bilal63_turkish_music_emotion_dataset_00000004,0.9971958229722591
turkey_u009,bilal63_turkish_music_emotion_dataset_00000013,1.0960642223988883
turkey_u009,bilal63_turkish_music_emotion_dataset_00000031,1.4346278862053317
turkey_u009,bilal63_turkish_music_emotion_dataset_00000052,1.8845219885716287
turkey_u009,bilal63_turkish_music_emotion_dataset_00000098,1.9798851138831366
turkey_u009,bilal63_turkish_music_emotion_dataset_00000063,1.4775481383666689
turkey_u009,bilal63_turkish_music_emotion_dataset_00000011,1.549883541196587
turkey_u009,bilal63_turkish_music_emotion_dataset_00000115,0.9827437545448836
turkey_u009,bilal63_turkish_music_emotion_dataset_00000071,1.7857378931731236
turkey_u009,bilal63_turkish_music_emotion_dataset_00000127,0.8266975028304724
turkey_u009,bilal63_turkish_music_emotion_dataset_00000102,0.6595709739664514
turkey_u009,bilal63_turkish_music_emotion_dataset_00000002,1.9598839851464762
turkey_u009,bilal63_turkish_music_emotion_dataset_00000077,1.7962080152307984
turkey_u010,bilal63_turkish_music_emotion_dataset_00000155,1.7039689120896366
turkey_u010,bilal63_turkish_music_emotion_dataset_00000075,0.6893621548494233
turkey_u010,bilal63_turkish_music_emotion_dataset_00000107,0.6866732725225282
turkey_u010,bilal63_turkish_music_emotion_dataset_00000152,1.125098380841067
turkey_u010,bilal63_turkish_music_emotion_dataset_00000094,1.8051430844206582
turkey_u010,bilal63_turkish_music_emotion_dataset_00000073,1.8231274986432535
turkey_u010,bilal63_turkish_music_emotion_dataset_00000041,0.6610487745297953
turkey_u010,bilal63_turkish_music_emotion_dataset_00000016,1.3614459319483274
turkey_u010,bilal63_turkish_music_emotion_dataset_00000088,0.7335127956876694
turkey_u010,bilal63_turkish_music_emotion_dataset_00000017,1.5291939650041741
turkey_u010,bilal63_turkish_music_emotion_dataset_00000076,1.8746498718933597
turkey_u010,bilal63_turkish_music_emotion_dataset_00000060,1.1821539387133904
turkey_u010,bilal63_turkish_music_emotion_dataset_00000083,0.6246241620380772
turkey_u010,bilal63_turkish_music_emotion_dataset_00000091,1.3688812938418182
turkey_u010,bilal63_turkish_music_emotion_dataset_00000158,1.112775005203782
turkey_u010,bilal63_turkish_music_emotion_dataset_00000043,1.7163481285009403
turkey_u010,bilal63_turkish_music_emotion_dataset_00000071,1.0105166958895815
turkey_u010,bilal63_turkish_music_emotion_dataset_00000074,1.8123458007088837
turkey_u010,bilal63_turkish_music_emotion_dataset_00000052,0.9105506114521773
turkey_u010,bilal63_turkish_music_emotion_dataset_00000009,0.7362764538330289
turkey_u010,bilal63_turkish_music_emotion_dataset_00000144,0.9597205659778698
turkey_u010,bilal63_turkish_music_emotion_dataset_00000028,0.5523736877341198
turkey_u010,bilal63_turkish_music_emotion_dataset_00000058,0.921868950311362
turkey_u010,bilal63_turkish_music_emotion_dataset_00000050,1.490176450823046
turkey_u010,bilal63_turkish_music_emotion_dataset_00000093,0.7134244678348884
turkey_u010,bilal63_turkish_music_emotion_dataset_00000090,0.667047459179882
turkey_u010,bilal63_turkish_music_emotion_dataset_00000039,0.6985779368815256
turkey_u010,bilal63_turkish_music_emotion_dataset_00000151,0.6163275113921995
turkey_u010,bilal63_turkish_music_emotion_dataset_00000154,1.8119531177644093
turkey_u010,bilal63_turkish_music_emotion_dataset_00000131,1.9161726732447923
turkey_u010,bilal63_turkish_music_emotion_dataset_00000037,0.5698417275931794
turkey_u010,bilal63_turkish_music_emotion_dataset_00000150,1.6401076723153105
turkey_u010,bilal63_turkish_music_emotion_dataset_00000133,1.6057276200757966
turkey_u010,bilal63_turkish_music_emotion_dataset_00000157,1.9953641369150605
turkey_u010,bilal63_turkish_music_emotion_dataset_00000129,1.0218059925816023
turkey_u010,bilal63_turkish_music_emotion_dataset_00000030,0.9282634875356244
turkey_u010,bilal63_turkish_music_emotion_dataset_00000063,1.1796231812147409
turkey_u010,bilal63_turkish_music_emotion_dataset_00000143,1.7848627657237857
turkey_u010,bilal63_turkish_music_emotion_dataset_00000070,1.5928904638068482
turkey_u010,bilal63_turkish_music_emotion_dataset_00000102,1.207435720951254
turkey_u011,bilal63_turkish_music_emotion_dataset_00000126,0.9746902136228701
turkey_u011,bilal63_turkish_music_emotion_dataset_00000128,1.8741975318650403
turkey_u011,bilal63_turkish_music_emotion_dataset_00000122,1.0148925771205752
turkey_u011,bilal63_turkish_music_emotion_dataset_00000030,0.8550138522305275
turkey_u011,bilal63_turkish_music_emotion_dataset_00000054,1.8639519734604058
turkey_u011,bilal63_turkish_music_emotion_dataset_00000068,1.6189165339037224
turkey_u011,bilal63_turkish_music_emotion_dataset_00000019,1.522699570547296
turkey_u011,bilal63_turkish_music_emotion_dataset_00000071,0.5743024131003137
turkey_u011,bilal63_turkish_music_emotion_dataset_00000108,0.6968074410736638
turkey_u011,bilal63_turkish_music_emotion_dataset_00000075,1.4575099457144942
turkey_u011,bilal63_turkish_music_emotion_dataset_00000022,0.8141492547893903
turkey_u011,bilal63_turkish_music_emotion_dataset_00000102,0.8384569784455387
turkey_u011,bilal63_turkish_music_emotion_dataset_00000087,1.668707773015416
turkey_u011,bilal63_turkish_music_emotion_dataset_00000066,0.928887423255414
turkey_u011,bilal63_turkish_music_emotion_dataset_00000013,0.607380953227874
turkey_u011,bilal63_turkish_music_emotion_dataset_00000090,0.5546479209647917
turkey_u011,bilal63_turkish_music_emotion_dataset_00000109,1.1647669808679317
turkey_u011,bilal63_turkish_music_emotion_dataset_00000038,1.425692866526969
turkey_u011,bilal63_turkish_music_emotion_dataset_00000139,1.8033278500877044
turkey_u011,bilal63_turkish_music_emotion_dataset_00000137,0.6662065925489589
turkey_u011,bilal63_turkish_music_emotion_dataset_00000051,0.7950092394324444
turkey_u011,bilal63_turkish_music_emotion_dataset_00000052,1.2947009163612067
turkey_u011,bilal63_turkish_music_emotion_dataset_00000055,1.0461625433629627
turkey_u011,bilal63_turkish_music_emotion_dataset_00000053,1.223806176868242
turkey_u011,bilal63_turkish_music_emotion_dataset_00000077,1.886186973476323
turkey_u011,bilal63_turkish_music_emotion_dataset_00000154,1.3173374807970308
turkey_u011,bilal63_turkish_music_emotion_dataset_00000131,1.122680915918114
turkey_u011,bilal63_turkish_music_emotion_dataset_00000026,1.9841598600496173
turkey_u011,bilal63_turkish_music_emotion_dataset_00000144,0.5978235048493045
turkey_u011,bilal63_turkish_music_emotion_dataset_00000100,1.898170172556758
turkey_u011,bilal63_turkish_music_emotion_dataset_00000089,1.2524927630982245
turkey_u011,bilal63_turkish_music_emotion_dataset_00000158,1.2556345066507073
turkey_u011,bilal63_turkish_music_emotion_dataset_00000064,1.882946501304814
turkey_u011,bilal63_turkish_music_emotion_dataset_00000044,1.2609859693896044
turkey_u011,bilal63_turkish_music_emotion_dataset_00000032,1.1576106357952232
turkey_u011,bilal63_turkish_music_emotion_dataset_00000063,0.9087328881757986
turkey_u011,bilal63_turkish_music_emotion_dataset_00000011,1.4882251502261312
turkey_u011,bilal63_turkish_music_emotion_dataset_00000049,1.3544676364696424
turkey_u011,bilal63_turkish_music_emotion_dataset_00000107,0.8215181554216746
turkey_u011,bilal63_turkish_music_emotion_dataset_00000123,1.564119372591987
turkey_u012,bilal63_turkish_music_emotion_dataset_00000093,1.2762578665903237
turkey_u012,bilal63_turkish_music_emotion_dataset_00000057,1.5214499001877384
turkey_u012,bilal63_turkish_music_emotion_dataset_00000143,1.261563265299686
turkey_u012,bilal63_turkish_music_emotion_dataset_00000078,1.9109164972513377
turkey_u012,bilal63_turkish_music_emotion_dataset_00000103,1.1420422723725294
turkey_u012,bilal63_turkish_music_emotion_dataset_00000133,0.5238744545595664
turkey_u012,bilal63_turkish_music_emotion_dataset_00000038,0.8545603031134767
turkey_u012,bilal63_turkish_music_emotion_dataset_00000063,1.250910287159984
turkey_u012,bilal63_turkish_music_emotion_dataset_00000043,1.310857777832993
turkey_u012,bilal63_turkish_music_emotion_dataset_00000021,1.3285771839680802
turkey_u012,bilal63_turkish_music_emotion_dataset_00000109,1.5718281474051232
turkey_u012,bilal63_turkish_music_emotion_dataset_00000032,0.9119722139262918
turkey_u012,bilal63_turkish_music_emotion_dataset_00000077,1.4973555185622158
turkey_u012,bilal63_turkish_music_emotion_dataset_00000081,1.5560484096788192
turkey_u012,bilal63_turkish_music_emotion_dataset_00000054,1.1169211289312395
turkey_u012,bilal63_turkish_music_emotion_dataset_00000149,1.103253648719483
turkey_u012,bilal63_turkish_music_emotion_dataset_00000049,0.7683871784846746
turkey_u012,bilal63_turkish_music_emotion_dataset_00000031,1.1209810643830607
turkey_u012,bilal63_turkish_music_emotion_dataset_00000122,1.6802244375605186
turkey_u012,bilal63_turkish_music_emotion_dataset_00000144,1.863459508324826
turkey_u012,bilal63_turkish_music_emotion_dataset_00000011,1.3904197869769481
turkey_u012,bilal63_turkish_music_emotion_dataset_00000065,0.9490555150314481
turkey_u012,bilal63_turkish_music_emotion_dataset_00000158,1.523434577989597
turkey_u012,bilal63_turkish_music_emotion_dataset_00000024,1.610219313044006
turkey_u012,bilal63_turkish_music_emotion_dataset_00000145,0.9983191681709935
turkey_u012,bilal63_turkish_music_emotion_dataset_00000009,1.73982179223432
turkey_u012,bilal63_turkish_music_emotion_dataset_00000059,0.6105437482075101
turkey_u012,bilal63_turkish_music_emotion_dataset_00000116,0.5161305764000383
turkey_u012,bilal63_turkish_music_emotion_dataset_00000000,0.6844561589480789
turkey_u012,bilal63_turkish_music_emotion_dataset_00000002,0.7340125217412645
turkey_u012,bilal63_turkish_music_emotion_dataset_00000110,1.818393549421582
turkey_u012,bilal63_turkish_music_emotion_dataset_00000136,1.1374725533319212
turkey_u012,bilal63_turkish_music_emotion_dataset_00000153,0.9123975379555725
turkey_u012,bilal63_turkish_music_emotion_dataset_00000131,1.143612673980229
turkey_u012,bilal63_turkish_music_emotion_dataset_00000129,1.0922613390509484
turkey_u012,bilal63_turkish_music_emotion_dataset_00000086,0.9521925019820254
turkey_u012,bilal63_turkish_music_emotion_dataset_00000005,0.706849373617948
turkey_u012,bilal63_turkish_music_emotion_dataset_00000150,1.4838731929608209
turkey_u012,bilal63_turkish_music_emotion_dataset_00000091,0.704906604169483
turkey_u012,bilal63_turkish_music_emotion_dataset_00000107,1.6631366790090114
turkey_u013,bilal63_turkish_music_emotion_dataset_00000092,1.9995722765943391
turkey_u013,bilal63_turkish_music_emotion_dataset_00000128,0.8375354445269786
turkey_u013,bilal63_turkish_music_emotion_dataset_00000045,0.9207863081217341
turkey_u013,bilal63_turkish_music_emotion_dataset_00000084,1.1631594418335913
turkey_u013,bilal63_turkish_music_emotion_dataset_00000011,0.9030727230209947
turkey_u013,bilal63_turkish_music_emotion_dataset_00000070,1.5379900495797714
turkey_u013,bilal63_turkish_music_emotion_dataset_00000159,1.2213621682722209
turkey_u013,bilal63_turkish_music_emotion_dataset_00000102,0.8313182522743103
turkey_u013,bilal63_turkish_music_emotion_dataset_00000004,1.259561104229844
turkey_u013,bilal63_turkish_music_emotion_dataset_00000158,1.8331816495475577
turkey_u013,bilal63_turkish_music_emotion_dataset_00000037,1.6885934702750793
turkey_u013,bilal63_turkish_music_emotion_dataset_00000126,1.2482433866402316
turkey_u013,bilal63_turkish_music_emotion_dataset_00000091,0.9327389047129215
turkey_u013,bilal63_turkish_music_emotion_dataset_00000146,0.7698296970537917
turkey_u013,bilal63_turkish_music_emotion_dataset_00000039,1.8175743157803432
turkey_u013,bilal63_turkish_music_emotion_dataset_00000112,1.5652504107480445
turkey_u013,bilal63_turkish_music_emotion_dataset_00000138,1.3582449547211877
turkey_u013,bilal63_turkish_music_emotion_dataset_00000024,1.8191519689305027
turkey_u013,bilal63_turkish_music_emotion_dataset_00000017,0.6825354310611342
turkey_u013,bilal63_turkish_music_emotion_dataset_00000072,1.5237339290031024
turkey_u013,bilal63_turkish_music_emotion_dataset_00000151,0.825068468619848
turkey_u013,bilal63_turkish_music_emotion_dataset_00000115,0.6808661615239805
turkey_u013,bilal63_turkish_music_emotion_dataset_00000040,1.1984127650103997
turkey_u013,bilal63_turkish_music_emotion_dataset_00000032,1.0810893946465305
turkey_u013,bilal63_turkish_music_emotion_dataset_00000062,1.9117604139877782
turkey_u013,bilal63_turkish_music_emotion_dataset_00000009,0.9859693201277246
turkey_u013,bilal63_turkish_music_emotion_dataset_00000099,1.7223533885780036
turkey_u013,bilal63_turkish_music_emotion_dataset_00000149,1.623240500702517
turkey_u013,bilal63_turkish_music_emotion_dataset_00000152,1.5018858050878043
turkey_u013,bilal63_turkish_music_emotion_dataset_00000093,1.8806007094400894
turkey_u013,bilal63_turkish_music_emotion_dataset_00000114,1.1118868915720133
turkey_u013,bilal63_turkish_music_emotion_dataset_00000154,1.0845067789742986
turkey_u013,bilal63_turkish_music_emotion_dataset_00000155,0.7414211353722641
turkey_u013,bilal63_turkish_music_emotion_dataset_00000143,0.9136431132426037
turkey_u013,bilal63_turkish_music_emotion_dataset_00000003,1.8196646840913062
turkey_u013,bilal63_turkish_music_emotion_dataset_00000016,1.211573199367052
turkey_u013,bilal63_turkish_music_emotion_dataset_00000077,1.0120299832860657
turkey_u013,bilal63_turkish_music_emotion_dataset_00000086,0.8241680826232567
turkey_u013,bilal63_turkish_music_emotion_dataset_00000069,1.2274403753654224
turkey_u013,bilal63_turkish_music_emotion_dataset_00000041,1.5749980556967933
turkey_u014,bilal63_turkish_music_emotion_dataset_00000074,1.4318497673204953
turkey_u014,bilal63_turkish_music_emotion_dataset_00000099,1.439982773005031
turkey_u014,bilal63_turkish_music_emotion_dataset_00000093,0.6062007076604883
turkey_u014,bilal63_turkish_music_emotion_dataset_00000157,0.9755623443641797
turkey_u014,bilal63_turkish_music_emotion_dataset_00000055,1.8092082979930968
turkey_u014,bilal63_turkish_music_emotion_dataset_00000049,1.3732506023668676
turkey_u014,bilal63_turkish_music_emotion_dataset_00000149,1.1179620860179817
turkey_u014,bilal63_turkish_music_emotion_dataset_00000156,1.1976528926961438
turkey_u014,bilal63_turkish_music_emotion_dataset_00000032,0.8124199916537077
turkey_u014,bilal63_turkish_music_emotion_dataset_00000092,1.717822251061892
turkey_u014,bilal63_turkish_music_emotion_dataset_00000105,1.8710070581764513
turkey_u014,bilal63_turkish_music_emotion_dataset_00000123,1.8659960633750654
turkey_u014,bilal63_turkish_music_emotion_dataset_00000147,0.8359015875384495
turkey_u014,bilal63_turkish_music_emotion_dataset_00000043,0.9661104016646853
turkey_u014,bilal63_turkish_music_emotion_dataset_00000120,0.7409341622143052
turkey_u014,bilal63_turkish_music_emotion_dataset_00000154,0.9608017004484697
turkey_u014,bilal63_turkish_music_emotion_dataset_00000065,0.9992080581839005
turkey_u014,bilal63_turkish_music_emotion_dataset_00000108,1.4496586055969531
turkey_u014,bilal63_turkish_music_emotion_dataset_00000088,0.784469572322187
turkey_u014,bilal63_turkish_music_emotion_dataset_00000020,1.8790953865516153
turkey_u014,bilal63_turkish_music_emotion_dataset_00000152,0.6546492051279649
turkey_u014,bilal63_turkish_music_emotion_dataset_00000034,0.5103170165514996
turkey_u014,bilal63_turkish_music_emotion_dataset_00000079,1.7824176929457998
turkey_u014,bilal63_turkish_music_emotion_dataset_00000085,1.5556547116490744
turkey_u014,bilal63_turkish_music_emotion_dataset_00000153,1.0330398055339978
turkey_u014,bilal63_turkish_music_emotion_dataset_00000083,1.393249558865177
turkey_u014,bilal63_turkish_music_emotion_dataset_00000080,0.8353161512588501
turkey_u014,bilal63_turkish_music_emotion_dataset_00000127,0.752584472968064
turkey_u014,bilal63_turkish_music_emotion_dataset_00000084,1.2067237027080842
turkey_u014,bilal63_turkish_music_emotion_dataset_00000136,1.0297817445814412
turkey_u014,bilal63_turkish_music_emotion_dataset_00000141,1.4228450758029383
turkey_u014,bilal63_turkish_music_emotion_dataset_00000148,0.8272237768415472
turkey_u014,bilal63_turkish_music_emotion_dataset_00000100,1.494391550840928
turkey_u014,bilal63_turkish_music_emotion_dataset_00000026,1.6502922804542197
turkey_u014,bilal63_turkish_music_emotion_dataset_00000007,0.7499542145427116
turkey_u014,bilal63_turkish_music_emotion_dataset_00000063,0.565787425126874
turkey_u014,bilal63_turkish_music_emotion_dataset_00000128,1.159381062952008
turkey_u014,bilal63_turkish_music_emotion_dataset_00000057,1.6610361289886557
turkey_u014,bilal63_turkish_music_emotion_dataset_00000104,1.476169753361214
turkey_u014,bilal63_turkish_music_emotion_dataset_00000036,1.552822580621887
turkey_u015,bilal63_turkish_music_emotion_dataset_00000050,0.7386766206357092
turkey_u015,bilal63_turkish_music_emotion_dataset_00000095,1.9703669379139213
turkey_u015,bilal63_turkish_music_emotion_dataset_00000159,0.8382851874246273
turkey_u015,bilal63_turkish_music_emotion_dataset_00000155,1.1325328321753885
turkey_u015,bilal63_turkish_music_emotion_dataset_00000132,1.3378461001518598
turkey_u015,bilal63_turkish_music_emotion_dataset_00000054,0.6804285727341399
turkey_u015,bilal63_turkish_music_emotion_dataset_00000009,1.725230101218652
turkey_u015,bilal63_turkish_music_emotion_dataset_00000151,0.9120282990212447
turkey_u015,bilal63_turkish_music_emotion_dataset_00000150,1.3239048524024957
turkey_u015,bilal63_turkish_music_emotion_dataset_00000051,1.3244507160398704
turkey_u015,bilal63_turkish_music_emotion_dataset_00000123,1.4039609784886775
turkey_u015,bilal63_turkish_music_emotion_dataset_00000039,0.583228979786472
turkey_u015,bilal63_turkish_music_emotion_dataset_00000068,0.7529281427473518
turkey_u015,bilal63_turkish_music_emotion_dataset_00000069,0.7417883643850463
turkey_u015,bilal63_turkish_music_emotion_dataset_00000094,0.9530768891237777
turkey_u015,bilal63_turkish_music_emotion_dataset_00000025,0.7173712352875098
turkey_u015,bilal63_turkish_music_emotion_dataset_00000097,1.8828819811614346
turkey_u015,bilal63_turkish_music_emotion_dataset_00000008,1.269431675766951
turkey_u015,bilal63_turkish_music_emotion_dataset_00000138,1.4353627215540266
turkey_u015,bilal63_turkish_music_emotion_dataset_00000062,1.0362322630971812
turkey_u015,bilal63_turkish_music_emotion_dataset_00000131,0.9143692115508673
turkey_u015,bilal63_turkish_music_emotion_dataset_00000156,1.2547657553483194
turkey_u015,bilal63_turkish_music_emotion_dataset_00000079,0.9414844622522505
turkey_u015,bilal63_turkish_music_emotion_dataset_00000136,1.0154688885946463
turkey_u015,bilal63_turkish_music_emotion_dataset_00000125,1.1791263114062858
turkey_u015,bilal63_turkish_music_emotion_dataset_00000077,1.2586005307765333
turkey_u015,bilal63_turkish_music_emotion_dataset_00000067,1.976471017672758
turkey_u015,bilal63_turkish_music_emotion_dataset_00000108,0.8349838822429108
turkey_u015,bilal63_turkish_music_emotion_dataset_00000026,1.2319642473239707
turkey_u015,bilal63_turkish_music_emotion_dataset_00000116,0.7242676092340083
turkey_u015,bilal63_turkish_music_emotion_dataset_00000133,1.024998849061959
turkey_u015,bilal63_turkish_music_emotion_dataset_00000099,1.5759660780596065
turkey_u015,bilal63_turkish_music_emotion_dataset_00000049,0.7616932156408618
turkey_u015,bilal63_turkish_music_emotion_dataset_00000130,1.3720269613250649
turkey_u015,bilal63_turkish_music_emotion_dataset_00000070,1.1250515353520107
turkey_u015,bilal63_turkish_music_emotion_dataset_00000157,0.5773693166067095
turkey_u015,bilal63_turkish_music_emotion_dataset_00000029,1.899612862217667
turkey_u015,bilal63_turkish_music_emotion_dataset_00000003,1.1204047104393295
turkey_u015,bilal63_turkish_music_emotion_dataset_00000084,1.6758898036267493
turkey_u015,bilal63_turkish_music_emotion_dataset_00000085,1.1244702330977003
turkey_u016,bilal63_turkish_music_emotion_dataset_00000051,1.8750426171280248
turkey_u016,bilal63_turkish_music_emotion_dataset_00000113,1.9648699851850011
turkey_u016,bilal63_turkish_music_emotion_dataset_00000075,0.9494703445281036
turkey_u016,bilal63_turkish_music_emotion_dataset_00000127,0.7627780958765882
turkey_u016,bilal63_turkish_music_emotion_dataset_00000082,0.8292562264225146
turkey_u016,bilal63_turkish_music_emotion_dataset_00000142,1.2166283830294307
turkey_u016,bilal63_turkish_music_emotion_dataset_00000070,1.8117583986697676
turkey_u016,bilal63_turkish_music_emotion_dataset_00000154,1.2500543224064593
turkey_u016,bilal63_turkish_music_emotion_dataset_00000149,0.5830880925729465
turkey_u016,bilal63_turkish_music_emotion_dataset_00000100,0.559828404069716
turkey_u016,bilal63_turkish_music_emotion_dataset_00000093,0.8410864184342728
turkey_u016,bilal63_turkish_music_emotion_dataset_00000130,1.7641569164141433
turkey_u016,bilal63_turkish_music_emotion_dataset_00000026,1.432220836302716
turkey_u016,bilal63_turkish_music_emotion_dataset_00000117,1.3444367806794373
turkey_u016,bilal63_turkish_music_emotion_dataset_00000044,0.9784543888739632
turkey_u016,bilal63_turkish_music_emotion_dataset_00000048,1.894138107569281
turkey_u016,bilal63_turkish_music_emotion_dataset_00000107,0.9967673674431987
turkey_u016,bilal63_turkish_music_emotion_dataset_00000097,1.7524166189794201
turkey_u016,bilal63_turkish_music_emotion_dataset_00000114,1.8438552769638261
turkey_u016,bilal63_turkish_music_emotion_dataset_00000125,1.225002519824205
turkey_u016,bilal63_turkish_music_emotion_dataset_00000136,1.8414339042211139
turkey_u016,bilal63_turkish_music_emotion_dataset_00000095,0.9152049310865706
turkey_u016,bilal63_turkish_music_emotion_dataset_00000133,1.4876501392749137
turkey_u016,bilal63_turkish_music_emotion_dataset_00000124,0.6319456227865794
turkey_u016,bilal63_turkish_music_emotion_dataset_00000134,1.2109013211385908
turkey_u016,bilal63_turkish_music_emotion_dataset_00000090,0.8259977032375219
turkey_u016,bilal63_turkish_music_emotion_dataset_00000036,0.5941449168959043
turkey_u016,bilal63_turkish_music_emotion_dataset_00000102,0.5055882621164312
turkey_u016,bilal63_turkish_music_emotion_dataset_00000043,0.9871281746612126
turkey_u016,bilal63_turkish_music_emotion_dataset_00000059,1.3842958918051442
turkey_u016,bilal63_turkish_music_emotion_dataset_00000046,1.182845521476736
turkey_u016,bilal63_turkish_music_emotion_dataset_00000033,0.9526539477792442
turkey_u016,bilal63_turkish_music_emotion_dataset_00000085,1.9868000461643767
turkey_u016,bilal63_turkish_music_emotion_dataset_00000003,1.9092875599695167
turkey_u016,bilal63_turkish_music_emotion_dataset_00000002,0.6884799602562452
turkey_u016,bilal63_turkish_music_emotion_dataset_00000015,1.1226611400027422
turkey_u016,bilal63_turkish_music_emotion_dataset_00000132,1.4732704009904163
turkey_u016,bilal63_turkish_music_emotion_dataset_00000120,1.600236196294905
turkey_u016,bilal63_turkish_music_emotion_dataset_00000139,1.0495582323642356
turkey_u016,bilal63_turkish_music_emotion_dataset_00000143,1.6194227191030215
turkey_u017,bilal63_turkish_music_emotion_dataset_00000052,1.8948268159294486
turkey_u017,bilal63_turkish_music_emotion_dataset_00000057,0.6094420117402036
turkey_u017,bilal63_turkish_music_emotion_dataset_00000084,0.6097710358714393
turkey_u017,bilal63_turkish_music_emotion_dataset_00000025,1.1767826683002987
turkey_u017,bilal63_turkish_music_emotion_dataset_00000107,0.8676504235025488
turkey_u017,bilal63_turkish_music_emotion_dataset_00000130,1.9440407782587465
turkey_u017,bilal63_turkish_music_emotion_dataset_00000065,1.8664787592467063
turkey_u017,bilal63_turkish_music_emotion_dataset_00000003,1.1071148730069007
turkey_u017,bilal63_turkish_music_emotion_dataset_00000135,1.1730972791243888
turkey_u017,bilal63_turkish_music_emotion_dataset_00000030,1.0626704796133553
turkey_u017,bilal63_turkish_music_emotion_dataset_00000006,0.5567991749646923
turkey_u017,bilal63_turkish_music_emotion_dataset_00000076,0.939270258882063
turkey_u017,bilal63_turkish_music_emotion_dataset_00000037,0.6840102044179761
turkey_u017,bilal63_turkish_music_emotion_dataset_00000136,0.6535554950226841
turkey_u017,bilal63_turkish_music_emotion_dataset_00000081,1.3412923594045818
turkey_u017,bilal63_turkish_music_emotion_dataset_00000128,0.6481472865703434
turkey_u017,bilal63_turkish_music_emotion_dataset_00000157,0.6543969856928954
turkey_u017,bilal63_turkish_music_emotion_dataset_00000099,1.2207705722290227
turkey_u017,bilal63_turkish_music_emotion_dataset_00000023,1.163423547683958
turkey_u017,bilal63_turkish_music_emotion_dataset_00000103,0.7064521776985541
turkey_u017,bilal63_turkish_music_emotion_dataset_00000080,0.5066735372132944
turkey_u017,bilal63_turkish_music_emotion_dataset_00000092,0.7894616626517658
turkey_u017,bilal63_turkish_music_emotion_dataset_00000121,0.8538383812730611
turkey_u017,bilal63_turkish_music_emotion_dataset_00000150,1.7003726654133013
turkey_u017,bilal63_turkish_music_emotion_dataset_00000015,1.8731575257908224
turkey_u017,bilal63_turkish_music_emotion_dataset_00000072,1.1089165962319547
turkey_u017,bilal63_turkish_music_emotion_dataset_00000088,1.1075400897514667
turkey_u017,bilal63_turkish_music_emotion_dataset_00000026,1.5687219256398002
turkey_u017,bilal63_turkish_music_emotion_dataset_00000041,1.4403830235570334
turkey_u017,bilal63_turkish_music_emotion_dataset_00000109,0.7762102800401137
turkey_u017,bilal63_turkish_music_emotion_dataset_00000139,0.661533683443792
turkey_u017,bilal63_turkish_music_emotion_dataset_00000116,1.1564178359825763
turkey_u017,bilal63_turkish_music_emotion_dataset_00000090,1.3472425447441445
turkey_u017,bilal63_turkish_music_emotion_dataset_00000019,0.7080614047382139
turkey_u017,bilal63_turkish_music_emotion_dataset_00000096,0.9399102401126669
turkey_u017,bilal63_turkish_music_emotion_dataset_00000000,0.9589144946458623
turkey_u017,bilal63_turkish_music_emotion_dataset_00000124,0.891947301536246
turkey_u017,bilal63_turkish_music_emotion_dataset_00000008,1.1911418994376866
turkey_u017,bilal63_turkish_music_emotion_dataset_00000034,1.4795953764796077
turkey_u017,bilal63_turkish_music_emotion_dataset_00000002,1.2640848254239885
turkey_u018,bilal63_turkish_music_emotion_dataset_00000061,1.3322381005648525
turkey_u018,bilal63_turkish_music_emotion_dataset_00000011,0.9606969404930432
turkey_u018,bilal63_turkish_music_emotion_dataset_00000007,1.4126755546906369
turkey_u018,bilal63_turkish_music_emotion_dataset_00000118,0.9981517817615071
turkey_u018,bilal63_turkish_music_emotion_dataset_00000050,1.172536635992688
turkey_u018,bilal63_turkish_music_emotion_dataset_00000052,1.7939961886296367
turkey_u018,bilal63_turkish_music_emotion_dataset_00000067,1.502249715288747
turkey_u018,bilal63_turkish_music_emotion_dataset_00000024,1.6436027595570746
turkey_u018,bilal63_turkish_music_emotion_dataset_00000084,1.3752403272043643
turkey_u018,bilal63_turkish_music_emotion_dataset_00000102,1.9870970733284314
turkey_u018,bilal63_turkish_music_emotion_dataset_00000034,0.862115099436339
turkey_u018,bilal63_turkish_music_emotion_dataset_00000040,0.8934367410782221
turkey_u018,bilal63_turkish_music_emotion_dataset_00000133,0.6388384081074994
turkey_u018,bilal63_turkish_music_emotion_dataset_00000060,1.3310292531060657
turkey_u018,bilal63_turkish_music_emotion_dataset_00000028,1.4200388546125517
turkey_u018,bilal63_turkish_music_emotion_dataset_00000075,1.5889423593482297
turkey_u018,bilal63_turkish_music_emotion_dataset_00000012,1.0031688889238914
turkey_u018,bilal63_turkish_music_emotion_dataset_00000139,0.5183852027975409
turkey_u018,bilal63_turkish_music_emotion_dataset_00000107,1.4483443056324798
turkey_u018,bilal63_turkish_music_emotion_dataset_00000138,1.998043238780574
turkey_u018,bilal63_turkish_music_emotion_dataset_00000005,0.9418240306849888
turkey_u018,bilal63_turkish_music_emotion_dataset_00000049,0.7759016787035296
turkey_u018,bilal63_turkish_music_emotion_dataset_00000149,0.9226504367395298
turkey_u018,bilal63_turkish_music_emotion_dataset_00000145,1.1381232121655709
turkey_u018,bilal63_turkish_music_emotion_dataset_00000008,0.876369393428847
turkey_u018,bilal63_turkish_music_emotion_dataset_00000051,1.0204400380512948
turkey_u018,bilal63_turkish_music_emotion_dataset_00000150,1.457310107869044
turkey_u018,bilal63_turkish_music_emotion_dataset_00000148,1.017541980263922
turkey_u018,bilal63_turkish_music_emotion_dataset_00000143,1.0940884171754819
turkey_u018,bilal63_turkish_music_emotion_dataset_00000129,0.5600468941988959
turkey_u018,bilal63_turkish_music_emotion_dataset_00000096,1.8769137524343047
turkey_u018,bilal63_turkish_music_emotion_dataset_00000141,1.1103289398722804
turkey_u018,bilal63_turkish_music_emotion_dataset_00000023,0.9922152740521915
turkey_u018,bilal63_turkish_music_emotion_dataset_00000080,0.6297262943680768
turkey_u018,bilal63_turkish_music_emotion_dataset_00000120,1.4512748230927754
turkey_u018,bilal63_turkish_music_emotion_dataset_00000103,1.7957374253956324
turkey_u018,bilal63_turkish_music_emotion_dataset_00000116,0.5617298000786004
turkey_u018,bilal63_turkish_music_emotion_dataset_00000087,0.7179087010490532
turkey_u018,bilal63_turkish_music_emotion_dataset_00000136,0.719584743329311
turkey_u018,bilal63_turkish_music_emotion_dataset_00000057,1.4034122830216893
turkey_u019,bilal63_turkish_music_emotion_dataset_00000034,1.1417764509924857
turkey_u019,bilal63_turkish_music_emotion_dataset_00000021,1.6760913614610606
turkey_u019,bilal63_turkish_music_emotion_dataset_00000098,1.7423375409714823
turkey_u019,bilal63_turkish_music_emotion_dataset_00000095,0.9735453587572896
turkey_u019,bilal63_turkish_music_emotion_dataset_00000113,0.7180065668407134
turkey_u019,bilal63_turkish_music_emotion_dataset_00000129,1.9955395424587594
turkey_u019,bilal63_turkish_music_emotion_dataset_00000006,0.5453288056270249
turkey_u019,bilal63_turkish_music_emotion_dataset_00000030,1.3960038780671644
turkey_u019,bilal63_turkish_music_emotion_dataset_00000155,1.4753184112725632
turkey_u019,bilal63_turkish_music_emotion_dataset_00000097,1.5226840129544725
turkey_u019,bilal63_turkish_music_emotion_dataset_00000094,0.8834416159536346
turkey_u019,bilal63_turkish_music_emotion_dataset_00000038,1.5823688664482762
turkey_u019,bilal63_turkish_music_emotion_dataset_00000157,0.8245993449218982
turkey_u019,bilal63_turkish_music_emotion_dataset_00000145,1.7435573836275235
turkey_u019,bilal63_turkish_music_emotion_dataset_00000156,0.8286750111269519
turkey_u019,bilal63_turkish_music_emotion_dataset_00000018,1.5450590436141163
turkey_u019,bilal63_turkish_music_emotion_dataset_00000120,1.6751202287509637
turkey_u019,bilal63_turkish_music_emotion_dataset_00000074,0.7834186256932831
turkey_u019,bilal63_turkish_music_emotion_dataset_00000093,0.8569797314489042
turkey_u019,bilal63_turkish_music_emotion_dataset_00000037,1.6686556081015502
turkey_u019,bilal63_turkish_music_emotion_dataset_00000059,0.6289984574524292
turkey_u019,bilal63_turkish_music_emotion_dataset_00000140,0.7861414286999961
turkey_u019,bilal63_turkish_music_emotion_dataset_00000109,1.1832963592848729
turkey_u019,bilal63_turkish_music_emotion_dataset_00000102,1.8952728931171559
turkey_u019,bilal63_turkish_music_emotion_dataset_00000046,1.3428167523395156
turkey_u019,bilal63_turkish_music_emotion_dataset_00000090,1.0815167723123382
turkey_u019,bilal63_turkish_music_emotion_dataset_00000049,1.9675553333337148
turkey_u019,bilal63_turkish_music_emotion_dataset_00000107,1.195566959331933
turkey_u019,bilal63_turkish_music_emotion_dataset_00000132,1.150602460531223
turkey_u019,bilal63_turkish_music_emotion_dataset_00000142,1.1174664753315853
turkey_u019,bilal63_turkish_music_emotion_dataset_00000032,0.9682701089101944
turkey_u019,bilal63_turkish_music_emotion_dataset_00000011,0.9885422146063765
turkey_u019,bilal63_turkish_music_emotion_dataset_00000055,1.5317555898942472
turkey_u019,bilal63_turkish_music_emotion_dataset_00000043,0.5612533960128216
turkey_u019,bilal63_turkish_music_emotion_dataset_00000040,1.5227250884694783
turkey_u019,bilal63_turkish_music_emotion_dataset_00000143,0.8018067471888093
turkey_u019,bilal63_turkish_music_emotion_dataset_00000054,1.0763120048067394
turkey_u019,bilal63_turkish_music_emotion_dataset_00000111,0.719808458840498
turkey_u019,bilal63_turkish_music_emotion_dataset_00000104,1.3291265661087046
turkey_u019,bilal63_turkish_music_emotion_dataset_00000050,1.5940256674282094
turkey_u020,bilal63_turkish_music_emotion_dataset_00000120,1.7399731084854313
turkey_u020,bilal63_turkish_music_emotion_dataset_00000063,1.0280607950651313
turkey_u020,bilal63_turkish_music_emotion_dataset_00000146,1.306097938354011
turkey_u020,bilal63_turkish_music_emotion_dataset_00000006,1.168400044551993
turkey_u020,bilal63_turkish_music_emotion_dataset_00000034,0.5087750340104109
turkey_u020,bilal63_turkish_music_emotion_dataset_00000103,1.3616932903087366
turkey_u020,bilal63_turkish_music_emotion_dataset_00000004,1.6212588316459295
turkey_u020,bilal63_turkish_music_emotion_dataset_00000044,0.7618285753629068
turkey_u020,bilal63_turkish_music_emotion_dataset_00000104,1.897483792839556
turkey_u020,bilal63_turkish_music_emotion_dataset_00000052,1.2955993091277558
turkey_u020,bilal63_turkish_music_emotion_dataset_00000047,0.7673690047266403
turkey_u020,bilal63_turkish_music_emotion_dataset_00000041,1.4689213563753278
turkey_u020,bilal63_turkish_music_emotion_dataset_00000019,0.7878840627730159
turkey_u020,bilal63_turkish_music_emotion_dataset_00000154,0.5953000224430046
turkey_u020,bilal63_turkish_music_emotion_dataset_00000080,1.5279728636288634
turkey_u020,bilal63_turkish_music_emotion_dataset_00000057,0.6660423249582417
turkey_u020,bilal63_turkish_music_emotion_dataset_00000020,0.659326172564653
turkey_u020,bilal63_turkish_music_emotion_dataset_00000000,1.60991534477272
turkey_u020,bilal63_turkish_music_emotion_dataset_00000025,0.5828033498121068
turkey_u020,bilal63_turkish_music_emotion_dataset_00000066,1.714653768571932
turkey_u020,bilal63_turkish_music_emotion_dataset_00000043,1.6942231379717414
turkey_u020,bilal63_turkish_music_emotion_dataset_00000028,0.712090142116649
turkey_u020,bilal63_turkish_music_emotion_dataset_00000095,1.2775709709154532
turkey_u020,bilal63_turkish_music_emotion_dataset_00000021,0.6449382364534135
turkey_u020,bilal63_turkish_music_emotion_dataset_00000014,1.4488568296789808
turkey_u020,bilal63_turkish_music_emotion_dataset_00000115,0.5943950194558199
turkey_u020,bilal63_turkish_music_emotion_dataset_00000100,1.9167212844841208
turkey_u020,bilal63_turkish_music_emotion_dataset_00000018,0.8115961030543725
turkey_u020,bilal63_turkish_music_emotion_dataset_00000091,1.5243419839229677
turkey_u020,bilal63_turkish_music_emotion_dataset_00000074,0.6924371365656651
turkey_u020,bilal63_turkish_music_emotion_dataset_00000158,0.8143946724901647
turkey_u020,bilal63_turkish_music_emotion_dataset_00000061,1.176424473325056
turkey_u020,bilal63_turkish_music_emotion_dataset_00000065,1.3596442120122743
turkey_u020,bilal63_turkish_music_emotion_dataset_00000094,1.9982948605875244
turkey_u020,bilal63_turkish_music_emotion_dataset_00000116,0.5388893421364163
turkey_u020,bilal63_turkish_music_emotion_dataset_00000138,0.5004716294661304
turkey_u020,bilal63_turkish_music_emotion_dataset_00000150,1.0255506420724219
turkey_u020,bilal63_turkish_music_emotion_dataset_00000102,1.04923455170363
turkey_u020,bilal63_turkish_music_emotion_dataset_00000147,1.8257558541479475
turkey_u020,bilal63_turkish_music_emotion_dataset_00000144,1.8688738215459528
turkey_u021,bilal63_turkish_music_emotion_dataset_00000040,1.8728686640455705
turkey_u021,bilal63_turkish_music_emotion_dataset_00000081,0.9595193557665587
turkey_u021,bilal63_turkish_music_emotion_dataset_00000032,0.7972685462342799
turkey_u021,bilal63_turkish_music_emotion_dataset_00000065,1.9318517703092217
turkey_u021,bilal63_turkish_music_emotion_dataset_00000077,1.715840915177269
turkey_u021,bilal63_turkish_music_emotion_dataset_00000033,1.0147064372651984
turkey_u021,bilal63_turkish_music_emotion_dataset_00000143,1.762147776715814
turkey_u021,bilal63_turkish_music_emotion_dataset_00000139,1.2782213737307
turkey_u021,bilal63_turkish_music_emotion_dataset_00000118,1.020128747391594
turkey_u021,bilal63_turkish_music_emotion_dataset_00000035,1.7594173843088214
turkey_u021,bilal63_turkish_music_emotion_dataset_00000144,1.6282476002966606
turkey_u021,bilal63_turkish_music_emotion_dataset_00000154,0.9468122639646588
turkey_u021,bilal63_turkish_music_emotion_dataset_00000044,1.4100177728869607
turkey_u021,bilal63_turkish_music_emotion_dataset_00000130,1.0540853352796957
turkey_u021,bilal63_turkish_music_emotion_dataset_00000053,0.5015779588405822
turkey_u021,bilal63_turkish_music_emotion_dataset_00000098,1.942723612100419
turkey_u021,bilal63_turkish_music_emotion_dataset_00000137,1.324443614109255
turkey_u021,bilal63_turkish_music_emotion_dataset_00000127,1.3976489024986747
turkey_u021,bilal63_turkish_music_emotion_dataset_00000120,1.3998371385159425
turkey_u021,bilal63_turkish_music_emotion_dataset_00000037,1.3259621912291042
turkey_u021,bilal63_turkish_music_emotion_dataset_00000017,0.9350717671603902
turkey_u021,bilal63_turkish_music_emotion_dataset_00000153,1.9573641873620844
turkey_u021,bilal63_turkish_music_emotion_dataset_00000096,1.4325026187729275
turkey_u021,bilal63_turkish_music_emotion_dataset_00000080,1.506382040830942
turkey_u021,bilal63_turkish_music_emotion_dataset_00000151,1.1821891359755747
turkey_u021,bilal63_turkish_music_emotion_dataset_00000088,0.9317921007361738
turkey_u021,bilal63_turkish_music_emotion_dataset_00000108,0.5965234732623941
turkey_u021,bilal63_turkish_music_emotion_dataset_00000114,1.0253452948518293
turkey_u021,bilal63_turkish_music_emotion_dataset_00000049,0.7641461439025882
turkey_u021,bilal63_turkish_music_emotion_dataset_00000101,1.4931324023855177
turkey_u021,bilal63_turkish_music_emotion_dataset_00000072,1.818505827204079
turkey_u021,bilal63_turkish_music_emotion_dataset_00000119,0.9541322873684784
turkey_u021,bilal63_turkish_music_emotion_dataset_00000078,0.9993239381210699
turkey_u021,bilal63_turkish_music_emotion_dataset_00000003,1.5055467557435176
turkey_u021,bilal63_turkish_music_emotion_dataset_00000025,0.7239071513618545
turkey_u021,bilal63_turkish_music_emotion_dataset_00000084,1.8941561400165488
turkey_u021,bilal63_turkish_music_emotion_dataset_00000063,1.0457701715382246
turkey_u021,bilal63_turkish_music_emotion_dataset_00000052,0.651799168890162
turkey_u021,bilal63_turkish_music_emotion_dataset_00000094,0.7620260073809623
turkey_u021,bilal63_turkish_music_emotion_dataset_00000134,1.8991191140111872
turkey_u022,bilal63_turkish_music_emotion_dataset_00000033,1.3348332735814183
turkey_u022,bilal63_turkish_music_emotion_dataset_00000125,0.5863340539159319
turkey_u022,bilal63_turkish_music_emotion_dataset_00000141,1.396925769679635
turkey_u022,bilal63_turkish_music_emotion_dataset_00000154,1.1437276848187437
turkey_u022,bilal63_turkish_music_emotion_dataset_00000073,1.5635654453516559
turkey_u022,bilal63_turkish_music_emotion_dataset_00000030,0.5706873748933585
turkey_u022,bilal63_turkish_music_emotion_dataset_00000083,1.5663315240942346
turkey_u022,bilal63_turkish_music_emotion_dataset_00000082,0.9303407357484708
turkey_u022,bilal63_turkish_music_emotion_dataset_00000106,1.4775579956796618
turkey_u022,bilal63_turkish_music_emotion_dataset_00000114,1.4406889629681845
turkey_u022,bilal63_turkish_music_emotion_dataset_00000019,0.8402622269483488
turkey_u022,bilal63_turkish_music_emotion_dataset_00000086,1.1606785178244001
turkey_u022,bilal63_turkish_music_emotion_dataset_00000098,1.7534498885799867
turkey_u022,bilal63_turkish_music_emotion_dataset_00000050,1.4083874653921609
turkey_u022,bilal63_turkish_music_emotion_dataset_00000093,0.6031074529676173
turkey_u022,bilal63_turkish_music_emotion_dataset_00000015,1.1643632469812446
turkey_u022,bilal63_turkish_music_emotion_dataset_00000068,0.9676571881668755
turkey_u022,bilal63_turkish_music_emotion_dataset_00000118,1.462468518367449
turkey_u022,bilal63_turkish_music_emotion_dataset_00000107,1.4218459119428912
turkey_u022,bilal63_turkish_music_emotion_dataset_00000108,0.5155971522652107
turkey_u022,bilal63_turkish_music_emotion_dataset_00000131,1.4115432641276944
turkey_u022,bilal63_turkish_music_emotion_dataset_00000000,1.602274480977405
turkey_u022,bilal63_turkish_music_emotion_dataset_00000091,1.6530950486023632
turkey_u022,bilal63_turkish_music_emotion_dataset_00000002,0.5884636555849417
turkey_u022,bilal63_turkish_music_emotion_dataset_00000092,0.9554876256648035
turkey_u022,bilal63_turkish_music_emotion_dataset_00000117,1.131910340827286
turkey_u022,bilal63_turkish_music_emotion_dataset_00000149,0.7696575616923678
turkey_u022,bilal63_turkish_music_emotion_dataset_00000159,1.1311008067475148
turkey_u022,bilal63_turkish_music_emotion_dataset_00000112,0.6066943037383885
turkey_u022,bilal63_turkish_music_emotion_dataset_00000132,0.6698259245105773
turkey_u022,bilal63_turkish_music_emotion_dataset_00000059,1.5030421442651292
turkey_u022,bilal63_turkish_music_emotion_dataset_00000070,0.8938586917402325
turkey_u022,bilal63_turkish_music_emotion_dataset_00000047,1.5671087712193588
turkey_u022,bilal63_turkish_music_emotion_dataset_00000045,0.572162792025002
turkey_u022,bilal63_turkish_music_emotion_dataset_00000008,1.3440545795652543
turkey_u022,bilal63_turkish_music_emotion_dataset_00000075,1.0871729953802605
turkey_u022,bilal63_turkish_music_emotion_dataset_00000018,1.6954570878731978
turkey_u022,bilal63_turkish_music_emotion_dataset_00000024,1.6759273703083428
turkey_u022,bilal63_turkish_music_emotion_dataset_00000113,1.0633394636862623
turkey_u022,bilal63_turkish_music_emotion_dataset_00000119,1.4340710211315715
turkey_u023,bilal63_turkish_music_emotion_dataset_00000017,1.1308520150559687
turkey_u023,bilal63_turkish_music_emotion_dataset_00000100,0.5227851570230069
turkey_u023,bilal63_turkish_music_emotion_dataset_00000103,0.6047578887402548
turkey_u023,bilal63_turkish_music_emotion_dataset_00000066,0.792915770309885
turkey_u023,bilal63_turkish_music_emotion_dataset_00000051,1.6539949392772284
turkey_u023,bilal63_turkish_music_emotion_dataset_00000157,1.8380592740506225
turkey_u023,bilal63_turkish_music_emotion_dataset_00000050,1.3184613110213337
turkey_u023,bilal63_turkish_music_emotion_dataset_00000010,0.6583481937711853
turkey_u023,bilal63_turkish_music_emotion_dataset_00000126,1.301628428362769
turkey_u023,bilal63_turkish_music_emotion_dataset_00000153,1.7834081908954174
turkey_u023,bilal63_turkish_music_emotion_dataset_00000002,1.6242164436838844
turkey_u023,bilal63_turkish_music_emotion_dataset_00000149,0.9366472455460624
turkey_u023,bilal63_turkish_music_emotion_dataset_00000095,0.6858359139325367
turkey_u023,bilal63_turkish_music_emotion_dataset_00000101,1.8510225496433645
turkey_u023,bilal63_turkish_music_emotion_dataset_00000116,1.7811331199483165
turkey_u023,bilal63_turkish_music_emotion_dataset_00000027,0.5805730477178387
turkey_u023,bilal63_turkish_music_emotion_dataset_00000082,1.7355117347368463
turkey_u023,bilal63_turkish_music_emotion_dataset_00000080,0.6458189566774093
turkey_u023,bilal63_turkish_music_emotion_dataset_00000064,0.5949254501030555
turkey_u023,bilal63_turkish_music_emotion_dataset_00000023,1.6379013457193892
turkey_u023,bilal63_turkish_music_emotion_dataset_00000072,1.304465932887437
turkey_u023,bilal63_turkish_music_emotion_dataset_00000117,1.1218220361354783
turkey_u023,bilal63_turkish_music_emotion_dataset_00000060,1.855793293964033
turkey_u023,bilal63_turkish_music_emotion_dataset_00000007,1.7589553581016306
turkey_u023,bilal63_turkish_music_emotion_dataset_00000147,0.586435207320585
turkey_u023,bilal63_turkish_music_emotion_dataset_00000029,1.4241308629117586
turkey_u023,bilal63_turkish_music_emotion_dataset_00000099,1.6584011048111873
turkey_u023,bilal63_turkish_music_emotion_dataset_00000026,1.3257358696624282
turkey_u023,bilal63_turkish_music_emotion_dataset_00000019,1.9745082486142824
turkey_u023,bilal63_turkish_music_emotion_dataset_00000132,1.5290712569713225
turkey_u023,bilal63_turkish_music_emotion_dataset_00000151,0.656214519045538
turkey_u023,bilal63_turkish_music_emotion_dataset_00000136,0.7974470179999302
turkey_u023,bilal63_turkish_music_emotion_dataset_00000130,1.739368431799193
turkey_u023,bilal63_turkish_music_emotion_dataset_00000112,1.9951350097164502
turkey_u023,bilal63_turkish_music_emotion_dataset_00000040,0.6475089003085845
turkey_u023,bilal63_turkish_music_emotion_dataset_00000036,0.6504939767675726
turkey_u023,bilal63_turkish_music_emotion_dataset_00000045,1.6450805812149252
turkey_u023,bilal63_turkish_music_emotion_dataset_00000146,0.5965314225748093
turkey_u023,bilal63_turkish_music_emotion_dataset_00000020,0.6028401740972712
turkey_u023,bilal63_turkish_music_emotion_dataset_00000056,1.8332247245144937
west_u000,sanchit-gandhi_gtzan_00000140,1.204984898500329
west_u000,sanchit-gandhi_gtzan_00000141,1.1199387484292065
west_u000,sanchit-gandhi_gtzan_00000146,1.0376109387531434
west_u000,sanchit-gandhi_gtzan_00000131,1.424460644078135
west_u000,sanchit-gandhi_gtzan_00000126,1.0273390804570004
west_u000,sanchit-gandhi_gtzan_00000132,1.6194098509730093
west_u000,sanchit-gandhi_gtzan_00000152,1.7019759893237931
west_u000,sanchit-gandhi_gtzan_00000144,1.8137668901440716
west_u000,sanchit-gandhi_gtzan_00000101,0.864201395367916
west_u000,sanchit-gandhi_gtzan_00000129,1.2905330739385632
west_u000,sanchit-gandhi_gtzan_00000156,0.8351669250947582
west_u000,sanchit-gandhi_gtzan_00000135,0.5563337351305118
west_u000,sanchit-gandhi_gtzan_00000125,1.5617379562547566
west_u000,sanchit-gandhi_gtzan_00000143,1.323471910902687
west_u000,sanchit-gandhi_gtzan_00000104,1.5858909193296256
west_u000,sanchit-gandhi_gtzan_00000157,0.6314343671098057
west_u000,sanchit-gandhi_gtzan_00000118,1.9932892685929129
west_u000,sanchit-gandhi_gtzan_00000130,1.991522850420548
west_u000,sanchit-gandhi_gtzan_00000148,1.197499738255269
west_u000,sanchit-gandhi_gtzan_00000121,1.799088072775754
west_u000,sanchit-gandhi_gtzan_00000124,0.8653528337083352
west_u000,sanchit-gandhi_gtzan_00000136,1.6063492418349454
west_u000,sanchit-gandhi_gtzan_00000127,1.8188387852203487
west_u000,sanchit-gandhi_gtzan_00000134,1.7219993991211677
west_u000,sanchit-gandhi_gtzan_00000111,1.7176611173617362
west_u000,sanchit-gandhi_gtzan_00000109,1.1945399481332977
west_u000,sanchit-gandhi_gtzan_00000106,1.729984921668159
west_u000,sanchit-gandhi_gtzan_00000112,1.5360572195319508
west_u000,sanchit-gandhi_gtzan_00000155,0.6986770972163066
west_u000,sanchit-gandhi_gtzan_00000149,0.6712766060967802
west_u000,sanchit-gandhi_gtzan_00000117,1.6578832039019598
west_u000,sanchit-gandhi_gtzan_00000119,1.4381961331593858
west_u000,sanchit-gandhi_gtzan_00000133,1.2790641757870662
west_u000,sanchit-gandhi_gtzan_00000154,1.8608926862732422
west_u000,sanchit-gandhi_gtzan_00000138,1.489385535306828
west_u000,sanchit-gandhi_gtzan_00000108,1.0942201176324502
west_u000,sanchit-gandhi_gtzan_00000116,1.1208977122642758
west_u000,sanchit-gandhi_gtzan_00000120,1.4078665412263773
west_u000,sanchit-gandhi_gtzan_00000139,1.6404129270295227
west_u000,sanchit-gandhi_gtzan_00000103,1.3465299604236862
west_u001,sanchit-gandhi_gtzan_00000158,1.193413040420423
west_u001,sanchit-gandhi_gtzan_00000153,1.8337965279720008
west_u001,sanchit-gandhi_gtzan_00000147,1.9120159655707414
west_u001,sanchit-gandhi_gtzan_00000132,0.8292101438421363
west_u001,sanchit-gandhi_gtzan_00000141,0.6501581431508158
west_u001,sanchit-gandhi_gtzan_00000129,1.6780063272316241
west_u001,sanchit-gandhi_gtzan_00000106,1.9922921054579135
west_u001,sanchit-gandhi_gtzan_00000121,1.7954001047812311
west_u001,sanchit-gandhi_gtzan_00000116,0.5355461031781021
west_u001,sanchit-gandhi_gtzan_00000156,0.876895326059699
west_u001,sanchit-gandhi_gtzan_00000110,0.5650134155618959
west_u001,sanchit-gandhi_gtzan_00000120,1.7311690655617498
west_u001,sanchit-gandhi_gtzan_00000148,1.3721104644384745
west_u001,sanchit-gandhi_gtzan_00000134,1.2705778117505808
west_u001,sanchit-gandhi_gtzan_00000150,1.3316748229947915
west_u001,sanchit-gandhi_gtzan_00000155,0.8786768880448868
west_u001,sanchit-gandhi_gtzan_00000135,1.4024575537082942
west_u001,sanchit-gandhi_gtzan_00000107,0.546000467696045
west_u001,sanchit-gandhi_gtzan_00000117,1.4690175859562595
west_u001,sanchit-gandhi_gtzan_00000123,1.6016507452682462
west_u001,sanchit-gandhi_gtzan_00000133,1.5095393955677407
west_u001,sanchit-gandhi_gtzan_00000159,0.9981762774683304
west_u001,sanchit-gandhi_gtzan_00000109,1.7393943726913141
west_u001,sanchit-gandhi_gtzan_00000146,1.573315995676223
west_u001,sanchit-gandhi_gtzan_00000140,0.6924459843864168
west_u001,sanchit-gandhi_gtzan_00000127,0.7927163308074725
west_u001,sanchit-gandhi_gtzan_00000115,1.455662619767358
west_u001,sanchit-gandhi_gtzan_00000138,0.9341242003340392
west_u001,sanchit-gandhi_gtzan_00000136,0.6791494121693554
west_u001,sanchit-gandhi_gtzan_00000143,0.7324534897248383
west_u001,sanchit-gandhi_gtzan_00000151,0.748425770810601
west_u001,sanchit-gandhi_gtzan_00000125,1.2166863602275733
west_u001,sanchit-gandhi_gtzan_00000126,1.411078180144246
west_u001,sanchit-gandhi_gtzan_00000101,0.7646034122816224
west_u001,sanchit-gandhi_gtzan_00000145,1.5687449155448316
west_u001,sanchit-gandhi_gtzan_00000113,0.9215189112522927
west_u001,sanchit-gandhi_gtzan_00000119,0.9673372075909412
west_u001,sanchit-gandhi_gtzan_00000122,0.8352479316111614
west_u001,sanchit-gandhi_gtzan_00000139,1.6778092039147865
west_u001,sanchit-gandhi_gtzan_00000102,1.9397207494053155
west_u002,sanchit-gandhi_gtzan_00000023,1.3422402999052796
west_u002,sanchit-gandhi_gtzan_00000010,0.753950423029176
west_u002,sanchit-gandhi_gtzan_00000050,1.7290992607014928
west_u002,sanchit-gandhi_gtzan_00000018,1.7259083289174166
west_u002,sanchit-gandhi_gtzan_00000077,1.8161793721294333
west_u002,sanchit-gandhi_gtzan_00000030,0.5689054956600843
west_u002,sanchit-gandhi_gtzan_00000058,1.9886880646625205
west_u002,sanchit-gandhi_gtzan_00000024,0.8716691216595418
west_u002,sanchit-gandhi_gtzan_00000086,0.9641505290710242
west_u002,sanchit-gandhi_gtzan_00000008,0.8740035937856692
west_u002,sanchit-gandhi_gtzan_00000012,0.9012990475497986
west_u002,sanchit-gandhi_gtzan_00000087,1.32899203415547
west_u002,sanchit-gandhi_gtzan_00000044,0.8597158164556693
west_u002,sanchit-gandhi_gtzan_00000039,1.0906569671006072
west_u002,sanchit-gandhi_gtzan_00000047,1.4834098736648231
west_u002,sanchit-gandhi_gtzan_00000095,1.7540393053665904
west_u002,sanchit-gandhi_gtzan_00000041,1.5391122504003194
west_u002,sanchit-gandhi_gtzan_00000082,1.3914842671809848
west_u002,sanchit-gandhi_gtzan_00000078,0.721592843811603
west_u002,sanchit-gandhi_gtzan_00000076,1.724173402311924
west_u002,sanchit-gandhi_gtzan_00000009,0.555912331989558
west_u002,sanchit-gandhi_gtzan_00000031,0.8962874948529531
west_u002,sanchit-gandhi_gtzan_00000005,0.5855883753979418
west_u002,sanchit-gandhi_gtzan_00000070,1.5011434633766938
west_u002,sanchit-gandhi_gtzan_00000062,1.0525566238902717
west_u002,sanchit-gandhi_gtzan_00000002,1.4780727248073
west_u002,sanchit-gandhi_gtzan_00000075,1.0205464389553853
west_u002,sanchit-gandhi_gtzan_00000073,1.1836110961992412
west_u002,sanchit-gandhi_gtzan_00000013,1.1869415152492713
west_u002,sanchit-gandhi_gtzan_00000094,0.5683709805013168
west_u002,sanchit-gandhi_gtzan_00000025,1.1453397895190054
west_u002,sanchit-gandhi_gtzan_00000067,1.4615965446728039
west_u002,sanchit-gandhi_gtzan_00000042,1.3190783691131507
west_u002,sanchit-gandhi_gtzan_00000057,0.6129256494174309
west_u002,sanchit-gandhi_gtzan_00000016,1.5020839785301232
west_u002,sanchit-gandhi_gtzan_00000064,0.9632941323728914
west_u002,sanchit-gandhi_gtzan_00000080,0.5216522041685332
west_u002,sanchit-gandhi_gtzan_00000093,0.7333933356263678
west_u002,sanchit-gandhi_gtzan_00000006,1.2463394859748393
west_u002,sanchit-gandhi_gtzan_00000066,0.965602488545103
west_u003,sanchit-gandhi_gtzan_00000109,0.591437500846784
west_u003,sanchit-gandhi_gtzan_00000103,1.2480017501432914
west_u003,sanchit-gandhi_gtzan_00000148,1.483060175069942
west_u003,sanchit-gandhi_gtzan_00000126,1.7812209596095896
west_u003,sanchit-gandhi_gtzan_00000105,1.6742533309314553
west_u003,sanchit-gandhi_gtzan_00000144,1.7858607691348223
west_u003,sanchit-gandhi_gtzan_00000153,1.6401031562313357
west_u003,sanchit-gandhi_gtzan_00000136,1.554859095359209
west_u003,sanchit-gandhi_gtzan_00000119,0.5152063537110494
west_u003,sanchit-gandhi_gtzan_00000118,1.4391534677138158
west_u003,sanchit-gandhi_gtzan_00000147,0.6807227062086765
west_u003,sanchit-gandhi_gtzan_00000142,0.5880006984988115
west_u003,sanchit-gandhi_gtzan_00000114,0.7346182281584831
west_u003,sanchit-gandhi_gtzan_00000156,1.7349382421626254
west_u003,sanchit-gandhi_gtzan_00000151,1.615774089650032
west_u003,sanchit-gandhi_gtzan_00000129,1.9231586078078184
west_u003,sanchit-gandhi_gtzan_00000158,1.9684643879756156
west_u003,sanchit-gandhi_gtzan_00000107,1.8399259795609733
west_u003,sanchit-gandhi_gtzan_00000155,0.6993890764654987
west_u003,sanchit-gandhi_gtzan_00000131,1.8175741113874706
west_u003,sanchit-gandhi_gtzan_00000140,1.757955702182968
west_u003,sanchit-gandhi_gtzan_00000139,1.806628789789546
west_u003,sanchit-gandhi_gtzan_00000124,0.7275284256747372
west_u003,sanchit-gandhi_gtzan_00000143,0.6751877416599763
west_u003,sanchit-gandhi_gtzan_00000116,1.8857133193761224
west_u003,sanchit-gandhi_gtzan_00000152,0.7607399737017568
west_u003,sanchit-gandhi_gtzan_00000135,1.0529325965639018
west_u003,sanchit-gandhi_gtzan_00000101,1.1839772742410903
west_u003,sanchit-gandhi_gtzan_00000138,0.6866637917443467
west_u003,sanchit-gandhi_gtzan_00000154,0.5309514320488211
west_u003,sanchit-gandhi_gtzan_00000100,1.9911357046506741
west_u003,sanchit-gandhi_gtzan_00000133,1.8149858672524417
west_u003,sanchit-gandhi_gtzan_00000137,1.868506894025956
west_u003,sanchit-gandhi_gtzan_00000112,0.9268446039081777
west_u003,sanchit-gandhi_gtzan_00000134,0.8301523591181585
west_u003,sanchit-gandhi_gtzan_00000104,1.1387998372631398
west_u003,sanchit-gandhi_gtzan_00000128,1.1799790534670103
west_u003,sanchit-gandhi_gtzan_00000113,0.508399158296361
west_u003,sanchit-gandhi_gtzan_00000159,1.6688796688397494
west_u003,sanchit-gandhi_gtzan_00000146,1.995000557213026
west_u004,sanchit-gandhi_gtzan_00000119,0.6436427777897513
west_u004,sanchit-gandhi_gtzan_00000141,1.7005655472237877
west_u004,sanchit-gandhi_gtzan_00000102,1.237414383976993
west_u004,sanchit-gandhi_gtzan_00000145,0.8622626783707146
west_u004,sanchit-gandhi_gtzan_00000159,1.022939635039278
west_u004,sanchit-gandhi_gtzan_00000134,1.5938614682647572
west_u004,sanchit-gandhi_gtzan_00000123,0.5995312171349028
west_u004,sanchit-gandhi_gtzan_00000101,0.6747209238998149
west_u004,sanchit-gandhi_gtzan_00000132,1.4243930524858546
west_u004,sanchit-gandhi_gtzan_00000107,1.410457601700661
west_u004,sanchit-gandhi_gtzan_00000154,1.9586932768030576
west_u004,sanchit-gandhi_gtzan_00000142,1.0618242218831744
west_u004,sanchit-gandhi_gtzan_00000139,0.5976164407662738
west_u004,sanchit-gandhi_gtzan_00000114,1.306306152274442
west_u004,sanchit-gandhi_gtzan_00000155,1.4575202176426854
west_u004,sanchit-gandhi_gtzan_00000106,0.7094041786793737
west_u004,sanchit-gandhi_gtzan_00000156,1.3292929603027952
west_u004,sanchit-gandhi_gtzan_00000148,0.7966506824873969
west_u004,sanchit-gandhi_gtzan_00000140,1.7670950868216027
west_u004,sanchit-gandhi_gtzan_00000131,1.7527422436757445
west_u004,sanchit-gandhi_gtzan_00000126,1.1444436439976626
west_u004,sanchit-gandhi_gtzan_00000149,1.950114785769206
west_u004,sanchit-gandhi_gtzan_00000143,1.9696608116746124
west_u004,sanchit-gandhi_gtzan_00000133,0.6938766334214292
west_u004,sanchit-gandhi_gtzan_00000115,1.0515707072487015
west_u004,sanchit-gandhi_gtzan_00000110,1.400482205069967
west_u004,sanchit-gandhi_gtzan_00000108,0.6272567143721666
west_u004,sanchit-gandhi_gtzan_00000130,1.0739832557212057
west_u004,sanchit-gandhi_gtzan_00000151,0.8917581260248861
west_u004,sanchit-gandhi_gtzan_00000109,1.928075331450056
west_u004,sanchit-gandhi_gtzan_00000138,1.1173787342472057
west_u004,sanchit-gandhi_gtzan_00000113,1.6440062878212687
west_u004,sanchit-gandhi_gtzan_00000111,1.0800580452682607
west_u004,sanchit-gandhi_gtzan_00000127,0.6977181056282532
west_u004,sanchit-gandhi_gtzan_00000147,1.7947272952412712
west_u004,sanchit-gandhi_gtzan_00000129,0.5006253753546558
west_u004,sanchit-gandhi_gtzan_00000122,0.583911310961675
west_u004,sanchit-gandhi_gtzan_00000153,1.0465766088455648
west_u004,sanchit-gandhi_gtzan_00000157,1.5303473832781047
west_u004,sanchit-gandhi_gtzan_00000105,1.0125564429361635
west_u005,sanchit-gandhi_gtzan_00000107,1.8373636645074976
west_u005,sanchit-gandhi_gtzan_00000156,1.4785702009157968
west_u005,sanchit-gandhi_gtzan_00000155,1.4037229969302563
west_u005,sanchit-gandhi_gtzan_00000139,1.190306754457517
west_u005,sanchit-gandhi_gtzan_00000152,1.0185455459762869
west_u005,sanchit-gandhi_gtzan_00000103,1.5478206708825677
west_u005,sanchit-gandhi_gtzan_00000140,1.9714714115237213
west_u005,sanchit-gandhi_gtzan_00000125,1.1371365402808853
west_u005,sanchit-gandhi_gtzan_00000113,1.0883078060213012
west_u005,sanchit-gandhi_gtzan_00000136,1.1421702085475638
west_u005,sanchit-gandhi_gtzan_00000109,1.1383159520745822
west_u005,sanchit-gandhi_gtzan_00000111,1.9859371600527427
west_u005,sanchit-gandhi_gtzan_00000150,1.5601673862640109
west_u005,sanchit-gandhi_gtzan_00000101,1.0387766738158875
west_u005,sanchit-gandhi_gtzan_00000135,1.057253560740084
west_u005,sanchit-gandhi_gtzan_00000158,1.1461953871160837
west_u005,sanchit-gandhi_gtzan_00000129,0.5550682813706745
west_u005,sanchit-gandhi_gtzan_00000105,1.291724603031875
west_u005,sanchit-gandhi_gtzan_00000112,1.717071427284147
west_u005,sanchit-gandhi_gtzan_00000143,1.4908516898112658
west_u005,sanchit-gandhi_gtzan_00000137,0.7976312701423124
west_u005,sanchit-gandhi_gtzan_00000100,1.592051362067555
west_u005,sanchit-gandhi_gtzan_00000151,1.5791879094980454
west_u005,sanchit-gandhi_gtzan_00000115,0.8938088234734956
west_u005,sanchit-gandhi_gtzan_00000106,1.4343119852854027
west_u005,sanchit-gandhi_gtzan_00000110,1.4164235496829043
west_u005,sanchit-gandhi_gtzan_00000126,1.7596814357842723
west_u005,sanchit-gandhi_gtzan_00000148,0.7041084677501619
west_u005,sanchit-gandhi_gtzan_00000142,0.7922577567672842
west_u005,sanchit-gandhi_gtzan_00000141,1.228954255651708
west_u005,sanchit-gandhi_gtzan_00000154,0.5662177233384605
west_u005,sanchit-gandhi_gtzan_00000149,1.1233912964025599
west_u005,sanchit-gandhi_gtzan_00000157,1.6823285629995848
west_u005,sanchit-gandhi_gtzan_00000131,0.7230715909759973
west_u005,sanchit-gandhi_gtzan_00000130,1.1899231054047872
west_u005,sanchit-gandhi_gtzan_00000147,1.9846538500736668
west_u005,sanchit-gandhi_gtzan_00000122,1.2588800201372965
west_u005,sanchit-gandhi_gtzan_00000159,1.2474857361831357
west_u005,sanchit-gandhi_gtzan_00000108,1.338190375586252
west_u005,sanchit-gandhi_gtzan_00000144,0.7790065554991118
west_u006,sanchit-gandhi_gtzan_00000022,0.7505573111619296
west_u006,sanchit-gandhi_gtzan_00000055,0.6367543032991286
west_u006,sanchit-gandhi_gtzan_00000024,1.906343481359893
west_u006,sanchit-gandhi_gtzan_00000026,1.9452820460887648
west_u006,sanchit-gandhi_gtzan_00000042,1.424385937403742
west_u006,sanchit-gandhi_gtzan_00000039,1.06795590903094
west_u006,sanchit-gandhi_gtzan_00000008,1.7498593114460779
west_u006,sanchit-gandhi_gtzan_00000017,0.8070799390031187
west_u006,sanchit-gandhi_gtzan_00000002,1.1440884911445228
west_u006,sanchit-gandhi_gtzan_00000037,1.0355259485009025
west_u006,sanchit-gandhi_gtzan_00000094,1.8690499861125225
west_u006,sanchit-gandhi_gtzan_00000029,1.8796661230434104
west_u006,sanchit-gandhi_gtzan_00000095,1.4763288894854996
west_u006,sanchit-gandhi_gtzan_00000099,0.6661102104090377
west_u006,sanchit-gandhi_gtzan_00000086,1.2232891844874536
west_u006,sanchit-gandhi_gtzan_00000019,0.8679925493360852
west_u006,sanchit-gandhi_gtzan_00000093,1.8273734947767228
west_u006,sanchit-gandhi_gtzan_00000012,0.7076041985243029
west_u006,sanchit-gandhi_gtzan_00000052,0.5814654137910611
west_u006,sanchit-gandhi_gtzan_00000041,1.5566435503251173
west_u006,sanchit-gandhi_gtzan_00000010,1.1799291124522293
west_u006,sanchit-gandhi_gtzan_00000004,1.7575473314046266
west_u006,sanchit-gandhi_gtzan_00000047,0.6119444467539676
west_u006,sanchit-gandhi_gtzan_00000079,1.7016141989117637
west_u006,sanchit-gandhi_gtzan_00000045,0.5560021292662375
west_u006,sanchit-gandhi_gtzan_00000072,0.5421050178709355
west_u006,sanchit-gandhi_gtzan_00000033,1.1919736275965445
west_u006,sanchit-gandhi_gtzan_00000014,0.8319369345209777
west_u006,sanchit-gandhi_gtzan_00000048,1.390578060509796
west_u006,sanchit-gandhi_gtzan_00000036,0.5387254913172057
west_u006,sanchit-gandhi_gtzan_00000054,0.5530843135444679
west_u006,sanchit-gandhi_gtzan_00000056,1.5907227442579106
west_u006,sanchit-gandhi_gtzan_00000062,0.8152477437384675
west_u006,sanchit-gandhi_gtzan_00000060,1.4846256854911004
west_u006,sanchit-gandhi_gtzan_00000005,1.624883242251138
west_u006,sanchit-gandhi_gtzan_00000049,0.5889967485874512
west_u006,sanchit-gandhi_gtzan_00000091,1.6546309316963588
west_u006,sanchit-gandhi_gtzan_00000025,0.9026318269419291
west_u006,sanchit-gandhi_gtzan_00000085,1.0843189372996225
west_u006,sanchit-gandhi_gtzan_00000020,0.629958788442975
west_u007,sanchit-gandhi_gtzan_00000125,1.3963628914004598
west_u007,sanchit-gandhi_gtzan_00000123,0.7764305933523353
west_u007,sanchit-gandhi_gtzan_00000138,1.769809396885058
west_u007,sanchit-gandhi_gtzan_00000147,1.3685659307803246
west_u007,sanchit-gandhi_gtzan_00000142,1.1045731740054068
west_u007,sanchit-gandhi_gtzan_00000113,0.8747370104777269
west_u007,sanchit-gandhi_gtzan_00000127,1.1552670487844516
west_u007,sanchit-gandhi_gtzan_00000133,1.9364184888826135
west_u007,sanchit-gandhi_gtzan_00000154,1.263813934615431
west_u007,sanchit-gandhi_gtzan_00000126,1.2042342975497902
west_u007,sanchit-gandhi_gtzan_00000107,1.6194107202504635
west_u007,sanchit-gandhi_gtzan_00000132,1.0685706062478602
west_u007,sanchit-gandhi_gtzan_00000151,1.141135924821191
west_u007,sanchit-gandhi_gtzan_00000136,1.0054215973574285
west_u007,sanchit-gandhi_gtzan_00000105,0.726379632994087
west_u007,sanchit-gandhi_gtzan_00000146,1.570713821303976
west_u007,sanchit-gandhi_gtzan_00000150,1.8095463708254356
west_u007,sanchit-gandhi_gtzan_00000111,1.8583889738641484
west_u007,sanchit-gandhi_gtzan_00000117,1.8212044070566695
west_u007,sanchit-gandhi_gtzan_00000130,1.1776757036569894
west_u007,sanchit-gandhi_gtzan_00000158,0.9260992883047945
west_u007,sanchit-gandhi_gtzan_00000157,1.4568856244012351
west_u007,sanchit-gandhi_gtzan_00000140,1.9320573678590476
west_u007,sanchit-gandhi_gtzan_00000134,1.5905759722529074
west_u007,sanchit-gandhi_gtzan_00000149,1.2422728423852347
west_u007,sanchit-gandhi_gtzan_00000121,1.5332128617701724
west_u007,sanchit-gandhi_gtzan_00000109,1.6588068686815953
west_u007,sanchit-gandhi_gtzan_00000124,1.8789038919921062
west_u007,sanchit-gandhi_gtzan_00000155,1.6448236309582311
west_u007,sanchit-gandhi_gtzan_00000141,1.1497858334538584
west_u007,sanchit-gandhi_gtzan_00000104,0.9104097776982262
west_u007,sanchit-gandhi_gtzan_00000116,1.249822497094387
west_u007,sanchit-gandhi_gtzan_00000129,0.9922669169082077
west_u007,sanchit-gandhi_gtzan_00000120,1.914146889031721
west_u007,sanchit-gandhi_gtzan_00000135,1.2619487651749433
west_u007,sanchit-gandhi_gtzan_00000144,1.2080845039460124
west_u007,sanchit-gandhi_gtzan_00000112,1.0222943272322944
west_u007,sanchit-gandhi_gtzan_00000118,1.4591104854374004
west_u007,sanchit-gandhi_gtzan_00000110,1.2800769179314218
west_u007,sanchit-gandhi_gtzan_00000148,0.6935733843473848
west_u008,sanchit-gandhi_gtzan_00000114,0.7920225452929264
west_u008,sanchit-gandhi_gtzan_00000121,1.5863638635903485
west_u008,sanchit-gandhi_gtzan_00000147,1.9433207834264086
west_u008,sanchit-gandhi_gtzan_00000142,0.8131332334986054
west_u008,sanchit-gandhi_gtzan_00000111,1.473645517645299
west_u008,sanchit-gandhi_gtzan_00000120,0.817751692187767
west_u008,sanchit-gandhi_gtzan_00000112,0.527010288469556
west_u008,sanchit-gandhi_gtzan_00000138,1.637831291321877
west_u008,sanchit-gandhi_gtzan_00000130,1.1510070149763392
west_u008,sanchit-gandhi_gtzan_00000116,1.9201802922719797
west_u008,sanchit-gandhi_gtzan_00000154,1.3014288232151083
west_u008,sanchit-gandhi_gtzan_00000141,0.736224303463526
west_u008,sanchit-gandhi_gtzan_00000118,1.1746616626959168
west_u008,sanchit-gandhi_gtzan_00000126,0.8043376922090247
west_u008,sanchit-gandhi_gtzan_00000149,1.8170439090298618
west_u008,sanchit-gandhi_gtzan_00000156,1.536354771331287
west_u008,sanchit-gandhi_gtzan_00000140,1.0118582069820554
west_u008,sanchit-gandhi_gtzan_00000109,1.2917304842107107
west_u008,sanchit-gandhi_gtzan_00000119,1.5042202823195427
west_u008,sanchit-gandhi_gtzan_00000148,1.674286574968138
west_u008,sanchit-gandhi_gtzan_00000143,0.6202208148058126
west_u008,sanchit-gandhi_gtzan_00000108,0.5337782629928702
west_u008,sanchit-gandhi_gtzan_00000125,0.6716790457548347
west_u008,sanchit-gandhi_gtzan_00000144,1.0924944652588444
west_u008,sanchit-gandhi_gtzan_00000113,1.2000599151231381
west_u008,sanchit-gandhi_gtzan_00000136,0.7046924453207726
west_u008,sanchit-gandhi_gtzan_00000101,1.116729706849408
west_u008,sanchit-gandhi_gtzan_00000115,1.1624341795427457
west_u008,sanchit-gandhi_gtzan_00000137,0.66363494551623
west_u008,sanchit-gandhi_gtzan_00000159,1.874989940293601
west_u008,sanchit-gandhi_gtzan_00000129,1.3987188913815614
west_u008,sanchit-gandhi_gtzan_00000151,1.0828032956844231
west_u008,sanchit-gandhi_gtzan_00000123,1.26036077520831
west_u008,sanchit-gandhi_gtzan_00000110,0.9712962297032102
west_u008,sanchit-gandhi_gtzan_00000106,1.7814965474668896
west_u008,sanchit-gandhi_gtzan_00000103,1.3625225623527555
west_u008,sanchit-gandhi_gtzan_00000133,1.2423437215903153
west_u008,sanchit-gandhi_gtzan_00000107,1.8663281046433964
west_u008,sanchit-gandhi_gtzan_00000127,1.7569695473511016
west_u008,sanchit-gandhi_gtzan_00000105,1.719202837138774
west_u009,sanchit-gandhi_gtzan_00000127,1.9610212256681376
west_u009,sanchit-gandhi_gtzan_00000146,1.832755650184765
west_u009,sanchit-gandhi_gtzan_00000156,0.8818208176790137
west_u009,sanchit-gandhi_gtzan_00000110,1.48858884920383
west_u009,sanchit-gandhi_gtzan_00000123,0.5308145517922158
west_u009,sanchit-gandhi_gtzan_00000147,1.9866600866443973
west_u009,sanchit-gandhi_gtzan_00000116,0.8915091632038948
west_u009,sanchit-gandhi_gtzan_00000155,1.497192640435376
west_u009,sanchit-gandhi_gtzan_00000118,1.7737304317993479
west_u009,sanchit-gandhi_gtzan_00000134,0.7406969940919572
west_u009,sanchit-gandhi_gtzan_00000117,1.7718190142157186
west_u009,sanchit-gandhi_gtzan_00000151,0.5183684986862336
west_u009,sanchit-gandhi_gtzan_00000112,1.162965707128111
west_u009,sanchit-gandhi_gtzan_00000113,1.2080564337967077
west_u009,sanchit-gandhi_gtzan_00000105,1.0611360698881038
west_u009,sanchit-gandhi_gtzan_00000157,1.3795771194507496
west_u009,sanchit-gandhi_gtzan_00000102,1.872263523053948
west_u009,sanchit-gandhi_gtzan_00000138,0.9904836714504337
west_u009,sanchit-gandhi_gtzan_00000104,1.3688898307496362
west_u009,sanchit-gandhi_gtzan_00000103,1.8161937886149842
west_u009,sanchit-gandhi_gtzan_00000141,1.6594930926520672
west_u009,sanchit-gandhi_gtzan_00000109,0.5610998972082439
west_u009,sanchit-gandhi_gtzan_00000149,1.9141861461914935
west_u009,sanchit-gandhi_gtzan_00000125,0.569970356387919
west_u009,sanchit-gandhi_gtzan_00000139,1.3831377115614945
west_u009,sanchit-gandhi_gtzan_00000115,1.3630304304727472
west_u009,sanchit-gandhi_gtzan_00000100,1.6795853460534742
west_u009,sanchit-gandhi_gtzan_00000131,0.7226645777734665
west_u009,sanchit-gandhi_gtzan_00000143,0.7690555880940557
west_u009,sanchit-gandhi_gtzan_00000108,1.6281603991075406
west_u009,sanchit-gandhi_gtzan_00000121,0.7242571286174376
west_u009,sanchit-gandhi_gtzan_00000154,1.2041676905984593
west_u009,sanchit-gandhi_gtzan_00000140,1.5974721353163979
west_u009,sanchit-gandhi_gtzan_00000145,1.4768628931740218
west_u009,sanchit-gandhi_gtzan_00000136,0.8159062791696428
west_u009,sanchit-gandhi_gtzan_00000119,0.9559403880291284
west_u009,sanchit-gandhi_gtzan_00000101,1.9534623548615615
west_u009,sanchit-gandhi_gtzan_00000111,1.173005930232326
west_u009,sanchit-gandhi_gtzan_00000133,0.5666862146545708
west_u009,sanchit-gandhi_gtzan_00000132,0.8293773491994989
west_u010,sanchit-gandhi_gtzan_00000059,1.1572674361283202
west_u010,sanchit-gandhi_gtzan_00000017,1.5354968920342917
west_u010,sanchit-gandhi_gtzan_00000045,1.3629015149960466
west_u010,sanchit-gandhi_gtzan_00000019,1.252573875278311
west_u010,sanchit-gandhi_gtzan_00000020,1.4248664353352734
west_u010,sanchit-gandhi_gtzan_00000051,1.8475134593036433
west_u010,sanchit-gandhi_gtzan_00000071,1.5489685635411643
west_u010,sanchit-gandhi_gtzan_00000093,1.2987201191828317
west_u010,sanchit-gandhi_gtzan_00000014,1.4677789409989646
west_u010,sanchit-gandhi_gtzan_00000023,1.4095914207635323
west_u010,sanchit-gandhi_gtzan_00000072,1.1496818112294696
west_u010,sanchit-gandhi_gtzan_00000074,1.4371460151956756
west_u010,sanchit-gandhi_gtzan_00000025,1.1653547002462454
west_u010,sanchit-gandhi_gtzan_00000004,1.6364215668078685
west_u010,sanchit-gandhi_gtzan_00000066,1.9533687252834282
west_u010,sanchit-gandhi_gtzan_00000031,1.9397980362458438
west_u010,sanchit-gandhi_gtzan_00000000,1.7311036796374708
west_u010,sanchit-gandhi_gtzan_00000081,1.4026383455892277
west_u010,sanchit-gandhi_gtzan_00000003,1.6239979821061108
west_u010,sanchit-gandhi_gtzan_00000012,0.7670724428863316
west_u010,sanchit-gandhi_gtzan_00000054,1.2185276859708838
west_u010,sanchit-gandhi_gtzan_00000070,0.8859571474870465
west_u010,sanchit-gandhi_gtzan_00000041,0.5052424716640207
west_u010,sanchit-gandhi_gtzan_00000036,1.950106362008114
west_u010,sanchit-gandhi_gtzan_00000098,1.795772842777762
west_u010,sanchit-gandhi_gtzan_00000001,1.2705479277048903
west_u010,sanchit-gandhi_gtzan_00000016,0.8812284321785102
west_u010,sanchit-gandhi_gtzan_00000010,1.539462815298855
west_u010,sanchit-gandhi_gtzan_00000067,1.1522016268248914
west_u010,sanchit-gandhi_gtzan_00000035,1.705024300134049
west_u010,sanchit-gandhi_gtzan_00000083,1.999277165271424
west_u010,sanchit-gandhi_gtzan_00000039,1.0236239112348051
west_u010,sanchit-gandhi_gtzan_00000094,0.8666045652170716
west_u010,sanchit-gandhi_gtzan_00000040,0.9010737331921373
west_u010,sanchit-gandhi_gtzan_00000089,0.6400193685210079
west_u010,sanchit-gandhi_gtzan_00000008,1.0910692947502332
west_u010,sanchit-gandhi_gtzan_00000095,0.526137579075364
west_u010,sanchit-gandhi_gtzan_00000082,0.6715933361019134
west_u010,sanchit-gandhi_gtzan_00000062,0.9075436209090055
west_u010,sanchit-gandhi_gtzan_00000005,0.7397941638642211
west_u011,sanchit-gandhi_gtzan_00000111,1.4423465116656953
west_u011,sanchit-gandhi_gtzan_00000150,0.649932078816954
west_u011,sanchit-gandhi_gtzan_00000146,0.6079936492076947
west_u011,sanchit-gandhi_gtzan_00000158,0.5385556573629113
west_u011,sanchit-gandhi_gtzan_00000102,1.874959790359183
west_u011,sanchit-gandhi_gtzan_00000151,0.9670741164029835
west_u011,sanchit-gandhi_gtzan_00000155,1.4909882226756979
west_u011,sanchit-gandhi_gtzan_00000100,1.9838528735266132
west_u011,sanchit-gandhi_gtzan_00000125,1.5041761903429152
west_u011,sanchit-gandhi_gtzan_00000114,1.28764219378427
west_u011,sanchit-gandhi_gtzan_00000137,1.2813799002758577
west_u011,sanchit-gandhi_gtzan_00000142,1.0653757226833276
west_u011,sanchit-gandhi_gtzan_00000106,1.399669483932628
west_u011,sanchit-gandhi_gtzan_00000109,1.9381870843185565
west_u011,sanchit-gandhi_gtzan_00000133,1.6820660505474652
west_u011,sanchit-gandhi_gtzan_00000145,1.1363399255498563
west_u011,sanchit-gandhi_gtzan_00000147,0.9986672435487999
west_u011,sanchit-gandhi_gtzan_00000149,1.8252972944346821
west_u011,sanchit-gandhi_gtzan_00000103,0.7036787384398907
west_u011,sanchit-gandhi_gtzan_00000144,1.7743778854464527
west_u011,sanchit-gandhi_gtzan_00000121,0.8826151420134986
west_u011,sanchit-gandhi_gtzan_00000152,1.5734438536638766
west_u011,sanchit-gandhi_gtzan_00000108,1.709330871162245
west_u011,sanchit-gandhi_gtzan_00000130,1.2154947758952088
west_u011,sanchit-gandhi_gtzan_00000135,0.7884259642134115
west_u011,sanchit-gandhi_gtzan_00000101,1.7671516151935631
west_u011,sanchit-gandhi_gtzan_00000118,1.0512625175799721
west_u011,sanchit-gandhi_gtzan_00000157,0.9810203907237789
west_u011,sanchit-gandhi_gtzan_00000153,1.2650242735301593
west_u011,sanchit-gandhi_gtzan_00000140,1.1526293616558765
west_u011,sanchit-gandhi_gtzan_00000131,1.5245783255580863
west_u011,sanchit-gandhi_gtzan_00000105,0.7057967125589981
west_u011,sanchit-gandhi_gtzan_00000123,1.1535344810718096
west_u011,sanchit-gandhi_gtzan_00000107,1.837552716837806
west_u011,sanchit-gandhi_gtzan_00000104,0.5540940641595882
west_u011,sanchit-gandhi_gtzan_00000113,1.1860074997299896
west_u011,sanchit-gandhi_gtzan_00000156,1.4907979495778152
west_u011,sanchit-gandhi_gtzan_00000154,1.8315666305629779
west_u011,sanchit-gandhi_gtzan_00000127,1.3906793403997635
west_u011,sanchit-gandhi_gtzan_00000115,1.7367264068589927
west_u012,sanchit-gandhi_gtzan_00000116,1.1359375565047505
west_u012,sanchit-gandhi_gtzan_00000120,1.0841673608039317
west_u012,sanchit-gandhi_gtzan_00000151,0.5518574949773472
west_u012,sanchit-gandhi_gtzan_00000113,0.91269613298951
west_u012,sanchit-gandhi_gtzan_00000115,1.6278604621103252
west_u012,sanchit-gandhi_gtzan_00000108,1.366918357114438
west_u012,sanchit-gandhi_gtzan_00000140,1.7092512451340451
west_u012,sanchit-gandhi_gtzan_00000105,1.3140320665711474
west_u012,sanchit-gandhi_gtzan_00000101,1.7811256482129012
west_u012,sanchit-gandhi_gtzan_00000147,1.694100649402575
west_u012,sanchit-gandhi_gtzan_00000100,0.6474268552133706
west_u012,sanchit-gandhi_gtzan_00000153,1.9655095520239887
west_u012,sanchit-gandhi_gtzan_00000102,0.5221211703519932
west_u012,sanchit-gandhi_gtzan_00000137,1.3952570568944278
west_u012,sanchit-gandhi_gtzan_00000155,1.6887672639751434
west_u012,sanchit-gandhi_gtzan_00000118,0.9978412097763552
west_u012,sanchit-gandhi_gtzan_00000114,1.3978546884457368
west_u012,sanchit-gandhi_gtzan_00000158,1.0431837962711725
west_u012,sanchit-gandhi_gtzan_00000143,0.5909224625112528
west_u012,sanchit-gandhi_gtzan_00000132,0.5126922786339964
west_u012,sanchit-gandhi_gtzan_00000104,0.6422930451667825
west_u012,sanchit-gandhi_gtzan_00000150,0.6476143911800702
west_u012,sanchit-gandhi_gtzan_00000107,1.4163346660906249
west_u012,sanchit-gandhi_gtzan_00000109,1.28879784644377
west_u012,sanchit-gandhi_gtzan_00000122,1.183194950259713
west_u012,sanchit-gandhi_gtzan_00000112,1.5378822134036263
west_u012,sanchit-gandhi_gtzan_00000156,0.5252392055186725
west_u012,sanchit-gandhi_gtzan_00000135,0.9064752221235963
west_u012,sanchit-gandhi_gtzan_00000128,1.666089096931442
west_u012,sanchit-gandhi_gtzan_00000123,1.8649656597756779
west_u012,sanchit-gandhi_gtzan_00000133,1.1575048943563724
west_u012,sanchit-gandhi_gtzan_00000152,0.6222259702076995
west_u012,sanchit-gandhi_gtzan_00000139,1.698093108842732
west_u012,sanchit-gandhi_gtzan_00000103,1.8277556499091003
west_u012,sanchit-gandhi_gtzan_00000106,1.1204904060405791
west_u012,sanchit-gandhi_gtzan_00000126,0.8650328808804155
west_u012,sanchit-gandhi_gtzan_00000136,0.5659575023344179
west_u012,sanchit-gandhi_gtzan_00000159,1.386624232842284
west_u012,sanchit-gandhi_gtzan_00000134,1.8648042358437489
west_u012,sanchit-gandhi_gtzan_00000131,1.5168320382804885
west_u013,sanchit-gandhi_gtzan_00000109,1.827455002123409
west_u013,sanchit-gandhi_gtzan_00000106,1.6592385717462177
west_u013,sanchit-gandhi_gtzan_00000101,1.2894361775005625
west_u013,sanchit-gandhi_gtzan_00000155,1.9250797335132317
west_u013,sanchit-gandhi_gtzan_00000152,1.1365479341524907
west_u013,sanchit-gandhi_gtzan_00000150,1.682109391382159
west_u013,sanchit-gandhi_gtzan_00000103,0.7519043597021269
west_u013,sanchit-gandhi_gtzan_00000138,0.9286887156658954
west_u013,sanchit-gandhi_gtzan_00000120,1.0071283720009323
west_u013,sanchit-gandhi_gtzan_00000154,0.658731129056785
west_u013,sanchit-gandhi_gtzan_00000147,1.2527072226141018
west_u013,sanchit-gandhi_gtzan_00000112,0.7883902011897435
west_u013,sanchit-gandhi_gtzan_00000151,1.451278834174488
west_u013,sanchit-gandhi_gtzan_00000114,0.7851385393595274
west_u013,sanchit-gandhi_gtzan_00000134,0.685259386008913
west_u013,sanchit-gandhi_gtzan_00000157,1.9536300913983868
west_u013,sanchit-gandhi_gtzan_00000149,1.4873604587166593
west_u013,sanchit-gandhi_gtzan_00000108,1.9046763720627329
west_u013,sanchit-gandhi_gtzan_00000121,1.234831687989848
west_u013,sanchit-gandhi_gtzan_00000159,0.5501036945950614
west_u013,sanchit-gandhi_gtzan_00000135,1.361556755647166
west_u013,sanchit-gandhi_gtzan_00000111,1.3374933302535628
west_u013,sanchit-gandhi_gtzan_00000132,0.522463408904891
west_u013,sanchit-gandhi_gtzan_00000137,1.7918630666027475
west_u013,sanchit-gandhi_gtzan_00000117,1.429956020924637
west_u013,sanchit-gandhi_gtzan_00000123,1.6170367540642192
west_u013,sanchit-gandhi_gtzan_00000122,1.240881659236272
west_u013,sanchit-gandhi_gtzan_00000148,1.4276036568623944
west_u013,sanchit-gandhi_gtzan_00000130,0.8862048398427863
west_u013,sanchit-gandhi_gtzan_00000145,1.9606366516529707
west_u013,sanchit-gandhi_gtzan_00000113,1.1010800113214976
west_u013,sanchit-gandhi_gtzan_00000153,0.7434899320064436
west_u013,sanchit-gandhi_gtzan_00000143,0.583873127561941
west_u013,sanchit-gandhi_gtzan_00000144,1.4542578996280566
west_u013,sanchit-gandhi_gtzan_00000116,1.9750697767646836
west_u013,sanchit-gandhi_gtzan_00000136,1.8436917452694224
west_u013,sanchit-gandhi_gtzan_00000158,1.5531568512296203
west_u013,sanchit-gandhi_gtzan_00000102,1.9858968934892913
west_u013,sanchit-gandhi_gtzan_00000100,1.5842423930631597
west_u013,sanchit-gandhi_gtzan_00000125,1.008876685102094
west_u014,sanchit-gandhi_gtzan_00000015,1.9059669559569858
west_u014,sanchit-gandhi_gtzan_00000065,1.9355606805988654
west_u014,sanchit-gandhi_gtzan_00000035,1.1383892808412688
west_u014,sanchit-gandhi_gtzan_00000072,0.8964908364125485
west_u014,sanchit-gandhi_gtzan_00000010,1.4129206081137171
west_u014,sanchit-gandhi_gtzan_00000038,1.4422893888923545
west_u014,sanchit-gandhi_gtzan_00000027,1.433517404113845
west_u014,sanchit-gandhi_gtzan_00000088,0.9826679205783218
west_u014,sanchit-gandhi_gtzan_00000098,0.5956276046259545
west_u014,sanchit-gandhi_gtzan_00000078,0.8150072582383985
west_u014,sanchit-gandhi_gtzan_00000066,0.7316291420333506
west_u014,sanchit-gandhi_gtzan_00000013,0.6858505186749653
west_u014,sanchit-gandhi_gtzan_00000077,1.8894249816073596
west_u014,sanchit-gandhi_gtzan_00000052,0.5207714689609519
west_u014,sanchit-gandhi_gtzan_00000097,1.4027866088544825
west_u014,sanchit-gandhi_gtzan_00000036,1.9212106936102051
west_u014,sanchit-gandhi_gtzan_00000089,1.0400796912411918
west_u014,sanchit-gandhi_gtzan_00000069,1.2906471337586938
west_u014,sanchit-gandhi_gtzan_00000046,1.5436754952127394
west_u014,sanchit-gandhi_gtzan_00000014,0.9757545419873583
west_u014,sanchit-gandhi_gtzan_00000082,1.2164779815608737
west_u014,sanchit-gandhi_gtzan_00000086,1.725654275499128
west_u014,sanchit-gandhi_gtzan_00000005,1.6180334979203952
west_u014,sanchit-gandhi_gtzan_00000028,1.712674117239261
west_u014,sanchit-gandhi_gtzan_00000039,1.981010245441484
west_u014,sanchit-gandhi_gtzan_00000074,1.0554912124042686
west_u014,sanchit-gandhi_gtzan_00000008,1.6206368944036598
west_u014,sanchit-gandhi_gtzan_00000026,1.4041768506529744
west_u014,sanchit-gandhi_gtzan_00000020,1.4999071508317945
west_u014,sanchit-gandhi_gtzan_00000054,1.6098108572494016
west_u014,sanchit-gandhi_gtzan_00000030,1.6245969754194722
west_u014,sanchit-gandhi_gtzan_00000011,1.8286177239422294
west_u014,sanchit-gandhi_gtzan_00000043,1.0239825128540831
west_u014,sanchit-gandhi_gtzan_00000048,1.4802220341678658
west_u014,sanchit-gandhi_gtzan_00000019,0.9204356473952837
west_u014,sanchit-gandhi_gtzan_00000032,1.3918530576754626
west_u014,sanchit-gandhi_gtzan_00000067,1.6267627102578919
west_u014,sanchit-gandhi_gtzan_00000061,1.6865016292424606
west_u014,sanchit-gandhi_gtzan_00000024,1.130186754483684
west_u014,sanchit-gandhi_gtzan_00000002,1.2630803348020396
west_u015,sanchit-gandhi_gtzan_00000122,0.6438472172012615
west_u015,sanchit-gandhi_gtzan_00000138,1.3472635264968624
west_u015,sanchit-gandhi_gtzan_00000113,1.306769616748552
west_u015,sanchit-gandhi_gtzan_00000124,0.7597956299497927
west_u015,sanchit-gandhi_gtzan_00000108,1.3964572534397643
west_u015,sanchit-gandhi_gtzan_00000132,1.3510384607862336
west_u015,sanchit-gandhi_gtzan_00000141,1.6604189345623865
west_u015,sanchit-gandhi_gtzan_00000110,1.0423548947639516
west_u015,sanchit-gandhi_gtzan_00000130,0.8731392854954589
west_u015,sanchit-gandhi_gtzan_00000153,1.9268298304561633
west_u015,sanchit-gandhi_gtzan_00000100,1.3418262841741821
west_u015,sanchit-gandhi_gtzan_00000157,0.5407099383262705
west_u015,sanchit-gandhi_gtzan_00000104,1.7310675261676147
west_u015,sanchit-gandhi_gtzan_00000127,0.7951370913784112
west_u015,sanchit-gandhi_gtzan_00000116,1.6790544764687652
west_u015,sanchit-gandhi_gtzan_00000131,1.557743640733947
west_u015,sanchit-gandhi_gtzan_00000106,1.9532205863947358
west_u015,sanchit-gandhi_gtzan_00000156,1.9483689523917893
west_u015,sanchit-gandhi_gtzan_00000107,0.9116159369836399
west_u015,sanchit-gandhi_gtzan_00000125,1.6496743718351277
west_u015,sanchit-gandhi_gtzan_00000128,0.9752826286698859
west_u015,sanchit-gandhi_gtzan_00000114,1.4437969082443916
west_u015,sanchit-gandhi_gtzan_00000126,1.3966191274318898
west_u015,sanchit-gandhi_gtzan_00000103,0.581815273431747
west_u015,sanchit-gandhi_gtzan_00000101,0.5077726247530363
west_u015,sanchit-gandhi_gtzan_00000135,0.5866460218922143
west_u015,sanchit-gandhi_gtzan_00000139,0.6919130712976116
west_u015,sanchit-gandhi_gtzan_00000121,0.8864787370216605
west_u015,sanchit-gandhi_gtzan_00000148,1.8604328348638437
west_u015,sanchit-gandhi_gtzan_00000155,1.2779490130200295
west_u015,sanchit-gandhi_gtzan_00000145,1.695337608261183
west_u015,sanchit-gandhi_gtzan_00000142,1.7574676281608121
west_u015,sanchit-gandhi_gtzan_00000154,1.6024146478858117
west_u015,sanchit-gandhi_gtzan_00000140,1.0870776866308578
west_u015,sanchit-gandhi_gtzan_00000137,1.7957890907614742
west_u015,sanchit-gandhi_gtzan_00000146,1.613074629981381
west_u015,sanchit-gandhi_gtzan_00000151,1.6147271651075787
west_u015,sanchit-gandhi_gtzan_00000143,1.8523614907483539
west_u015,sanchit-gandhi_gtzan_00000150,1.3979952086865255
west_u015,sanchit-gandhi_gtzan_00000134,1.2928616449432648
west_u016,sanchit-gandhi_gtzan_00000099,1.9429357786775638
west_u016,sanchit-gandhi_gtzan_00000073,1.9435178026260682
west_u016,sanchit-gandhi_gtzan_00000017,1.0728783258775132
west_u016,sanchit-gandhi_gtzan_00000032,0.988687311646326
west_u016,sanchit-gandhi_gtzan_00000030,1.2650158733885981
west_u016,sanchit-gandhi_gtzan_00000047,0.9375321372011011
west_u016,sanchit-gandhi_gtzan_00000087,1.969493677483345
west_u016,sanchit-gandhi_gtzan_00000088,0.8318320850368661
west_u016,sanchit-gandhi_gtzan_00000044,1.0537140232741529
west_u016,sanchit-gandhi_gtzan_00000056,1.1440563135502675
west_u016,sanchit-gandhi_gtzan_00000092,0.6875960346217432
west_u016,sanchit-gandhi_gtzan_00000067,1.0742372401551947
west_u016,sanchit-gandhi_gtzan_00000089,1.78509608015296
west_u016,sanchit-gandhi_gtzan_00000080,0.7105415021851377
west_u016,sanchit-gandhi_gtzan_00000005,1.3760329262392808
west_u016,sanchit-gandhi_gtzan_00000046,1.1099557070900252
west_u016,sanchit-gandhi_gtzan_00000091,0.755805089176182
west_u016,sanchit-gandhi_gtzan_00000019,0.5185042466738088
west_u016,sanchit-gandhi_gtzan_00000040,0.9100149552348503
west_u016,sanchit-gandhi_gtzan_00000053,0.5927434410470029
west_u016,sanchit-gandhi_gtzan_00000038,1.0651527069451028
west_u016,sanchit-gandhi_gtzan_00000093,1.7153147835490186
west_u016,sanchit-gandhi_gtzan_00000096,1.5795278913164186
west_u016,sanchit-gandhi_gtzan_00000045,1.9210755675526503
west_u016,sanchit-gandhi_gtzan_00000003,1.1405231260056037
west_u016,sanchit-gandhi_gtzan_00000007,1.5617020978877791
west_u016,sanchit-gandhi_gtzan_00000076,1.4980125831530304
west_u016,sanchit-gandhi_gtzan_00000054,0.8255694547373893
west_u016,sanchit-gandhi_gtzan_00000042,0.9553737578489878
west_u016,sanchit-gandhi_gtzan_00000002,1.2947443000966405
west_u016,sanchit-gandhi_gtzan_00000050,1.6949859785088828
west_u016,sanchit-gandhi_gtzan_00000090,1.192719101694399
west_u016,sanchit-gandhi_gtzan_00000077,0.8416123042632909
west_u016,sanchit-gandhi_gtzan_00000098,1.9901985354205547
west_u016,sanchit-gandhi_gtzan_00000028,0.6733682095305027
west_u016,sanchit-gandhi_gtzan_00000081,1.9338333612369918
west_u016,sanchit-gandhi_gtzan_00000037,1.7135694326457331
west_u016,sanchit-gandhi_gtzan_00000059,1.7583402789617777
west_u016,sanchit-gandhi_gtzan_00000000,1.692376374637249
west_u016,sanchit-gandhi_gtzan_00000052,0.812256411956933
west_u017,sanchit-gandhi_gtzan_00000152,0.9362548255190426
west_u017,sanchit-gandhi_gtzan_00000115,1.9966359713492907
west_u017,sanchit-gandhi_gtzan_00000128,0.9756915118348012
west_u017,sanchit-gandhi_gtzan_00000103,1.188266279688612
west_u017,sanchit-gandhi_gtzan_00000111,1.7768885392616256
west_u017,sanchit-gandhi_gtzan_00000113,0.9568945269920612
west_u017,sanchit-gandhi_gtzan_00000139,1.1758104265812501
west_u017,sanchit-gandhi_gtzan_00000151,1.4983807506848832
west_u017,sanchit-gandhi_gtzan_00000100,0.6957013321586423
west_u017,sanchit-gandhi_gtzan_00000120,1.1335255530375765
west_u017,sanchit-gandhi_gtzan_00000104,0.9641149060424397
west_u017,sanchit-gandhi_gtzan_00000117,1.515161458797227
west_u017,sanchit-gandhi_gtzan_00000138,0.7039540850905577
west_u017,sanchit-gandhi_gtzan_00000121,0.8490972186514061
west_u017,sanchit-gandhi_gtzan_00000145,1.5670643056287241
west_u017,sanchit-gandhi_gtzan_00000107,0.7343365545861722
west_u017,sanchit-gandhi_gtzan_00000129,1.1330288933598345
west_u017,sanchit-gandhi_gtzan_00000153,1.5693210831389282
west_u017,sanchit-gandhi_gtzan_00000101,1.648202576645008
west_u017,sanchit-gandhi_gtzan_00000127,0.6423217680075026
west_u017,sanchit-gandhi_gtzan_00000132,1.7779934141292173
west_u017,sanchit-gandhi_gtzan_00000112,1.5859584516949496
west_u017,sanchit-gandhi_gtzan_00000149,1.0089418830399706
west_u017,sanchit-gandhi_gtzan_00000130,1.64570427849536
west_u017,sanchit-gandhi_gtzan_00000137,1.5924482980109884
west_u017,sanchit-gandhi_gtzan_00000148,1.4013368397625783
west_u017,sanchit-gandhi_gtzan_00000119,1.3377217601087665
west_u017,sanchit-gandhi_gtzan_00000146,1.6020552333493783
west_u017,sanchit-gandhi_gtzan_00000147,1.9988898525581817
west_u017,sanchit-gandhi_gtzan_00000118,1.367828373973828
west_u017,sanchit-gandhi_gtzan_00000158,1.713076807643372
west_u017,sanchit-gandhi_gtzan_00000159,1.6164105759733745
west_u017,sanchit-gandhi_gtzan_00000105,1.7837126030507386
west_u017,sanchit-gandhi_gtzan_00000136,1.9317872920762076
west_u017,sanchit-gandhi_gtzan_00000114,0.7896248111912227
west_u017,sanchit-gandhi_gtzan_00000143,0.7481894545926744
west_u017,sanchit-gandhi_gtzan_00000155,1.3795277426223513
west_u017,sanchit-gandhi_gtzan_00000116,1.1739425943297568
west_u017,sanchit-gandhi_gtzan_00000124,1.3560840393787539
west_u017,sanchit-gandhi_gtzan_00000110,1.6970641017282628
west_u018,sanchit-gandhi_gtzan_00000030,1.409758748559573
west_u018,sanchit-gandhi_gtzan_00000051,1.103492935885888
west_u018,sanchit-gandhi_gtzan_00000094,1.315653232838268
west_u018,sanchit-gandhi_gtzan_00000076,0.5607905511443937
west_u018,sanchit-gandhi_gtzan_00000046,0.7604764329375033
west_u018,sanchit-gandhi_gtzan_00000024,1.4350398874451038
west_u018,sanchit-gandhi_gtzan_00000085,1.27139259452543
west_u018,sanchit-gandhi_gtzan_00000052,1.6806122343914496
west_u018,sanchit-gandhi_gtzan_00000056,1.4881140356680056
west_u018,sanchit-gandhi_gtzan_00000086,1.4021535139690808
west_u018,sanchit-gandhi_gtzan_00000078,1.7228985564579702
west_u018,sanchit-gandhi_gtzan_00000029,0.602394658327851
west_u018,sanchit-gandhi_gtzan_00000021,1.5363301946469279
west_u018,sanchit-gandhi_gtzan_00000084,1.5733860699335231
west_u018,sanchit-gandhi_gtzan_00000013,0.9127453245200166
west_u018,sanchit-gandhi_gtzan_00000022,0.7934744547310917
west_u018,sanchit-gandhi_gtzan_00000011,0.8207787131839988
west_u018,sanchit-gandhi_gtzan_00000009,0.7972112951479913
west_u018,sanchit-gandhi_gtzan_00000041,1.285673286355392
west_u018,sanchit-gandhi_gtzan_00000097,0.7034394670487427
west_u018,sanchit-gandhi_gtzan_00000036,1.4889287921290255
west_u018,sanchit-gandhi_gtzan_00000082,0.6576173884231543
west_u018,sanchit-gandhi_gtzan_00000035,0.5403344604653844
west_u018,sanchit-gandhi_gtzan_00000019,0.9789353636688067
west_u018,sanchit-gandhi_gtzan_00000090,0.7877895855995616
west_u018,sanchit-gandhi_gtzan_00000033,1.9829930831151235
west_u018,sanchit-gandhi_gtzan_00000072,0.9544944509258261
west_u018,sanchit-gandhi_gtzan_00000040,0.8330961290382706
west_u018,sanchit-gandhi_gtzan_00000001,0.7951547352488219
west_u018,sanchit-gandhi_gtzan_00000066,1.0607793572052355
west_u018,sanchit-gandhi_gtzan_00000014,1.4087733429973668
west_u018,sanchit-gandhi_gtzan_00000043,1.6729179125694236
west_u018,sanchit-gandhi_gtzan_00000095,1.0468643716146027
west_u018,sanchit-gandhi_gtzan_00000012,1.4389564700641841
west_u018,sanchit-gandhi_gtzan_00000000,1.2230898474190812
west_u018,sanchit-gandhi_gtzan_00000032,1.7697430193800976
west_u018,sanchit-gandhi_gtzan_00000096,1.3535626657376527
west_u018,sanchit-gandhi_gtzan_00000075,0.9348375078186502
west_u018,sanchit-gandhi_gtzan_00000003,1.5553808857673839
west_u018,sanchit-gandhi_gtzan_00000026,1.7300967320344938
west_u019,sanchit-gandhi_gtzan_00000087,1.8987201047642284
west_u019,sanchit-gandhi_gtzan_00000048,1.870313972529484
west_u019,sanchit-gandhi_gtzan_00000020,1.696118404395455
west_u019,sanchit-gandhi_gtzan_00000075,0.675077841013939
west_u019,sanchit-gandhi_gtzan_00000009,1.3614072048793788
west_u019,sanchit-gandhi_gtzan_00000082,0.7808459391347771
west_u019,sanchit-gandhi_gtzan_00000033,1.0525759063382036
west_u019,sanchit-gandhi_gtzan_00000069,0.9006369149561194
west_u019,sanchit-gandhi_gtzan_00000065,1.7433964722311988
west_u019,sanchit-gandhi_gtzan_00000094,0.7166770992789098
west_u019,sanchit-gandhi_gtzan_00000053,1.4692687529151136
west_u019,sanchit-gandhi_gtzan_00000063,1.9758419956642503
west_u019,sanchit-gandhi_gtzan_00000078,1.53058187488045
west_u019,sanchit-gandhi_gtzan_00000068,0.6188502335104396
west_u019,sanchit-gandhi_gtzan_00000090,1.8617742529437873
west_u019,sanchit-gandhi_gtzan_00000013,1.4646195165343943
west_u019,sanchit-gandhi_gtzan_00000043,1.1844664694078053
west_u019,sanchit-gandhi_gtzan_00000037,1.489538717811678
west_u019,sanchit-gandhi_gtzan_00000057,1.8185664957089553
west_u019,sanchit-gandhi_gtzan_00000038,1.215690841872874
west_u019,sanchit-gandhi_gtzan_00000027,1.2969822242183437
west_u019,sanchit-gandhi_gtzan_00000002,1.1786710988269302
west_u019,sanchit-gandhi_gtzan_00000080,0.6088871394854978
west_u019,sanchit-gandhi_gtzan_00000028,1.6806051903910377
west_u019,sanchit-gandhi_gtzan_00000054,0.6896176154627585
west_u019,sanchit-gandhi_gtzan_00000026,1.0918550154324653
west_u019,sanchit-gandhi_gtzan_00000022,1.0802342684115938
west_u019,sanchit-gandhi_gtzan_00000084,0.9200611881301068
west_u019,sanchit-gandhi_gtzan_00000067,1.1037606888416276
west_u019,sanchit-gandhi_gtzan_00000042,1.427013665573643
west_u019,sanchit-gandhi_gtzan_00000046,0.9670809683115676
west_u019,sanchit-gandhi_gtzan_00000031,0.7587679065474147
west_u019,sanchit-gandhi_gtzan_00000039,1.8040512657608998
west_u019,sanchit-gandhi_gtzan_00000050,1.9562489747857033
west_u019,sanchit-gandhi_gtzan_00000096,1.187875735814481
west_u019,sanchit-gandhi_gtzan_00000044,0.9905295685168787
west_u019,sanchit-gandhi_gtzan_00000089,0.571223116667344
west_u019,sanchit-gandhi_gtzan_00000062,0.5552773109150797
west_u019,sanchit-gandhi_gtzan_00000000,1.089322993468103
west_u019,sanchit-gandhi_gtzan_00000004,1.8953630274514486
west_u020,sanchit-gandhi_gtzan_00000139,0.776311571391098
west_u020,sanchit-gandhi_gtzan_00000157,0.6372053532904678
west_u020,sanchit-gandhi_gtzan_00000102,0.7541609008175727
west_u020,sanchit-gandhi_gtzan_00000122,1.6752960374003458
west_u020,sanchit-gandhi_gtzan_00000127,1.8707466342390657
west_u020,sanchit-gandhi_gtzan_00000152,1.8881733015557862
west_u020,sanchit-gandhi_gtzan_00000151,0.9473236840556684
west_u020,sanchit-gandhi_gtzan_00000113,1.7605120670203376
west_u020,sanchit-gandhi_gtzan_00000110,1.304353302533145
west_u020,sanchit-gandhi_gtzan_00000137,1.734187772522311
west_u020,sanchit-gandhi_gtzan_00000135,1.3225472635700015
west_u020,sanchit-gandhi_gtzan_00000133,0.7188398296686773
west_u020,sanchit-gandhi_gtzan_00000156,0.6188293266096461
west_u020,sanchit-gandhi_gtzan_00000101,1.9358287238140095
west_u020,sanchit-gandhi_gtzan_00000154,1.1387038346473684
west_u020,sanchit-gandhi_gtzan_00000118,1.0257809673459768
west_u020,sanchit-gandhi_gtzan_00000144,1.0344546271524657
west_u020,sanchit-gandhi_gtzan_00000126,1.068401617213208
west_u020,sanchit-gandhi_gtzan_00000143,1.9174952418415072
west_u020,sanchit-gandhi_gtzan_00000150,0.5940568811047637
west_u020,sanchit-gandhi_gtzan_00000158,0.6785919310734487
west_u020,sanchit-gandhi_gtzan_00000155,1.6844772732227737
west_u020,sanchit-gandhi_gtzan_00000146,1.3241142370102081
west_u020,sanchit-gandhi_gtzan_00000138,0.692805136941428
west_u020,sanchit-gandhi_gtzan_00000130,0.5516902051675046
west_u020,sanchit-gandhi_gtzan_00000124,0.8363515224188411
west_u020,sanchit-gandhi_gtzan_00000153,0.8912161065654066
west_u020,sanchit-gandhi_gtzan_00000111,0.5213195443619629
west_u020,sanchit-gandhi_gtzan_00000108,0.8241358075057901
west_u020,sanchit-gandhi_gtzan_00000103,1.6074784054285995
west_u020,sanchit-gandhi_gtzan_00000119,1.7831505344555056
west_u020,sanchit-gandhi_gtzan_00000128,1.8473537446545767
west_u020,sanchit-gandhi_gtzan_00000125,1.084871048965315
west_u020,sanchit-gandhi_gtzan_00000136,0.9791205888553365
west_u020,sanchit-gandhi_gtzan_00000145,1.9997912723118314
west_u020,sanchit-gandhi_gtzan_00000121,1.6540106763823832
west_u020,sanchit-gandhi_gtzan_00000115,1.3060281213613316
west_u020,sanchit-gandhi_gtzan_00000140,0.8821571490340949
west_u020,sanchit-gandhi_gtzan_00000148,0.981958179327657
west_u020,sanchit-gandhi_gtzan_00000106,1.2730465232440809
west_u021,sanchit-gandhi_gtzan_00000055,0.5725511392987274
west_u021,sanchit-gandhi_gtzan_00000014,1.4808317867820389
west_u021,sanchit-gandhi_gtzan_00000053,1.463387205762649
west_u021,sanchit-gandhi_gtzan_00000058,1.0541364271317215
west_u021,sanchit-gandhi_gtzan_00000038,1.2090299996533957
west_u021,sanchit-gandhi_gtzan_00000092,1.233724082356984
west_u021,sanchit-gandhi_gtzan_00000021,0.8598921991197596
west_u021,sanchit-gandhi_gtzan_00000069,0.9712499178613788
west_u021,sanchit-gandhi_gtzan_00000001,1.1275843319952523
west_u021,sanchit-gandhi_gtzan_00000036,1.4047685448673848
west_u021,sanchit-gandhi_gtzan_00000062,1.9337288090260887
west_u021,sanchit-gandhi_gtzan_00000030,1.30772691427856
west_u021,sanchit-gandhi_gtzan_00000076,1.5967458643148023
west_u021,sanchit-gandhi_gtzan_00000093,1.71050165359333
west_u021,sanchit-gandhi_gtzan_00000041,0.6702621819628304
west_u021,sanchit-gandhi_gtzan_00000050,1.4796870013309114
west_u021,sanchit-gandhi_gtzan_00000027,1.2231660803816367
west_u021,sanchit-gandhi_gtzan_00000068,1.3586464133718383
west_u021,sanchit-gandhi_gtzan_00000040,0.5576254036535668
west_u021,sanchit-gandhi_gtzan_00000033,1.8593236048210777
west_u021,sanchit-gandhi_gtzan_00000017,1.9291762243631752
west_u021,sanchit-gandhi_gtzan_00000000,0.5052228855269176
west_u021,sanchit-gandhi_gtzan_00000074,0.8191873880622663
west_u021,sanchit-gandhi_gtzan_00000012,0.7702912605634249
west_u021,sanchit-gandhi_gtzan_00000094,1.671956775919777
west_u021,sanchit-gandhi_gtzan_00000007,1.3971200886677304
west_u021,sanchit-gandhi_gtzan_00000075,0.7660004949450976
west_u021,sanchit-gandhi_gtzan_00000037,1.7209564329782907
west_u021,sanchit-gandhi_gtzan_00000099,1.0302123077086227
west_u021,sanchit-gandhi_gtzan_00000087,1.1912853144396536
west_u021,sanchit-gandhi_gtzan_00000008,1.0809599079809682
west_u021,sanchit-gandhi_gtzan_00000098,1.2820703096618442
west_u021,sanchit-gandhi_gtzan_00000015,1.220213703243088
west_u021,sanchit-gandhi_gtzan_00000049,0.911876003993664
west_u021,sanchit-gandhi_gtzan_00000047,1.1368340562407604
west_u021,sanchit-gandhi_gtzan_00000095,1.8625057247814503
west_u021,sanchit-gandhi_gtzan_00000009,1.2543412047188676
west_u021,sanchit-gandhi_gtzan_00000061,1.8745796156335635
west_u021,sanchit-gandhi_gtzan_00000079,1.325190571726947
west_u021,sanchit-gandhi_gtzan_00000018,1.6532259398962381
west_u022,sanchit-gandhi_gtzan_00000072,0.7839924596339481
west_u022,sanchit-gandhi_gtzan_00000069,0.8453170381690045
west_u022,sanchit-gandhi_gtzan_00000055,1.670770009364409
west_u022,sanchit-gandhi_gtzan_00000054,1.656931761427657
west_u022,sanchit-gandhi_gtzan_00000011,1.0744084781206682
west_u022,sanchit-gandhi_gtzan_00000049,0.7585465723765937
west_u022,sanchit-gandhi_gtzan_00000053,0.6663625775952038
west_u022,sanchit-gandhi_gtzan_00000099,0.6306939680707598
west_u022,sanchit-gandhi_gtzan_00000043,1.086918876349058
west_u022,sanchit-gandhi_gtzan_00000035,0.5683136499816791
west_u022,sanchit-gandhi_gtzan_00000001,1.0004525556895025
west_u022,sanchit-gandhi_gtzan_00000064,1.942299863811706
west_u022,sanchit-gandhi_gtzan_00000013,1.2612569234150581
west_u022,sanchit-gandhi_gtzan_00000042,1.7339669852527835
west_u022,sanchit-gandhi_gtzan_00000046,0.6938989188430986
west_u022,sanchit-gandhi_gtzan_00000018,0.9021181736145573
west_u022,sanchit-gandhi_gtzan_00000002,1.9198196668160132
west_u022,sanchit-gandhi_gtzan_00000008,1.0753278454010353
west_u022,sanchit-gandhi_gtzan_00000091,1.4726091926724836
west_u022,sanchit-gandhi_gtzan_00000062,1.964190168743884
west_u022,sanchit-gandhi_gtzan_00000070,1.3261816344961033
west_u022,sanchit-gandhi_gtzan_00000061,0.9580189238431038
west_u022,sanchit-gandhi_gtzan_00000020,1.2979226839280935
west_u022,sanchit-gandhi_gtzan_00000003,0.5819557989962889
west_u022,sanchit-gandhi_gtzan_00000031,0.6685548111390367
west_u022,sanchit-gandhi_gtzan_00000074,0.5107566575784048
west_u022,sanchit-gandhi_gtzan_00000078,1.8263150623475064
west_u022,sanchit-gandhi_gtzan_00000058,1.5069206433493934
west_u022,sanchit-gandhi_gtzan_00000025,0.9474946476991222
west_u022,sanchit-gandhi_gtzan_00000006,0.8317421288109569
west_u022,sanchit-gandhi_gtzan_00000017,1.52461490173667
west_u022,sanchit-gandhi_gtzan_00000079,1.8792980971779238
west_u022,sanchit-gandhi_gtzan_00000098,0.9487086365781661
west_u022,sanchit-gandhi_gtzan_00000088,0.9823386640801727
west_u022,sanchit-gandhi_gtzan_00000077,1.7813610877906594
west_u022,sanchit-gandhi_gtzan_00000094,1.8400637238256283
west_u022,sanchit-gandhi_gtzan_00000032,1.8710548502446678
west_u022,sanchit-gandhi_gtzan_00000047,0.9397313120100421
west_u022,sanchit-gandhi_gtzan_00000028,0.6804688513945234
west_u022,sanchit-gandhi_gtzan_00000081,1.1599963579978132
west_u023,sanchit-gandhi_gtzan_00000087,1.8459826537059514
west_u023,sanchit-gandhi_gtzan_00000059,1.9784535687707825
west_u023,sanchit-gandhi_gtzan_00000088,1.6679117039391196
west_u023,sanchit-gandhi_gtzan_00000055,0.5977766869379461
west_u023,sanchit-gandhi_gtzan_00000024,0.9839596015157959
west_u023,sanchit-gandhi_gtzan_00000089,1.8448435098804619
west_u023,sanchit-gandhi_gtzan_00000062,1.6525287587757207
west_u023,sanchit-gandhi_gtzan_00000098,1.6133496065366408
west_u023,sanchit-gandhi_gtzan_00000040,1.5018848457022116
west_u023,sanchit-gandhi_gtzan_00000054,1.1228957744485752
west_u023,sanchit-gandhi_gtzan_00000086,1.1048619805170525
west_u023,sanchit-gandhi_gtzan_00000078,1.7133987313862016
west_u023,sanchit-gandhi_gtzan_00000042,0.9406704376476064
west_u023,sanchit-gandhi_gtzan_00000028,1.52724780905146
west_u023,sanchit-gandhi_gtzan_00000009,1.589312785135935
west_u023,sanchit-gandhi_gtzan_00000000,1.766833984042293
west_u023,sanchit-gandhi_gtzan_00000008,0.9798283860605236
west_u023,sanchit-gandhi_gtzan_00000046,1.612833900257303
west_u023,sanchit-gandhi_gtzan_00000080,0.6597348463680304
west_u023,sanchit-gandhi_gtzan_00000047,0.7070925934278571
west_u023,sanchit-gandhi_gtzan_00000002,1.1260040602601022
west_u023,sanchit-gandhi_gtzan_00000016,0.5828386645328709
west_u023,sanchit-gandhi_gtzan_00000015,1.9215474821980076
west_u023,sanchit-gandhi_gtzan_00000012,1.8528437157640407
west_u023,sanchit-gandhi_gtzan_00000056,0.5734005432887648
west_u023,sanchit-gandhi_gtzan_00000045,1.757467582838418
west_u023,sanchit-gandhi_gtzan_00000005,1.2633112611350379
west_u023,sanchit-gandhi_gtzan_00000033,1.552944332560325
west_u023,sanchit-gandhi_gtzan_00000060,1.830396753947281
west_u023,sanchit-gandhi_gtzan_00000073,1.365461730616548
west_u023,sanchit-gandhi_gtzan_00000069,0.6744906504269441
west_u023,sanchit-gandhi_gtzan_00000001,0.5038679157298793
west_u023,sanchit-gandhi_gtzan_00000076,1.2453822983771698
west_u023,sanchit-gandhi_gtzan_00000064,1.92384819818654
west_u023,sanchit-gandhi_gtzan_00000075,1.358932807419794
west_u023,sanchit-gandhi_gtzan_00000043,1.0594087071323437
west_u023,sanchit-gandhi_gtzan_00000018,0.54638302562137
west_u023,sanchit-gandhi_gtzan_00000071,1.8724691259173005
west_u023,sanchit-gandhi_gtzan_00000097,0.9907349912870633
west_u023,sanchit-gandhi_gtzan_00000081,1.5571661019726442
