user_id,track_id,weight
china_u000,ccmusic-database_erhu_playing_tech_00000141,2.0113698881997695
china_u000,ccmusic-database_erhu_playing_tech_00000111,1.7829573009538795
china_u000,ccmusic-database_erhu_playing_tech_00000064,1.1138324563840207
china_u000,ccmusic-database_erhu_playing_tech_00000019,2.0106481574067216
china_u000,ccmusic-database_erhu_playing_tech_00000077,1.963218516681983
china_u000,ccmusic-database_erhu_playing_tech_00000028,1.2434002038270509
china_u000,ccmusic-database_erhu_playing_tech_00000060,1.072365979279671
china_u000,ccmusic-database_erhu_playing_tech_00000119,1.7523047443568327
china_u000,ccmusic-database_erhu_playing_tech_00000013,0.8160730342260594
china_u000,ccmusic-database_erhu_playing_tech_00000076,0.9198416492695617
china_u000,ccmusic-database_erhu_playing_tech_00000068,0.5876999153204844
china_u000,ccmusic-database_erhu_playing_tech_00000075,1.9324445511911885
china_u000,ccmusic-database_erhu_playing_tech_00000012,1.7218677276212553
china_u000,ccmusic-database_erhu_playing_tech_00000106,1.7914102781304277
china_u000,ccmusic-database_erhu_playing_tech_00000102,1.9217575785128944
china_u000,ccmusic-database_erhu_playing_tech_00000057,1.3666297128036362
china_u000,ccmusic-database_erhu_playing_tech_00000127,1.5560785630187417
china_u000,ccmusic-database_erhu_playing_tech_00000145,0.816149821770209
china_u000,ccmusic-database_erhu_playing_tech_00000059,0.772564376849554
china_u000,ccmusic-database_erhu_playing_tech_00000098,1.7279951090885635
china_u000,ccmusic-database_erhu_playing_tech_00000123,1.3876409555969036
china_u000,ccmusic-database_erhu_playing_tech_00000107,1.5500322836800506
china_u000,ccmusic-database_erhu_playing_tech_00000117,1.894623029042644
china_u000,ccmusic-database_erhu_playing_tech_00000155,1.669889102001019
china_u000,neerajaabhyankar_hindustani-raag-small_00000086,1.1973321908882943
china_u000,neerajaabhyankar_hindustani-raag-small_00000116,1.2049296670063083
china_u000,neerajaabhyankar_hindustani-raag-small_00000056,0.8603326323845265
china_u000,neerajaabhyankar_hindustani-raag-small_00000029,0.4916040766667182
china_u000,neerajaabhyankar_hindustani-raag-small_00000072,1.0395684754636891
china_u000,neerajaabhyankar_hindustani-raag-small_00000024,0.7396893083063644
china_u000,neerajaabhyankar_hindustani-raag-small_00000078,1.001513669028259
china_u000,neerajaabhyankar_hindustani-raag-small_00000006,1.6020941489120244
china_u000,sanchit-gandhi_gtzan_00000084,0.76581830591821
china_u000,sanchit-gandhi_gtzan_00000077,0.5287087012802392
china_u000,sanchit-gandhi_gtzan_00000098,0.8298682542296953
china_u000,sanchit-gandhi_gtzan_00000007,0.846351572985023
china_u000,sanchit-gandhi_gtzan_00000012,1.3435872948813083
china_u000,sanchit-gandhi_gtzan_00000034,1.2019934056607258
china_u000,sanchit-gandhi_gtzan_00000045,1.5082625822936582
china_u000,sanchit-gandhi_gtzan_00000018,1.3468232794419732
china_u001,ccmusic-database_erhu_playing_tech_00000012,1.6959853876820645
china_u001,ccmusic-database_erhu_playing_tech_00000057,0.7206664539663086
china_u001,ccmusic-database_erhu_playing_tech_00000044,1.2922677687443014
china_u001,ccmusic-database_erhu_playing_tech_00000111,0.6467844499117644
china_u001,ccmusic-database_erhu_playing_tech_00000070,1.427134163196795
china_u001,ccmusic-database_erhu_playing_tech_00000102,1.1440105912740546
china_u001,ccmusic-database_erhu_playing_tech_00000135,0.8243042257939308
china_u001,ccmusic-database_erhu_playing_tech_00000023,0.7533701193214015
china_u001,ccmusic-database_erhu_playing_tech_00000077,1.5886868870065531
china_u001,ccmusic-database_erhu_playing_tech_00000068,0.8692728707261285
china_u001,ccmusic-database_erhu_playing_tech_00000105,2.170832204199975
china_u001,ccmusic-database_erhu_playing_tech_00000156,1.5773304659831813
china_u001,ccmusic-database_erhu_playing_tech_00000108,1.173350412822594
china_u001,ccmusic-database_erhu_playing_tech_00000047,1.5943292228054438
china_u001,ccmusic-database_erhu_playing_tech_00000143,0.6143366775262282
china_u001,ccmusic-database_erhu_playing_tech_00000060,2.228514642841493
china_u001,ccmusic-database_erhu_playing_tech_00000112,1.4069734287265028
china_u001,ccmusic-database_erhu_playing_tech_00000153,1.9252182670067435
china_u001,ccmusic-database_erhu_playing_tech_00000026,0.7177092498662064
china_u001,ccmusic-database_erhu_playing_tech_00000106,1.4144856206958265
china_u001,ccmusic-database_erhu_playing_tech_00000024,1.4214695652615486
china_u001,ccmusic-database_erhu_playing_tech_00000076,2.192750634831845
china_u001,ccmusic-database_erhu_playing_tech_00000015,1.56123089034873
china_u001,ccmusic-database_erhu_playing_tech_00000003,1.3917692168232452
china_u001,bilal63_turkish_music_emotion_dataset_00000121,0.8104171451740564
china_u001,bilal63_turkish_music_emotion_dataset_00000042,0.8976181464124454
china_u001,bilal63_turkish_music_emotion_dataset_00000012,1.1529077433365762
china_u001,bilal63_turkish_music_emotion_dataset_00000015,1.042530471411813
china_u001,bilal63_turkish_music_emotion_dataset_00000114,0.47917630783844606
china_u001,bilal63_turkish_music_emotion_dataset_00000069,1.565494097662383
china_u001,bilal63_turkish_music_emotion_dataset_00000109,1.659817041983685
china_u001,bilal63_turkish_music_emotion_dataset_00000071,0.6393362701481246
china_u001,neerajaabhyankar_hindustani-raag-small_00000072,1.1979487937777167
china_u001,neerajaabhyankar_hindustani-raag-small_00000123,0.5965772505328488
china_u001,neerajaabhyankar_hindustani-raag-small_00000003,1.3575241256037458
china_u001,neerajaabhyankar_hindustani-raag-small_00000089,0.8296656081826613
china_u001,neerajaabhyankar_hindustani-raag-small_00000084,1.3402205568340673
china_u001,neerajaabhyankar_hindustani-raag-small_00000121,1.4314427292872915
china_u001,neerajaabhyankar_hindustani-raag-small_00000135,1.487674114088837
china_u001,neerajaabhyankar_hindustani-raag-small_00000027,0.5954502770404604
china_u002,ccmusic-database_erhu_playing_tech_00000149,2.2514005849551686
china_u002,ccmusic-database_erhu_playing_tech_00000142,1.4387785461990406
china_u002,ccmusic-database_erhu_playing_tech_00000080,0.8232231919009075
china_u002,ccmusic-database_erhu_playing_tech_00000053,0.5990400962966477
china_u002,ccmusic-database_erhu_playing_tech_00000030,0.9711566517480252
china_u002,ccmusic-database_erhu_playing_tech_00000040,0.8023933256817488
china_u002,ccmusic-database_erhu_playing_tech_00000157,1.743961211982179
china_u002,ccmusic-database_erhu_playing_tech_00000156,0.7851610704842161
china_u002,ccmusic-database_erhu_playing_tech_00000096,1.4484191320455917
china_u002,ccmusic-database_erhu_playing_tech_00000144,1.7726027014839791
china_u002,ccmusic-database_erhu_playing_tech_00000143,1.5774261509060565
china_u002,ccmusic-database_erhu_playing_tech_00000067,0.9196129991135993
china_u002,ccmusic-database_erhu_playing_tech_00000121,1.9621148076644028
china_u002,ccmusic-database_erhu_playing_tech_00000031,1.8090772985872579
china_u002,ccmusic-database_erhu_playing_tech_00000047,1.8497474067543092
china_u002,ccmusic-database_erhu_playing_tech_00000032,0.8010746214363653
china_u002,ccmusic-database_erhu_playing_tech_00000097,0.7884753112968443
china_u002,ccmusic-database_erhu_playing_tech_00000153,2.1750454004862254
china_u002,ccmusic-database_erhu_playing_tech_00000044,1.2608223843480224
china_u002,ccmusic-database_erhu_playing_tech_00000078,1.0941364933221212
china_u002,ccmusic-database_erhu_playing_tech_00000133,1.4178074782313947
china_u002,ccmusic-database_erhu_playing_tech_00000119,1.7184407670171795
china_u002,ccmusic-database_erhu_playing_tech_00000005,2.223450118406023
china_u002,ccmusic-database_erhu_playing_tech_00000019,1.0691197413715448
china_u002,bilal63_turkish_music_emotion_dataset_00000063,1.6984913795712366
china_u002,bilal63_turkish_music_emotion_dataset_00000060,0.48356031337144606
china_u002,bilal63_turkish_music_emotion_dataset_00000138,1.1995173571412134
china_u002,bilal63_turkish_music_emotion_dataset_00000118,1.305866400769465
china_u002,bilal63_turkish_music_emotion_dataset_00000014,0.5929614950635169
china_u002,bilal63_turkish_music_emotion_dataset_00000116,0.6394584560362822
china_u002,bilal63_turkish_music_emotion_dataset_00000101,1.0158043310770104
china_u002,bilal63_turkish_music_emotion_dataset_00000057,1.7544130813932952
china_u002,sanchit-gandhi_gtzan_00000099,1.2546574468664033
china_u002,sanchit-gandhi_gtzan_00000071,1.7095813491602851
china_u002,sanchit-gandhi_gtzan_00000014,1.5358872360775104
china_u002,sanchit-gandhi_gtzan_00000017,1.0809651620996437
china_u002,sanchit-gandhi_gtzan_00000035,1.5094306564904532
china_u002,sanchit-gandhi_gtzan_00000083,0.47407965836893345
china_u002,sanchit-gandhi_gtzan_00000077,0.5973443956337422
china_u002,sanchit-gandhi_gtzan_00000059,1.5697286300916942
china_u003,ccmusic-database_erhu_playing_tech_00000155,0.983384902655083
china_u003,ccmusic-database_erhu_playing_tech_00000159,1.0051935683105655
china_u003,ccmusic-database_erhu_playing_tech_00000017,1.5603763242562827
china_u003,ccmusic-database_erhu_playing_tech_00000107,1.2930526843380066
china_u003,ccmusic-database_erhu_playing_tech_00000055,0.6599633568750995
china_u003,ccmusic-database_erhu_playing_tech_00000031,1.219484388842761
china_u003,ccmusic-database_erhu_playing_tech_00000124,1.478473836537924
china_u003,ccmusic-database_erhu_playing_tech_00000042,0.7503840325089101
china_u003,ccmusic-database_erhu_playing_tech_00000060,2.0127160052852653
china_u003,ccmusic-database_erhu_playing_tech_00000138,0.6646342196523047
china_u003,ccmusic-database_erhu_playing_tech_00000073,2.170352224056157
china_u003,ccmusic-database_erhu_playing_tech_00000151,0.7459701692252853
china_u003,ccmusic-database_erhu_playing_tech_00000085,2.0301667915061232
china_u003,ccmusic-database_erhu_playing_tech_00000087,2.1320766732751393
china_u003,ccmusic-database_erhu_playing_tech_00000108,2.264759424011872
china_u003,ccmusic-database_erhu_playing_tech_00000071,1.9584946434719488
china_u003,ccmusic-database_erhu_playing_tech_00000064,1.9195987578305422
china_u003,ccmusic-database_erhu_playing_tech_00000046,1.6832836510923197
china_u003,ccmusic-database_erhu_playing_tech_00000134,1.9187687116472725
china_u003,ccmusic-database_erhu_playing_tech_00000083,0.8071025595126787
china_u003,ccmusic-database_erhu_playing_tech_00000148,1.4997173620096744
china_u003,ccmusic-database_erhu_playing_tech_00000099,1.4620344510784649
china_u003,ccmusic-database_erhu_playing_tech_00000039,2.0543119486114114
china_u003,ccmusic-database_erhu_playing_tech_00000132,1.3733289056488147
china_u003,sanchit-gandhi_gtzan_00000043,0.9698708197354772
china_u003,sanchit-gandhi_gtzan_00000014,1.3134104161700988
china_u003,sanchit-gandhi_gtzan_00000052,0.8097254786261423
china_u003,sanchit-gandhi_gtzan_00000070,0.6386873547878419
china_u003,sanchit-gandhi_gtzan_00000011,1.095134319932057
china_u003,sanchit-gandhi_gtzan_00000002,1.0128006476030949
china_u003,sanchit-gandhi_gtzan_00000054,0.7639694197139795
china_u003,sanchit-gandhi_gtzan_00000026,0.9461409436554228
china_u003,neerajaabhyankar_hindustani-raag-small_00000104,0.9446298072654339
china_u003,neerajaabhyankar_hindustani-raag-small_00000061,0.8921190119569364
china_u003,neerajaabhyankar_hindustani-raag-small_00000078,0.9622765076313541
china_u003,neerajaabhyankar_hindustani-raag-small_00000124,1.3757535163655263
china_u003,neerajaabhyankar_hindustani-raag-small_00000080,0.8507832406712351
china_u003,neerajaabhyankar_hindustani-raag-small_00000130,1.7309582010657096
china_u003,neerajaabhyankar_hindustani-raag-small_00000156,1.6870698263765402
china_u003,neerajaabhyankar_hindustani-raag-small_00000050,1.099229078205106
china_u004,ccmusic-database_erhu_playing_tech_00000063,0.7770036511776905
china_u004,ccmusic-database_erhu_playing_tech_00000077,0.7262980455460755
china_u004,ccmusic-database_erhu_playing_tech_00000092,1.7098141666949103
china_u004,ccmusic-database_erhu_playing_tech_00000028,1.2970993188634043
china_u004,ccmusic-database_erhu_playing_tech_00000111,1.9107044428446796
china_u004,ccmusic-database_erhu_playing_tech_00000133,1.7328741879573222
china_u004,ccmusic-database_erhu_playing_tech_00000068,1.150525133116211
china_u004,ccmusic-database_erhu_playing_tech_00000118,2.124682294198649
china_u004,ccmusic-database_erhu_playing_tech_00000115,1.8903679536968752
china_u004,ccmusic-database_erhu_playing_tech_00000108,1.041672773070053
china_u004,ccmusic-database_erhu_playing_tech_00000154,1.203231230656793
china_u004,ccmusic-database_erhu_playing_tech_00000093,1.1174089658523534
china_u004,ccmusic-database_erhu_playing_tech_00000005,0.8468800938781244
china_u004,ccmusic-database_erhu_playing_tech_00000031,0.8299263176352805
china_u004,ccmusic-database_erhu_playing_tech_00000021,2.1898198743231583
china_u004,ccmusic-database_erhu_playing_tech_00000080,1.3303844641678495
china_u004,ccmusic-database_erhu_playing_tech_00000079,1.2362266942910318
china_u004,ccmusic-database_erhu_playing_tech_00000112,1.8337078474684767
china_u004,ccmusic-database_erhu_playing_tech_00000135,1.5289130375612523
china_u004,ccmusic-database_erhu_playing_tech_00000010,2.1898414772963473
china_u004,ccmusic-database_erhu_playing_tech_00000073,1.9210200769937014
china_u004,ccmusic-database_erhu_playing_tech_00000043,1.401912498114832
china_u004,ccmusic-database_erhu_playing_tech_00000026,1.2242200917544253
china_u004,ccmusic-database_erhu_playing_tech_00000146,2.2769394149944553
china_u004,sanchit-gandhi_gtzan_00000102,1.4189763186049187
china_u004,sanchit-gandhi_gtzan_00000133,1.7341127910051857
china_u004,sanchit-gandhi_gtzan_00000130,0.6099460792430058
china_u004,sanchit-gandhi_gtzan_00000105,1.5982204669075566
china_u004,sanchit-gandhi_gtzan_00000139,1.3100497433881304
china_u004,sanchit-gandhi_gtzan_00000104,0.6145942657524021
china_u004,sanchit-gandhi_gtzan_00000136,1.244148299958448
china_u004,sanchit-gandhi_gtzan_00000113,1.3762300928923559
china_u004,neerajaabhyankar_hindustani-raag-small_00000127,0.46660862594961383
china_u004,neerajaabhyankar_hindustani-raag-small_00000119,1.063329248486358
china_u004,neerajaabhyankar_hindustani-raag-small_00000081,1.5642893401150335
china_u004,neerajaabhyankar_hindustani-raag-small_00000145,0.8487346842145214
china_u004,neerajaabhyankar_hindustani-raag-small_00000071,1.0690399104280441
china_u004,neerajaabhyankar_hindustani-raag-small_00000082,1.0471240715416559
china_u004,neerajaabhyankar_hindustani-raag-small_00000104,0.8576019784473636
china_u004,neerajaabhyankar_hindustani-raag-small_00000113,1.6898965589459982
china_u005,ccmusic-database_erhu_playing_tech_00000121,0.9079965717488594
china_u005,ccmusic-database_erhu_playing_tech_00000112,1.0420588460232054
china_u005,ccmusic-database_erhu_playing_tech_00000138,1.7995856028102493
china_u005,ccmusic-database_erhu_playing_tech_00000040,2.265853253950226
china_u005,ccmusic-database_erhu_playing_tech_00000014,1.6299127203104449
china_u005,ccmusic-database_erhu_playing_tech_00000140,0.6690130433599848
china_u005,ccmusic-database_erhu_playing_tech_00000039,1.6381329731249938
china_u005,ccmusic-database_erhu_playing_tech_00000003,0.6480547014757881
china_u005,ccmusic-database_erhu_playing_tech_00000053,2.1001513521077593
china_u005,ccmusic-database_erhu_playing_tech_00000004,1.7990225417985704
china_u005,ccmusic-database_erhu_playing_tech_00000148,0.873645535078818
china_u005,ccmusic-database_erhu_playing_tech_00000099,0.7332187350467415
china_u005,ccmusic-database_erhu_playing_tech_00000098,0.8915948198185503
china_u005,ccmusic-database_erhu_playing_tech_00000145,2.265546884730982
china_u005,ccmusic-database_erhu_playing_tech_00000123,1.3660171082408947
china_u005,ccmusic-database_erhu_playing_tech_00000100,1.9275396358889285
china_u005,ccmusic-database_erhu_playing_tech_00000015,1.6728043901359149
china_u005,ccmusic-database_erhu_playing_tech_00000136,1.5624126836786492
china_u005,ccmusic-database_erhu_playing_tech_00000106,0.8253496892972106
china_u005,ccmusic-database_erhu_playing_tech_00000020,2.2068921823877137
china_u005,ccmusic-database_erhu_playing_tech_00000095,1.0948160410878884
china_u005,ccmusic-database_erhu_playing_tech_00000006,1.5720796972680102
china_u005,ccmusic-database_erhu_playing_tech_00000146,1.7821135044161387
china_u005,ccmusic-database_erhu_playing_tech_00000097,1.6949271927981577
china_u005,bilal63_turkish_music_emotion_dataset_00000130,1.71980245308895
china_u005,bilal63_turkish_music_emotion_dataset_00000148,0.6503926363920783
china_u005,bilal63_turkish_music_emotion_dataset_00000037,1.1362761969033717
china_u005,bilal63_turkish_music_emotion_dataset_00000105,0.995446427500034
china_u005,bilal63_turkish_music_emotion_dataset_00000008,1.0901277848015345
china_u005,bilal63_turkish_music_emotion_dataset_00000153,0.6109436603669552
china_u005,bilal63_turkish_music_emotion_dataset_00000126,0.6310277233282332
china_u005,bilal63_turkish_music_emotion_dataset_00000044,0.8254019868046975
china_u005,sanchit-gandhi_gtzan_00000010,0.8613512150771223
china_u005,sanchit-gandhi_gtzan_00000011,1.0276693384698226
china_u005,sanchit-gandhi_gtzan_00000049,1.2748331884994482
china_u005,sanchit-gandhi_gtzan_00000018,1.306749308514655
china_u005,sanchit-gandhi_gtzan_00000053,1.00594471039052
china_u005,sanchit-gandhi_gtzan_00000042,1.0018571977287412
china_u005,sanchit-gandhi_gtzan_00000074,0.7437985110408987
china_u005,sanchit-gandhi_gtzan_00000067,1.2442134353521612
china_u006,ccmusic-database_erhu_playing_tech_00000041,1.6114497037052642
china_u006,ccmusic-database_erhu_playing_tech_00000038,0.7814351588669427
china_u006,ccmusic-database_erhu_playing_tech_00000054,1.2044858978599855
china_u006,ccmusic-database_erhu_playing_tech_00000126,2.2282903370541773
china_u006,ccmusic-database_erhu_playing_tech_00000095,2.2921762152067737
china_u006,ccmusic-database_erhu_playing_tech_00000098,1.9068809375866602
china_u006,ccmusic-database_erhu_playing_tech_00000058,1.1114086046133216
china_u006,ccmusic-database_erhu_playing_tech_00000141,1.7612222098115093
china_u006,ccmusic-database_erhu_playing_tech_00000159,1.7918259804599217
china_u006,ccmusic-database_erhu_playing_tech_00000089,1.2440269241572959
china_u006,ccmusic-database_erhu_playing_tech_00000049,1.6805328946611249
china_u006,ccmusic-database_erhu_playing_tech_00000004,0.5935051875830415
china_u006,ccmusic-database_erhu_playing_tech_00000082,0.9356244610888664
china_u006,ccmusic-database_erhu_playing_tech_00000032,1.4807773226185252
china_u006,ccmusic-database_erhu_playing_tech_00000124,0.8574709998455603
china_u006,ccmusic-database_erhu_playing_tech_00000087,0.8611893470870204
china_u006,ccmusic-database_erhu_playing_tech_00000013,2.0176249011991603
china_u006,ccmusic-database_erhu_playing_tech_00000100,2.2812544296292194
china_u006,ccmusic-database_erhu_playing_tech_00000021,1.5340472633490734
china_u006,ccmusic-database_erhu_playing_tech_00000051,2.0223952857709553
china_u006,ccmusic-database_erhu_playing_tech_00000105,2.28330487096282
china_u006,ccmusic-database_erhu_playing_tech_00000147,0.8192529077811362
china_u006,ccmusic-database_erhu_playing_tech_00000083,1.3482236828637555
china_u006,ccmusic-database_erhu_playing_tech_00000067,1.2521879348273117
china_u006,sanchit-gandhi_gtzan_00000106,0.5580665329223498
china_u006,sanchit-gandhi_gtzan_00000104,1.469695733272905
china_u006,sanchit-gandhi_gtzan_00000103,1.0356016868855005
china_u006,sanchit-gandhi_gtzan_00000102,1.0835913611570418
china_u006,sanchit-gandhi_gtzan_00000126,0.6534085146478743
china_u006,sanchit-gandhi_gtzan_00000150,0.694250980511672
china_u006,sanchit-gandhi_gtzan_00000120,1.6745898899108904
china_u006,sanchit-gandhi_gtzan_00000151,0.5102762701152765
china_u006,bilal63_turkish_music_emotion_dataset_00000010,0.7643505846740034
china_u006,bilal63_turkish_music_emotion_dataset_00000026,0.8442800959246134
china_u006,bilal63_turkish_music_emotion_dataset_00000069,1.1117666822421417
china_u006,bilal63_turkish_music_emotion_dataset_00000112,1.2417009835699746
china_u006,bilal63_turkish_music_emotion_dataset_00000048,1.1159414673983998
china_u006,bilal63_turkish_music_emotion_dataset_00000142,0.5635557016517908
china_u006,bilal63_turkish_music_emotion_dataset_00000116,0.7789510629752133
china_u006,bilal63_turkish_music_emotion_dataset_00000002,1.5888443194294306
china_u007,ccmusic-database_erhu_playing_tech_00000127,2.2365393606226798
china_u007,ccmusic-database_erhu_playing_tech_00000133,1.9239589195233555
china_u007,ccmusic-database_erhu_playing_tech_00000087,2.070232481001823
china_u007,ccmusic-database_erhu_playing_tech_00000079,0.7718295227917741
china_u007,ccmusic-database_erhu_playing_tech_00000130,1.8384132926642838
china_u007,ccmusic-database_erhu_playing_tech_00000073,1.3341530066847107
china_u007,ccmusic-database_erhu_playing_tech_00000107,1.5291040591594496
china_u007,ccmusic-database_erhu_playing_tech_00000139,1.7033266563570653
china_u007,ccmusic-database_erhu_playing_tech_00000053,2.247931076317107
china_u007,ccmusic-database_erhu_playing_tech_00000111,2.2733971904695522
china_u007,ccmusic-database_erhu_playing_tech_00000088,1.0721937234666366
china_u007,ccmusic-database_erhu_playing_tech_00000056,1.8407247830804052
china_u007,ccmusic-database_erhu_playing_tech_00000155,1.8687216029383382
china_u007,ccmusic-database_erhu_playing_tech_00000151,1.172700185765009
china_u007,ccmusic-database_erhu_playing_tech_00000068,0.7886753616407812
china_u007,ccmusic-database_erhu_playing_tech_00000119,0.6456335064928665
china_u007,ccmusic-database_erhu_playing_tech_00000108,1.915916894987833
china_u007,ccmusic-database_erhu_playing_tech_00000008,1.4197320546341625
china_u007,ccmusic-database_erhu_playing_tech_00000080,2.2750567923787477
china_u007,ccmusic-database_erhu_playing_tech_00000081,1.3770792119340514
china_u007,ccmusic-database_erhu_playing_tech_00000093,2.2619067889023743
china_u007,ccmusic-database_erhu_playing_tech_00000050,1.2849686037847532
china_u007,ccmusic-database_erhu_playing_tech_00000104,1.9441017097159528
china_u007,ccmusic-database_erhu_playing_tech_00000058,0.7213132447379101
china_u007,bilal63_turkish_music_emotion_dataset_00000029,1.1998733086859814
china_u007,bilal63_turkish_music_emotion_dataset_00000071,1.5327807124307276
china_u007,bilal63_turkish_music_emotion_dataset_00000146,1.6983472507468496
china_u007,bilal63_turkish_music_emotion_dataset_00000095,1.5604871723335327
china_u007,bilal63_turkish_music_emotion_dataset_00000109,0.49991048172158525
china_u007,bilal63_turkish_music_emotion_dataset_00000048,0.9531481607640911
china_u007,bilal63_turkish_music_emotion_dataset_00000040,0.5157429376236993
china_u007,bilal63_turkish_music_emotion_dataset_00000003,0.5975310930046532
china_u007,sanchit-gandhi_gtzan_00000015,1.3616625987011035
china_u007,sanchit-gandhi_gtzan_00000066,1.4128985650207926
china_u007,sanchit-gandhi_gtzan_00000069,1.4945229217146956
china_u007,sanchit-gandhi_gtzan_00000049,1.6183663398751449
china_u007,sanchit-gandhi_gtzan_00000079,1.4482324824432884
china_u007,sanchit-gandhi_gtzan_00000096,1.5311766493439534
china_u007,sanchit-gandhi_gtzan_00000060,0.5161010082614269
china_u007,sanchit-gandhi_gtzan_00000062,0.766622453095753
china_u008,ccmusic-database_erhu_playing_tech_00000111,1.66958195704185
china_u008,ccmusic-database_erhu_playing_tech_00000118,1.1671794976036158
china_u008,ccmusic-database_erhu_playing_tech_00000064,1.300158555846603
china_u008,ccmusic-database_erhu_playing_tech_00000004,2.2296359956568934
china_u008,ccmusic-database_erhu_playing_tech_00000038,1.8721363847167292
china_u008,ccmusic-database_erhu_playing_tech_00000092,1.5079776987300408
china_u008,ccmusic-database_erhu_playing_tech_00000073,1.0658330095678985
china_u008,ccmusic-database_erhu_playing_tech_00000059,2.122319477883417
china_u008,ccmusic-database_erhu_playing_tech_00000000,0.9805425266191375
china_u008,ccmusic-database_erhu_playing_tech_00000123,1.1362162101412678
china_u008,ccmusic-database_erhu_playing_tech_00000032,2.143136804879586
china_u008,ccmusic-database_erhu_playing_tech_00000136,1.4884600453667498
china_u008,ccmusic-database_erhu_playing_tech_00000036,1.8554984627460096
china_u008,ccmusic-database_erhu_playing_tech_00000082,1.5940347699324964
china_u008,ccmusic-database_erhu_playing_tech_00000149,1.702182635541379
china_u008,ccmusic-database_erhu_playing_tech_00000133,1.0914361778630741
china_u008,ccmusic-database_erhu_playing_tech_00000134,0.9913668063059934
china_u008,ccmusic-database_erhu_playing_tech_00000061,1.1312992988659474
china_u008,ccmusic-database_erhu_playing_tech_00000097,0.8431366980439038
china_u008,ccmusic-database_erhu_playing_tech_00000076,2.0831922801266427
china_u008,ccmusic-database_erhu_playing_tech_00000104,1.0636009598564466
china_u008,ccmusic-database_erhu_playing_tech_00000102,1.5435692053648133
china_u008,ccmusic-database_erhu_playing_tech_00000037,1.94115588336887
china_u008,ccmusic-database_erhu_playing_tech_00000054,1.9270965886731057
china_u008,bilal63_turkish_music_emotion_dataset_00000119,1.0418214490886606
china_u008,bilal63_turkish_music_emotion_dataset_00000091,1.0929473665920797
china_u008,bilal63_turkish_music_emotion_dataset_00000045,1.7928473610622837
china_u008,bilal63_turkish_music_emotion_dataset_00000063,1.3607065939216825
china_u008,bilal63_turkish_music_emotion_dataset_00000083,1.5497618982091417
china_u008,bilal63_turkish_music_emotion_dataset_00000021,1.668447858445963
china_u008,bilal63_turkish_music_emotion_dataset_00000018,1.513246278909608
china_u008,bilal63_turkish_music_emotion_dataset_00000029,0.6999921156873162
china_u008,neerajaabhyankar_hindustani-raag-small_00000054,1.2089304905457225
china_u008,neerajaabhyankar_hindustani-raag-small_00000077,0.5875571123746356
china_u008,neerajaabhyankar_hindustani-raag-small_00000016,1.3314448708613977
china_u008,neerajaabhyankar_hindustani-raag-small_00000021,1.7397217280535449
china_u008,neerajaabhyankar_hindustani-raag-small_00000140,1.1421882868051503
china_u008,neerajaabhyankar_hindustani-raag-small_00000034,1.0345128653714857
china_u008,neerajaabhyankar_hindustani-raag-small_00000058,0.4983877144145203
china_u008,neerajaabhyankar_hindustani-raag-small_00000075,1.7456956051444474
china_u009,ccmusic-database_erhu_playing_tech_00000149,2.159970008840428
china_u009,ccmusic-database_erhu_playing_tech_00000120,0.5909731236414377
china_u009,ccmusic-database_erhu_playing_tech_00000071,0.8998554065495818
china_u009,ccmusic-database_erhu_playing_tech_00000156,0.6289640597553369
china_u009,ccmusic-database_erhu_playing_tech_00000075,0.7658358315448006
china_u009,ccmusic-database_erhu_playing_tech_00000110,1.6447575194338109
china_u009,ccmusic-database_erhu_playing_tech_00000034,0.9918271175749229
china_u009,ccmusic-database_erhu_playing_tech_00000059,1.5568907869929174
china_u009,ccmusic-database_erhu_playing_tech_00000016,1.5930870352715676
china_u009,ccmusic-database_erhu_playing_tech_00000148,2.040275949579869
china_u009,ccmusic-database_erhu_playing_tech_00000097,0.5831789027729826
china_u009,ccmusic-database_erhu_playing_tech_00000128,2.0470623173655826
china_u009,ccmusic-database_erhu_playing_tech_00000046,1.64298042408653
china_u009,ccmusic-database_erhu_playing_tech_00000009,0.8557325135310518
china_u009,ccmusic-database_erhu_playing_tech_00000005,1.9083169945333647
china_u009,ccmusic-database_erhu_playing_tech_00000155,2.0507229095887602
china_u009,ccmusic-database_erhu_playing_tech_00000040,1.0136045094759212
china_u009,ccmusic-database_erhu_playing_tech_00000007,2.1599190995571242
china_u009,ccmusic-database_erhu_playing_tech_00000065,1.3589390672651847
china_u009,ccmusic-database_erhu_playing_tech_00000080,1.6159071837249794
china_u009,ccmusic-database_erhu_playing_tech_00000038,2.273520445490435
china_u009,ccmusic-database_erhu_playing_tech_00000116,1.198649735652619
china_u009,ccmusic-database_erhu_playing_tech_00000140,1.9776998715396945
china_u009,ccmusic-database_erhu_playing_tech_00000033,1.1242384782540928
china_u009,sanchit-gandhi_gtzan_00000129,1.5289382550260129
china_u009,sanchit-gandhi_gtzan_00000113,1.2609907904645674
china_u009,sanchit-gandhi_gtzan_00000124,0.742080188554292
china_u009,sanchit-gandhi_gtzan_00000145,1.008935226615469
china_u009,sanchit-gandhi_gtzan_00000135,0.8788081063908082
china_u009,sanchit-gandhi_gtzan_00000118,0.5554463306584912
china_u009,sanchit-gandhi_gtzan_00000114,0.4902769396345916
china_u009,sanchit-gandhi_gtzan_00000159,0.9177461847996943
china_u009,neerajaabhyankar_hindustani-raag-small_00000073,0.47569609955360687
china_u009,neerajaabhyankar_hindustani-raag-small_00000144,0.6734084727353963
china_u009,neerajaabhyankar_hindustani-raag-small_00000007,1.428997483148673
china_u009,neerajaabhyankar_hindustani-raag-small_00000138,1.4059231681728437
china_u009,neerajaabhyankar_hindustani-raag-small_00000075,1.4470835217174667
china_u009,neerajaabhyankar_hindustani-raag-small_00000050,0.8781567810254713
china_u009,neerajaabhyankar_hindustani-raag-small_00000038,1.651526267108889
china_u009,neerajaabhyankar_hindustani-raag-small_00000078,1.2516712398384042
china_u010,ccmusic-database_erhu_playing_tech_00000155,2.1096573273900603
china_u010,ccmusic-database_erhu_playing_tech_00000087,1.2563874890699598
china_u010,ccmusic-database_erhu_playing_tech_00000096,1.752453256910905
china_u010,ccmusic-database_erhu_playing_tech_00000066,0.8326704197350601
china_u010,ccmusic-database_erhu_playing_tech_00000072,2.233673110958281
china_u010,ccmusic-database_erhu_playing_tech_00000140,0.8828120391426583
china_u010,ccmusic-database_erhu_playing_tech_00000136,0.9192099377516209
china_u010,ccmusic-database_erhu_playing_tech_00000059,2.0567454344620564
china_u010,ccmusic-database_erhu_playing_tech_00000149,2.1492052336448313
china_u010,ccmusic-database_erhu_playing_tech_00000143,0.9409542779776948
china_u010,ccmusic-database_erhu_playing_tech_00000000,1.3854065321015778
china_u010,ccmusic-database_erhu_playing_tech_00000089,1.8402787103708813
china_u010,ccmusic-database_erhu_playing_tech_00000154,2.090180890823633
china_u010,ccmusic-database_erhu_playing_tech_00000024,1.2288658989393515
china_u010,ccmusic-database_erhu_playing_tech_00000092,1.4668586148152654
china_u010,ccmusic-database_erhu_playing_tech_00000038,1.8544608081465426
china_u010,ccmusic-database_erhu_playing_tech_00000017,1.8362095597260721
china_u010,ccmusic-database_erhu_playing_tech_00000019,1.925606224294996
china_u010,ccmusic-database_erhu_playing_tech_00000014,1.558135837156633
china_u010,ccmusic-database_erhu_playing_tech_00000112,0.7554610419882372
china_u010,ccmusic-database_erhu_playing_tech_00000139,2.1343539267646188
china_u010,ccmusic-database_erhu_playing_tech_00000083,2.0681126303287733
china_u010,ccmusic-database_erhu_playing_tech_00000008,1.9517180767866245
china_u010,ccmusic-database_erhu_playing_tech_00000002,0.7472627731022583
china_u010,neerajaabhyankar_hindustani-raag-small_00000096,0.7259364455599294
china_u010,neerajaabhyankar_hindustani-raag-small_00000128,1.45386049289533
china_u010,neerajaabhyankar_hindustani-raag-small_00000039,0.4812391276856277
china_u010,neerajaabhyankar_hindustani-raag-small_00000063,1.7719532555048274
china_u010,neerajaabhyankar_hindustani-raag-small_00000087,0.959145318480169
china_u010,neerajaabhyankar_hindustani-raag-small_00000095,1.4210719204826119
china_u010,neerajaabhyankar_hindustani-raag-small_00000029,1.6482209694588585
china_u010,neerajaabhyankar_hindustani-raag-small_00000083,0.9827503490026109
china_u010,sanchit-gandhi_gtzan_00000100,0.8808288596095492
china_u010,sanchit-gandhi_gtzan_00000152,1.271800524012633
china_u010,sanchit-gandhi_gtzan_00000123,1.2343356545598685
china_u010,sanchit-gandhi_gtzan_00000153,1.0023389697934761
china_u010,sanchit-gandhi_gtzan_00000155,1.2623959204214064
china_u010,sanchit-gandhi_gtzan_00000108,1.712764848914768
china_u010,sanchit-gandhi_gtzan_00000129,1.0813143464459052
china_u010,sanchit-gandhi_gtzan_00000138,0.7156019440133523
china_u011,ccmusic-database_erhu_playing_tech_00000141,1.0118656933403403
china_u011,ccmusic-database_erhu_playing_tech_00000145,0.8515382430943951
china_u011,ccmusic-database_erhu_playing_tech_00000108,2.0445846971960275
china_u011,ccmusic-database_erhu_playing_tech_00000072,1.5827930586056014
china_u011,ccmusic-database_erhu_playing_tech_00000036,1.8430982624713674
china_u011,ccmusic-database_erhu_playing_tech_00000098,1.0856566885197942
china_u011,ccmusic-database_erhu_playing_tech_00000018,1.2154107989772778
china_u011,ccmusic-database_erhu_playing_tech_00000116,1.2733748136357708
china_u011,ccmusic-database_erhu_playing_tech_00000023,1.88602582625846
china_u011,ccmusic-database_erhu_playing_tech_00000015,1.9073089037386297
china_u011,ccmusic-database_erhu_playing_tech_00000053,0.9317533349617046
china_u011,ccmusic-database_erhu_playing_tech_00000137,2.1991545278732207
china_u011,ccmusic-database_erhu_playing_tech_00000044,0.7831304570903589
china_u011,ccmusic-database_erhu_playing_tech_00000029,2.1208105921807623
china_u011,ccmusic-database_erhu_playing_tech_00000049,0.7481824887459209
china_u011,ccmusic-database_erhu_playing_tech_00000106,1.0313311742360116
china_u011,ccmusic-database_erhu_playing_tech_00000076,2.0351754747172257
china_u011,ccmusic-database_erhu_playing_tech_00000090,0.8846238247970007
china_u011,ccmusic-database_erhu_playing_tech_00000006,1.2884046815096977
china_u011,ccmusic-database_erhu_playing_tech_00000054,1.3510072924036174
china_u011,ccmusic-database_erhu_playing_tech_00000043,0.9980717284650366
china_u011,ccmusic-database_erhu_playing_tech_00000003,1.8001729723045767
china_u011,ccmusic-database_erhu_playing_tech_00000046,2.0435522702188016
china_u011,ccmusic-database_erhu_playing_tech_00000032,2.083642116250861
china_u011,bilal63_turkish_music_emotion_dataset_00000118,0.9080848967443574
china_u011,bilal63_turkish_music_emotion_dataset_00000045,1.1666480322885495
china_u011,bilal63_turkish_music_emotion_dataset_00000143,0.7853486452186296
china_u011,bilal63_turkish_music_emotion_dataset_00000047,0.7804752770926964
china_u011,bilal63_turkish_music_emotion_dataset_00000048,0.6676929848500975
china_u011,bilal63_turkish_music_emotion_dataset_00000122,1.719025664590145
china_u011,bilal63_turkish_music_emotion_dataset_00000137,1.648784918617533
china_u011,bilal63_turkish_music_emotion_dataset_00000016,1.4994342629923845
china_u011,neerajaabhyankar_hindustani-raag-small_00000062,1.1488430537384342
china_u011,neerajaabhyankar_hindustani-raag-small_00000145,1.112320685941027
china_u011,neerajaabhyankar_hindustani-raag-small_00000015,1.1651566493463723
china_u011,neerajaabhyankar_hindustani-raag-small_00000021,1.1743668183290705
china_u011,neerajaabhyankar_hindustani-raag-small_00000047,1.036660164341882
china_u011,neerajaabhyankar_hindustani-raag-small_00000034,0.627869024404291
china_u011,neerajaabhyankar_hindustani-raag-small_00000087,0.6196462013725236
china_u011,neerajaabhyankar_hindustani-raag-small_00000067,1.7355371163916724
china_u012,ccmusic-database_erhu_playing_tech_00000154,1.2527997504586523
china_u012,ccmusic-database_erhu_playing_tech_00000052,2.165195476517366
china_u012,ccmusic-database_erhu_playing_tech_00000073,1.1255449531989208
china_u012,ccmusic-database_erhu_playing_tech_00000029,1.8276607214622294
china_u012,ccmusic-database_erhu_playing_tech_00000114,1.3703965170172154
china_u012,ccmusic-database_erhu_playing_tech_00000011,1.7134159944480059
china_u012,ccmusic-database_erhu_playing_tech_00000049,1.6094744903350833
china_u012,ccmusic-database_erhu_playing_tech_00000139,1.3905523530092716
china_u012,ccmusic-database_erhu_playing_tech_00000036,2.213855388227154
china_u012,ccmusic-database_erhu_playing_tech_00000023,1.1661810337522989
china_u012,ccmusic-database_erhu_playing_tech_00000131,0.8807312396549951
china_u012,ccmusic-database_erhu_playing_tech_00000128,1.7447122550177037
china_u012,ccmusic-database_erhu_playing_tech_00000137,2.0343630432561426
china_u012,ccmusic-database_erhu_playing_tech_00000078,0.6444377013963684
china_u012,ccmusic-database_erhu_playing_tech_00000004,1.350616387529124
china_u012,ccmusic-database_erhu_playing_tech_00000094,2.1145412647106374
china_u012,ccmusic-database_erhu_playing_tech_00000017,1.8680921176419463
china_u012,ccmusic-database_erhu_playing_tech_00000020,2.2858683109584086
china_u012,ccmusic-database_erhu_playing_tech_00000141,1.4916888250052454
china_u012,ccmusic-database_erhu_playing_tech_00000000,1.7134926149319858
china_u012,ccmusic-database_erhu_playing_tech_00000022,1.0967784849629258
china_u012,ccmusic-database_erhu_playing_tech_00000150,2.2094989094238366
china_u012,ccmusic-database_erhu_playing_tech_00000064,1.206928717760025
china_u012,ccmusic-database_erhu_playing_tech_00000056,1.8489309793844342
china_u012,sanchit-gandhi_gtzan_00000134,0.9942392755607605
china_u012,sanchit-gandhi_gtzan_00000136,1.2084555555850491
china_u012,sanchit-gandhi_gtzan_00000146,1.4217064222790874
china_u012,sanchit-gandhi_gtzan_00000112,1.1370611048643284
china_u012,sanchit-gandhi_gtzan_00000102,1.6745665413278366
china_u012,sanchit-gandhi_gtzan_00000142,1.0160563337025437
china_u012,sanchit-gandhi_gtzan_00000148,1.323546927493489
china_u012,sanchit-gandhi_gtzan_00000133,0.9121892849550731
china_u012,neerajaabhyankar_hindustani-raag-small_00000063,1.0010115021118675
china_u012,neerajaabhyankar_hindustani-raag-small_00000085,1.0440676461152958
china_u012,neerajaabhyankar_hindustani-raag-small_00000044,0.6198394747215851
china_u012,neerajaabhyankar_hindustani-raag-small_00000009,0.573826966729659
china_u012,neerajaabhyankar_hindustani-raag-small_00000153,1.3511113962481232
china_u012,neerajaabhyankar_hindustani-raag-small_00000000,1.3349489467631206
china_u012,neerajaabhyankar_hindustani-raag-small_00000138,1.3449281141836285
china_u012,neerajaabhyankar_hindustani-raag-small_00000043,0.47668470121263373
china_u013,ccmusic-database_erhu_playing_tech_00000106,1.8601103819699627
china_u013,ccmusic-database_erhu_playing_tech_00000035,1.8940509692694492
china_u013,ccmusic-database_erhu_playing_tech_00000022,1.8904679086355551
china_u013,ccmusic-database_erhu_playing_tech_00000156,1.4040481633754787
china_u013,ccmusic-database_erhu_playing_tech_00000108,1.3623800355371183
china_u013,ccmusic-database_erhu_playing_tech_00000159,0.9893903263570304
china_u013,ccmusic-database_erhu_playing_tech_00000153,1.687313110269776
china_u013,ccmusic-database_erhu_playing_tech_00000104,1.074077234776527
china_u013,ccmusic-database_erhu_playing_tech_00000020,1.0197195067365612
china_u013,ccmusic-database_erhu_playing_tech_00000025,1.5857833703156943
china_u013,ccmusic-database_erhu_playing_tech_00000143,1.2822196196881994
china_u013,ccmusic-database_erhu_playing_tech_00000131,0.9525276501707405
china_u013,ccmusic-database_erhu_playing_tech_00000027,1.9826966288986334
china_u013,ccmusic-database_erhu_playing_tech_00000096,2.059483110782798
china_u013,ccmusic-database_erhu_playing_tech_00000117,0.864281671444172
china_u013,ccmusic-database_erhu_playing_tech_00000121,0.5879496315799997
china_u013,ccmusic-database_erhu_playing_tech_00000032,1.1548241957131695
china_u013,ccmusic-database_erhu_playing_tech_00000019,1.950706191549298
china_u013,ccmusic-database_erhu_playing_tech_00000128,2.0225749192542093
china_u013,ccmusic-database_erhu_playing_tech_00000142,0.8136176459501849
china_u013,ccmusic-database_erhu_playing_tech_00000043,1.9107294295407633
china_u013,ccmusic-database_erhu_playing_tech_00000042,0.7745896886087658
china_u013,ccmusic-database_erhu_playing_tech_00000040,1.2478579680200128
china_u013,ccmusic-database_erhu_playing_tech_00000114,2.297601413395555
china_u013,bilal63_turkish_music_emotion_dataset_00000107,0.7099976113617283
china_u013,bilal63_turkish_music_emotion_dataset_00000149,0.6578508364797957
china_u013,bilal63_turkish_music_emotion_dataset_00000056,1.0207804489381713
china_u013,bilal63_turkish_music_emotion_dataset_00000095,1.286552510059313
china_u013,bilal63_turkish_music_emotion_dataset_00000159,1.709416056257892
china_u013,bilal63_turkish_music_emotion_dataset_00000134,1.7741085464695963
china_u013,bilal63_turkish_music_emotion_dataset_00000070,0.5440148593983828
china_u013,bilal63_turkish_music_emotion_dataset_00000028,0.6362966484196723
china_u013,neerajaabhyankar_hindustani-raag-small_00000074,1.5174962647595918
china_u013,neerajaabhyankar_hindustani-raag-small_00000052,0.8153534055656617
china_u013,neerajaabhyankar_hindustani-raag-small_00000097,1.6445462303335867
china_u013,neerajaabhyankar_hindustani-raag-small_00000126,1.3456618972592673
china_u013,neerajaabhyankar_hindustani-raag-small_00000068,0.6009904832139142
china_u013,neerajaabhyankar_hindustani-raag-small_00000127,1.5739145346474097
china_u013,neerajaabhyankar_hindustani-raag-small_00000038,0.6880811130109025
china_u013,neerajaabhyankar_hindustani-raag-small_00000064,1.0217187828175327
china_u014,ccmusic-database_erhu_playing_tech_00000067,1.9948899521639132
china_u014,ccmusic-database_erhu_playing_tech_00000004,1.5046745468057223
china_u014,ccmusic-database_erhu_playing_tech_00000154,1.988119791782116
china_u014,ccmusic-database_erhu_playing_tech_00000033,0.7350042335572533
china_u014,ccmusic-database_erhu_playing_tech_00000068,1.2554806184443512
china_u014,ccmusic-database_erhu_playing_tech_00000075,1.847700784283493
china_u014,ccmusic-database_erhu_playing_tech_00000046,1.0191046298338367
china_u014,ccmusic-database_erhu_playing_tech_00000000,1.8727673773978784
china_u014,ccmusic-database_erhu_playing_tech_00000095,1.4447080925741538
china_u014,ccmusic-database_erhu_playing_tech_00000111,1.8692088292107019
china_u014,ccmusic-database_erhu_playing_tech_00000049,1.3765723753038934
china_u014,ccmusic-database_erhu_playing_tech_00000092,1.2096349868826353
china_u014,ccmusic-database_erhu_playing_tech_00000014,0.9531013984256406
china_u014,ccmusic-database_erhu_playing_tech_00000072,0.9344543639754008
china_u014,ccmusic-database_erhu_playing_tech_00000017,1.8713216482356578
china_u014,ccmusic-database_erhu_playing_tech_00000102,0.7801203503585818
china_u014,ccmusic-database_erhu_playing_tech_00000015,0.7233195539413803
china_u014,ccmusic-database_erhu_playing_tech_00000028,0.8791026046631744
china_u014,ccmusic-database_erhu_playing_tech_00000141,0.8774727322580151
china_u014,ccmusic-database_erhu_playing_tech_00000003,1.9948606493419019
china_u014,ccmusic-database_erhu_playing_tech_00000149,1.2624239254930163
china_u014,ccmusic-database_erhu_playing_tech_00000109,2.283420088946832
china_u014,ccmusic-database_erhu_playing_tech_00000144,0.8116894196888063
china_u014,ccmusic-database_erhu_playing_tech_00000040,1.7023561993215346
china_u014,sanchit-gandhi_gtzan_00000015,1.0557848347216885
china_u014,sanchit-gandhi_gtzan_00000030,0.9804395385410499
china_u014,sanchit-gandhi_gtzan_00000087,1.631363668723011
china_u014,sanchit-gandhi_gtzan_00000031,1.7670541218683395
china_u014,sanchit-gandhi_gtzan_00000083,1.6283595943451414
china_u014,sanchit-gandhi_gtzan_00000013,0.7096059166974297
china_u014,sanchit-gandhi_gtzan_00000053,0.7480771936320609
china_u014,sanchit-gandhi_gtzan_00000009,1.3356997367783354
china_u014,bilal63_turkish_music_emotion_dataset_00000067,0.8402628352115589
china_u014,bilal63_turkish_music_emotion_dataset_00000053,1.441878926553783
china_u014,bilal63_turkish_music_emotion_dataset_00000120,1.2146678785930203
china_u014,bilal63_turkish_music_emotion_dataset_00000015,1.193726837462044
china_u014,bilal63_turkish_music_emotion_dataset_00000013,1.5685383485323607
china_u014,bilal63_turkish_music_emotion_dataset_00000131,1.409219241852615
china_u014,bilal63_turkish_music_emotion_dataset_00000104,0.48587998274634375
china_u014,bilal63_turkish_music_emotion_dataset_00000005,0.5167698351471213
china_u015,ccmusic-database_erhu_playing_tech_00000089,1.628086741164585
china_u015,ccmusic-database_erhu_playing_tech_00000020,0.9292982634849014
china_u015,ccmusic-database_erhu_playing_tech_00000083,2.1074304065333997
china_u015,ccmusic-database_erhu_playing_tech_00000101,2.1786749210862326
china_u015,ccmusic-database_erhu_playing_tech_00000015,0.7472085736299631
china_u015,ccmusic-database_erhu_playing_tech_00000059,0.7602700995977957
china_u015,ccmusic-database_erhu_playing_tech_00000036,0.7739381057414542
china_u015,ccmusic-database_erhu_playing_tech_00000142,1.643756967135288
china_u015,ccmusic-database_erhu_playing_tech_00000025,0.7853964632615994
china_u015,ccmusic-database_erhu_playing_tech_00000049,2.045359498429709
china_u015,ccmusic-database_erhu_playing_tech_00000113,1.8761183632678644
china_u015,ccmusic-database_erhu_playing_tech_00000057,1.9891702804605915
china_u015,ccmusic-database_erhu_playing_tech_00000086,1.482454408878386
china_u015,ccmusic-database_erhu_playing_tech_00000080,2.2942681898705395
china_u015,ccmusic-database_erhu_playing_tech_00000120,0.6512020525786781
china_u015,ccmusic-database_erhu_playing_tech_00000023,1.2671820632210453
china_u015,ccmusic-database_erhu_playing_tech_00000041,1.1337907539174223
china_u015,ccmusic-database_erhu_playing_tech_00000051,2.2114134852793055
china_u015,ccmusic-database_erhu_playing_tech_00000040,1.5700851534083478
china_u015,ccmusic-database_erhu_playing_tech_00000108,1.965679415392151
china_u015,ccmusic-database_erhu_playing_tech_00000050,0.868838559060945
china_u015,ccmusic-database_erhu_playing_tech_00000109,2.263143898228257
china_u015,ccmusic-database_erhu_playing_tech_00000067,1.4351532183616436
china_u015,ccmusic-database_erhu_playing_tech_00000070,1.4265843315668638
china_u015,bilal63_turkish_music_emotion_dataset_00000004,1.7606943835367461
china_u015,bilal63_turkish_music_emotion_dataset_00000030,0.9639886876431458
china_u015,bilal63_turkish_music_emotion_dataset_00000072,0.9866587831492405
china_u015,bilal63_turkish_music_emotion_dataset_00000047,1.2394161487866644
china_u015,bilal63_turkish_music_emotion_dataset_00000090,0.6228710242395125
china_u015,bilal63_turkish_music_emotion_dataset_00000032,0.8834655956560041
china_u015,bilal63_turkish_music_emotion_dataset_00000108,0.7108312353009263
china_u015,bilal63_turkish_music_emotion_dataset_00000073,0.5894326967945169
china_u015,sanchit-gandhi_gtzan_00000149,1.619295218546877
china_u015,sanchit-gandhi_gtzan_00000110,1.2455970742720928
china_u015,sanchit-gandhi_gtzan_00000136,0.9342082685626802
china_u015,sanchit-gandhi_gtzan_00000118,1.0017036594450623
china_u015,sanchit-gandhi_gtzan_00000120,1.0325506549779289
china_u015,sanchit-gandhi_gtzan_00000109,1.3047513958953576
china_u015,sanchit-gandhi_gtzan_00000104,1.701138678510141
china_u015,sanchit-gandhi_gtzan_00000107,1.7092524865369263
china_u016,ccmusic-database_erhu_playing_tech_00000081,1.549759395837967
china_u016,ccmusic-database_erhu_playing_tech_00000014,1.0413395846438398
china_u016,ccmusic-database_erhu_playing_tech_00000062,0.8520148392089847
china_u016,ccmusic-database_erhu_playing_tech_00000010,1.9117161333327908
china_u016,ccmusic-database_erhu_playing_tech_00000135,1.4316185760098357
china_u016,ccmusic-database_erhu_playing_tech_00000095,1.5004416684726323
china_u016,ccmusic-database_erhu_playing_tech_00000066,2.2403425197559934
china_u016,ccmusic-database_erhu_playing_tech_00000026,2.237175348583215
china_u016,ccmusic-database_erhu_playing_tech_00000045,2.050982659936646
china_u016,ccmusic-database_erhu_playing_tech_00000054,0.8986260300196828
china_u016,ccmusic-database_erhu_playing_tech_00000037,1.6001203976702252
china_u016,ccmusic-database_erhu_playing_tech_00000153,2.0898043075308017
china_u016,ccmusic-database_erhu_playing_tech_00000047,1.2209502903744176
china_u016,ccmusic-database_erhu_playing_tech_00000114,0.749408136238884
china_u016,ccmusic-database_erhu_playing_tech_00000041,1.973911006363865
china_u016,ccmusic-database_erhu_playing_tech_00000079,1.4060421260997458
china_u016,ccmusic-database_erhu_playing_tech_00000154,1.548577373619583
china_u016,ccmusic-database_erhu_playing_tech_00000145,2.2691989111482815
china_u016,ccmusic-database_erhu_playing_tech_00000052,1.6224397176022745
china_u016,ccmusic-database_erhu_playing_tech_00000147,1.3080894402740249
china_u016,ccmusic-database_erhu_playing_tech_00000057,1.2132230345364161
china_u016,ccmusic-database_erhu_playing_tech_00000080,1.2953932798282286
china_u016,ccmusic-database_erhu_playing_tech_00000155,0.7792384184832035
china_u016,ccmusic-database_erhu_playing_tech_00000051,1.9459447132703112
china_u016,bilal63_turkish_music_emotion_dataset_00000142,1.5809177585525056
china_u016,bilal63_turkish_music_emotion_dataset_00000098,0.833936131674102
china_u016,bilal63_turkish_music_emotion_dataset_00000090,0.8601254348534245
china_u016,bilal63_turkish_music_emotion_dataset_00000015,1.630351246051998
china_u016,bilal63_turkish_music_emotion_dataset_00000154,0.48235997996273994
china_u016,bilal63_turkish_music_emotion_dataset_00000000,1.1526175490857573
china_u016,bilal63_turkish_music_emotion_dataset_00000153,1.0759622148200265
china_u016,bilal63_turkish_music_emotion_dataset_00000006,1.3816711389309206
china_u016,sanchit-gandhi_gtzan_00000108,0.6705787952017636
china_u016,sanchit-gandhi_gtzan_00000100,1.3522465000734576
china_u016,sanchit-gandhi_gtzan_00000113,0.9585909106310831
china_u016,sanchit-gandhi_gtzan_00000127,1.2852649505290168
china_u016,sanchit-gandhi_gtzan_00000146,0.5041282633282476
china_u016,sanchit-gandhi_gtzan_00000126,1.0733317161990876
china_u016,sanchit-gandhi_gtzan_00000157,1.1550387068762022
china_u016,sanchit-gandhi_gtzan_00000111,0.739340643854232
china_u017,ccmusic-database_erhu_playing_tech_00000153,0.737643442266812
china_u017,ccmusic-database_erhu_playing_tech_00000159,2.0710977448645376
china_u017,ccmusic-database_erhu_playing_tech_00000146,1.7960307178424975
china_u017,ccmusic-database_erhu_playing_tech_00000026,2.0067830840493235
china_u017,ccmusic-database_erhu_playing_tech_00000061,2.2584232571346208
china_u017,ccmusic-database_erhu_playing_tech_00000157,2.0277167807666037
china_u017,ccmusic-database_erhu_playing_tech_00000100,2.202334555954296
china_u017,ccmusic-database_erhu_playing_tech_00000135,0.7939633179643366
china_u017,ccmusic-database_erhu_playing_tech_00000119,1.9477352749130232
china_u017,ccmusic-database_erhu_playing_tech_00000013,1.5162905722898072
china_u017,ccmusic-database_erhu_playing_tech_00000012,1.5125299015127596
china_u017,ccmusic-database_erhu_playing_tech_00000068,2.1256397191528857
china_u017,ccmusic-database_erhu_playing_tech_00000138,2.2513615871655768
china_u017,ccmusic-database_erhu_playing_tech_00000057,1.7908461072494868
china_u017,ccmusic-database_erhu_playing_tech_00000037,1.408068721838827
china_u017,ccmusic-database_erhu_playing_tech_00000136,1.362296654880683
china_u017,ccmusic-database_erhu_playing_tech_00000089,1.2414390137099884
china_u017,ccmusic-database_erhu_playing_tech_00000073,1.1987583260128432
china_u017,ccmusic-database_erhu_playing_tech_00000033,1.2503493019056442
china_u017,ccmusic-database_erhu_playing_tech_00000140,0.7298243308083118
china_u017,ccmusic-database_erhu_playing_tech_00000078,0.7085772470742558
china_u017,ccmusic-database_erhu_playing_tech_00000028,1.9202754806797375
china_u017,ccmusic-database_erhu_playing_tech_00000059,1.34447574028739
china_u017,ccmusic-database_erhu_playing_tech_00000048,2.1804307427394702
china_u017,bilal63_turkish_music_emotion_dataset_00000009,1.2764983616018357
china_u017,bilal63_turkish_music_emotion_dataset_00000149,0.4974875759489667
china_u017,bilal63_turkish_music_emotion_dataset_00000018,0.6626565107785973
china_u017,bilal63_turkish_music_emotion_dataset_00000132,0.7278567205675602
china_u017,bilal63_turkish_music_emotion_dataset_00000128,1.767243632926042
china_u017,bilal63_turkish_music_emotion_dataset_00000044,0.745250705304707
china_u017,bilal63_turkish_music_emotion_dataset_00000000,1.1462701629888692
china_u017,bilal63_turkish_music_emotion_dataset_00000140,1.7138388577142647
china_u017,neerajaabhyankar_hindustani-raag-small_00000061,1.7692101853843825
china_u017,neerajaabhyankar_hindustani-raag-small_00000069,0.7690865877677852
china_u017,neerajaabhyankar_hindustani-raag-small_00000009,0.5163088190625541
china_u017,neerajaabhyankar_hindustani-raag-small_00000027,0.657362473925974
china_u017,neerajaabhyankar_hindustani-raag-small_00000108,0.5354934462484534
china_u017,neerajaabhyankar_hindustani-raag-small_00000155,0.7134177254746541
china_u017,neerajaabhyankar_hindustani-raag-small_00000159,1.217569114850043
china_u017,neerajaabhyankar_hindustani-raag-small_00000122,1.6818058749991165
china_u018,ccmusic-database_erhu_playing_tech_00000091,1.3840337612968594
china_u018,ccmusic-database_erhu_playing_tech_00000135,2.1219030159939547
china_u018,ccmusic-database_erhu_playing_tech_00000063,1.3953430238268125
china_u018,ccmusic-database_erhu_playing_tech_00000016,0.6790706620405325
china_u018,ccmusic-database_erhu_playing_tech_00000090,1.9933183670118166
china_u018,ccmusic-database_erhu_playing_tech_00000060,1.6931169336758067
china_u018,ccmusic-database_erhu_playing_tech_00000072,1.9235309070650553
china_u018,ccmusic-database_erhu_playing_tech_00000123,1.3135930145528063
china_u018,ccmusic-database_erhu_playing_tech_00000052,1.6754408838254624
china_u018,ccmusic-database_erhu_playing_tech_00000019,2.051995031549148
china_u018,ccmusic-database_erhu_playing_tech_00000071,1.6635878889540057
china_u018,ccmusic-database_erhu_playing_tech_00000086,1.1747370200919331
china_u018,ccmusic-database_erhu_playing_tech_00000068,1.7178635502816946
china_u018,ccmusic-database_erhu_playing_tech_00000013,1.733948475359266
china_u018,ccmusic-database_erhu_playing_tech_00000126,2.232012510323928
china_u018,ccmusic-database_erhu_playing_tech_00000149,1.2148237546593792
china_u018,ccmusic-database_erhu_playing_tech_00000113,1.3082660489618763
china_u018,ccmusic-database_erhu_playing_tech_00000097,1.975912108047677
china_u018,ccmusic-database_erhu_playing_tech_00000028,1.4474399929312287
china_u018,ccmusic-database_erhu_playing_tech_00000094,1.8455885856246395
china_u018,ccmusic-database_erhu_playing_tech_00000140,1.367998826182446
china_u018,ccmusic-database_erhu_playing_tech_00000110,0.9467291196269082
china_u018,ccmusic-database_erhu_playing_tech_00000034,1.8604766287972436
china_u018,ccmusic-database_erhu_playing_tech_00000088,0.8012426668436246
china_u018,bilal63_turkish_music_emotion_dataset_00000005,0.7180879457672659
china_u018,bilal63_turkish_music_emotion_dataset_00000083,1.2962137267586815
china_u018,bilal63_turkish_music_emotion_dataset_00000028,1.4588142302592944
china_u018,bilal63_turkish_music_emotion_dataset_00000091,1.6578286472715502
china_u018,bilal63_turkish_music_emotion_dataset_00000126,0.8179917715114539
china_u018,bilal63_turkish_music_emotion_dataset_00000016,0.5994777491107484
china_u018,bilal63_turkish_music_emotion_dataset_00000082,1.7406629903555493
china_u018,bilal63_turkish_music_emotion_dataset_00000078,0.6584711688298923
china_u018,neerajaabhyankar_hindustani-raag-small_00000010,0.7168504260437634
china_u018,neerajaabhyankar_hindustani-raag-small_00000116,0.8432947623039289
china_u018,neerajaabhyankar_hindustani-raag-small_00000078,1.1646783279354882
china_u018,neerajaabhyankar_hindustani-raag-small_00000142,1.6418145141460054
china_u018,neerajaabhyankar_hindustani-raag-small_00000065,1.4767371306853203
china_u018,neerajaabhyankar_hindustani-raag-small_00000152,1.4060126976875573
china_u018,neerajaabhyankar_hindustani-raag-small_00000094,0.686493766605605
china_u018,neerajaabhyankar_hindustani-raag-small_00000073,0.9328715525600653
china_u019,ccmusic-database_erhu_playing_tech_00000073,0.6022645831342309
china_u019,ccmusic-database_erhu_playing_tech_00000104,1.3981710924130448
china_u019,ccmusic-database_erhu_playing_tech_00000109,1.4276925703472156
china_u019,ccmusic-database_erhu_playing_tech_00000010,1.277700119063627
china_u019,ccmusic-database_erhu_playing_tech_00000022,1.5550886809776037
china_u019,ccmusic-database_erhu_playing_tech_00000063,1.5274806632001365
china_u019,ccmusic-database_erhu_playing_tech_00000071,2.018157495781395
china_u019,ccmusic-database_erhu_playing_tech_00000020,0.7624335031274027
china_u019,ccmusic-database_erhu_playing_tech_00000032,0.9634314740320659
china_u019,ccmusic-database_erhu_playing_tech_00000080,1.9429335887053623
china_u019,ccmusic-database_erhu_playing_tech_00000036,2.0375185959608038
china_u019,ccmusic-database_erhu_playing_tech_00000102,2.2910717684959967
china_u019,ccmusic-database_erhu_playing_tech_00000017,2.08077322826772
china_u019,ccmusic-database_erhu_playing_tech_00000035,2.110075787199771
china_u019,ccmusic-database_erhu_playing_tech_00000018,1.1172502010365857
china_u019,ccmusic-database_erhu_playing_tech_00000120,1.267866318666174
china_u019,ccmusic-database_erhu_playing_tech_00000054,1.0374468058154505
china_u019,ccmusic-database_erhu_playing_tech_00000038,1.6208664618824342
china_u019,ccmusic-database_erhu_playing_tech_00000116,2.194439236007141
china_u019,ccmusic-database_erhu_playing_tech_00000128,1.1695055292325403
china_u019,ccmusic-database_erhu_playing_tech_00000043,1.5358280737455015
china_u019,ccmusic-database_erhu_playing_tech_00000142,1.0861168625322617
china_u019,ccmusic-database_erhu_playing_tech_00000090,0.8679049547579203
china_u019,ccmusic-database_erhu_playing_tech_00000121,0.9116950389371811
china_u019,sanchit-gandhi_gtzan_00000035,0.5282262151264754
china_u019,sanchit-gandhi_gtzan_00000076,1.7315462560624977
china_u019,sanchit-gandhi_gtzan_00000028,0.9938874714853
china_u019,sanchit-gandhi_gtzan_00000087,1.576063204202846
china_u019,sanchit-gandhi_gtzan_00000023,1.369794788131083
china_u019,sanchit-gandhi_gtzan_00000081,0.7090935679049652
china_u019,sanchit-gandhi_gtzan_00000053,0.6868740328817686
china_u019,sanchit-gandhi_gtzan_00000065,1.5461840720392357
china_u019,bilal63_turkish_music_emotion_dataset_00000141,0.8073608093363754
china_u019,bilal63_turkish_music_emotion_dataset_00000132,1.6829349979976673
china_u019,bilal63_turkish_music_emotion_dataset_00000154,0.6390747963308123
china_u019,bilal63_turkish_music_emotion_dataset_00000069,1.364906629513534
china_u019,bilal63_turkish_music_emotion_dataset_00000096,1.5495397326417608
china_u019,bilal63_turkish_music_emotion_dataset_00000156,0.7675961243611207
china_u019,bilal63_turkish_music_emotion_dataset_00000073,0.8228799406663642
china_u019,bilal63_turkish_music_emotion_dataset_00000133,1.7521004962879223
china_u020,ccmusic-database_erhu_playing_tech_00000058,1.9482042721546273
china_u020,ccmusic-database_erhu_playing_tech_00000006,2.140618437648582
china_u020,ccmusic-database_erhu_playing_tech_00000139,1.9596930441224307
china_u020,ccmusic-database_erhu_playing_tech_00000087,1.0339032552723724
china_u020,ccmusic-database_erhu_playing_tech_00000154,1.0478818291128493
china_u020,ccmusic-database_erhu_playing_tech_00000126,1.014406403952631
china_u020,ccmusic-database_erhu_playing_tech_00000097,0.8079407156970072
china_u020,ccmusic-database_erhu_playing_tech_00000111,2.2030521849789015
china_u020,ccmusic-database_erhu_playing_tech_00000084,1.2685324518209447
china_u020,ccmusic-database_erhu_playing_tech_00000088,0.9625893435916321
china_u020,ccmusic-database_erhu_playing_tech_00000124,2.03550756212672
china_u020,ccmusic-database_erhu_playing_tech_00000033,1.2636118970846884
china_u020,ccmusic-database_erhu_playing_tech_00000056,0.6355764991641749
china_u020,ccmusic-database_erhu_playing_tech_00000055,0.8543492086806137
china_u020,ccmusic-database_erhu_playing_tech_00000110,1.677706837114393
china_u020,ccmusic-database_erhu_playing_tech_00000142,1.9255115979462236
china_u020,ccmusic-database_erhu_playing_tech_00000060,0.9388618201430298
china_u020,ccmusic-database_erhu_playing_tech_00000136,2.157507391484095
china_u020,ccmusic-database_erhu_playing_tech_00000032,2.0429700320899835
china_u020,ccmusic-database_erhu_playing_tech_00000000,2.0384568007553647
china_u020,ccmusic-database_erhu_playing_tech_00000102,0.9677154782286443
china_u020,ccmusic-database_erhu_playing_tech_00000109,0.6621745804213495
china_u020,ccmusic-database_erhu_playing_tech_00000156,2.071305605607457
china_u020,ccmusic-database_erhu_playing_tech_00000035,1.1025053945740286
china_u020,neerajaabhyankar_hindustani-raag-small_00000026,1.2855371145842598
china_u020,neerajaabhyankar_hindustani-raag-small_00000065,1.4759552929959858
china_u020,neerajaabhyankar_hindustani-raag-small_00000107,0.6231958989900122
china_u020,neerajaabhyankar_hindustani-raag-small_00000080,1.5041317786007147
china_u020,neerajaabhyankar_hindustani-raag-small_00000021,1.716990469597439
china_u020,neerajaabhyankar_hindustani-raag-small_00000098,1.4333062037576523
china_u020,neerajaabhyankar_hindustani-raag-small_00000114,1.0456507104487534
china_u020,neerajaabhyankar_hindustani-raag-small_00000155,1.633515487314799
china_u020,bilal63_turkish_music_emotion_dataset_00000151,1.1620678005979546
china_u020,bilal63_turkish_music_emotion_dataset_00000015,1.455440752552618
china_u020,bilal63_turkish_music_emotion_dataset_00000111,1.5576830242091155
china_u020,bilal63_turkish_music_emotion_dataset_00000065,1.4616263632936581
china_u020,bilal63_turkish_music_emotion_dataset_00000116,0.838604082665008
china_u020,bilal63_turkish_music_emotion_dataset_00000074,0.6090892662228721
china_u020,bilal63_turkish_music_emotion_dataset_00000020,0.7717570146387812
china_u020,bilal63_turkish_music_emotion_dataset_00000013,1.128881164923477
china_u021,ccmusic-database_erhu_playing_tech_00000113,0.6282901438871554
china_u021,ccmusic-database_erhu_playing_tech_00000108,1.2588525060043008
china_u021,ccmusic-database_erhu_playing_tech_00000150,2.205380796232083
china_u021,ccmusic-database_erhu_playing_tech_00000159,0.6627692670901502
china_u021,ccmusic-database_erhu_playing_tech_00000101,1.8682424205519983
china_u021,ccmusic-database_erhu_playing_tech_00000028,1.0193817629140127
china_u021,ccmusic-database_erhu_playing_tech_00000079,2.069900235465085
china_u021,ccmusic-database_erhu_playing_tech_00000121,1.8619672637049045
china_u021,ccmusic-database_erhu_playing_tech_00000136,2.1028414197306757
china_u021,ccmusic-database_erhu_playing_tech_00000110,0.9474702634939338
china_u021,ccmusic-database_erhu_playing_tech_00000123,1.4914800020620933
china_u021,ccmusic-database_erhu_playing_tech_00000078,1.919240652666531
china_u021,ccmusic-database_erhu_playing_tech_00000054,0.9988320566663421
china_u021,ccmusic-database_erhu_playing_tech_00000037,0.9730373765859491
china_u021,ccmusic-database_erhu_playing_tech_00000118,0.6218891802833342
china_u021,ccmusic-database_erhu_playing_tech_00000070,2.228438882107655
china_u021,ccmusic-database_erhu_playing_tech_00000051,1.799779118094225
china_u021,ccmusic-database_erhu_playing_tech_00000042,1.671341610667569
china_u021,ccmusic-database_erhu_playing_tech_00000130,1.8583908966488591
china_u021,ccmusic-database_erhu_playing_tech_00000114,1.4920322847496328
china_u021,ccmusic-database_erhu_playing_tech_00000035,1.3963308413809579
china_u021,ccmusic-database_erhu_playing_tech_00000001,1.3504431159380734
china_u021,ccmusic-database_erhu_playing_tech_00000116,1.6797576408787813
china_u021,ccmusic-database_erhu_playing_tech_00000158,0.9226478325518609
china_u021,bilal63_turkish_music_emotion_dataset_00000093,1.648879238270074
china_u021,bilal63_turkish_music_emotion_dataset_00000039,1.545865701146008
china_u021,bilal63_turkish_music_emotion_dataset_00000122,0.9219108754602457
china_u021,bilal63_turkish_music_emotion_dataset_00000047,1.231122550696908
china_u021,bilal63_turkish_music_emotion_dataset_00000137,0.6403868549325198
china_u021,bilal63_turkish_music_emotion_dataset_00000123,1.7626674347103575
china_u021,bilal63_turkish_music_emotion_dataset_00000074,1.668905128300883
china_u021,bilal63_turkish_music_emotion_dataset_00000150,1.6945616337739207
china_u021,sanchit-gandhi_gtzan_00000133,0.8984201143996597
china_u021,sanchit-gandhi_gtzan_00000141,0.6783318549668552
china_u021,sanchit-gandhi_gtzan_00000118,0.735892420679519
china_u021,sanchit-gandhi_gtzan_00000101,0.5715018779108714
china_u021,sanchit-gandhi_gtzan_00000150,0.6121493506368689
china_u021,sanchit-gandhi_gtzan_00000125,0.5462611211495414
china_u021,sanchit-gandhi_gtzan_00000112,1.7862611434265794
china_u021,sanchit-gandhi_gtzan_00000152,0.5499778725482494
china_u022,ccmusic-database_erhu_playing_tech_00000010,1.2805856027788838
china_u022,ccmusic-database_erhu_playing_tech_00000114,0.7245773092845185
china_u022,ccmusic-database_erhu_playing_tech_00000141,0.9585846756219983
china_u022,ccmusic-database_erhu_playing_tech_00000073,1.3356605398516133
china_u022,ccmusic-database_erhu_playing_tech_00000081,1.8565133845051918
china_u022,ccmusic-database_erhu_playing_tech_00000026,0.9839320827985439
china_u022,ccmusic-database_erhu_playing_tech_00000072,2.0063185949654723
china_u022,ccmusic-database_erhu_playing_tech_00000053,1.5165020429005742
china_u022,ccmusic-database_erhu_playing_tech_00000027,1.886727406943465
china_u022,ccmusic-database_erhu_playing_tech_00000005,1.3901590712560785
china_u022,ccmusic-database_erhu_playing_tech_00000090,1.4361100388533352
china_u022,ccmusic-database_erhu_playing_tech_00000094,1.6440159466798792
china_u022,ccmusic-database_erhu_playing_tech_00000063,2.1757492990860468
china_u022,ccmusic-database_erhu_playing_tech_00000128,1.4233767029372695
china_u022,ccmusic-database_erhu_playing_tech_00000108,1.4869342532368017
china_u022,ccmusic-database_erhu_playing_tech_00000065,1.6134447620849883
china_u022,ccmusic-database_erhu_playing_tech_00000011,1.847213611838577
china_u022,ccmusic-database_erhu_playing_tech_00000078,0.6989418287137541
china_u022,ccmusic-database_erhu_playing_tech_00000102,1.4645608314504015
china_u022,ccmusic-database_erhu_playing_tech_00000059,1.405745491380425
china_u022,ccmusic-database_erhu_playing_tech_00000109,2.1649065978098085
china_u022,ccmusic-database_erhu_playing_tech_00000068,1.4262988512526882
china_u022,ccmusic-database_erhu_playing_tech_00000154,1.3828529223477208
china_u022,ccmusic-database_erhu_playing_tech_00000045,2.2347949802223606
china_u022,neerajaabhyankar_hindustani-raag-small_00000101,1.05827822586119
china_u022,neerajaabhyankar_hindustani-raag-small_00000157,0.694193980934822
china_u022,neerajaabhyankar_hindustani-raag-small_00000033,0.7428367657878142
china_u022,neerajaabhyankar_hindustani-raag-small_00000106,0.578503176754915
china_u022,neerajaabhyankar_hindustani-raag-small_00000017,0.4507669744995751
china_u022,neerajaabhyankar_hindustani-raag-small_00000046,1.0331266423506507
china_u022,neerajaabhyankar_hindustani-raag-small_00000069,1.488477484752599
china_u022,neerajaabhyankar_hindustani-raag-small_00000142,1.4401796977797785
china_u022,bilal63_turkish_music_emotion_dataset_00000052,0.49340126853384775
china_u022,bilal63_turkish_music_emotion_dataset_00000093,1.2194769198519444
china_u022,bilal63_turkish_music_emotion_dataset_00000068,0.6582822193081926
china_u022,bilal63_turkish_music_emotion_dataset_00000024,1.7204529844323413
china_u022,bilal63_turkish_music_emotion_dataset_00000021,0.6759427495196421
china_u022,bilal63_turkish_music_emotion_dataset_00000097,1.2959629438916003
china_u022,bilal63_turkish_music_emotion_dataset_00000110,0.8904217889214766
china_u022,bilal63_turkish_music_emotion_dataset_00000145,1.3161077900518756
china_u023,ccmusic-database_erhu_playing_tech_00000111,2.042148516139342
china_u023,ccmusic-database_erhu_playing_tech_00000041,1.3448370340512614
china_u023,ccmusic-database_erhu_playing_tech_00000022,0.9680719318036383
china_u023,ccmusic-database_erhu_playing_tech_00000110,1.8848633975386182
china_u023,ccmusic-database_erhu_playing_tech_00000044,1.5306174420340823
china_u023,ccmusic-database_erhu_playing_tech_00000104,0.6114941197051813
china_u023,ccmusic-database_erhu_playing_tech_00000072,1.1207235139058336
china_u023,ccmusic-database_erhu_playing_tech_00000149,0.8803274341843131
china_u023,ccmusic-database_erhu_playing_tech_00000035,1.7063806851954
china_u023,ccmusic-database_erhu_playing_tech_00000034,1.049428545087186
china_u023,ccmusic-database_erhu_playing_tech_00000155,0.6870331941371527
china_u023,ccmusic-database_erhu_playing_tech_00000032,0.6697628563659793
china_u023,ccmusic-database_erhu_playing_tech_00000121,1.578479588978783
china_u023,ccmusic-database_erhu_playing_tech_00000128,0.6124729610895545
china_u023,ccmusic-database_erhu_playing_tech_00000053,2.039166395159753
china_u023,ccmusic-database_erhu_playing_tech_00000125,0.8430600307188004
china_u023,ccmusic-database_erhu_playing_tech_00000093,1.6213269282121163
china_u023,ccmusic-database_erhu_playing_tech_00000135,1.3420868483185362
china_u023,ccmusic-database_erhu_playing_tech_00000146,1.3389188741250317
china_u023,ccmusic-database_erhu_playing_tech_00000021,0.6988500705710791
china_u023,ccmusic-database_erhu_playing_tech_00000107,1.9597476316160718
china_u023,ccmusic-database_erhu_playing_tech_00000039,2.1155155361993607
china_u023,ccmusic-database_erhu_playing_tech_00000101,0.594003751237794
china_u023,ccmusic-database_erhu_playing_tech_00000054,0.883092203077528
china_u023,sanchit-gandhi_gtzan_00000133,1.6702706548738966
china_u023,sanchit-gandhi_gtzan_00000146,1.1918163772800785
china_u023,sanchit-gandhi_gtzan_00000153,0.6525534306350836
china_u023,sanchit-gandhi_gtzan_00000116,0.7237671110223645
china_u023,sanchit-gandhi_gtzan_00000156,1.3409814297201041
china_u023,sanchit-gandhi_gtzan_00000155,1.4285027100332788
china_u023,sanchit-gandhi_gtzan_00000150,1.2592261915829126
china_u023,sanchit-gandhi_gtzan_00000123,1.7367503128819097
china_u023,neerajaabhyankar_hindustani-raag-small_00000156,1.116985864943399
china_u023,neerajaabhyankar_hindustani-raag-small_00000064,0.855367081392411
china_u023,neerajaabhyankar_hindustani-raag-small_00000107,1.0942644284673253
china_u023,neerajaabhyankar_hindustani-raag-small_00000077,0.9355494964499249
china_u023,neerajaabhyankar_hindustani-raag-small_00000119,0.7529614551108266
china_u023,neerajaabhyankar_hindustani-raag-small_00000088,0.5120503866091891
china_u023,neerajaabhyankar_hindustani-raag-small_00000129,0.9254868663129178
china_u023,neerajaabhyankar_hindustani-raag-small_00000098,1.410402619408152
india_u000,neerajaabhyankar_hindustani-raag-small_00000094,1.4544573814484099
india_u000,neerajaabhyankar_hindustani-raag-small_00000156,1.113569620790585
india_u000,neerajaabhyankar_hindustani-raag-small_00000086,2.2473160569266386
india_u000,neerajaabhyankar_hindustani-raag-small_00000092,1.8396397186152154
india_u000,neerajaabhyankar_hindustani-raag-small_00000117,1.2115052544430949
india_u000,neerajaabhyankar_hindustani-raag-small_00000159,0.8765427412519337
india_u000,neerajaabhyankar_hindustani-raag-small_00000027,0.9537747965486075
india_u000,neerajaabhyankar_hindustani-raag-small_00000015,1.3752659435398362
india_u000,neerajaabhyankar_hindustani-raag-small_00000129,2.2009304905422327
india_u000,neerajaabhyankar_hindustani-raag-small_00000060,1.8414024464375836
india_u000,neerajaabhyankar_hindustani-raag-small_00000141,0.9462954656090333
india_u000,neerajaabhyankar_hindustani-raag-small_00000006,2.057742955147599
india_u000,neerajaabhyankar_hindustani-raag-small_00000143,1.2273959021916998
india_u000,neerajaabhyankar_hindustani-raag-small_00000038,2.0442207652480944
india_u000,neerajaabhyankar_hindustani-raag-small_00000111,0.9919318065174508
india_u000,neerajaabhyankar_hindustani-raag-small_00000107,1.6421895555901476
india_u000,neerajaabhyankar_hindustani-raag-small_00000136,2.1735065919402112
india_u000,neerajaabhyankar_hindustani-raag-small_00000071,1.0198671657799447
india_u000,neerajaabhyankar_hindustani-raag-small_00000089,1.7702983687605998
india_u000,neerajaabhyankar_hindustani-raag-small_00000035,2.278114269426073
india_u000,neerajaabhyankar_hindustani-raag-small_00000075,0.8347820454941809
india_u000,neerajaabhyankar_hindustani-raag-small_00000032,0.7274939514586632
india_u000,neerajaabhyankar_hindustani-raag-small_00000034,1.7379867069673078
india_u000,neerajaabhyankar_hindustani-raag-small_00000104,1.1610445098670772
india_u000,sanchit-gandhi_gtzan_00000155,0.546180044444898
india_u000,sanchit-gandhi_gtzan_00000110,1.0916625841428655
india_u000,sanchit-gandhi_gtzan_00000113,1.4675904175193404
india_u000,sanchit-gandhi_gtzan_00000149,0.8349152405605048
india_u000,sanchit-gandhi_gtzan_00000132,0.902313284631932
india_u000,sanchit-gandhi_gtzan_00000111,1.5916941908734124
india_u000,sanchit-gandhi_gtzan_00000147,1.152097081553009
india_u000,sanchit-gandhi_gtzan_00000151,1.5876881578887374
india_u000,ccmusic-database_erhu_playing_tech_00000118,1.0526258143940077
india_u000,ccmusic-database_erhu_playing_tech_00000064,1.7365164681061396
india_u000,ccmusic-database_erhu_playing_tech_00000098,1.3285726961189446
india_u000,ccmusic-database_erhu_playing_tech_00000105,0.6064634681809867
india_u000,ccmusic-database_erhu_playing_tech_00000089,1.6448755341061811
india_u000,ccmusic-database_erhu_playing_tech_00000078,1.110508007621577
india_u000,ccmusic-database_erhu_playing_tech_00000073,0.6412126067634218
india_u000,ccmusic-database_erhu_playing_tech_00000024,0.656131680685918
india_u001,neerajaabhyankar_hindustani-raag-small_00000104,1.155093057487199
india_u001,neerajaabhyankar_hindustani-raag-small_00000150,2.2786918473798963
india_u001,neerajaabhyankar_hindustani-raag-small_00000063,0.6029975371907631
india_u001,neerajaabhyankar_hindustani-raag-small_00000047,1.3555761818795624
india_u001,neerajaabhyankar_hindustani-raag-small_00000102,2.0285792224638883
india_u001,neerajaabhyankar_hindustani-raag-small_00000040,1.1337296781907724
india_u001,neerajaabhyankar_hindustani-raag-small_00000041,1.4026524172526396
india_u001,neerajaabhyankar_hindustani-raag-small_00000006,2.262128911484265
india_u001,neerajaabhyankar_hindustani-raag-small_00000077,1.394162542920589
india_u001,neerajaabhyankar_hindustani-raag-small_00000075,0.8008392634527107
india_u001,neerajaabhyankar_hindustani-raag-small_00000094,0.6642195731245245
india_u001,neerajaabhyankar_hindustani-raag-small_00000079,2.205843587458911
india_u001,neerajaabhyankar_hindustani-raag-small_00000064,1.0335212378994882
india_u001,neerajaabhyankar_hindustani-raag-small_00000120,1.4445102388238502
india_u001,neerajaabhyankar_hindustani-raag-small_00000004,0.7314605465051959
india_u001,neerajaabhyankar_hindustani-raag-small_00000148,1.3058050829497936
india_u001,neerajaabhyankar_hindustani-raag-small_00000058,2.179432020706464
india_u001,neerajaabhyankar_hindustani-raag-small_00000051,1.4416624140133685
india_u001,neerajaabhyankar_hindustani-raag-small_00000100,2.2502081368590154
india_u001,neerajaabhyankar_hindustani-raag-small_00000030,1.0214914742345143
india_u001,neerajaabhyankar_hindustani-raag-small_00000019,1.4453405384892917
india_u001,neerajaabhyankar_hindustani-raag-small_00000017,2.057690615871086
india_u001,neerajaabhyankar_hindustani-raag-small_00000018,1.348235311605208
india_u001,neerajaabhyankar_hindustani-raag-small_00000060,1.057115719408577
india_u001,ccmusic-database_erhu_playing_tech_00000122,1.6048917406141403
india_u001,ccmusic-database_erhu_playing_tech_00000051,0.9763507829780222
india_u001,ccmusic-database_erhu_playing_tech_00000015,1.166476442931316
india_u001,ccmusic-database_erhu_playing_tech_00000131,1.7683115396604465
india_u001,ccmusic-database_erhu_playing_tech_00000113,0.7017524479204162
india_u001,ccmusic-database_erhu_playing_tech_00000155,0.8568908595722508
india_u001,ccmusic-database_erhu_playing_tech_00000149,0.49194396009428387
india_u001,ccmusic-database_erhu_playing_tech_00000064,0.9789809083785712
india_u001,sanchit-gandhi_gtzan_00000115,0.7202476312895604
india_u001,sanchit-gandhi_gtzan_00000144,1.3680471628006534
india_u001,sanchit-gandhi_gtzan_00000127,0.6947839693339006
india_u001,sanchit-gandhi_gtzan_00000157,1.360997215747924
india_u001,sanchit-gandhi_gtzan_00000152,0.8056918280555789
india_u001,sanchit-gandhi_gtzan_00000158,0.9295440760636198
india_u001,sanchit-gandhi_gtzan_00000134,0.9209618802626366
india_u001,sanchit-gandhi_gtzan_00000141,1.4176148627208727
india_u002,neerajaabhyankar_hindustani-raag-small_00000018,0.6184785337926297
india_u002,neerajaabhyankar_hindustani-raag-small_00000036,0.9236471677699047
india_u002,neerajaabhyankar_hindustani-raag-small_00000130,1.8802202622936612
india_u002,neerajaabhyankar_hindustani-raag-small_00000049,2.2841468455756853
india_u002,neerajaabhyankar_hindustani-raag-small_00000146,2.176707651973892
india_u002,neerajaabhyankar_hindustani-raag-small_00000007,1.4447783883026508
india_u002,neerajaabhyankar_hindustani-raag-small_00000074,1.4923961512169366
india_u002,neerajaabhyankar_hindustani-raag-small_00000151,1.1176532065868283
india_u002,neerajaabhyankar_hindustani-raag-small_00000062,1.9100455316499567
india_u002,neerajaabhyankar_hindustani-raag-small_00000013,1.8942052866838186
india_u002,neerajaabhyankar_hindustani-raag-small_00000037,2.0313698168297165
india_u002,neerajaabhyankar_hindustani-raag-small_00000054,2.1197453956646255
india_u002,neerajaabhyankar_hindustani-raag-small_00000030,1.3242524531886353
india_u002,neerajaabhyankar_hindustani-raag-small_00000084,1.8978603549849158
india_u002,neerajaabhyankar_hindustani-raag-small_00000050,1.9660378071728906
india_u002,neerajaabhyankar_hindustani-raag-small_00000109,1.107092848808619
india_u002,neerajaabhyankar_hindustani-raag-small_00000006,2.177942870910609
india_u002,neerajaabhyankar_hindustani-raag-small_00000047,0.7377390920534056
india_u002,neerajaabhyankar_hindustani-raag-small_00000118,2.2901143340566628
india_u002,neerajaabhyankar_hindustani-raag-small_00000005,1.9034064888240496
india_u002,neerajaabhyankar_hindustani-raag-small_00000080,0.7358923116844645
india_u002,neerajaabhyankar_hindustani-raag-small_00000020,1.706996142981126
india_u002,neerajaabhyankar_hindustani-raag-small_00000117,0.6339594838512487
india_u002,neerajaabhyankar_hindustani-raag-small_00000105,1.9035724877912155
india_u002,ccmusic-database_erhu_playing_tech_00000011,1.5289509442397247
india_u002,ccmusic-database_erhu_playing_tech_00000144,1.2632538416734544
india_u002,ccmusic-database_erhu_playing_tech_00000158,1.6067615290873702
india_u002,ccmusic-database_erhu_playing_tech_00000041,0.5821424282900606
india_u002,ccmusic-database_erhu_playing_tech_00000002,0.8224971867550979
india_u002,ccmusic-database_erhu_playing_tech_00000095,1.0091396541501052
india_u002,ccmusic-database_erhu_playing_tech_00000053,0.5073182363179326
india_u002,ccmusic-database_erhu_playing_tech_00000006,1.0550917182210744
india_u002,bilal63_turkish_music_emotion_dataset_00000066,0.8080381657519641
india_u002,bilal63_turkish_music_emotion_dataset_00000144,0.9801922663373666
india_u002,bilal63_turkish_music_emotion_dataset_00000005,1.0238885531896138
india_u002,bilal63_turkish_music_emotion_dataset_00000030,1.637205840208375
india_u002,bilal63_turkish_music_emotion_dataset_00000054,0.8149603102123127
india_u002,bilal63_turkish_music_emotion_dataset_00000043,1.6565532237669673
india_u002,bilal63_turkish_music_emotion_dataset_00000060,1.0250608024973467
india_u002,bilal63_turkish_music_emotion_dataset_00000042,0.8925404229368811
india_u003,neerajaabhyankar_hindustani-raag-small_00000061,2.299595206177243
india_u003,neerajaabhyankar_hindustani-raag-small_00000007,1.3604824094900154
india_u003,neerajaabhyankar_hindustani-raag-small_00000110,2.080117267281159
india_u003,neerajaabhyankar_hindustani-raag-small_00000021,1.4070986079852223
india_u003,neerajaabhyankar_hindustani-raag-small_00000150,2.1660669264918555
india_u003,neerajaabhyankar_hindustani-raag-small_00000081,0.7263849352809247
india_u003,neerajaabhyankar_hindustani-raag-small_00000035,0.7716831050521004
india_u003,neerajaabhyankar_hindustani-raag-small_00000057,2.178615523824287
india_u003,neerajaabhyankar_hindustani-raag-small_00000146,2.209425502702254
india_u003,neerajaabhyankar_hindustani-raag-small_00000088,1.1178875968777517
india_u003,neerajaabhyankar_hindustani-raag-small_00000064,1.1876594300644288
india_u003,neerajaabhyankar_hindustani-raag-small_00000039,1.3554766550899573
india_u003,neerajaabhyankar_hindustani-raag-small_00000124,1.2928788981160766
india_u003,neerajaabhyankar_hindustani-raag-small_00000051,0.9028279975303042
india_u003,neerajaabhyankar_hindustani-raag-small_00000070,2.124697537295421
india_u003,neerajaabhyankar_hindustani-raag-small_00000072,1.0119556112172352
india_u003,neerajaabhyankar_hindustani-raag-small_00000103,1.7915949063489487
india_u003,neerajaabhyankar_hindustani-raag-small_00000078,0.6908435440928282
india_u003,neerajaabhyankar_hindustani-raag-small_00000092,0.6418460468865407
india_u003,neerajaabhyankar_hindustani-raag-small_00000083,1.702685065195188
india_u003,neerajaabhyankar_hindustani-raag-small_00000001,1.159802354313874
india_u003,neerajaabhyankar_hindustani-raag-small_00000153,1.7056674524420021
india_u003,neerajaabhyankar_hindustani-raag-small_00000052,0.7371865737412324
india_u003,neerajaabhyankar_hindustani-raag-small_00000123,2.213493630354864
india_u003,sanchit-gandhi_gtzan_00000049,1.4604945303056789
india_u003,sanchit-gandhi_gtzan_00000029,1.6329607645848292
india_u003,sanchit-gandhi_gtzan_00000006,0.6342352479600898
india_u003,sanchit-gandhi_gtzan_00000050,0.8822173080053737
india_u003,sanchit-gandhi_gtzan_00000016,0.9472646216785645
india_u003,sanchit-gandhi_gtzan_00000001,1.1751830752412051
india_u003,sanchit-gandhi_gtzan_00000055,0.8507724554350093
india_u003,sanchit-gandhi_gtzan_00000077,0.5318515019556969
india_u003,bilal63_turkish_music_emotion_dataset_00000156,0.9479858139955856
india_u003,bilal63_turkish_music_emotion_dataset_00000029,0.793641574746831
india_u003,bilal63_turkish_music_emotion_dataset_00000039,0.97099374347534
india_u003,bilal63_turkish_music_emotion_dataset_00000137,0.7158953825370354
india_u003,bilal63_turkish_music_emotion_dataset_00000019,0.803560105662393
india_u003,bilal63_turkish_music_emotion_dataset_00000094,1.2963856595835628
india_u003,bilal63_turkish_music_emotion_dataset_00000051,0.9740076766803878
india_u003,bilal63_turkish_music_emotion_dataset_00000040,0.9162675807788143
india_u004,neerajaabhyankar_hindustani-raag-small_00000008,2.251821055550778
india_u004,neerajaabhyankar_hindustani-raag-small_00000119,1.7966182396594772
india_u004,neerajaabhyankar_hindustani-raag-small_00000037,1.6281504572688474
india_u004,neerajaabhyankar_hindustani-raag-small_00000043,1.1056591373566247
india_u004,neerajaabhyankar_hindustani-raag-small_00000053,1.0909908736872507
india_u004,neerajaabhyankar_hindustani-raag-small_00000153,0.6431782422406475
india_u004,neerajaabhyankar_hindustani-raag-small_00000040,1.8316312204058314
india_u004,neerajaabhyankar_hindustani-raag-small_00000150,0.6494772632231258
india_u004,neerajaabhyankar_hindustani-raag-small_00000084,0.5833789076658064
india_u004,neerajaabhyankar_hindustani-raag-small_00000083,1.833379026560189
india_u004,neerajaabhyankar_hindustani-raag-small_00000108,2.211807231082241
india_u004,neerajaabhyankar_hindustani-raag-small_00000018,1.8799677573296105
india_u004,neerajaabhyankar_hindustani-raag-small_00000157,1.3885793288270531
india_u004,neerajaabhyankar_hindustani-raag-small_00000106,1.4134280554925058
india_u004,neerajaabhyankar_hindustani-raag-small_00000139,1.3273353290697065
india_u004,neerajaabhyankar_hindustani-raag-small_00000155,1.1350103257653255
india_u004,neerajaabhyankar_hindustani-raag-small_00000066,1.4749570194705743
india_u004,neerajaabhyankar_hindustani-raag-small_00000135,1.3187354010684234
india_u004,neerajaabhyankar_hindustani-raag-small_00000127,1.6068395930703363
india_u004,neerajaabhyankar_hindustani-raag-small_00000073,2.124257138864388
india_u004,neerajaabhyankar_hindustani-raag-small_00000134,2.2913912448835725
india_u004,neerajaabhyankar_hindustani-raag-small_00000076,0.7108321750480321
india_u004,neerajaabhyankar_hindustani-raag-small_00000002,1.2385789903408138
india_u004,neerajaabhyankar_hindustani-raag-small_00000136,0.8867181876977462
india_u004,ccmusic-database_erhu_playing_tech_00000024,0.9253626397994705
india_u004,ccmusic-database_erhu_playing_tech_00000087,0.838088575040371
india_u004,ccmusic-database_erhu_playing_tech_00000132,0.6856251276961642
india_u004,ccmusic-database_erhu_playing_tech_00000006,1.481502672118742
india_u004,ccmusic-database_erhu_playing_tech_00000005,1.1199898028194686
india_u004,ccmusic-database_erhu_playing_tech_00000015,1.6909815359932547
india_u004,ccmusic-database_erhu_playing_tech_00000112,0.49399979838346963
india_u004,ccmusic-database_erhu_playing_tech_00000034,0.5404203177281864
india_u004,sanchit-gandhi_gtzan_00000138,0.9944193369559646
india_u004,sanchit-gandhi_gtzan_00000154,0.5583743825454501
india_u004,sanchit-gandhi_gtzan_00000155,0.8046849551600253
india_u004,sanchit-gandhi_gtzan_00000140,1.7811401531534419
india_u004,sanchit-gandhi_gtzan_00000117,0.732095470104229
india_u004,sanchit-gandhi_gtzan_00000105,0.7174589509063225
india_u004,sanchit-gandhi_gtzan_00000111,1.2244149028742073
india_u004,sanchit-gandhi_gtzan_00000129,1.1222976925707617
india_u005,neerajaabhyankar_hindustani-raag-small_00000013,1.1388996569878067
india_u005,neerajaabhyankar_hindustani-raag-small_00000127,1.1019540563402683
india_u005,neerajaabhyankar_hindustani-raag-small_00000010,1.0077212381050855
india_u005,neerajaabhyankar_hindustani-raag-small_00000100,1.2047065008762081
india_u005,neerajaabhyankar_hindustani-raag-small_00000114,0.8336490494362545
india_u005,neerajaabhyankar_hindustani-raag-small_00000050,2.0793799209561645
india_u005,neerajaabhyankar_hindustani-raag-small_00000104,1.6136559509126622
india_u005,neerajaabhyankar_hindustani-raag-small_00000151,0.8057815841494006
india_u005,neerajaabhyankar_hindustani-raag-small_00000019,1.771907351510527
india_u005,neerajaabhyankar_hindustani-raag-small_00000123,2.0372246572965036
india_u005,neerajaabhyankar_hindustani-raag-small_00000030,0.9847490342901465
india_u005,neerajaabhyankar_hindustani-raag-small_00000156,0.8347860252317801
india_u005,neerajaabhyankar_hindustani-raag-small_00000042,0.5898647685557222
india_u005,neerajaabhyankar_hindustani-raag-small_00000085,0.6565068345274367
india_u005,neerajaabhyankar_hindustani-raag-small_00000108,1.8898835758235575
india_u005,neerajaabhyankar_hindustani-raag-small_00000083,2.2778964227719216
india_u005,neerajaabhyankar_hindustani-raag-small_00000055,0.6524185562715771
india_u005,neerajaabhyankar_hindustani-raag-small_00000081,1.8654224044128147
india_u005,neerajaabhyankar_hindustani-raag-small_00000026,0.6989622360756561
india_u005,neerajaabhyankar_hindustani-raag-small_00000043,1.5964291229588252
india_u005,neerajaabhyankar_hindustani-raag-small_00000115,1.8792298621887102
india_u005,neerajaabhyankar_hindustani-raag-small_00000099,1.1946275852868473
india_u005,neerajaabhyankar_hindustani-raag-small_00000051,0.5938623939158948
india_u005,neerajaabhyankar_hindustani-raag-small_00000061,1.6017016324163593
india_u005,sanchit-gandhi_gtzan_00000040,1.7881802479890374
india_u005,sanchit-gandhi_gtzan_00000046,0.7977835208319692
india_u005,sanchit-gandhi_gtzan_00000002,0.7058132242027414
india_u005,sanchit-gandhi_gtzan_00000073,0.6172999552172452
india_u005,sanchit-gandhi_gtzan_00000087,1.1995950868650758
india_u005,sanchit-gandhi_gtzan_00000097,1.255200884136369
india_u005,sanchit-gandhi_gtzan_00000048,1.519565630180043
india_u005,sanchit-gandhi_gtzan_00000083,1.466648919387688
india_u005,bilal63_turkish_music_emotion_dataset_00000042,1.6549310179733676
india_u005,bilal63_turkish_music_emotion_dataset_00000108,1.5377931427621068
india_u005,bilal63_turkish_music_emotion_dataset_00000103,0.78381056215725
india_u005,bilal63_turkish_music_emotion_dataset_00000144,1.2004344965822775
india_u005,bilal63_turkish_music_emotion_dataset_00000136,0.851506144776333
india_u005,bilal63_turkish_music_emotion_dataset_00000015,0.8952102623945283
india_u005,bilal63_turkish_music_emotion_dataset_00000017,1.708124898460495
india_u005,bilal63_turkish_music_emotion_dataset_00000121,1.3705594718405492
india_u006,neerajaabhyankar_hindustani-raag-small_00000143,1.8173726500295948
india_u006,neerajaabhyankar_hindustani-raag-small_00000116,1.6816689257629773
india_u006,neerajaabhyankar_hindustani-raag-small_00000069,1.9381694430467753
india_u006,neerajaabhyankar_hindustani-raag-small_00000120,1.6527120948309204
india_u006,neerajaabhyankar_hindustani-raag-small_00000019,1.5022007178766776
india_u006,neerajaabhyankar_hindustani-raag-small_00000030,1.6206888398314738
india_u006,neerajaabhyankar_hindustani-raag-small_00000129,0.7495585576494982
india_u006,neerajaabhyankar_hindustani-raag-small_00000015,1.046195032751522
india_u006,neerajaabhyankar_hindustani-raag-small_00000049,1.4847646216352763
india_u006,neerajaabhyankar_hindustani-raag-small_00000056,2.0809029465679445
india_u006,neerajaabhyankar_hindustani-raag-small_00000020,1.746363934596788
india_u006,neerajaabhyankar_hindustani-raag-small_00000068,0.7309539353640233
india_u006,neerajaabhyankar_hindustani-raag-small_00000128,1.5966742895165975
india_u006,neerajaabhyankar_hindustani-raag-small_00000159,0.9574980286739957
india_u006,neerajaabhyankar_hindustani-raag-small_00000034,1.8411785656355468
india_u006,neerajaabhyankar_hindustani-raag-small_00000010,2.002335470577589
india_u006,neerajaabhyankar_hindustani-raag-small_00000078,1.5987120702177038
india_u006,neerajaabhyankar_hindustani-raag-small_00000154,1.5951005018216993
india_u006,neerajaabhyankar_hindustani-raag-small_00000057,1.159070239538654
india_u006,neerajaabhyankar_hindustani-raag-small_00000027,1.3447812865032587
india_u006,neerajaabhyankar_hindustani-raag-small_00000141,2.065586910331471
india_u006,neerajaabhyankar_hindustani-raag-small_00000133,1.8227275709183448
india_u006,neerajaabhyankar_hindustani-raag-small_00000117,1.4715750629753293
india_u006,neerajaabhyankar_hindustani-raag-small_00000075,1.2102008662784398
india_u006,ccmusic-database_erhu_playing_tech_00000009,0.5180126466895485
india_u006,ccmusic-database_erhu_playing_tech_00000104,0.6430599917906199
india_u006,ccmusic-database_erhu_playing_tech_00000029,0.7105840058781504
india_u006,ccmusic-database_erhu_playing_tech_00000146,0.9540677833992108
india_u006,ccmusic-database_erhu_playing_tech_00000107,1.7245939235529708
india_u006,ccmusic-database_erhu_playing_tech_00000065,1.1319570830593106
india_u006,ccmusic-database_erhu_playing_tech_00000091,0.7670342203999619
india_u006,ccmusic-database_erhu_playing_tech_00000069,0.592762685573044
india_u006,sanchit-gandhi_gtzan_00000128,0.9067124582140016
india_u006,sanchit-gandhi_gtzan_00000132,1.5512363579939268
india_u006,sanchit-gandhi_gtzan_00000118,0.9675127711041858
india_u006,sanchit-gandhi_gtzan_00000126,1.4928828381302581
india_u006,sanchit-gandhi_gtzan_00000102,1.5336517177712865
india_u006,sanchit-gandhi_gtzan_00000159,0.5996080390932506
india_u006,sanchit-gandhi_gtzan_00000103,1.271690666046158
india_u006,sanchit-gandhi_gtzan_00000146,1.7447796855509996
india_u007,neerajaabhyankar_hindustani-raag-small_00000128,1.677641838390465
india_u007,neerajaabhyankar_hindustani-raag-small_00000114,1.7661048258507277
india_u007,neerajaabhyankar_hindustani-raag-small_00000093,0.6034317960283708
india_u007,neerajaabhyankar_hindustani-raag-small_00000131,2.2277096990521206
india_u007,neerajaabhyankar_hindustani-raag-small_00000130,1.585166488528125
india_u007,neerajaabhyankar_hindustani-raag-small_00000101,1.9230285729691772
india_u007,neerajaabhyankar_hindustani-raag-small_00000078,1.2258111723808514
india_u007,neerajaabhyankar_hindustani-raag-small_00000096,0.596385194004748
india_u007,neerajaabhyankar_hindustani-raag-small_00000031,1.4542922882868656
india_u007,neerajaabhyankar_hindustani-raag-small_00000124,1.4499029558199772
india_u007,neerajaabhyankar_hindustani-raag-small_00000142,1.3288065223372543
india_u007,neerajaabhyankar_hindustani-raag-small_00000092,1.1610119184295822
india_u007,neerajaabhyankar_hindustani-raag-small_00000075,1.0059500014717704
india_u007,neerajaabhyankar_hindustani-raag-small_00000030,1.48501490850764
india_u007,neerajaabhyankar_hindustani-raag-small_00000110,1.2223547909712773
india_u007,neerajaabhyankar_hindustani-raag-small_00000080,2.2481324982609197
india_u007,neerajaabhyankar_hindustani-raag-small_00000006,0.8732996058979566
india_u007,neerajaabhyankar_hindustani-raag-small_00000005,1.126423104156725
india_u007,neerajaabhyankar_hindustani-raag-small_00000149,1.0820818123448848
india_u007,neerajaabhyankar_hindustani-raag-small_00000105,1.5122083290070256
india_u007,neerajaabhyankar_hindustani-raag-small_00000122,1.436258443280405
india_u007,neerajaabhyankar_hindustani-raag-small_00000133,1.6854523028568709
india_u007,neerajaabhyankar_hindustani-raag-small_00000120,2.2137530542405086
india_u007,neerajaabhyankar_hindustani-raag-small_00000074,1.067006372476921
india_u007,bilal63_turkish_music_emotion_dataset_00000055,1.3852416184942453
india_u007,bilal63_turkish_music_emotion_dataset_00000143,0.48380427405699794
india_u007,bilal63_turkish_music_emotion_dataset_00000158,0.8042244381903931
india_u007,bilal63_turkish_music_emotion_dataset_00000035,1.0760216327954002
india_u007,bilal63_turkish_music_emotion_dataset_00000086,0.49184296444953157
india_u007,bilal63_turkish_music_emotion_dataset_00000034,1.2838537717474126
india_u007,bilal63_turkish_music_emotion_dataset_00000022,1.365719321342306
india_u007,bilal63_turkish_music_emotion_dataset_00000003,1.4580878150313632
india_u007,ccmusic-database_erhu_playing_tech_00000095,1.1473755815380666
india_u007,ccmusic-database_erhu_playing_tech_00000067,1.265325297721146
india_u007,ccmusic-database_erhu_playing_tech_00000152,0.9846880892259579
india_u007,ccmusic-database_erhu_playing_tech_00000141,0.5056915938838594
india_u007,ccmusic-database_erhu_playing_tech_00000044,0.5849350052955927
india_u007,ccmusic-database_erhu_playing_tech_00000023,1.3342444976719765
india_u007,ccmusic-database_erhu_playing_tech_00000145,1.7939996544407981
india_u007,ccmusic-database_erhu_playing_tech_00000007,0.4713343728704498
india_u008,neerajaabhyankar_hindustani-raag-small_00000018,1.4251452051186493
india_u008,neerajaabhyankar_hindustani-raag-small_00000003,1.9082440252386295
india_u008,neerajaabhyankar_hindustani-raag-small_00000044,1.0427128537555308
india_u008,neerajaabhyankar_hindustani-raag-small_00000139,1.427598115000463
india_u008,neerajaabhyankar_hindustani-raag-small_00000076,0.9156565394641548
india_u008,neerajaabhyankar_hindustani-raag-small_00000056,2.060028640698714
india_u008,neerajaabhyankar_hindustani-raag-small_00000055,1.9947916385805153
india_u008,neerajaabhyankar_hindustani-raag-small_00000030,2.131208178005527
india_u008,neerajaabhyankar_hindustani-raag-small_00000126,2.0886477926118476
india_u008,neerajaabhyankar_hindustani-raag-small_00000101,2.230303552052628
india_u008,neerajaabhyankar_hindustani-raag-small_00000057,0.9688799995650722
india_u008,neerajaabhyankar_hindustani-raag-small_00000157,2.182396901621919
india_u008,neerajaabhyankar_hindustani-raag-small_00000137,1.560342755082196
india_u008,neerajaabhyankar_hindustani-raag-small_00000022,1.3038040197588123
india_u008,neerajaabhyankar_hindustani-raag-small_00000065,1.541644970544581
india_u008,neerajaabhyankar_hindustani-raag-small_00000037,1.1659890652217293
india_u008,neerajaabhyankar_hindustani-raag-small_00000012,1.0727539370076422
india_u008,neerajaabhyankar_hindustani-raag-small_00000114,0.9912672330112371
india_u008,neerajaabhyankar_hindustani-raag-small_00000051,0.7171882818135437
india_u008,neerajaabhyankar_hindustani-raag-small_00000088,1.4315744475788983
india_u008,neerajaabhyankar_hindustani-raag-small_00000129,2.1063888906064556
india_u008,neerajaabhyankar_hindustani-raag-small_00000116,1.6620121469983133
india_u008,neerajaabhyankar_hindustani-raag-small_00000020,1.4736829665037092
india_u008,neerajaabhyankar_hindustani-raag-small_00000102,1.314322783982831
india_u008,bilal63_turkish_music_emotion_dataset_00000075,1.0769421955282092
india_u008,bilal63_turkish_music_emotion_dataset_00000147,0.7325244192221337
india_u008,bilal63_turkish_music_emotion_dataset_00000013,1.5609634342106815
india_u008,bilal63_turkish_music_emotion_dataset_00000090,0.7178170004300629
india_u008,bilal63_turkish_music_emotion_dataset_00000152,1.4174407215818727
india_u008,bilal63_turkish_music_emotion_dataset_00000148,1.475979765519806
india_u008,bilal63_turkish_music_emotion_dataset_00000057,1.2260732067374414
india_u008,bilal63_turkish_music_emotion_dataset_00000063,1.6149506061890186
india_u008,sanchit-gandhi_gtzan_00000135,0.8429179758083776
india_u008,sanchit-gandhi_gtzan_00000108,1.6401832486778654
india_u008,sanchit-gandhi_gtzan_00000105,1.4347041204590607
india_u008,sanchit-gandhi_gtzan_00000113,1.528312267478377
india_u008,sanchit-gandhi_gtzan_00000101,1.3471826078618743
india_u008,sanchit-gandhi_gtzan_00000126,1.5925630729364586
india_u008,sanchit-gandhi_gtzan_00000156,1.7906834646688086
india_u008,sanchit-gandhi_gtzan_00000147,1.0172198536082622
india_u009,neerajaabhyankar_hindustani-raag-small_00000078,2.085648888286533
india_u009,neerajaabhyankar_hindustani-raag-small_00000015,2.277479402576718
india_u009,neerajaabhyankar_hindustani-raag-small_00000131,2.0841177141889062
india_u009,neerajaabhyankar_hindustani-raag-small_00000053,0.8611189012727665
india_u009,neerajaabhyankar_hindustani-raag-small_00000105,1.9889104286981563
india_u009,neerajaabhyankar_hindustani-raag-small_00000088,0.6304577065484682
india_u009,neerajaabhyankar_hindustani-raag-small_00000155,1.253445749381306
india_u009,neerajaabhyankar_hindustani-raag-small_00000038,2.077015068973315
india_u009,neerajaabhyankar_hindustani-raag-small_00000063,1.7630975670108615
india_u009,neerajaabhyankar_hindustani-raag-small_00000009,1.4939772371578397
india_u009,neerajaabhyankar_hindustani-raag-small_00000061,1.2440654432675204
india_u009,neerajaabhyankar_hindustani-raag-small_00000127,1.9762122326612432
india_u009,neerajaabhyankar_hindustani-raag-small_00000047,1.7989882468106808
india_u009,neerajaabhyankar_hindustani-raag-small_00000128,1.3829991763370364
india_u009,neerajaabhyankar_hindustani-raag-small_00000056,2.114535481686663
india_u009,neerajaabhyankar_hindustani-raag-small_00000029,0.9716603307371408
india_u009,neerajaabhyankar_hindustani-raag-small_00000082,0.8689253532986277
india_u009,neerajaabhyankar_hindustani-raag-small_00000159,1.683836493475428
india_u009,neerajaabhyankar_hindustani-raag-small_00000102,2.2516902411605537
india_u009,neerajaabhyankar_hindustani-raag-small_00000113,1.0015175889541788
india_u009,neerajaabhyankar_hindustani-raag-small_00000158,1.0056814036608506
india_u009,neerajaabhyankar_hindustani-raag-small_00000059,0.8156355127347775
india_u009,neerajaabhyankar_hindustani-raag-small_00000141,2.059472132847015
india_u009,neerajaabhyankar_hindustani-raag-small_00000033,0.9655357572095512
india_u009,bilal63_turkish_music_emotion_dataset_00000126,1.1292910110785985
india_u009,bilal63_turkish_music_emotion_dataset_00000104,1.7876778453029762
india_u009,bilal63_turkish_music_emotion_dataset_00000108,0.4663902162447588
india_u009,bilal63_turkish_music_emotion_dataset_00000072,1.2012562221895722
india_u009,bilal63_turkish_music_emotion_dataset_00000120,1.1415902076516768
india_u009,bilal63_turkish_music_emotion_dataset_00000010,1.540053958153709
india_u009,bilal63_turkish_music_emotion_dataset_00000117,0.929630078396249
india_u009,bilal63_turkish_music_emotion_dataset_00000054,1.003960834513706
india_u009,ccmusic-database_erhu_playing_tech_00000118,0.676716273808466
india_u009,ccmusic-database_erhu_playing_tech_00000115,1.4501005627083121
india_u009,ccmusic-database_erhu_playing_tech_00000056,1.5093570274040002
india_u009,ccmusic-database_erhu_playing_tech_00000101,0.6344954830514209
india_u009,ccmusic-database_erhu_playing_tech_00000037,0.9811670498842343
india_u009,ccmusic-database_erhu_playing_tech_00000121,1.655421743739622
india_u009,ccmusic-database_erhu_playing_tech_00000107,0.4536548194623127
india_u009,ccmusic-database_erhu_playing_tech_00000043,0.8533247453405537
india_u010,neerajaabhyankar_hindustani-raag-small_00000114,2.10580449928587
india_u010,neerajaabhyankar_hindustani-raag-small_00000077,0.6593100250677604
india_u010,neerajaabhyankar_hindustani-raag-small_00000013,1.8758062163201141
india_u010,neerajaabhyankar_hindustani-raag-small_00000046,1.1869011790640491
india_u010,neerajaabhyankar_hindustani-raag-small_00000033,1.6938294652864954
india_u010,neerajaabhyankar_hindustani-raag-small_00000136,1.4617331381670415
india_u010,neerajaabhyankar_hindustani-raag-small_00000152,1.0230553848494486
india_u010,neerajaabhyankar_hindustani-raag-small_00000057,0.8082568494568759
india_u010,neerajaabhyankar_hindustani-raag-small_00000037,0.7767339770788843
india_u010,neerajaabhyankar_hindustani-raag-small_00000065,0.7532319295471481
india_u010,neerajaabhyankar_hindustani-raag-small_00000026,1.6751878192321465
india_u010,neerajaabhyankar_hindustani-raag-small_00000149,1.1811837186642031
india_u010,neerajaabhyankar_hindustani-raag-small_00000076,0.9486926809051299
india_u010,neerajaabhyankar_hindustani-raag-small_00000130,1.7685017849176825
india_u010,neerajaabhyankar_hindustani-raag-small_00000004,1.759815500947155
india_u010,neerajaabhyankar_hindustani-raag-small_00000027,1.5050653043158209
india_u010,neerajaabhyankar_hindustani-raag-small_00000008,2.1878022340935925
india_u010,neerajaabhyankar_hindustani-raag-small_00000086,1.2398395492364516
india_u010,neerajaabhyankar_hindustani-raag-small_00000120,2.0168636254395302
india_u010,neerajaabhyankar_hindustani-raag-small_00000014,0.7046154786830385
india_u010,neerajaabhyankar_hindustani-raag-small_00000083,1.8512086372164198
india_u010,neerajaabhyankar_hindustani-raag-small_00000038,2.280071788860079
india_u010,neerajaabhyankar_hindustani-raag-small_00000082,2.035381923096484
india_u010,neerajaabhyankar_hindustani-raag-small_00000104,1.5749216408098523
india_u010,ccmusic-database_erhu_playing_tech_00000108,1.296134186841667
india_u010,ccmusic-database_erhu_playing_tech_00000105,0.9269408917398781
india_u010,ccmusic-database_erhu_playing_tech_00000078,1.3673050446484405
india_u010,ccmusic-database_erhu_playing_tech_00000133,1.4900337672947914
india_u010,ccmusic-database_erhu_playing_tech_00000082,1.7976084495091027
india_u010,ccmusic-database_erhu_playing_tech_00000083,1.1148249379505846
india_u010,ccmusic-database_erhu_playing_tech_00000069,0.5327604887941471
india_u010,ccmusic-database_erhu_playing_tech_00000089,1.25440823348683
india_u010,sanchit-gandhi_gtzan_00000089,0.6106826024759276
india_u010,sanchit-gandhi_gtzan_00000043,0.7804328088007486
india_u010,sanchit-gandhi_gtzan_00000048,0.8938528802627453
india_u010,sanchit-gandhi_gtzan_00000006,1.4368903287503543
india_u010,sanchit-gandhi_gtzan_00000055,0.6981409672359757
india_u010,sanchit-gandhi_gtzan_00000005,0.673766478237176
india_u010,sanchit-gandhi_gtzan_00000008,0.5107017273734171
india_u010,sanchit-gandhi_gtzan_00000066,1.628873914077739
india_u011,neerajaabhyankar_hindustani-raag-small_00000005,1.1284436454961844
india_u011,neerajaabhyankar_hindustani-raag-small_00000110,1.8826124644197673
india_u011,neerajaabhyankar_hindustani-raag-small_00000112,2.1957148503447117
india_u011,neerajaabhyankar_hindustani-raag-small_00000003,1.714997637970279
india_u011,neerajaabhyankar_hindustani-raag-small_00000103,1.3196498650303676
india_u011,neerajaabhyankar_hindustani-raag-small_00000037,1.8649372724279965
india_u011,neerajaabhyankar_hindustani-raag-small_00000137,1.3648729628211398
india_u011,neerajaabhyankar_hindustani-raag-small_00000153,1.289887042661543
india_u011,neerajaabhyankar_hindustani-raag-small_00000148,1.4811134571628783
india_u011,neerajaabhyankar_hindustani-raag-small_00000155,1.1230710275460316
india_u011,neerajaabhyankar_hindustani-raag-small_00000040,0.754831623083002
india_u011,neerajaabhyankar_hindustani-raag-small_00000150,1.2906197095326348
india_u011,neerajaabhyankar_hindustani-raag-small_00000008,0.7886531199480458
india_u011,neerajaabhyankar_hindustani-raag-small_00000066,1.2830115418831454
india_u011,neerajaabhyankar_hindustani-raag-small_00000158,1.5357106690932016
india_u011,neerajaabhyankar_hindustani-raag-small_00000016,2.1804767875797406
india_u011,neerajaabhyankar_hindustani-raag-small_00000086,0.6374835210531486
india_u011,neerajaabhyankar_hindustani-raag-small_00000043,1.6470157512158536
india_u011,neerajaabhyankar_hindustani-raag-small_00000102,1.3645931969713834
india_u011,neerajaabhyankar_hindustani-raag-small_00000078,0.60995044615214
india_u011,neerajaabhyankar_hindustani-raag-small_00000074,1.0054706034942926
india_u011,neerajaabhyankar_hindustani-raag-small_00000063,0.7793870603120325
india_u011,neerajaabhyankar_hindustani-raag-small_00000061,0.948969901386742
india_u011,neerajaabhyankar_hindustani-raag-small_00000093,1.0486336699700838
india_u011,sanchit-gandhi_gtzan_00000049,0.9917635527659651
india_u011,sanchit-gandhi_gtzan_00000004,1.1642031812100018
india_u011,sanchit-gandhi_gtzan_00000018,0.4513364918006212
india_u011,sanchit-gandhi_gtzan_00000025,0.6685236368488
india_u011,sanchit-gandhi_gtzan_00000077,0.576314620571881
india_u011,sanchit-gandhi_gtzan_00000035,1.192059089004704
india_u011,sanchit-gandhi_gtzan_00000038,0.8942510750417143
india_u011,sanchit-gandhi_gtzan_00000058,1.1903369436468694
india_u011,ccmusic-database_erhu_playing_tech_00000011,0.7494614579358151
india_u011,ccmusic-database_erhu_playing_tech_00000056,0.4827096280182396
india_u011,ccmusic-database_erhu_playing_tech_00000122,1.7208453167148332
india_u011,ccmusic-database_erhu_playing_tech_00000092,0.596215963605142
india_u011,ccmusic-database_erhu_playing_tech_00000090,0.6212593097483177
india_u011,ccmusic-database_erhu_playing_tech_00000036,0.6478382157886896
india_u011,ccmusic-database_erhu_playing_tech_00000137,1.7747233073909183
india_u011,ccmusic-database_erhu_playing_tech_00000010,1.2838413242294948
india_u012,neerajaabhyankar_hindustani-raag-small_00000066,2.09628994956465
india_u012,neerajaabhyankar_hindustani-raag-small_00000101,1.725287417816026
india_u012,neerajaabhyankar_hindustani-raag-small_00000055,1.3888403502543862
india_u012,neerajaabhyankar_hindustani-raag-small_00000155,1.129732577449803
india_u012,neerajaabhyankar_hindustani-raag-small_00000154,0.7231537112798131
india_u012,neerajaabhyankar_hindustani-raag-small_00000141,0.9969818040093245
india_u012,neerajaabhyankar_hindustani-raag-small_00000012,0.5942971490748626
india_u012,neerajaabhyankar_hindustani-raag-small_00000074,2.2769297077305635
india_u012,neerajaabhyankar_hindustani-raag-small_00000062,0.9587818849220764
india_u012,neerajaabhyankar_hindustani-raag-small_00000059,1.9806610011322676
india_u012,neerajaabhyankar_hindustani-raag-small_00000138,0.865912421113588
india_u012,neerajaabhyankar_hindustani-raag-small_00000057,1.0642119830696148
india_u012,neerajaabhyankar_hindustani-raag-small_00000075,1.2965283756689325
india_u012,neerajaabhyankar_hindustani-raag-small_00000018,1.1345997706442688
india_u012,neerajaabhyankar_hindustani-raag-small_00000082,1.95215515201076
india_u012,neerajaabhyankar_hindustani-raag-small_00000047,2.2270211288266046
india_u012,neerajaabhyankar_hindustani-raag-small_00000090,2.0848829842977135
india_u012,neerajaabhyankar_hindustani-raag-small_00000103,0.83992182048488
india_u012,neerajaabhyankar_hindustani-raag-small_00000022,1.9147879667025256
india_u012,neerajaabhyankar_hindustani-raag-small_00000125,0.8302084254506271
india_u012,neerajaabhyankar_hindustani-raag-small_00000136,2.1505824088196244
india_u012,neerajaabhyankar_hindustani-raag-small_00000149,1.4683405430282979
india_u012,neerajaabhyankar_hindustani-raag-small_00000106,1.1552573768978192
india_u012,neerajaabhyankar_hindustani-raag-small_00000029,0.8458689829014825
india_u012,bilal63_turkish_music_emotion_dataset_00000043,0.4659422690416563
india_u012,bilal63_turkish_music_emotion_dataset_00000111,0.7847284387421944
india_u012,bilal63_turkish_music_emotion_dataset_00000135,1.683927085429771
india_u012,bilal63_turkish_music_emotion_dataset_00000005,1.5263039595675072
india_u012,bilal63_turkish_music_emotion_dataset_00000122,1.7592215054634714
india_u012,bilal63_turkish_music_emotion_dataset_00000088,0.5860280535138537
india_u012,bilal63_turkish_music_emotion_dataset_00000158,1.2494413037326537
india_u012,bilal63_turkish_music_emotion_dataset_00000130,0.7971531399415485
india_u012,sanchit-gandhi_gtzan_00000034,1.18297130279275
india_u012,sanchit-gandhi_gtzan_00000024,0.8826140955106644
india_u012,sanchit-gandhi_gtzan_00000057,0.8326784928285326
india_u012,sanchit-gandhi_gtzan_00000054,1.2246911577332065
india_u012,sanchit-gandhi_gtzan_00000064,0.6974795185238795
india_u012,sanchit-gandhi_gtzan_00000036,1.0833301399123578
india_u012,sanchit-gandhi_gtzan_00000039,1.328596557809447
india_u012,sanchit-gandhi_gtzan_00000046,0.6230457987967855
india_u013,neerajaabhyankar_hindustani-raag-small_00000151,1.0555954407927028
india_u013,neerajaabhyankar_hindustani-raag-small_00000042,1.7979292953122907
india_u013,neerajaabhyankar_hindustani-raag-small_00000101,2.2105547557880887
india_u013,neerajaabhyankar_hindustani-raag-small_00000089,0.7329407142892314
india_u013,neerajaabhyankar_hindustani-raag-small_00000103,1.1376305574561514
india_u013,neerajaabhyankar_hindustani-raag-small_00000113,0.9798096579212497
india_u013,neerajaabhyankar_hindustani-raag-small_00000069,1.25335648184115
india_u013,neerajaabhyankar_hindustani-raag-small_00000092,1.8555238296230574
india_u013,neerajaabhyankar_hindustani-raag-small_00000031,1.3930684529587918
india_u013,neerajaabhyankar_hindustani-raag-small_00000096,1.5595102955574247
india_u013,neerajaabhyankar_hindustani-raag-small_00000015,1.1169171819351404
india_u013,neerajaabhyankar_hindustani-raag-small_00000093,0.8187239857252484
india_u013,neerajaabhyankar_hindustani-raag-small_00000079,1.0354605444175817
india_u013,neerajaabhyankar_hindustani-raag-small_00000025,2.0579485196424274
india_u013,neerajaabhyankar_hindustani-raag-small_00000124,1.6141692597146329
india_u013,neerajaabhyankar_hindustani-raag-small_00000117,1.227030461265228
india_u013,neerajaabhyankar_hindustani-raag-small_00000110,1.9375878184938884
india_u013,neerajaabhyankar_hindustani-raag-small_00000128,0.6861890709847176
india_u013,neerajaabhyankar_hindustani-raag-small_00000010,1.0129621266661153
india_u013,neerajaabhyankar_hindustani-raag-small_00000027,0.9719279407489102
india_u013,neerajaabhyankar_hindustani-raag-small_00000030,2.274753869740183
india_u013,neerajaabhyankar_hindustani-raag-small_00000091,1.7930200546275112
india_u013,neerajaabhyankar_hindustani-raag-small_00000038,1.6406807402702557
india_u013,neerajaabhyankar_hindustani-raag-small_00000055,0.5835990651329657
india_u013,ccmusic-database_erhu_playing_tech_00000131,0.6988185028213074
india_u013,ccmusic-database_erhu_playing_tech_00000116,1.3079807455136558
india_u013,ccmusic-database_erhu_playing_tech_00000097,0.9626210907502487
india_u013,ccmusic-database_erhu_playing_tech_00000130,1.6977785179667322
india_u013,ccmusic-database_erhu_playing_tech_00000095,1.4823776958413732
india_u013,ccmusic-database_erhu_playing_tech_00000101,1.053968498285562
india_u013,ccmusic-database_erhu_playing_tech_00000150,1.4618452196766651
india_u013,ccmusic-database_erhu_playing_tech_00000015,1.7667958371653991
india_u013,sanchit-gandhi_gtzan_00000106,1.0723241133469852
india_u013,sanchit-gandhi_gtzan_00000134,1.31740994864952
india_u013,sanchit-gandhi_gtzan_00000144,1.6901972303327486
india_u013,sanchit-gandhi_gtzan_00000104,0.7857107937488339
india_u013,sanchit-gandhi_gtzan_00000118,1.6468531834494757
india_u013,sanchit-gandhi_gtzan_00000131,0.5816853541435266
india_u013,sanchit-gandhi_gtzan_00000145,1.325405030293323
india_u013,sanchit-gandhi_gtzan_00000129,1.506831509325309
india_u014,neerajaabhyankar_hindustani-raag-small_00000064,1.377987495116624
india_u014,neerajaabhyankar_hindustani-raag-small_00000135,0.6568917830720877
india_u014,neerajaabhyankar_hindustani-raag-small_00000145,0.7191445054561248
india_u014,neerajaabhyankar_hindustani-raag-small_00000011,1.2482263445572919
india_u014,neerajaabhyankar_hindustani-raag-small_00000058,1.0195102324459202
india_u014,neerajaabhyankar_hindustani-raag-small_00000070,0.8681475200978411
india_u014,neerajaabhyankar_hindustani-raag-small_00000088,2.2192765110274184
india_u014,neerajaabhyankar_hindustani-raag-small_00000039,0.9120987900083237
india_u014,neerajaabhyankar_hindustani-raag-small_00000119,2.2299292447437735
india_u014,neerajaabhyankar_hindustani-raag-small_00000066,1.8874469995540821
india_u014,neerajaabhyankar_hindustani-raag-small_00000031,1.6806312844160105
india_u014,neerajaabhyankar_hindustani-raag-small_00000120,1.7411327061541775
india_u014,neerajaabhyankar_hindustani-raag-small_00000033,1.1467932083119887
india_u014,neerajaabhyankar_hindustani-raag-small_00000025,1.6900866406505368
india_u014,neerajaabhyankar_hindustani-raag-small_00000020,0.8970439040351826
india_u014,neerajaabhyankar_hindustani-raag-small_00000049,2.1925418711245643
india_u014,neerajaabhyankar_hindustani-raag-small_00000118,1.0955935114320239
india_u014,neerajaabhyankar_hindustani-raag-small_00000021,1.01519673370636
india_u014,neerajaabhyankar_hindustani-raag-small_00000073,1.8017558268849214
india_u014,neerajaabhyankar_hindustani-raag-small_00000068,1.7073740386641636
india_u014,neerajaabhyankar_hindustani-raag-small_00000065,1.3534906341422015
india_u014,neerajaabhyankar_hindustani-raag-small_00000086,1.6659697548416064
india_u014,neerajaabhyankar_hindustani-raag-small_00000027,0.8501255487874767
india_u014,neerajaabhyankar_hindustani-raag-small_00000037,1.7364913302683722
india_u014,bilal63_turkish_music_emotion_dataset_00000018,0.8153244385135118
india_u014,bilal63_turkish_music_emotion_dataset_00000093,0.8183285685132174
india_u014,bilal63_turkish_music_emotion_dataset_00000119,0.6689429121741092
india_u014,bilal63_turkish_music_emotion_dataset_00000037,0.8987091322988222
india_u014,bilal63_turkish_music_emotion_dataset_00000039,0.897188931420293
india_u014,bilal63_turkish_music_emotion_dataset_00000034,1.0631416657980635
india_u014,bilal63_turkish_music_emotion_dataset_00000041,0.7070663312995719
india_u014,bilal63_turkish_music_emotion_dataset_00000035,0.7105601738143345
india_u014,sanchit-gandhi_gtzan_00000131,1.1813470717453582
india_u014,sanchit-gandhi_gtzan_00000124,0.6239844963051415
india_u014,sanchit-gandhi_gtzan_00000123,1.3800109607849274
india_u014,sanchit-gandhi_gtzan_00000141,1.7243286199145054
india_u014,sanchit-gandhi_gtzan_00000110,1.0261740892469107
india_u014,sanchit-gandhi_gtzan_00000146,1.6664921727534137
india_u014,sanchit-gandhi_gtzan_00000125,0.582727398019917
india_u014,sanchit-gandhi_gtzan_00000154,0.5079927969571202
india_u015,neerajaabhyankar_hindustani-raag-small_00000063,0.6443132127841112
india_u015,neerajaabhyankar_hindustani-raag-small_00000151,2.0705846614776307
india_u015,neerajaabhyankar_hindustani-raag-small_00000005,1.2040700509034237
india_u015,neerajaabhyankar_hindustani-raag-small_00000010,0.582527247112884
india_u015,neerajaabhyankar_hindustani-raag-small_00000054,1.4499789562924152
india_u015,neerajaabhyankar_hindustani-raag-small_00000157,2.191350876511555
india_u015,neerajaabhyankar_hindustani-raag-small_00000159,1.018895435411346
india_u015,neerajaabhyankar_hindustani-raag-small_00000009,1.4228602235161487
india_u015,neerajaabhyankar_hindustani-raag-small_00000025,0.8747651314246239
india_u015,neerajaabhyankar_hindustani-raag-small_00000088,0.6745198586246092
india_u015,neerajaabhyankar_hindustani-raag-small_00000069,0.7139400330801202
india_u015,neerajaabhyankar_hindustani-raag-small_00000078,1.8290938127833378
india_u015,neerajaabhyankar_hindustani-raag-small_00000044,2.065528462030207
india_u015,neerajaabhyankar_hindustani-raag-small_00000150,0.822190497710547
india_u015,neerajaabhyankar_hindustani-raag-small_00000008,1.0723495294730585
india_u015,neerajaabhyankar_hindustani-raag-small_00000002,0.9114258316873272
india_u015,neerajaabhyankar_hindustani-raag-small_00000117,0.6213262151980882
india_u015,neerajaabhyankar_hindustani-raag-small_00000104,1.5296691130550466
india_u015,neerajaabhyankar_hindustani-raag-small_00000100,1.782365743487442
india_u015,neerajaabhyankar_hindustani-raag-small_00000116,1.6925886545267463
india_u015,neerajaabhyankar_hindustani-raag-small_00000111,1.244392369096377
india_u015,neerajaabhyankar_hindustani-raag-small_00000128,1.5323926742463367
india_u015,neerajaabhyankar_hindustani-raag-small_00000139,0.7373213039474874
india_u015,neerajaabhyankar_hindustani-raag-small_00000041,0.8411739147966305
india_u015,ccmusic-database_erhu_playing_tech_00000048,1.7079227363965277
india_u015,ccmusic-database_erhu_playing_tech_00000018,1.4780354595568608
india_u015,ccmusic-database_erhu_playing_tech_00000120,1.695697779363976
india_u015,ccmusic-database_erhu_playing_tech_00000150,1.687518384074146
india_u015,ccmusic-database_erhu_playing_tech_00000153,1.32668003309545
india_u015,ccmusic-database_erhu_playing_tech_00000022,1.703122174951423
india_u015,ccmusic-database_erhu_playing_tech_00000152,1.0125505391613254
india_u015,ccmusic-database_erhu_playing_tech_00000071,0.45488193045967035
india_u015,sanchit-gandhi_gtzan_00000098,0.5344710063923152
india_u015,sanchit-gandhi_gtzan_00000006,0.5978078896961005
india_u015,sanchit-gandhi_gtzan_00000029,0.5787271617968613
india_u015,sanchit-gandhi_gtzan_00000051,0.9247982276478556
india_u015,sanchit-gandhi_gtzan_00000007,1.3967155895976329
india_u015,sanchit-gandhi_gtzan_00000017,1.5173758889106683
india_u015,sanchit-gandhi_gtzan_00000077,1.2467879203652434
india_u015,sanchit-gandhi_gtzan_00000059,0.6476888356519224
india_u016,neerajaabhyankar_hindustani-raag-small_00000074,1.9619020014537913
india_u016,neerajaabhyankar_hindustani-raag-small_00000105,0.749975462723876
india_u016,neerajaabhyankar_hindustani-raag-small_00000021,1.1075911426676834
india_u016,neerajaabhyankar_hindustani-raag-small_00000040,1.5501710435835272
india_u016,neerajaabhyankar_hindustani-raag-small_00000113,0.6491320917409005
india_u016,neerajaabhyankar_hindustani-raag-small_00000122,0.7118216510879981
india_u016,neerajaabhyankar_hindustani-raag-small_00000120,1.775800716882447
india_u016,neerajaabhyankar_hindustani-raag-small_00000126,0.698815485529826
india_u016,neerajaabhyankar_hindustani-raag-small_00000154,1.3979679442767246
india_u016,neerajaabhyankar_hindustani-raag-small_00000034,1.1592499676507941
india_u016,neerajaabhyankar_hindustani-raag-small_00000005,0.9684369787248184
india_u016,neerajaabhyankar_hindustani-raag-small_00000010,0.9006435988148228
india_u016,neerajaabhyankar_hindustani-raag-small_00000028,1.8918844816886995
india_u016,neerajaabhyankar_hindustani-raag-small_00000039,2.216410283184237
india_u016,neerajaabhyankar_hindustani-raag-small_00000106,0.8168100553007471
india_u016,neerajaabhyankar_hindustani-raag-small_00000084,2.230450103075369
india_u016,neerajaabhyankar_hindustani-raag-small_00000048,1.6009653184945538
india_u016,neerajaabhyankar_hindustani-raag-small_00000115,1.6818641992516183
india_u016,neerajaabhyankar_hindustani-raag-small_00000121,1.7996230022959534
india_u016,neerajaabhyankar_hindustani-raag-small_00000001,1.7896050858616521
india_u016,neerajaabhyankar_hindustani-raag-small_00000079,1.989174161620312
india_u016,neerajaabhyankar_hindustani-raag-small_00000031,1.408983423574778
india_u016,neerajaabhyankar_hindustani-raag-small_00000043,1.4950435634628594
india_u016,neerajaabhyankar_hindustani-raag-small_00000047,1.1336015792493923
india_u016,bilal63_turkish_music_emotion_dataset_00000101,0.592097751607208
india_u016,bilal63_turkish_music_emotion_dataset_00000147,1.3472642577503957
india_u016,bilal63_turkish_music_emotion_dataset_00000112,0.4953734584014387
india_u016,bilal63_turkish_music_emotion_dataset_00000125,0.8221073189625472
india_u016,bilal63_turkish_music_emotion_dataset_00000088,0.5772103170022354
india_u016,bilal63_turkish_music_emotion_dataset_00000146,0.7074816623856693
india_u016,bilal63_turkish_music_emotion_dataset_00000049,1.3122867324114642
india_u016,bilal63_turkish_music_emotion_dataset_00000139,1.2984434507766396
india_u016,sanchit-gandhi_gtzan_00000028,1.0184241325442114
india_u016,sanchit-gandhi_gtzan_00000074,0.5717321682608131
india_u016,sanchit-gandhi_gtzan_00000096,1.0350547872202014
india_u016,sanchit-gandhi_gtzan_00000011,0.9262055770086961
india_u016,sanchit-gandhi_gtzan_00000051,1.4226198563555323
india_u016,sanchit-gandhi_gtzan_00000057,1.2316859210687199
india_u016,sanchit-gandhi_gtzan_00000083,1.1136137859049486
india_u016,sanchit-gandhi_gtzan_00000045,1.1074258111117437
india_u017,neerajaabhyankar_hindustani-raag-small_00000130,1.480051453790161
india_u017,neerajaabhyankar_hindustani-raag-small_00000075,2.098393871511968
india_u017,neerajaabhyankar_hindustani-raag-small_00000009,1.079283441764231
india_u017,neerajaabhyankar_hindustani-raag-small_00000067,1.473329298729566
india_u017,neerajaabhyankar_hindustani-raag-small_00000004,1.1617396951126269
india_u017,neerajaabhyankar_hindustani-raag-small_00000051,1.9925585274187707
india_u017,neerajaabhyankar_hindustani-raag-small_00000003,0.8468626104226251
india_u017,neerajaabhyankar_hindustani-raag-small_00000046,0.7535552128348508
india_u017,neerajaabhyankar_hindustani-raag-small_00000032,1.442666811834863
india_u017,neerajaabhyankar_hindustani-raag-small_00000103,1.7340060854454733
india_u017,neerajaabhyankar_hindustani-raag-small_00000038,1.947280971881572
india_u017,neerajaabhyankar_hindustani-raag-small_00000120,1.5921028712616707
india_u017,neerajaabhyankar_hindustani-raag-small_00000018,1.909890838275276
india_u017,neerajaabhyankar_hindustani-raag-small_00000143,1.2524248510175935
india_u017,neerajaabhyankar_hindustani-raag-small_00000066,0.631696731209659
india_u017,neerajaabhyankar_hindustani-raag-small_00000136,0.775271306130185
india_u017,neerajaabhyankar_hindustani-raag-small_00000145,0.6417964871200182
india_u017,neerajaabhyankar_hindustani-raag-small_00000109,1.1424277970719496
india_u017,neerajaabhyankar_hindustani-raag-small_00000012,1.429722563688477
india_u017,neerajaabhyankar_hindustani-raag-small_00000007,1.1896476593082204
india_u017,neerajaabhyankar_hindustani-raag-small_00000069,1.5420340944895263
india_u017,neerajaabhyankar_hindustani-raag-small_00000132,1.4040507811500587
india_u017,neerajaabhyankar_hindustani-raag-small_00000019,1.7444513332152969
india_u017,neerajaabhyankar_hindustani-raag-small_00000150,1.7255097321468755
india_u017,sanchit-gandhi_gtzan_00000041,0.8793865985967173
india_u017,sanchit-gandhi_gtzan_00000076,0.9173895147374734
india_u017,sanchit-gandhi_gtzan_00000001,1.2399495592157594
india_u017,sanchit-gandhi_gtzan_00000079,1.2551838316526365
india_u017,sanchit-gandhi_gtzan_00000055,0.8748448834101298
india_u017,sanchit-gandhi_gtzan_00000013,0.895929145796824
india_u017,sanchit-gandhi_gtzan_00000091,1.3869607678012985
india_u017,sanchit-gandhi_gtzan_00000068,1.324004610882694
india_u017,ccmusic-database_erhu_playing_tech_00000089,0.6323185863176959
india_u017,ccmusic-database_erhu_playing_tech_00000043,1.0454065375617814
india_u017,ccmusic-database_erhu_playing_tech_00000034,1.6551532062592968
india_u017,ccmusic-database_erhu_playing_tech_00000010,0.4990126627410416
india_u017,ccmusic-database_erhu_playing_tech_00000077,1.6044713277536884
india_u017,ccmusic-database_erhu_playing_tech_00000076,0.6702905120365938
india_u017,ccmusic-database_erhu_playing_tech_00000135,1.1347856538233165
india_u017,ccmusic-database_erhu_playing_tech_00000149,1.0228541790460655
india_u018,neerajaabhyankar_hindustani-raag-small_00000157,1.6445544111776316
india_u018,neerajaabhyankar_hindustani-raag-small_00000147,1.9322070782388274
india_u018,neerajaabhyankar_hindustani-raag-small_00000105,0.6738475965824076
india_u018,neerajaabhyankar_hindustani-raag-small_00000126,2.0417393568930375
india_u018,neerajaabhyankar_hindustani-raag-small_00000149,2.0598242737966923
india_u018,neerajaabhyankar_hindustani-raag-small_00000158,1.1654141531468392
india_u018,neerajaabhyankar_hindustani-raag-small_00000099,1.7117820137988056
india_u018,neerajaabhyankar_hindustani-raag-small_00000135,1.2695074796884505
india_u018,neerajaabhyankar_hindustani-raag-small_00000078,0.8409792717771144
india_u018,neerajaabhyankar_hindustani-raag-small_00000020,1.4869426720213654
india_u018,neerajaabhyankar_hindustani-raag-small_00000136,0.7239704385152541
india_u018,neerajaabhyankar_hindustani-raag-small_00000030,2.090364468058079
india_u018,neerajaabhyankar_hindustani-raag-small_00000145,2.169399834981575
india_u018,neerajaabhyankar_hindustani-raag-small_00000159,1.992282661344671
india_u018,neerajaabhyankar_hindustani-raag-small_00000090,1.545361008304063
india_u018,neerajaabhyankar_hindustani-raag-small_00000070,1.5368575696914097
india_u018,neerajaabhyankar_hindustani-raag-small_00000085,2.273447724636604
india_u018,neerajaabhyankar_hindustani-raag-small_00000041,1.0026304149587904
india_u018,neerajaabhyankar_hindustani-raag-small_00000083,0.706010931186483
india_u018,neerajaabhyankar_hindustani-raag-small_00000143,1.5443480932120315
india_u018,neerajaabhyankar_hindustani-raag-small_00000073,1.1421551562224281
india_u018,neerajaabhyankar_hindustani-raag-small_00000155,1.1310343830938763
india_u018,neerajaabhyankar_hindustani-raag-small_00000004,0.5872222359431604
india_u018,neerajaabhyankar_hindustani-raag-small_00000063,1.6035129814701843
india_u018,bilal63_turkish_music_emotion_dataset_00000068,0.806445498072079
india_u018,bilal63_turkish_music_emotion_dataset_00000010,0.7036090400601194
india_u018,bilal63_turkish_music_emotion_dataset_00000081,0.504583107380555
india_u018,bilal63_turkish_music_emotion_dataset_00000144,0.9418881282420752
india_u018,bilal63_turkish_music_emotion_dataset_00000129,1.6366079777217175
india_u018,bilal63_turkish_music_emotion_dataset_00000082,0.9045055902564527
india_u018,bilal63_turkish_music_emotion_dataset_00000078,1.3667501836614515
india_u018,bilal63_turkish_music_emotion_dataset_00000007,1.471338400592575
india_u018,ccmusic-database_erhu_playing_tech_00000112,0.8929360924067694
india_u018,ccmusic-database_erhu_playing_tech_00000104,1.5592149922662557
india_u018,ccmusic-database_erhu_playing_tech_00000021,1.3840375405503813
india_u018,ccmusic-database_erhu_playing_tech_00000077,1.2049770087462846
india_u018,ccmusic-database_erhu_playing_tech_00000133,0.451339826468349
india_u018,ccmusic-database_erhu_playing_tech_00000158,0.497372533995791
india_u018,ccmusic-database_erhu_playing_tech_00000015,1.7876688895431856
india_u018,ccmusic-database_erhu_playing_tech_00000123,1.506083296729805
india_u019,neerajaabhyankar_hindustani-raag-small_00000004,1.8119232671099392
india_u019,neerajaabhyankar_hindustani-raag-small_00000027,1.883066712474774
india_u019,neerajaabhyankar_hindustani-raag-small_00000014,1.2512732467117018
india_u019,neerajaabhyankar_hindustani-raag-small_00000043,2.048499324048861
india_u019,neerajaabhyankar_hindustani-raag-small_00000049,1.2891975791783248
india_u019,neerajaabhyankar_hindustani-raag-small_00000124,1.559128288831145
india_u019,neerajaabhyankar_hindustani-raag-small_00000047,0.5761079738822821
india_u019,neerajaabhyankar_hindustani-raag-small_00000002,1.6874061228193122
india_u019,neerajaabhyankar_hindustani-raag-small_00000057,1.8138532414206907
india_u019,neerajaabhyankar_hindustani-raag-small_00000000,1.5532636554681665
india_u019,neerajaabhyankar_hindustani-raag-small_00000011,1.4315639594002374
india_u019,neerajaabhyankar_hindustani-raag-small_00000010,1.9721404171526966
india_u019,neerajaabhyankar_hindustani-raag-small_00000114,1.750367937110042
india_u019,neerajaabhyankar_hindustani-raag-small_00000112,1.0546777185170395
india_u019,neerajaabhyankar_hindustani-raag-small_00000036,2.2294015081879754
india_u019,neerajaabhyankar_hindustani-raag-small_00000064,1.7950359099869628
india_u019,neerajaabhyankar_hindustani-raag-small_00000061,2.2791946523739326
india_u019,neerajaabhyankar_hindustani-raag-small_00000110,2.250425770563798
india_u019,neerajaabhyankar_hindustani-raag-small_00000068,2.160119271847405
india_u019,neerajaabhyankar_hindustani-raag-small_00000051,1.8780159086136554
india_u019,neerajaabhyankar_hindustani-raag-small_00000115,1.6262656606572685
india_u019,neerajaabhyankar_hindustani-raag-small_00000122,0.8719943948530443
india_u019,neerajaabhyankar_hindustani-raag-small_00000076,1.512281195055982
india_u019,neerajaabhyankar_hindustani-raag-small_00000096,1.8952745011302146
india_u019,ccmusic-database_erhu_playing_tech_00000012,1.1531571642525167
india_u019,ccmusic-database_erhu_playing_tech_00000087,1.6221228233476381
india_u019,ccmusic-database_erhu_playing_tech_00000067,0.5980354639087927
india_u019,ccmusic-database_erhu_playing_tech_00000109,0.964269469865656
india_u019,ccmusic-database_erhu_playing_tech_00000089,1.1330519651014375
india_u019,ccmusic-database_erhu_playing_tech_00000131,1.033639149423296
india_u019,ccmusic-database_erhu_playing_tech_00000052,0.5965918395590967
india_u019,ccmusic-database_erhu_playing_tech_00000142,0.6572631969602513
india_u019,sanchit-gandhi_gtzan_00000157,1.5807833453549076
india_u019,sanchit-gandhi_gtzan_00000127,1.103918749921959
india_u019,sanchit-gandhi_gtzan_00000156,0.5157752761161823
india_u019,sanchit-gandhi_gtzan_00000111,0.47226319961982743
india_u019,sanchit-gandhi_gtzan_00000133,1.0891917926923411
india_u019,sanchit-gandhi_gtzan_00000159,0.6719112799979989
india_u019,sanchit-gandhi_gtzan_00000116,1.4019200270989496
india_u019,sanchit-gandhi_gtzan_00000100,1.5236866744124642
india_u020,neerajaabhyankar_hindustani-raag-small_00000033,1.9896806847518789
india_u020,neerajaabhyankar_hindustani-raag-small_00000074,1.0177659139452389
india_u020,neerajaabhyankar_hindustani-raag-small_00000112,1.860610021966637
india_u020,neerajaabhyankar_hindustani-raag-small_00000099,0.7021533192175993
india_u020,neerajaabhyankar_hindustani-raag-small_00000072,1.8958999604634796
india_u020,neerajaabhyankar_hindustani-raag-small_00000064,1.941240093881358
india_u020,neerajaabhyankar_hindustani-raag-small_00000032,1.2679303877417814
india_u020,neerajaabhyankar_hindustani-raag-small_00000105,1.8212742449638863
india_u020,neerajaabhyankar_hindustani-raag-small_00000025,2.153613746460296
india_u020,neerajaabhyankar_hindustani-raag-small_00000039,1.956229879381559
india_u020,neerajaabhyankar_hindustani-raag-small_00000018,1.2485202304347556
india_u020,neerajaabhyankar_hindustani-raag-small_00000145,1.410268312133111
india_u020,neerajaabhyankar_hindustani-raag-small_00000081,1.9193917647555143
india_u020,neerajaabhyankar_hindustani-raag-small_00000049,1.079725667489738
india_u020,neerajaabhyankar_hindustani-raag-small_00000042,1.9616977270328066
india_u020,neerajaabhyankar_hindustani-raag-small_00000078,1.1409227209176234
india_u020,neerajaabhyankar_hindustani-raag-small_00000021,1.965333754615053
india_u020,neerajaabhyankar_hindustani-raag-small_00000127,0.7247307647799976
india_u020,neerajaabhyankar_hindustani-raag-small_00000048,0.6515853371707679
india_u020,neerajaabhyankar_hindustani-raag-small_00000066,2.2959901467129433
india_u020,neerajaabhyankar_hindustani-raag-small_00000020,2.0748135375798387
india_u020,neerajaabhyankar_hindustani-raag-small_00000152,2.0979119434792017
india_u020,neerajaabhyankar_hindustani-raag-small_00000130,2.215957909621415
india_u020,neerajaabhyankar_hindustani-raag-small_00000156,1.3310956337399915
india_u020,bilal63_turkish_music_emotion_dataset_00000141,0.8372279988182055
india_u020,bilal63_turkish_music_emotion_dataset_00000155,0.6255337432741691
india_u020,bilal63_turkish_music_emotion_dataset_00000077,1.1266323302769272
india_u020,bilal63_turkish_music_emotion_dataset_00000092,0.7470652326434206
india_u020,bilal63_turkish_music_emotion_dataset_00000046,1.7129936565980817
india_u020,bilal63_turkish_music_emotion_dataset_00000139,0.45540426929775174
india_u020,bilal63_turkish_music_emotion_dataset_00000029,0.6433155959532142
india_u020,bilal63_turkish_music_emotion_dataset_00000011,0.7827424016626262
india_u020,ccmusic-database_erhu_playing_tech_00000157,0.7185915606508134
india_u020,ccmusic-database_erhu_playing_tech_00000128,0.754800889382609
india_u020,ccmusic-database_erhu_playing_tech_00000028,1.3356642668325909
india_u020,ccmusic-database_erhu_playing_tech_00000119,0.8921413057227514
india_u020,ccmusic-database_erhu_playing_tech_00000034,1.2802829155695539
india_u020,ccmusic-database_erhu_playing_tech_00000037,1.6518482104224934
india_u020,ccmusic-database_erhu_playing_tech_00000022,1.2634516334596977
india_u020,ccmusic-database_erhu_playing_tech_00000047,1.387619268236615
india_u021,neerajaabhyankar_hindustani-raag-small_00000124,0.8484643002310657
india_u021,neerajaabhyankar_hindustani-raag-small_00000137,1.294416223858355
india_u021,neerajaabhyankar_hindustani-raag-small_00000119,2.0920803258925367
india_u021,neerajaabhyankar_hindustani-raag-small_00000071,0.6738265380959431
india_u021,neerajaabhyankar_hindustani-raag-small_00000144,0.9418638691610527
india_u021,neerajaabhyankar_hindustani-raag-small_00000102,2.1418962903092535
india_u021,neerajaabhyankar_hindustani-raag-small_00000100,2.110275312925865
india_u021,neerajaabhyankar_hindustani-raag-small_00000116,1.7470526874354986
india_u021,neerajaabhyankar_hindustani-raag-small_00000147,0.9898168808142854
india_u021,neerajaabhyankar_hindustani-raag-small_00000085,1.2991732178212303
india_u021,neerajaabhyankar_hindustani-raag-small_00000105,0.9393562154054896
india_u021,neerajaabhyankar_hindustani-raag-small_00000021,0.7968151782409756
india_u021,neerajaabhyankar_hindustani-raag-small_00000039,1.2304972305364628
india_u021,neerajaabhyankar_hindustani-raag-small_00000040,1.5682922687463539
india_u021,neerajaabhyankar_hindustani-raag-small_00000035,1.195883865176789
india_u021,neerajaabhyankar_hindustani-raag-small_00000088,1.6286723495537976
india_u021,neerajaabhyankar_hindustani-raag-small_00000060,1.0860394185293019
india_u021,neerajaabhyankar_hindustani-raag-small_00000066,1.1715921603873631
india_u021,neerajaabhyankar_hindustani-raag-small_00000106,1.9389119455869512
india_u021,neerajaabhyankar_hindustani-raag-small_00000032,2.090092910791905
india_u021,neerajaabhyankar_hindustani-raag-small_00000051,1.1305087906410647
india_u021,neerajaabhyankar_hindustani-raag-small_00000044,1.5608647573206014
india_u021,neerajaabhyankar_hindustani-raag-small_00000022,1.0548299397141623
india_u021,neerajaabhyankar_hindustani-raag-small_00000135,0.6670022569453123
india_u021,bilal63_turkish_music_emotion_dataset_00000017,1.446107194836551
india_u021,bilal63_turkish_music_emotion_dataset_00000127,0.680854702368803
india_u021,bilal63_turkish_music_emotion_dataset_00000103,1.0247119070583381
india_u021,bilal63_turkish_music_emotion_dataset_00000109,1.1075114160618618
india_u021,bilal63_turkish_music_emotion_dataset_00000069,0.6990366386417931
india_u021,bilal63_turkish_music_emotion_dataset_00000004,0.577649723395585
india_u021,bilal63_turkish_music_emotion_dataset_00000008,0.9198175698059454
india_u021,bilal63_turkish_music_emotion_dataset_00000027,1.73558597519293
india_u021,ccmusic-database_erhu_playing_tech_00000046,1.2804330464843692
india_u021,ccmusic-database_erhu_playing_tech_00000037,0.9649038083439183
india_u021,ccmusic-database_erhu_playing_tech_00000145,0.5025296080451902
india_u021,ccmusic-database_erhu_playing_tech_00000148,1.2603689298779606
india_u021,ccmusic-database_erhu_playing_tech_00000033,0.574547815262753
india_u021,ccmusic-database_erhu_playing_tech_00000066,1.1824344959141606
india_u021,ccmusic-database_erhu_playing_tech_00000118,1.465133186166853
india_u021,ccmusic-database_erhu_playing_tech_00000133,1.0218402201979615
india_u022,neerajaabhyankar_hindustani-raag-small_00000084,1.8251699768284786
india_u022,neerajaabhyankar_hindustani-raag-small_00000035,1.947746383289164
india_u022,neerajaabhyankar_hindustani-raag-small_00000006,1.3360967454546324
india_u022,neerajaabhyankar_hindustani-raag-small_00000066,0.939309167050125
india_u022,neerajaabhyankar_hindustani-raag-small_00000003,0.9009566627789596
india_u022,neerajaabhyankar_hindustani-raag-small_00000128,2.0524556015552458
india_u022,neerajaabhyankar_hindustani-raag-small_00000105,1.4560549396411877
india_u022,neerajaabhyankar_hindustani-raag-small_00000126,0.73048629401601
india_u022,neerajaabhyankar_hindustani-raag-small_00000156,1.8118585905159827
india_u022,neerajaabhyankar_hindustani-raag-small_00000012,1.0065450660886759
india_u022,neerajaabhyankar_hindustani-raag-small_00000060,2.0867809450452666
india_u022,neerajaabhyankar_hindustani-raag-small_00000069,1.1090113309017071
india_u022,neerajaabhyankar_hindustani-raag-small_00000009,0.9204671819054969
india_u022,neerajaabhyankar_hindustani-raag-small_00000146,0.7213808151322617
india_u022,neerajaabhyankar_hindustani-raag-small_00000080,1.4573912106999418
india_u022,neerajaabhyankar_hindustani-raag-small_00000101,1.3525223389865455
india_u022,neerajaabhyankar_hindustani-raag-small_00000061,1.8710134494404214
india_u022,neerajaabhyankar_hindustani-raag-small_00000141,1.3764394629079875
india_u022,neerajaabhyankar_hindustani-raag-small_00000051,1.16808254639454
india_u022,neerajaabhyankar_hindustani-raag-small_00000151,1.0263547294668285
india_u022,neerajaabhyankar_hindustani-raag-small_00000005,1.0548031359357
india_u022,neerajaabhyankar_hindustani-raag-small_00000037,2.175537630652979
india_u022,neerajaabhyankar_hindustani-raag-small_00000023,0.8597605886014762
india_u022,neerajaabhyankar_hindustani-raag-small_00000153,2.279604332361084
india_u022,ccmusic-database_erhu_playing_tech_00000132,0.8913412645095035
india_u022,ccmusic-database_erhu_playing_tech_00000079,0.5693268178136216
india_u022,ccmusic-database_erhu_playing_tech_00000086,0.7857320140636177
india_u022,ccmusic-database_erhu_playing_tech_00000104,0.5288594123987352
india_u022,ccmusic-database_erhu_playing_tech_00000023,1.5165401883712866
india_u022,ccmusic-database_erhu_playing_tech_00000131,1.1419464319304926
india_u022,ccmusic-database_erhu_playing_tech_00000068,0.9049319354701812
india_u022,ccmusic-database_erhu_playing_tech_00000114,1.3437669662526095
india_u022,sanchit-gandhi_gtzan_00000140,1.3013728100329323
india_u022,sanchit-gandhi_gtzan_00000126,1.718827320457247
india_u022,sanchit-gandhi_gtzan_00000152,1.7477016976103126
india_u022,sanchit-gandhi_gtzan_00000129,1.368923097148297
india_u022,sanchit-gandhi_gtzan_00000105,1.5540515017796275
india_u022,sanchit-gandhi_gtzan_00000134,1.5197738854524911
india_u022,sanchit-gandhi_gtzan_00000112,1.113259769144865
india_u022,sanchit-gandhi_gtzan_00000157,1.4010186888451128
india_u023,neerajaabhyankar_hindustani-raag-small_00000136,1.0576997092310079
india_u023,neerajaabhyankar_hindustani-raag-small_00000033,1.758057522151096
india_u023,neerajaabhyankar_hindustani-raag-small_00000134,2.0256292060903944
india_u023,neerajaabhyankar_hindustani-raag-small_00000053,1.9006918122332361
india_u023,neerajaabhyankar_hindustani-raag-small_00000078,1.6578723652392684
india_u023,neerajaabhyankar_hindustani-raag-small_00000081,1.5036447788494476
india_u023,neerajaabhyankar_hindustani-raag-small_00000029,0.6286202105138523
india_u023,neerajaabhyankar_hindustani-raag-small_00000098,1.8220611477435638
india_u023,neerajaabhyankar_hindustani-raag-small_00000061,1.515095570772908
india_u023,neerajaabhyankar_hindustani-raag-small_00000093,1.0420283123952048
india_u023,neerajaabhyankar_hindustani-raag-small_00000120,1.1405275170221867
india_u023,neerajaabhyankar_hindustani-raag-small_00000145,2.1889217066603037
india_u023,neerajaabhyankar_hindustani-raag-small_00000147,1.6520248728272164
india_u023,neerajaabhyankar_hindustani-raag-small_00000055,1.3959489497842361
india_u023,neerajaabhyankar_hindustani-raag-small_00000040,1.6460900009970032
india_u023,neerajaabhyankar_hindustani-raag-small_00000104,1.288705510600258
india_u023,neerajaabhyankar_hindustani-raag-small_00000014,1.386064421275203
india_u023,neerajaabhyankar_hindustani-raag-small_00000103,1.0757834678207314
india_u023,neerajaabhyankar_hindustani-raag-small_00000019,1.3337469435205869
india_u023,neerajaabhyankar_hindustani-raag-small_00000111,1.7576466009553955
india_u023,neerajaabhyankar_hindustani-raag-small_00000070,0.6438998207741593
india_u023,neerajaabhyankar_hindustani-raag-small_00000141,1.946422277585867
india_u023,neerajaabhyankar_hindustani-raag-small_00000012,1.0631397079857645
india_u023,neerajaabhyankar_hindustani-raag-small_00000110,1.752415643671062
india_u023,bilal63_turkish_music_emotion_dataset_00000031,1.317679174818081
india_u023,bilal63_turkish_music_emotion_dataset_00000027,1.3310478663407623
india_u023,bilal63_turkish_music_emotion_dataset_00000008,1.270974036945334
india_u023,bilal63_turkish_music_emotion_dataset_00000048,1.744787481393872
india_u023,bilal63_turkish_music_emotion_dataset_00000043,1.1362646196387778
india_u023,bilal63_turkish_music_emotion_dataset_00000003,1.4386308059457245
india_u023,bilal63_turkish_music_emotion_dataset_00000079,1.4023565971666798
india_u023,bilal63_turkish_music_emotion_dataset_00000011,0.7689612293257461
india_u023,ccmusic-database_erhu_playing_tech_00000139,0.8324628829022146
india_u023,ccmusic-database_erhu_playing_tech_00000021,1.0224230825119065
india_u023,ccmusic-database_erhu_playing_tech_00000088,0.8248922061253324
india_u023,ccmusic-database_erhu_playing_tech_00000090,0.9451031835554455
india_u023,ccmusic-database_erhu_playing_tech_00000145,0.977796828803213
india_u023,ccmusic-database_erhu_playing_tech_00000131,1.2652171572667643
india_u023,ccmusic-database_erhu_playing_tech_00000039,0.7468515576923332
india_u023,ccmusic-database_erhu_playing_tech_00000122,1.535794018933528
turkey_u000,bilal63_turkish_music_emotion_dataset_00000115,1.265114809820836
turkey_u000,bilal63_turkish_music_emotion_dataset_00000040,0.8052803155334434
turkey_u000,bilal63_turkish_music_emotion_dataset_00000032,0.906741719475564
turkey_u000,bilal63_turkish_music_emotion_dataset_00000004,0.8222788711114538
turkey_u000,bilal63_turkish_music_emotion_dataset_00000050,1.9727525635895862
turkey_u000,bilal63_turkish_music_emotion_dataset_00000025,1.7909067322519048
turkey_u000,bilal63_turkish_music_emotion_dataset_00000001,1.4898451553787193
turkey_u000,bilal63_turkish_music_emotion_dataset_00000049,1.2207845130075594
turkey_u000,bilal63_turkish_music_emotion_dataset_00000142,1.7281526508095046
turkey_u000,bilal63_turkish_music_emotion_dataset_00000097,1.9772617247751876
turkey_u000,bilal63_turkish_music_emotion_dataset_00000092,2.095127297033698
turkey_u000,bilal63_turkish_music_emotion_dataset_00000042,1.5186029936559253
turkey_u000,bilal63_turkish_music_emotion_dataset_00000066,1.989301835138984
turkey_u000,bilal63_turkish_music_emotion_dataset_00000106,1.4570027696368988
turkey_u000,bilal63_turkish_music_emotion_dataset_00000086,1.3935644038491115
turkey_u000,bilal63_turkish_music_emotion_dataset_00000098,2.067869950948123
turkey_u000,bilal63_turkish_music_emotion_dataset_00000157,1.2414950400565454
turkey_u000,bilal63_turkish_music_emotion_dataset_00000083,1.2579493713452112
turkey_u000,bilal63_turkish_music_emotion_dataset_00000060,1.1009720706164803
turkey_u000,bilal63_turkish_music_emotion_dataset_00000074,1.4697604813082137
turkey_u000,bilal63_turkish_music_emotion_dataset_00000002,1.5148663081143197
turkey_u000,bilal63_turkish_music_emotion_dataset_00000000,1.7142954756605382
turkey_u000,bilal63_turkish_music_emotion_dataset_00000128,1.317616484939009
turkey_u000,bilal63_turkish_music_emotion_dataset_00000011,0.9507693284992088
turkey_u000,sanchit-gandhi_gtzan_00000138,1.6202367842587324
turkey_u000,sanchit-gandhi_gtzan_00000156,0.9171011707713195
turkey_u000,sanchit-gandhi_gtzan_00000148,1.6959736167842359
turkey_u000,sanchit-gandhi_gtzan_00000125,0.7299269995857154
turkey_u000,sanchit-gandhi_gtzan_00000102,1.2060775929189111
turkey_u000,sanchit-gandhi_gtzan_00000124,1.1744303762647608
turkey_u000,sanchit-gandhi_gtzan_00000113,1.5686745947014435
turkey_u000,sanchit-gandhi_gtzan_00000116,0.6374493721136202
turkey_u000,ccmusic-database_erhu_playing_tech_00000078,1.6784151834385728
turkey_u000,ccmusic-database_erhu_playing_tech_00000038,1.1674280324322948
turkey_u000,ccmusic-database_erhu_playing_tech_00000131,1.2412476682843947
turkey_u000,ccmusic-database_erhu_playing_tech_00000022,1.1387244959519855
turkey_u000,ccmusic-database_erhu_playing_tech_00000113,0.4986336242289598
turkey_u000,ccmusic-database_erhu_playing_tech_00000082,1.1210723934389075
turkey_u000,ccmusic-database_erhu_playing_tech_00000076,0.8057920446139373
turkey_u000,ccmusic-database_erhu_playing_tech_00000104,0.9126290435100723
turkey_u001,bilal63_turkish_music_emotion_dataset_00000131,0.8154604858837056
turkey_u001,bilal63_turkish_music_emotion_dataset_00000137,1.426260172141549
turkey_u001,bilal63_turkish_music_emotion_dataset_00000050,1.6993817738243155
turkey_u001,bilal63_turkish_music_emotion_dataset_00000010,0.7256611809988264
turkey_u001,bilal63_turkish_music_emotion_dataset_00000018,1.335757126234863
turkey_u001,bilal63_turkish_music_emotion_dataset_00000114,1.577651114422032
turkey_u001,bilal63_turkish_music_emotion_dataset_00000046,0.979039291464081
turkey_u001,bilal63_turkish_music_emotion_dataset_00000135,1.2168352598651437
turkey_u001,bilal63_turkish_music_emotion_dataset_00000026,0.6989151502904749
turkey_u001,bilal63_turkish_music_emotion_dataset_00000047,0.9547261134020887
turkey_u001,bilal63_turkish_music_emotion_dataset_00000048,1.3801487972101714
turkey_u001,bilal63_turkish_music_emotion_dataset_00000123,2.2835127586461805
turkey_u001,bilal63_turkish_music_emotion_dataset_00000012,2.293557233570005
turkey_u001,bilal63_turkish_music_emotion_dataset_00000027,2.2648473999393963
turkey_u001,bilal63_turkish_music_emotion_dataset_00000068,1.304824016368065
turkey_u001,bilal63_turkish_music_emotion_dataset_00000032,0.7141736527652971
turkey_u001,bilal63_turkish_music_emotion_dataset_00000110,1.1331641792551002
turkey_u001,bilal63_turkish_music_emotion_dataset_00000148,0.9850572975149356
turkey_u001,bilal63_turkish_music_emotion_dataset_00000133,0.5993683417194992
turkey_u001,bilal63_turkish_music_emotion_dataset_00000014,0.7392779777474475
turkey_u001,bilal63_turkish_music_emotion_dataset_00000031,1.356756087959639
turkey_u001,bilal63_turkish_music_emotion_dataset_00000157,1.1609177500624124
turkey_u001,bilal63_turkish_music_emotion_dataset_00000118,0.8861101698194832
turkey_u001,bilal63_turkish_music_emotion_dataset_00000089,1.8102724493863387
turkey_u001,neerajaabhyankar_hindustani-raag-small_00000153,0.932106054460435
turkey_u001,neerajaabhyankar_hindustani-raag-small_00000054,1.6000216052578349
turkey_u001,neerajaabhyankar_hindustani-raag-small_00000106,0.7753191663552084
turkey_u001,neerajaabhyankar_hindustani-raag-small_00000146,1.1768312116169435
turkey_u001,neerajaabhyankar_hindustani-raag-small_00000019,0.6985879431513964
turkey_u001,neerajaabhyankar_hindustani-raag-small_00000053,1.1186558321208866
turkey_u001,neerajaabhyankar_hindustani-raag-small_00000014,0.6558297871208214
turkey_u001,neerajaabhyankar_hindustani-raag-small_00000042,0.6681311429015546
turkey_u001,ccmusic-database_erhu_playing_tech_00000114,1.2765015590067212
turkey_u001,ccmusic-database_erhu_playing_tech_00000082,0.8061111569372851
turkey_u001,ccmusic-database_erhu_playing_tech_00000147,0.6826957558617339
turkey_u001,ccmusic-database_erhu_playing_tech_00000156,1.7051871376823486
turkey_u001,ccmusic-database_erhu_playing_tech_00000089,0.5080543884990689
turkey_u001,ccmusic-database_erhu_playing_tech_00000021,1.2129499521394478
turkey_u001,ccmusic-database_erhu_playing_tech_00000022,1.1901561864749082
turkey_u001,ccmusic-database_erhu_playing_tech_00000096,0.7883219804441307
turkey_u002,bilal63_turkish_music_emotion_dataset_00000027,1.256574001531009
turkey_u002,bilal63_turkish_music_emotion_dataset_00000100,1.9551346693553853
turkey_u002,bilal63_turkish_music_emotion_dataset_00000157,2.2427642896918525
turkey_u002,bilal63_turkish_music_emotion_dataset_00000066,1.7888102239759291
turkey_u002,bilal63_turkish_music_emotion_dataset_00000075,0.8536750031283091
turkey_u002,bilal63_turkish_music_emotion_dataset_00000132,1.5860862476750306
turkey_u002,bilal63_turkish_music_emotion_dataset_00000142,0.7798905373398728
turkey_u002,bilal63_turkish_music_emotion_dataset_00000108,1.9362700187738977
turkey_u002,bilal63_turkish_music_emotion_dataset_00000102,1.060268674932448
turkey_u002,bilal63_turkish_music_emotion_dataset_00000093,1.774245569778532
turkey_u002,bilal63_turkish_music_emotion_dataset_00000107,2.1449046878745928
turkey_u002,bilal63_turkish_music_emotion_dataset_00000125,0.8872419924060473
turkey_u002,bilal63_turkish_music_emotion_dataset_00000045,1.2526797715870126
turkey_u002,bilal63_turkish_music_emotion_dataset_00000139,1.6912799094269018
turkey_u002,bilal63_turkish_music_emotion_dataset_00000012,1.2989110725963893
turkey_u002,bilal63_turkish_music_emotion_dataset_00000044,0.8765626743026337
turkey_u002,bilal63_turkish_music_emotion_dataset_00000038,0.6251485344411748
turkey_u002,bilal63_turkish_music_emotion_dataset_00000061,1.2763817978858858
turkey_u002,bilal63_turkish_music_emotion_dataset_00000143,1.6948855708538124
turkey_u002,bilal63_turkish_music_emotion_dataset_00000062,1.565122759063043
turkey_u002,bilal63_turkish_music_emotion_dataset_00000099,0.8445161385871081
turkey_u002,bilal63_turkish_music_emotion_dataset_00000059,1.352446190671242
turkey_u002,bilal63_turkish_music_emotion_dataset_00000031,1.212337554662661
turkey_u002,bilal63_turkish_music_emotion_dataset_00000118,1.0479991439561147
turkey_u002,neerajaabhyankar_hindustani-raag-small_00000041,1.4345161792115253
turkey_u002,neerajaabhyankar_hindustani-raag-small_00000106,0.8680302405366989
turkey_u002,neerajaabhyankar_hindustani-raag-small_00000144,1.1791916356495895
turkey_u002,neerajaabhyankar_hindustani-raag-small_00000117,1.6963517726139825
turkey_u002,neerajaabhyankar_hindustani-raag-small_00000083,1.1780225760423364
turkey_u002,neerajaabhyankar_hindustani-raag-small_00000104,1.282980928716757
turkey_u002,neerajaabhyankar_hindustani-raag-small_00000020,0.5488820813261944
turkey_u002,neerajaabhyankar_hindustani-raag-small_00000075,0.6904810940513441
turkey_u002,sanchit-gandhi_gtzan_00000128,0.5862841190524533
turkey_u002,sanchit-gandhi_gtzan_00000109,1.4824974802803843
turkey_u002,sanchit-gandhi_gtzan_00000137,1.578493459237737
turkey_u002,sanchit-gandhi_gtzan_00000123,0.70171464581268
turkey_u002,sanchit-gandhi_gtzan_00000110,0.7460168637461729
turkey_u002,sanchit-gandhi_gtzan_00000151,0.8863298408152569
turkey_u002,sanchit-gandhi_gtzan_00000126,1.2479547828876778
turkey_u002,sanchit-gandhi_gtzan_00000131,1.2894248616300263
turkey_u003,bilal63_turkish_music_emotion_dataset_00000070,1.798497669220378
turkey_u003,bilal63_turkish_music_emotion_dataset_00000124,1.9475973731656333
turkey_u003,bilal63_turkish_music_emotion_dataset_00000112,1.2485866073506984
turkey_u003,bilal63_turkish_music_emotion_dataset_00000068,1.4874788336748523
turkey_u003,bilal63_turkish_music_emotion_dataset_00000108,0.6327591565199983
turkey_u003,bilal63_turkish_music_emotion_dataset_00000076,1.2356714502421176
turkey_u003,bilal63_turkish_music_emotion_dataset_00000041,1.3933676774398107
turkey_u003,bilal63_turkish_music_emotion_dataset_00000134,1.0152353518084158
turkey_u003,bilal63_turkish_music_emotion_dataset_00000061,0.6288906887588709
turkey_u003,bilal63_turkish_music_emotion_dataset_00000046,1.765953987643692
turkey_u003,bilal63_turkish_music_emotion_dataset_00000091,1.3255263702142543
turkey_u003,bilal63_turkish_music_emotion_dataset_00000051,1.2920448831186038
turkey_u003,bilal63_turkish_music_emotion_dataset_00000080,1.0062271506991778
turkey_u003,bilal63_turkish_music_emotion_dataset_00000081,1.5027574382715791
turkey_u003,bilal63_turkish_music_emotion_dataset_00000083,1.3305961976920118
turkey_u003,bilal63_turkish_music_emotion_dataset_00000093,1.3926232159751817
turkey_u003,bilal63_turkish_music_emotion_dataset_00000014,1.5770030760527587
turkey_u003,bilal63_turkish_music_emotion_dataset_00000062,0.5859100164885435
turkey_u003,bilal63_turkish_music_emotion_dataset_00000044,2.1407754336037788
turkey_u003,bilal63_turkish_music_emotion_dataset_00000100,0.6976257597302652
turkey_u003,bilal63_turkish_music_emotion_dataset_00000007,1.3528451891200906
turkey_u003,bilal63_turkish_music_emotion_dataset_00000050,0.932718209787933
turkey_u003,bilal63_turkish_music_emotion_dataset_00000142,1.4785245871630348
turkey_u003,bilal63_turkish_music_emotion_dataset_00000145,1.0583969376750626
turkey_u003,neerajaabhyankar_hindustani-raag-small_00000135,1.6110087723845152
turkey_u003,neerajaabhyankar_hindustani-raag-small_00000006,0.9850857758492673
turkey_u003,neerajaabhyankar_hindustani-raag-small_00000062,1.3123200002873905
turkey_u003,neerajaabhyankar_hindustani-raag-small_00000065,0.7859876329996366
turkey_u003,neerajaabhyankar_hindustani-raag-small_00000024,0.47619830316692363
turkey_u003,neerajaabhyankar_hindustani-raag-small_00000059,0.9956086230779227
turkey_u003,neerajaabhyankar_hindustani-raag-small_00000096,1.1742567609036918
turkey_u003,neerajaabhyankar_hindustani-raag-small_00000156,1.070388654203363
turkey_u003,sanchit-gandhi_gtzan_00000102,1.748719391155461
turkey_u003,sanchit-gandhi_gtzan_00000142,1.4042328846921384
turkey_u003,sanchit-gandhi_gtzan_00000159,1.7941542308442835
turkey_u003,sanchit-gandhi_gtzan_00000130,0.8483311219238622
turkey_u003,sanchit-gandhi_gtzan_00000108,1.515221927469648
turkey_u003,sanchit-gandhi_gtzan_00000138,1.2000039311879287
turkey_u003,sanchit-gandhi_gtzan_00000134,1.2758764785054744
turkey_u003,sanchit-gandhi_gtzan_00000124,1.7809018205971425
turkey_u004,bilal63_turkish_music_emotion_dataset_00000010,1.7558090380605251
turkey_u004,bilal63_turkish_music_emotion_dataset_00000142,0.8884835044755726
turkey_u004,bilal63_turkish_music_emotion_dataset_00000100,0.5993132634217012
turkey_u004,bilal63_turkish_music_emotion_dataset_00000108,1.1519484890540022
turkey_u004,bilal63_turkish_music_emotion_dataset_00000143,0.8386028804900578
turkey_u004,bilal63_turkish_music_emotion_dataset_00000071,0.9517595496312168
turkey_u004,bilal63_turkish_music_emotion_dataset_00000017,2.080494195805359
turkey_u004,bilal63_turkish_music_emotion_dataset_00000123,1.6155280385877153
turkey_u004,bilal63_turkish_music_emotion_dataset_00000139,0.8793894514748516
turkey_u004,bilal63_turkish_music_emotion_dataset_00000077,1.535237466185849
turkey_u004,bilal63_turkish_music_emotion_dataset_00000049,1.0162216271581133
turkey_u004,bilal63_turkish_music_emotion_dataset_00000135,2.2589464910177037
turkey_u004,bilal63_turkish_music_emotion_dataset_00000015,0.6315062222048742
turkey_u004,bilal63_turkish_music_emotion_dataset_00000025,1.8382492782394808
turkey_u004,bilal63_turkish_music_emotion_dataset_00000097,1.908419870180212
turkey_u004,bilal63_turkish_music_emotion_dataset_00000070,0.6908557678270328
turkey_u004,bilal63_turkish_music_emotion_dataset_00000147,0.8714746532990814
turkey_u004,bilal63_turkish_music_emotion_dataset_00000125,1.2379289869543266
turkey_u004,bilal63_turkish_music_emotion_dataset_00000065,2.0725670757626418
turkey_u004,bilal63_turkish_music_emotion_dataset_00000020,1.5013248937719115
turkey_u004,bilal63_turkish_music_emotion_dataset_00000037,1.7054043162625758
turkey_u004,bilal63_turkish_music_emotion_dataset_00000120,1.9256971411630535
turkey_u004,bilal63_turkish_music_emotion_dataset_00000012,2.0035118098822218
turkey_u004,bilal63_turkish_music_emotion_dataset_00000153,1.3965908368193498
turkey_u004,neerajaabhyankar_hindustani-raag-small_00000030,1.1368707373441997
turkey_u004,neerajaabhyankar_hindustani-raag-small_00000094,1.4193079070685024
turkey_u004,neerajaabhyankar_hindustani-raag-small_00000036,0.8055121842930957
turkey_u004,neerajaabhyankar_hindustani-raag-small_00000143,1.603561144093458
turkey_u004,neerajaabhyankar_hindustani-raag-small_00000004,0.4780622130423861
turkey_u004,neerajaabhyankar_hindustani-raag-small_00000116,0.7142916629831283
turkey_u004,neerajaabhyankar_hindustani-raag-small_00000014,1.5302699230992793
turkey_u004,neerajaabhyankar_hindustani-raag-small_00000118,0.9093485860551076
turkey_u004,sanchit-gandhi_gtzan_00000114,0.6522743241346131
turkey_u004,sanchit-gandhi_gtzan_00000103,0.7021189202103945
turkey_u004,sanchit-gandhi_gtzan_00000106,1.1665211426136939
turkey_u004,sanchit-gandhi_gtzan_00000133,1.5923450646157336
turkey_u004,sanchit-gandhi_gtzan_00000125,0.5453784662909994
turkey_u004,sanchit-gandhi_gtzan_00000134,0.4911492273182767
turkey_u004,sanchit-gandhi_gtzan_00000119,1.0779769833797381
turkey_u004,sanchit-gandhi_gtzan_00000112,1.7408530103224067
turkey_u005,bilal63_turkish_music_emotion_dataset_00000047,1.761906489599691
turkey_u005,bilal63_turkish_music_emotion_dataset_00000101,1.3888303672812206
turkey_u005,bilal63_turkish_music_emotion_dataset_00000156,1.8064096817355162
turkey_u005,bilal63_turkish_music_emotion_dataset_00000122,2.2953610308929435
turkey_u005,bilal63_turkish_music_emotion_dataset_00000118,1.1792637778791195
turkey_u005,bilal63_turkish_music_emotion_dataset_00000100,0.59607167352898
turkey_u005,bilal63_turkish_music_emotion_dataset_00000084,0.7917032035766044
turkey_u005,bilal63_turkish_music_emotion_dataset_00000117,1.5298119691024954
turkey_u005,bilal63_turkish_music_emotion_dataset_00000150,1.1688446828245247
turkey_u005,bilal63_turkish_music_emotion_dataset_00000040,2.196469974141112
turkey_u005,bilal63_turkish_music_emotion_dataset_00000076,1.6573445054352356
turkey_u005,bilal63_turkish_music_emotion_dataset_00000103,1.4726126957904322
turkey_u005,bilal63_turkish_music_emotion_dataset_00000075,1.9516181396942323
turkey_u005,bilal63_turkish_music_emotion_dataset_00000063,1.021067527559689
turkey_u005,bilal63_turkish_music_emotion_dataset_00000073,1.9890489819870703
turkey_u005,bilal63_turkish_music_emotion_dataset_00000134,0.5802804058905603
turkey_u005,bilal63_turkish_music_emotion_dataset_00000079,1.6439434496841128
turkey_u005,bilal63_turkish_music_emotion_dataset_00000157,2.1874560855539684
turkey_u005,bilal63_turkish_music_emotion_dataset_00000061,1.9340584172584256
turkey_u005,bilal63_turkish_music_emotion_dataset_00000132,2.0475189814541945
turkey_u005,bilal63_turkish_music_emotion_dataset_00000158,1.2597468491708383
turkey_u005,bilal63_turkish_music_emotion_dataset_00000123,1.9968121820227176
turkey_u005,bilal63_turkish_music_emotion_dataset_00000004,1.5251846221772098
turkey_u005,bilal63_turkish_music_emotion_dataset_00000124,1.641981907968018
turkey_u005,sanchit-gandhi_gtzan_00000084,0.5295357081033347
turkey_u005,sanchit-gandhi_gtzan_00000088,0.7220947911854294
turkey_u005,sanchit-gandhi_gtzan_00000021,1.1938019609432962
turkey_u005,sanchit-gandhi_gtzan_00000003,0.5293814280617218
turkey_u005,sanchit-gandhi_gtzan_00000015,1.4509531888934128
turkey_u005,sanchit-gandhi_gtzan_00000089,1.5840769615045671
turkey_u005,sanchit-gandhi_gtzan_00000098,1.6924891877479866
turkey_u005,sanchit-gandhi_gtzan_00000087,0.587387419892738
turkey_u005,neerajaabhyankar_hindustani-raag-small_00000092,1.71862233483078
turkey_u005,neerajaabhyankar_hindustani-raag-small_00000128,0.5412870102995483
turkey_u005,neerajaabhyankar_hindustani-raag-small_00000065,1.0899758915025508
turkey_u005,neerajaabhyankar_hindustani-raag-small_00000081,1.584338877847546
turkey_u005,neerajaabhyankar_hindustani-raag-small_00000009,0.5449200370620149
turkey_u005,neerajaabhyankar_hindustani-raag-small_00000011,0.4746119485351279
turkey_u005,neerajaabhyankar_hindustani-raag-small_00000030,0.4836794202539784
turkey_u005,neerajaabhyankar_hindustani-raag-small_00000118,1.1402148232386455
turkey_u006,bilal63_turkish_music_emotion_dataset_00000017,1.4754454926538945
turkey_u006,bilal63_turkish_music_emotion_dataset_00000086,1.1271807211542935
turkey_u006,bilal63_turkish_music_emotion_dataset_00000105,0.9632570069611691
turkey_u006,bilal63_turkish_music_emotion_dataset_00000138,1.38851479405988
turkey_u006,bilal63_turkish_music_emotion_dataset_00000010,2.0274837001593498
turkey_u006,bilal63_turkish_music_emotion_dataset_00000095,2.1538531795334688
turkey_u006,bilal63_turkish_music_emotion_dataset_00000146,1.0981038663050338
turkey_u006,bilal63_turkish_music_emotion_dataset_00000157,0.8410702481139979
turkey_u006,bilal63_turkish_music_emotion_dataset_00000028,1.8172422720518797
turkey_u006,bilal63_turkish_music_emotion_dataset_00000079,1.5789478014115799
turkey_u006,bilal63_turkish_music_emotion_dataset_00000033,0.9217528564687908
turkey_u006,bilal63_turkish_music_emotion_dataset_00000011,1.886510234450828
turkey_u006,bilal63_turkish_music_emotion_dataset_00000050,1.4701550007926933
turkey_u006,bilal63_turkish_music_emotion_dataset_00000129,1.702106719150278
turkey_u006,bilal63_turkish_music_emotion_dataset_00000077,1.1948598335868454
turkey_u006,bilal63_turkish_music_emotion_dataset_00000111,1.3324432932465984
turkey_u006,bilal63_turkish_music_emotion_dataset_00000132,0.8860901196967752
turkey_u006,bilal63_turkish_music_emotion_dataset_00000114,1.879989871688213
turkey_u006,bilal63_turkish_music_emotion_dataset_00000080,0.8458445341618409
turkey_u006,bilal63_turkish_music_emotion_dataset_00000153,1.9175719759455807
turkey_u006,bilal63_turkish_music_emotion_dataset_00000139,1.9515635496759107
turkey_u006,bilal63_turkish_music_emotion_dataset_00000002,1.8628866629950847
turkey_u006,bilal63_turkish_music_emotion_dataset_00000068,0.6085043094013272
turkey_u006,bilal63_turkish_music_emotion_dataset_00000110,1.0461547917465117
turkey_u006,neerajaabhyankar_hindustani-raag-small_00000075,1.0822559527689486
turkey_u006,neerajaabhyankar_hindustani-raag-small_00000124,1.2539849112676742
turkey_u006,neerajaabhyankar_hindustani-raag-small_00000094,1.6909498341482176
turkey_u006,neerajaabhyankar_hindustani-raag-small_00000152,0.9570680623737482
turkey_u006,neerajaabhyankar_hindustani-raag-small_00000092,1.631281480344838
turkey_u006,neerajaabhyankar_hindustani-raag-small_00000060,0.6706295389847294
turkey_u006,neerajaabhyankar_hindustani-raag-small_00000114,0.9512286581366465
turkey_u006,neerajaabhyankar_hindustani-raag-small_00000018,0.5205807146087861
turkey_u006,sanchit-gandhi_gtzan_00000048,1.45236054292509
turkey_u006,sanchit-gandhi_gtzan_00000020,0.6533812225344325
turkey_u006,sanchit-gandhi_gtzan_00000016,0.796977021125418
turkey_u006,sanchit-gandhi_gtzan_00000007,1.49656489046084
turkey_u006,sanchit-gandhi_gtzan_00000037,1.1718675685206585
turkey_u006,sanchit-gandhi_gtzan_00000091,0.46886317121492455
turkey_u006,sanchit-gandhi_gtzan_00000057,0.4530175264089862
turkey_u006,sanchit-gandhi_gtzan_00000015,1.1393918528488611
turkey_u007,bilal63_turkish_music_emotion_dataset_00000032,1.3010726815868117
turkey_u007,bilal63_turkish_music_emotion_dataset_00000024,1.2904510366794066
turkey_u007,bilal63_turkish_music_emotion_dataset_00000149,1.1393697308709374
turkey_u007,bilal63_turkish_music_emotion_dataset_00000151,2.247135458005061
turkey_u007,bilal63_turkish_music_emotion_dataset_00000055,0.8767317435294899
turkey_u007,bilal63_turkish_music_emotion_dataset_00000127,0.8360059920447392
turkey_u007,bilal63_turkish_music_emotion_dataset_00000143,0.860541840165177
turkey_u007,bilal63_turkish_music_emotion_dataset_00000133,1.7109599079175677
turkey_u007,bilal63_turkish_music_emotion_dataset_00000048,2.2860194248085572
turkey_u007,bilal63_turkish_music_emotion_dataset_00000027,0.9811946689430269
turkey_u007,bilal63_turkish_music_emotion_dataset_00000126,2.1371900099414165
turkey_u007,bilal63_turkish_music_emotion_dataset_00000020,1.0556135646340974
turkey_u007,bilal63_turkish_music_emotion_dataset_00000142,1.6926273622161427
turkey_u007,bilal63_turkish_music_emotion_dataset_00000033,0.6448606920850594
turkey_u007,bilal63_turkish_music_emotion_dataset_00000085,1.4300031061439258
turkey_u007,bilal63_turkish_music_emotion_dataset_00000050,1.7041331918312435
turkey_u007,bilal63_turkish_music_emotion_dataset_00000004,1.5001516157090342
turkey_u007,bilal63_turkish_music_emotion_dataset_00000021,0.9852660389210897
turkey_u007,bilal63_turkish_music_emotion_dataset_00000079,2.004157235762154
turkey_u007,bilal63_turkish_music_emotion_dataset_00000088,2.2484854818859645
turkey_u007,bilal63_turkish_music_emotion_dataset_00000084,1.3671132650688125
turkey_u007,bilal63_turkish_music_emotion_dataset_00000043,1.6719607324514625
turkey_u007,bilal63_turkish_music_emotion_dataset_00000036,1.9384628878961125
turkey_u007,bilal63_turkish_music_emotion_dataset_00000071,0.9915686295725946
turkey_u007,sanchit-gandhi_gtzan_00000055,1.6170080156038604
turkey_u007,sanchit-gandhi_gtzan_00000043,0.8282712221684967
turkey_u007,sanchit-gandhi_gtzan_00000036,1.4973715847455724
turkey_u007,sanchit-gandhi_gtzan_00000065,0.6013339637756698
turkey_u007,sanchit-gandhi_gtzan_00000047,0.8393220496091292
turkey_u007,sanchit-gandhi_gtzan_00000028,1.1703869108188216
turkey_u007,sanchit-gandhi_gtzan_00000084,1.1586448292008253
turkey_u007,sanchit-gandhi_gtzan_00000097,1.5980820990565945
turkey_u007,ccmusic-database_erhu_playing_tech_00000037,1.7947717978121198
turkey_u007,ccmusic-database_erhu_playing_tech_00000053,0.5947346419111899
turkey_u007,ccmusic-database_erhu_playing_tech_00000102,0.8163739793138
turkey_u007,ccmusic-database_erhu_playing_tech_00000099,0.9327575838011524
turkey_u007,ccmusic-database_erhu_playing_tech_00000108,1.0965398505435069
turkey_u007,ccmusic-database_erhu_playing_tech_00000051,1.1167781532584389
turkey_u007,ccmusic-database_erhu_playing_tech_00000082,1.6058633352503624
turkey_u007,ccmusic-database_erhu_playing_tech_00000138,1.4902550587598848
turkey_u008,bilal63_turkish_music_emotion_dataset_00000049,0.6261150033092746
turkey_u008,bilal63_turkish_music_emotion_dataset_00000127,2.282160906758758
turkey_u008,bilal63_turkish_music_emotion_dataset_00000106,1.4262383518285136
turkey_u008,bilal63_turkish_music_emotion_dataset_00000153,1.1882703071457998
turkey_u008,bilal63_turkish_music_emotion_dataset_00000001,1.0491629571781576
turkey_u008,bilal63_turkish_music_emotion_dataset_00000139,2.2655218125300545
turkey_u008,bilal63_turkish_music_emotion_dataset_00000121,1.0101326050249042
turkey_u008,bilal63_turkish_music_emotion_dataset_00000110,1.826846982647607
turkey_u008,bilal63_turkish_music_emotion_dataset_00000151,1.0644827152652356
turkey_u008,bilal63_turkish_music_emotion_dataset_00000062,0.6965943967406854
turkey_u008,bilal63_turkish_music_emotion_dataset_00000057,1.7536521600434487
turkey_u008,bilal63_turkish_music_emotion_dataset_00000135,0.5778132121615168
turkey_u008,bilal63_turkish_music_emotion_dataset_00000091,1.7406661824419822
turkey_u008,bilal63_turkish_music_emotion_dataset_00000060,1.0068996332574447
turkey_u008,bilal63_turkish_music_emotion_dataset_00000115,1.8620298003233393
turkey_u008,bilal63_turkish_music_emotion_dataset_00000080,1.90281903867987
turkey_u008,bilal63_turkish_music_emotion_dataset_00000114,1.824084986960253
turkey_u008,bilal63_turkish_music_emotion_dataset_00000066,0.6172339365316278
turkey_u008,bilal63_turkish_music_emotion_dataset_00000027,1.7889456688855003
turkey_u008,bilal63_turkish_music_emotion_dataset_00000018,2.2830011842461913
turkey_u008,bilal63_turkish_music_emotion_dataset_00000064,0.9935287607066995
turkey_u008,bilal63_turkish_music_emotion_dataset_00000155,1.0480615370887088
turkey_u008,bilal63_turkish_music_emotion_dataset_00000149,1.9783332980264303
turkey_u008,bilal63_turkish_music_emotion_dataset_00000085,0.851684488721739
turkey_u008,ccmusic-database_erhu_playing_tech_00000107,1.3417879619311446
turkey_u008,ccmusic-database_erhu_playing_tech_00000085,1.469285609625781
turkey_u008,ccmusic-database_erhu_playing_tech_00000004,0.5001668934561322
turkey_u008,ccmusic-database_erhu_playing_tech_00000007,1.1975788272580554
turkey_u008,ccmusic-database_erhu_playing_tech_00000133,1.2274342990234421
turkey_u008,ccmusic-database_erhu_playing_tech_00000151,0.8596479114789222
turkey_u008,ccmusic-database_erhu_playing_tech_00000112,1.6330653036866483
turkey_u008,ccmusic-database_erhu_playing_tech_00000037,0.6697121210548062
turkey_u008,sanchit-gandhi_gtzan_00000139,0.9416628578329117
turkey_u008,sanchit-gandhi_gtzan_00000127,1.5957027276488946
turkey_u008,sanchit-gandhi_gtzan_00000125,0.7073677214180899
turkey_u008,sanchit-gandhi_gtzan_00000105,1.5588550840423612
turkey_u008,sanchit-gandhi_gtzan_00000145,0.5567433894467402
turkey_u008,sanchit-gandhi_gtzan_00000106,1.1104592407064866
turkey_u008,sanchit-gandhi_gtzan_00000101,0.5516963943016997
turkey_u008,sanchit-gandhi_gtzan_00000128,1.3651698398330443
turkey_u009,bilal63_turkish_music_emotion_dataset_00000096,2.194103407083852
turkey_u009,bilal63_turkish_music_emotion_dataset_00000134,1.6765698136701839
turkey_u009,bilal63_turkish_music_emotion_dataset_00000110,2.126811133986256
turkey_u009,bilal63_turkish_music_emotion_dataset_00000117,0.7634927614065031
turkey_u009,bilal63_turkish_music_emotion_dataset_00000032,1.6494179161019016
turkey_u009,bilal63_turkish_music_emotion_dataset_00000115,2.0403216371611776
turkey_u009,bilal63_turkish_music_emotion_dataset_00000062,1.145838345179955
turkey_u009,bilal63_turkish_music_emotion_dataset_00000135,0.9116219667595764
turkey_u009,bilal63_turkish_music_emotion_dataset_00000154,1.0321617525146938
turkey_u009,bilal63_turkish_music_emotion_dataset_00000130,1.0458106786434032
turkey_u009,bilal63_turkish_music_emotion_dataset_00000077,1.346418214493098
turkey_u009,bilal63_turkish_music_emotion_dataset_00000148,1.137287214794347
turkey_u009,bilal63_turkish_music_emotion_dataset_00000141,1.042947775421285
turkey_u009,bilal63_turkish_music_emotion_dataset_00000129,1.6936837147488626
turkey_u009,bilal63_turkish_music_emotion_dataset_00000005,0.6664808411340007
turkey_u009,bilal63_turkish_music_emotion_dataset_00000027,1.1621275172910341
turkey_u009,bilal63_turkish_music_emotion_dataset_00000155,1.7648221412473188
turkey_u009,bilal63_turkish_music_emotion_dataset_00000137,0.8783408175097351
turkey_u009,bilal63_turkish_music_emotion_dataset_00000010,0.9561005623172738
turkey_u009,bilal63_turkish_music_emotion_dataset_00000036,0.9211499288372825
turkey_u009,bilal63_turkish_music_emotion_dataset_00000152,0.5765975341116735
turkey_u009,bilal63_turkish_music_emotion_dataset_00000103,1.3922493719094629
turkey_u009,bilal63_turkish_music_emotion_dataset_00000095,0.6422039117428124
turkey_u009,bilal63_turkish_music_emotion_dataset_00000073,1.0458211753117026
turkey_u009,ccmusic-database_erhu_playing_tech_00000034,1.7929846231991617
turkey_u009,ccmusic-database_erhu_playing_tech_00000139,1.6898348853769047
turkey_u009,ccmusic-database_erhu_playing_tech_00000049,0.7403523410110512
turkey_u009,ccmusic-database_erhu_playing_tech_00000016,0.8685032830838092
turkey_u009,ccmusic-database_erhu_playing_tech_00000132,1.0760011860625445
turkey_u009,ccmusic-database_erhu_playing_tech_00000113,1.5899582879899787
turkey_u009,ccmusic-database_erhu_playing_tech_00000144,1.533572020880673
turkey_u009,ccmusic-database_erhu_playing_tech_00000159,0.620425939364481
turkey_u009,neerajaabhyankar_hindustani-raag-small_00000045,0.6180059452702754
turkey_u009,neerajaabhyankar_hindustani-raag-small_00000110,1.0125885427569603
turkey_u009,neerajaabhyankar_hindustani-raag-small_00000071,1.6246287759785925
turkey_u009,neerajaabhyankar_hindustani-raag-small_00000086,1.6408147487789282
turkey_u009,neerajaabhyankar_hindustani-raag-small_00000125,0.5949438970768157
turkey_u009,neerajaabhyankar_hindustani-raag-small_00000092,1.2253013387534948
turkey_u009,neerajaabhyankar_hindustani-raag-small_00000021,0.6601615161189024
turkey_u009,neerajaabhyankar_hindustani-raag-small_00000050,1.3762745685037567
turkey_u010,bilal63_turkish_music_emotion_dataset_00000005,1.3415316305509508
turkey_u010,bilal63_turkish_music_emotion_dataset_00000148,1.16549338577712
turkey_u010,bilal63_turkish_music_emotion_dataset_00000014,1.219444486164875
turkey_u010,bilal63_turkish_music_emotion_dataset_00000061,0.8059586446721884
turkey_u010,bilal63_turkish_music_emotion_dataset_00000011,1.0872193227355715
turkey_u010,bilal63_turkish_music_emotion_dataset_00000024,0.7241217878886906
turkey_u010,bilal63_turkish_music_emotion_dataset_00000082,1.3131176039842014
turkey_u010,bilal63_turkish_music_emotion_dataset_00000152,0.8636912895615592
turkey_u010,bilal63_turkish_music_emotion_dataset_00000047,1.172551636805855
turkey_u010,bilal63_turkish_music_emotion_dataset_00000118,1.9439216177005205
turkey_u010,bilal63_turkish_music_emotion_dataset_00000137,0.9992251972662596
turkey_u010,bilal63_turkish_music_emotion_dataset_00000093,1.630518221815069
turkey_u010,bilal63_turkish_music_emotion_dataset_00000131,2.129537948203857
turkey_u010,bilal63_turkish_music_emotion_dataset_00000136,1.5529528476259682
turkey_u010,bilal63_turkish_music_emotion_dataset_00000062,0.9092922570324118
turkey_u010,bilal63_turkish_music_emotion_dataset_00000050,1.169721684591271
turkey_u010,bilal63_turkish_music_emotion_dataset_00000069,1.5933868823925137
turkey_u010,bilal63_turkish_music_emotion_dataset_00000058,1.4489042160857473
turkey_u010,bilal63_turkish_music_emotion_dataset_00000155,0.8313692175776589
turkey_u010,bilal63_turkish_music_emotion_dataset_00000044,1.3457236945912314
turkey_u010,bilal63_turkish_music_emotion_dataset_00000022,1.5117900487201783
turkey_u010,bilal63_turkish_music_emotion_dataset_00000104,1.0361489324393125
turkey_u010,bilal63_turkish_music_emotion_dataset_00000041,1.6314685139612446
turkey_u010,bilal63_turkish_music_emotion_dataset_00000055,0.696026171611987
turkey_u010,ccmusic-database_erhu_playing_tech_00000071,0.9044194953134477
turkey_u010,ccmusic-database_erhu_playing_tech_00000123,1.5357737242497254
turkey_u010,ccmusic-database_erhu_playing_tech_00000003,0.8000344812260098
turkey_u010,ccmusic-database_erhu_playing_tech_00000136,1.2669887475041555
turkey_u010,ccmusic-database_erhu_playing_tech_00000043,1.0035401135089212
turkey_u010,ccmusic-database_erhu_playing_tech_00000044,0.8772211922605831
turkey_u010,ccmusic-database_erhu_playing_tech_00000053,1.6867777786785363
turkey_u010,ccmusic-database_erhu_playing_tech_00000066,0.9134033194085177
turkey_u010,sanchit-gandhi_gtzan_00000145,0.7695124670074748
turkey_u010,sanchit-gandhi_gtzan_00000121,1.6775567761143653
turkey_u010,sanchit-gandhi_gtzan_00000158,1.45702488051335
turkey_u010,sanchit-gandhi_gtzan_00000124,1.3704296134925664
turkey_u010,sanchit-gandhi_gtzan_00000138,0.5168721717902823
turkey_u010,sanchit-gandhi_gtzan_00000110,0.6271266969662974
turkey_u010,sanchit-gandhi_gtzan_00000123,1.3117589511430447
turkey_u010,sanchit-gandhi_gtzan_00000155,0.7327343293104512
turkey_u011,bilal63_turkish_music_emotion_dataset_00000157,2.1556210085033425
turkey_u011,bilal63_turkish_music_emotion_dataset_00000004,1.5846595854100283
turkey_u011,bilal63_turkish_music_emotion_dataset_00000039,2.242983814145255
turkey_u011,bilal63_turkish_music_emotion_dataset_00000139,2.0723298328961004
turkey_u011,bilal63_turkish_music_emotion_dataset_00000106,1.12509994499984
turkey_u011,bilal63_turkish_music_emotion_dataset_00000077,1.8680535243246585
turkey_u011,bilal63_turkish_music_emotion_dataset_00000090,0.8110348274068091
turkey_u011,bilal63_turkish_music_emotion_dataset_00000075,1.7558512070533283
turkey_u011,bilal63_turkish_music_emotion_dataset_00000082,1.422116150703151
turkey_u011,bilal63_turkish_music_emotion_dataset_00000032,0.6040247452111226
turkey_u011,bilal63_turkish_music_emotion_dataset_00000057,1.0480464436233894
turkey_u011,bilal63_turkish_music_emotion_dataset_00000030,2.223034325022329
turkey_u011,bilal63_turkish_music_emotion_dataset_00000130,1.119809311777629
turkey_u011,bilal63_turkish_music_emotion_dataset_00000016,0.8880089353949852
turkey_u011,bilal63_turkish_music_emotion_dataset_00000137,0.8984917453370592
turkey_u011,bilal63_turkish_music_emotion_dataset_00000050,1.401642881507362
turkey_u011,bilal63_turkish_music_emotion_dataset_00000005,2.0285699401566726
turkey_u011,bilal63_turkish_music_emotion_dataset_00000038,1.8825530448550225
turkey_u011,bilal63_turkish_music_emotion_dataset_00000129,1.3285697130026606
turkey_u011,bilal63_turkish_music_emotion_dataset_00000064,0.9350538739287569
turkey_u011,bilal63_turkish_music_emotion_dataset_00000085,0.6544619526762796
turkey_u011,bilal63_turkish_music_emotion_dataset_00000058,1.373037301107711
turkey_u011,bilal63_turkish_music_emotion_dataset_00000010,1.9804874761938804
turkey_u011,bilal63_turkish_music_emotion_dataset_00000076,1.833701438950191
turkey_u011,sanchit-gandhi_gtzan_00000158,1.0016110362967878
turkey_u011,sanchit-gandhi_gtzan_00000102,1.2528486070887603
turkey_u011,sanchit-gandhi_gtzan_00000112,1.038932803277394
turkey_u011,sanchit-gandhi_gtzan_00000134,1.23167174821674
turkey_u011,sanchit-gandhi_gtzan_00000141,1.1486320799312915
turkey_u011,sanchit-gandhi_gtzan_00000131,1.3693049101689645
turkey_u011,sanchit-gandhi_gtzan_00000104,1.1354069387697174
turkey_u011,sanchit-gandhi_gtzan_00000157,1.719824847526204
turkey_u011,ccmusic-database_erhu_playing_tech_00000068,1.0278380451352764
turkey_u011,ccmusic-database_erhu_playing_tech_00000013,0.47148700910360974
turkey_u011,ccmusic-database_erhu_playing_tech_00000145,0.7691042728021291
turkey_u011,ccmusic-database_erhu_playing_tech_00000122,1.1258192584439857
turkey_u011,ccmusic-database_erhu_playing_tech_00000011,1.1797720000496938
turkey_u011,ccmusic-database_erhu_playing_tech_00000076,1.1957194655712722
turkey_u011,ccmusic-database_erhu_playing_tech_00000000,1.414645332664611
turkey_u011,ccmusic-database_erhu_playing_tech_00000074,0.8207749925336626
turkey_u012,bilal63_turkish_music_emotion_dataset_00000157,1.0432329952985488
turkey_u012,bilal63_turkish_music_emotion_dataset_00000123,1.9122050267562911
turkey_u012,bilal63_turkish_music_emotion_dataset_00000060,1.7173173012462606
turkey_u012,bilal63_turkish_music_emotion_dataset_00000090,0.77384207446491
turkey_u012,bilal63_turkish_music_emotion_dataset_00000025,1.081072173066194
turkey_u012,bilal63_turkish_music_emotion_dataset_00000095,0.985315462856619
turkey_u012,bilal63_turkish_music_emotion_dataset_00000057,1.3383600885639175
turkey_u012,bilal63_turkish_music_emotion_dataset_00000148,1.6709515692570827
turkey_u012,bilal63_turkish_music_emotion_dataset_00000046,1.3226490782521738
turkey_u012,bilal63_turkish_music_emotion_dataset_00000119,0.9968255931718654
turkey_u012,bilal63_turkish_music_emotion_dataset_00000041,1.775390875193775
turkey_u012,bilal63_turkish_music_emotion_dataset_00000141,1.5832126383773197
turkey_u012,bilal63_turkish_music_emotion_dataset_00000116,1.4708164902920686
turkey_u012,bilal63_turkish_music_emotion_dataset_00000006,1.5313738055943127
turkey_u012,bilal63_turkish_music_emotion_dataset_00000053,0.9577786148568456
turkey_u012,bilal63_turkish_music_emotion_dataset_00000149,1.7487435803844869
turkey_u012,bilal63_turkish_music_emotion_dataset_00000136,1.2434384238043752
turkey_u012,bilal63_turkish_music_emotion_dataset_00000027,1.2019819890342835
turkey_u012,bilal63_turkish_music_emotion_dataset_00000051,0.8332915092601791
turkey_u012,bilal63_turkish_music_emotion_dataset_00000144,1.60454440209952
turkey_u012,bilal63_turkish_music_emotion_dataset_00000097,1.6145961081927238
turkey_u012,bilal63_turkish_music_emotion_dataset_00000028,1.1620186103247614
turkey_u012,bilal63_turkish_music_emotion_dataset_00000106,2.058241348093046
turkey_u012,bilal63_turkish_music_emotion_dataset_00000015,2.0334148752841137
turkey_u012,neerajaabhyankar_hindustani-raag-small_00000005,0.5972233137512822
turkey_u012,neerajaabhyankar_hindustani-raag-small_00000123,1.3883018235433897
turkey_u012,neerajaabhyankar_hindustani-raag-small_00000118,0.9816769208497802
turkey_u012,neerajaabhyankar_hindustani-raag-small_00000066,1.7996150489349052
turkey_u012,neerajaabhyankar_hindustani-raag-small_00000021,0.7537819000742807
turkey_u012,neerajaabhyankar_hindustani-raag-small_00000156,0.8287076773095607
turkey_u012,neerajaabhyankar_hindustani-raag-small_00000101,1.0468434976502323
turkey_u012,neerajaabhyankar_hindustani-raag-small_00000018,0.8127654507188953
turkey_u012,sanchit-gandhi_gtzan_00000137,1.3841910446217942
turkey_u012,sanchit-gandhi_gtzan_00000139,1.099225951444999
turkey_u012,sanchit-gandhi_gtzan_00000136,0.7481864270468793
turkey_u012,sanchit-gandhi_gtzan_00000152,1.1336049938068598
turkey_u012,sanchit-gandhi_gtzan_00000126,1.649863484592802
turkey_u012,sanchit-gandhi_gtzan_00000106,1.5197341232475714
turkey_u012,sanchit-gandhi_gtzan_00000129,1.1234190479762085
turkey_u012,sanchit-gandhi_gtzan_00000104,0.8394650142416294
turkey_u013,bilal63_turkish_music_emotion_dataset_00000138,1.6017470626912202
turkey_u013,bilal63_turkish_music_emotion_dataset_00000033,2.2720903628995206
turkey_u013,bilal63_turkish_music_emotion_dataset_00000100,1.4918456624287413
turkey_u013,bilal63_turkish_music_emotion_dataset_00000060,1.9561588894300006
turkey_u013,bilal63_turkish_music_emotion_dataset_00000120,1.601687178751201
turkey_u013,bilal63_turkish_music_emotion_dataset_00000036,1.925827343242162
turkey_u013,bilal63_turkish_music_emotion_dataset_00000080,1.7058998834878702
turkey_u013,bilal63_turkish_music_emotion_dataset_00000073,1.7672027250772369
turkey_u013,bilal63_turkish_music_emotion_dataset_00000010,0.9679742356240124
turkey_u013,bilal63_turkish_music_emotion_dataset_00000147,1.854641075913283
turkey_u013,bilal63_turkish_music_emotion_dataset_00000032,0.9853945544959705
turkey_u013,bilal63_turkish_music_emotion_dataset_00000006,2.2666044746209644
turkey_u013,bilal63_turkish_music_emotion_dataset_00000051,0.967932904408078
turkey_u013,bilal63_turkish_music_emotion_dataset_00000048,0.9832799062059571
turkey_u013,bilal63_turkish_music_emotion_dataset_00000018,2.0562111328346653
turkey_u013,bilal63_turkish_music_emotion_dataset_00000125,0.994150611885863
turkey_u013,bilal63_turkish_music_emotion_dataset_00000019,1.197557318772463
turkey_u013,bilal63_turkish_music_emotion_dataset_00000137,1.8077542780338214
turkey_u013,bilal63_turkish_music_emotion_dataset_00000067,0.8488413008359665
turkey_u013,bilal63_turkish_music_emotion_dataset_00000119,0.8493987770774413
turkey_u013,bilal63_turkish_music_emotion_dataset_00000098,1.4139682801349174
turkey_u013,bilal63_turkish_music_emotion_dataset_00000071,0.9953769010514537
turkey_u013,bilal63_turkish_music_emotion_dataset_00000017,0.9815099733565829
turkey_u013,bilal63_turkish_music_emotion_dataset_00000141,0.5909371394469344
turkey_u013,neerajaabhyankar_hindustani-raag-small_00000121,0.9501069481172296
turkey_u013,neerajaabhyankar_hindustani-raag-small_00000049,0.8796382487348444
turkey_u013,neerajaabhyankar_hindustani-raag-small_00000100,0.4920603446160051
turkey_u013,neerajaabhyankar_hindustani-raag-small_00000074,1.2886647905884459
turkey_u013,neerajaabhyankar_hindustani-raag-small_00000045,1.295984495704528
turkey_u013,neerajaabhyankar_hindustani-raag-small_00000111,0.5455806368944395
turkey_u013,neerajaabhyankar_hindustani-raag-small_00000056,0.8780061099277617
turkey_u013,neerajaabhyankar_hindustani-raag-small_00000084,1.6282874681937871
turkey_u013,ccmusic-database_erhu_playing_tech_00000023,1.235925542130181
turkey_u013,ccmusic-database_erhu_playing_tech_00000096,1.0061658774161837
turkey_u013,ccmusic-database_erhu_playing_tech_00000057,1.0778876034265295
turkey_u013,ccmusic-database_erhu_playing_tech_00000115,0.7311779924883369
turkey_u013,ccmusic-database_erhu_playing_tech_00000157,1.5460400259557028
turkey_u013,ccmusic-database_erhu_playing_tech_00000099,1.6839063523588063
turkey_u013,ccmusic-database_erhu_playing_tech_00000121,1.6793964570375588
turkey_u013,ccmusic-database_erhu_playing_tech_00000138,0.7523114287846046
turkey_u014,bilal63_turkish_music_emotion_dataset_00000144,2.091470703383201
turkey_u014,bilal63_turkish_music_emotion_dataset_00000135,1.6609160856709295
turkey_u014,bilal63_turkish_music_emotion_dataset_00000046,1.6703886548598907
turkey_u014,bilal63_turkish_music_emotion_dataset_00000052,1.6258677294100112
turkey_u014,bilal63_turkish_music_emotion_dataset_00000068,1.3251751663770117
turkey_u014,bilal63_turkish_music_emotion_dataset_00000022,1.130632851841028
turkey_u014,bilal63_turkish_music_emotion_dataset_00000015,1.596204980849301
turkey_u014,bilal63_turkish_music_emotion_dataset_00000033,0.6190424190638267
turkey_u014,bilal63_turkish_music_emotion_dataset_00000001,0.5878623442060602
turkey_u014,bilal63_turkish_music_emotion_dataset_00000037,2.044082150361891
turkey_u014,bilal63_turkish_music_emotion_dataset_00000042,0.6550814772413983
turkey_u014,bilal63_turkish_music_emotion_dataset_00000079,1.480271634325146
turkey_u014,bilal63_turkish_music_emotion_dataset_00000041,1.6358538910881377
turkey_u014,bilal63_turkish_music_emotion_dataset_00000094,0.9168453710987013
turkey_u014,bilal63_turkish_music_emotion_dataset_00000050,2.1201356960073805
turkey_u014,bilal63_turkish_music_emotion_dataset_00000130,0.9029152062659469
turkey_u014,bilal63_turkish_music_emotion_dataset_00000076,2.1007883532075136
turkey_u014,bilal63_turkish_music_emotion_dataset_00000090,1.8911582145994854
turkey_u014,bilal63_turkish_music_emotion_dataset_00000109,0.9902815948292345
turkey_u014,bilal63_turkish_music_emotion_dataset_00000029,0.8350336868262613
turkey_u014,bilal63_turkish_music_emotion_dataset_00000055,1.1205014250712555
turkey_u014,bilal63_turkish_music_emotion_dataset_00000027,1.2614647268162236
turkey_u014,bilal63_turkish_music_emotion_dataset_00000104,0.9989785669606428
turkey_u014,bilal63_turkish_music_emotion_dataset_00000085,2.29808792160138
turkey_u014,neerajaabhyankar_hindustani-raag-small_00000063,0.7600306539234344
turkey_u014,neerajaabhyankar_hindustani-raag-small_00000037,1.5713570164268569
turkey_u014,neerajaabhyankar_hindustani-raag-small_00000130,0.6648089585721383
turkey_u014,neerajaabhyankar_hindustani-raag-small_00000032,1.7733302441225292
turkey_u014,neerajaabhyankar_hindustani-raag-small_00000100,0.7544566686821647
turkey_u014,neerajaabhyankar_hindustani-raag-small_00000105,1.0192795489578497
turkey_u014,neerajaabhyankar_hindustani-raag-small_00000109,1.2040614901366737
turkey_u014,neerajaabhyankar_hindustani-raag-small_00000127,0.612385715460726
turkey_u014,ccmusic-database_erhu_playing_tech_00000030,1.5527070910967868
turkey_u014,ccmusic-database_erhu_playing_tech_00000078,0.8208254691191202
turkey_u014,ccmusic-database_erhu_playing_tech_00000009,1.1915143671622461
turkey_u014,ccmusic-database_erhu_playing_tech_00000133,1.1920056444358833
turkey_u014,ccmusic-database_erhu_playing_tech_00000123,1.2635648806398099
turkey_u014,ccmusic-database_erhu_playing_tech_00000045,0.5249060818078248
turkey_u014,ccmusic-database_erhu_playing_tech_00000077,0.6776353284726166
turkey_u014,ccmusic-database_erhu_playing_tech_00000079,0.6676095279465416
turkey_u015,bilal63_turkish_music_emotion_dataset_00000079,0.6143304270668222
turkey_u015,bilal63_turkish_music_emotion_dataset_00000149,1.6348456080859521
turkey_u015,bilal63_turkish_music_emotion_dataset_00000051,1.9989337373831937
turkey_u015,bilal63_turkish_music_emotion_dataset_00000029,1.3521811645076125
turkey_u015,bilal63_turkish_music_emotion_dataset_00000005,0.8591180923467409
turkey_u015,bilal63_turkish_music_emotion_dataset_00000044,1.0719415758139805
turkey_u015,bilal63_turkish_music_emotion_dataset_00000052,1.4547309034079663
turkey_u015,bilal63_turkish_music_emotion_dataset_00000019,2.0182751027364745
turkey_u015,bilal63_turkish_music_emotion_dataset_00000039,0.8712741769680254
turkey_u015,bilal63_turkish_music_emotion_dataset_00000094,1.6309585355989118
turkey_u015,bilal63_turkish_music_emotion_dataset_00000072,1.8745608590646907
turkey_u015,bilal63_turkish_music_emotion_dataset_00000153,2.18968197257757
turkey_u015,bilal63_turkish_music_emotion_dataset_00000098,0.7763138681460325
turkey_u015,bilal63_turkish_music_emotion_dataset_00000070,2.1730255689338613
turkey_u015,bilal63_turkish_music_emotion_dataset_00000074,1.612531498175977
turkey_u015,bilal63_turkish_music_emotion_dataset_00000035,1.897560238320693
turkey_u015,bilal63_turkish_music_emotion_dataset_00000062,0.6677613740057581
turkey_u015,bilal63_turkish_music_emotion_dataset_00000089,1.4481055684800264
turkey_u015,bilal63_turkish_music_emotion_dataset_00000146,1.6490361877893691
turkey_u015,bilal63_turkish_music_emotion_dataset_00000128,1.1042883737806493
turkey_u015,bilal63_turkish_music_emotion_dataset_00000156,1.3195966089746607
turkey_u015,bilal63_turkish_music_emotion_dataset_00000040,1.5311642833573065
turkey_u015,bilal63_turkish_music_emotion_dataset_00000056,1.52814519610839
turkey_u015,bilal63_turkish_music_emotion_dataset_00000139,0.6472111313267956
turkey_u015,ccmusic-database_erhu_playing_tech_00000116,1.0433003848815046
turkey_u015,ccmusic-database_erhu_playing_tech_00000065,0.7386545089695117
turkey_u015,ccmusic-database_erhu_playing_tech_00000146,1.6875383554152223
turkey_u015,ccmusic-database_erhu_playing_tech_00000130,1.768382986666501
turkey_u015,ccmusic-database_erhu_playing_tech_00000064,0.8545233100752933
turkey_u015,ccmusic-database_erhu_playing_tech_00000129,0.6865002862889293
turkey_u015,ccmusic-database_erhu_playing_tech_00000045,0.7463306037802632
turkey_u015,ccmusic-database_erhu_playing_tech_00000150,1.0949655447264877
turkey_u015,neerajaabhyankar_hindustani-raag-small_00000108,1.630582558802791
turkey_u015,neerajaabhyankar_hindustani-raag-small_00000152,1.1250488901658133
turkey_u015,neerajaabhyankar_hindustani-raag-small_00000002,0.5247792833156518
turkey_u015,neerajaabhyankar_hindustani-raag-small_00000086,0.5038455636627445
turkey_u015,neerajaabhyankar_hindustani-raag-small_00000003,0.7569777765908455
turkey_u015,neerajaabhyankar_hindustani-raag-small_00000142,1.587741224772729
turkey_u015,neerajaabhyankar_hindustani-raag-small_00000096,1.2889987526724445
turkey_u015,neerajaabhyankar_hindustani-raag-small_00000102,1.2099931026114936
turkey_u016,bilal63_turkish_music_emotion_dataset_00000131,0.5805332664319425
turkey_u016,bilal63_turkish_music_emotion_dataset_00000056,1.737462241353174
turkey_u016,bilal63_turkish_music_emotion_dataset_00000041,0.6686521263651491
turkey_u016,bilal63_turkish_music_emotion_dataset_00000046,2.069143993160608
turkey_u016,bilal63_turkish_music_emotion_dataset_00000009,0.614078128796192
turkey_u016,bilal63_turkish_music_emotion_dataset_00000151,1.4900695876176908
turkey_u016,bilal63_turkish_music_emotion_dataset_00000022,2.118733347115023
turkey_u016,bilal63_turkish_music_emotion_dataset_00000045,1.5625445182356454
turkey_u016,bilal63_turkish_music_emotion_dataset_00000016,1.624518887788279
turkey_u016,bilal63_turkish_music_emotion_dataset_00000013,1.7507787133820247
turkey_u016,bilal63_turkish_music_emotion_dataset_00000073,0.7861552623350555
turkey_u016,bilal63_turkish_music_emotion_dataset_00000101,1.7392492488982152
turkey_u016,bilal63_turkish_music_emotion_dataset_00000128,2.093612171472106
turkey_u016,bilal63_turkish_music_emotion_dataset_00000007,2.2555309366409206
turkey_u016,bilal63_turkish_music_emotion_dataset_00000099,1.3392646988931487
turkey_u016,bilal63_turkish_music_emotion_dataset_00000117,1.1692708691437683
turkey_u016,bilal63_turkish_music_emotion_dataset_00000035,1.8744590869036468
turkey_u016,bilal63_turkish_music_emotion_dataset_00000070,1.5114581469644175
turkey_u016,bilal63_turkish_music_emotion_dataset_00000011,1.0188505289349274
turkey_u016,bilal63_turkish_music_emotion_dataset_00000034,0.8719723515727376
turkey_u016,bilal63_turkish_music_emotion_dataset_00000113,0.8686472685224828
turkey_u016,bilal63_turkish_music_emotion_dataset_00000111,1.3670803881456122
turkey_u016,bilal63_turkish_music_emotion_dataset_00000085,0.8684645996869964
turkey_u016,bilal63_turkish_music_emotion_dataset_00000127,0.6090151784198129
turkey_u016,neerajaabhyankar_hindustani-raag-small_00000038,0.5203198462090814
turkey_u016,neerajaabhyankar_hindustani-raag-small_00000114,1.7053441343365037
turkey_u016,neerajaabhyankar_hindustani-raag-small_00000045,0.5484978105661833
turkey_u016,neerajaabhyankar_hindustani-raag-small_00000019,0.5487939322842954
turkey_u016,neerajaabhyankar_hindustani-raag-small_00000052,1.0591044014702689
turkey_u016,neerajaabhyankar_hindustani-raag-small_00000159,0.780885381152294
turkey_u016,neerajaabhyankar_hindustani-raag-small_00000138,1.749636700432872
turkey_u016,neerajaabhyankar_hindustani-raag-small_00000101,1.6798308833220357
turkey_u016,ccmusic-database_erhu_playing_tech_00000095,0.9964033857062107
turkey_u016,ccmusic-database_erhu_playing_tech_00000026,1.05578755121195
turkey_u016,ccmusic-database_erhu_playing_tech_00000137,0.9564034316520198
turkey_u016,ccmusic-database_erhu_playing_tech_00000002,0.5011192574682232
turkey_u016,ccmusic-database_erhu_playing_tech_00000007,0.8453432329938567
turkey_u016,ccmusic-database_erhu_playing_tech_00000038,0.6156091839761785
turkey_u016,ccmusic-database_erhu_playing_tech_00000000,0.5881999455204157
turkey_u016,ccmusic-database_erhu_playing_tech_00000030,1.2071631234641236
turkey_u017,bilal63_turkish_music_emotion_dataset_00000095,0.8421411097147419
turkey_u017,bilal63_turkish_music_emotion_dataset_00000113,2.1027685370782714
turkey_u017,bilal63_turkish_music_emotion_dataset_00000014,1.21060765071078
turkey_u017,bilal63_turkish_music_emotion_dataset_00000132,0.6607993705238432
turkey_u017,bilal63_turkish_music_emotion_dataset_00000120,1.140594588345127
turkey_u017,bilal63_turkish_music_emotion_dataset_00000031,2.075502832877468
turkey_u017,bilal63_turkish_music_emotion_dataset_00000019,2.156750110611578
turkey_u017,bilal63_turkish_music_emotion_dataset_00000051,1.4209372697728677
turkey_u017,bilal63_turkish_music_emotion_dataset_00000063,2.224686396626646
turkey_u017,bilal63_turkish_music_emotion_dataset_00000013,2.0847921208906586
turkey_u017,bilal63_turkish_music_emotion_dataset_00000154,1.9985229869961636
turkey_u017,bilal63_turkish_music_emotion_dataset_00000111,2.057999861576805
turkey_u017,bilal63_turkish_music_emotion_dataset_00000035,1.2337350859912204
turkey_u017,bilal63_turkish_music_emotion_dataset_00000059,1.8799089228033126
turkey_u017,bilal63_turkish_music_emotion_dataset_00000157,1.5709097803063574
turkey_u017,bilal63_turkish_music_emotion_dataset_00000052,1.816454903002029
turkey_u017,bilal63_turkish_music_emotion_dataset_00000028,0.8816810355768361
turkey_u017,bilal63_turkish_music_emotion_dataset_00000007,1.8366544978117747
turkey_u017,bilal63_turkish_music_emotion_dataset_00000146,2.226846948984946
turkey_u017,bilal63_turkish_music_emotion_dataset_00000066,1.097094231107966
turkey_u017,bilal63_turkish_music_emotion_dataset_00000000,2.2761282838234567
turkey_u017,bilal63_turkish_music_emotion_dataset_00000062,1.227698625539265
turkey_u017,bilal63_turkish_music_emotion_dataset_00000140,0.9195230323612816
turkey_u017,bilal63_turkish_music_emotion_dataset_00000002,0.7686937464054111
turkey_u017,ccmusic-database_erhu_playing_tech_00000109,1.5096985829390401
turkey_u017,ccmusic-database_erhu_playing_tech_00000016,1.1990142905083672
turkey_u017,ccmusic-database_erhu_playing_tech_00000076,0.8646272464437389
turkey_u017,ccmusic-database_erhu_playing_tech_00000014,1.2714079992215732
turkey_u017,ccmusic-database_erhu_playing_tech_00000031,0.8983366035853564
turkey_u017,ccmusic-database_erhu_playing_tech_00000085,1.0552829723934194
turkey_u017,ccmusic-database_erhu_playing_tech_00000063,1.614596569766673
turkey_u017,ccmusic-database_erhu_playing_tech_00000129,1.3520247437598725
turkey_u017,neerajaabhyankar_hindustani-raag-small_00000067,1.4792424836013671
turkey_u017,neerajaabhyankar_hindustani-raag-small_00000055,1.237716294483928
turkey_u017,neerajaabhyankar_hindustani-raag-small_00000115,1.7883873659955882
turkey_u017,neerajaabhyankar_hindustani-raag-small_00000135,0.7759035894927051
turkey_u017,neerajaabhyankar_hindustani-raag-small_00000094,0.8040930669704
turkey_u017,neerajaabhyankar_hindustani-raag-small_00000090,0.5749545672967494
turkey_u017,neerajaabhyankar_hindustani-raag-small_00000132,1.197926327795459
turkey_u017,neerajaabhyankar_hindustani-raag-small_00000155,1.2780349691512967
turkey_u018,bilal63_turkish_music_emotion_dataset_00000038,1.5796912927407571
turkey_u018,bilal63_turkish_music_emotion_dataset_00000056,1.089260953499371
turkey_u018,bilal63_turkish_music_emotion_dataset_00000089,0.6947435167501556
turkey_u018,bilal63_turkish_music_emotion_dataset_00000151,1.822881392955243
turkey_u018,bilal63_turkish_music_emotion_dataset_00000142,1.8665722212221303
turkey_u018,bilal63_turkish_music_emotion_dataset_00000141,1.7241581748984136
turkey_u018,bilal63_turkish_music_emotion_dataset_00000001,0.9265221748831084
turkey_u018,bilal63_turkish_music_emotion_dataset_00000044,2.1502977009273434
turkey_u018,bilal63_turkish_music_emotion_dataset_00000050,1.8741975828110113
turkey_u018,bilal63_turkish_music_emotion_dataset_00000042,1.7096296581823487
turkey_u018,bilal63_turkish_music_emotion_dataset_00000021,1.6978782679025832
turkey_u018,bilal63_turkish_music_emotion_dataset_00000064,2.135017032658081
turkey_u018,bilal63_turkish_music_emotion_dataset_00000027,2.1763298045925383
turkey_u018,bilal63_turkish_music_emotion_dataset_00000100,1.602474546067664
turkey_u018,bilal63_turkish_music_emotion_dataset_00000149,1.293754733910396
turkey_u018,bilal63_turkish_music_emotion_dataset_00000005,1.202441114739993
turkey_u018,bilal63_turkish_music_emotion_dataset_00000054,1.987911000864246
turkey_u018,bilal63_turkish_music_emotion_dataset_00000084,1.6869442112142252
turkey_u018,bilal63_turkish_music_emotion_dataset_00000109,0.7082839021875524
turkey_u018,bilal63_turkish_music_emotion_dataset_00000053,0.8202708724509219
turkey_u018,bilal63_turkish_music_emotion_dataset_00000022,2.12782066905586
turkey_u018,bilal63_turkish_music_emotion_dataset_00000045,2.100759305480264
turkey_u018,bilal63_turkish_music_emotion_dataset_00000041,2.2169109740031336
turkey_u018,bilal63_turkish_music_emotion_dataset_00000140,1.3130429186413584
turkey_u018,neerajaabhyankar_hindustani-raag-small_00000068,1.5084822253149546
turkey_u018,neerajaabhyankar_hindustani-raag-small_00000122,1.5681037868743342
turkey_u018,neerajaabhyankar_hindustani-raag-small_00000038,0.8761908228815607
turkey_u018,neerajaabhyankar_hindustani-raag-small_00000023,0.6462059101566421
turkey_u018,neerajaabhyankar_hindustani-raag-small_00000092,1.7959855882128835
turkey_u018,neerajaabhyankar_hindustani-raag-small_00000141,0.4907959250643224
turkey_u018,neerajaabhyankar_hindustani-raag-small_00000054,1.256403490260448
turkey_u018,neerajaabhyankar_hindustani-raag-small_00000119,1.3277865701453069
turkey_u018,sanchit-gandhi_gtzan_00000066,1.3704156116590254
turkey_u018,sanchit-gandhi_gtzan_00000069,0.7950974543582712
turkey_u018,sanchit-gandhi_gtzan_00000026,1.4241319798034486
turkey_u018,sanchit-gandhi_gtzan_00000031,0.7421394104297084
turkey_u018,sanchit-gandhi_gtzan_00000098,1.5692016452647712
turkey_u018,sanchit-gandhi_gtzan_00000065,0.7458075100142567
turkey_u018,sanchit-gandhi_gtzan_00000082,1.3905531392527046
turkey_u018,sanchit-gandhi_gtzan_00000072,1.5076082058758673
turkey_u019,bilal63_turkish_music_emotion_dataset_00000150,0.5855057324395936
turkey_u019,bilal63_turkish_music_emotion_dataset_00000066,2.1835142885547287
turkey_u019,bilal63_turkish_music_emotion_dataset_00000151,1.6893318188501942
turkey_u019,bilal63_turkish_music_emotion_dataset_00000012,2.2148693165319138
turkey_u019,bilal63_turkish_music_emotion_dataset_00000018,1.9849969520434378
turkey_u019,bilal63_turkish_music_emotion_dataset_00000031,2.175520926193549
turkey_u019,bilal63_turkish_music_emotion_dataset_00000000,1.6117259503640446
turkey_u019,bilal63_turkish_music_emotion_dataset_00000126,1.1913579954631264
turkey_u019,bilal63_turkish_music_emotion_dataset_00000153,1.3390267588709663
turkey_u019,bilal63_turkish_music_emotion_dataset_00000137,1.7101057354125946
turkey_u019,bilal63_turkish_music_emotion_dataset_00000093,1.31145745809693
turkey_u019,bilal63_turkish_music_emotion_dataset_00000072,1.8371355514819363
turkey_u019,bilal63_turkish_music_emotion_dataset_00000007,0.733437827738051
turkey_u019,bilal63_turkish_music_emotion_dataset_00000109,2.0067269694989327
turkey_u019,bilal63_turkish_music_emotion_dataset_00000042,0.9272254033824572
turkey_u019,bilal63_turkish_music_emotion_dataset_00000058,2.203309626430146
turkey_u019,bilal63_turkish_music_emotion_dataset_00000037,0.843316504891787
turkey_u019,bilal63_turkish_music_emotion_dataset_00000032,0.7978082382766363
turkey_u019,bilal63_turkish_music_emotion_dataset_00000084,1.9754862907632524
turkey_u019,bilal63_turkish_music_emotion_dataset_00000098,1.9872606527876995
turkey_u019,bilal63_turkish_music_emotion_dataset_00000068,1.8493599992951515
turkey_u019,bilal63_turkish_music_emotion_dataset_00000028,2.231915050235615
turkey_u019,bilal63_turkish_music_emotion_dataset_00000065,1.0416808594823426
turkey_u019,bilal63_turkish_music_emotion_dataset_00000027,2.000969074758246
turkey_u019,sanchit-gandhi_gtzan_00000021,0.9252547155586182
turkey_u019,sanchit-gandhi_gtzan_00000087,1.1754881445186098
turkey_u019,sanchit-gandhi_gtzan_00000077,1.0515600400967937
turkey_u019,sanchit-gandhi_gtzan_00000010,0.45789753060936983
turkey_u019,sanchit-gandhi_gtzan_00000070,1.225523961277863
turkey_u019,sanchit-gandhi_gtzan_00000078,1.4591329484813367
turkey_u019,sanchit-gandhi_gtzan_00000047,0.6856457178266162
turkey_u019,sanchit-gandhi_gtzan_00000026,1.7077354135556004
turkey_u019,neerajaabhyankar_hindustani-raag-small_00000071,1.1660393782149803
turkey_u019,neerajaabhyankar_hindustani-raag-small_00000019,0.6906321042539763
turkey_u019,neerajaabhyankar_hindustani-raag-small_00000072,1.322029220737795
turkey_u019,neerajaabhyankar_hindustani-raag-small_00000051,0.7090956564957144
turkey_u019,neerajaabhyankar_hindustani-raag-small_00000150,0.5357700201987041
turkey_u019,neerajaabhyankar_hindustani-raag-small_00000007,1.375175577265977
turkey_u019,neerajaabhyankar_hindustani-raag-small_00000023,0.5994380924624175
turkey_u019,neerajaabhyankar_hindustani-raag-small_00000004,0.5933935553081877
turkey_u020,bilal63_turkish_music_emotion_dataset_00000142,2.084200896709953
turkey_u020,bilal63_turkish_music_emotion_dataset_00000075,1.200345071111444
turkey_u020,bilal63_turkish_music_emotion_dataset_00000158,0.8656499408018226
turkey_u020,bilal63_turkish_music_emotion_dataset_00000155,1.2650431177281123
turkey_u020,bilal63_turkish_music_emotion_dataset_00000008,1.9307927670023315
turkey_u020,bilal63_turkish_music_emotion_dataset_00000144,1.5953162377873022
turkey_u020,bilal63_turkish_music_emotion_dataset_00000009,0.7494720429901153
turkey_u020,bilal63_turkish_music_emotion_dataset_00000134,1.5016478412141325
turkey_u020,bilal63_turkish_music_emotion_dataset_00000096,1.3824472830108983
turkey_u020,bilal63_turkish_music_emotion_dataset_00000020,1.1392686416365034
turkey_u020,bilal63_turkish_music_emotion_dataset_00000014,0.7650270281919826
turkey_u020,bilal63_turkish_music_emotion_dataset_00000140,2.267418088944974
turkey_u020,bilal63_turkish_music_emotion_dataset_00000147,0.8786747268158659
turkey_u020,bilal63_turkish_music_emotion_dataset_00000091,0.9074814866140358
turkey_u020,bilal63_turkish_music_emotion_dataset_00000044,0.8261301438763567
turkey_u020,bilal63_turkish_music_emotion_dataset_00000007,1.5585829917556682
turkey_u020,bilal63_turkish_music_emotion_dataset_00000032,1.340330015982658
turkey_u020,bilal63_turkish_music_emotion_dataset_00000121,1.005486138995809
turkey_u020,bilal63_turkish_music_emotion_dataset_00000094,1.3157553357121359
turkey_u020,bilal63_turkish_music_emotion_dataset_00000107,1.736825193081463
turkey_u020,bilal63_turkish_music_emotion_dataset_00000055,1.060933416835137
turkey_u020,bilal63_turkish_music_emotion_dataset_00000098,2.153798963652406
turkey_u020,bilal63_turkish_music_emotion_dataset_00000112,1.1034472591315423
turkey_u020,bilal63_turkish_music_emotion_dataset_00000065,0.9168588281694218
turkey_u020,sanchit-gandhi_gtzan_00000117,1.7386665932782996
turkey_u020,sanchit-gandhi_gtzan_00000121,1.5442568236595422
turkey_u020,sanchit-gandhi_gtzan_00000139,0.9132357935386786
turkey_u020,sanchit-gandhi_gtzan_00000128,1.5859329990442326
turkey_u020,sanchit-gandhi_gtzan_00000141,1.15039923635763
turkey_u020,sanchit-gandhi_gtzan_00000159,0.9181158726524347
turkey_u020,sanchit-gandhi_gtzan_00000153,1.5834756458779393
turkey_u020,sanchit-gandhi_gtzan_00000133,1.4654228402669947
turkey_u020,neerajaabhyankar_hindustani-raag-small_00000040,0.852131037568193
turkey_u020,neerajaabhyankar_hindustani-raag-small_00000003,1.2690159955982647
turkey_u020,neerajaabhyankar_hindustani-raag-small_00000140,0.9486768017517262
turkey_u020,neerajaabhyankar_hindustani-raag-small_00000035,0.451420162956524
turkey_u020,neerajaabhyankar_hindustani-raag-small_00000048,1.7484512508903771
turkey_u020,neerajaabhyankar_hindustani-raag-small_00000047,1.1919992526983296
turkey_u020,neerajaabhyankar_hindustani-raag-small_00000148,1.2578840122488073
turkey_u020,neerajaabhyankar_hindustani-raag-small_00000087,1.2598534246643482
turkey_u021,bilal63_turkish_music_emotion_dataset_00000035,1.811329939105722
turkey_u021,bilal63_turkish_music_emotion_dataset_00000138,2.214764962484686
turkey_u021,bilal63_turkish_music_emotion_dataset_00000079,1.5559381857883559
turkey_u021,bilal63_turkish_music_emotion_dataset_00000094,1.0832214074837367
turkey_u021,bilal63_turkish_music_emotion_dataset_00000044,1.4194371788450735
turkey_u021,bilal63_turkish_music_emotion_dataset_00000042,1.6336563338522105
turkey_u021,bilal63_turkish_music_emotion_dataset_00000130,1.3111089042701738
turkey_u021,bilal63_turkish_music_emotion_dataset_00000109,1.9397046377952205
turkey_u021,bilal63_turkish_music_emotion_dataset_00000048,1.58345779107232
turkey_u021,bilal63_turkish_music_emotion_dataset_00000066,0.5912766301576972
turkey_u021,bilal63_turkish_music_emotion_dataset_00000144,1.5579738072002145
turkey_u021,bilal63_turkish_music_emotion_dataset_00000136,1.66796653074971
turkey_u021,bilal63_turkish_music_emotion_dataset_00000040,2.153825658913522
turkey_u021,bilal63_turkish_music_emotion_dataset_00000019,1.2886698870707252
turkey_u021,bilal63_turkish_music_emotion_dataset_00000103,1.565956712243093
turkey_u021,bilal63_turkish_music_emotion_dataset_00000027,1.3943706024822948
turkey_u021,bilal63_turkish_music_emotion_dataset_00000053,1.4921073391088273
turkey_u021,bilal63_turkish_music_emotion_dataset_00000100,0.6910995219040188
turkey_u021,bilal63_turkish_music_emotion_dataset_00000007,2.1228143264946
turkey_u021,bilal63_turkish_music_emotion_dataset_00000088,2.145461286209554
turkey_u021,bilal63_turkish_music_emotion_dataset_00000049,1.5204028269785412
turkey_u021,bilal63_turkish_music_emotion_dataset_00000158,1.535058264618631
turkey_u021,bilal63_turkish_music_emotion_dataset_00000096,0.6742841620033215
turkey_u021,bilal63_turkish_music_emotion_dataset_00000009,1.6064646351315803
turkey_u021,neerajaabhyankar_hindustani-raag-small_00000009,1.0293549163368694
turkey_u021,neerajaabhyankar_hindustani-raag-small_00000002,1.4072089008164903
turkey_u021,neerajaabhyankar_hindustani-raag-small_00000029,0.5136186374040227
turkey_u021,neerajaabhyankar_hindustani-raag-small_00000087,1.4096983716848113
turkey_u021,neerajaabhyankar_hindustani-raag-small_00000109,0.8373066621736237
turkey_u021,neerajaabhyankar_hindustani-raag-small_00000128,1.3298021961116957
turkey_u021,neerajaabhyankar_hindustani-raag-small_00000136,1.296620066671366
turkey_u021,neerajaabhyankar_hindustani-raag-small_00000023,0.756236004253514
turkey_u021,ccmusic-database_erhu_playing_tech_00000134,1.04461066604196
turkey_u021,ccmusic-database_erhu_playing_tech_00000114,1.5781048997219882
turkey_u021,ccmusic-database_erhu_playing_tech_00000016,1.2675487188529448
turkey_u021,ccmusic-database_erhu_playing_tech_00000092,0.5427967076708555
turkey_u021,ccmusic-database_erhu_playing_tech_00000151,1.0479269222831202
turkey_u021,ccmusic-database_erhu_playing_tech_00000120,0.870891469350188
turkey_u021,ccmusic-database_erhu_playing_tech_00000036,1.3162216665307043
turkey_u021,ccmusic-database_erhu_playing_tech_00000105,1.279661320748602
turkey_u022,bilal63_turkish_music_emotion_dataset_00000026,0.9371366900864507
turkey_u022,bilal63_turkish_music_emotion_dataset_00000008,1.7756706584565602
turkey_u022,bilal63_turkish_music_emotion_dataset_00000146,1.0185700140685632
turkey_u022,bilal63_turkish_music_emotion_dataset_00000010,2.1135071481771335
turkey_u022,bilal63_turkish_music_emotion_dataset_00000044,1.708617833281693
turkey_u022,bilal63_turkish_music_emotion_dataset_00000108,2.0106890114711455
turkey_u022,bilal63_turkish_music_emotion_dataset_00000063,1.6362019536195676
turkey_u022,bilal63_turkish_music_emotion_dataset_00000081,2.0737655445129772
turkey_u022,bilal63_turkish_music_emotion_dataset_00000109,1.198906064413209
turkey_u022,bilal63_turkish_music_emotion_dataset_00000042,1.522267495127625
turkey_u022,bilal63_turkish_music_emotion_dataset_00000087,1.4649109407664753
turkey_u022,bilal63_turkish_music_emotion_dataset_00000120,2.134038971434499
turkey_u022,bilal63_turkish_music_emotion_dataset_00000132,0.8594790798498583
turkey_u022,bilal63_turkish_music_emotion_dataset_00000093,1.5721548164970445
turkey_u022,bilal63_turkish_music_emotion_dataset_00000062,1.876393810041541
turkey_u022,bilal63_turkish_music_emotion_dataset_00000065,1.213335836920564
turkey_u022,bilal63_turkish_music_emotion_dataset_00000011,2.071578129962559
turkey_u022,bilal63_turkish_music_emotion_dataset_00000017,1.218450473209091
turkey_u022,bilal63_turkish_music_emotion_dataset_00000105,0.8739576108204553
turkey_u022,bilal63_turkish_music_emotion_dataset_00000102,1.5824834130736796
turkey_u022,bilal63_turkish_music_emotion_dataset_00000083,1.300479817314364
turkey_u022,bilal63_turkish_music_emotion_dataset_00000035,0.6012029305764579
turkey_u022,bilal63_turkish_music_emotion_dataset_00000023,0.695471572051293
turkey_u022,bilal63_turkish_music_emotion_dataset_00000047,0.9118531358563677
turkey_u022,sanchit-gandhi_gtzan_00000043,1.4885954453495056
turkey_u022,sanchit-gandhi_gtzan_00000012,1.6542533466455602
turkey_u022,sanchit-gandhi_gtzan_00000026,1.1866151799192004
turkey_u022,sanchit-gandhi_gtzan_00000084,0.5925133743940667
turkey_u022,sanchit-gandhi_gtzan_00000059,1.1714655855264922
turkey_u022,sanchit-gandhi_gtzan_00000072,1.6050673718058757
turkey_u022,sanchit-gandhi_gtzan_00000093,1.461794799315496
turkey_u022,sanchit-gandhi_gtzan_00000017,0.8429825209914562
turkey_u022,neerajaabhyankar_hindustani-raag-small_00000020,0.6172523225392831
turkey_u022,neerajaabhyankar_hindustani-raag-small_00000118,1.6659202946790281
turkey_u022,neerajaabhyankar_hindustani-raag-small_00000157,1.6030198079534848
turkey_u022,neerajaabhyankar_hindustani-raag-small_00000123,0.5225157429460549
turkey_u022,neerajaabhyankar_hindustani-raag-small_00000122,1.5619605612631617
turkey_u022,neerajaabhyankar_hindustani-raag-small_00000139,0.5812370610096684
turkey_u022,neerajaabhyankar_hindustani-raag-small_00000159,0.53543290509275
turkey_u022,neerajaabhyankar_hindustani-raag-small_00000024,1.4741112111474504
turkey_u023,bilal63_turkish_music_emotion_dataset_00000098,0.691678231517786
turkey_u023,bilal63_turkish_music_emotion_dataset_00000155,0.8909170965908708
turkey_u023,bilal63_turkish_music_emotion_dataset_00000079,2.22061236441072
turkey_u023,bilal63_turkish_music_emotion_dataset_00000146,2.245922066575715
turkey_u023,bilal63_turkish_music_emotion_dataset_00000148,2.243787966129675
turkey_u023,bilal63_turkish_music_emotion_dataset_00000062,0.6384789656902035
turkey_u023,bilal63_turkish_music_emotion_dataset_00000104,1.2347230897127466
turkey_u023,bilal63_turkish_music_emotion_dataset_00000089,1.885435414379293
turkey_u023,bilal63_turkish_music_emotion_dataset_00000008,1.873728011309758
turkey_u023,bilal63_turkish_music_emotion_dataset_00000082,0.7231928610386784
turkey_u023,bilal63_turkish_music_emotion_dataset_00000131,1.62636833022942
turkey_u023,bilal63_turkish_music_emotion_dataset_00000113,0.8214500919829791
turkey_u023,bilal63_turkish_music_emotion_dataset_00000144,1.4257860991969435
turkey_u023,bilal63_turkish_music_emotion_dataset_00000056,0.9884578339509346
turkey_u023,bilal63_turkish_music_emotion_dataset_00000118,0.6667030212424052
turkey_u023,bilal63_turkish_music_emotion_dataset_00000111,0.7130335090334015
turkey_u023,bilal63_turkish_music_emotion_dataset_00000110,2.1462903382840914
turkey_u023,bilal63_turkish_music_emotion_dataset_00000016,1.859514288247646
turkey_u023,bilal63_turkish_music_emotion_dataset_00000048,2.182396368558339
turkey_u023,bilal63_turkish_music_emotion_dataset_00000081,1.3857326332753783
turkey_u023,bilal63_turkish_music_emotion_dataset_00000031,1.2879295606935874
turkey_u023,bilal63_turkish_music_emotion_dataset_00000158,1.1932525795661149
turkey_u023,bilal63_turkish_music_emotion_dataset_00000125,1.6381297406898552
turkey_u023,bilal63_turkish_music_emotion_dataset_00000035,1.1814399425255504
turkey_u023,sanchit-gandhi_gtzan_00000067,1.4574688658757085
turkey_u023,sanchit-gandhi_gtzan_00000014,1.531778390391414
turkey_u023,sanchit-gandhi_gtzan_00000085,1.6323902011296645
turkey_u023,sanchit-gandhi_gtzan_00000056,0.7777812558311243
turkey_u023,sanchit-gandhi_gtzan_00000026,1.161479766544707
turkey_u023,sanchit-gandhi_gtzan_00000027,0.7516502325852824
turkey_u023,sanchit-gandhi_gtzan_00000013,0.5007003616174606
turkey_u023,sanchit-gandhi_gtzan_00000076,1.405564160629281
turkey_u023,neerajaabhyankar_hindustani-raag-small_00000037,1.1911247198124182
turkey_u023,neerajaabhyankar_hindustani-raag-small_00000115,1.4273018273966631
turkey_u023,neerajaabhyankar_hindustani-raag-small_00000010,0.5682909303988252
turkey_u023,neerajaabhyankar_hindustani-raag-small_00000102,1.7939603417336216
turkey_u023,neerajaabhyankar_hindustani-raag-small_00000142,1.7923705653784932
turkey_u023,neerajaabhyankar_hindustani-raag-small_00000060,1.0777497644297422
turkey_u023,neerajaabhyankar_hindustani-raag-small_00000026,1.6191792654981787
turkey_u023,neerajaabhyankar_hindustani-raag-small_00000147,0.7788175503375017
west_u000,sanchit-gandhi_gtzan_00000153,0.8482636556974169
west_u000,sanchit-gandhi_gtzan_00000131,1.7595992442376385
west_u000,sanchit-gandhi_gtzan_00000150,1.0030964899241424
west_u000,sanchit-gandhi_gtzan_00000132,1.4812924591694356
west_u000,sanchit-gandhi_gtzan_00000136,1.9409064795108304
west_u000,sanchit-gandhi_gtzan_00000133,1.7323702492397859
west_u000,sanchit-gandhi_gtzan_00000129,1.0896951338973537
west_u000,sanchit-gandhi_gtzan_00000141,1.1491951448131879
west_u000,sanchit-gandhi_gtzan_00000105,1.7020533943902298
west_u000,sanchit-gandhi_gtzan_00000158,1.5228318676114034
west_u000,sanchit-gandhi_gtzan_00000139,0.7412787658858265
west_u000,sanchit-gandhi_gtzan_00000119,2.082635491496867
west_u000,sanchit-gandhi_gtzan_00000155,1.459257852892509
west_u000,sanchit-gandhi_gtzan_00000143,1.3915477477656275
west_u000,sanchit-gandhi_gtzan_00000140,0.9173078556906524
west_u000,sanchit-gandhi_gtzan_00000106,1.2253143377241766
west_u000,sanchit-gandhi_gtzan_00000116,1.149122887493546
west_u000,sanchit-gandhi_gtzan_00000146,1.0420190528807611
west_u000,sanchit-gandhi_gtzan_00000159,1.5537763412656838
west_u000,sanchit-gandhi_gtzan_00000135,1.3724249964834865
west_u000,sanchit-gandhi_gtzan_00000134,2.108866007167801
west_u000,sanchit-gandhi_gtzan_00000144,2.1988183604063525
west_u000,sanchit-gandhi_gtzan_00000108,0.9535916654184566
west_u000,sanchit-gandhi_gtzan_00000151,0.7476818646234381
west_u000,ccmusic-database_erhu_playing_tech_00000079,1.5102056945084616
west_u000,ccmusic-database_erhu_playing_tech_00000120,1.7930628949121221
west_u000,ccmusic-database_erhu_playing_tech_00000101,1.615860094303108
west_u000,ccmusic-database_erhu_playing_tech_00000124,0.4819914928602919
west_u000,ccmusic-database_erhu_playing_tech_00000107,0.7892057934537291
west_u000,ccmusic-database_erhu_playing_tech_00000080,0.5085120740057063
west_u000,ccmusic-database_erhu_playing_tech_00000114,1.558052159005575
west_u000,ccmusic-database_erhu_playing_tech_00000011,1.234899417994627
west_u000,bilal63_turkish_music_emotion_dataset_00000054,1.1435200305755229
west_u000,bilal63_turkish_music_emotion_dataset_00000048,1.1985073406953124
west_u000,bilal63_turkish_music_emotion_dataset_00000051,0.790809199240398
west_u000,bilal63_turkish_music_emotion_dataset_00000079,1.2622117983374648
west_u000,bilal63_turkish_music_emotion_dataset_00000030,0.49140042092644054
west_u000,bilal63_turkish_music_emotion_dataset_00000064,1.3221158273606337
west_u000,bilal63_turkish_music_emotion_dataset_00000049,1.4414856707414216
west_u000,bilal63_turkish_music_emotion_dataset_00000110,1.3585854560109667
west_u001,sanchit-gandhi_gtzan_00000123,1.671115495564619
west_u001,sanchit-gandhi_gtzan_00000153,1.6505871012889535
west_u001,sanchit-gandhi_gtzan_00000146,1.0791055580777256
west_u001,sanchit-gandhi_gtzan_00000128,0.8055989031267403
west_u001,sanchit-gandhi_gtzan_00000152,2.233022374296777
west_u001,sanchit-gandhi_gtzan_00000151,0.7557760137723565
west_u001,sanchit-gandhi_gtzan_00000127,1.487543285126904
west_u001,sanchit-gandhi_gtzan_00000113,1.0451808191899958
west_u001,sanchit-gandhi_gtzan_00000104,1.0306426446780093
west_u001,sanchit-gandhi_gtzan_00000105,1.6006612282973525
west_u001,sanchit-gandhi_gtzan_00000117,1.9514363521335485
west_u001,sanchit-gandhi_gtzan_00000130,1.9156346078839555
west_u001,sanchit-gandhi_gtzan_00000156,2.07368291385888
west_u001,sanchit-gandhi_gtzan_00000141,1.0802572228988332
west_u001,sanchit-gandhi_gtzan_00000103,1.3784211334585021
west_u001,sanchit-gandhi_gtzan_00000147,0.591102138804543
west_u001,sanchit-gandhi_gtzan_00000107,1.8633293999102303
west_u001,sanchit-gandhi_gtzan_00000125,1.0965418684454382
west_u001,sanchit-gandhi_gtzan_00000134,1.5435763448910713
west_u001,sanchit-gandhi_gtzan_00000110,0.8670429864835524
west_u001,sanchit-gandhi_gtzan_00000101,1.9884641498067166
west_u001,sanchit-gandhi_gtzan_00000108,1.984794578255029
west_u001,sanchit-gandhi_gtzan_00000126,2.088606277948848
west_u001,sanchit-gandhi_gtzan_00000142,0.6542413200090968
west_u001,ccmusic-database_erhu_playing_tech_00000091,1.7898192581962684
west_u001,ccmusic-database_erhu_playing_tech_00000084,0.7845022094935876
west_u001,ccmusic-database_erhu_playing_tech_00000050,0.8677354761639218
west_u001,ccmusic-database_erhu_playing_tech_00000159,0.7866032344071022
west_u001,ccmusic-database_erhu_playing_tech_00000130,0.8111691427948188
west_u001,ccmusic-database_erhu_playing_tech_00000134,1.196092830739923
west_u001,ccmusic-database_erhu_playing_tech_00000081,0.7737442348101023
west_u001,ccmusic-database_erhu_playing_tech_00000147,0.9815912703905465
west_u001,neerajaabhyankar_hindustani-raag-small_00000148,1.3350688862983409
west_u001,neerajaabhyankar_hindustani-raag-small_00000085,1.5786353748299313
west_u001,neerajaabhyankar_hindustani-raag-small_00000081,1.3852010253602876
west_u001,neerajaabhyankar_hindustani-raag-small_00000004,1.2523358404628864
west_u001,neerajaabhyankar_hindustani-raag-small_00000009,0.6494335594304428
west_u001,neerajaabhyankar_hindustani-raag-small_00000032,1.5517560620807316
west_u001,neerajaabhyankar_hindustani-raag-small_00000068,0.5003210987906023
west_u001,neerajaabhyankar_hindustani-raag-small_00000131,0.8066587453676578
west_u002,sanchit-gandhi_gtzan_00000143,0.6486987216012403
west_u002,sanchit-gandhi_gtzan_00000142,1.2270760601552015
west_u002,sanchit-gandhi_gtzan_00000121,2.2138094490271323
west_u002,sanchit-gandhi_gtzan_00000151,1.4086277816025192
west_u002,sanchit-gandhi_gtzan_00000138,0.7616975035435974
west_u002,sanchit-gandhi_gtzan_00000158,1.7615012806739896
west_u002,sanchit-gandhi_gtzan_00000149,2.236829378264449
west_u002,sanchit-gandhi_gtzan_00000139,2.141205550288843
west_u002,sanchit-gandhi_gtzan_00000156,1.561632445219039
west_u002,sanchit-gandhi_gtzan_00000118,1.2240842840012163
west_u002,sanchit-gandhi_gtzan_00000157,1.5766689781784395
west_u002,sanchit-gandhi_gtzan_00000102,1.9824810822937053
west_u002,sanchit-gandhi_gtzan_00000133,2.060634414981833
west_u002,sanchit-gandhi_gtzan_00000123,1.987505701525711
west_u002,sanchit-gandhi_gtzan_00000150,1.3606967528119975
west_u002,sanchit-gandhi_gtzan_00000126,0.7800300320086466
west_u002,sanchit-gandhi_gtzan_00000114,1.556824161124389
west_u002,sanchit-gandhi_gtzan_00000144,0.8448397283575549
west_u002,sanchit-gandhi_gtzan_00000154,0.6801531259738016
west_u002,sanchit-gandhi_gtzan_00000130,1.435202012664785
west_u002,sanchit-gandhi_gtzan_00000120,1.705519201330433
west_u002,sanchit-gandhi_gtzan_00000124,2.048404103551028
west_u002,sanchit-gandhi_gtzan_00000104,1.9253913305711734
west_u002,sanchit-gandhi_gtzan_00000110,2.0537398845050454
west_u002,ccmusic-database_erhu_playing_tech_00000059,1.4760928406082021
west_u002,ccmusic-database_erhu_playing_tech_00000114,1.399373185823288
west_u002,ccmusic-database_erhu_playing_tech_00000155,0.4636857183399445
west_u002,ccmusic-database_erhu_playing_tech_00000028,1.2952381209424342
west_u002,ccmusic-database_erhu_playing_tech_00000083,0.6126504355878089
west_u002,ccmusic-database_erhu_playing_tech_00000074,0.5292006286489304
west_u002,ccmusic-database_erhu_playing_tech_00000007,0.6611564053426348
west_u002,ccmusic-database_erhu_playing_tech_00000157,1.561444417946363
west_u002,bilal63_turkish_music_emotion_dataset_00000002,1.4541966806850288
west_u002,bilal63_turkish_music_emotion_dataset_00000024,1.7308427470270367
west_u002,bilal63_turkish_music_emotion_dataset_00000040,1.7716179491780542
west_u002,bilal63_turkish_music_emotion_dataset_00000021,1.655933381604876
west_u002,bilal63_turkish_music_emotion_dataset_00000141,0.6294501688189489
west_u002,bilal63_turkish_music_emotion_dataset_00000103,1.6358167002487236
west_u002,bilal63_turkish_music_emotion_dataset_00000078,1.5821601319646712
west_u002,bilal63_turkish_music_emotion_dataset_00000085,1.6259659108105915
west_u003,sanchit-gandhi_gtzan_00000106,0.9651879274215621
west_u003,sanchit-gandhi_gtzan_00000111,1.0731818402572202
west_u003,sanchit-gandhi_gtzan_00000149,0.8104110338361386
west_u003,sanchit-gandhi_gtzan_00000148,2.159559899644251
west_u003,sanchit-gandhi_gtzan_00000100,0.6618465847579081
west_u003,sanchit-gandhi_gtzan_00000157,0.5971597787589175
west_u003,sanchit-gandhi_gtzan_00000135,0.8906559103338486
west_u003,sanchit-gandhi_gtzan_00000108,1.973757680895829
west_u003,sanchit-gandhi_gtzan_00000142,1.4779802069386152
west_u003,sanchit-gandhi_gtzan_00000155,1.6545796707253013
west_u003,sanchit-gandhi_gtzan_00000117,1.1920871400921424
west_u003,sanchit-gandhi_gtzan_00000125,0.6934695250723183
west_u003,sanchit-gandhi_gtzan_00000115,2.05187283029899
west_u003,sanchit-gandhi_gtzan_00000102,0.9060176194163277
west_u003,sanchit-gandhi_gtzan_00000120,0.6320271209403228
west_u003,sanchit-gandhi_gtzan_00000144,1.562914634484759
west_u003,sanchit-gandhi_gtzan_00000124,0.7186739051634369
west_u003,sanchit-gandhi_gtzan_00000109,0.740189194458214
west_u003,sanchit-gandhi_gtzan_00000118,1.9556503793073556
west_u003,sanchit-gandhi_gtzan_00000145,1.423026541573542
west_u003,sanchit-gandhi_gtzan_00000121,0.9916020801263217
west_u003,sanchit-gandhi_gtzan_00000153,1.1763805802951697
west_u003,sanchit-gandhi_gtzan_00000112,1.8329406885044706
west_u003,sanchit-gandhi_gtzan_00000105,0.6894608997051381
west_u003,bilal63_turkish_music_emotion_dataset_00000035,0.6072488315098334
west_u003,bilal63_turkish_music_emotion_dataset_00000008,1.281953747237269
west_u003,bilal63_turkish_music_emotion_dataset_00000041,1.2694118415305948
west_u003,bilal63_turkish_music_emotion_dataset_00000131,1.762823949122752
west_u003,bilal63_turkish_music_emotion_dataset_00000120,0.955641799694857
west_u003,bilal63_turkish_music_emotion_dataset_00000058,0.5378547966896465
west_u003,bilal63_turkish_music_emotion_dataset_00000004,1.1756755370469978
west_u003,bilal63_turkish_music_emotion_dataset_00000083,1.3117681958784169
west_u003,ccmusic-database_erhu_playing_tech_00000063,0.6384637608114363
west_u003,ccmusic-database_erhu_playing_tech_00000016,1.1963636642725157
west_u003,ccmusic-database_erhu_playing_tech_00000044,0.7169856142386573
west_u003,ccmusic-database_erhu_playing_tech_00000099,1.5903855781394425
west_u003,ccmusic-database_erhu_playing_tech_00000136,1.57746801930817
west_u003,ccmusic-database_erhu_playing_tech_00000138,1.0299992795978965
west_u003,ccmusic-database_erhu_playing_tech_00000114,1.7551033071922855
west_u003,ccmusic-database_erhu_playing_tech_00000024,1.7726947305071512
west_u004,sanchit-gandhi_gtzan_00000000,1.1379675720671931
west_u004,sanchit-gandhi_gtzan_00000069,2.1592809404805644
west_u004,sanchit-gandhi_gtzan_00000040,1.839777954093604
west_u004,sanchit-gandhi_gtzan_00000043,1.963122315302547
west_u004,sanchit-gandhi_gtzan_00000042,1.8186597326010765
west_u004,sanchit-gandhi_gtzan_00000036,1.193335988371169
west_u004,sanchit-gandhi_gtzan_00000017,1.063231041908045
west_u004,sanchit-gandhi_gtzan_00000051,1.3038419450237992
west_u004,sanchit-gandhi_gtzan_00000045,0.7423773719200433
west_u004,sanchit-gandhi_gtzan_00000028,1.3534588652012587
west_u004,sanchit-gandhi_gtzan_00000082,0.6494181958392886
west_u004,sanchit-gandhi_gtzan_00000083,0.5818067810469104
west_u004,sanchit-gandhi_gtzan_00000062,2.181835670593845
west_u004,sanchit-gandhi_gtzan_00000006,1.7641060845141152
west_u004,sanchit-gandhi_gtzan_00000012,1.5441859836887963
west_u004,sanchit-gandhi_gtzan_00000099,1.1634010180047747
west_u004,sanchit-gandhi_gtzan_00000035,1.5591780753317528
west_u004,sanchit-gandhi_gtzan_00000031,2.112968214183622
west_u004,sanchit-gandhi_gtzan_00000049,1.7003557310531663
west_u004,sanchit-gandhi_gtzan_00000089,1.6142814464697945
west_u004,sanchit-gandhi_gtzan_00000047,1.3688527676261444
west_u004,sanchit-gandhi_gtzan_00000022,1.1713273778727298
west_u004,sanchit-gandhi_gtzan_00000087,1.7799937715149527
west_u004,sanchit-gandhi_gtzan_00000073,2.267192123252279
west_u004,bilal63_turkish_music_emotion_dataset_00000111,1.0234228862527968
west_u004,bilal63_turkish_music_emotion_dataset_00000039,0.979477025419171
west_u004,bilal63_turkish_music_emotion_dataset_00000043,1.0279531876928074
west_u004,bilal63_turkish_music_emotion_dataset_00000052,1.024484356867124
west_u004,bilal63_turkish_music_emotion_dataset_00000047,1.7873434440474685
west_u004,bilal63_turkish_music_emotion_dataset_00000041,1.4041506476376098
west_u004,bilal63_turkish_music_emotion_dataset_00000133,0.9348990064342987
west_u004,bilal63_turkish_music_emotion_dataset_00000045,0.9515282046660756
west_u004,ccmusic-database_erhu_playing_tech_00000068,1.0315758484044755
west_u004,ccmusic-database_erhu_playing_tech_00000024,0.4995614532336071
west_u004,ccmusic-database_erhu_playing_tech_00000015,1.1625521427286876
west_u004,ccmusic-database_erhu_playing_tech_00000029,1.5453642845557323
west_u004,ccmusic-database_erhu_playing_tech_00000074,1.3417665208301393
west_u004,ccmusic-database_erhu_playing_tech_00000117,0.7178681431280811
west_u004,ccmusic-database_erhu_playing_tech_00000106,1.4328462258607995
west_u004,ccmusic-database_erhu_playing_tech_00000123,1.421269118548241
west_u005,sanchit-gandhi_gtzan_00000096,1.3551248538406477
west_u005,sanchit-gandhi_gtzan_00000017,1.3232176450394755
west_u005,sanchit-gandhi_gtzan_00000056,2.1411846368620724
west_u005,sanchit-gandhi_gtzan_00000016,1.4201389099248982
west_u005,sanchit-gandhi_gtzan_00000045,1.986910609187608
west_u005,sanchit-gandhi_gtzan_00000043,0.9642503777727086
west_u005,sanchit-gandhi_gtzan_00000009,1.1823428207440962
west_u005,sanchit-gandhi_gtzan_00000047,0.7045291815922543
west_u005,sanchit-gandhi_gtzan_00000093,1.3007899460670764
west_u005,sanchit-gandhi_gtzan_00000044,1.7285073052042559
west_u005,sanchit-gandhi_gtzan_00000092,2.0208381338387085
west_u005,sanchit-gandhi_gtzan_00000060,1.5512032228535426
west_u005,sanchit-gandhi_gtzan_00000091,1.6791253550480603
west_u005,sanchit-gandhi_gtzan_00000013,0.8807857088892356
west_u005,sanchit-gandhi_gtzan_00000050,0.6391804159526828
west_u005,sanchit-gandhi_gtzan_00000037,1.9406620504308698
west_u005,sanchit-gandhi_gtzan_00000003,0.863140907836219
west_u005,sanchit-gandhi_gtzan_00000011,0.7322674487939979
west_u005,sanchit-gandhi_gtzan_00000067,2.192295003563877
west_u005,sanchit-gandhi_gtzan_00000041,2.2370743530020794
west_u005,sanchit-gandhi_gtzan_00000005,1.638043828014303
west_u005,sanchit-gandhi_gtzan_00000072,1.228149295385581
west_u005,sanchit-gandhi_gtzan_00000087,2.0123382081629893
west_u005,sanchit-gandhi_gtzan_00000066,0.9281419298535865
west_u005,ccmusic-database_erhu_playing_tech_00000024,1.0296796420300707
west_u005,ccmusic-database_erhu_playing_tech_00000140,0.9319733536508122
west_u005,ccmusic-database_erhu_playing_tech_00000043,1.6821449875012702
west_u005,ccmusic-database_erhu_playing_tech_00000058,1.6916995107390693
west_u005,ccmusic-database_erhu_playing_tech_00000097,1.3286960005369497
west_u005,ccmusic-database_erhu_playing_tech_00000106,0.599499189368134
west_u005,ccmusic-database_erhu_playing_tech_00000092,1.1009602660387083
west_u005,ccmusic-database_erhu_playing_tech_00000038,0.7811932944024766
west_u005,bilal63_turkish_music_emotion_dataset_00000141,1.6446361452990506
west_u005,bilal63_turkish_music_emotion_dataset_00000023,0.6368437786718726
west_u005,bilal63_turkish_music_emotion_dataset_00000068,0.523318872411955
west_u005,bilal63_turkish_music_emotion_dataset_00000089,1.4009791952926056
west_u005,bilal63_turkish_music_emotion_dataset_00000062,1.0619362012070064
west_u005,bilal63_turkish_music_emotion_dataset_00000007,1.581792598264164
west_u005,bilal63_turkish_music_emotion_dataset_00000033,0.5507500020785709
west_u005,bilal63_turkish_music_emotion_dataset_00000043,1.5314527790205874
west_u006,sanchit-gandhi_gtzan_00000002,1.177708833267139
west_u006,sanchit-gandhi_gtzan_00000040,1.7987508948336202
west_u006,sanchit-gandhi_gtzan_00000003,0.8454351640550408
west_u006,sanchit-gandhi_gtzan_00000069,2.0342620275062155
west_u006,sanchit-gandhi_gtzan_00000050,2.2172546800043125
west_u006,sanchit-gandhi_gtzan_00000017,0.8383966212871151
west_u006,sanchit-gandhi_gtzan_00000076,1.768457592602273
west_u006,sanchit-gandhi_gtzan_00000059,1.4475586415600068
west_u006,sanchit-gandhi_gtzan_00000096,1.491836347410853
west_u006,sanchit-gandhi_gtzan_00000061,1.793694764586187
west_u006,sanchit-gandhi_gtzan_00000064,1.4180773613553543
west_u006,sanchit-gandhi_gtzan_00000019,1.6105630262305612
west_u006,sanchit-gandhi_gtzan_00000036,0.9733042584846255
west_u006,sanchit-gandhi_gtzan_00000068,1.2279238789428872
west_u006,sanchit-gandhi_gtzan_00000034,2.0675396038733407
west_u006,sanchit-gandhi_gtzan_00000038,0.7645818325934651
west_u006,sanchit-gandhi_gtzan_00000005,1.6058173251105285
west_u006,sanchit-gandhi_gtzan_00000060,0.8928951823551856
west_u006,sanchit-gandhi_gtzan_00000071,2.0352808064178163
west_u006,sanchit-gandhi_gtzan_00000063,1.5738508203973731
west_u006,sanchit-gandhi_gtzan_00000085,1.2702591501062177
west_u006,sanchit-gandhi_gtzan_00000084,1.0059475620493858
west_u006,sanchit-gandhi_gtzan_00000093,1.3285571061021193
west_u006,sanchit-gandhi_gtzan_00000049,2.2268812622150054
west_u006,bilal63_turkish_music_emotion_dataset_00000145,1.137432541153888
west_u006,bilal63_turkish_music_emotion_dataset_00000020,1.0838108677948113
west_u006,bilal63_turkish_music_emotion_dataset_00000099,1.4574696482254172
west_u006,bilal63_turkish_music_emotion_dataset_00000125,0.9617135456230742
west_u006,bilal63_turkish_music_emotion_dataset_00000152,1.027022332339072
west_u006,bilal63_turkish_music_emotion_dataset_00000050,0.9048794376216857
west_u006,bilal63_turkish_music_emotion_dataset_00000017,0.6537416696946784
west_u006,bilal63_turkish_music_emotion_dataset_00000128,1.4136424391735785
west_u006,ccmusic-database_erhu_playing_tech_00000081,1.6285917337428921
west_u006,ccmusic-database_erhu_playing_tech_00000131,1.6725500764777335
west_u006,ccmusic-database_erhu_playing_tech_00000144,1.6390839663510026
west_u006,ccmusic-database_erhu_playing_tech_00000077,1.0599081332912905
west_u006,ccmusic-database_erhu_playing_tech_00000025,0.833489359474315
west_u006,ccmusic-database_erhu_playing_tech_00000031,1.3111970619611117
west_u006,ccmusic-database_erhu_playing_tech_00000054,1.7388516310731428
west_u006,ccmusic-database_erhu_playing_tech_00000095,1.4315183750276166
west_u007,sanchit-gandhi_gtzan_00000119,0.9228288714084276
west_u007,sanchit-gandhi_gtzan_00000138,0.8107246483845093
west_u007,sanchit-gandhi_gtzan_00000117,1.6548860526755818
west_u007,sanchit-gandhi_gtzan_00000132,1.1250389328807642
west_u007,sanchit-gandhi_gtzan_00000133,0.8050273789363508
west_u007,sanchit-gandhi_gtzan_00000120,1.611933927197386
west_u007,sanchit-gandhi_gtzan_00000135,1.884249516958356
west_u007,sanchit-gandhi_gtzan_00000149,1.9432671955073448
west_u007,sanchit-gandhi_gtzan_00000151,0.8432592367461699
west_u007,sanchit-gandhi_gtzan_00000129,1.5355956921964002
west_u007,sanchit-gandhi_gtzan_00000121,1.9785951894255196
west_u007,sanchit-gandhi_gtzan_00000104,0.8528750947067194
west_u007,sanchit-gandhi_gtzan_00000156,0.9332518843044141
west_u007,sanchit-gandhi_gtzan_00000136,0.5791596605696437
west_u007,sanchit-gandhi_gtzan_00000127,1.479993919781872
west_u007,sanchit-gandhi_gtzan_00000141,0.9108259270868653
west_u007,sanchit-gandhi_gtzan_00000116,1.8243184431289006
west_u007,sanchit-gandhi_gtzan_00000126,2.2348189009403696
west_u007,sanchit-gandhi_gtzan_00000105,0.9351032185233962
west_u007,sanchit-gandhi_gtzan_00000145,1.6946923452920937
west_u007,sanchit-gandhi_gtzan_00000124,0.9404144460159319
west_u007,sanchit-gandhi_gtzan_00000112,0.6060618317399894
west_u007,sanchit-gandhi_gtzan_00000123,1.8835059850201585
west_u007,sanchit-gandhi_gtzan_00000108,1.32365806722279
west_u007,ccmusic-database_erhu_playing_tech_00000107,1.7281622630447817
west_u007,ccmusic-database_erhu_playing_tech_00000044,1.1712859408935976
west_u007,ccmusic-database_erhu_playing_tech_00000100,0.6626018731171733
west_u007,ccmusic-database_erhu_playing_tech_00000057,1.057195496426325
west_u007,ccmusic-database_erhu_playing_tech_00000032,0.7239039229881222
west_u007,ccmusic-database_erhu_playing_tech_00000047,1.6353395181268757
west_u007,ccmusic-database_erhu_playing_tech_00000129,1.3827192941981583
west_u007,ccmusic-database_erhu_playing_tech_00000159,0.9106723862838499
west_u007,bilal63_turkish_music_emotion_dataset_00000056,1.1625574357896395
west_u007,bilal63_turkish_music_emotion_dataset_00000067,1.3537982540875886
west_u007,bilal63_turkish_music_emotion_dataset_00000118,1.5068579174713241
west_u007,bilal63_turkish_music_emotion_dataset_00000021,0.5581987333252314
west_u007,bilal63_turkish_music_emotion_dataset_00000027,0.48040043669358323
west_u007,bilal63_turkish_music_emotion_dataset_00000102,0.6045111411793512
west_u007,bilal63_turkish_music_emotion_dataset_00000097,0.98324501873296
west_u007,bilal63_turkish_music_emotion_dataset_00000134,1.0800539236108244
west_u008,sanchit-gandhi_gtzan_00000129,2.0692673115817994
west_u008,sanchit-gandhi_gtzan_00000149,1.2676221426234764
west_u008,sanchit-gandhi_gtzan_00000112,1.6224333394045387
west_u008,sanchit-gandhi_gtzan_00000124,2.285803481585914
west_u008,sanchit-gandhi_gtzan_00000118,1.555554534623114
west_u008,sanchit-gandhi_gtzan_00000145,0.7734226141923823
west_u008,sanchit-gandhi_gtzan_00000148,0.6533680519933626
west_u008,sanchit-gandhi_gtzan_00000137,1.938292529308449
west_u008,sanchit-gandhi_gtzan_00000122,1.3057588613181845
west_u008,sanchit-gandhi_gtzan_00000116,1.0007522363353603
west_u008,sanchit-gandhi_gtzan_00000152,1.1747342528901334
west_u008,sanchit-gandhi_gtzan_00000126,1.88146819479263
west_u008,sanchit-gandhi_gtzan_00000153,1.3775516539683552
west_u008,sanchit-gandhi_gtzan_00000139,2.073161624607137
west_u008,sanchit-gandhi_gtzan_00000143,1.8427466406415314
west_u008,sanchit-gandhi_gtzan_00000105,2.255174409518358
west_u008,sanchit-gandhi_gtzan_00000141,2.1076689977124796
west_u008,sanchit-gandhi_gtzan_00000117,1.0140939403308655
west_u008,sanchit-gandhi_gtzan_00000115,1.7118771765844043
west_u008,sanchit-gandhi_gtzan_00000104,0.6104367345610482
west_u008,sanchit-gandhi_gtzan_00000140,2.2846590996410567
west_u008,sanchit-gandhi_gtzan_00000113,1.025235537684479
west_u008,sanchit-gandhi_gtzan_00000131,1.7217715365006823
west_u008,sanchit-gandhi_gtzan_00000128,2.03978999656925
west_u008,neerajaabhyankar_hindustani-raag-small_00000102,0.6666272946827615
west_u008,neerajaabhyankar_hindustani-raag-small_00000152,1.5946371127941468
west_u008,neerajaabhyankar_hindustani-raag-small_00000074,0.4665316488176102
west_u008,neerajaabhyankar_hindustani-raag-small_00000115,1.0466691364153
west_u008,neerajaabhyankar_hindustani-raag-small_00000159,1.087250790417037
west_u008,neerajaabhyankar_hindustani-raag-small_00000040,0.9550224628992935
west_u008,neerajaabhyankar_hindustani-raag-small_00000116,1.2416194075056746
west_u008,neerajaabhyankar_hindustani-raag-small_00000015,1.6850371707485532
west_u008,ccmusic-database_erhu_playing_tech_00000113,0.8914353043053903
west_u008,ccmusic-database_erhu_playing_tech_00000109,1.2320008476746727
west_u008,ccmusic-database_erhu_playing_tech_00000006,1.6345744097534858
west_u008,ccmusic-database_erhu_playing_tech_00000065,1.4935437833868606
west_u008,ccmusic-database_erhu_playing_tech_00000041,0.5049899074874196
west_u008,ccmusic-database_erhu_playing_tech_00000051,1.7227675315723443
west_u008,ccmusic-database_erhu_playing_tech_00000110,0.5129733207491272
west_u008,ccmusic-database_erhu_playing_tech_00000088,1.244823940405345
west_u009,sanchit-gandhi_gtzan_00000144,2.0645235577965506
west_u009,sanchit-gandhi_gtzan_00000118,0.9894908717925238
west_u009,sanchit-gandhi_gtzan_00000129,2.02378313771225
west_u009,sanchit-gandhi_gtzan_00000110,0.7104900626109886
west_u009,sanchit-gandhi_gtzan_00000113,0.8508750959730439
west_u009,sanchit-gandhi_gtzan_00000105,1.2321984072307917
west_u009,sanchit-gandhi_gtzan_00000148,2.0482457595768593
west_u009,sanchit-gandhi_gtzan_00000116,0.8244097548436997
west_u009,sanchit-gandhi_gtzan_00000121,2.085130963645067
west_u009,sanchit-gandhi_gtzan_00000135,0.9712868834070691
west_u009,sanchit-gandhi_gtzan_00000132,1.3555769875755619
west_u009,sanchit-gandhi_gtzan_00000154,1.1834668473490824
west_u009,sanchit-gandhi_gtzan_00000142,0.7787677409100531
west_u009,sanchit-gandhi_gtzan_00000138,2.2039343006705163
west_u009,sanchit-gandhi_gtzan_00000100,1.330857551547568
west_u009,sanchit-gandhi_gtzan_00000108,1.7658214258394354
west_u009,sanchit-gandhi_gtzan_00000158,1.5673367422454534
west_u009,sanchit-gandhi_gtzan_00000107,1.4404599565700575
west_u009,sanchit-gandhi_gtzan_00000103,1.6385964006355642
west_u009,sanchit-gandhi_gtzan_00000102,2.1246404781991894
west_u009,sanchit-gandhi_gtzan_00000106,1.7813138480723387
west_u009,sanchit-gandhi_gtzan_00000130,1.4935281370602564
west_u009,sanchit-gandhi_gtzan_00000131,1.687945782148809
west_u009,sanchit-gandhi_gtzan_00000126,1.621030133878062
west_u009,neerajaabhyankar_hindustani-raag-small_00000149,1.0347136301065227
west_u009,neerajaabhyankar_hindustani-raag-small_00000026,1.293431413676108
west_u009,neerajaabhyankar_hindustani-raag-small_00000068,1.0488192302216208
west_u009,neerajaabhyankar_hindustani-raag-small_00000072,1.4727794101270817
west_u009,neerajaabhyankar_hindustani-raag-small_00000078,1.7580318527550853
west_u009,neerajaabhyankar_hindustani-raag-small_00000005,1.7458182326212595
west_u009,neerajaabhyankar_hindustani-raag-small_00000093,1.5579933116737237
west_u009,neerajaabhyankar_hindustani-raag-small_00000019,1.262374511030305
west_u009,bilal63_turkish_music_emotion_dataset_00000080,1.4615981838954997
west_u009,bilal63_turkish_music_emotion_dataset_00000142,0.6903651985976984
west_u009,bilal63_turkish_music_emotion_dataset_00000104,1.0966749173737955
west_u009,bilal63_turkish_music_emotion_dataset_00000040,0.7973614327383418
west_u009,bilal63_turkish_music_emotion_dataset_00000111,0.4547182244976186
west_u009,bilal63_turkish_music_emotion_dataset_00000011,1.7550957258073028
west_u009,bilal63_turkish_music_emotion_dataset_00000023,1.6161955584999859
west_u009,bilal63_turkish_music_emotion_dataset_00000135,1.1434931349344013
west_u010,sanchit-gandhi_gtzan_00000082,1.7432642603451463
west_u010,sanchit-gandhi_gtzan_00000036,0.6792996650212545
west_u010,sanchit-gandhi_gtzan_00000021,2.0944602656482374
west_u010,sanchit-gandhi_gtzan_00000065,1.5744880510539143
west_u010,sanchit-gandhi_gtzan_00000026,1.9420053697916024
west_u010,sanchit-gandhi_gtzan_00000008,1.0285267744222562
west_u010,sanchit-gandhi_gtzan_00000067,0.7855324545747083
west_u010,sanchit-gandhi_gtzan_00000081,1.7867255137472031
west_u010,sanchit-gandhi_gtzan_00000023,1.9444476337901546
west_u010,sanchit-gandhi_gtzan_00000064,1.2409078454932776
west_u010,sanchit-gandhi_gtzan_00000080,0.6158691749206369
west_u010,sanchit-gandhi_gtzan_00000053,1.9864881925279163
west_u010,sanchit-gandhi_gtzan_00000051,0.9305119884200101
west_u010,sanchit-gandhi_gtzan_00000097,1.159830099773167
west_u010,sanchit-gandhi_gtzan_00000029,1.6586984884155493
west_u010,sanchit-gandhi_gtzan_00000037,0.747421890639497
west_u010,sanchit-gandhi_gtzan_00000011,0.6991926965888489
west_u010,sanchit-gandhi_gtzan_00000007,0.619339005967348
west_u010,sanchit-gandhi_gtzan_00000078,2.1562037589130605
west_u010,sanchit-gandhi_gtzan_00000034,1.112135233863431
west_u010,sanchit-gandhi_gtzan_00000031,1.7146364560770524
west_u010,sanchit-gandhi_gtzan_00000092,2.281430804555605
west_u010,sanchit-gandhi_gtzan_00000001,1.7298026188943523
west_u010,sanchit-gandhi_gtzan_00000024,1.4807885228519102
west_u010,neerajaabhyankar_hindustani-raag-small_00000134,1.153241910248272
west_u010,neerajaabhyankar_hindustani-raag-small_00000046,0.9588381504149949
west_u010,neerajaabhyankar_hindustani-raag-small_00000039,1.2597025355393652
west_u010,neerajaabhyankar_hindustani-raag-small_00000149,1.7443683758867008
west_u010,neerajaabhyankar_hindustani-raag-small_00000028,1.5138594454927188
west_u010,neerajaabhyankar_hindustani-raag-small_00000064,1.0227059329948707
west_u010,neerajaabhyankar_hindustani-raag-small_00000019,0.8988005191939199
west_u010,neerajaabhyankar_hindustani-raag-small_00000110,1.642767564991214
west_u010,ccmusic-database_erhu_playing_tech_00000158,0.6333108645959017
west_u010,ccmusic-database_erhu_playing_tech_00000066,1.5969400969018075
west_u010,ccmusic-database_erhu_playing_tech_00000001,0.7943536278121487
west_u010,ccmusic-database_erhu_playing_tech_00000000,1.416099468297489
west_u010,ccmusic-database_erhu_playing_tech_00000002,1.5383977840460206
west_u010,ccmusic-database_erhu_playing_tech_00000144,1.0939452983056879
west_u010,ccmusic-database_erhu_playing_tech_00000096,0.7095833677920703
west_u010,ccmusic-database_erhu_playing_tech_00000031,1.5904364536742068
west_u011,sanchit-gandhi_gtzan_00000037,2.052201534468229
west_u011,sanchit-gandhi_gtzan_00000013,1.1121433282558273
west_u011,sanchit-gandhi_gtzan_00000034,1.6623250927106383
west_u011,sanchit-gandhi_gtzan_00000085,1.6561835555397442
west_u011,sanchit-gandhi_gtzan_00000086,2.0225697603800454
west_u011,sanchit-gandhi_gtzan_00000054,1.8513182388743776
west_u011,sanchit-gandhi_gtzan_00000057,2.0249943476810293
west_u011,sanchit-gandhi_gtzan_00000039,1.6534955121473982
west_u011,sanchit-gandhi_gtzan_00000095,1.3503136018866395
west_u011,sanchit-gandhi_gtzan_00000078,1.2539022492650536
west_u011,sanchit-gandhi_gtzan_00000051,1.2288263474909769
west_u011,sanchit-gandhi_gtzan_00000047,1.2967280938932972
west_u011,sanchit-gandhi_gtzan_00000082,0.7980584599652537
west_u011,sanchit-gandhi_gtzan_00000003,1.3063281899804629
west_u011,sanchit-gandhi_gtzan_00000028,1.2467924649245214
west_u011,sanchit-gandhi_gtzan_00000098,0.6346361192239491
west_u011,sanchit-gandhi_gtzan_00000042,1.0496005529379364
west_u011,sanchit-gandhi_gtzan_00000009,1.8720395314268738
west_u011,sanchit-gandhi_gtzan_00000062,1.5719561106816038
west_u011,sanchit-gandhi_gtzan_00000049,1.9656389319041518
west_u011,sanchit-gandhi_gtzan_00000058,1.5111368765568194
west_u011,sanchit-gandhi_gtzan_00000011,2.048294495444836
west_u011,sanchit-gandhi_gtzan_00000056,1.948215746812961
west_u011,sanchit-gandhi_gtzan_00000089,0.7445408834953762
west_u011,bilal63_turkish_music_emotion_dataset_00000042,1.76895859682159
west_u011,bilal63_turkish_music_emotion_dataset_00000074,0.46990905331679395
west_u011,bilal63_turkish_music_emotion_dataset_00000091,1.255731351204985
west_u011,bilal63_turkish_music_emotion_dataset_00000053,1.519890537577629
west_u011,bilal63_turkish_music_emotion_dataset_00000078,0.8980570887987197
west_u011,bilal63_turkish_music_emotion_dataset_00000111,1.2580692196011631
west_u011,bilal63_turkish_music_emotion_dataset_00000114,0.9388654166440553
west_u011,bilal63_turkish_music_emotion_dataset_00000019,0.5318302162601275
west_u011,ccmusic-database_erhu_playing_tech_00000139,0.46142305077059675
west_u011,ccmusic-database_erhu_playing_tech_00000053,0.5780637406501044
west_u011,ccmusic-database_erhu_playing_tech_00000009,0.5828529520620632
west_u011,ccmusic-database_erhu_playing_tech_00000018,1.2747011994815625
west_u011,ccmusic-database_erhu_playing_tech_00000078,1.159918061799393
west_u011,ccmusic-database_erhu_playing_tech_00000069,1.0648754552337418
west_u011,ccmusic-database_erhu_playing_tech_00000026,1.3840939920632638
west_u011,ccmusic-database_erhu_playing_tech_00000071,0.4727152849668053
west_u012,sanchit-gandhi_gtzan_00000065,1.1391400191370822
west_u012,sanchit-gandhi_gtzan_00000024,1.8072401250780459
west_u012,sanchit-gandhi_gtzan_00000046,1.578613382017269
west_u012,sanchit-gandhi_gtzan_00000071,1.6648576674568836
west_u012,sanchit-gandhi_gtzan_00000077,1.5332770147575658
west_u012,sanchit-gandhi_gtzan_00000025,1.9078954650266489
west_u012,sanchit-gandhi_gtzan_00000098,0.9028205326489641
west_u012,sanchit-gandhi_gtzan_00000038,1.5336034289789093
west_u012,sanchit-gandhi_gtzan_00000057,0.8477255859277614
west_u012,sanchit-gandhi_gtzan_00000089,1.2775095952769608
west_u012,sanchit-gandhi_gtzan_00000036,1.7203893453927288
west_u012,sanchit-gandhi_gtzan_00000094,1.425548524341944
west_u012,sanchit-gandhi_gtzan_00000088,1.2297954007595124
west_u012,sanchit-gandhi_gtzan_00000069,2.1015732524419204
west_u012,sanchit-gandhi_gtzan_00000035,1.9081243575081501
west_u012,sanchit-gandhi_gtzan_00000080,1.4828516041256468
west_u012,sanchit-gandhi_gtzan_00000093,2.2138416935402163
west_u012,sanchit-gandhi_gtzan_00000067,1.3070301242753641
west_u012,sanchit-gandhi_gtzan_00000006,1.9344258000894827
west_u012,sanchit-gandhi_gtzan_00000004,0.8646900136574458
west_u012,sanchit-gandhi_gtzan_00000059,1.0679920230157796
west_u012,sanchit-gandhi_gtzan_00000022,1.1581976278010722
west_u012,sanchit-gandhi_gtzan_00000056,0.7575407984153026
west_u012,sanchit-gandhi_gtzan_00000030,1.440613306006217
west_u012,bilal63_turkish_music_emotion_dataset_00000085,0.7095511810707691
west_u012,bilal63_turkish_music_emotion_dataset_00000056,1.3061509507570392
west_u012,bilal63_turkish_music_emotion_dataset_00000031,0.7066246854235747
west_u012,bilal63_turkish_music_emotion_dataset_00000079,0.6167334474080217
west_u012,bilal63_turkish_music_emotion_dataset_00000060,1.7582670822585482
west_u012,bilal63_turkish_music_emotion_dataset_00000127,1.3386244128449933
west_u012,bilal63_turkish_music_emotion_dataset_00000115,1.7142087348564596
west_u012,bilal63_turkish_music_emotion_dataset_00000008,1.1113485191908632
west_u012,ccmusic-database_erhu_playing_tech_00000101,0.49509332513555526
west_u012,ccmusic-database_erhu_playing_tech_00000009,1.2254010800824493
west_u012,ccmusic-database_erhu_playing_tech_00000102,1.2037439972282065
west_u012,ccmusic-database_erhu_playing_tech_00000013,0.4702170680144019
west_u012,ccmusic-database_erhu_playing_tech_00000088,1.6126767599424727
west_u012,ccmusic-database_erhu_playing_tech_00000072,1.2869604188321733
west_u012,ccmusic-database_erhu_playing_tech_00000079,1.4553330786577974
west_u012,ccmusic-database_erhu_playing_tech_00000015,1.1167934933126447
west_u013,sanchit-gandhi_gtzan_00000159,1.330383679684269
west_u013,sanchit-gandhi_gtzan_00000144,1.1789941604572922
west_u013,sanchit-gandhi_gtzan_00000145,0.9656007029221138
west_u013,sanchit-gandhi_gtzan_00000147,1.4376168287414066
west_u013,sanchit-gandhi_gtzan_00000129,0.6199404803511995
west_u013,sanchit-gandhi_gtzan_00000155,1.141215428471337
west_u013,sanchit-gandhi_gtzan_00000110,1.744329706398813
west_u013,sanchit-gandhi_gtzan_00000127,0.7625368934589697
west_u013,sanchit-gandhi_gtzan_00000136,0.6834873930011868
west_u013,sanchit-gandhi_gtzan_00000106,1.700008094127605
west_u013,sanchit-gandhi_gtzan_00000119,1.261161393970554
west_u013,sanchit-gandhi_gtzan_00000153,1.958148188047682
west_u013,sanchit-gandhi_gtzan_00000143,2.1918619993505337
west_u013,sanchit-gandhi_gtzan_00000107,2.225894782688695
west_u013,sanchit-gandhi_gtzan_00000150,1.309147672967459
west_u013,sanchit-gandhi_gtzan_00000111,1.0309644618744307
west_u013,sanchit-gandhi_gtzan_00000116,1.6248586993307745
west_u013,sanchit-gandhi_gtzan_00000146,1.6586327972262076
west_u013,sanchit-gandhi_gtzan_00000102,1.6485450147309215
west_u013,sanchit-gandhi_gtzan_00000115,1.13006810866507
west_u013,sanchit-gandhi_gtzan_00000140,0.6849717453198477
west_u013,sanchit-gandhi_gtzan_00000149,0.9372583469741582
west_u013,sanchit-gandhi_gtzan_00000137,0.8413735133383531
west_u013,sanchit-gandhi_gtzan_00000105,0.78872809647621
west_u013,ccmusic-database_erhu_playing_tech_00000033,1.7004824834466237
west_u013,ccmusic-database_erhu_playing_tech_00000050,0.4686943220648568
west_u013,ccmusic-database_erhu_playing_tech_00000093,1.2625079479690342
west_u013,ccmusic-database_erhu_playing_tech_00000035,1.7290896242491847
west_u013,ccmusic-database_erhu_playing_tech_00000053,0.9360717221170727
west_u013,ccmusic-database_erhu_playing_tech_00000017,1.1615824203828244
west_u013,ccmusic-database_erhu_playing_tech_00000034,1.3893079456914654
west_u013,ccmusic-database_erhu_playing_tech_00000027,0.8781790877886225
west_u013,neerajaabhyankar_hindustani-raag-small_00000081,1.0948301834047864
west_u013,neerajaabhyankar_hindustani-raag-small_00000070,1.5530888479492153
west_u013,neerajaabhyankar_hindustani-raag-small_00000006,1.4562301481283557
west_u013,neerajaabhyankar_hindustani-raag-small_00000157,1.5414067055153349
west_u013,neerajaabhyankar_hindustani-raag-small_00000047,1.7829092208973356
west_u013,neerajaabhyankar_hindustani-raag-small_00000110,0.9499420911638418
west_u013,neerajaabhyankar_hindustani-raag-small_00000044,1.4585732049632938
west_u013,neerajaabhyankar_hindustani-raag-small_00000055,1.263759165587677
west_u014,sanchit-gandhi_gtzan_00000119,0.7806073805738504
west_u014,sanchit-gandhi_gtzan_00000102,1.6651292346244158
west_u014,sanchit-gandhi_gtzan_00000115,1.811698291739247
west_u014,sanchit-gandhi_gtzan_00000133,1.3982052088962702
west_u014,sanchit-gandhi_gtzan_00000141,1.0721594666382153
west_u014,sanchit-gandhi_gtzan_00000130,1.5238146059266457
west_u014,sanchit-gandhi_gtzan_00000159,1.204189748501462
west_u014,sanchit-gandhi_gtzan_00000104,2.1432390225919833
west_u014,sanchit-gandhi_gtzan_00000125,1.1904669116198645
west_u014,sanchit-gandhi_gtzan_00000148,0.8780945624111726
west_u014,sanchit-gandhi_gtzan_00000150,1.569271266785406
west_u014,sanchit-gandhi_gtzan_00000144,1.258087220131137
west_u014,sanchit-gandhi_gtzan_00000131,0.7404242997814506
west_u014,sanchit-gandhi_gtzan_00000132,1.5493530554713917
west_u014,sanchit-gandhi_gtzan_00000128,1.5027850592608347
west_u014,sanchit-gandhi_gtzan_00000108,0.8737649744422615
west_u014,sanchit-gandhi_gtzan_00000127,1.605925841455729
west_u014,sanchit-gandhi_gtzan_00000157,1.5536942299041685
west_u014,sanchit-gandhi_gtzan_00000129,1.9094817747467443
west_u014,sanchit-gandhi_gtzan_00000123,1.1987081289785442
west_u014,sanchit-gandhi_gtzan_00000113,1.0041101783197777
west_u014,sanchit-gandhi_gtzan_00000138,2.2158543050245876
west_u014,sanchit-gandhi_gtzan_00000143,1.5431002268003093
west_u014,sanchit-gandhi_gtzan_00000136,0.621816429075211
west_u014,bilal63_turkish_music_emotion_dataset_00000134,1.5579607735508534
west_u014,bilal63_turkish_music_emotion_dataset_00000137,0.7156233822405701
west_u014,bilal63_turkish_music_emotion_dataset_00000042,1.5111490288218887
west_u014,bilal63_turkish_music_emotion_dataset_00000086,1.4019692766605525
west_u014,bilal63_turkish_music_emotion_dataset_00000100,1.7578985277552623
west_u014,bilal63_turkish_music_emotion_dataset_00000041,1.7535320571526105
west_u014,bilal63_turkish_music_emotion_dataset_00000010,0.8204543432852759
west_u014,bilal63_turkish_music_emotion_dataset_00000113,1.4847069346516149
west_u014,neerajaabhyankar_hindustani-raag-small_00000058,0.8777543658028973
west_u014,neerajaabhyankar_hindustani-raag-small_00000119,1.2994172174199525
west_u014,neerajaabhyankar_hindustani-raag-small_00000132,1.256957214688701
west_u014,neerajaabhyankar_hindustani-raag-small_00000154,0.5236337460885723
west_u014,neerajaabhyankar_hindustani-raag-small_00000113,0.4569953622777327
west_u014,neerajaabhyankar_hindustani-raag-small_00000158,0.5279814197029928
west_u014,neerajaabhyankar_hindustani-raag-small_00000156,0.6227217641678504
west_u014,neerajaabhyankar_hindustani-raag-small_00000145,0.7978308633194945
west_u015,sanchit-gandhi_gtzan_00000132,0.7887037002333516
west_u015,sanchit-gandhi_gtzan_00000139,0.8615245919715007
west_u015,sanchit-gandhi_gtzan_00000146,1.6546991407552936
west_u015,sanchit-gandhi_gtzan_00000151,0.7521478230098585
west_u015,sanchit-gandhi_gtzan_00000147,1.8489670255607447
west_u015,sanchit-gandhi_gtzan_00000135,2.105113968713211
west_u015,sanchit-gandhi_gtzan_00000104,2.1733638242076863
west_u015,sanchit-gandhi_gtzan_00000129,1.713803279701484
west_u015,sanchit-gandhi_gtzan_00000122,0.9155088083429876
west_u015,sanchit-gandhi_gtzan_00000133,0.7221365928063411
west_u015,sanchit-gandhi_gtzan_00000144,0.9752430453170743
west_u015,sanchit-gandhi_gtzan_00000117,2.234376145479198
west_u015,sanchit-gandhi_gtzan_00000137,2.2350454730199782
west_u015,sanchit-gandhi_gtzan_00000119,1.23381007475914
west_u015,sanchit-gandhi_gtzan_00000159,1.1369904083932747
west_u015,sanchit-gandhi_gtzan_00000127,1.4547682543968876
west_u015,sanchit-gandhi_gtzan_00000140,1.0781619577812662
west_u015,sanchit-gandhi_gtzan_00000124,2.2649177291058464
west_u015,sanchit-gandhi_gtzan_00000128,0.9566068977923959
west_u015,sanchit-gandhi_gtzan_00000141,1.2117711267652758
west_u015,sanchit-gandhi_gtzan_00000130,1.3156647605828076
west_u015,sanchit-gandhi_gtzan_00000105,0.7907354398150046
west_u015,sanchit-gandhi_gtzan_00000110,1.2353728261784738
west_u015,sanchit-gandhi_gtzan_00000100,2.052860492175904
west_u015,neerajaabhyankar_hindustani-raag-small_00000156,0.6394873519666239
west_u015,neerajaabhyankar_hindustani-raag-small_00000004,1.2384296336153526
west_u015,neerajaabhyankar_hindustani-raag-small_00000005,0.9989601363810228
west_u015,neerajaabhyankar_hindustani-raag-small_00000080,0.6802245802585639
west_u015,neerajaabhyankar_hindustani-raag-small_00000086,0.4666538220064279
west_u015,neerajaabhyankar_hindustani-raag-small_00000154,0.8190134597113653
west_u015,neerajaabhyankar_hindustani-raag-small_00000157,0.5334690969423027
west_u015,neerajaabhyankar_hindustani-raag-small_00000081,0.9586374362505925
west_u015,ccmusic-database_erhu_playing_tech_00000080,1.5437833051941168
west_u015,ccmusic-database_erhu_playing_tech_00000093,1.4215751021847767
west_u015,ccmusic-database_erhu_playing_tech_00000039,1.7289680107973853
west_u015,ccmusic-database_erhu_playing_tech_00000042,1.0264708134050433
west_u015,ccmusic-database_erhu_playing_tech_00000032,1.4055318880990013
west_u015,ccmusic-database_erhu_playing_tech_00000012,1.3482113248377274
west_u015,ccmusic-database_erhu_playing_tech_00000105,0.7430125092636504
west_u015,ccmusic-database_erhu_playing_tech_00000097,0.8598363820640891
west_u016,sanchit-gandhi_gtzan_00000074,1.4915765993898045
west_u016,sanchit-gandhi_gtzan_00000096,1.9662698521897037
west_u016,sanchit-gandhi_gtzan_00000072,2.121255585470509
west_u016,sanchit-gandhi_gtzan_00000024,1.2351756877059112
west_u016,sanchit-gandhi_gtzan_00000090,1.7652936635978032
west_u016,sanchit-gandhi_gtzan_00000030,0.9715559108425347
west_u016,sanchit-gandhi_gtzan_00000061,1.6994499563545162
west_u016,sanchit-gandhi_gtzan_00000066,1.2635434617095531
west_u016,sanchit-gandhi_gtzan_00000022,0.586698258967251
west_u016,sanchit-gandhi_gtzan_00000091,2.2232855730290204
west_u016,sanchit-gandhi_gtzan_00000016,2.07306166605429
west_u016,sanchit-gandhi_gtzan_00000076,1.076693049346899
west_u016,sanchit-gandhi_gtzan_00000073,2.296131367051684
west_u016,sanchit-gandhi_gtzan_00000009,1.1220452386100213
west_u016,sanchit-gandhi_gtzan_00000083,1.3665062216419037
west_u016,sanchit-gandhi_gtzan_00000033,2.0434218201508694
west_u016,sanchit-gandhi_gtzan_00000082,1.1004287060408704
west_u016,sanchit-gandhi_gtzan_00000071,1.3521819905684376
west_u016,sanchit-gandhi_gtzan_00000019,1.7231378632876155
west_u016,sanchit-gandhi_gtzan_00000065,0.8000565319824385
west_u016,sanchit-gandhi_gtzan_00000036,1.3035543859932128
west_u016,sanchit-gandhi_gtzan_00000037,1.1087321419488054
west_u016,sanchit-gandhi_gtzan_00000018,1.742435677616811
west_u016,sanchit-gandhi_gtzan_00000093,0.8095471978541413
west_u016,neerajaabhyankar_hindustani-raag-small_00000036,0.7641874967862655
west_u016,neerajaabhyankar_hindustani-raag-small_00000121,1.4103578750658516
west_u016,neerajaabhyankar_hindustani-raag-small_00000040,0.660902899127555
west_u016,neerajaabhyankar_hindustani-raag-small_00000001,1.0197260040238512
west_u016,neerajaabhyankar_hindustani-raag-small_00000011,1.4123889748250353
west_u016,neerajaabhyankar_hindustani-raag-small_00000053,1.483382318980507
west_u016,neerajaabhyankar_hindustani-raag-small_00000131,0.5780895912067524
west_u016,neerajaabhyankar_hindustani-raag-small_00000128,1.6001940727162955
west_u016,ccmusic-database_erhu_playing_tech_00000006,1.4273626065254548
west_u016,ccmusic-database_erhu_playing_tech_00000070,0.9080476947359736
west_u016,ccmusic-database_erhu_playing_tech_00000153,1.481133850645824
west_u016,ccmusic-database_erhu_playing_tech_00000089,1.4332034682098895
west_u016,ccmusic-database_erhu_playing_tech_00000099,1.2612031557863206
west_u016,ccmusic-database_erhu_playing_tech_00000024,1.20394958409789
west_u016,ccmusic-database_erhu_playing_tech_00000053,1.4418497100144405
west_u016,ccmusic-database_erhu_playing_tech_00000146,1.7990008673023636
west_u017,sanchit-gandhi_gtzan_00000159,1.948056627576398
west_u017,sanchit-gandhi_gtzan_00000124,2.2240728646118475
west_u017,sanchit-gandhi_gtzan_00000140,0.8004066279881814
west_u017,sanchit-gandhi_gtzan_00000117,2.0997507511162703
west_u017,sanchit-gandhi_gtzan_00000119,1.790774718541456
west_u017,sanchit-gandhi_gtzan_00000103,1.7696548656388857
west_u017,sanchit-gandhi_gtzan_00000101,1.2206690475707647
west_u017,sanchit-gandhi_gtzan_00000128,1.1682416371769886
west_u017,sanchit-gandhi_gtzan_00000143,0.5847281113188417
west_u017,sanchit-gandhi_gtzan_00000150,2.2693034087493555
west_u017,sanchit-gandhi_gtzan_00000108,1.621222560843509
west_u017,sanchit-gandhi_gtzan_00000122,1.2690168762687712
west_u017,sanchit-gandhi_gtzan_00000155,1.513001217764008
west_u017,sanchit-gandhi_gtzan_00000114,0.6449091338160527
west_u017,sanchit-gandhi_gtzan_00000152,0.8745478978781288
west_u017,sanchit-gandhi_gtzan_00000120,1.6502958705618693
west_u017,sanchit-gandhi_gtzan_00000144,1.4621014837042445
west_u017,sanchit-gandhi_gtzan_00000134,1.932704069550167
west_u017,sanchit-gandhi_gtzan_00000105,1.7113311410182064
west_u017,sanchit-gandhi_gtzan_00000107,1.6124765410644428
west_u017,sanchit-gandhi_gtzan_00000147,1.9813333399266655
west_u017,sanchit-gandhi_gtzan_00000146,0.6927538570770286
west_u017,sanchit-gandhi_gtzan_00000135,1.7667797238439669
west_u017,sanchit-gandhi_gtzan_00000129,1.8093939804235515
west_u017,neerajaabhyankar_hindustani-raag-small_00000040,0.8214707920680149
west_u017,neerajaabhyankar_hindustani-raag-small_00000061,0.7141270092579826
west_u017,neerajaabhyankar_hindustani-raag-small_00000069,0.7387008418655989
west_u017,neerajaabhyankar_hindustani-raag-small_00000141,0.7174901656331921
west_u017,neerajaabhyankar_hindustani-raag-small_00000090,1.1571059577198528
west_u017,neerajaabhyankar_hindustani-raag-small_00000158,0.6330955203438685
west_u017,neerajaabhyankar_hindustani-raag-small_00000050,1.340035912916123
west_u017,neerajaabhyankar_hindustani-raag-small_00000132,0.5918556495808389
west_u017,bilal63_turkish_music_emotion_dataset_00000089,0.48630101441884593
west_u017,bilal63_turkish_music_emotion_dataset_00000152,0.881041827301926
west_u017,bilal63_turkish_music_emotion_dataset_00000047,0.7090106270396055
west_u017,bilal63_turkish_music_emotion_dataset_00000025,1.7846937748036111
west_u017,bilal63_turkish_music_emotion_dataset_00000040,0.8590450058332435
west_u017,bilal63_turkish_music_emotion_dataset_00000105,0.7497865161344436
west_u017,bilal63_turkish_music_emotion_dataset_00000050,0.7156392617239397
west_u017,bilal63_turkish_music_emotion_dataset_00000099,0.954701421484712
west_u018,sanchit-gandhi_gtzan_00000049,1.799512466167435
west_u018,sanchit-gandhi_gtzan_00000087,1.880554249312221
west_u018,sanchit-gandhi_gtzan_00000061,1.2519190666244182
west_u018,sanchit-gandhi_gtzan_00000042,1.7079017070331748
west_u018,sanchit-gandhi_gtzan_00000074,1.6309736149495104
west_u018,sanchit-gandhi_gtzan_00000040,1.8511118087618283
west_u018,sanchit-gandhi_gtzan_00000028,1.814685787860335
west_u018,sanchit-gandhi_gtzan_00000060,0.7231271265333733
west_u018,sanchit-gandhi_gtzan_00000013,0.847981562121605
west_u018,sanchit-gandhi_gtzan_00000067,0.8039543290223201
west_u018,sanchit-gandhi_gtzan_00000041,2.1835281204788624
west_u018,sanchit-gandhi_gtzan_00000031,2.1508610684089065
west_u018,sanchit-gandhi_gtzan_00000064,1.950536165054773
west_u018,sanchit-gandhi_gtzan_00000044,0.7763395171660298
west_u018,sanchit-gandhi_gtzan_00000000,1.5656182856112855
west_u018,sanchit-gandhi_gtzan_00000076,0.8979728300049935
west_u018,sanchit-gandhi_gtzan_00000071,1.210462292288934
west_u018,sanchit-gandhi_gtzan_00000081,1.0357324521995372
west_u018,sanchit-gandhi_gtzan_00000009,2.004905943065878
west_u018,sanchit-gandhi_gtzan_00000025,0.8241786641707461
west_u018,sanchit-gandhi_gtzan_00000096,1.6896590658523805
west_u018,sanchit-gandhi_gtzan_00000002,2.2722182950138876
west_u018,sanchit-gandhi_gtzan_00000095,1.7601691561125175
west_u018,sanchit-gandhi_gtzan_00000050,0.7116777685370055
west_u018,neerajaabhyankar_hindustani-raag-small_00000130,1.6755968276494086
west_u018,neerajaabhyankar_hindustani-raag-small_00000087,1.318157564880955
west_u018,neerajaabhyankar_hindustani-raag-small_00000137,1.0660198224670248
west_u018,neerajaabhyankar_hindustani-raag-small_00000147,1.34058484603051
west_u018,neerajaabhyankar_hindustani-raag-small_00000117,1.6367098461380598
west_u018,neerajaabhyankar_hindustani-raag-small_00000076,1.0941217576855866
west_u018,neerajaabhyankar_hindustani-raag-small_00000053,1.1672840017965094
west_u018,neerajaabhyankar_hindustani-raag-small_00000007,1.0608039889442373
west_u018,bilal63_turkish_music_emotion_dataset_00000042,0.547998425536948
west_u018,bilal63_turkish_music_emotion_dataset_00000056,1.512544671351934
west_u018,bilal63_turkish_music_emotion_dataset_00000097,0.6206558539164826
west_u018,bilal63_turkish_music_emotion_dataset_00000049,0.9826695138892189
west_u018,bilal63_turkish_music_emotion_dataset_00000050,0.9722108415704344
west_u018,bilal63_turkish_music_emotion_dataset_00000107,0.8280550693170962
west_u018,bilal63_turkish_music_emotion_dataset_00000143,0.9933846199574649
west_u018,bilal63_turkish_music_emotion_dataset_00000158,1.2843122990162787
west_u019,sanchit-gandhi_gtzan_00000033,1.2379586228023471
west_u019,sanchit-gandhi_gtzan_00000027,1.7970247518213396
west_u019,sanchit-gandhi_gtzan_00000042,0.8186725959380109
west_u019,sanchit-gandhi_gtzan_00000064,1.0513240217008444
west_u019,sanchit-gandhi_gtzan_00000002,1.7064311564199734
west_u019,sanchit-gandhi_gtzan_00000088,1.4013860289095181
west_u019,sanchit-gandhi_gtzan_00000063,1.9034096297044276
west_u019,sanchit-gandhi_gtzan_00000068,2.1225144808252265
west_u019,sanchit-gandhi_gtzan_00000043,1.9953177201143817
west_u019,sanchit-gandhi_gtzan_00000004,0.8927583070997626
west_u019,sanchit-gandhi_gtzan_00000094,0.7327861562840379
west_u019,sanchit-gandhi_gtzan_00000076,0.8672850359402086
west_u019,sanchit-gandhi_gtzan_00000016,1.9265904430103975
west_u019,sanchit-gandhi_gtzan_00000051,2.1513586293749256
west_u019,sanchit-gandhi_gtzan_00000037,2.1713992967891538
west_u019,sanchit-gandhi_gtzan_00000038,1.0894222366640185
west_u019,sanchit-gandhi_gtzan_00000085,2.024588877073388
west_u019,sanchit-gandhi_gtzan_00000067,1.5000062979131168
west_u019,sanchit-gandhi_gtzan_00000001,1.9943159384006575
west_u019,sanchit-gandhi_gtzan_00000003,1.5209293531055017
west_u019,sanchit-gandhi_gtzan_00000017,0.8266658041189788
west_u019,sanchit-gandhi_gtzan_00000035,0.711653725601093
west_u019,sanchit-gandhi_gtzan_00000055,2.2262030323861106
west_u019,sanchit-gandhi_gtzan_00000077,1.3095094098444735
west_u019,neerajaabhyankar_hindustani-raag-small_00000099,0.9232028706113792
west_u019,neerajaabhyankar_hindustani-raag-small_00000044,0.9310091644372191
west_u019,neerajaabhyankar_hindustani-raag-small_00000038,0.9615614554918872
west_u019,neerajaabhyankar_hindustani-raag-small_00000139,1.7257457176573565
west_u019,neerajaabhyankar_hindustani-raag-small_00000077,0.5346511929942874
west_u019,neerajaabhyankar_hindustani-raag-small_00000019,0.6107327379661038
west_u019,neerajaabhyankar_hindustani-raag-small_00000084,1.5160295459004964
west_u019,neerajaabhyankar_hindustani-raag-small_00000137,1.1917028133091874
west_u019,ccmusic-database_erhu_playing_tech_00000020,0.6235246232472852
west_u019,ccmusic-database_erhu_playing_tech_00000112,0.4965211846507541
west_u019,ccmusic-database_erhu_playing_tech_00000012,0.752716370176957
west_u019,ccmusic-database_erhu_playing_tech_00000087,0.802094495908866
west_u019,ccmusic-database_erhu_playing_tech_00000005,0.46918758992576665
west_u019,ccmusic-database_erhu_playing_tech_00000041,0.741722226755211
west_u019,ccmusic-database_erhu_playing_tech_00000073,1.4467305648857396
west_u019,ccmusic-database_erhu_playing_tech_00000050,1.6048354810099552
west_u020,sanchit-gandhi_gtzan_00000085,1.323906653021643
west_u020,sanchit-gandhi_gtzan_00000090,0.7294201479335728
west_u020,sanchit-gandhi_gtzan_00000063,1.192123169299622
west_u020,sanchit-gandhi_gtzan_00000056,0.9609563189077973
west_u020,sanchit-gandhi_gtzan_00000048,2.155698096106781
west_u020,sanchit-gandhi_gtzan_00000001,2.093096598288899
west_u020,sanchit-gandhi_gtzan_00000030,1.9876764137159892
west_u020,sanchit-gandhi_gtzan_00000095,1.8065539147641285
west_u020,sanchit-gandhi_gtzan_00000022,0.8407740777044465
west_u020,sanchit-gandhi_gtzan_00000092,0.6584338101935364
west_u020,sanchit-gandhi_gtzan_00000073,1.7029565547993446
west_u020,sanchit-gandhi_gtzan_00000078,1.6828952866270461
west_u020,sanchit-gandhi_gtzan_00000093,1.2122568912014797
west_u020,sanchit-gandhi_gtzan_00000045,1.390384499601405
west_u020,sanchit-gandhi_gtzan_00000025,1.4187826947105315
west_u020,sanchit-gandhi_gtzan_00000050,0.9888760289877234
west_u020,sanchit-gandhi_gtzan_00000028,1.1169374055405856
west_u020,sanchit-gandhi_gtzan_00000067,1.2967219817945401
west_u020,sanchit-gandhi_gtzan_00000016,1.6154838265974925
west_u020,sanchit-gandhi_gtzan_00000020,2.223788130380002
west_u020,sanchit-gandhi_gtzan_00000076,1.5038859514203438
west_u020,sanchit-gandhi_gtzan_00000080,1.8362577439620225
west_u020,sanchit-gandhi_gtzan_00000014,1.9670769016323293
west_u020,sanchit-gandhi_gtzan_00000046,0.7708015092572549
west_u020,bilal63_turkish_music_emotion_dataset_00000020,1.3317183011978202
west_u020,bilal63_turkish_music_emotion_dataset_00000079,1.100849472343473
west_u020,bilal63_turkish_music_emotion_dataset_00000030,1.2227817720346545
west_u020,bilal63_turkish_music_emotion_dataset_00000111,0.5018628632882102
west_u020,bilal63_turkish_music_emotion_dataset_00000023,1.67339124433897
west_u020,bilal63_turkish_music_emotion_dataset_00000082,1.7362586019268578
west_u020,bilal63_turkish_music_emotion_dataset_00000044,0.4547005969742259
west_u020,bilal63_turkish_music_emotion_dataset_00000016,0.7372686492560397
west_u020,neerajaabhyankar_hindustani-raag-small_00000047,0.6932621345070824
west_u020,neerajaabhyankar_hindustani-raag-small_00000132,1.5047610983277995
west_u020,neerajaabhyankar_hindustani-raag-small_00000092,1.2574080798009575
west_u020,neerajaabhyankar_hindustani-raag-small_00000024,0.6894004454505879
west_u020,neerajaabhyankar_hindustani-raag-small_00000155,1.5488607896804616
west_u020,neerajaabhyankar_hindustani-raag-small_00000145,0.9271910769377605
west_u020,neerajaabhyankar_hindustani-raag-small_00000091,1.0721567829956882
west_u020,neerajaabhyankar_hindustani-raag-small_00000147,0.9728639171828714
west_u021,sanchit-gandhi_gtzan_00000093,2.0764186193193863
west_u021,sanchit-gandhi_gtzan_00000002,1.7349534847552703
west_u021,sanchit-gandhi_gtzan_00000069,1.2005965348033543
west_u021,sanchit-gandhi_gtzan_00000034,0.608972759957644
west_u021,sanchit-gandhi_gtzan_00000042,0.6770538402084981
west_u021,sanchit-gandhi_gtzan_00000043,1.1818520013320815
west_u021,sanchit-gandhi_gtzan_00000016,1.3721316859677277
west_u021,sanchit-gandhi_gtzan_00000074,0.8628526811520332
west_u021,sanchit-gandhi_gtzan_00000028,0.9015913285790403
west_u021,sanchit-gandhi_gtzan_00000078,0.9721145938943551
west_u021,sanchit-gandhi_gtzan_00000005,1.92138551076907
west_u021,sanchit-gandhi_gtzan_00000081,1.9054715256418056
west_u021,sanchit-gandhi_gtzan_00000048,1.2355697498387683
west_u021,sanchit-gandhi_gtzan_00000046,0.8723285582330828
west_u021,sanchit-gandhi_gtzan_00000027,0.7663169642344843
west_u021,sanchit-gandhi_gtzan_00000021,0.7252980632813738
west_u021,sanchit-gandhi_gtzan_00000015,1.2499567078014167
west_u021,sanchit-gandhi_gtzan_00000001,0.6535606974789309
west_u021,sanchit-gandhi_gtzan_00000037,1.1505204390429278
west_u021,sanchit-gandhi_gtzan_00000022,2.2336448433834617
west_u021,sanchit-gandhi_gtzan_00000025,1.4504454619273168
west_u021,sanchit-gandhi_gtzan_00000029,1.9940620330407008
west_u021,sanchit-gandhi_gtzan_00000033,0.7979837566695633
west_u021,sanchit-gandhi_gtzan_00000079,1.0374358996567408
west_u021,ccmusic-database_erhu_playing_tech_00000076,1.7278377001344118
west_u021,ccmusic-database_erhu_playing_tech_00000057,0.9677950608609318
west_u021,ccmusic-database_erhu_playing_tech_00000113,1.3253482734052353
west_u021,ccmusic-database_erhu_playing_tech_00000089,1.7677711518694956
west_u021,ccmusic-database_erhu_playing_tech_00000087,1.193563471046493
west_u021,ccmusic-database_erhu_playing_tech_00000070,0.8622170314587935
west_u021,ccmusic-database_erhu_playing_tech_00000157,1.1681304155352843
west_u021,ccmusic-database_erhu_playing_tech_00000029,0.52376021909666
west_u021,neerajaabhyankar_hindustani-raag-small_00000111,0.6016993300251331
west_u021,neerajaabhyankar_hindustani-raag-small_00000157,0.4596809918205644
west_u021,neerajaabhyankar_hindustani-raag-small_00000087,1.6436835561127559
west_u021,neerajaabhyankar_hindustani-raag-small_00000095,1.3562285790144541
west_u021,neerajaabhyankar_hindustani-raag-small_00000091,0.85274518292921
west_u021,neerajaabhyankar_hindustani-raag-small_00000020,0.7485679159298612
west_u021,neerajaabhyankar_hindustani-raag-small_00000114,1.372153411563003
west_u021,neerajaabhyankar_hindustani-raag-small_00000004,1.6913682874601315
west_u022,sanchit-gandhi_gtzan_00000152,1.0912551919105713
west_u022,sanchit-gandhi_gtzan_00000156,1.7888930831566738
west_u022,sanchit-gandhi_gtzan_00000139,1.2726723556260144
west_u022,sanchit-gandhi_gtzan_00000150,1.6099979447654686
west_u022,sanchit-gandhi_gtzan_00000136,2.296813926056895
west_u022,sanchit-gandhi_gtzan_00000103,2.2733052466649237
west_u022,sanchit-gandhi_gtzan_00000113,1.459267803406348
west_u022,sanchit-gandhi_gtzan_00000104,1.5649144549843224
west_u022,sanchit-gandhi_gtzan_00000146,2.122880051761844
west_u022,sanchit-gandhi_gtzan_00000105,2.2752216040863997
west_u022,sanchit-gandhi_gtzan_00000151,1.9180984595299875
west_u022,sanchit-gandhi_gtzan_00000155,0.687443189978638
west_u022,sanchit-gandhi_gtzan_00000121,1.1315535417431652
west_u022,sanchit-gandhi_gtzan_00000107,2.121570036362531
west_u022,sanchit-gandhi_gtzan_00000111,1.9004080725920787
west_u022,sanchit-gandhi_gtzan_00000137,1.8553520475171368
west_u022,sanchit-gandhi_gtzan_00000110,1.7271675725575433
west_u022,sanchit-gandhi_gtzan_00000123,1.2913301406158615
west_u022,sanchit-gandhi_gtzan_00000102,1.2705912775946102
west_u022,sanchit-gandhi_gtzan_00000154,1.9704085410941317
west_u022,sanchit-gandhi_gtzan_00000153,1.0817710032947472
west_u022,sanchit-gandhi_gtzan_00000115,1.756334980409179
west_u022,sanchit-gandhi_gtzan_00000133,1.8277097029063252
west_u022,sanchit-gandhi_gtzan_00000124,2.031859081648637
west_u022,ccmusic-database_erhu_playing_tech_00000141,0.8818455474544712
west_u022,ccmusic-database_erhu_playing_tech_00000130,1.4515505102315729
west_u022,ccmusic-database_erhu_playing_tech_00000025,0.5937613617312274
west_u022,ccmusic-database_erhu_playing_tech_00000065,0.6363833340850714
west_u022,ccmusic-database_erhu_playing_tech_00000124,1.013403654234092
west_u022,ccmusic-database_erhu_playing_tech_00000104,0.5245547980795838
west_u022,ccmusic-database_erhu_playing_tech_00000088,1.729392733978207
west_u022,ccmusic-database_erhu_playing_tech_00000159,1.6675593441876366
west_u022,bilal63_turkish_music_emotion_dataset_00000147,0.5160604889598883
west_u022,bilal63_turkish_music_emotion_dataset_00000098,1.5817208245545764
west_u022,bilal63_turkish_music_emotion_dataset_00000005,1.136980135021534
west_u022,bilal63_turkish_music_emotion_dataset_00000068,1.3976498993042925
west_u022,bilal63_turkish_music_emotion_dataset_00000049,1.6473570785525529
west_u022,bilal63_turkish_music_emotion_dataset_00000058,1.2289155575548931
west_u022,bilal63_turkish_music_emotion_dataset_00000094,0.6070415853842497
west_u022,bilal63_turkish_music_emotion_dataset_00000144,0.4534811241568914
west_u023,sanchit-gandhi_gtzan_00000156,2.237309088503618
west_u023,sanchit-gandhi_gtzan_00000157,2.147315429030012
west_u023,sanchit-gandhi_gtzan_00000113,2.2532612978646003
west_u023,sanchit-gandhi_gtzan_00000104,2.294686262061427
west_u023,sanchit-gandhi_gtzan_00000101,1.7304051641871767
west_u023,sanchit-gandhi_gtzan_00000133,1.3541574802649095
west_u023,sanchit-gandhi_gtzan_00000142,2.0425159800811254
west_u023,sanchit-gandhi_gtzan_00000121,0.6160634142676841
west_u023,sanchit-gandhi_gtzan_00000131,2.0143469771307934
west_u023,sanchit-gandhi_gtzan_00000136,1.4328183917639865
west_u023,sanchit-gandhi_gtzan_00000155,1.7363045467188956
west_u023,sanchit-gandhi_gtzan_00000134,1.2202294558158253
west_u023,sanchit-gandhi_gtzan_00000115,1.2108749404202575
west_u023,sanchit-gandhi_gtzan_00000119,0.6297120885987812
west_u023,sanchit-gandhi_gtzan_00000114,1.3060367674900477
west_u023,sanchit-gandhi_gtzan_00000140,1.279410987098344
west_u023,sanchit-gandhi_gtzan_00000120,0.9627646507224229
west_u023,sanchit-gandhi_gtzan_00000153,1.0016326468560988
west_u023,sanchit-gandhi_gtzan_00000128,1.5826407762633325
west_u023,sanchit-gandhi_gtzan_00000102,1.1231557383806428
west_u023,sanchit-gandhi_gtzan_00000103,2.0071845430548247
west_u023,sanchit-gandhi_gtzan_00000158,0.7671393093284395
west_u023,sanchit-gandhi_gtzan_00000118,1.57143753284195
west_u023,sanchit-gandhi_gtzan_00000124,0.8510771543149515
west_u023,ccmusic-database_erhu_playing_tech_00000151,1.1631248463428894
west_u023,ccmusic-database_erhu_playing_tech_00000023,1.1959369473829302
west_u023,ccmusic-database_erhu_playing_tech_00000096,1.3171018768097345
west_u023,ccmusic-database_erhu_playing_tech_00000139,1.0270236788184066
west_u023,ccmusic-database_erhu_playing_tech_00000101,1.1377908249244935
west_u023,ccmusic-database_erhu_playing_tech_00000146,0.694286031709746
west_u023,ccmusic-database_erhu_playing_tech_00000075,1.075070722144045
west_u023,ccmusic-database_erhu_playing_tech_00000108,0.9535910252772922
west_u023,bilal63_turkish_music_emotion_dataset_00000149,1.3492769912834532
west_u023,bilal63_turkish_music_emotion_dataset_00000154,1.0370093267202563
west_u023,bilal63_turkish_music_emotion_dataset_00000078,1.5021112288232972
west_u023,bilal63_turkish_music_emotion_dataset_00000097,1.0250893330744844
west_u023,bilal63_turkish_music_emotion_dataset_00000027,0.7682910835148442
west_u023,bilal63_turkish_music_emotion_dataset_00000127,0.8194797705940893
west_u023,bilal63_turkish_music_emotion_dataset_00000082,0.5111350538737094
west_u023,bilal63_turkish_music_emotion_dataset_00000039,1.1788903943112286
