track_id,culture,audio_path,source_dataset,source_split,source_index,duration_sec,sample_rate,channels,era,region,coarse_label,is_instrumental,fine_label,label,substyle,instrument,instrument_family,language,title,artist,license,license_note,url,recording_condition,notes,schema_version,dataset_version,import_batch,dedup_group_id,dedup_keep,qc_status,qc_notes,embedding_status_culturemert,embedding_status_gemini,drop_reason,cname,pinyin,name
sanchit-gandhi_gtzan_00000000,west,E:\Desktop\Echo\storage\public\routeA_phase2\gtzan\audio\sanchit-gandhi_gtzan_00000000.wav,sanchit-gandhi/gtzan,train,0,30.013333333333332,22050,1,,west,jazz_blues,0,blues,blues,,,,,,,,,,,,v4.0,v4_routeA_small_seed_from_public_2026-03-20,v4_routeA_small_seed_from_public_2026-03-20,sanchit-gandhi_gtzan_00000000,1,pending,,pending,pending,,,,
sanchit-gandhi_gtzan_00000001,west,E:\Desktop\Echo\storage\public\routeA_phase2\gtzan\audio\sanchit-gandhi_gtzan_00000001.wav,sanchit-gandhi/gtzan,train,1,30.013333333333332,22050,1,,west,jazz_blues,0,blues,blues,,,,,,,,,,,,v4.0,v4_routeA_small_seed_from_public_2026-03-20,v4_routeA_small_seed_from_public_2026-03-20,sanchit-gandhi_gtzan_00000001,1,pending,,pending,pending,,,,
sanchit-gandhi_gtzan_00000002,west,E:\Desktop\Echo\storage\public\routeA_phase2\gtzan\audio\sanchit-gandhi_gtzan_00000002.wav,sanchit-gandhi/gtzan,train,2,30.013333333333332,22050,1,,west,jazz_blues,0,blues,blues,,,,,,,,,,,,v4.0,v4_routeA_small_seed_from_public_2026-03-20,v4_routeA_small_seed_from_public_2026-03-20,sanchit-gandhi_gtzan_00000002,1,pending,,pending,pending,,,,
sanchit-gandhi_gtzan_00000003,west,E:\Desktop\Echo\storage\public\routeA_phase2\gtzan\audio\sanchit-gandhi_gtzan_00000003.wav,sanchit-gandhi/gtzan,train,3,30.013333333333332,22050,1,,west,jazz_blues,0,blues,blues,,,,,,,,,,,,v4.0,v4_routeA_small_seed_from_public_2026-03-20,v4_routeA_small_seed_from_public_2026-03-20,sanchit-gandhi_gtzan_00000003,1,pending,,pending,pending,,,,
sanchit-gandhi_gtzan_00000004,west,E:\Desktop\Echo\storage\public\routeA_phase2\gtzan\audio\sanchit-gandhi_gtzan_00000004.wav,sanchit-gandhi/gtzan,train,4,30.013333333333332,22050,1,,west,jazz_blues,0,blues,blues,,,,,,,,,,,,v4.0,v4_routeA_small_seed_from_public_2026-03-20,v4_routeA_small_seed_from_public_2026-03-20,sanchit-gandhi_gtzan_00000004,1,pending,,pending,pending,,,,
sanchit-gandhi_gtzan_00000005,west,E:\Desktop\Echo\storage\public\routeA_phase2\gtzan\audio\sanchit-gandhi_gtzan_00000005.wav,sanchit-gandhi/gtzan,train,5,30.013333333333332,22050,1,,west,jazz_blues,0,blues,blues,,,,,,,,,,,,v4.0,v4_routeA_small_seed_from_public_2026-03-20,v4_routeA_small_seed_from_public_2026-03-20,sanchit-gandhi_gtzan_00000005,1,pending,,pending,pending,,,,
sanchit-gandhi_gtzan_00000006,west,E:\Desktop\Echo\storage\public\routeA_phase2\gtzan\audio\sanchit-gandhi_gtzan_00000006.wav,sanchit-gandhi/gtzan,train,6,30.013333333333332,22050,1,,west,jazz_blues,0,blues,blues,,,,,,,,,,,,v4.0,v4_routeA_small_seed_from_public_2026-03-20,v4_routeA_small_seed_from_public_2026-03-20,sanchit-gandhi_gtzan_00000006,1,pending,,pending,pending,,,,
sanchit-gandhi_gtzan_00000007,west,E:\Desktop\Echo\storage\public\routeA_phase2\gtzan\audio\sanchit-gandhi_gtzan_00000007.wav,sanchit-gandhi/gtzan,train,7,30.013333333333332,22050,1,,west,jazz_blues,0,blues,blues,,,,,,,,,,,,v4.0,v4_routeA_small_seed_from_public_2026-03-20,v4_routeA_small_seed_from_public_2026-03-20,sanchit-gandhi_gtzan_00000007,1,pending,,pending,pending,,,,
sanchit-gandhi_gtzan_00000008,west,E:\Desktop\Echo\storage\public\routeA_phase2\gtzan\audio\sanchit-gandhi_gtzan_00000008.wav,sanchit-gandhi/gtzan,train,8,30.013333333333332,22050,1,,west,jazz_blues,0,blues,blues,,,,,,,,,,,,v4.0,v4_routeA_small_seed_from_public_2026-03-20,v4_routeA_small_seed_from_public_2026-03-20,sanchit-gandhi_gtzan_00000008,1,pending,,pending,pending,,,,
sanchit-gandhi_gtzan_00000009,west,E:\Desktop\Echo\storage\public\routeA_phase2\gtzan\audio\sanchit-gandhi_gtzan_00000009.wav,sanchit-gandhi/gtzan,train,9,30.013333333333332,22050,1,,west,jazz_blues,0,blues,blues,,,,,,,,,,,,v4.0,v4_routeA_small_seed_from_public_2026-03-20,v4_routeA_small_seed_from_public_2026-03-20,sanchit-gandhi_gtzan_00000009,1,pending,,pending,pending,,,,
sanchit-gandhi_gtzan_00000010,west,E:\Desktop\Echo\storage\public\routeA_phase2\gtzan\audio\sanchit-gandhi_gtzan_00000010.wav,sanchit-gandhi/gtzan,train,10,30.013333333333332,22050,1,,west,jazz_blues,0,blues,blues,,,,,,,,,,,,v4.0,v4_routeA_small_seed_from_public_2026-03-20,v4_routeA_small_seed_from_public_2026-03-20,sanchit-gandhi_gtzan_00000010,1,pending,,pending,pending,,,,
sanchit-gandhi_gtzan_00000011,west,E:\Desktop\Echo\storage\public\routeA_phase2\gtzan\audio\sanchit-gandhi_gtzan_00000011.wav,sanchit-gandhi/gtzan,train,11,30.013333333333332,22050,1,,west,jazz_blues,0,blues,blues,,,,,,,,,,,,v4.0,v4_routeA_small_seed_from_public_2026-03-20,v4_routeA_small_seed_from_public_2026-03-20,sanchit-gandhi_gtzan_00000011,1,pending,,pending,pending,,,,
sanchit-gandhi_gtzan_00000012,west,E:\Desktop\Echo\storage\public\routeA_phase2\gtzan\audio\sanchit-gandhi_gtzan_00000012.wav,sanchit-gandhi/gtzan,train,12,30.013333333333332,22050,1,,west,jazz_blues,0,blues,blues,,,,,,,,,,,,v4.0,v4_routeA_small_seed_from_public_2026-03-20,v4_routeA_small_seed_from_public_2026-03-20,sanchit-gandhi_gtzan_00000012,1,pending,,pending,pending,,,,
sanchit-gandhi_gtzan_00000013,west,E:\Desktop\Echo\storage\public\routeA_phase2\gtzan\audio\sanchit-gandhi_gtzan_00000013.wav,sanchit-gandhi/gtzan,train,13,30.013333333333332,22050,1,,west,jazz_blues,0,blues,blues,,,,,,,,,,,,v4.0,v4_routeA_small_seed_from_public_2026-03-20,v4_routeA_small_seed_from_public_2026-03-20,sanchit-gandhi_gtzan_00000013,1,pending,,pending,pending,,,,
sanchit-gandhi_gtzan_00000014,west,E:\Desktop\Echo\storage\public\routeA_phase2\gtzan\audio\sanchit-gandhi_gtzan_00000014.wav,sanchit-gandhi/gtzan,train,14,30.013333333333332,22050,1,,west,jazz_blues,0,blues,blues,,,,,,,,,,,,v4.0,v4_routeA_small_seed_from_public_2026-03-20,v4_routeA_small_seed_from_public_2026-03-20,sanchit-gandhi_gtzan_00000014,1,pending,,pending,pending,,,,
sanchit-gandhi_gtzan_00000015,west,E:\Desktop\Echo\storage\public\routeA_phase2\gtzan\audio\sanchit-gandhi_gtzan_00000015.wav,sanchit-gandhi/gtzan,train,15,30.013333333333332,22050,1,,west,jazz_blues,0,blues,blues,,,,,,,,,,,,v4.0,v4_routeA_small_seed_from_public_2026-03-20,v4_routeA_small_seed_from_public_2026-03-20,sanchit-gandhi_gtzan_00000015,1,pending,,pending,pending,,,,
sanchit-gandhi_gtzan_00000016,west,E:\Desktop\Echo\storage\public\routeA_phase2\gtzan\audio\sanchit-gandhi_gtzan_00000016.wav,sanchit-gandhi/gtzan,train,16,30.013333333333332,22050,1,,west,jazz_blues,0,blues,blues,,,,,,,,,,,,v4.0,v4_routeA_small_seed_from_public_2026-03-20,v4_routeA_small_seed_from_public_2026-03-20,sanchit-gandhi_gtzan_00000016,1,pending,,pending,pending,,,,
sanchit-gandhi_gtzan_00000017,west,E:\Desktop\Echo\storage\public\routeA_phase2\gtzan\audio\sanchit-gandhi_gtzan_00000017.wav,sanchit-gandhi/gtzan,train,17,30.013333333333332,22050,1,,west,jazz_blues,0,blues,blues,,,,,,,,,,,,v4.0,v4_routeA_small_seed_from_public_2026-03-20,v4_routeA_small_seed_from_public_2026-03-20,sanchit-gandhi_gtzan_00000017,1,pending,,pending,pending,,,,
sanchit-gandhi_gtzan_00000018,west,E:\Desktop\Echo\storage\public\routeA_phase2\gtzan\audio\sanchit-gandhi_gtzan_00000018.wav,sanchit-gandhi/gtzan,train,18,30.013333333333332,22050,1,,west,jazz_blues,0,blues,blues,,,,,,,,,,,,v4.0,v4_routeA_small_seed_from_public_2026-03-20,v4_routeA_small_seed_from_public_2026-03-20,sanchit-gandhi_gtzan_00000018,1,pending,,pending,pending,,,,
sanchit-gandhi_gtzan_00000019,west,E:\Desktop\Echo\storage\public\routeA_phase2\gtzan\audio\sanchit-gandhi_gtzan_00000019.wav,sanchit-gandhi/gtzan,train,19,30.013333333333332,22050,1,,west,jazz_blues,0,blues,blues,,,,,,,,,,,,v4.0,v4_routeA_small_seed_from_public_2026-03-20,v4_routeA_small_seed_from_public_2026-03-20,sanchit-gandhi_gtzan_00000019,1,pending,,pending,pending,,,,
sanchit-gandhi_gtzan_00000020,west,E:\Desktop\Echo\storage\public\routeA_phase2\gtzan\audio\sanchit-gandhi_gtzan_00000020.wav,sanchit-gandhi/gtzan,train,20,30.013333333333332,22050,1,,west,jazz_blues,0,blues,blues,,,,,,,,,,,,v4.0,v4_routeA_small_seed_from_public_2026-03-20,v4_routeA_small_seed_from_public_2026-03-20,sanchit-gandhi_gtzan_00000020,1,pending,,pending,pending,,,,
sanchit-gandhi_gtzan_00000021,west,E:\Desktop\Echo\storage\public\routeA_phase2\gtzan\audio\sanchit-gandhi_gtzan_00000021.wav,sanchit-gandhi/gtzan,train,21,30.013333333333332,22050,1,,west,jazz_blues,0,blues,blues,,,,,,,,,,,,v4.0,v4_routeA_small_seed_from_public_2026-03-20,v4_routeA_small_seed_from_public_2026-03-20,sanchit-gandhi_gtzan_00000021,1,pending,,pending,pending,,,,
sanchit-gandhi_gtzan_00000022,west,E:\Desktop\Echo\storage\public\routeA_phase2\gtzan\audio\sanchit-gandhi_gtzan_00000022.wav,sanchit-gandhi/gtzan,train,22,30.013333333333332,22050,1,,west,jazz_blues,0,blues,blues,,,,,,,,,,,,v4.0,v4_routeA_small_seed_from_public_2026-03-20,v4_routeA_small_seed_from_public_2026-03-20,sanchit-gandhi_gtzan_00000022,1,pending,,pending,pending,,,,
sanchit-gandhi_gtzan_00000023,west,E:\Desktop\Echo\storage\public\routeA_phase2\gtzan\audio\sanchit-gandhi_gtzan_00000023.wav,sanchit-gandhi/gtzan,train,23,30.013333333333332,22050,1,,west,jazz_blues,0,blues,blues,,,,,,,,,,,,v4.0,v4_routeA_small_seed_from_public_2026-03-20,v4_routeA_small_seed_from_public_2026-03-20,sanchit-gandhi_gtzan_00000023,1,pending,,pending,pending,,,,
sanchit-gandhi_gtzan_00000024,west,E:\Desktop\Echo\storage\public\routeA_phase2\gtzan\audio\sanchit-gandhi_gtzan_00000024.wav,sanchit-gandhi/gtzan,train,24,30.013333333333332,22050,1,,west,jazz_blues,0,blues,blues,,,,,,,,,,,,v4.0,v4_routeA_small_seed_from_public_2026-03-20,v4_routeA_small_seed_from_public_2026-03-20,sanchit-gandhi_gtzan_00000024,1,pending,,pending,pending,,,,
sanchit-gandhi_gtzan_00000025,west,E:\Desktop\Echo\storage\public\routeA_phase2\gtzan\audio\sanchit-gandhi_gtzan_00000025.wav,sanchit-gandhi/gtzan,train,25,30.013333333333332,22050,1,,west,jazz_blues,0,blues,blues,,,,,,,,,,,,v4.0,v4_routeA_small_seed_from_public_2026-03-20,v4_routeA_small_seed_from_public_2026-03-20,sanchit-gandhi_gtzan_00000025,1,pending,,pending,pending,,,,
sanchit-gandhi_gtzan_00000026,west,E:\Desktop\Echo\storage\public\routeA_phase2\gtzan\audio\sanchit-gandhi_gtzan_00000026.wav,sanchit-gandhi/gtzan,train,26,30.013333333333332,22050,1,,west,jazz_blues,0,blues,blues,,,,,,,,,,,,v4.0,v4_routeA_small_seed_from_public_2026-03-20,v4_routeA_small_seed_from_public_2026-03-20,sanchit-gandhi_gtzan_00000026,1,pending,,pending,pending,,,,
sanchit-gandhi_gtzan_00000027,west,E:\Desktop\Echo\storage\public\routeA_phase2\gtzan\audio\sanchit-gandhi_gtzan_00000027.wav,sanchit-gandhi/gtzan,train,27,30.013333333333332,22050,1,,west,jazz_blues,0,blues,blues,,,,,,,,,,,,v4.0,v4_routeA_small_seed_from_public_2026-03-20,v4_routeA_small_seed_from_public_2026-03-20,sanchit-gandhi_gtzan_00000027,1,pending,,pending,pending,,,,
sanchit-gandhi_gtzan_00000028,west,E:\Desktop\Echo\storage\public\routeA_phase2\gtzan\audio\sanchit-gandhi_gtzan_00000028.wav,sanchit-gandhi/gtzan,train,28,30.013333333333332,22050,1,,west,jazz_blues,0,blues,blues,,,,,,,,,,,,v4.0,v4_routeA_small_seed_from_public_2026-03-20,v4_routeA_small_seed_from_public_2026-03-20,sanchit-gandhi_gtzan_00000028,1,pending,,pending,pending,,,,
sanchit-gandhi_gtzan_00000029,west,E:\Desktop\Echo\storage\public\routeA_phase2\gtzan\audio\sanchit-gandhi_gtzan_00000029.wav,sanchit-gandhi/gtzan,train,29,30.013333333333332,22050,1,,west,jazz_blues,0,blues,blues,,,,,,,,,,,,v4.0,v4_routeA_small_seed_from_public_2026-03-20,v4_routeA_small_seed_from_public_2026-03-20,sanchit-gandhi_gtzan_00000029,1,pending,,pending,pending,,,,
sanchit-gandhi_gtzan_00000030,west,E:\Desktop\Echo\storage\public\routeA_phase2\gtzan\audio\sanchit-gandhi_gtzan_00000030.wav,sanchit-gandhi/gtzan,train,30,30.013333333333332,22050,1,,west,jazz_blues,0,blues,blues,,,,,,,,,,,,v4.0,v4_routeA_small_seed_from_public_2026-03-20,v4_routeA_small_seed_from_public_2026-03-20,sanchit-gandhi_gtzan_00000030,1,pending,,pending,pending,,,,
sanchit-gandhi_gtzan_00000031,west,E:\Desktop\Echo\storage\public\routeA_phase2\gtzan\audio\sanchit-gandhi_gtzan_00000031.wav,sanchit-gandhi/gtzan,train,31,30.013333333333332,22050,1,,west,jazz_blues,0,blues,blues,,,,,,,,,,,,v4.0,v4_routeA_small_seed_from_public_2026-03-20,v4_routeA_small_seed_from_public_2026-03-20,sanchit-gandhi_gtzan_00000031,1,pending,,pending,pending,,,,
sanchit-gandhi_gtzan_00000032,west,E:\Desktop\Echo\storage\public\routeA_phase2\gtzan\audio\sanchit-gandhi_gtzan_00000032.wav,sanchit-gandhi/gtzan,train,32,30.013333333333332,22050,1,,west,jazz_blues,0,blues,blues,,,,,,,,,,,,v4.0,v4_routeA_small_seed_from_public_2026-03-20,v4_routeA_small_seed_from_public_2026-03-20,sanchit-gandhi_gtzan_00000032,1,pending,,pending,pending,,,,
sanchit-gandhi_gtzan_00000033,west,E:\Desktop\Echo\storage\public\routeA_phase2\gtzan\audio\sanchit-gandhi_gtzan_00000033.wav,sanchit-gandhi/gtzan,train,33,30.013333333333332,22050,1,,west,jazz_blues,0,blues,blues,,,,,,,,,,,,v4.0,v4_routeA_small_seed_from_public_2026-03-20,v4_routeA_small_seed_from_public_2026-03-20,sanchit-gandhi_gtzan_00000033,1,pending,,pending,pending,,,,
sanchit-gandhi_gtzan_00000034,west,E:\Desktop\Echo\storage\public\routeA_phase2\gtzan\audio\sanchit-gandhi_gtzan_00000034.wav,sanchit-gandhi/gtzan,train,34,30.013333333333332,22050,1,,west,jazz_blues,0,blues,blues,,,,,,,,,,,,v4.0,v4_routeA_small_seed_from_public_2026-03-20,v4_routeA_small_seed_from_public_2026-03-20,sanchit-gandhi_gtzan_00000034,1,pending,,pending,pending,,,,
sanchit-gandhi_gtzan_00000035,west,E:\Desktop\Echo\storage\public\routeA_phase2\gtzan\audio\sanchit-gandhi_gtzan_00000035.wav,sanchit-gandhi/gtzan,train,35,30.013333333333332,22050,1,,west,jazz_blues,0,blues,blues,,,,,,,,,,,,v4.0,v4_routeA_small_seed_from_public_2026-03-20,v4_routeA_small_seed_from_public_2026-03-20,sanchit-gandhi_gtzan_00000035,1,pending,,pending,pending,,,,
sanchit-gandhi_gtzan_00000036,west,E:\Desktop\Echo\storage\public\routeA_phase2\gtzan\audio\sanchit-gandhi_gtzan_00000036.wav,sanchit-gandhi/gtzan,train,36,30.013333333333332,22050,1,,west,jazz_blues,0,blues,blues,,,,,,,,,,,,v4.0,v4_routeA_small_seed_from_public_2026-03-20,v4_routeA_small_seed_from_public_2026-03-20,sanchit-gandhi_gtzan_00000036,1,pending,,pending,pending,,,,
sanchit-gandhi_gtzan_00000037,west,E:\Desktop\Echo\storage\public\routeA_phase2\gtzan\audio\sanchit-gandhi_gtzan_00000037.wav,sanchit-gandhi/gtzan,train,37,30.013333333333332,22050,1,,west,jazz_blues,0,blues,blues,,,,,,,,,,,,v4.0,v4_routeA_small_seed_from_public_2026-03-20,v4_routeA_small_seed_from_public_2026-03-20,sanchit-gandhi_gtzan_00000037,1,pending,,pending,pending,,,,
sanchit-gandhi_gtzan_00000038,west,E:\Desktop\Echo\storage\public\routeA_phase2\gtzan\audio\sanchit-gandhi_gtzan_00000038.wav,sanchit-gandhi/gtzan,train,38,30.013333333333332,22050,1,,west,jazz_blues,0,blues,blues,,,,,,,,,,,,v4.0,v4_routeA_small_seed_from_public_2026-03-20,v4_routeA_small_seed_from_public_2026-03-20,sanchit-gandhi_gtzan_00000038,1,pending,,pending,pending,,,,
sanchit-gandhi_gtzan_00000039,west,E:\Desktop\Echo\storage\public\routeA_phase2\gtzan\audio\sanchit-gandhi_gtzan_00000039.wav,sanchit-gandhi/gtzan,train,39,30.013333333333332,22050,1,,west,jazz_blues,0,blues,blues,,,,,,,,,,,,v4.0,v4_routeA_small_seed_from_public_2026-03-20,v4_routeA_small_seed_from_public_2026-03-20,sanchit-gandhi_gtzan_00000039,1,pending,,pending,pending,,,,
sanchit-gandhi_gtzan_00000040,west,E:\Desktop\Echo\storage\public\routeA_phase2\gtzan\audio\sanchit-gandhi_gtzan_00000040.wav,sanchit-gandhi/gtzan,train,40,30.013333333333332,22050,1,,west,jazz_blues,0,blues,blues,,,,,,,,,,,,v4.0,v4_routeA_small_seed_from_public_2026-03-20,v4_routeA_small_seed_from_public_2026-03-20,sanchit-gandhi_gtzan_00000040,1,pending,,pending,pending,,,,
sanchit-gandhi_gtzan_00000041,west,E:\Desktop\Echo\storage\public\routeA_phase2\gtzan\audio\sanchit-gandhi_gtzan_00000041.wav,sanchit-gandhi/gtzan,train,41,30.013333333333332,22050,1,,west,jazz_blues,0,blues,blues,,,,,,,,,,,,v4.0,v4_routeA_small_seed_from_public_2026-03-20,v4_routeA_small_seed_from_public_2026-03-20,sanchit-gandhi_gtzan_00000041,1,pending,,pending,pending,,,,
sanchit-gandhi_gtzan_00000042,west,E:\Desktop\Echo\storage\public\routeA_phase2\gtzan\audio\sanchit-gandhi_gtzan_00000042.wav,sanchit-gandhi/gtzan,train,42,30.013333333333332,22050,1,,west,jazz_blues,0,blues,blues,,,,,,,,,,,,v4.0,v4_routeA_small_seed_from_public_2026-03-20,v4_routeA_small_seed_from_public_2026-03-20,sanchit-gandhi_gtzan_00000042,1,pending,,pending,pending,,,,
sanchit-gandhi_gtzan_00000043,west,E:\Desktop\Echo\storage\public\routeA_phase2\gtzan\audio\sanchit-gandhi_gtzan_00000043.wav,sanchit-gandhi/gtzan,train,43,30.013333333333332,22050,1,,west,jazz_blues,0,blues,blues,,,,,,,,,,,,v4.0,v4_routeA_small_seed_from_public_2026-03-20,v4_routeA_small_seed_from_public_2026-03-20,sanchit-gandhi_gtzan_00000043,1,pending,,pending,pending,,,,
sanchit-gandhi_gtzan_00000044,west,E:\Desktop\Echo\storage\public\routeA_phase2\gtzan\audio\sanchit-gandhi_gtzan_00000044.wav,sanchit-gandhi/gtzan,train,44,30.013333333333332,22050,1,,west,jazz_blues,0,blues,blues,,,,,,,,,,,,v4.0,v4_routeA_small_seed_from_public_2026-03-20,v4_routeA_small_seed_from_public_2026-03-20,sanchit-gandhi_gtzan_00000044,1,pending,,pending,pending,,,,
sanchit-gandhi_gtzan_00000045,west,E:\Desktop\Echo\storage\public\routeA_phase2\gtzan\audio\sanchit-gandhi_gtzan_00000045.wav,sanchit-gandhi/gtzan,train,45,30.013333333333332,22050,1,,west,jazz_blues,0,blues,blues,,,,,,,,,,,,v4.0,v4_routeA_small_seed_from_public_2026-03-20,v4_routeA_small_seed_from_public_2026-03-20,sanchit-gandhi_gtzan_00000045,1,pending,,pending,pending,,,,
sanchit-gandhi_gtzan_00000046,west,E:\Desktop\Echo\storage\public\routeA_phase2\gtzan\audio\sanchit-gandhi_gtzan_00000046.wav,sanchit-gandhi/gtzan,train,46,30.013333333333332,22050,1,,west,jazz_blues,0,blues,blues,,,,,,,,,,,,v4.0,v4_routeA_small_seed_from_public_2026-03-20,v4_routeA_small_seed_from_public_2026-03-20,sanchit-gandhi_gtzan_00000046,1,pending,,pending,pending,,,,
sanchit-gandhi_gtzan_00000047,west,E:\Desktop\Echo\storage\public\routeA_phase2\gtzan\audio\sanchit-gandhi_gtzan_00000047.wav,sanchit-gandhi/gtzan,train,47,30.013333333333332,22050,1,,west,jazz_blues,0,blues,blues,,,,,,,,,,,,v4.0,v4_routeA_small_seed_from_public_2026-03-20,v4_routeA_small_seed_from_public_2026-03-20,sanchit-gandhi_gtzan_00000047,1,pending,,pending,pending,,,,
sanchit-gandhi_gtzan_00000048,west,E:\Desktop\Echo\storage\public\routeA_phase2\gtzan\audio\sanchit-gandhi_gtzan_00000048.wav,sanchit-gandhi/gtzan,train,48,30.013333333333332,22050,1,,west,jazz_blues,0,blues,blues,,,,,,,,,,,,v4.0,v4_routeA_small_seed_from_public_2026-03-20,v4_routeA_small_seed_from_public_2026-03-20,sanchit-gandhi_gtzan_00000048,1,pending,,pending,pending,,,,
sanchit-gandhi_gtzan_00000049,west,E:\Desktop\Echo\storage\public\routeA_phase2\gtzan\audio\sanchit-gandhi_gtzan_00000049.wav,sanchit-gandhi/gtzan,train,49,30.013333333333332,22050,1,,west,jazz_blues,0,blues,blues,,,,,,,,,,,,v4.0,v4_routeA_small_seed_from_public_2026-03-20,v4_routeA_small_seed_from_public_2026-03-20,sanchit-gandhi_gtzan_00000049,1,pending,,pending,pending,,,,
sanchit-gandhi_gtzan_00000050,west,E:\Desktop\Echo\storage\public\routeA_phase2\gtzan\audio\sanchit-gandhi_gtzan_00000050.wav,sanchit-gandhi/gtzan,train,50,30.013333333333332,22050,1,,west,jazz_blues,0,blues,blues,,,,,,,,,,,,v4.0,v4_routeA_small_seed_from_public_2026-03-20,v4_routeA_small_seed_from_public_2026-03-20,sanchit-gandhi_gtzan_00000050,1,pending,,pending,pending,,,,
sanchit-gandhi_gtzan_00000051,west,E:\Desktop\Echo\storage\public\routeA_phase2\gtzan\audio\sanchit-gandhi_gtzan_00000051.wav,sanchit-gandhi/gtzan,train,51,30.013333333333332,22050,1,,west,jazz_blues,0,blues,blues,,,,,,,,,,,,v4.0,v4_routeA_small_seed_from_public_2026-03-20,v4_routeA_small_seed_from_public_2026-03-20,sanchit-gandhi_gtzan_00000051,1,pending,,pending,pending,,,,
sanchit-gandhi_gtzan_00000052,west,E:\Desktop\Echo\storage\public\routeA_phase2\gtzan\audio\sanchit-gandhi_gtzan_00000052.wav,sanchit-gandhi/gtzan,train,52,30.013333333333332,22050,1,,west,jazz_blues,0,blues,blues,,,,,,,,,,,,v4.0,v4_routeA_small_seed_from_public_2026-03-20,v4_routeA_small_seed_from_public_2026-03-20,sanchit-gandhi_gtzan_00000052,1,pending,,pending,pending,,,,
sanchit-gandhi_gtzan_00000053,west,E:\Desktop\Echo\storage\public\routeA_phase2\gtzan\audio\sanchit-gandhi_gtzan_00000053.wav,sanchit-gandhi/gtzan,train,53,30.013333333333332,22050,1,,west,jazz_blues,0,blues,blues,,,,,,,,,,,,v4.0,v4_routeA_small_seed_from_public_2026-03-20,v4_routeA_small_seed_from_public_2026-03-20,sanchit-gandhi_gtzan_00000053,1,pending,,pending,pending,,,,
sanchit-gandhi_gtzan_00000054,west,E:\Desktop\Echo\storage\public\routeA_phase2\gtzan\audio\sanchit-gandhi_gtzan_00000054.wav,sanchit-gandhi/gtzan,train,54,30.013333333333332,22050,1,,west,jazz_blues,0,blues,blues,,,,,,,,,,,,v4.0,v4_routeA_small_seed_from_public_2026-03-20,v4_routeA_small_seed_from_public_2026-03-20,sanchit-gandhi_gtzan_00000054,1,pending,,pending,pending,,,,
sanchit-gandhi_gtzan_00000055,west,E:\Desktop\Echo\storage\public\routeA_phase2\gtzan\audio\sanchit-gandhi_gtzan_00000055.wav,sanchit-gandhi/gtzan,train,55,30.013333333333332,22050,1,,west,jazz_blues,0,blues,blues,,,,,,,,,,,,v4.0,v4_routeA_small_seed_from_public_2026-03-20,v4_routeA_small_seed_from_public_2026-03-20,sanchit-gandhi_gtzan_00000055,1,pending,,pending,pending,,,,
sanchit-gandhi_gtzan_00000056,west,E:\Desktop\Echo\storage\public\routeA_phase2\gtzan\audio\sanchit-gandhi_gtzan_00000056.wav,sanchit-gandhi/gtzan,train,56,30.013333333333332,22050,1,,west,jazz_blues,0,blues,blues,,,,,,,,,,,,v4.0,v4_routeA_small_seed_from_public_2026-03-20,v4_routeA_small_seed_from_public_2026-03-20,sanchit-gandhi_gtzan_00000056,1,pending,,pending,pending,,,,
sanchit-gandhi_gtzan_00000057,west,E:\Desktop\Echo\storage\public\routeA_phase2\gtzan\audio\sanchit-gandhi_gtzan_00000057.wav,sanchit-gandhi/gtzan,train,57,30.013333333333332,22050,1,,west,jazz_blues,0,blues,blues,,,,,,,,,,,,v4.0,v4_routeA_small_seed_from_public_2026-03-20,v4_routeA_small_seed_from_public_2026-03-20,sanchit-gandhi_gtzan_00000057,1,pending,,pending,pending,,,,
sanchit-gandhi_gtzan_00000058,west,E:\Desktop\Echo\storage\public\routeA_phase2\gtzan\audio\sanchit-gandhi_gtzan_00000058.wav,sanchit-gandhi/gtzan,train,58,30.013333333333332,22050,1,,west,jazz_blues,0,blues,blues,,,,,,,,,,,,v4.0,v4_routeA_small_seed_from_public_2026-03-20,v4_routeA_small_seed_from_public_2026-03-20,sanchit-gandhi_gtzan_00000058,1,pending,,pending,pending,,,,
sanchit-gandhi_gtzan_00000059,west,E:\Desktop\Echo\storage\public\routeA_phase2\gtzan\audio\sanchit-gandhi_gtzan_00000059.wav,sanchit-gandhi/gtzan,train,59,30.013333333333332,22050,1,,west,jazz_blues,0,blues,blues,,,,,,,,,,,,v4.0,v4_routeA_small_seed_from_public_2026-03-20,v4_routeA_small_seed_from_public_2026-03-20,sanchit-gandhi_gtzan_00000059,1,pending,,pending,pending,,,,
sanchit-gandhi_gtzan_00000060,west,E:\Desktop\Echo\storage\public\routeA_phase2\gtzan\audio\sanchit-gandhi_gtzan_00000060.wav,sanchit-gandhi/gtzan,train,60,30.013333333333332,22050,1,,west,jazz_blues,0,blues,blues,,,,,,,,,,,,v4.0,v4_routeA_small_seed_from_public_2026-03-20,v4_routeA_small_seed_from_public_2026-03-20,sanchit-gandhi_gtzan_00000060,1,pending,,pending,pending,,,,
sanchit-gandhi_gtzan_00000061,west,E:\Desktop\Echo\storage\public\routeA_phase2\gtzan\audio\sanchit-gandhi_gtzan_00000061.wav,sanchit-gandhi/gtzan,train,61,30.013333333333332,22050,1,,west,jazz_blues,0,blues,blues,,,,,,,,,,,,v4.0,v4_routeA_small_seed_from_public_2026-03-20,v4_routeA_small_seed_from_public_2026-03-20,sanchit-gandhi_gtzan_00000061,1,pending,,pending,pending,,,,
sanchit-gandhi_gtzan_00000062,west,E:\Desktop\Echo\storage\public\routeA_phase2\gtzan\audio\sanchit-gandhi_gtzan_00000062.wav,sanchit-gandhi/gtzan,train,62,30.013333333333332,22050,1,,west,jazz_blues,0,blues,blues,,,,,,,,,,,,v4.0,v4_routeA_small_seed_from_public_2026-03-20,v4_routeA_small_seed_from_public_2026-03-20,sanchit-gandhi_gtzan_00000062,1,pending,,pending,pending,,,,
sanchit-gandhi_gtzan_00000063,west,E:\Desktop\Echo\storage\public\routeA_phase2\gtzan\audio\sanchit-gandhi_gtzan_00000063.wav,sanchit-gandhi/gtzan,train,63,30.013333333333332,22050,1,,west,jazz_blues,0,blues,blues,,,,,,,,,,,,v4.0,v4_routeA_small_seed_from_public_2026-03-20,v4_routeA_small_seed_from_public_2026-03-20,sanchit-gandhi_gtzan_00000063,1,pending,,pending,pending,,,,
sanchit-gandhi_gtzan_00000064,west,E:\Desktop\Echo\storage\public\routeA_phase2\gtzan\audio\sanchit-gandhi_gtzan_00000064.wav,sanchit-gandhi/gtzan,train,64,30.013333333333332,22050,1,,west,jazz_blues,0,blues,blues,,,,,,,,,,,,v4.0,v4_routeA_small_seed_from_public_2026-03-20,v4_routeA_small_seed_from_public_2026-03-20,sanchit-gandhi_gtzan_00000064,1,pending,,pending,pending,,,,
sanchit-gandhi_gtzan_00000065,west,E:\Desktop\Echo\storage\public\routeA_phase2\gtzan\audio\sanchit-gandhi_gtzan_00000065.wav,sanchit-gandhi/gtzan,train,65,30.013333333333332,22050,1,,west,jazz_blues,0,blues,blues,,,,,,,,,,,,v4.0,v4_routeA_small_seed_from_public_2026-03-20,v4_routeA_small_seed_from_public_2026-03-20,sanchit-gandhi_gtzan_00000065,1,pending,,pending,pending,,,,
sanchit-gandhi_gtzan_00000066,west,E:\Desktop\Echo\storage\public\routeA_phase2\gtzan\audio\sanchit-gandhi_gtzan_00000066.wav,sanchit-gandhi/gtzan,train,66,30.013333333333332,22050,1,,west,jazz_blues,0,blues,blues,,,,,,,,,,,,v4.0,v4_routeA_small_seed_from_public_2026-03-20,v4_routeA_small_seed_from_public_2026-03-20,sanchit-gandhi_gtzan_00000066,1,pending,,pending,pending,,,,
sanchit-gandhi_gtzan_00000067,west,E:\Desktop\Echo\storage\public\routeA_phase2\gtzan\audio\sanchit-gandhi_gtzan_00000067.wav,sanchit-gandhi/gtzan,train,67,30.013333333333332,22050,1,,west,jazz_blues,0,blues,blues,,,,,,,,,,,,v4.0,v4_routeA_small_seed_from_public_2026-03-20,v4_routeA_small_seed_from_public_2026-03-20,sanchit-gandhi_gtzan_00000067,1,pending,,pending,pending,,,,
sanchit-gandhi_gtzan_00000068,west,E:\Desktop\Echo\storage\public\routeA_phase2\gtzan\audio\sanchit-gandhi_gtzan_00000068.wav,sanchit-gandhi/gtzan,train,68,30.013333333333332,22050,1,,west,jazz_blues,0,blues,blues,,,,,,,,,,,,v4.0,v4_routeA_small_seed_from_public_2026-03-20,v4_routeA_small_seed_from_public_2026-03-20,sanchit-gandhi_gtzan_00000068,1,pending,,pending,pending,,,,
sanchit-gandhi_gtzan_00000069,west,E:\Desktop\Echo\storage\public\routeA_phase2\gtzan\audio\sanchit-gandhi_gtzan_00000069.wav,sanchit-gandhi/gtzan,train,69,30.013333333333332,22050,1,,west,jazz_blues,0,blues,blues,,,,,,,,,,,,v4.0,v4_routeA_small_seed_from_public_2026-03-20,v4_routeA_small_seed_from_public_2026-03-20,sanchit-gandhi_gtzan_00000069,1,pending,,pending,pending,,,,
sanchit-gandhi_gtzan_00000070,west,E:\Desktop\Echo\storage\public\routeA_phase2\gtzan\audio\sanchit-gandhi_gtzan_00000070.wav,sanchit-gandhi/gtzan,train,70,30.013333333333332,22050,1,,west,jazz_blues,0,blues,blues,,,,,,,,,,,,v4.0,v4_routeA_small_seed_from_public_2026-03-20,v4_routeA_small_seed_from_public_2026-03-20,sanchit-gandhi_gtzan_00000070,1,pending,,pending,pending,,,,
sanchit-gandhi_gtzan_00000071,west,E:\Desktop\Echo\storage\public\routeA_phase2\gtzan\audio\sanchit-gandhi_gtzan_00000071.wav,sanchit-gandhi/gtzan,train,71,30.013333333333332,22050,1,,west,jazz_blues,0,blues,blues,,,,,,,,,,,,v4.0,v4_routeA_small_seed_from_public_2026-03-20,v4_routeA_small_seed_from_public_2026-03-20,sanchit-gandhi_gtzan_00000071,1,pending,,pending,pending,,,,
sanchit-gandhi_gtzan_00000072,west,E:\Desktop\Echo\storage\public\routeA_phase2\gtzan\audio\sanchit-gandhi_gtzan_00000072.wav,sanchit-gandhi/gtzan,train,72,30.013333333333332,22050,1,,west,jazz_blues,0,blues,blues,,,,,,,,,,,,v4.0,v4_routeA_small_seed_from_public_2026-03-20,v4_routeA_small_seed_from_public_2026-03-20,sanchit-gandhi_gtzan_00000072,1,pending,,pending,pending,,,,
sanchit-gandhi_gtzan_00000073,west,E:\Desktop\Echo\storage\public\routeA_phase2\gtzan\audio\sanchit-gandhi_gtzan_00000073.wav,sanchit-gandhi/gtzan,train,73,30.013333333333332,22050,1,,west,jazz_blues,0,blues,blues,,,,,,,,,,,,v4.0,v4_routeA_small_seed_from_public_2026-03-20,v4_routeA_small_seed_from_public_2026-03-20,sanchit-gandhi_gtzan_00000073,1,pending,,pending,pending,,,,
sanchit-gandhi_gtzan_00000074,west,E:\Desktop\Echo\storage\public\routeA_phase2\gtzan\audio\sanchit-gandhi_gtzan_00000074.wav,sanchit-gandhi/gtzan,train,74,30.013333333333332,22050,1,,west,jazz_blues,0,blues,blues,,,,,,,,,,,,v4.0,v4_routeA_small_seed_from_public_2026-03-20,v4_routeA_small_seed_from_public_2026-03-20,sanchit-gandhi_gtzan_00000074,1,pending,,pending,pending,,,,
sanchit-gandhi_gtzan_00000075,west,E:\Desktop\Echo\storage\public\routeA_phase2\gtzan\audio\sanchit-gandhi_gtzan_00000075.wav,sanchit-gandhi/gtzan,train,75,30.013333333333332,22050,1,,west,jazz_blues,0,blues,blues,,,,,,,,,,,,v4.0,v4_routeA_small_seed_from_public_2026-03-20,v4_routeA_small_seed_from_public_2026-03-20,sanchit-gandhi_gtzan_00000075,1,pending,,pending,pending,,,,
sanchit-gandhi_gtzan_00000076,west,E:\Desktop\Echo\storage\public\routeA_phase2\gtzan\audio\sanchit-gandhi_gtzan_00000076.wav,sanchit-gandhi/gtzan,train,76,30.013333333333332,22050,1,,west,jazz_blues,0,blues,blues,,,,,,,,,,,,v4.0,v4_routeA_small_seed_from_public_2026-03-20,v4_routeA_small_seed_from_public_2026-03-20,sanchit-gandhi_gtzan_00000076,1,pending,,pending,pending,,,,
sanchit-gandhi_gtzan_00000077,west,E:\Desktop\Echo\storage\public\routeA_phase2\gtzan\audio\sanchit-gandhi_gtzan_00000077.wav,sanchit-gandhi/gtzan,train,77,30.013333333333332,22050,1,,west,jazz_blues,0,blues,blues,,,,,,,,,,,,v4.0,v4_routeA_small_seed_from_public_2026-03-20,v4_routeA_small_seed_from_public_2026-03-20,sanchit-gandhi_gtzan_00000077,1,pending,,pending,pending,,,,
sanchit-gandhi_gtzan_00000078,west,E:\Desktop\Echo\storage\public\routeA_phase2\gtzan\audio\sanchit-gandhi_gtzan_00000078.wav,sanchit-gandhi/gtzan,train,78,30.013333333333332,22050,1,,west,jazz_blues,0,blues,blues,,,,,,,,,,,,v4.0,v4_routeA_small_seed_from_public_2026-03-20,v4_routeA_small_seed_from_public_2026-03-20,sanchit-gandhi_gtzan_00000078,1,pending,,pending,pending,,,,
sanchit-gandhi_gtzan_00000079,west,E:\Desktop\Echo\storage\public\routeA_phase2\gtzan\audio\sanchit-gandhi_gtzan_00000079.wav,sanchit-gandhi/gtzan,train,79,30.013333333333332,22050,1,,west,jazz_blues,0,blues,blues,,,,,,,,,,,,v4.0,v4_routeA_small_seed_from_public_2026-03-20,v4_routeA_small_seed_from_public_2026-03-20,sanchit-gandhi_gtzan_00000079,1,pending,,pending,pending,,,,
sanchit-gandhi_gtzan_00000080,west,E:\Desktop\Echo\storage\public\routeA_phase2\gtzan\audio\sanchit-gandhi_gtzan_00000080.wav,sanchit-gandhi/gtzan,train,80,30.013333333333332,22050,1,,west,jazz_blues,0,blues,blues,,,,,,,,,,,,v4.0,v4_routeA_small_seed_from_public_2026-03-20,v4_routeA_small_seed_from_public_2026-03-20,sanchit-gandhi_gtzan_00000080,1,pending,,pending,pending,,,,
sanchit-gandhi_gtzan_00000081,west,E:\Desktop\Echo\storage\public\routeA_phase2\gtzan\audio\sanchit-gandhi_gtzan_00000081.wav,sanchit-gandhi/gtzan,train,81,30.013333333333332,22050,1,,west,jazz_blues,0,blues,blues,,,,,,,,,,,,v4.0,v4_routeA_small_seed_from_public_2026-03-20,v4_routeA_small_seed_from_public_2026-03-20,sanchit-gandhi_gtzan_00000081,1,pending,,pending,pending,,,,
sanchit-gandhi_gtzan_00000082,west,E:\Desktop\Echo\storage\public\routeA_phase2\gtzan\audio\sanchit-gandhi_gtzan_00000082.wav,sanchit-gandhi/gtzan,train,82,30.013333333333332,22050,1,,west,jazz_blues,0,blues,blues,,,,,,,,,,,,v4.0,v4_routeA_small_seed_from_public_2026-03-20,v4_routeA_small_seed_from_public_2026-03-20,sanchit-gandhi_gtzan_00000082,1,pending,,pending,pending,,,,
sanchit-gandhi_gtzan_00000083,west,E:\Desktop\Echo\storage\public\routeA_phase2\gtzan\audio\sanchit-gandhi_gtzan_00000083.wav,sanchit-gandhi/gtzan,train,83,30.013333333333332,22050,1,,west,jazz_blues,0,blues,blues,,,,,,,,,,,,v4.0,v4_routeA_small_seed_from_public_2026-03-20,v4_routeA_small_seed_from_public_2026-03-20,sanchit-gandhi_gtzan_00000083,1,pending,,pending,pending,,,,
sanchit-gandhi_gtzan_00000084,west,E:\Desktop\Echo\storage\public\routeA_phase2\gtzan\audio\sanchit-gandhi_gtzan_00000084.wav,sanchit-gandhi/gtzan,train,84,30.013333333333332,22050,1,,west,jazz_blues,0,blues,blues,,,,,,,,,,,,v4.0,v4_routeA_small_seed_from_public_2026-03-20,v4_routeA_small_seed_from_public_2026-03-20,sanchit-gandhi_gtzan_00000084,1,pending,,pending,pending,,,,
sanchit-gandhi_gtzan_00000085,west,E:\Desktop\Echo\storage\public\routeA_phase2\gtzan\audio\sanchit-gandhi_gtzan_00000085.wav,sanchit-gandhi/gtzan,train,85,30.013333333333332,22050,1,,west,jazz_blues,0,blues,blues,,,,,,,,,,,,v4.0,v4_routeA_small_seed_from_public_2026-03-20,v4_routeA_small_seed_from_public_2026-03-20,sanchit-gandhi_gtzan_00000085,1,pending,,pending,pending,,,,
sanchit-gandhi_gtzan_00000086,west,E:\Desktop\Echo\storage\public\routeA_phase2\gtzan\audio\sanchit-gandhi_gtzan_00000086.wav,sanchit-gandhi/gtzan,train,86,30.013333333333332,22050,1,,west,jazz_blues,0,blues,blues,,,,,,,,,,,,v4.0,v4_routeA_small_seed_from_public_2026-03-20,v4_routeA_small_seed_from_public_2026-03-20,sanchit-gandhi_gtzan_00000086,1,pending,,pending,pending,,,,
sanchit-gandhi_gtzan_00000087,west,E:\Desktop\Echo\storage\public\routeA_phase2\gtzan\audio\sanchit-gandhi_gtzan_00000087.wav,sanchit-gandhi/gtzan,train,87,30.013333333333332,22050,1,,west,jazz_blues,0,blues,blues,,,,,,,,,,,,v4.0,v4_routeA_small_seed_from_public_2026-03-20,v4_routeA_small_seed_from_public_2026-03-20,sanchit-gandhi_gtzan_00000087,1,pending,,pending,pending,,,,
sanchit-gandhi_gtzan_00000088,west,E:\Desktop\Echo\storage\public\routeA_phase2\gtzan\audio\sanchit-gandhi_gtzan_00000088.wav,sanchit-gandhi/gtzan,train,88,30.013333333333332,22050,1,,west,jazz_blues,0,blues,blues,,,,,,,,,,,,v4.0,v4_routeA_small_seed_from_public_2026-03-20,v4_routeA_small_seed_from_public_2026-03-20,sanchit-gandhi_gtzan_00000088,1,pending,,pending,pending,,,,
sanchit-gandhi_gtzan_00000089,west,E:\Desktop\Echo\storage\public\routeA_phase2\gtzan\audio\sanchit-gandhi_gtzan_00000089.wav,sanchit-gandhi/gtzan,train,89,30.013333333333332,22050,1,,west,jazz_blues,0,blues,blues,,,,,,,,,,,,v4.0,v4_routeA_small_seed_from_public_2026-03-20,v4_routeA_small_seed_from_public_2026-03-20,sanchit-gandhi_gtzan_00000089,1,pending,,pending,pending,,,,
sanchit-gandhi_gtzan_00000090,west,E:\Desktop\Echo\storage\public\routeA_phase2\gtzan\audio\sanchit-gandhi_gtzan_00000090.wav,sanchit-gandhi/gtzan,train,90,30.013333333333332,22050,1,,west,jazz_blues,0,blues,blues,,,,,,,,,,,,v4.0,v4_routeA_small_seed_from_public_2026-03-20,v4_routeA_small_seed_from_public_2026-03-20,sanchit-gandhi_gtzan_00000090,1,pending,,pending,pending,,,,
sanchit-gandhi_gtzan_00000091,west,E:\Desktop\Echo\storage\public\routeA_phase2\gtzan\audio\sanchit-gandhi_gtzan_00000091.wav,sanchit-gandhi/gtzan,train,91,30.013333333333332,22050,1,,west,jazz_blues,0,blues,blues,,,,,,,,,,,,v4.0,v4_routeA_small_seed_from_public_2026-03-20,v4_routeA_small_seed_from_public_2026-03-20,sanchit-gandhi_gtzan_00000091,1,pending,,pending,pending,,,,
sanchit-gandhi_gtzan_00000092,west,E:\Desktop\Echo\storage\public\routeA_phase2\gtzan\audio\sanchit-gandhi_gtzan_00000092.wav,sanchit-gandhi/gtzan,train,92,30.013333333333332,22050,1,,west,jazz_blues,0,blues,blues,,,,,,,,,,,,v4.0,v4_routeA_small_seed_from_public_2026-03-20,v4_routeA_small_seed_from_public_2026-03-20,sanchit-gandhi_gtzan_00000092,1,pending,,pending,pending,,,,
sanchit-gandhi_gtzan_00000093,west,E:\Desktop\Echo\storage\public\routeA_phase2\gtzan\audio\sanchit-gandhi_gtzan_00000093.wav,sanchit-gandhi/gtzan,train,93,30.013333333333332,22050,1,,west,jazz_blues,0,blues,blues,,,,,,,,,,,,v4.0,v4_routeA_small_seed_from_public_2026-03-20,v4_routeA_small_seed_from_public_2026-03-20,sanchit-gandhi_gtzan_00000093,1,pending,,pending,pending,,,,
sanchit-gandhi_gtzan_00000094,west,E:\Desktop\Echo\storage\public\routeA_phase2\gtzan\audio\sanchit-gandhi_gtzan_00000094.wav,sanchit-gandhi/gtzan,train,94,30.013333333333332,22050,1,,west,jazz_blues,0,blues,blues,,,,,,,,,,,,v4.0,v4_routeA_small_seed_from_public_2026-03-20,v4_routeA_small_seed_from_public_2026-03-20,sanchit-gandhi_gtzan_00000094,1,pending,,pending,pending,,,,
sanchit-gandhi_gtzan_00000095,west,E:\Desktop\Echo\storage\public\routeA_phase2\gtzan\audio\sanchit-gandhi_gtzan_00000095.wav,sanchit-gandhi/gtzan,train,95,30.013333333333332,22050,1,,west,jazz_blues,0,blues,blues,,,,,,,,,,,,v4.0,v4_routeA_small_seed_from_public_2026-03-20,v4_routeA_small_seed_from_public_2026-03-20,sanchit-gandhi_gtzan_00000095,1,pending,,pending,pending,,,,
sanchit-gandhi_gtzan_00000096,west,E:\Desktop\Echo\storage\public\routeA_phase2\gtzan\audio\sanchit-gandhi_gtzan_00000096.wav,sanchit-gandhi/gtzan,train,96,30.013333333333332,22050,1,,west,jazz_blues,0,blues,blues,,,,,,,,,,,,v4.0,v4_routeA_small_seed_from_public_2026-03-20,v4_routeA_small_seed_from_public_2026-03-20,sanchit-gandhi_gtzan_00000096,1,pending,,pending,pending,,,,
sanchit-gandhi_gtzan_00000097,west,E:\Desktop\Echo\storage\public\routeA_phase2\gtzan\audio\sanchit-gandhi_gtzan_00000097.wav,sanchit-gandhi/gtzan,train,97,30.013333333333332,22050,1,,west,jazz_blues,0,blues,blues,,,,,,,,,,,,v4.0,v4_routeA_small_seed_from_public_2026-03-20,v4_routeA_small_seed_from_public_2026-03-20,sanchit-gandhi_gtzan_00000097,1,pending,,pending,pending,,,,
sanchit-gandhi_gtzan_00000098,west,E:\Desktop\Echo\storage\public\routeA_phase2\gtzan\audio\sanchit-gandhi_gtzan_00000098.wav,sanchit-gandhi/gtzan,train,98,30.013333333333332,22050,1,,west,jazz_blues,0,blues,blues,,,,,,,,,,,,v4.0,v4_routeA_small_seed_from_public_2026-03-20,v4_routeA_small_seed_from_public_2026-03-20,sanchit-gandhi_gtzan_00000098,1,pending,,pending,pending,,,,
sanchit-gandhi_gtzan_00000099,west,E:\Desktop\Echo\storage\public\routeA_phase2\gtzan\audio\sanchit-gandhi_gtzan_00000099.wav,sanchit-gandhi/gtzan,train,99,30.013333333333332,22050,1,,west,jazz_blues,0,blues,blues,,,,,,,,,,,,v4.0,v4_routeA_small_seed_from_public_2026-03-20,v4_routeA_small_seed_from_public_2026-03-20,sanchit-gandhi_gtzan_00000099,1,pending,,pending,pending,,,,
sanchit-gandhi_gtzan_00000100,west,E:\Desktop\Echo\storage\public\routeA_phase2\gtzan\audio\sanchit-gandhi_gtzan_00000100.wav,sanchit-gandhi/gtzan,train,100,30.013333333333332,22050,1,,west,soundtrack_classical,0,classical,classical,,,,,,,,,,,,v4.0,v4_routeA_small_seed_from_public_2026-03-20,v4_routeA_small_seed_from_public_2026-03-20,sanchit-gandhi_gtzan_00000100,1,pending,,pending,pending,,,,
sanchit-gandhi_gtzan_00000101,west,E:\Desktop\Echo\storage\public\routeA_phase2\gtzan\audio\sanchit-gandhi_gtzan_00000101.wav,sanchit-gandhi/gtzan,train,101,30.013333333333332,22050,1,,west,soundtrack_classical,0,classical,classical,,,,,,,,,,,,v4.0,v4_routeA_small_seed_from_public_2026-03-20,v4_routeA_small_seed_from_public_2026-03-20,sanchit-gandhi_gtzan_00000101,1,pending,,pending,pending,,,,
sanchit-gandhi_gtzan_00000102,west,E:\Desktop\Echo\storage\public\routeA_phase2\gtzan\audio\sanchit-gandhi_gtzan_00000102.wav,sanchit-gandhi/gtzan,train,102,30.013333333333332,22050,1,,west,soundtrack_classical,0,classical,classical,,,,,,,,,,,,v4.0,v4_routeA_small_seed_from_public_2026-03-20,v4_routeA_small_seed_from_public_2026-03-20,sanchit-gandhi_gtzan_00000102,1,pending,,pending,pending,,,,
sanchit-gandhi_gtzan_00000103,west,E:\Desktop\Echo\storage\public\routeA_phase2\gtzan\audio\sanchit-gandhi_gtzan_00000103.wav,sanchit-gandhi/gtzan,train,103,30.013333333333332,22050,1,,west,soundtrack_classical,0,classical,classical,,,,,,,,,,,,v4.0,v4_routeA_small_seed_from_public_2026-03-20,v4_routeA_small_seed_from_public_2026-03-20,sanchit-gandhi_gtzan_00000103,1,pending,,pending,pending,,,,
sanchit-gandhi_gtzan_00000104,west,E:\Desktop\Echo\storage\public\routeA_phase2\gtzan\audio\sanchit-gandhi_gtzan_00000104.wav,sanchit-gandhi/gtzan,train,104,30.013333333333332,22050,1,,west,soundtrack_classical,0,classical,classical,,,,,,,,,,,,v4.0,v4_routeA_small_seed_from_public_2026-03-20,v4_routeA_small_seed_from_public_2026-03-20,sanchit-gandhi_gtzan_00000104,1,pending,,pending,pending,,,,
sanchit-gandhi_gtzan_00000105,west,E:\Desktop\Echo\storage\public\routeA_phase2\gtzan\audio\sanchit-gandhi_gtzan_00000105.wav,sanchit-gandhi/gtzan,train,105,30.013333333333332,22050,1,,west,soundtrack_classical,0,classical,classical,,,,,,,,,,,,v4.0,v4_routeA_small_seed_from_public_2026-03-20,v4_routeA_small_seed_from_public_2026-03-20,sanchit-gandhi_gtzan_00000105,1,pending,,pending,pending,,,,
sanchit-gandhi_gtzan_00000106,west,E:\Desktop\Echo\storage\public\routeA_phase2\gtzan\audio\sanchit-gandhi_gtzan_00000106.wav,sanchit-gandhi/gtzan,train,106,30.013333333333332,22050,1,,west,soundtrack_classical,0,classical,classical,,,,,,,,,,,,v4.0,v4_routeA_small_seed_from_public_2026-03-20,v4_routeA_small_seed_from_public_2026-03-20,sanchit-gandhi_gtzan_00000106,1,pending,,pending,pending,,,,
sanchit-gandhi_gtzan_00000107,west,E:\Desktop\Echo\storage\public\routeA_phase2\gtzan\audio\sanchit-gandhi_gtzan_00000107.wav,sanchit-gandhi/gtzan,train,107,30.013333333333332,22050,1,,west,soundtrack_classical,0,classical,classical,,,,,,,,,,,,v4.0,v4_routeA_small_seed_from_public_2026-03-20,v4_routeA_small_seed_from_public_2026-03-20,sanchit-gandhi_gtzan_00000107,1,pending,,pending,pending,,,,
sanchit-gandhi_gtzan_00000108,west,E:\Desktop\Echo\storage\public\routeA_phase2\gtzan\audio\sanchit-gandhi_gtzan_00000108.wav,sanchit-gandhi/gtzan,train,108,30.013333333333332,22050,1,,west,soundtrack_classical,0,classical,classical,,,,,,,,,,,,v4.0,v4_routeA_small_seed_from_public_2026-03-20,v4_routeA_small_seed_from_public_2026-03-20,sanchit-gandhi_gtzan_00000108,1,pending,,pending,pending,,,,
sanchit-gandhi_gtzan_00000109,west,E:\Desktop\Echo\storage\public\routeA_phase2\gtzan\audio\sanchit-gandhi_gtzan_00000109.wav,sanchit-gandhi/gtzan,train,109,30.013333333333332,22050,1,,west,soundtrack_classical,0,classical,classical,,,,,,,,,,,,v4.0,v4_routeA_small_seed_from_public_2026-03-20,v4_routeA_small_seed_from_public_2026-03-20,sanchit-gandhi_gtzan_00000109,1,pending,,pending,pending,,,,
sanchit-gandhi_gtzan_00000110,west,E:\Desktop\Echo\storage\public\routeA_phase2\gtzan\audio\sanchit-gandhi_gtzan_00000110.wav,sanchit-gandhi/gtzan,train,110,30.013333333333332,22050,1,,west,soundtrack_classical,0,classical,classical,,,,,,,,,,,,v4.0,v4_routeA_small_seed_from_public_2026-03-20,v4_routeA_small_seed_from_public_2026-03-20,sanchit-gandhi_gtzan_00000110,1,pending,,pending,pending,,,,
sanchit-gandhi_gtzan_00000111,west,E:\Desktop\Echo\storage\public\routeA_phase2\gtzan\audio\sanchit-gandhi_gtzan_00000111.wav,sanchit-gandhi/gtzan,train,111,30.013333333333332,22050,1,,west,soundtrack_classical,0,classical,classical,,,,,,,,,,,,v4.0,v4_routeA_small_seed_from_public_2026-03-20,v4_routeA_small_seed_from_public_2026-03-20,sanchit-gandhi_gtzan_00000111,1,pending,,pending,pending,,,,
sanchit-gandhi_gtzan_00000112,west,E:\Desktop\Echo\storage\public\routeA_phase2\gtzan\audio\sanchit-gandhi_gtzan_00000112.wav,sanchit-gandhi/gtzan,train,112,30.013333333333332,22050,1,,west,soundtrack_classical,0,classical,classical,,,,,,,,,,,,v4.0,v4_routeA_small_seed_from_public_2026-03-20,v4_routeA_small_seed_from_public_2026-03-20,sanchit-gandhi_gtzan_00000112,1,pending,,pending,pending,,,,
sanchit-gandhi_gtzan_00000113,west,E:\Desktop\Echo\storage\public\routeA_phase2\gtzan\audio\sanchit-gandhi_gtzan_00000113.wav,sanchit-gandhi/gtzan,train,113,30.013333333333332,22050,1,,west,soundtrack_classical,0,classical,classical,,,,,,,,,,,,v4.0,v4_routeA_small_seed_from_public_2026-03-20,v4_routeA_small_seed_from_public_2026-03-20,sanchit-gandhi_gtzan_00000113,1,pending,,pending,pending,,,,
sanchit-gandhi_gtzan_00000114,west,E:\Desktop\Echo\storage\public\routeA_phase2\gtzan\audio\sanchit-gandhi_gtzan_00000114.wav,sanchit-gandhi/gtzan,train,114,30.013333333333332,22050,1,,west,soundtrack_classical,0,classical,classical,,,,,,,,,,,,v4.0,v4_routeA_small_seed_from_public_2026-03-20,v4_routeA_small_seed_from_public_2026-03-20,sanchit-gandhi_gtzan_00000114,1,pending,,pending,pending,,,,
sanchit-gandhi_gtzan_00000115,west,E:\Desktop\Echo\storage\public\routeA_phase2\gtzan\audio\sanchit-gandhi_gtzan_00000115.wav,sanchit-gandhi/gtzan,train,115,30.013333333333332,22050,1,,west,soundtrack_classical,0,classical,classical,,,,,,,,,,,,v4.0,v4_routeA_small_seed_from_public_2026-03-20,v4_routeA_small_seed_from_public_2026-03-20,sanchit-gandhi_gtzan_00000115,1,pending,,pending,pending,,,,
sanchit-gandhi_gtzan_00000116,west,E:\Desktop\Echo\storage\public\routeA_phase2\gtzan\audio\sanchit-gandhi_gtzan_00000116.wav,sanchit-gandhi/gtzan,train,116,30.013333333333332,22050,1,,west,soundtrack_classical,0,classical,classical,,,,,,,,,,,,v4.0,v4_routeA_small_seed_from_public_2026-03-20,v4_routeA_small_seed_from_public_2026-03-20,sanchit-gandhi_gtzan_00000116,1,pending,,pending,pending,,,,
sanchit-gandhi_gtzan_00000117,west,E:\Desktop\Echo\storage\public\routeA_phase2\gtzan\audio\sanchit-gandhi_gtzan_00000117.wav,sanchit-gandhi/gtzan,train,117,30.013333333333332,22050,1,,west,soundtrack_classical,0,classical,classical,,,,,,,,,,,,v4.0,v4_routeA_small_seed_from_public_2026-03-20,v4_routeA_small_seed_from_public_2026-03-20,sanchit-gandhi_gtzan_00000117,1,pending,,pending,pending,,,,
sanchit-gandhi_gtzan_00000118,west,E:\Desktop\Echo\storage\public\routeA_phase2\gtzan\audio\sanchit-gandhi_gtzan_00000118.wav,sanchit-gandhi/gtzan,train,118,30.013333333333332,22050,1,,west,soundtrack_classical,0,classical,classical,,,,,,,,,,,,v4.0,v4_routeA_small_seed_from_public_2026-03-20,v4_routeA_small_seed_from_public_2026-03-20,sanchit-gandhi_gtzan_00000118,1,pending,,pending,pending,,,,
sanchit-gandhi_gtzan_00000119,west,E:\Desktop\Echo\storage\public\routeA_phase2\gtzan\audio\sanchit-gandhi_gtzan_00000119.wav,sanchit-gandhi/gtzan,train,119,30.013333333333332,22050,1,,west,soundtrack_classical,0,classical,classical,,,,,,,,,,,,v4.0,v4_routeA_small_seed_from_public_2026-03-20,v4_routeA_small_seed_from_public_2026-03-20,sanchit-gandhi_gtzan_00000119,1,pending,,pending,pending,,,,
sanchit-gandhi_gtzan_00000120,west,E:\Desktop\Echo\storage\public\routeA_phase2\gtzan\audio\sanchit-gandhi_gtzan_00000120.wav,sanchit-gandhi/gtzan,train,120,30.013333333333332,22050,1,,west,soundtrack_classical,0,classical,classical,,,,,,,,,,,,v4.0,v4_routeA_small_seed_from_public_2026-03-20,v4_routeA_small_seed_from_public_2026-03-20,sanchit-gandhi_gtzan_00000120,1,pending,,pending,pending,,,,
sanchit-gandhi_gtzan_00000121,west,E:\Desktop\Echo\storage\public\routeA_phase2\gtzan\audio\sanchit-gandhi_gtzan_00000121.wav,sanchit-gandhi/gtzan,train,121,30.013333333333332,22050,1,,west,soundtrack_classical,0,classical,classical,,,,,,,,,,,,v4.0,v4_routeA_small_seed_from_public_2026-03-20,v4_routeA_small_seed_from_public_2026-03-20,sanchit-gandhi_gtzan_00000121,1,pending,,pending,pending,,,,
sanchit-gandhi_gtzan_00000122,west,E:\Desktop\Echo\storage\public\routeA_phase2\gtzan\audio\sanchit-gandhi_gtzan_00000122.wav,sanchit-gandhi/gtzan,train,122,30.013333333333332,22050,1,,west,soundtrack_classical,0,classical,classical,,,,,,,,,,,,v4.0,v4_routeA_small_seed_from_public_2026-03-20,v4_routeA_small_seed_from_public_2026-03-20,sanchit-gandhi_gtzan_00000122,1,pending,,pending,pending,,,,
sanchit-gandhi_gtzan_00000123,west,E:\Desktop\Echo\storage\public\routeA_phase2\gtzan\audio\sanchit-gandhi_gtzan_00000123.wav,sanchit-gandhi/gtzan,train,123,30.013333333333332,22050,1,,west,soundtrack_classical,0,classical,classical,,,,,,,,,,,,v4.0,v4_routeA_small_seed_from_public_2026-03-20,v4_routeA_small_seed_from_public_2026-03-20,sanchit-gandhi_gtzan_00000123,1,pending,,pending,pending,,,,
sanchit-gandhi_gtzan_00000124,west,E:\Desktop\Echo\storage\public\routeA_phase2\gtzan\audio\sanchit-gandhi_gtzan_00000124.wav,sanchit-gandhi/gtzan,train,124,30.013333333333332,22050,1,,west,soundtrack_classical,0,classical,classical,,,,,,,,,,,,v4.0,v4_routeA_small_seed_from_public_2026-03-20,v4_routeA_small_seed_from_public_2026-03-20,sanchit-gandhi_gtzan_00000124,1,pending,,pending,pending,,,,
sanchit-gandhi_gtzan_00000125,west,E:\Desktop\Echo\storage\public\routeA_phase2\gtzan\audio\sanchit-gandhi_gtzan_00000125.wav,sanchit-gandhi/gtzan,train,125,30.013333333333332,22050,1,,west,soundtrack_classical,0,classical,classical,,,,,,,,,,,,v4.0,v4_routeA_small_seed_from_public_2026-03-20,v4_routeA_small_seed_from_public_2026-03-20,sanchit-gandhi_gtzan_00000125,1,pending,,pending,pending,,,,
sanchit-gandhi_gtzan_00000126,west,E:\Desktop\Echo\storage\public\routeA_phase2\gtzan\audio\sanchit-gandhi_gtzan_00000126.wav,sanchit-gandhi/gtzan,train,126,30.013333333333332,22050,1,,west,soundtrack_classical,0,classical,classical,,,,,,,,,,,,v4.0,v4_routeA_small_seed_from_public_2026-03-20,v4_routeA_small_seed_from_public_2026-03-20,sanchit-gandhi_gtzan_00000126,1,pending,,pending,pending,,,,
sanchit-gandhi_gtzan_00000127,west,E:\Desktop\Echo\storage\public\routeA_phase2\gtzan\audio\sanchit-gandhi_gtzan_00000127.wav,sanchit-gandhi/gtzan,train,127,30.013333333333332,22050,1,,west,soundtrack_classical,0,classical,classical,,,,,,,,,,,,v4.0,v4_routeA_small_seed_from_public_2026-03-20,v4_routeA_small_seed_from_public_2026-03-20,sanchit-gandhi_gtzan_00000127,1,pending,,pending,pending,,,,
sanchit-gandhi_gtzan_00000128,west,E:\Desktop\Echo\storage\public\routeA_phase2\gtzan\audio\sanchit-gandhi_gtzan_00000128.wav,sanchit-gandhi/gtzan,train,128,30.013333333333332,22050,1,,west,soundtrack_classical,0,classical,classical,,,,,,,,,,,,v4.0,v4_routeA_small_seed_from_public_2026-03-20,v4_routeA_small_seed_from_public_2026-03-20,sanchit-gandhi_gtzan_00000128,1,pending,,pending,pending,,,,
sanchit-gandhi_gtzan_00000129,west,E:\Desktop\Echo\storage\public\routeA_phase2\gtzan\audio\sanchit-gandhi_gtzan_00000129.wav,sanchit-gandhi/gtzan,train,129,30.013333333333332,22050,1,,west,soundtrack_classical,0,classical,classical,,,,,,,,,,,,v4.0,v4_routeA_small_seed_from_public_2026-03-20,v4_routeA_small_seed_from_public_2026-03-20,sanchit-gandhi_gtzan_00000129,1,pending,,pending,pending,,,,
sanchit-gandhi_gtzan_00000130,west,E:\Desktop\Echo\storage\public\routeA_phase2\gtzan\audio\sanchit-gandhi_gtzan_00000130.wav,sanchit-gandhi/gtzan,train,130,30.013333333333332,22050,1,,west,soundtrack_classical,0,classical,classical,,,,,,,,,,,,v4.0,v4_routeA_small_seed_from_public_2026-03-20,v4_routeA_small_seed_from_public_2026-03-20,sanchit-gandhi_gtzan_00000130,1,pending,,pending,pending,,,,
sanchit-gandhi_gtzan_00000131,west,E:\Desktop\Echo\storage\public\routeA_phase2\gtzan\audio\sanchit-gandhi_gtzan_00000131.wav,sanchit-gandhi/gtzan,train,131,30.013333333333332,22050,1,,west,soundtrack_classical,0,classical,classical,,,,,,,,,,,,v4.0,v4_routeA_small_seed_from_public_2026-03-20,v4_routeA_small_seed_from_public_2026-03-20,sanchit-gandhi_gtzan_00000131,1,pending,,pending,pending,,,,
sanchit-gandhi_gtzan_00000132,west,E:\Desktop\Echo\storage\public\routeA_phase2\gtzan\audio\sanchit-gandhi_gtzan_00000132.wav,sanchit-gandhi/gtzan,train,132,30.013333333333332,22050,1,,west,soundtrack_classical,0,classical,classical,,,,,,,,,,,,v4.0,v4_routeA_small_seed_from_public_2026-03-20,v4_routeA_small_seed_from_public_2026-03-20,sanchit-gandhi_gtzan_00000132,1,pending,,pending,pending,,,,
sanchit-gandhi_gtzan_00000133,west,E:\Desktop\Echo\storage\public\routeA_phase2\gtzan\audio\sanchit-gandhi_gtzan_00000133.wav,sanchit-gandhi/gtzan,train,133,30.013333333333332,22050,1,,west,soundtrack_classical,0,classical,classical,,,,,,,,,,,,v4.0,v4_routeA_small_seed_from_public_2026-03-20,v4_routeA_small_seed_from_public_2026-03-20,sanchit-gandhi_gtzan_00000133,1,pending,,pending,pending,,,,
sanchit-gandhi_gtzan_00000134,west,E:\Desktop\Echo\storage\public\routeA_phase2\gtzan\audio\sanchit-gandhi_gtzan_00000134.wav,sanchit-gandhi/gtzan,train,134,30.013333333333332,22050,1,,west,soundtrack_classical,0,classical,classical,,,,,,,,,,,,v4.0,v4_routeA_small_seed_from_public_2026-03-20,v4_routeA_small_seed_from_public_2026-03-20,sanchit-gandhi_gtzan_00000134,1,pending,,pending,pending,,,,
sanchit-gandhi_gtzan_00000135,west,E:\Desktop\Echo\storage\public\routeA_phase2\gtzan\audio\sanchit-gandhi_gtzan_00000135.wav,sanchit-gandhi/gtzan,train,135,30.013333333333332,22050,1,,west,soundtrack_classical,0,classical,classical,,,,,,,,,,,,v4.0,v4_routeA_small_seed_from_public_2026-03-20,v4_routeA_small_seed_from_public_2026-03-20,sanchit-gandhi_gtzan_00000135,1,pending,,pending,pending,,,,
sanchit-gandhi_gtzan_00000136,west,E:\Desktop\Echo\storage\public\routeA_phase2\gtzan\audio\sanchit-gandhi_gtzan_00000136.wav,sanchit-gandhi/gtzan,train,136,30.013333333333332,22050,1,,west,soundtrack_classical,0,classical,classical,,,,,,,,,,,,v4.0,v4_routeA_small_seed_from_public_2026-03-20,v4_routeA_small_seed_from_public_2026-03-20,sanchit-gandhi_gtzan_00000136,1,pending,,pending,pending,,,,
sanchit-gandhi_gtzan_00000137,west,E:\Desktop\Echo\storage\public\routeA_phase2\gtzan\audio\sanchit-gandhi_gtzan_00000137.wav,sanchit-gandhi/gtzan,train,137,30.013333333333332,22050,1,,west,soundtrack_classical,0,classical,classical,,,,,,,,,,,,v4.0,v4_routeA_small_seed_from_public_2026-03-20,v4_routeA_small_seed_from_public_2026-03-20,sanchit-gandhi_gtzan_00000137,1,pending,,pending,pending,,,,
sanchit-gandhi_gtzan_00000138,west,E:\Desktop\Echo\storage\public\routeA_phase2\gtzan\audio\sanchit-gandhi_gtzan_00000138.wav,sanchit-gandhi/gtzan,train,138,30.013333333333332,22050,1,,west,soundtrack_classical,0,classical,classical,,,,,,,,,,,,v4.0,v4_routeA_small_seed_from_public_2026-03-20,v4_routeA_small_seed_from_public_2026-03-20,sanchit-gandhi_gtzan_00000138,1,pending,,pending,pending,,,,
sanchit-gandhi_gtzan_00000139,west,E:\Desktop\Echo\storage\public\routeA_phase2\gtzan\audio\sanchit-gandhi_gtzan_00000139.wav,sanchit-gandhi/gtzan,train,139,30.013333333333332,22050,1,,west,soundtrack_classical,0,classical,classical,,,,,,,,,,,,v4.0,v4_routeA_small_seed_from_public_2026-03-20,v4_routeA_small_seed_from_public_2026-03-20,sanchit-gandhi_gtzan_00000139,1,pending,,pending,pending,,,,
sanchit-gandhi_gtzan_00000140,west,E:\Desktop\Echo\storage\public\routeA_phase2\gtzan\audio\sanchit-gandhi_gtzan_00000140.wav,sanchit-gandhi/gtzan,train,140,30.013333333333332,22050,1,,west,soundtrack_classical,0,classical,classical,,,,,,,,,,,,v4.0,v4_routeA_small_seed_from_public_2026-03-20,v4_routeA_small_seed_from_public_2026-03-20,sanchit-gandhi_gtzan_00000140,1,pending,,pending,pending,,,,
sanchit-gandhi_gtzan_00000141,west,E:\Desktop\Echo\storage\public\routeA_phase2\gtzan\audio\sanchit-gandhi_gtzan_00000141.wav,sanchit-gandhi/gtzan,train,141,30.013333333333332,22050,1,,west,soundtrack_classical,0,classical,classical,,,,,,,,,,,,v4.0,v4_routeA_small_seed_from_public_2026-03-20,v4_routeA_small_seed_from_public_2026-03-20,sanchit-gandhi_gtzan_00000141,1,pending,,pending,pending,,,,
sanchit-gandhi_gtzan_00000142,west,E:\Desktop\Echo\storage\public\routeA_phase2\gtzan\audio\sanchit-gandhi_gtzan_00000142.wav,sanchit-gandhi/gtzan,train,142,30.370975056689343,22050,1,,west,soundtrack_classical,0,classical,classical,,,,,,,,,,,,v4.0,v4_routeA_small_seed_from_public_2026-03-20,v4_routeA_small_seed_from_public_2026-03-20,sanchit-gandhi_gtzan_00000142,1,pending,,pending,pending,,,,
sanchit-gandhi_gtzan_00000143,west,E:\Desktop\Echo\storage\public\routeA_phase2\gtzan\audio\sanchit-gandhi_gtzan_00000143.wav,sanchit-gandhi/gtzan,train,143,30.00798185941043,22050,1,,west,soundtrack_classical,0,classical,classical,,,,,,,,,,,,v4.0,v4_routeA_small_seed_from_public_2026-03-20,v4_routeA_small_seed_from_public_2026-03-20,sanchit-gandhi_gtzan_00000143,1,pending,,pending,pending,,,,
sanchit-gandhi_gtzan_00000144,west,E:\Desktop\Echo\storage\public\routeA_phase2\gtzan\audio\sanchit-gandhi_gtzan_00000144.wav,sanchit-gandhi/gtzan,train,144,30.013333333333332,22050,1,,west,soundtrack_classical,0,classical,classical,,,,,,,,,,,,v4.0,v4_routeA_small_seed_from_public_2026-03-20,v4_routeA_small_seed_from_public_2026-03-20,sanchit-gandhi_gtzan_00000144,1,pending,,pending,pending,,,,
sanchit-gandhi_gtzan_00000145,west,E:\Desktop\Echo\storage\public\routeA_phase2\gtzan\audio\sanchit-gandhi_gtzan_00000145.wav,sanchit-gandhi/gtzan,train,145,30.17142857142857,22050,1,,west,soundtrack_classical,0,classical,classical,,,,,,,,,,,,v4.0,v4_routeA_small_seed_from_public_2026-03-20,v4_routeA_small_seed_from_public_2026-03-20,sanchit-gandhi_gtzan_00000145,1,pending,,pending,pending,,,,
sanchit-gandhi_gtzan_00000146,west,E:\Desktop\Echo\storage\public\routeA_phase2\gtzan\audio\sanchit-gandhi_gtzan_00000146.wav,sanchit-gandhi/gtzan,train,146,30.011791383219954,22050,1,,west,soundtrack_classical,0,classical,classical,,,,,,,,,,,,v4.0,v4_routeA_small_seed_from_public_2026-03-20,v4_routeA_small_seed_from_public_2026-03-20,sanchit-gandhi_gtzan_00000146,1,pending,,pending,pending,,,,
sanchit-gandhi_gtzan_00000147,west,E:\Desktop\Echo\storage\public\routeA_phase2\gtzan\audio\sanchit-gandhi_gtzan_00000147.wav,sanchit-gandhi/gtzan,train,147,30.013333333333332,22050,1,,west,soundtrack_classical,0,classical,classical,,,,,,,,,,,,v4.0,v4_routeA_small_seed_from_public_2026-03-20,v4_routeA_small_seed_from_public_2026-03-20,sanchit-gandhi_gtzan_00000147,1,pending,,pending,pending,,,,
sanchit-gandhi_gtzan_00000148,west,E:\Desktop\Echo\storage\public\routeA_phase2\gtzan\audio\sanchit-gandhi_gtzan_00000148.wav,sanchit-gandhi/gtzan,train,148,30.091609977324264,22050,1,,west,soundtrack_classical,0,classical,classical,,,,,,,,,,,,v4.0,v4_routeA_small_seed_from_public_2026-03-20,v4_routeA_small_seed_from_public_2026-03-20,sanchit-gandhi_gtzan_00000148,1,pending,,pending,pending,,,,
sanchit-gandhi_gtzan_00000149,west,E:\Desktop\Echo\storage\public\routeA_phase2\gtzan\audio\sanchit-gandhi_gtzan_00000149.wav,sanchit-gandhi/gtzan,train,149,29.995827664399094,22050,1,,west,soundtrack_classical,0,classical,classical,,,,,,,,,,,,v4.0,v4_routeA_small_seed_from_public_2026-03-20,v4_routeA_small_seed_from_public_2026-03-20,sanchit-gandhi_gtzan_00000149,1,pending,,pending,pending,,,,
sanchit-gandhi_gtzan_00000150,west,E:\Desktop\Echo\storage\public\routeA_phase2\gtzan\audio\sanchit-gandhi_gtzan_00000150.wav,sanchit-gandhi/gtzan,train,150,30.013333333333332,22050,1,,west,soundtrack_classical,0,classical,classical,,,,,,,,,,,,v4.0,v4_routeA_small_seed_from_public_2026-03-20,v4_routeA_small_seed_from_public_2026-03-20,sanchit-gandhi_gtzan_00000150,1,pending,,pending,pending,,,,
sanchit-gandhi_gtzan_00000151,west,E:\Desktop\Echo\storage\public\routeA_phase2\gtzan\audio\sanchit-gandhi_gtzan_00000151.wav,sanchit-gandhi/gtzan,train,151,29.992925170068027,22050,1,,west,soundtrack_classical,0,classical,classical,,,,,,,,,,,,v4.0,v4_routeA_small_seed_from_public_2026-03-20,v4_routeA_small_seed_from_public_2026-03-20,sanchit-gandhi_gtzan_00000151,1,pending,,pending,pending,,,,
sanchit-gandhi_gtzan_00000152,west,E:\Desktop\Echo\storage\public\routeA_phase2\gtzan\audio\sanchit-gandhi_gtzan_00000152.wav,sanchit-gandhi/gtzan,train,152,30.013333333333332,22050,1,,west,soundtrack_classical,0,classical,classical,,,,,,,,,,,,v4.0,v4_routeA_small_seed_from_public_2026-03-20,v4_routeA_small_seed_from_public_2026-03-20,sanchit-gandhi_gtzan_00000152,1,pending,,pending,pending,,,,
sanchit-gandhi_gtzan_00000153,west,E:\Desktop\Echo\storage\public\routeA_phase2\gtzan\audio\sanchit-gandhi_gtzan_00000153.wav,sanchit-gandhi/gtzan,train,153,30.39092970521542,22050,1,,west,soundtrack_classical,0,classical,classical,,,,,,,,,,,,v4.0,v4_routeA_small_seed_from_public_2026-03-20,v4_routeA_small_seed_from_public_2026-03-20,sanchit-gandhi_gtzan_00000153,1,pending,,pending,pending,,,,
sanchit-gandhi_gtzan_00000154,west,E:\Desktop\Echo\storage\public\routeA_phase2\gtzan\audio\sanchit-gandhi_gtzan_00000154.wav,sanchit-gandhi/gtzan,train,154,30.488979591836735,22050,1,,west,soundtrack_classical,0,classical,classical,,,,,,,,,,,,v4.0,v4_routeA_small_seed_from_public_2026-03-20,v4_routeA_small_seed_from_public_2026-03-20,sanchit-gandhi_gtzan_00000154,1,pending,,pending,pending,,,,
sanchit-gandhi_gtzan_00000155,west,E:\Desktop\Echo\storage\public\routeA_phase2\gtzan\audio\sanchit-gandhi_gtzan_00000155.wav,sanchit-gandhi/gtzan,train,155,30.013333333333332,22050,1,,west,soundtrack_classical,0,classical,classical,,,,,,,,,,,,v4.0,v4_routeA_small_seed_from_public_2026-03-20,v4_routeA_small_seed_from_public_2026-03-20,sanchit-gandhi_gtzan_00000155,1,pending,,pending,pending,,,,
sanchit-gandhi_gtzan_00000156,west,E:\Desktop\Echo\storage\public\routeA_phase2\gtzan\audio\sanchit-gandhi_gtzan_00000156.wav,sanchit-gandhi/gtzan,train,156,30.071655328798187,22050,1,,west,soundtrack_classical,0,classical,classical,,,,,,,,,,,,v4.0,v4_routeA_small_seed_from_public_2026-03-20,v4_routeA_small_seed_from_public_2026-03-20,sanchit-gandhi_gtzan_00000156,1,pending,,pending,pending,,,,
sanchit-gandhi_gtzan_00000157,west,E:\Desktop\Echo\storage\public\routeA_phase2\gtzan\audio\sanchit-gandhi_gtzan_00000157.wav,sanchit-gandhi/gtzan,train,157,30.013333333333332,22050,1,,west,soundtrack_classical,0,classical,classical,,,,,,,,,,,,v4.0,v4_routeA_small_seed_from_public_2026-03-20,v4_routeA_small_seed_from_public_2026-03-20,sanchit-gandhi_gtzan_00000157,1,pending,,pending,pending,,,,
sanchit-gandhi_gtzan_00000158,west,E:\Desktop\Echo\storage\public\routeA_phase2\gtzan\audio\sanchit-gandhi_gtzan_00000158.wav,sanchit-gandhi/gtzan,train,158,30.013333333333332,22050,1,,west,soundtrack_classical,0,classical,classical,,,,,,,,,,,,v4.0,v4_routeA_small_seed_from_public_2026-03-20,v4_routeA_small_seed_from_public_2026-03-20,sanchit-gandhi_gtzan_00000158,1,pending,,pending,pending,,,,
sanchit-gandhi_gtzan_00000159,west,E:\Desktop\Echo\storage\public\routeA_phase2\gtzan\audio\sanchit-gandhi_gtzan_00000159.wav,sanchit-gandhi/gtzan,train,159,30.013333333333332,22050,1,,west,soundtrack_classical,0,classical,classical,,,,,,,,,,,,v4.0,v4_routeA_small_seed_from_public_2026-03-20,v4_routeA_small_seed_from_public_2026-03-20,sanchit-gandhi_gtzan_00000159,1,pending,,pending,pending,,,,
neerajaabhyankar_hindustani-raag-small_00000000,india,E:\Desktop\Echo\storage\public\routeA_phase2\hindustani\audio\neerajaabhyankar_hindustani-raag-small_00000000.mp3,neerajaabhyankar/hindustani-raag-small,train,0,18.0,48000,2,,india,unknown,0,AheerBhairav,AheerBhairav,,,,,,,,,,,,v4.0,v4_routeA_small_seed_from_public_2026-03-20,v4_routeA_small_seed_from_public_2026-03-20,neerajaabhyankar_hindustani-raag-small_00000000,1,pending,,pending,pending,,,,
neerajaabhyankar_hindustani-raag-small_00000001,india,E:\Desktop\Echo\storage\public\routeA_phase2\hindustani\audio\neerajaabhyankar_hindustani-raag-small_00000001.mp3,neerajaabhyankar/hindustani-raag-small,train,1,18.0,48000,2,,india,unknown,0,AheerBhairav,AheerBhairav,,,,,,,,,,,,v4.0,v4_routeA_small_seed_from_public_2026-03-20,v4_routeA_small_seed_from_public_2026-03-20,neerajaabhyankar_hindustani-raag-small_00000001,1,pending,,pending,pending,,,,
neerajaabhyankar_hindustani-raag-small_00000002,india,E:\Desktop\Echo\storage\public\routeA_phase2\hindustani\audio\neerajaabhyankar_hindustani-raag-small_00000002.mp3,neerajaabhyankar/hindustani-raag-small,train,2,18.0,48000,2,,india,unknown,0,AheerBhairav,AheerBhairav,,,,,,,,,,,,v4.0,v4_routeA_small_seed_from_public_2026-03-20,v4_routeA_small_seed_from_public_2026-03-20,neerajaabhyankar_hindustani-raag-small_00000002,1,pending,,pending,pending,,,,
neerajaabhyankar_hindustani-raag-small_00000003,india,E:\Desktop\Echo\storage\public\routeA_phase2\hindustani\audio\neerajaabhyankar_hindustani-raag-small_00000003.mp3,neerajaabhyankar/hindustani-raag-small,train,3,9.0,48000,2,,india,unknown,0,AheerBhairav,AheerBhairav,,,,,,,,,,,,v4.0,v4_routeA_small_seed_from_public_2026-03-20,v4_routeA_small_seed_from_public_2026-03-20,neerajaabhyankar_hindustani-raag-small_00000003,1,pending,,pending,pending,,,,
neerajaabhyankar_hindustani-raag-small_00000004,india,E:\Desktop\Echo\storage\public\routeA_phase2\hindustani\audio\neerajaabhyankar_hindustani-raag-small_00000004.mp3,neerajaabhyankar/hindustani-raag-small,train,4,9.0,48000,2,,india,unknown,0,AheerBhairav,AheerBhairav,,,,,,,,,,,,v4.0,v4_routeA_small_seed_from_public_2026-03-20,v4_routeA_small_seed_from_public_2026-03-20,neerajaabhyankar_hindustani-raag-small_00000004,1,pending,,pending,pending,,,,
neerajaabhyankar_hindustani-raag-small_00000005,india,E:\Desktop\Echo\storage\public\routeA_phase2\hindustani\audio\neerajaabhyankar_hindustani-raag-small_00000005.mp3,neerajaabhyankar/hindustani-raag-small,train,5,9.0,48000,2,,india,unknown,0,AheerBhairav,AheerBhairav,,,,,,,,,,,,v4.0,v4_routeA_small_seed_from_public_2026-03-20,v4_routeA_small_seed_from_public_2026-03-20,neerajaabhyankar_hindustani-raag-small_00000005,1,pending,,pending,pending,,,,
neerajaabhyankar_hindustani-raag-small_00000006,india,E:\Desktop\Echo\storage\public\routeA_phase2\hindustani\audio\neerajaabhyankar_hindustani-raag-small_00000006.mp3,neerajaabhyankar/hindustani-raag-small,train,6,17.0,48000,2,,india,unknown,0,AheerBhairav,AheerBhairav,,,,,,,,,,,,v4.0,v4_routeA_small_seed_from_public_2026-03-20,v4_routeA_small_seed_from_public_2026-03-20,neerajaabhyankar_hindustani-raag-small_00000006,1,pending,,pending,pending,,,,
neerajaabhyankar_hindustani-raag-small_00000007,india,E:\Desktop\Echo\storage\public\routeA_phase2\hindustani\audio\neerajaabhyankar_hindustani-raag-small_00000007.mp3,neerajaabhyankar/hindustani-raag-small,train,7,17.0,48000,2,,india,unknown,0,AheerBhairav,AheerBhairav,,,,,,,,,,,,v4.0,v4_routeA_small_seed_from_public_2026-03-20,v4_routeA_small_seed_from_public_2026-03-20,neerajaabhyankar_hindustani-raag-small_00000007,1,pending,,pending,pending,,,,
neerajaabhyankar_hindustani-raag-small_00000008,india,E:\Desktop\Echo\storage\public\routeA_phase2\hindustani\audio\neerajaabhyankar_hindustani-raag-small_00000008.mp3,neerajaabhyankar/hindustani-raag-small,train,8,17.0,48000,2,,india,unknown,0,AheerBhairav,AheerBhairav,,,,,,,,,,,,v4.0,v4_routeA_small_seed_from_public_2026-03-20,v4_routeA_small_seed_from_public_2026-03-20,neerajaabhyankar_hindustani-raag-small_00000008,1,pending,,pending,pending,,,,
neerajaabhyankar_hindustani-raag-small_00000009,india,E:\Desktop\Echo\storage\public\routeA_phase2\hindustani\audio\neerajaabhyankar_hindustani-raag-small_00000009.mp3,neerajaabhyankar/hindustani-raag-small,train,9,24.0,48000,2,,india,unknown,0,AheerBhairav,AheerBhairav,,,,,,,,,,,,v4.0,v4_routeA_small_seed_from_public_2026-03-20,v4_routeA_small_seed_from_public_2026-03-20,neerajaabhyankar_hindustani-raag-small_00000009,1,pending,,pending,pending,,,,
neerajaabhyankar_hindustani-raag-small_00000010,india,E:\Desktop\Echo\storage\public\routeA_phase2\hindustani\audio\neerajaabhyankar_hindustani-raag-small_00000010.mp3,neerajaabhyankar/hindustani-raag-small,train,10,24.0,48000,2,,india,unknown,0,AheerBhairav,AheerBhairav,,,,,,,,,,,,v4.0,v4_routeA_small_seed_from_public_2026-03-20,v4_routeA_small_seed_from_public_2026-03-20,neerajaabhyankar_hindustani-raag-small_00000010,1,pending,,pending,pending,,,,
neerajaabhyankar_hindustani-raag-small_00000011,india,E:\Desktop\Echo\storage\public\routeA_phase2\hindustani\audio\neerajaabhyankar_hindustani-raag-small_00000011.mp3,neerajaabhyankar/hindustani-raag-small,train,11,24.0,48000,2,,india,unknown,0,AheerBhairav,AheerBhairav,,,,,,,,,,,,v4.0,v4_routeA_small_seed_from_public_2026-03-20,v4_routeA_small_seed_from_public_2026-03-20,neerajaabhyankar_hindustani-raag-small_00000011,1,pending,,pending,pending,,,,
neerajaabhyankar_hindustani-raag-small_00000012,india,E:\Desktop\Echo\storage\public\routeA_phase2\hindustani\audio\neerajaabhyankar_hindustani-raag-small_00000012.mp3,neerajaabhyankar/hindustani-raag-small,train,12,9.0,48000,2,,india,unknown,0,AheerBhairav,AheerBhairav,,,,,,,,,,,,v4.0,v4_routeA_small_seed_from_public_2026-03-20,v4_routeA_small_seed_from_public_2026-03-20,neerajaabhyankar_hindustani-raag-small_00000012,1,pending,,pending,pending,,,,
neerajaabhyankar_hindustani-raag-small_00000013,india,E:\Desktop\Echo\storage\public\routeA_phase2\hindustani\audio\neerajaabhyankar_hindustani-raag-small_00000013.mp3,neerajaabhyankar/hindustani-raag-small,train,13,9.0,48000,2,,india,unknown,0,AheerBhairav,AheerBhairav,,,,,,,,,,,,v4.0,v4_routeA_small_seed_from_public_2026-03-20,v4_routeA_small_seed_from_public_2026-03-20,neerajaabhyankar_hindustani-raag-small_00000013,1,pending,,pending,pending,,,,
neerajaabhyankar_hindustani-raag-small_00000014,india,E:\Desktop\Echo\storage\public\routeA_phase2\hindustani\audio\neerajaabhyankar_hindustani-raag-small_00000014.mp3,neerajaabhyankar/hindustani-raag-small,train,14,9.0,48000,2,,india,unknown,0,AheerBhairav,AheerBhairav,,,,,,,,,,,,v4.0,v4_routeA_small_seed_from_public_2026-03-20,v4_routeA_small_seed_from_public_2026-03-20,neerajaabhyankar_hindustani-raag-small_00000014,1,pending,,pending,pending,,,,
neerajaabhyankar_hindustani-raag-small_00000015,india,E:\Desktop\Echo\storage\public\routeA_phase2\hindustani\audio\neerajaabhyankar_hindustani-raag-small_00000015.mp3,neerajaabhyankar/hindustani-raag-small,train,15,9.0,48000,2,,india,unknown,0,AheerBhairav,AheerBhairav,,,,,,,,,,,,v4.0,v4_routeA_small_seed_from_public_2026-03-20,v4_routeA_small_seed_from_public_2026-03-20,neerajaabhyankar_hindustani-raag-small_00000015,1,pending,,pending,pending,,,,
neerajaabhyankar_hindustani-raag-small_00000016,india,E:\Desktop\Echo\storage\public\routeA_phase2\hindustani\audio\neerajaabhyankar_hindustani-raag-small_00000016.mp3,neerajaabhyankar/hindustani-raag-small,train,16,9.0,48000,2,,india,unknown,0,AheerBhairav,AheerBhairav,,,,,,,,,,,,v4.0,v4_routeA_small_seed_from_public_2026-03-20,v4_routeA_small_seed_from_public_2026-03-20,neerajaabhyankar_hindustani-raag-small_00000016,1,pending,,pending,pending,,,,
neerajaabhyankar_hindustani-raag-small_00000017,india,E:\Desktop\Echo\storage\public\routeA_phase2\hindustani\audio\neerajaabhyankar_hindustani-raag-small_00000017.mp3,neerajaabhyankar/hindustani-raag-small,train,17,9.0,48000,2,,india,unknown,0,AheerBhairav,AheerBhairav,,,,,,,,,,,,v4.0,v4_routeA_small_seed_from_public_2026-03-20,v4_routeA_small_seed_from_public_2026-03-20,neerajaabhyankar_hindustani-raag-small_00000017,1,pending,,pending,pending,,,,
neerajaabhyankar_hindustani-raag-small_00000018,india,E:\Desktop\Echo\storage\public\routeA_phase2\hindustani\audio\neerajaabhyankar_hindustani-raag-small_00000018.mp3,neerajaabhyankar/hindustani-raag-small,train,18,9.0,48000,2,,india,unknown,0,AheerBhairav,AheerBhairav,,,,,,,,,,,,v4.0,v4_routeA_small_seed_from_public_2026-03-20,v4_routeA_small_seed_from_public_2026-03-20,neerajaabhyankar_hindustani-raag-small_00000018,1,pending,,pending,pending,,,,
neerajaabhyankar_hindustani-raag-small_00000019,india,E:\Desktop\Echo\storage\public\routeA_phase2\hindustani\audio\neerajaabhyankar_hindustani-raag-small_00000019.mp3,neerajaabhyankar/hindustani-raag-small,train,19,9.0,48000,2,,india,unknown,0,AheerBhairav,AheerBhairav,,,,,,,,,,,,v4.0,v4_routeA_small_seed_from_public_2026-03-20,v4_routeA_small_seed_from_public_2026-03-20,neerajaabhyankar_hindustani-raag-small_00000019,1,pending,,pending,pending,,,,
neerajaabhyankar_hindustani-raag-small_00000020,india,E:\Desktop\Echo\storage\public\routeA_phase2\hindustani\audio\neerajaabhyankar_hindustani-raag-small_00000020.mp3,neerajaabhyankar/hindustani-raag-small,train,20,9.0,48000,2,,india,unknown,0,AheerBhairav,AheerBhairav,,,,,,,,,,,,v4.0,v4_routeA_small_seed_from_public_2026-03-20,v4_routeA_small_seed_from_public_2026-03-20,neerajaabhyankar_hindustani-raag-small_00000020,1,pending,,pending,pending,,,,
neerajaabhyankar_hindustani-raag-small_00000021,india,E:\Desktop\Echo\storage\public\routeA_phase2\hindustani\audio\neerajaabhyankar_hindustani-raag-small_00000021.mp3,neerajaabhyankar/hindustani-raag-small,train,21,12.0,48000,2,,india,unknown,0,AheerBhairav,AheerBhairav,,,,,,,,,,,,v4.0,v4_routeA_small_seed_from_public_2026-03-20,v4_routeA_small_seed_from_public_2026-03-20,neerajaabhyankar_hindustani-raag-small_00000021,1,pending,,pending,pending,,,,
neerajaabhyankar_hindustani-raag-small_00000022,india,E:\Desktop\Echo\storage\public\routeA_phase2\hindustani\audio\neerajaabhyankar_hindustani-raag-small_00000022.mp3,neerajaabhyankar/hindustani-raag-small,train,22,12.0,48000,2,,india,unknown,0,AheerBhairav,AheerBhairav,,,,,,,,,,,,v4.0,v4_routeA_small_seed_from_public_2026-03-20,v4_routeA_small_seed_from_public_2026-03-20,neerajaabhyankar_hindustani-raag-small_00000022,1,pending,,pending,pending,,,,
neerajaabhyankar_hindustani-raag-small_00000023,india,E:\Desktop\Echo\storage\public\routeA_phase2\hindustani\audio\neerajaabhyankar_hindustani-raag-small_00000023.mp3,neerajaabhyankar/hindustani-raag-small,train,23,12.0,48000,2,,india,unknown,0,AheerBhairav,AheerBhairav,,,,,,,,,,,,v4.0,v4_routeA_small_seed_from_public_2026-03-20,v4_routeA_small_seed_from_public_2026-03-20,neerajaabhyankar_hindustani-raag-small_00000023,1,pending,,pending,pending,,,,
neerajaabhyankar_hindustani-raag-small_00000024,india,E:\Desktop\Echo\storage\public\routeA_phase2\hindustani\audio\neerajaabhyankar_hindustani-raag-small_00000024.mp3,neerajaabhyankar/hindustani-raag-small,train,24,27.0,48000,2,,india,unknown,0,AheerBhairav,AheerBhairav,,,,,,,,,,,,v4.0,v4_routeA_small_seed_from_public_2026-03-20,v4_routeA_small_seed_from_public_2026-03-20,neerajaabhyankar_hindustani-raag-small_00000024,1,pending,,pending,pending,,,,
neerajaabhyankar_hindustani-raag-small_00000025,india,E:\Desktop\Echo\storage\public\routeA_phase2\hindustani\audio\neerajaabhyankar_hindustani-raag-small_00000025.mp3,neerajaabhyankar/hindustani-raag-small,train,25,27.0,48000,2,,india,unknown,0,AheerBhairav,AheerBhairav,,,,,,,,,,,,v4.0,v4_routeA_small_seed_from_public_2026-03-20,v4_routeA_small_seed_from_public_2026-03-20,neerajaabhyankar_hindustani-raag-small_00000025,1,pending,,pending,pending,,,,
neerajaabhyankar_hindustani-raag-small_00000026,india,E:\Desktop\Echo\storage\public\routeA_phase2\hindustani\audio\neerajaabhyankar_hindustani-raag-small_00000026.mp3,neerajaabhyankar/hindustani-raag-small,train,26,27.0,48000,2,,india,unknown,0,AheerBhairav,AheerBhairav,,,,,,,,,,,,v4.0,v4_routeA_small_seed_from_public_2026-03-20,v4_routeA_small_seed_from_public_2026-03-20,neerajaabhyankar_hindustani-raag-small_00000026,1,pending,,pending,pending,,,,
neerajaabhyankar_hindustani-raag-small_00000027,india,E:\Desktop\Echo\storage\public\routeA_phase2\hindustani\audio\neerajaabhyankar_hindustani-raag-small_00000027.mp3,neerajaabhyankar/hindustani-raag-small,train,27,13.0,48000,2,,india,unknown,0,AheerBhairav,AheerBhairav,,,,,,,,,,,,v4.0,v4_routeA_small_seed_from_public_2026-03-20,v4_routeA_small_seed_from_public_2026-03-20,neerajaabhyankar_hindustani-raag-small_00000027,1,pending,,pending,pending,,,,
neerajaabhyankar_hindustani-raag-small_00000028,india,E:\Desktop\Echo\storage\public\routeA_phase2\hindustani\audio\neerajaabhyankar_hindustani-raag-small_00000028.mp3,neerajaabhyankar/hindustani-raag-small,train,28,13.0,48000,2,,india,unknown,0,AheerBhairav,AheerBhairav,,,,,,,,,,,,v4.0,v4_routeA_small_seed_from_public_2026-03-20,v4_routeA_small_seed_from_public_2026-03-20,neerajaabhyankar_hindustani-raag-small_00000028,1,pending,,pending,pending,,,,
neerajaabhyankar_hindustani-raag-small_00000029,india,E:\Desktop\Echo\storage\public\routeA_phase2\hindustani\audio\neerajaabhyankar_hindustani-raag-small_00000029.mp3,neerajaabhyankar/hindustani-raag-small,train,29,13.0,48000,2,,india,unknown,0,AheerBhairav,AheerBhairav,,,,,,,,,,,,v4.0,v4_routeA_small_seed_from_public_2026-03-20,v4_routeA_small_seed_from_public_2026-03-20,neerajaabhyankar_hindustani-raag-small_00000029,1,pending,,pending,pending,,,,
neerajaabhyankar_hindustani-raag-small_00000030,india,E:\Desktop\Echo\storage\public\routeA_phase2\hindustani\audio\neerajaabhyankar_hindustani-raag-small_00000030.mp3,neerajaabhyankar/hindustani-raag-small,train,30,4.0,48000,2,,india,unknown,0,AheerBhairav,AheerBhairav,,,,,,,,,,,,v4.0,v4_routeA_small_seed_from_public_2026-03-20,v4_routeA_small_seed_from_public_2026-03-20,neerajaabhyankar_hindustani-raag-small_00000030,1,pending,,pending,pending,,,,
neerajaabhyankar_hindustani-raag-small_00000031,india,E:\Desktop\Echo\storage\public\routeA_phase2\hindustani\audio\neerajaabhyankar_hindustani-raag-small_00000031.mp3,neerajaabhyankar/hindustani-raag-small,train,31,4.0,48000,2,,india,unknown,0,AheerBhairav,AheerBhairav,,,,,,,,,,,,v4.0,v4_routeA_small_seed_from_public_2026-03-20,v4_routeA_small_seed_from_public_2026-03-20,neerajaabhyankar_hindustani-raag-small_00000031,1,pending,,pending,pending,,,,
neerajaabhyankar_hindustani-raag-small_00000032,india,E:\Desktop\Echo\storage\public\routeA_phase2\hindustani\audio\neerajaabhyankar_hindustani-raag-small_00000032.mp3,neerajaabhyankar/hindustani-raag-small,train,32,4.0,48000,2,,india,unknown,0,AheerBhairav,AheerBhairav,,,,,,,,,,,,v4.0,v4_routeA_small_seed_from_public_2026-03-20,v4_routeA_small_seed_from_public_2026-03-20,neerajaabhyankar_hindustani-raag-small_00000032,1,pending,,pending,pending,,,,
neerajaabhyankar_hindustani-raag-small_00000033,india,E:\Desktop\Echo\storage\public\routeA_phase2\hindustani\audio\neerajaabhyankar_hindustani-raag-small_00000033.mp3,neerajaabhyankar/hindustani-raag-small,train,33,11.0,48000,2,,india,unknown,0,AlhaiyaBilawal,AlhaiyaBilawal,,,,,,,,,,,,v4.0,v4_routeA_small_seed_from_public_2026-03-20,v4_routeA_small_seed_from_public_2026-03-20,neerajaabhyankar_hindustani-raag-small_00000033,1,pending,,pending,pending,,,,
neerajaabhyankar_hindustani-raag-small_00000034,india,E:\Desktop\Echo\storage\public\routeA_phase2\hindustani\audio\neerajaabhyankar_hindustani-raag-small_00000034.mp3,neerajaabhyankar/hindustani-raag-small,train,34,11.0,48000,2,,india,unknown,0,AlhaiyaBilawal,AlhaiyaBilawal,,,,,,,,,,,,v4.0,v4_routeA_small_seed_from_public_2026-03-20,v4_routeA_small_seed_from_public_2026-03-20,neerajaabhyankar_hindustani-raag-small_00000034,1,pending,,pending,pending,,,,
neerajaabhyankar_hindustani-raag-small_00000035,india,E:\Desktop\Echo\storage\public\routeA_phase2\hindustani\audio\neerajaabhyankar_hindustani-raag-small_00000035.mp3,neerajaabhyankar/hindustani-raag-small,train,35,11.0,48000,2,,india,unknown,0,AlhaiyaBilawal,AlhaiyaBilawal,,,,,,,,,,,,v4.0,v4_routeA_small_seed_from_public_2026-03-20,v4_routeA_small_seed_from_public_2026-03-20,neerajaabhyankar_hindustani-raag-small_00000035,1,pending,,pending,pending,,,,
neerajaabhyankar_hindustani-raag-small_00000036,india,E:\Desktop\Echo\storage\public\routeA_phase2\hindustani\audio\neerajaabhyankar_hindustani-raag-small_00000036.mp3,neerajaabhyankar/hindustani-raag-small,train,36,12.0,48000,2,,india,unknown,0,AlhaiyaBilawal,AlhaiyaBilawal,,,,,,,,,,,,v4.0,v4_routeA_small_seed_from_public_2026-03-20,v4_routeA_small_seed_from_public_2026-03-20,neerajaabhyankar_hindustani-raag-small_00000036,1,pending,,pending,pending,,,,
neerajaabhyankar_hindustani-raag-small_00000037,india,E:\Desktop\Echo\storage\public\routeA_phase2\hindustani\audio\neerajaabhyankar_hindustani-raag-small_00000037.mp3,neerajaabhyankar/hindustani-raag-small,train,37,12.0,48000,2,,india,unknown,0,AlhaiyaBilawal,AlhaiyaBilawal,,,,,,,,,,,,v4.0,v4_routeA_small_seed_from_public_2026-03-20,v4_routeA_small_seed_from_public_2026-03-20,neerajaabhyankar_hindustani-raag-small_00000037,1,pending,,pending,pending,,,,
neerajaabhyankar_hindustani-raag-small_00000038,india,E:\Desktop\Echo\storage\public\routeA_phase2\hindustani\audio\neerajaabhyankar_hindustani-raag-small_00000038.mp3,neerajaabhyankar/hindustani-raag-small,train,38,12.0,48000,2,,india,unknown,0,AlhaiyaBilawal,AlhaiyaBilawal,,,,,,,,,,,,v4.0,v4_routeA_small_seed_from_public_2026-03-20,v4_routeA_small_seed_from_public_2026-03-20,neerajaabhyankar_hindustani-raag-small_00000038,1,pending,,pending,pending,,,,
neerajaabhyankar_hindustani-raag-small_00000039,india,E:\Desktop\Echo\storage\public\routeA_phase2\hindustani\audio\neerajaabhyankar_hindustani-raag-small_00000039.mp3,neerajaabhyankar/hindustani-raag-small,train,39,20.0,48000,2,,india,unknown,0,AlhaiyaBilawal,AlhaiyaBilawal,,,,,,,,,,,,v4.0,v4_routeA_small_seed_from_public_2026-03-20,v4_routeA_small_seed_from_public_2026-03-20,neerajaabhyankar_hindustani-raag-small_00000039,1,pending,,pending,pending,,,,
neerajaabhyankar_hindustani-raag-small_00000040,india,E:\Desktop\Echo\storage\public\routeA_phase2\hindustani\audio\neerajaabhyankar_hindustani-raag-small_00000040.mp3,neerajaabhyankar/hindustani-raag-small,train,40,20.0,48000,2,,india,unknown,0,AlhaiyaBilawal,AlhaiyaBilawal,,,,,,,,,,,,v4.0,v4_routeA_small_seed_from_public_2026-03-20,v4_routeA_small_seed_from_public_2026-03-20,neerajaabhyankar_hindustani-raag-small_00000040,1,pending,,pending,pending,,,,
neerajaabhyankar_hindustani-raag-small_00000041,india,E:\Desktop\Echo\storage\public\routeA_phase2\hindustani\audio\neerajaabhyankar_hindustani-raag-small_00000041.mp3,neerajaabhyankar/hindustani-raag-small,train,41,20.0,48000,2,,india,unknown,0,AlhaiyaBilawal,AlhaiyaBilawal,,,,,,,,,,,,v4.0,v4_routeA_small_seed_from_public_2026-03-20,v4_routeA_small_seed_from_public_2026-03-20,neerajaabhyankar_hindustani-raag-small_00000041,1,pending,,pending,pending,,,,
neerajaabhyankar_hindustani-raag-small_00000042,india,E:\Desktop\Echo\storage\public\routeA_phase2\hindustani\audio\neerajaabhyankar_hindustani-raag-small_00000042.mp3,neerajaabhyankar/hindustani-raag-small,train,42,6.0,48000,2,,india,unknown,0,AlhaiyaBilawal,AlhaiyaBilawal,,,,,,,,,,,,v4.0,v4_routeA_small_seed_from_public_2026-03-20,v4_routeA_small_seed_from_public_2026-03-20,neerajaabhyankar_hindustani-raag-small_00000042,1,pending,,pending,pending,,,,
neerajaabhyankar_hindustani-raag-small_00000043,india,E:\Desktop\Echo\storage\public\routeA_phase2\hindustani\audio\neerajaabhyankar_hindustani-raag-small_00000043.mp3,neerajaabhyankar/hindustani-raag-small,train,43,6.0,48000,2,,india,unknown,0,AlhaiyaBilawal,AlhaiyaBilawal,,,,,,,,,,,,v4.0,v4_routeA_small_seed_from_public_2026-03-20,v4_routeA_small_seed_from_public_2026-03-20,neerajaabhyankar_hindustani-raag-small_00000043,1,pending,,pending,pending,,,,
neerajaabhyankar_hindustani-raag-small_00000044,india,E:\Desktop\Echo\storage\public\routeA_phase2\hindustani\audio\neerajaabhyankar_hindustani-raag-small_00000044.mp3,neerajaabhyankar/hindustani-raag-small,train,44,6.0,48000,2,,india,unknown,0,AlhaiyaBilawal,AlhaiyaBilawal,,,,,,,,,,,,v4.0,v4_routeA_small_seed_from_public_2026-03-20,v4_routeA_small_seed_from_public_2026-03-20,neerajaabhyankar_hindustani-raag-small_00000044,1,pending,,pending,pending,,,,
neerajaabhyankar_hindustani-raag-small_00000045,india,E:\Desktop\Echo\storage\public\routeA_phase2\hindustani\audio\neerajaabhyankar_hindustani-raag-small_00000045.mp3,neerajaabhyankar/hindustani-raag-small,train,45,14.0,48000,2,,india,unknown,0,AlhaiyaBilawal,AlhaiyaBilawal,,,,,,,,,,,,v4.0,v4_routeA_small_seed_from_public_2026-03-20,v4_routeA_small_seed_from_public_2026-03-20,neerajaabhyankar_hindustani-raag-small_00000045,1,pending,,pending,pending,,,,
neerajaabhyankar_hindustani-raag-small_00000046,india,E:\Desktop\Echo\storage\public\routeA_phase2\hindustani\audio\neerajaabhyankar_hindustani-raag-small_00000046.mp3,neerajaabhyankar/hindustani-raag-small,train,46,14.0,48000,2,,india,unknown,0,AlhaiyaBilawal,AlhaiyaBilawal,,,,,,,,,,,,v4.0,v4_routeA_small_seed_from_public_2026-03-20,v4_routeA_small_seed_from_public_2026-03-20,neerajaabhyankar_hindustani-raag-small_00000046,1,pending,,pending,pending,,,,
neerajaabhyankar_hindustani-raag-small_00000047,india,E:\Desktop\Echo\storage\public\routeA_phase2\hindustani\audio\neerajaabhyankar_hindustani-raag-small_00000047.mp3,neerajaabhyankar/hindustani-raag-small,train,47,14.0,48000,2,,india,unknown,0,AlhaiyaBilawal,AlhaiyaBilawal,,,,,,,,,,,,v4.0,v4_routeA_small_seed_from_public_2026-03-20,v4_routeA_small_seed_from_public_2026-03-20,neerajaabhyankar_hindustani-raag-small_00000047,1,pending,,pending,pending,,,,
neerajaabhyankar_hindustani-raag-small_00000048,india,E:\Desktop\Echo\storage\public\routeA_phase2\hindustani\audio\neerajaabhyankar_hindustani-raag-small_00000048.mp3,neerajaabhyankar/hindustani-raag-small,train,48,7.0,48000,2,,india,unknown,0,AlhaiyaBilawal,AlhaiyaBilawal,,,,,,,,,,,,v4.0,v4_routeA_small_seed_from_public_2026-03-20,v4_routeA_small_seed_from_public_2026-03-20,neerajaabhyankar_hindustani-raag-small_00000048,1,pending,,pending,pending,,,,
neerajaabhyankar_hindustani-raag-small_00000049,india,E:\Desktop\Echo\storage\public\routeA_phase2\hindustani\audio\neerajaabhyankar_hindustani-raag-small_00000049.mp3,neerajaabhyankar/hindustani-raag-small,train,49,7.0,48000,2,,india,unknown,0,AlhaiyaBilawal,AlhaiyaBilawal,,,,,,,,,,,,v4.0,v4_routeA_small_seed_from_public_2026-03-20,v4_routeA_small_seed_from_public_2026-03-20,neerajaabhyankar_hindustani-raag-small_00000049,1,pending,,pending,pending,,,,
neerajaabhyankar_hindustani-raag-small_00000050,india,E:\Desktop\Echo\storage\public\routeA_phase2\hindustani\audio\neerajaabhyankar_hindustani-raag-small_00000050.mp3,neerajaabhyankar/hindustani-raag-small,train,50,7.0,48000,2,,india,unknown,0,AlhaiyaBilawal,AlhaiyaBilawal,,,,,,,,,,,,v4.0,v4_routeA_small_seed_from_public_2026-03-20,v4_routeA_small_seed_from_public_2026-03-20,neerajaabhyankar_hindustani-raag-small_00000050,1,pending,,pending,pending,,,,
neerajaabhyankar_hindustani-raag-small_00000051,india,E:\Desktop\Echo\storage\public\routeA_phase2\hindustani\audio\neerajaabhyankar_hindustani-raag-small_00000051.mp3,neerajaabhyankar/hindustani-raag-small,train,51,32.0,48000,2,,india,unknown,0,AlhaiyaBilawal,AlhaiyaBilawal,,,,,,,,,,,,v4.0,v4_routeA_small_seed_from_public_2026-03-20,v4_routeA_small_seed_from_public_2026-03-20,neerajaabhyankar_hindustani-raag-small_00000051,1,pending,,pending,pending,,,,
neerajaabhyankar_hindustani-raag-small_00000052,india,E:\Desktop\Echo\storage\public\routeA_phase2\hindustani\audio\neerajaabhyankar_hindustani-raag-small_00000052.mp3,neerajaabhyankar/hindustani-raag-small,train,52,32.0,48000,2,,india,unknown,0,AlhaiyaBilawal,AlhaiyaBilawal,,,,,,,,,,,,v4.0,v4_routeA_small_seed_from_public_2026-03-20,v4_routeA_small_seed_from_public_2026-03-20,neerajaabhyankar_hindustani-raag-small_00000052,1,pending,,pending,pending,,,,
neerajaabhyankar_hindustani-raag-small_00000053,india,E:\Desktop\Echo\storage\public\routeA_phase2\hindustani\audio\neerajaabhyankar_hindustani-raag-small_00000053.mp3,neerajaabhyankar/hindustani-raag-small,train,53,32.0,48000,2,,india,unknown,0,AlhaiyaBilawal,AlhaiyaBilawal,,,,,,,,,,,,v4.0,v4_routeA_small_seed_from_public_2026-03-20,v4_routeA_small_seed_from_public_2026-03-20,neerajaabhyankar_hindustani-raag-small_00000053,1,pending,,pending,pending,,,,
neerajaabhyankar_hindustani-raag-small_00000054,india,E:\Desktop\Echo\storage\public\routeA_phase2\hindustani\audio\neerajaabhyankar_hindustani-raag-small_00000054.mp3,neerajaabhyankar/hindustani-raag-small,train,54,9.0,48000,2,,india,unknown,0,AlhaiyaBilawal,AlhaiyaBilawal,,,,,,,,,,,,v4.0,v4_routeA_small_seed_from_public_2026-03-20,v4_routeA_small_seed_from_public_2026-03-20,neerajaabhyankar_hindustani-raag-small_00000054,1,pending,,pending,pending,,,,
neerajaabhyankar_hindustani-raag-small_00000055,india,E:\Desktop\Echo\storage\public\routeA_phase2\hindustani\audio\neerajaabhyankar_hindustani-raag-small_00000055.mp3,neerajaabhyankar/hindustani-raag-small,train,55,9.0,48000,2,,india,unknown,0,AlhaiyaBilawal,AlhaiyaBilawal,,,,,,,,,,,,v4.0,v4_routeA_small_seed_from_public_2026-03-20,v4_routeA_small_seed_from_public_2026-03-20,neerajaabhyankar_hindustani-raag-small_00000055,1,pending,,pending,pending,,,,
neerajaabhyankar_hindustani-raag-small_00000056,india,E:\Desktop\Echo\storage\public\routeA_phase2\hindustani\audio\neerajaabhyankar_hindustani-raag-small_00000056.mp3,neerajaabhyankar/hindustani-raag-small,train,56,9.0,48000,2,,india,unknown,0,AlhaiyaBilawal,AlhaiyaBilawal,,,,,,,,,,,,v4.0,v4_routeA_small_seed_from_public_2026-03-20,v4_routeA_small_seed_from_public_2026-03-20,neerajaabhyankar_hindustani-raag-small_00000056,1,pending,,pending,pending,,,,
neerajaabhyankar_hindustani-raag-small_00000057,india,E:\Desktop\Echo\storage\public\routeA_phase2\hindustani\audio\neerajaabhyankar_hindustani-raag-small_00000057.mp3,neerajaabhyankar/hindustani-raag-small,train,57,12.0,48000,2,,india,unknown,0,AlhaiyaBilawal,AlhaiyaBilawal,,,,,,,,,,,,v4.0,v4_routeA_small_seed_from_public_2026-03-20,v4_routeA_small_seed_from_public_2026-03-20,neerajaabhyankar_hindustani-raag-small_00000057,1,pending,,pending,pending,,,,
neerajaabhyankar_hindustani-raag-small_00000058,india,E:\Desktop\Echo\storage\public\routeA_phase2\hindustani\audio\neerajaabhyankar_hindustani-raag-small_00000058.mp3,neerajaabhyankar/hindustani-raag-small,train,58,12.0,48000,2,,india,unknown,0,AlhaiyaBilawal,AlhaiyaBilawal,,,,,,,,,,,,v4.0,v4_routeA_small_seed_from_public_2026-03-20,v4_routeA_small_seed_from_public_2026-03-20,neerajaabhyankar_hindustani-raag-small_00000058,1,pending,,pending,pending,,,,
neerajaabhyankar_hindustani-raag-small_00000059,india,E:\Desktop\Echo\storage\public\routeA_phase2\hindustani\audio\neerajaabhyankar_hindustani-raag-small_00000059.mp3,neerajaabhyankar/hindustani-raag-small,train,59,12.0,48000,2,,india,unknown,0,AlhaiyaBilawal,AlhaiyaBilawal,,,,,,,,,,,,v4.0,v4_routeA_small_seed_from_public_2026-03-20,v4_routeA_small_seed_from_public_2026-03-20,neerajaabhyankar_hindustani-raag-small_00000059,1,pending,,pending,pending,,,,
neerajaabhyankar_hindustani-raag-small_00000060,india,E:\Desktop\Echo\storage\public\routeA_phase2\hindustani\audio\neerajaabhyankar_hindustani-raag-small_00000060.mp3,neerajaabhyankar/hindustani-raag-small,train,60,11.0,44100,2,,india,unknown,0,AlhaiyaBilawal,AlhaiyaBilawal,,,,,,,,,,,,v4.0,v4_routeA_small_seed_from_public_2026-03-20,v4_routeA_small_seed_from_public_2026-03-20,neerajaabhyankar_hindustani-raag-small_00000060,1,pending,,pending,pending,,,,
neerajaabhyankar_hindustani-raag-small_00000061,india,E:\Desktop\Echo\storage\public\routeA_phase2\hindustani\audio\neerajaabhyankar_hindustani-raag-small_00000061.mp3,neerajaabhyankar/hindustani-raag-small,train,61,11.0,44100,2,,india,unknown,0,AlhaiyaBilawal,AlhaiyaBilawal,,,,,,,,,,,,v4.0,v4_routeA_small_seed_from_public_2026-03-20,v4_routeA_small_seed_from_public_2026-03-20,neerajaabhyankar_hindustani-raag-small_00000061,1,pending,,pending,pending,,,,
neerajaabhyankar_hindustani-raag-small_00000062,india,E:\Desktop\Echo\storage\public\routeA_phase2\hindustani\audio\neerajaabhyankar_hindustani-raag-small_00000062.mp3,neerajaabhyankar/hindustani-raag-small,train,62,11.0,44100,2,,india,unknown,0,AlhaiyaBilawal,AlhaiyaBilawal,,,,,,,,,,,,v4.0,v4_routeA_small_seed_from_public_2026-03-20,v4_routeA_small_seed_from_public_2026-03-20,neerajaabhyankar_hindustani-raag-small_00000062,1,pending,,pending,pending,,,,
neerajaabhyankar_hindustani-raag-small_00000063,india,E:\Desktop\Echo\storage\public\routeA_phase2\hindustani\audio\neerajaabhyankar_hindustani-raag-small_00000063.mp3,neerajaabhyankar/hindustani-raag-small,train,63,14.0,48000,2,,india,unknown,0,Bageshree,Bageshree,,,,,,,,,,,,v4.0,v4_routeA_small_seed_from_public_2026-03-20,v4_routeA_small_seed_from_public_2026-03-20,neerajaabhyankar_hindustani-raag-small_00000063,1,pending,,pending,pending,,,,
neerajaabhyankar_hindustani-raag-small_00000064,india,E:\Desktop\Echo\storage\public\routeA_phase2\hindustani\audio\neerajaabhyankar_hindustani-raag-small_00000064.mp3,neerajaabhyankar/hindustani-raag-small,train,64,14.0,48000,2,,india,unknown,0,Bageshree,Bageshree,,,,,,,,,,,,v4.0,v4_routeA_small_seed_from_public_2026-03-20,v4_routeA_small_seed_from_public_2026-03-20,neerajaabhyankar_hindustani-raag-small_00000064,1,pending,,pending,pending,,,,
neerajaabhyankar_hindustani-raag-small_00000065,india,E:\Desktop\Echo\storage\public\routeA_phase2\hindustani\audio\neerajaabhyankar_hindustani-raag-small_00000065.mp3,neerajaabhyankar/hindustani-raag-small,train,65,14.0,48000,2,,india,unknown,0,Bageshree,Bageshree,,,,,,,,,,,,v4.0,v4_routeA_small_seed_from_public_2026-03-20,v4_routeA_small_seed_from_public_2026-03-20,neerajaabhyankar_hindustani-raag-small_00000065,1,pending,,pending,pending,,,,
neerajaabhyankar_hindustani-raag-small_00000066,india,E:\Desktop\Echo\storage\public\routeA_phase2\hindustani\audio\neerajaabhyankar_hindustani-raag-small_00000066.mp3,neerajaabhyankar/hindustani-raag-small,train,66,6.0,48000,2,,india,unknown,0,Bageshree,Bageshree,,,,,,,,,,,,v4.0,v4_routeA_small_seed_from_public_2026-03-20,v4_routeA_small_seed_from_public_2026-03-20,neerajaabhyankar_hindustani-raag-small_00000066,1,pending,,pending,pending,,,,
neerajaabhyankar_hindustani-raag-small_00000067,india,E:\Desktop\Echo\storage\public\routeA_phase2\hindustani\audio\neerajaabhyankar_hindustani-raag-small_00000067.mp3,neerajaabhyankar/hindustani-raag-small,train,67,6.0,48000,2,,india,unknown,0,Bageshree,Bageshree,,,,,,,,,,,,v4.0,v4_routeA_small_seed_from_public_2026-03-20,v4_routeA_small_seed_from_public_2026-03-20,neerajaabhyankar_hindustani-raag-small_00000067,1,pending,,pending,pending,,,,
neerajaabhyankar_hindustani-raag-small_00000068,india,E:\Desktop\Echo\storage\public\routeA_phase2\hindustani\audio\neerajaabhyankar_hindustani-raag-small_00000068.mp3,neerajaabhyankar/hindustani-raag-small,train,68,6.0,48000,2,,india,unknown,0,Bageshree,Bageshree,,,,,,,,,,,,v4.0,v4_routeA_small_seed_from_public_2026-03-20,v4_routeA_small_seed_from_public_2026-03-20,neerajaabhyankar_hindustani-raag-small_00000068,1,pending,,pending,pending,,,,
neerajaabhyankar_hindustani-raag-small_00000069,india,E:\Desktop\Echo\storage\public\routeA_phase2\hindustani\audio\neerajaabhyankar_hindustani-raag-small_00000069.mp3,neerajaabhyankar/hindustani-raag-small,train,69,11.0,48000,2,,india,unknown,0,Bageshree,Bageshree,,,,,,,,,,,,v4.0,v4_routeA_small_seed_from_public_2026-03-20,v4_routeA_small_seed_from_public_2026-03-20,neerajaabhyankar_hindustani-raag-small_00000069,1,pending,,pending,pending,,,,
neerajaabhyankar_hindustani-raag-small_00000070,india,E:\Desktop\Echo\storage\public\routeA_phase2\hindustani\audio\neerajaabhyankar_hindustani-raag-small_00000070.mp3,neerajaabhyankar/hindustani-raag-small,train,70,11.0,48000,2,,india,unknown,0,Bageshree,Bageshree,,,,,,,,,,,,v4.0,v4_routeA_small_seed_from_public_2026-03-20,v4_routeA_small_seed_from_public_2026-03-20,neerajaabhyankar_hindustani-raag-small_00000070,1,pending,,pending,pending,,,,
neerajaabhyankar_hindustani-raag-small_00000071,india,E:\Desktop\Echo\storage\public\routeA_phase2\hindustani\audio\neerajaabhyankar_hindustani-raag-small_00000071.mp3,neerajaabhyankar/hindustani-raag-small,train,71,11.0,48000,2,,india,unknown,0,Bageshree,Bageshree,,,,,,,,,,,,v4.0,v4_routeA_small_seed_from_public_2026-03-20,v4_routeA_small_seed_from_public_2026-03-20,neerajaabhyankar_hindustani-raag-small_00000071,1,pending,,pending,pending,,,,
neerajaabhyankar_hindustani-raag-small_00000072,india,E:\Desktop\Echo\storage\public\routeA_phase2\hindustani\audio\neerajaabhyankar_hindustani-raag-small_00000072.mp3,neerajaabhyankar/hindustani-raag-small,train,72,20.0,48000,2,,india,unknown,0,Bageshree,Bageshree,,,,,,,,,,,,v4.0,v4_routeA_small_seed_from_public_2026-03-20,v4_routeA_small_seed_from_public_2026-03-20,neerajaabhyankar_hindustani-raag-small_00000072,1,pending,,pending,pending,,,,
neerajaabhyankar_hindustani-raag-small_00000073,india,E:\Desktop\Echo\storage\public\routeA_phase2\hindustani\audio\neerajaabhyankar_hindustani-raag-small_00000073.mp3,neerajaabhyankar/hindustani-raag-small,train,73,20.0,48000,2,,india,unknown,0,Bageshree,Bageshree,,,,,,,,,,,,v4.0,v4_routeA_small_seed_from_public_2026-03-20,v4_routeA_small_seed_from_public_2026-03-20,neerajaabhyankar_hindustani-raag-small_00000073,1,pending,,pending,pending,,,,
neerajaabhyankar_hindustani-raag-small_00000074,india,E:\Desktop\Echo\storage\public\routeA_phase2\hindustani\audio\neerajaabhyankar_hindustani-raag-small_00000074.mp3,neerajaabhyankar/hindustani-raag-small,train,74,20.0,48000,2,,india,unknown,0,Bageshree,Bageshree,,,,,,,,,,,,v4.0,v4_routeA_small_seed_from_public_2026-03-20,v4_routeA_small_seed_from_public_2026-03-20,neerajaabhyankar_hindustani-raag-small_00000074,1,pending,,pending,pending,,,,
neerajaabhyankar_hindustani-raag-small_00000075,india,E:\Desktop\Echo\storage\public\routeA_phase2\hindustani\audio\neerajaabhyankar_hindustani-raag-small_00000075.mp3,neerajaabhyankar/hindustani-raag-small,train,75,10.0,48000,2,,india,unknown,0,Bageshree,Bageshree,,,,,,,,,,,,v4.0,v4_routeA_small_seed_from_public_2026-03-20,v4_routeA_small_seed_from_public_2026-03-20,neerajaabhyankar_hindustani-raag-small_00000075,1,pending,,pending,pending,,,,
neerajaabhyankar_hindustani-raag-small_00000076,india,E:\Desktop\Echo\storage\public\routeA_phase2\hindustani\audio\neerajaabhyankar_hindustani-raag-small_00000076.mp3,neerajaabhyankar/hindustani-raag-small,train,76,10.0,48000,2,,india,unknown,0,Bageshree,Bageshree,,,,,,,,,,,,v4.0,v4_routeA_small_seed_from_public_2026-03-20,v4_routeA_small_seed_from_public_2026-03-20,neerajaabhyankar_hindustani-raag-small_00000076,1,pending,,pending,pending,,,,
neerajaabhyankar_hindustani-raag-small_00000077,india,E:\Desktop\Echo\storage\public\routeA_phase2\hindustani\audio\neerajaabhyankar_hindustani-raag-small_00000077.mp3,neerajaabhyankar/hindustani-raag-small,train,77,10.0,48000,2,,india,unknown,0,Bageshree,Bageshree,,,,,,,,,,,,v4.0,v4_routeA_small_seed_from_public_2026-03-20,v4_routeA_small_seed_from_public_2026-03-20,neerajaabhyankar_hindustani-raag-small_00000077,1,pending,,pending,pending,,,,
neerajaabhyankar_hindustani-raag-small_00000078,india,E:\Desktop\Echo\storage\public\routeA_phase2\hindustani\audio\neerajaabhyankar_hindustani-raag-small_00000078.mp3,neerajaabhyankar/hindustani-raag-small,train,78,13.0,48000,2,,india,unknown,0,Bageshree,Bageshree,,,,,,,,,,,,v4.0,v4_routeA_small_seed_from_public_2026-03-20,v4_routeA_small_seed_from_public_2026-03-20,neerajaabhyankar_hindustani-raag-small_00000078,1,pending,,pending,pending,,,,
neerajaabhyankar_hindustani-raag-small_00000079,india,E:\Desktop\Echo\storage\public\routeA_phase2\hindustani\audio\neerajaabhyankar_hindustani-raag-small_00000079.mp3,neerajaabhyankar/hindustani-raag-small,train,79,13.0,48000,2,,india,unknown,0,Bageshree,Bageshree,,,,,,,,,,,,v4.0,v4_routeA_small_seed_from_public_2026-03-20,v4_routeA_small_seed_from_public_2026-03-20,neerajaabhyankar_hindustani-raag-small_00000079,1,pending,,pending,pending,,,,
neerajaabhyankar_hindustani-raag-small_00000080,india,E:\Desktop\Echo\storage\public\routeA_phase2\hindustani\audio\neerajaabhyankar_hindustani-raag-small_00000080.mp3,neerajaabhyankar/hindustani-raag-small,train,80,13.0,48000,2,,india,unknown,0,Bageshree,Bageshree,,,,,,,,,,,,v4.0,v4_routeA_small_seed_from_public_2026-03-20,v4_routeA_small_seed_from_public_2026-03-20,neerajaabhyankar_hindustani-raag-small_00000080,1,pending,,pending,pending,,,,
neerajaabhyankar_hindustani-raag-small_00000081,india,E:\Desktop\Echo\storage\public\routeA_phase2\hindustani\audio\neerajaabhyankar_hindustani-raag-small_00000081.mp3,neerajaabhyankar/hindustani-raag-small,train,81,19.0,48000,2,,india,unknown,0,Bageshree,Bageshree,,,,,,,,,,,,v4.0,v4_routeA_small_seed_from_public_2026-03-20,v4_routeA_small_seed_from_public_2026-03-20,neerajaabhyankar_hindustani-raag-small_00000081,1,pending,,pending,pending,,,,
neerajaabhyankar_hindustani-raag-small_00000082,india,E:\Desktop\Echo\storage\public\routeA_phase2\hindustani\audio\neerajaabhyankar_hindustani-raag-small_00000082.mp3,neerajaabhyankar/hindustani-raag-small,train,82,19.0,48000,2,,india,unknown,0,Bageshree,Bageshree,,,,,,,,,,,,v4.0,v4_routeA_small_seed_from_public_2026-03-20,v4_routeA_small_seed_from_public_2026-03-20,neerajaabhyankar_hindustani-raag-small_00000082,1,pending,,pending,pending,,,,
neerajaabhyankar_hindustani-raag-small_00000083,india,E:\Desktop\Echo\storage\public\routeA_phase2\hindustani\audio\neerajaabhyankar_hindustani-raag-small_00000083.mp3,neerajaabhyankar/hindustani-raag-small,train,83,19.0,48000,2,,india,unknown,0,Bageshree,Bageshree,,,,,,,,,,,,v4.0,v4_routeA_small_seed_from_public_2026-03-20,v4_routeA_small_seed_from_public_2026-03-20,neerajaabhyankar_hindustani-raag-small_00000083,1,pending,,pending,pending,,,,
neerajaabhyankar_hindustani-raag-small_00000084,india,E:\Desktop\Echo\storage\public\routeA_phase2\hindustani\audio\neerajaabhyankar_hindustani-raag-small_00000084.mp3,neerajaabhyankar/hindustani-raag-small,train,84,17.0,48000,2,,india,unknown,0,Bageshree,Bageshree,,,,,,,,,,,,v4.0,v4_routeA_small_seed_from_public_2026-03-20,v4_routeA_small_seed_from_public_2026-03-20,neerajaabhyankar_hindustani-raag-small_00000084,1,pending,,pending,pending,,,,
neerajaabhyankar_hindustani-raag-small_00000085,india,E:\Desktop\Echo\storage\public\routeA_phase2\hindustani\audio\neerajaabhyankar_hindustani-raag-small_00000085.mp3,neerajaabhyankar/hindustani-raag-small,train,85,17.0,48000,2,,india,unknown,0,Bageshree,Bageshree,,,,,,,,,,,,v4.0,v4_routeA_small_seed_from_public_2026-03-20,v4_routeA_small_seed_from_public_2026-03-20,neerajaabhyankar_hindustani-raag-small_00000085,1,pending,,pending,pending,,,,
neerajaabhyankar_hindustani-raag-small_00000086,india,E:\Desktop\Echo\storage\public\routeA_phase2\hindustani\audio\neerajaabhyankar_hindustani-raag-small_00000086.mp3,neerajaabhyankar/hindustani-raag-small,train,86,17.0,48000,2,,india,unknown,0,Bageshree,Bageshree,,,,,,,,,,,,v4.0,v4_routeA_small_seed_from_public_2026-03-20,v4_routeA_small_seed_from_public_2026-03-20,neerajaabhyankar_hindustani-raag-small_00000086,1,pending,,pending,pending,,,,
neerajaabhyankar_hindustani-raag-small_00000087,india,E:\Desktop\Echo\storage\public\routeA_phase2\hindustani\audio\neerajaabhyankar_hindustani-raag-small_00000087.mp3,neerajaabhyankar/hindustani-raag-small,train,87,7.0,48000,2,,india,unknown,0,Bahar,Bahar,,,,,,,,,,,,v4.0,v4_routeA_small_seed_from_public_2026-03-20,v4_routeA_small_seed_from_public_2026-03-20,neerajaabhyankar_hindustani-raag-small_00000087,1,pending,,pending,pending,,,,
neerajaabhyankar_hindustani-raag-small_00000088,india,E:\Desktop\Echo\storage\public\routeA_phase2\hindustani\audio\neerajaabhyankar_hindustani-raag-small_00000088.mp3,neerajaabhyankar/hindustani-raag-small,train,88,7.0,48000,2,,india,unknown,0,Bahar,Bahar,,,,,,,,,,,,v4.0,v4_routeA_small_seed_from_public_2026-03-20,v4_routeA_small_seed_from_public_2026-03-20,neerajaabhyankar_hindustani-raag-small_00000088,1,pending,,pending,pending,,,,
neerajaabhyankar_hindustani-raag-small_00000089,india,E:\Desktop\Echo\storage\public\routeA_phase2\hindustani\audio\neerajaabhyankar_hindustani-raag-small_00000089.mp3,neerajaabhyankar/hindustani-raag-small,train,89,7.0,48000,2,,india,unknown,0,Bahar,Bahar,,,,,,,,,,,,v4.0,v4_routeA_small_seed_from_public_2026-03-20,v4_routeA_small_seed_from_public_2026-03-20,neerajaabhyankar_hindustani-raag-small_00000089,1,pending,,pending,pending,,,,
neerajaabhyankar_hindustani-raag-small_00000090,india,E:\Desktop\Echo\storage\public\routeA_phase2\hindustani\audio\neerajaabhyankar_hindustani-raag-small_00000090.mp3,neerajaabhyankar/hindustani-raag-small,train,90,5.0,48000,2,,india,unknown,0,Bahar,Bahar,,,,,,,,,,,,v4.0,v4_routeA_small_seed_from_public_2026-03-20,v4_routeA_small_seed_from_public_2026-03-20,neerajaabhyankar_hindustani-raag-small_00000090,1,pending,,pending,pending,,,,
neerajaabhyankar_hindustani-raag-small_00000091,india,E:\Desktop\Echo\storage\public\routeA_phase2\hindustani\audio\neerajaabhyankar_hindustani-raag-small_00000091.mp3,neerajaabhyankar/hindustani-raag-small,train,91,5.0,48000,2,,india,unknown,0,Bahar,Bahar,,,,,,,,,,,,v4.0,v4_routeA_small_seed_from_public_2026-03-20,v4_routeA_small_seed_from_public_2026-03-20,neerajaabhyankar_hindustani-raag-small_00000091,1,pending,,pending,pending,,,,
neerajaabhyankar_hindustani-raag-small_00000092,india,E:\Desktop\Echo\storage\public\routeA_phase2\hindustani\audio\neerajaabhyankar_hindustani-raag-small_00000092.mp3,neerajaabhyankar/hindustani-raag-small,train,92,5.0,48000,2,,india,unknown,0,Bahar,Bahar,,,,,,,,,,,,v4.0,v4_routeA_small_seed_from_public_2026-03-20,v4_routeA_small_seed_from_public_2026-03-20,neerajaabhyankar_hindustani-raag-small_00000092,1,pending,,pending,pending,,,,
neerajaabhyankar_hindustani-raag-small_00000093,india,E:\Desktop\Echo\storage\public\routeA_phase2\hindustani\audio\neerajaabhyankar_hindustani-raag-small_00000093.mp3,neerajaabhyankar/hindustani-raag-small,train,93,5.0,48000,2,,india,unknown,0,Bahar,Bahar,,,,,,,,,,,,v4.0,v4_routeA_small_seed_from_public_2026-03-20,v4_routeA_small_seed_from_public_2026-03-20,neerajaabhyankar_hindustani-raag-small_00000093,1,pending,,pending,pending,,,,
neerajaabhyankar_hindustani-raag-small_00000094,india,E:\Desktop\Echo\storage\public\routeA_phase2\hindustani\audio\neerajaabhyankar_hindustani-raag-small_00000094.mp3,neerajaabhyankar/hindustani-raag-small,train,94,5.0,48000,2,,india,unknown,0,Bahar,Bahar,,,,,,,,,,,,v4.0,v4_routeA_small_seed_from_public_2026-03-20,v4_routeA_small_seed_from_public_2026-03-20,neerajaabhyankar_hindustani-raag-small_00000094,1,pending,,pending,pending,,,,
neerajaabhyankar_hindustani-raag-small_00000095,india,E:\Desktop\Echo\storage\public\routeA_phase2\hindustani\audio\neerajaabhyankar_hindustani-raag-small_00000095.mp3,neerajaabhyankar/hindustani-raag-small,train,95,5.0,48000,2,,india,unknown,0,Bahar,Bahar,,,,,,,,,,,,v4.0,v4_routeA_small_seed_from_public_2026-03-20,v4_routeA_small_seed_from_public_2026-03-20,neerajaabhyankar_hindustani-raag-small_00000095,1,pending,,pending,pending,,,,
neerajaabhyankar_hindustani-raag-small_00000096,india,E:\Desktop\Echo\storage\public\routeA_phase2\hindustani\audio\neerajaabhyankar_hindustani-raag-small_00000096.mp3,neerajaabhyankar/hindustani-raag-small,train,96,5.0,48000,2,,india,unknown,0,Bahar,Bahar,,,,,,,,,,,,v4.0,v4_routeA_small_seed_from_public_2026-03-20,v4_routeA_small_seed_from_public_2026-03-20,neerajaabhyankar_hindustani-raag-small_00000096,1,pending,,pending,pending,,,,
neerajaabhyankar_hindustani-raag-small_00000097,india,E:\Desktop\Echo\storage\public\routeA_phase2\hindustani\audio\neerajaabhyankar_hindustani-raag-small_00000097.mp3,neerajaabhyankar/hindustani-raag-small,train,97,5.0,48000,2,,india,unknown,0,Bahar,Bahar,,,,,,,,,,,,v4.0,v4_routeA_small_seed_from_public_2026-03-20,v4_routeA_small_seed_from_public_2026-03-20,neerajaabhyankar_hindustani-raag-small_00000097,1,pending,,pending,pending,,,,
neerajaabhyankar_hindustani-raag-small_00000098,india,E:\Desktop\Echo\storage\public\routeA_phase2\hindustani\audio\neerajaabhyankar_hindustani-raag-small_00000098.mp3,neerajaabhyankar/hindustani-raag-small,train,98,5.0,48000,2,,india,unknown,0,Bahar,Bahar,,,,,,,,,,,,v4.0,v4_routeA_small_seed_from_public_2026-03-20,v4_routeA_small_seed_from_public_2026-03-20,neerajaabhyankar_hindustani-raag-small_00000098,1,pending,,pending,pending,,,,
neerajaabhyankar_hindustani-raag-small_00000099,india,E:\Desktop\Echo\storage\public\routeA_phase2\hindustani\audio\neerajaabhyankar_hindustani-raag-small_00000099.mp3,neerajaabhyankar/hindustani-raag-small,train,99,13.0,48000,2,,india,unknown,0,Bairagi,Bairagi,,,,,,,,,,,,v4.0,v4_routeA_small_seed_from_public_2026-03-20,v4_routeA_small_seed_from_public_2026-03-20,neerajaabhyankar_hindustani-raag-small_00000099,1,pending,,pending,pending,,,,
neerajaabhyankar_hindustani-raag-small_00000100,india,E:\Desktop\Echo\storage\public\routeA_phase2\hindustani\audio\neerajaabhyankar_hindustani-raag-small_00000100.mp3,neerajaabhyankar/hindustani-raag-small,train,100,13.0,48000,2,,india,unknown,0,Bairagi,Bairagi,,,,,,,,,,,,v4.0,v4_routeA_small_seed_from_public_2026-03-20,v4_routeA_small_seed_from_public_2026-03-20,neerajaabhyankar_hindustani-raag-small_00000100,1,pending,,pending,pending,,,,
neerajaabhyankar_hindustani-raag-small_00000101,india,E:\Desktop\Echo\storage\public\routeA_phase2\hindustani\audio\neerajaabhyankar_hindustani-raag-small_00000101.mp3,neerajaabhyankar/hindustani-raag-small,train,101,13.0,48000,2,,india,unknown,0,Bairagi,Bairagi,,,,,,,,,,,,v4.0,v4_routeA_small_seed_from_public_2026-03-20,v4_routeA_small_seed_from_public_2026-03-20,neerajaabhyankar_hindustani-raag-small_00000101,1,pending,,pending,pending,,,,
neerajaabhyankar_hindustani-raag-small_00000102,india,E:\Desktop\Echo\storage\public\routeA_phase2\hindustani\audio\neerajaabhyankar_hindustani-raag-small_00000102.mp3,neerajaabhyankar/hindustani-raag-small,train,102,18.0,48000,2,,india,unknown,0,Bairagi,Bairagi,,,,,,,,,,,,v4.0,v4_routeA_small_seed_from_public_2026-03-20,v4_routeA_small_seed_from_public_2026-03-20,neerajaabhyankar_hindustani-raag-small_00000102,1,pending,,pending,pending,,,,
neerajaabhyankar_hindustani-raag-small_00000103,india,E:\Desktop\Echo\storage\public\routeA_phase2\hindustani\audio\neerajaabhyankar_hindustani-raag-small_00000103.mp3,neerajaabhyankar/hindustani-raag-small,train,103,18.0,48000,2,,india,unknown,0,Bairagi,Bairagi,,,,,,,,,,,,v4.0,v4_routeA_small_seed_from_public_2026-03-20,v4_routeA_small_seed_from_public_2026-03-20,neerajaabhyankar_hindustani-raag-small_00000103,1,pending,,pending,pending,,,,
neerajaabhyankar_hindustani-raag-small_00000104,india,E:\Desktop\Echo\storage\public\routeA_phase2\hindustani\audio\neerajaabhyankar_hindustani-raag-small_00000104.mp3,neerajaabhyankar/hindustani-raag-small,train,104,18.0,48000,2,,india,unknown,0,Bairagi,Bairagi,,,,,,,,,,,,v4.0,v4_routeA_small_seed_from_public_2026-03-20,v4_routeA_small_seed_from_public_2026-03-20,neerajaabhyankar_hindustani-raag-small_00000104,1,pending,,pending,pending,,,,
neerajaabhyankar_hindustani-raag-small_00000105,india,E:\Desktop\Echo\storage\public\routeA_phase2\hindustani\audio\neerajaabhyankar_hindustani-raag-small_00000105.mp3,neerajaabhyankar/hindustani-raag-small,train,105,12.0,48000,2,,india,unknown,0,Bairagi,Bairagi,,,,,,,,,,,,v4.0,v4_routeA_small_seed_from_public_2026-03-20,v4_routeA_small_seed_from_public_2026-03-20,neerajaabhyankar_hindustani-raag-small_00000105,1,pending,,pending,pending,,,,
neerajaabhyankar_hindustani-raag-small_00000106,india,E:\Desktop\Echo\storage\public\routeA_phase2\hindustani\audio\neerajaabhyankar_hindustani-raag-small_00000106.mp3,neerajaabhyankar/hindustani-raag-small,train,106,12.0,48000,2,,india,unknown,0,Bairagi,Bairagi,,,,,,,,,,,,v4.0,v4_routeA_small_seed_from_public_2026-03-20,v4_routeA_small_seed_from_public_2026-03-20,neerajaabhyankar_hindustani-raag-small_00000106,1,pending,,pending,pending,,,,
neerajaabhyankar_hindustani-raag-small_00000107,india,E:\Desktop\Echo\storage\public\routeA_phase2\hindustani\audio\neerajaabhyankar_hindustani-raag-small_00000107.mp3,neerajaabhyankar/hindustani-raag-small,train,107,12.0,48000,2,,india,unknown,0,Bairagi,Bairagi,,,,,,,,,,,,v4.0,v4_routeA_small_seed_from_public_2026-03-20,v4_routeA_small_seed_from_public_2026-03-20,neerajaabhyankar_hindustani-raag-small_00000107,1,pending,,pending,pending,,,,
neerajaabhyankar_hindustani-raag-small_00000108,india,E:\Desktop\Echo\storage\public\routeA_phase2\hindustani\audio\neerajaabhyankar_hindustani-raag-small_00000108.mp3,neerajaabhyankar/hindustani-raag-small,train,108,7.0,48000,2,,india,unknown,0,Bairagi,Bairagi,,,,,,,,,,,,v4.0,v4_routeA_small_seed_from_public_2026-03-20,v4_routeA_small_seed_from_public_2026-03-20,neerajaabhyankar_hindustani-raag-small_00000108,1,pending,,pending,pending,,,,
neerajaabhyankar_hindustani-raag-small_00000109,india,E:\Desktop\Echo\storage\public\routeA_phase2\hindustani\audio\neerajaabhyankar_hindustani-raag-small_00000109.mp3,neerajaabhyankar/hindustani-raag-small,train,109,7.0,48000,2,,india,unknown,0,Bairagi,Bairagi,,,,,,,,,,,,v4.0,v4_routeA_small_seed_from_public_2026-03-20,v4_routeA_small_seed_from_public_2026-03-20,neerajaabhyankar_hindustani-raag-small_00000109,1,pending,,pending,pending,,,,
neerajaabhyankar_hindustani-raag-small_00000110,india,E:\Desktop\Echo\storage\public\routeA_phase2\hindustani\audio\neerajaabhyankar_hindustani-raag-small_00000110.mp3,neerajaabhyankar/hindustani-raag-small,train,110,7.0,48000,2,,india,unknown,0,Bairagi,Bairagi,,,,,,,,,,,,v4.0,v4_routeA_small_seed_from_public_2026-03-20,v4_routeA_small_seed_from_public_2026-03-20,neerajaabhyankar_hindustani-raag-small_00000110,1,pending,,pending,pending,,,,
neerajaabhyankar_hindustani-raag-small_00000111,india,E:\Desktop\Echo\storage\public\routeA_phase2\hindustani\audio\neerajaabhyankar_hindustani-raag-small_00000111.mp3,neerajaabhyankar/hindustani-raag-small,train,111,18.0,48000,2,,india,unknown,0,Bairagi,Bairagi,,,,,,,,,,,,v4.0,v4_routeA_small_seed_from_public_2026-03-20,v4_routeA_small_seed_from_public_2026-03-20,neerajaabhyankar_hindustani-raag-small_00000111,1,pending,,pending,pending,,,,
neerajaabhyankar_hindustani-raag-small_00000112,india,E:\Desktop\Echo\storage\public\routeA_phase2\hindustani\audio\neerajaabhyankar_hindustani-raag-small_00000112.mp3,neerajaabhyankar/hindustani-raag-small,train,112,18.0,48000,2,,india,unknown,0,Bairagi,Bairagi,,,,,,,,,,,,v4.0,v4_routeA_small_seed_from_public_2026-03-20,v4_routeA_small_seed_from_public_2026-03-20,neerajaabhyankar_hindustani-raag-small_00000112,1,pending,,pending,pending,,,,
neerajaabhyankar_hindustani-raag-small_00000113,india,E:\Desktop\Echo\storage\public\routeA_phase2\hindustani\audio\neerajaabhyankar_hindustani-raag-small_00000113.mp3,neerajaabhyankar/hindustani-raag-small,train,113,18.0,48000,2,,india,unknown,0,Bairagi,Bairagi,,,,,,,,,,,,v4.0,v4_routeA_small_seed_from_public_2026-03-20,v4_routeA_small_seed_from_public_2026-03-20,neerajaabhyankar_hindustani-raag-small_00000113,1,pending,,pending,pending,,,,
neerajaabhyankar_hindustani-raag-small_00000114,india,E:\Desktop\Echo\storage\public\routeA_phase2\hindustani\audio\neerajaabhyankar_hindustani-raag-small_00000114.mp3,neerajaabhyankar/hindustani-raag-small,train,114,18.0,48000,2,,india,unknown,0,Bairagi,Bairagi,,,,,,,,,,,,v4.0,v4_routeA_small_seed_from_public_2026-03-20,v4_routeA_small_seed_from_public_2026-03-20,neerajaabhyankar_hindustani-raag-small_00000114,1,pending,,pending,pending,,,,
neerajaabhyankar_hindustani-raag-small_00000115,india,E:\Desktop\Echo\storage\public\routeA_phase2\hindustani\audio\neerajaabhyankar_hindustani-raag-small_00000115.mp3,neerajaabhyankar/hindustani-raag-small,train,115,18.0,48000,2,,india,unknown,0,Bairagi,Bairagi,,,,,,,,,,,,v4.0,v4_routeA_small_seed_from_public_2026-03-20,v4_routeA_small_seed_from_public_2026-03-20,neerajaabhyankar_hindustani-raag-small_00000115,1,pending,,pending,pending,,,,
neerajaabhyankar_hindustani-raag-small_00000116,india,E:\Desktop\Echo\storage\public\routeA_phase2\hindustani\audio\neerajaabhyankar_hindustani-raag-small_00000116.mp3,neerajaabhyankar/hindustani-raag-small,train,116,18.0,48000,2,,india,unknown,0,Bairagi,Bairagi,,,,,,,,,,,,v4.0,v4_routeA_small_seed_from_public_2026-03-20,v4_routeA_small_seed_from_public_2026-03-20,neerajaabhyankar_hindustani-raag-small_00000116,1,pending,,pending,pending,,,,
neerajaabhyankar_hindustani-raag-small_00000117,india,E:\Desktop\Echo\storage\public\routeA_phase2\hindustani\audio\neerajaabhyankar_hindustani-raag-small_00000117.mp3,neerajaabhyankar/hindustani-raag-small,train,117,5.0,48000,2,,india,unknown,0,Bairagi,Bairagi,,,,,,,,,,,,v4.0,v4_routeA_small_seed_from_public_2026-03-20,v4_routeA_small_seed_from_public_2026-03-20,neerajaabhyankar_hindustani-raag-small_00000117,1,pending,,pending,pending,,,,
neerajaabhyankar_hindustani-raag-small_00000118,india,E:\Desktop\Echo\storage\public\routeA_phase2\hindustani\audio\neerajaabhyankar_hindustani-raag-small_00000118.mp3,neerajaabhyankar/hindustani-raag-small,train,118,5.0,48000,2,,india,unknown,0,Bairagi,Bairagi,,,,,,,,,,,,v4.0,v4_routeA_small_seed_from_public_2026-03-20,v4_routeA_small_seed_from_public_2026-03-20,neerajaabhyankar_hindustani-raag-small_00000118,1,pending,,pending,pending,,,,
neerajaabhyankar_hindustani-raag-small_00000119,india,E:\Desktop\Echo\storage\public\routeA_phase2\hindustani\audio\neerajaabhyankar_hindustani-raag-small_00000119.mp3,neerajaabhyankar/hindustani-raag-small,train,119,5.0,48000,2,,india,unknown,0,Bairagi,Bairagi,,,,,,,,,,,,v4.0,v4_routeA_small_seed_from_public_2026-03-20,v4_routeA_small_seed_from_public_2026-03-20,neerajaabhyankar_hindustani-raag-small_00000119,1,pending,,pending,pending,,,,
neerajaabhyankar_hindustani-raag-small_00000120,india,E:\Desktop\Echo\storage\public\routeA_phase2\hindustani\audio\neerajaabhyankar_hindustani-raag-small_00000120.mp3,neerajaabhyankar/hindustani-raag-small,train,120,9.0,48000,2,,india,unknown,0,Bairagi,Bairagi,,,,,,,,,,,,v4.0,v4_routeA_small_seed_from_public_2026-03-20,v4_routeA_small_seed_from_public_2026-03-20,neerajaabhyankar_hindustani-raag-small_00000120,1,pending,,pending,pending,,,,
neerajaabhyankar_hindustani-raag-small_00000121,india,E:\Desktop\Echo\storage\public\routeA_phase2\hindustani\audio\neerajaabhyankar_hindustani-raag-small_00000121.mp3,neerajaabhyankar/hindustani-raag-small,train,121,9.0,48000,2,,india,unknown,0,Bairagi,Bairagi,,,,,,,,,,,,v4.0,v4_routeA_small_seed_from_public_2026-03-20,v4_routeA_small_seed_from_public_2026-03-20,neerajaabhyankar_hindustani-raag-small_00000121,1,pending,,pending,pending,,,,
neerajaabhyankar_hindustani-raag-small_00000122,india,E:\Desktop\Echo\storage\public\routeA_phase2\hindustani\audio\neerajaabhyankar_hindustani-raag-small_00000122.mp3,neerajaabhyankar/hindustani-raag-small,train,122,9.0,48000,2,,india,unknown,0,Bairagi,Bairagi,,,,,,,,,,,,v4.0,v4_routeA_small_seed_from_public_2026-03-20,v4_routeA_small_seed_from_public_2026-03-20,neerajaabhyankar_hindustani-raag-small_00000122,1,pending,,pending,pending,,,,
neerajaabhyankar_hindustani-raag-small_00000123,india,E:\Desktop\Echo\storage\public\routeA_phase2\hindustani\audio\neerajaabhyankar_hindustani-raag-small_00000123.mp3,neerajaabhyankar/hindustani-raag-small,train,123,13.0,48000,2,,india,unknown,0,Basant,Basant,,,,,,,,,,,,v4.0,v4_routeA_small_seed_from_public_2026-03-20,v4_routeA_small_seed_from_public_2026-03-20,neerajaabhyankar_hindustani-raag-small_00000123,1,pending,,pending,pending,,,,
neerajaabhyankar_hindustani-raag-small_00000124,india,E:\Desktop\Echo\storage\public\routeA_phase2\hindustani\audio\neerajaabhyankar_hindustani-raag-small_00000124.mp3,neerajaabhyankar/hindustani-raag-small,train,124,13.0,48000,2,,india,unknown,0,Basant,Basant,,,,,,,,,,,,v4.0,v4_routeA_small_seed_from_public_2026-03-20,v4_routeA_small_seed_from_public_2026-03-20,neerajaabhyankar_hindustani-raag-small_00000124,1,pending,,pending,pending,,,,
neerajaabhyankar_hindustani-raag-small_00000125,india,E:\Desktop\Echo\storage\public\routeA_phase2\hindustani\audio\neerajaabhyankar_hindustani-raag-small_00000125.mp3,neerajaabhyankar/hindustani-raag-small,train,125,13.0,48000,2,,india,unknown,0,Basant,Basant,,,,,,,,,,,,v4.0,v4_routeA_small_seed_from_public_2026-03-20,v4_routeA_small_seed_from_public_2026-03-20,neerajaabhyankar_hindustani-raag-small_00000125,1,pending,,pending,pending,,,,
neerajaabhyankar_hindustani-raag-small_00000126,india,E:\Desktop\Echo\storage\public\routeA_phase2\hindustani\audio\neerajaabhyankar_hindustani-raag-small_00000126.mp3,neerajaabhyankar/hindustani-raag-small,train,126,21.0,48000,2,,india,unknown,0,Basant,Basant,,,,,,,,,,,,v4.0,v4_routeA_small_seed_from_public_2026-03-20,v4_routeA_small_seed_from_public_2026-03-20,neerajaabhyankar_hindustani-raag-small_00000126,1,pending,,pending,pending,,,,
neerajaabhyankar_hindustani-raag-small_00000127,india,E:\Desktop\Echo\storage\public\routeA_phase2\hindustani\audio\neerajaabhyankar_hindustani-raag-small_00000127.mp3,neerajaabhyankar/hindustani-raag-small,train,127,21.0,48000,2,,india,unknown,0,Basant,Basant,,,,,,,,,,,,v4.0,v4_routeA_small_seed_from_public_2026-03-20,v4_routeA_small_seed_from_public_2026-03-20,neerajaabhyankar_hindustani-raag-small_00000127,1,pending,,pending,pending,,,,
neerajaabhyankar_hindustani-raag-small_00000128,india,E:\Desktop\Echo\storage\public\routeA_phase2\hindustani\audio\neerajaabhyankar_hindustani-raag-small_00000128.mp3,neerajaabhyankar/hindustani-raag-small,train,128,21.0,48000,2,,india,unknown,0,Basant,Basant,,,,,,,,,,,,v4.0,v4_routeA_small_seed_from_public_2026-03-20,v4_routeA_small_seed_from_public_2026-03-20,neerajaabhyankar_hindustani-raag-small_00000128,1,pending,,pending,pending,,,,
neerajaabhyankar_hindustani-raag-small_00000129,india,E:\Desktop\Echo\storage\public\routeA_phase2\hindustani\audio\neerajaabhyankar_hindustani-raag-small_00000129.mp3,neerajaabhyankar/hindustani-raag-small,train,129,4.0,48000,2,,india,unknown,0,Basant,Basant,,,,,,,,,,,,v4.0,v4_routeA_small_seed_from_public_2026-03-20,v4_routeA_small_seed_from_public_2026-03-20,neerajaabhyankar_hindustani-raag-small_00000129,1,pending,,pending,pending,,,,
neerajaabhyankar_hindustani-raag-small_00000130,india,E:\Desktop\Echo\storage\public\routeA_phase2\hindustani\audio\neerajaabhyankar_hindustani-raag-small_00000130.mp3,neerajaabhyankar/hindustani-raag-small,train,130,4.0,48000,2,,india,unknown,0,Basant,Basant,,,,,,,,,,,,v4.0,v4_routeA_small_seed_from_public_2026-03-20,v4_routeA_small_seed_from_public_2026-03-20,neerajaabhyankar_hindustani-raag-small_00000130,1,pending,,pending,pending,,,,
neerajaabhyankar_hindustani-raag-small_00000131,india,E:\Desktop\Echo\storage\public\routeA_phase2\hindustani\audio\neerajaabhyankar_hindustani-raag-small_00000131.mp3,neerajaabhyankar/hindustani-raag-small,train,131,4.0,48000,2,,india,unknown,0,Basant,Basant,,,,,,,,,,,,v4.0,v4_routeA_small_seed_from_public_2026-03-20,v4_routeA_small_seed_from_public_2026-03-20,neerajaabhyankar_hindustani-raag-small_00000131,1,pending,,pending,pending,,,,
neerajaabhyankar_hindustani-raag-small_00000132,india,E:\Desktop\Echo\storage\public\routeA_phase2\hindustani\audio\neerajaabhyankar_hindustani-raag-small_00000132.mp3,neerajaabhyankar/hindustani-raag-small,train,132,12.0,48000,2,,india,unknown,0,Basant,Basant,,,,,,,,,,,,v4.0,v4_routeA_small_seed_from_public_2026-03-20,v4_routeA_small_seed_from_public_2026-03-20,neerajaabhyankar_hindustani-raag-small_00000132,1,pending,,pending,pending,,,,
neerajaabhyankar_hindustani-raag-small_00000133,india,E:\Desktop\Echo\storage\public\routeA_phase2\hindustani\audio\neerajaabhyankar_hindustani-raag-small_00000133.mp3,neerajaabhyankar/hindustani-raag-small,train,133,12.0,48000,2,,india,unknown,0,Basant,Basant,,,,,,,,,,,,v4.0,v4_routeA_small_seed_from_public_2026-03-20,v4_routeA_small_seed_from_public_2026-03-20,neerajaabhyankar_hindustani-raag-small_00000133,1,pending,,pending,pending,,,,
neerajaabhyankar_hindustani-raag-small_00000134,india,E:\Desktop\Echo\storage\public\routeA_phase2\hindustani\audio\neerajaabhyankar_hindustani-raag-small_00000134.mp3,neerajaabhyankar/hindustani-raag-small,train,134,12.0,48000,2,,india,unknown,0,Basant,Basant,,,,,,,,,,,,v4.0,v4_routeA_small_seed_from_public_2026-03-20,v4_routeA_small_seed_from_public_2026-03-20,neerajaabhyankar_hindustani-raag-small_00000134,1,pending,,pending,pending,,,,
neerajaabhyankar_hindustani-raag-small_00000135,india,E:\Desktop\Echo\storage\public\routeA_phase2\hindustani\audio\neerajaabhyankar_hindustani-raag-small_00000135.mp3,neerajaabhyankar/hindustani-raag-small,train,135,12.0,48000,2,,india,unknown,0,Basant,Basant,,,,,,,,,,,,v4.0,v4_routeA_small_seed_from_public_2026-03-20,v4_routeA_small_seed_from_public_2026-03-20,neerajaabhyankar_hindustani-raag-small_00000135,1,pending,,pending,pending,,,,
neerajaabhyankar_hindustani-raag-small_00000136,india,E:\Desktop\Echo\storage\public\routeA_phase2\hindustani\audio\neerajaabhyankar_hindustani-raag-small_00000136.mp3,neerajaabhyankar/hindustani-raag-small,train,136,12.0,48000,2,,india,unknown,0,Basant,Basant,,,,,,,,,,,,v4.0,v4_routeA_small_seed_from_public_2026-03-20,v4_routeA_small_seed_from_public_2026-03-20,neerajaabhyankar_hindustani-raag-small_00000136,1,pending,,pending,pending,,,,
neerajaabhyankar_hindustani-raag-small_00000137,india,E:\Desktop\Echo\storage\public\routeA_phase2\hindustani\audio\neerajaabhyankar_hindustani-raag-small_00000137.mp3,neerajaabhyankar/hindustani-raag-small,train,137,12.0,48000,2,,india,unknown,0,Basant,Basant,,,,,,,,,,,,v4.0,v4_routeA_small_seed_from_public_2026-03-20,v4_routeA_small_seed_from_public_2026-03-20,neerajaabhyankar_hindustani-raag-small_00000137,1,pending,,pending,pending,,,,
neerajaabhyankar_hindustani-raag-small_00000138,india,E:\Desktop\Echo\storage\public\routeA_phase2\hindustani\audio\neerajaabhyankar_hindustani-raag-small_00000138.mp3,neerajaabhyankar/hindustani-raag-small,train,138,9.0,48000,2,,india,unknown,0,Bhairav,Bhairav,,,,,,,,,,,,v4.0,v4_routeA_small_seed_from_public_2026-03-20,v4_routeA_small_seed_from_public_2026-03-20,neerajaabhyankar_hindustani-raag-small_00000138,1,pending,,pending,pending,,,,
neerajaabhyankar_hindustani-raag-small_00000139,india,E:\Desktop\Echo\storage\public\routeA_phase2\hindustani\audio\neerajaabhyankar_hindustani-raag-small_00000139.mp3,neerajaabhyankar/hindustani-raag-small,train,139,9.0,48000,2,,india,unknown,0,Bhairav,Bhairav,,,,,,,,,,,,v4.0,v4_routeA_small_seed_from_public_2026-03-20,v4_routeA_small_seed_from_public_2026-03-20,neerajaabhyankar_hindustani-raag-small_00000139,1,pending,,pending,pending,,,,
neerajaabhyankar_hindustani-raag-small_00000140,india,E:\Desktop\Echo\storage\public\routeA_phase2\hindustani\audio\neerajaabhyankar_hindustani-raag-small_00000140.mp3,neerajaabhyankar/hindustani-raag-small,train,140,9.0,48000,2,,india,unknown,0,Bhairav,Bhairav,,,,,,,,,,,,v4.0,v4_routeA_small_seed_from_public_2026-03-20,v4_routeA_small_seed_from_public_2026-03-20,neerajaabhyankar_hindustani-raag-small_00000140,1,pending,,pending,pending,,,,
neerajaabhyankar_hindustani-raag-small_00000141,india,E:\Desktop\Echo\storage\public\routeA_phase2\hindustani\audio\neerajaabhyankar_hindustani-raag-small_00000141.mp3,neerajaabhyankar/hindustani-raag-small,train,141,4.0,48000,2,,india,unknown,0,Bhairav,Bhairav,,,,,,,,,,,,v4.0,v4_routeA_small_seed_from_public_2026-03-20,v4_routeA_small_seed_from_public_2026-03-20,neerajaabhyankar_hindustani-raag-small_00000141,1,pending,,pending,pending,,,,
neerajaabhyankar_hindustani-raag-small_00000142,india,E:\Desktop\Echo\storage\public\routeA_phase2\hindustani\audio\neerajaabhyankar_hindustani-raag-small_00000142.mp3,neerajaabhyankar/hindustani-raag-small,train,142,4.0,48000,2,,india,unknown,0,Bhairav,Bhairav,,,,,,,,,,,,v4.0,v4_routeA_small_seed_from_public_2026-03-20,v4_routeA_small_seed_from_public_2026-03-20,neerajaabhyankar_hindustani-raag-small_00000142,1,pending,,pending,pending,,,,
neerajaabhyankar_hindustani-raag-small_00000143,india,E:\Desktop\Echo\storage\public\routeA_phase2\hindustani\audio\neerajaabhyankar_hindustani-raag-small_00000143.mp3,neerajaabhyankar/hindustani-raag-small,train,143,4.0,48000,2,,india,unknown,0,Bhairav,Bhairav,,,,,,,,,,,,v4.0,v4_routeA_small_seed_from_public_2026-03-20,v4_routeA_small_seed_from_public_2026-03-20,neerajaabhyankar_hindustani-raag-small_00000143,1,pending,,pending,pending,,,,
neerajaabhyankar_hindustani-raag-small_00000144,india,E:\Desktop\Echo\storage\public\routeA_phase2\hindustani\audio\neerajaabhyankar_hindustani-raag-small_00000144.mp3,neerajaabhyankar/hindustani-raag-small,train,144,8.0,48000,2,,india,unknown,0,Bhairav,Bhairav,,,,,,,,,,,,v4.0,v4_routeA_small_seed_from_public_2026-03-20,v4_routeA_small_seed_from_public_2026-03-20,neerajaabhyankar_hindustani-raag-small_00000144,1,pending,,pending,pending,,,,
neerajaabhyankar_hindustani-raag-small_00000145,india,E:\Desktop\Echo\storage\public\routeA_phase2\hindustani\audio\neerajaabhyankar_hindustani-raag-small_00000145.mp3,neerajaabhyankar/hindustani-raag-small,train,145,8.0,48000,2,,india,unknown,0,Bhairav,Bhairav,,,,,,,,,,,,v4.0,v4_routeA_small_seed_from_public_2026-03-20,v4_routeA_small_seed_from_public_2026-03-20,neerajaabhyankar_hindustani-raag-small_00000145,1,pending,,pending,pending,,,,
neerajaabhyankar_hindustani-raag-small_00000146,india,E:\Desktop\Echo\storage\public\routeA_phase2\hindustani\audio\neerajaabhyankar_hindustani-raag-small_00000146.mp3,neerajaabhyankar/hindustani-raag-small,train,146,8.0,48000,2,,india,unknown,0,Bhairav,Bhairav,,,,,,,,,,,,v4.0,v4_routeA_small_seed_from_public_2026-03-20,v4_routeA_small_seed_from_public_2026-03-20,neerajaabhyankar_hindustani-raag-small_00000146,1,pending,,pending,pending,,,,
neerajaabhyankar_hindustani-raag-small_00000147,india,E:\Desktop\Echo\storage\public\routeA_phase2\hindustani\audio\neerajaabhyankar_hindustani-raag-small_00000147.mp3,neerajaabhyankar/hindustani-raag-small,train,147,19.0,48000,2,,india,unknown,0,Bhairav,Bhairav,,,,,,,,,,,,v4.0,v4_routeA_small_seed_from_public_2026-03-20,v4_routeA_small_seed_from_public_2026-03-20,neerajaabhyankar_hindustani-raag-small_00000147,1,pending,,pending,pending,,,,
neerajaabhyankar_hindustani-raag-small_00000148,india,E:\Desktop\Echo\storage\public\routeA_phase2\hindustani\audio\neerajaabhyankar_hindustani-raag-small_00000148.mp3,neerajaabhyankar/hindustani-raag-small,train,148,19.0,48000,2,,india,unknown,0,Bhairav,Bhairav,,,,,,,,,,,,v4.0,v4_routeA_small_seed_from_public_2026-03-20,v4_routeA_small_seed_from_public_2026-03-20,neerajaabhyankar_hindustani-raag-small_00000148,1,pending,,pending,pending,,,,
neerajaabhyankar_hindustani-raag-small_00000149,india,E:\Desktop\Echo\storage\public\routeA_phase2\hindustani\audio\neerajaabhyankar_hindustani-raag-small_00000149.mp3,neerajaabhyankar/hindustani-raag-small,train,149,19.0,48000,2,,india,unknown,0,Bhairav,Bhairav,,,,,,,,,,,,v4.0,v4_routeA_small_seed_from_public_2026-03-20,v4_routeA_small_seed_from_public_2026-03-20,neerajaabhyankar_hindustani-raag-small_00000149,1,pending,,pending,pending,,,,
neerajaabhyankar_hindustani-raag-small_00000150,india,E:\Desktop\Echo\storage\public\routeA_phase2\hindustani\audio\neerajaabhyankar_hindustani-raag-small_00000150.mp3,neerajaabhyankar/hindustani-raag-small,train,150,19.0,48000,2,,india,unknown,0,Bhairav,Bhairav,,,,,,,,,,,,v4.0,v4_routeA_small_seed_from_public_2026-03-20,v4_routeA_small_seed_from_public_2026-03-20,neerajaabhyankar_hindustani-raag-small_00000150,1,pending,,pending,pending,,,,
neerajaabhyankar_hindustani-raag-small_00000151,india,E:\Desktop\Echo\storage\public\routeA_phase2\hindustani\audio\neerajaabhyankar_hindustani-raag-small_00000151.mp3,neerajaabhyankar/hindustani-raag-small,train,151,19.0,48000,2,,india,unknown,0,Bhairav,Bhairav,,,,,,,,,,,,v4.0,v4_routeA_small_seed_from_public_2026-03-20,v4_routeA_small_seed_from_public_2026-03-20,neerajaabhyankar_hindustani-raag-small_00000151,1,pending,,pending,pending,,,,
neerajaabhyankar_hindustani-raag-small_00000152,india,E:\Desktop\Echo\storage\public\routeA_phase2\hindustani\audio\neerajaabhyankar_hindustani-raag-small_00000152.mp3,neerajaabhyankar/hindustani-raag-small,train,152,19.0,48000,2,,india,unknown,0,Bhairav,Bhairav,,,,,,,,,,,,v4.0,v4_routeA_small_seed_from_public_2026-03-20,v4_routeA_small_seed_from_public_2026-03-20,neerajaabhyankar_hindustani-raag-small_00000152,1,pending,,pending,pending,,,,
neerajaabhyankar_hindustani-raag-small_00000153,india,E:\Desktop\Echo\storage\public\routeA_phase2\hindustani\audio\neerajaabhyankar_hindustani-raag-small_00000153.mp3,neerajaabhyankar/hindustani-raag-small,train,153,9.0,48000,2,,india,unknown,0,Bhairav,Bhairav,,,,,,,,,,,,v4.0,v4_routeA_small_seed_from_public_2026-03-20,v4_routeA_small_seed_from_public_2026-03-20,neerajaabhyankar_hindustani-raag-small_00000153,1,pending,,pending,pending,,,,
neerajaabhyankar_hindustani-raag-small_00000154,india,E:\Desktop\Echo\storage\public\routeA_phase2\hindustani\audio\neerajaabhyankar_hindustani-raag-small_00000154.mp3,neerajaabhyankar/hindustani-raag-small,train,154,9.0,48000,2,,india,unknown,0,Bhairav,Bhairav,,,,,,,,,,,,v4.0,v4_routeA_small_seed_from_public_2026-03-20,v4_routeA_small_seed_from_public_2026-03-20,neerajaabhyankar_hindustani-raag-small_00000154,1,pending,,pending,pending,,,,
neerajaabhyankar_hindustani-raag-small_00000155,india,E:\Desktop\Echo\storage\public\routeA_phase2\hindustani\audio\neerajaabhyankar_hindustani-raag-small_00000155.mp3,neerajaabhyankar/hindustani-raag-small,train,155,9.0,48000,2,,india,unknown,0,Bhairav,Bhairav,,,,,,,,,,,,v4.0,v4_routeA_small_seed_from_public_2026-03-20,v4_routeA_small_seed_from_public_2026-03-20,neerajaabhyankar_hindustani-raag-small_00000155,1,pending,,pending,pending,,,,
neerajaabhyankar_hindustani-raag-small_00000156,india,E:\Desktop\Echo\storage\public\routeA_phase2\hindustani\audio\neerajaabhyankar_hindustani-raag-small_00000156.mp3,neerajaabhyankar/hindustani-raag-small,train,156,32.0,48000,2,,india,unknown,0,Bhairav,Bhairav,,,,,,,,,,,,v4.0,v4_routeA_small_seed_from_public_2026-03-20,v4_routeA_small_seed_from_public_2026-03-20,neerajaabhyankar_hindustani-raag-small_00000156,1,pending,,pending,pending,,,,
neerajaabhyankar_hindustani-raag-small_00000157,india,E:\Desktop\Echo\storage\public\routeA_phase2\hindustani\audio\neerajaabhyankar_hindustani-raag-small_00000157.mp3,neerajaabhyankar/hindustani-raag-small,train,157,32.0,48000,2,,india,unknown,0,Bhairav,Bhairav,,,,,,,,,,,,v4.0,v4_routeA_small_seed_from_public_2026-03-20,v4_routeA_small_seed_from_public_2026-03-20,neerajaabhyankar_hindustani-raag-small_00000157,1,pending,,pending,pending,,,,
neerajaabhyankar_hindustani-raag-small_00000158,india,E:\Desktop\Echo\storage\public\routeA_phase2\hindustani\audio\neerajaabhyankar_hindustani-raag-small_00000158.mp3,neerajaabhyankar/hindustani-raag-small,train,158,32.0,48000,2,,india,unknown,0,Bhairav,Bhairav,,,,,,,,,,,,v4.0,v4_routeA_small_seed_from_public_2026-03-20,v4_routeA_small_seed_from_public_2026-03-20,neerajaabhyankar_hindustani-raag-small_00000158,1,pending,,pending,pending,,,,
neerajaabhyankar_hindustani-raag-small_00000159,india,E:\Desktop\Echo\storage\public\routeA_phase2\hindustani\audio\neerajaabhyankar_hindustani-raag-small_00000159.mp3,neerajaabhyankar/hindustani-raag-small,train,159,12.0,48000,2,,india,unknown,0,Bhairav,Bhairav,,,,,,,,,,,,v4.0,v4_routeA_small_seed_from_public_2026-03-20,v4_routeA_small_seed_from_public_2026-03-20,neerajaabhyankar_hindustani-raag-small_00000159,1,pending,,pending,pending,,,,
bilal63_turkish_music_emotion_dataset_00000000,turkey,E:\Desktop\Echo\storage\public\routeA_phase2\turkish\audio\bilal63_turkish_music_emotion_dataset_00000000.mp3,bilal63/turkish_music_emotion_dataset,train,0,30.0,44100,2,,turkey,unknown,0,angry,angry,,,,,,,,,,,,v4.0,v4_routeA_small_seed_from_public_2026-03-20,v4_routeA_small_seed_from_public_2026-03-20,bilal63_turkish_music_emotion_dataset_00000000,1,pending,,pending,pending,,,,
bilal63_turkish_music_emotion_dataset_00000001,turkey,E:\Desktop\Echo\storage\public\routeA_phase2\turkish\audio\bilal63_turkish_music_emotion_dataset_00000001.mp3,bilal63/turkish_music_emotion_dataset,train,1,30.000997732426303,44100,2,,turkey,unknown,0,angry,angry,,,,,,,,,,,,v4.0,v4_routeA_small_seed_from_public_2026-03-20,v4_routeA_small_seed_from_public_2026-03-20,bilal63_turkish_music_emotion_dataset_00000001,1,pending,,pending,pending,,,,
bilal63_turkish_music_emotion_dataset_00000002,turkey,E:\Desktop\Echo\storage\public\routeA_phase2\turkish\audio\bilal63_turkish_music_emotion_dataset_00000002.mp3,bilal63/turkish_music_emotion_dataset,train,2,30.011609977324262,44100,2,,turkey,unknown,0,angry,angry,,,,,,,,,,,,v4.0,v4_routeA_small_seed_from_public_2026-03-20,v4_routeA_small_seed_from_public_2026-03-20,bilal63_turkish_music_emotion_dataset_00000002,1,pending,,pending,pending,,,,
bilal63_turkish_music_emotion_dataset_00000003,turkey,E:\Desktop\Echo\storage\public\routeA_phase2\turkish\audio\bilal63_turkish_music_emotion_dataset_00000003.mp3,bilal63/turkish_music_emotion_dataset,train,3,30.0,44100,2,,turkey,unknown,0,angry,angry,,,,,,,,,,,,v4.0,v4_routeA_small_seed_from_public_2026-03-20,v4_routeA_small_seed_from_public_2026-03-20,bilal63_turkish_music_emotion_dataset_00000003,1,pending,,pending,pending,,,,
bilal63_turkish_music_emotion_dataset_00000004,turkey,E:\Desktop\Echo\storage\public\routeA_phase2\turkish\audio\bilal63_turkish_music_emotion_dataset_00000004.mp3,bilal63/turkish_music_emotion_dataset,train,4,30.000839002267572,44100,2,,turkey,unknown,0,angry,angry,,,,,,,,,,,,v4.0,v4_routeA_small_seed_from_public_2026-03-20,v4_routeA_small_seed_from_public_2026-03-20,bilal63_turkish_music_emotion_dataset_00000004,1,pending,,pending,pending,,,,
bilal63_turkish_music_emotion_dataset_00000005,turkey,E:\Desktop\Echo\storage\public\routeA_phase2\turkish\audio\bilal63_turkish_music_emotion_dataset_00000005.mp3,bilal63/turkish_music_emotion_dataset,train,5,30.0,44100,2,,turkey,unknown,0,angry,angry,,,,,,,,,,,,v4.0,v4_routeA_small_seed_from_public_2026-03-20,v4_routeA_small_seed_from_public_2026-03-20,bilal63_turkish_music_emotion_dataset_00000005,1,pending,,pending,pending,,,,
bilal63_turkish_music_emotion_dataset_00000006,turkey,E:\Desktop\Echo\storage\public\routeA_phase2\turkish\audio\bilal63_turkish_music_emotion_dataset_00000006.mp3,bilal63/turkish_music_emotion_dataset,train,6,30.000498866213153,44100,2,,turkey,unknown,0,angry,angry,,,,,,,,,,,,v4.0,v4_routeA_small_seed_from_public_2026-03-20,v4_routeA_small_seed_from_public_2026-03-20,bilal63_turkish_music_emotion_dataset_00000006,1,pending,,pending,pending,,,,
bilal63_turkish_music_emotion_dataset_00000007,turkey,E:\Desktop\Echo\storage\public\routeA_phase2\turkish\audio\bilal63_turkish_music_emotion_dataset_00000007.mp3,bilal63/turkish_music_emotion_dataset,train,7,30.000725623582767,44100,2,,turkey,unknown,0,angry,angry,,,,,,,,,,,,v4.0,v4_routeA_small_seed_from_public_2026-03-20,v4_routeA_small_seed_from_public_2026-03-20,bilal63_turkish_music_emotion_dataset_00000007,1,pending,,pending,pending,,,,
bilal63_turkish_music_emotion_dataset_00000008,turkey,E:\Desktop\Echo\storage\public\routeA_phase2\turkish\audio\bilal63_turkish_music_emotion_dataset_00000008.mp3,bilal63/turkish_music_emotion_dataset,train,8,30.00095238095238,44100,2,,turkey,unknown,0,angry,angry,,,,,,,,,,,,v4.0,v4_routeA_small_seed_from_public_2026-03-20,v4_routeA_small_seed_from_public_2026-03-20,bilal63_turkish_music_emotion_dataset_00000008,1,pending,,pending,pending,,,,
bilal63_turkish_music_emotion_dataset_00000009,turkey,E:\Desktop\Echo\storage\public\routeA_phase2\turkish\audio\bilal63_turkish_music_emotion_dataset_00000009.mp3,bilal63/turkish_music_emotion_dataset,train,9,30.000498866213153,44100,2,,turkey,unknown,0,angry,angry,,,,,,,,,,,,v4.0,v4_routeA_small_seed_from_public_2026-03-20,v4_routeA_small_seed_from_public_2026-03-20,bilal63_turkish_music_emotion_dataset_00000009,1,pending,,pending,pending,,,,
bilal63_turkish_music_emotion_dataset_00000010,turkey,E:\Desktop\Echo\storage\public\routeA_phase2\turkish\audio\bilal63_turkish_music_emotion_dataset_00000010.mp3,bilal63/turkish_music_emotion_dataset,train,10,30.00079365079365,44100,2,,turkey,unknown,0,angry,angry,,,,,,,,,,,,v4.0,v4_routeA_small_seed_from_public_2026-03-20,v4_routeA_small_seed_from_public_2026-03-20,bilal63_turkish_music_emotion_dataset_00000010,1,pending,,pending,pending,,,,
bilal63_turkish_music_emotion_dataset_00000011,turkey,E:\Desktop\Echo\storage\public\routeA_phase2\turkish\audio\bilal63_turkish_music_emotion_dataset_00000011.mp3,bilal63/turkish_music_emotion_dataset,train,11,30.00002267573696,44100,2,,turkey,unknown,0,angry,angry,,,,,,,,,,,,v4.0,v4_routeA_small_seed_from_public_2026-03-20,v4_routeA_small_seed_from_public_2026-03-20,bilal63_turkish_music_emotion_dataset_00000011,1,pending,,pending,pending,,,,
bilal63_turkish_music_emotion_dataset_00000012,turkey,E:\Desktop\Echo\storage\public\routeA_phase2\turkish\audio\bilal63_turkish_music_emotion_dataset_00000012.mp3,bilal63/turkish_music_emotion_dataset,train,12,30.0,44100,2,,turkey,unknown,0,angry,angry,,,,,,,,,,,,v4.0,v4_routeA_small_seed_from_public_2026-03-20,v4_routeA_small_seed_from_public_2026-03-20,bilal63_turkish_music_emotion_dataset_00000012,1,pending,,pending,pending,,,,
bilal63_turkish_music_emotion_dataset_00000013,turkey,E:\Desktop\Echo\storage\public\routeA_phase2\turkish\audio\bilal63_turkish_music_emotion_dataset_00000013.mp3,bilal63/turkish_music_emotion_dataset,train,13,30.0,44100,2,,turkey,unknown,0,angry,angry,,,,,,,,,,,,v4.0,v4_routeA_small_seed_from_public_2026-03-20,v4_routeA_small_seed_from_public_2026-03-20,bilal63_turkish_music_emotion_dataset_00000013,1,pending,,pending,pending,,,,
bilal63_turkish_music_emotion_dataset_00000014,turkey,E:\Desktop\Echo\storage\public\routeA_phase2\turkish\audio\bilal63_turkish_music_emotion_dataset_00000014.mp3,bilal63/turkish_music_emotion_dataset,train,14,29.701587301587303,44100,2,,turkey,unknown,0,angry,angry,,,,,,,,,,,,v4.0,v4_routeA_small_seed_from_public_2026-03-20,v4_routeA_small_seed_from_public_2026-03-20,bilal63_turkish_music_emotion_dataset_00000014,1,pending,,pending,pending,,,,
bilal63_turkish_music_emotion_dataset_00000015,turkey,E:\Desktop\Echo\storage\public\routeA_phase2\turkish\audio\bilal63_turkish_music_emotion_dataset_00000015.mp3,bilal63/turkish_music_emotion_dataset,train,15,30.00097505668934,44100,2,,turkey,unknown,0,angry,angry,,,,,,,,,,,,v4.0,v4_routeA_small_seed_from_public_2026-03-20,v4_routeA_small_seed_from_public_2026-03-20,bilal63_turkish_music_emotion_dataset_00000015,1,pending,,pending,pending,,,,
bilal63_turkish_music_emotion_dataset_00000016,turkey,E:\Desktop\Echo\storage\public\routeA_phase2\turkish\audio\bilal63_turkish_music_emotion_dataset_00000016.mp3,bilal63/turkish_music_emotion_dataset,train,16,30.00011337868481,44100,2,,turkey,unknown,0,angry,angry,,,,,,,,,,,,v4.0,v4_routeA_small_seed_from_public_2026-03-20,v4_routeA_small_seed_from_public_2026-03-20,bilal63_turkish_music_emotion_dataset_00000016,1,pending,,pending,pending,,,,
bilal63_turkish_music_emotion_dataset_00000017,turkey,E:\Desktop\Echo\storage\public\routeA_phase2\turkish\audio\bilal63_turkish_music_emotion_dataset_00000017.mp3,bilal63/turkish_music_emotion_dataset,train,17,30.00018140589569,44100,2,,turkey,unknown,0,angry,angry,,,,,,,,,,,,v4.0,v4_routeA_small_seed_from_public_2026-03-20,v4_routeA_small_seed_from_public_2026-03-20,bilal63_turkish_music_emotion_dataset_00000017,1,pending,,pending,pending,,,,
bilal63_turkish_music_emotion_dataset_00000018,turkey,E:\Desktop\Echo\storage\public\routeA_phase2\turkish\audio\bilal63_turkish_music_emotion_dataset_00000018.mp3,bilal63/turkish_music_emotion_dataset,train,18,30.000612244897958,44100,2,,turkey,unknown,0,angry,angry,,,,,,,,,,,,v4.0,v4_routeA_small_seed_from_public_2026-03-20,v4_routeA_small_seed_from_public_2026-03-20,bilal63_turkish_music_emotion_dataset_00000018,1,pending,,pending,pending,,,,
bilal63_turkish_music_emotion_dataset_00000019,turkey,E:\Desktop\Echo\storage\public\routeA_phase2\turkish\audio\bilal63_turkish_music_emotion_dataset_00000019.mp3,bilal63/turkish_music_emotion_dataset,train,19,30.0,44100,2,,turkey,unknown,0,angry,angry,,,,,,,,,,,,v4.0,v4_routeA_small_seed_from_public_2026-03-20,v4_routeA_small_seed_from_public_2026-03-20,bilal63_turkish_music_emotion_dataset_00000019,1,pending,,pending,pending,,,,
bilal63_turkish_music_emotion_dataset_00000020,turkey,E:\Desktop\Echo\storage\public\routeA_phase2\turkish\audio\bilal63_turkish_music_emotion_dataset_00000020.mp3,bilal63/turkish_music_emotion_dataset,train,20,30.000249433106575,44100,2,,turkey,unknown,0,angry,angry,,,,,,,,,,,,v4.0,v4_routeA_small_seed_from_public_2026-03-20,v4_routeA_small_seed_from_public_2026-03-20,bilal63_turkish_music_emotion_dataset_00000020,1,pending,,pending,pending,,,,
bilal63_turkish_music_emotion_dataset_00000021,turkey,E:\Desktop\Echo\storage\public\routeA_phase2\turkish\audio\bilal63_turkish_music_emotion_dataset_00000021.mp3,bilal63/turkish_music_emotion_dataset,train,21,30.000226757369614,44100,2,,turkey,unknown,0,angry,angry,,,,,,,,,,,,v4.0,v4_routeA_small_seed_from_public_2026-03-20,v4_routeA_small_seed_from_public_2026-03-20,bilal63_turkish_music_emotion_dataset_00000021,1,pending,,pending,pending,,,,
bilal63_turkish_music_emotion_dataset_00000022,turkey,E:\Desktop\Echo\storage\public\routeA_phase2\turkish\audio\bilal63_turkish_music_emotion_dataset_00000022.mp3,bilal63/turkish_music_emotion_dataset,train,22,30.617573696145126,44100,2,,turkey,unknown,0,angry,angry,,,,,,,,,,,,v4.0,v4_routeA_small_seed_from_public_2026-03-20,v4_routeA_small_seed_from_public_2026-03-20,bilal63_turkish_music_emotion_dataset_00000022,1,pending,,pending,pending,,,,
bilal63_turkish_music_emotion_dataset_00000023,turkey,E:\Desktop\Echo\storage\public\routeA_phase2\turkish\audio\bilal63_turkish_music_emotion_dataset_00000023.mp3,bilal63/turkish_music_emotion_dataset,train,23,30.000544217687075,44100,2,,turkey,unknown,0,angry,angry,,,,,,,,,,,,v4.0,v4_routeA_small_seed_from_public_2026-03-20,v4_routeA_small_seed_from_public_2026-03-20,bilal63_turkish_music_emotion_dataset_00000023,1,pending,,pending,pending,,,,
bilal63_turkish_music_emotion_dataset_00000024,turkey,E:\Desktop\Echo\storage\public\routeA_phase2\turkish\audio\bilal63_turkish_music_emotion_dataset_00000024.mp3,bilal63/turkish_music_emotion_dataset,train,24,30.001020408163264,44100,2,,turkey,unknown,0,angry,angry,,,,,,,,,,,,v4.0,v4_routeA_small_seed_from_public_2026-03-20,v4_routeA_small_seed_from_public_2026-03-20,bilal63_turkish_music_emotion_dataset_00000024,1,pending,,pending,pending,,,,
bilal63_turkish_music_emotion_dataset_00000025,turkey,E:\Desktop\Echo\storage\public\routeA_phase2\turkish\audio\bilal63_turkish_music_emotion_dataset_00000025.mp3,bilal63/turkish_music_emotion_dataset,train,25,30.0,44100,2,,turkey,unknown,0,angry,angry,,,,,,,,,,,,v4.0,v4_routeA_small_seed_from_public_2026-03-20,v4_routeA_small_seed_from_public_2026-03-20,bilal63_turkish_music_emotion_dataset_00000025,1,pending,,pending,pending,,,,
bilal63_turkish_music_emotion_dataset_00000026,turkey,E:\Desktop\Echo\storage\public\routeA_phase2\turkish\audio\bilal63_turkish_music_emotion_dataset_00000026.mp3,bilal63/turkish_music_emotion_dataset,train,26,32.000997732426306,44100,2,,turkey,unknown,0,angry,angry,,,,,,,,,,,,v4.0,v4_routeA_small_seed_from_public_2026-03-20,v4_routeA_small_seed_from_public_2026-03-20,bilal63_turkish_music_emotion_dataset_00000026,1,pending,,pending,pending,,,,
bilal63_turkish_music_emotion_dataset_00000027,turkey,E:\Desktop\Echo\storage\public\routeA_phase2\turkish\audio\bilal63_turkish_music_emotion_dataset_00000027.mp3,bilal63/turkish_music_emotion_dataset,train,27,30.00095238095238,44100,2,,turkey,unknown,0,angry,angry,,,,,,,,,,,,v4.0,v4_routeA_small_seed_from_public_2026-03-20,v4_routeA_small_seed_from_public_2026-03-20,bilal63_turkish_music_emotion_dataset_00000027,1,pending,,pending,pending,,,,
bilal63_turkish_music_emotion_dataset_00000028,turkey,E:\Desktop\Echo\storage\public\routeA_phase2\turkish\audio\bilal63_turkish_music_emotion_dataset_00000028.mp3,bilal63/turkish_music_emotion_dataset,train,28,30.00002267573696,44100,2,,turkey,unknown,0,angry,angry,,,,,,,,,,,,v4.0,v4_routeA_small_seed_from_public_2026-03-20,v4_routeA_small_seed_from_public_2026-03-20,bilal63_turkish_music_emotion_dataset_00000028,1,pending,,pending,pending,,,,
bilal63_turkish_music_emotion_dataset_00000029,turkey,E:\Desktop\Echo\storage\public\routeA_phase2\turkish\audio\bilal63_turkish_music_emotion_dataset_00000029.mp3,bilal63/turkish_music_emotion_dataset,train,29,30.000362811791383,44100,2,,turkey,unknown,0,angry,angry,,,,,,,,,,,,v4.0,v4_routeA_small_seed_from_public_2026-03-20,v4_routeA_small_seed_from_public_2026-03-20,bilal63_turkish_music_emotion_dataset_00000029,1,pending,,pending,pending,,,,
bilal63_turkish_music_emotion_dataset_00000030,turkey,E:\Desktop\Echo\storage\public\routeA_phase2\turkish\audio\bilal63_turkish_music_emotion_dataset_00000030.mp3,bilal63/turkish_music_emotion_dataset,train,30,30.0,44100,2,,turkey,unknown,0,angry,angry,,,,,,,,,,,,v4.0,v4_routeA_small_seed_from_public_2026-03-20,v4_routeA_small_seed_from_public_2026-03-20,bilal63_turkish_music_emotion_dataset_00000030,1,pending,,pending,pending,,,,
bilal63_turkish_music_emotion_dataset_00000031,turkey,E:\Desktop\Echo\storage\public\routeA_phase2\turkish\audio\bilal63_turkish_music_emotion_dataset_00000031.mp3,bilal63/turkish_music_emotion_dataset,train,31,30.000566893424036,44100,2,,turkey,unknown,0,angry,angry,,,,,,,,,,,,v4.0,v4_routeA_small_seed_from_public_2026-03-20,v4_routeA_small_seed_from_public_2026-03-20,bilal63_turkish_music_emotion_dataset_00000031,1,pending,,pending,pending,,,,
bilal63_turkish_music_emotion_dataset_00000032,turkey,E:\Desktop\Echo\storage\public\routeA_phase2\turkish\audio\bilal63_turkish_music_emotion_dataset_00000032.mp3,bilal63/turkish_music_emotion_dataset,train,32,30.000068027210883,44100,2,,turkey,unknown,0,angry,angry,,,,,,,,,,,,v4.0,v4_routeA_small_seed_from_public_2026-03-20,v4_routeA_small_seed_from_public_2026-03-20,bilal63_turkish_music_emotion_dataset_00000032,1,pending,,pending,pending,,,,
bilal63_turkish_music_emotion_dataset_00000033,turkey,E:\Desktop\Echo\storage\public\routeA_phase2\turkish\audio\bilal63_turkish_music_emotion_dataset_00000033.mp3,bilal63/turkish_music_emotion_dataset,train,33,30.185283446712017,44100,2,,turkey,unknown,0,angry,angry,,,,,,,,,,,,v4.0,v4_routeA_small_seed_from_public_2026-03-20,v4_routeA_small_seed_from_public_2026-03-20,bilal63_turkish_music_emotion_dataset_00000033,1,pending,,pending,pending,,,,
bilal63_turkish_music_emotion_dataset_00000034,turkey,E:\Desktop\Echo\storage\public\routeA_phase2\turkish\audio\bilal63_turkish_music_emotion_dataset_00000034.mp3,bilal63/turkish_music_emotion_dataset,train,34,30.0,44100,2,,turkey,unknown,0,angry,angry,,,,,,,,,,,,v4.0,v4_routeA_small_seed_from_public_2026-03-20,v4_routeA_small_seed_from_public_2026-03-20,bilal63_turkish_music_emotion_dataset_00000034,1,pending,,pending,pending,,,,
bilal63_turkish_music_emotion_dataset_00000035,turkey,E:\Desktop\Echo\storage\public\routeA_phase2\turkish\audio\bilal63_turkish_music_emotion_dataset_00000035.mp3,bilal63/turkish_music_emotion_dataset,train,35,30.0,44100,2,,turkey,unknown,0,angry,angry,,,,,,,,,,,,v4.0,v4_routeA_small_seed_from_public_2026-03-20,v4_routeA_small_seed_from_public_2026-03-20,bilal63_turkish_music_emotion_dataset_00000035,1,pending,,pending,pending,,,,
bilal63_turkish_music_emotion_dataset_00000036,turkey,E:\Desktop\Echo\storage\public\routeA_phase2\turkish\audio\bilal63_turkish_music_emotion_dataset_00000036.mp3,bilal63/turkish_music_emotion_dataset,train,36,30.000997732426303,44100,2,,turkey,unknown,0,angry,angry,,,,,,,,,,,,v4.0,v4_routeA_small_seed_from_public_2026-03-20,v4_routeA_small_seed_from_public_2026-03-20,bilal63_turkish_music_emotion_dataset_00000036,1,pending,,pending,pending,,,,
bilal63_turkish_music_emotion_dataset_00000037,turkey,E:\Desktop\Echo\storage\public\routeA_phase2\turkish\audio\bilal63_turkish_music_emotion_dataset_00000037.mp3,bilal63/turkish_music_emotion_dataset,train,37,30.0,44100,2,,turkey,unknown,0,angry,angry,,,,,,,,,,,,v4.0,v4_routeA_small_seed_from_public_2026-03-20,v4_routeA_small_seed_from_public_2026-03-20,bilal63_turkish_music_emotion_dataset_00000037,1,pending,,pending,pending,,,,
bilal63_turkish_music_emotion_dataset_00000038,turkey,E:\Desktop\Echo\storage\public\routeA_phase2\turkish\audio\bilal63_turkish_music_emotion_dataset_00000038.mp3,bilal63/turkish_music_emotion_dataset,train,38,30.0,44100,2,,turkey,unknown,0,angry,angry,,,,,,,,,,,,v4.0,v4_routeA_small_seed_from_public_2026-03-20,v4_routeA_small_seed_from_public_2026-03-20,bilal63_turkish_music_emotion_dataset_00000038,1,pending,,pending,pending,,,,
bilal63_turkish_music_emotion_dataset_00000039,turkey,E:\Desktop\Echo\storage\public\routeA_phase2\turkish\audio\bilal63_turkish_music_emotion_dataset_00000039.mp3,bilal63/turkish_music_emotion_dataset,train,39,30.000068027210883,44100,2,,turkey,unknown,0,angry,angry,,,,,,,,,,,,v4.0,v4_routeA_small_seed_from_public_2026-03-20,v4_routeA_small_seed_from_public_2026-03-20,bilal63_turkish_music_emotion_dataset_00000039,1,pending,,pending,pending,,,,
bilal63_turkish_music_emotion_dataset_00000040,turkey,E:\Desktop\Echo\storage\public\routeA_phase2\turkish\audio\bilal63_turkish_music_emotion_dataset_00000040.mp3,bilal63/turkish_music_emotion_dataset,train,40,30.000861678004537,44100,2,,turkey,unknown,0,angry,angry,,,,,,,,,,,,v4.0,v4_routeA_small_seed_from_public_2026-03-20,v4_routeA_small_seed_from_public_2026-03-20,bilal63_turkish_music_emotion_dataset_00000040,1,pending,,pending,pending,,,,
bilal63_turkish_music_emotion_dataset_00000041,turkey,E:\Desktop\Echo\storage\public\routeA_phase2\turkish\audio\bilal63_turkish_music_emotion_dataset_00000041.mp3,bilal63/turkish_music_emotion_dataset,train,41,30.0,44100,2,,turkey,unknown,0,angry,angry,,,,,,,,,,,,v4.0,v4_routeA_small_seed_from_public_2026-03-20,v4_routeA_small_seed_from_public_2026-03-20,bilal63_turkish_music_emotion_dataset_00000041,1,pending,,pending,pending,,,,
bilal63_turkish_music_emotion_dataset_00000042,turkey,E:\Desktop\Echo\storage\public\routeA_phase2\turkish\audio\bilal63_turkish_music_emotion_dataset_00000042.mp3,bilal63/turkish_music_emotion_dataset,train,42,30.98907029478458,44100,2,,turkey,unknown,0,angry,angry,,,,,,,,,,,,v4.0,v4_routeA_small_seed_from_public_2026-03-20,v4_routeA_small_seed_from_public_2026-03-20,bilal63_turkish_music_emotion_dataset_00000042,1,pending,,pending,pending,,,,
bilal63_turkish_music_emotion_dataset_00000043,turkey,E:\Desktop\Echo\storage\public\routeA_phase2\turkish\audio\bilal63_turkish_music_emotion_dataset_00000043.mp3,bilal63/turkish_music_emotion_dataset,train,43,30.000068027210883,44100,2,,turkey,unknown,0,angry,angry,,,,,,,,,,,,v4.0,v4_routeA_small_seed_from_public_2026-03-20,v4_routeA_small_seed_from_public_2026-03-20,bilal63_turkish_music_emotion_dataset_00000043,1,pending,,pending,pending,,,,
bilal63_turkish_music_emotion_dataset_00000044,turkey,E:\Desktop\Echo\storage\public\routeA_phase2\turkish\audio\bilal63_turkish_music_emotion_dataset_00000044.mp3,bilal63/turkish_music_emotion_dataset,train,44,30.000680272108845,44100,2,,turkey,unknown,0,angry,angry,,,,,,,,,,,,v4.0,v4_routeA_small_seed_from_public_2026-03-20,v4_routeA_small_seed_from_public_2026-03-20,bilal63_turkish_music_emotion_dataset_00000044,1,pending,,pending,pending,,,,
bilal63_turkish_music_emotion_dataset_00000045,turkey,E:\Desktop\Echo\storage\public\routeA_phase2\turkish\audio\bilal63_turkish_music_emotion_dataset_00000045.mp3,bilal63/turkish_music_emotion_dataset,train,45,30.000657596371884,44100,2,,turkey,unknown,0,angry,angry,,,,,,,,,,,,v4.0,v4_routeA_small_seed_from_public_2026-03-20,v4_routeA_small_seed_from_public_2026-03-20,bilal63_turkish_music_emotion_dataset_00000045,1,pending,,pending,pending,,,,
bilal63_turkish_music_emotion_dataset_00000046,turkey,E:\Desktop\Echo\storage\public\routeA_phase2\turkish\audio\bilal63_turkish_music_emotion_dataset_00000046.mp3,bilal63/turkish_music_emotion_dataset,train,46,30.000997732426303,44100,2,,turkey,unknown,0,angry,angry,,,,,,,,,,,,v4.0,v4_routeA_small_seed_from_public_2026-03-20,v4_routeA_small_seed_from_public_2026-03-20,bilal63_turkish_music_emotion_dataset_00000046,1,pending,,pending,pending,,,,
bilal63_turkish_music_emotion_dataset_00000047,turkey,E:\Desktop\Echo\storage\public\routeA_phase2\turkish\audio\bilal63_turkish_music_emotion_dataset_00000047.mp3,bilal63/turkish_music_emotion_dataset,train,47,30.00063492063492,44100,2,,turkey,unknown,0,angry,angry,,,,,,,,,,,,v4.0,v4_routeA_small_seed_from_public_2026-03-20,v4_routeA_small_seed_from_public_2026-03-20,bilal63_turkish_music_emotion_dataset_00000047,1,pending,,pending,pending,,,,
bilal63_turkish_music_emotion_dataset_00000048,turkey,E:\Desktop\Echo\storage\public\routeA_phase2\turkish\audio\bilal63_turkish_music_emotion_dataset_00000048.mp3,bilal63/turkish_music_emotion_dataset,train,48,30.000861678004537,44100,2,,turkey,unknown,0,angry,angry,,,,,,,,,,,,v4.0,v4_routeA_small_seed_from_public_2026-03-20,v4_routeA_small_seed_from_public_2026-03-20,bilal63_turkish_music_emotion_dataset_00000048,1,pending,,pending,pending,,,,
bilal63_turkish_music_emotion_dataset_00000049,turkey,E:\Desktop\Echo\storage\public\routeA_phase2\turkish\audio\bilal63_turkish_music_emotion_dataset_00000049.mp3,bilal63/turkish_music_emotion_dataset,train,49,30.000453514739228,44100,2,,turkey,unknown,0,angry,angry,,,,,,,,,,,,v4.0,v4_routeA_small_seed_from_public_2026-03-20,v4_routeA_small_seed_from_public_2026-03-20,bilal63_turkish_music_emotion_dataset_00000049,1,pending,,pending,pending,,,,
bilal63_turkish_music_emotion_dataset_00000050,turkey,E:\Desktop\Echo\storage\public\routeA_phase2\turkish\audio\bilal63_turkish_music_emotion_dataset_00000050.mp3,bilal63/turkish_music_emotion_dataset,train,50,30.000385487528344,44100,2,,turkey,unknown,0,angry,angry,,,,,,,,,,,,v4.0,v4_routeA_small_seed_from_public_2026-03-20,v4_routeA_small_seed_from_public_2026-03-20,bilal63_turkish_music_emotion_dataset_00000050,1,pending,,pending,pending,,,,
bilal63_turkish_music_emotion_dataset_00000051,turkey,E:\Desktop\Echo\storage\public\routeA_phase2\turkish\audio\bilal63_turkish_music_emotion_dataset_00000051.mp3,bilal63/turkish_music_emotion_dataset,train,51,30.000861678004537,44100,2,,turkey,unknown,0,angry,angry,,,,,,,,,,,,v4.0,v4_routeA_small_seed_from_public_2026-03-20,v4_routeA_small_seed_from_public_2026-03-20,bilal63_turkish_music_emotion_dataset_00000051,1,pending,,pending,pending,,,,
bilal63_turkish_music_emotion_dataset_00000052,turkey,E:\Desktop\Echo\storage\public\routeA_phase2\turkish\audio\bilal63_turkish_music_emotion_dataset_00000052.mp3,bilal63/turkish_music_emotion_dataset,train,52,30.00031746031746,44100,2,,turkey,unknown,0,angry,angry,,,,,,,,,,,,v4.0,v4_routeA_small_seed_from_public_2026-03-20,v4_routeA_small_seed_from_public_2026-03-20,bilal63_turkish_music_emotion_dataset_00000052,1,pending,,pending,pending,,,,
bilal63_turkish_music_emotion_dataset_00000053,turkey,E:\Desktop\Echo\storage\public\routeA_phase2\turkish\audio\bilal63_turkish_music_emotion_dataset_00000053.mp3,bilal63/turkish_music_emotion_dataset,train,53,30.00092970521542,44100,2,,turkey,unknown,0,angry,angry,,,,,,,,,,,,v4.0,v4_routeA_small_seed_from_public_2026-03-20,v4_routeA_small_seed_from_public_2026-03-20,bilal63_turkish_music_emotion_dataset_00000053,1,pending,,pending,pending,,,,
bilal63_turkish_music_emotion_dataset_00000054,turkey,E:\Desktop\Echo\storage\public\routeA_phase2\turkish\audio\bilal63_turkish_music_emotion_dataset_00000054.mp3,bilal63/turkish_music_emotion_dataset,train,54,30.0,44100,2,,turkey,unknown,0,angry,angry,,,,,,,,,,,,v4.0,v4_routeA_small_seed_from_public_2026-03-20,v4_routeA_small_seed_from_public_2026-03-20,bilal63_turkish_music_emotion_dataset_00000054,1,pending,,pending,pending,,,,
bilal63_turkish_music_emotion_dataset_00000055,turkey,E:\Desktop\Echo\storage\public\routeA_phase2\turkish\audio\bilal63_turkish_music_emotion_dataset_00000055.mp3,bilal63/turkish_music_emotion_dataset,train,55,30.0,44100,2,,turkey,unknown,0,angry,angry,,,,,,,,,,,,v4.0,v4_routeA_small_seed_from_public_2026-03-20,v4_routeA_small_seed_from_public_2026-03-20,bilal63_turkish_music_emotion_dataset_00000055,1,pending,,pending,pending,,,,
bilal63_turkish_music_emotion_dataset_00000056,turkey,E:\Desktop\Echo\storage\public\routeA_phase2\turkish\audio\bilal63_turkish_music_emotion_dataset_00000056.mp3,bilal63/turkish_music_emotion_dataset,train,56,29.97095238095238,44100,2,,turkey,unknown,0,angry,angry,,,,,,,,,,,,v4.0,v4_routeA_small_seed_from_public_2026-03-20,v4_routeA_small_seed_from_public_2026-03-20,bilal63_turkish_music_emotion_dataset_00000056,1,pending,,pending,pending,,,,
bilal63_turkish_music_emotion_dataset_00000057,turkey,E:\Desktop\Echo\storage\public\routeA_phase2\turkish\audio\bilal63_turkish_music_emotion_dataset_00000057.mp3,bilal63/turkish_music_emotion_dataset,train,57,30.0,44100,2,,turkey,unknown,0,angry,angry,,,,,,,,,,,,v4.0,v4_routeA_small_seed_from_public_2026-03-20,v4_routeA_small_seed_from_public_2026-03-20,bilal63_turkish_music_emotion_dataset_00000057,1,pending,,pending,pending,,,,
bilal63_turkish_music_emotion_dataset_00000058,turkey,E:\Desktop\Echo\storage\public\routeA_phase2\turkish\audio\bilal63_turkish_music_emotion_dataset_00000058.mp3,bilal63/turkish_music_emotion_dataset,train,58,30.00063492063492,44100,2,,turkey,unknown,0,angry,angry,,,,,,,,,,,,v4.0,v4_routeA_small_seed_from_public_2026-03-20,v4_routeA_small_seed_from_public_2026-03-20,bilal63_turkish_music_emotion_dataset_00000058,1,pending,,pending,pending,,,,
bilal63_turkish_music_emotion_dataset_00000059,turkey,E:\Desktop\Echo\storage\public\routeA_phase2\turkish\audio\bilal63_turkish_music_emotion_dataset_00000059.mp3,bilal63/turkish_music_emotion_dataset,train,59,30.001020408163264,44100,2,,turkey,unknown,0,angry,angry,,,,,,,,,,,,v4.0,v4_routeA_small_seed_from_public_2026-03-20,v4_routeA_small_seed_from_public_2026-03-20,bilal63_turkish_music_emotion_dataset_00000059,1,pending,,pending,pending,,,,
bilal63_turkish_music_emotion_dataset_00000060,turkey,E:\Desktop\Echo\storage\public\routeA_phase2\turkish\audio\bilal63_turkish_music_emotion_dataset_00000060.mp3,bilal63/turkish_music_emotion_dataset,train,60,30.00015873015873,44100,2,,turkey,unknown,0,angry,angry,,,,,,,,,,,,v4.0,v4_routeA_small_seed_from_public_2026-03-20,v4_routeA_small_seed_from_public_2026-03-20,bilal63_turkish_music_emotion_dataset_00000060,1,pending,,pending,pending,,,,
bilal63_turkish_music_emotion_dataset_00000061,turkey,E:\Desktop\Echo\storage\public\routeA_phase2\turkish\audio\bilal63_turkish_music_emotion_dataset_00000061.mp3,bilal63/turkish_music_emotion_dataset,train,61,30.000453514739228,44100,2,,turkey,unknown,0,angry,angry,,,,,,,,,,,,v4.0,v4_routeA_small_seed_from_public_2026-03-20,v4_routeA_small_seed_from_public_2026-03-20,bilal63_turkish_music_emotion_dataset_00000061,1,pending,,pending,pending,,,,
bilal63_turkish_music_emotion_dataset_00000062,turkey,E:\Desktop\Echo\storage\public\routeA_phase2\turkish\audio\bilal63_turkish_music_emotion_dataset_00000062.mp3,bilal63/turkish_music_emotion_dataset,train,62,30.000453514739228,44100,2,,turkey,unknown,0,angry,angry,,,,,,,,,,,,v4.0,v4_routeA_small_seed_from_public_2026-03-20,v4_routeA_small_seed_from_public_2026-03-20,bilal63_turkish_music_emotion_dataset_00000062,1,pending,,pending,pending,,,,
bilal63_turkish_music_emotion_dataset_00000063,turkey,E:\Desktop\Echo\storage\public\routeA_phase2\turkish\audio\bilal63_turkish_music_emotion_dataset_00000063.mp3,bilal63/turkish_music_emotion_dataset,train,63,30.000861678004537,44100,2,,turkey,unknown,0,angry,angry,,,,,,,,,,,,v4.0,v4_routeA_small_seed_from_public_2026-03-20,v4_routeA_small_seed_from_public_2026-03-20,bilal63_turkish_music_emotion_dataset_00000063,1,pending,,pending,pending,,,,
bilal63_turkish_music_emotion_dataset_00000064,turkey,E:\Desktop\Echo\storage\public\routeA_phase2\turkish\audio\bilal63_turkish_music_emotion_dataset_00000064.mp3,bilal63/turkish_music_emotion_dataset,train,64,30.0,44100,2,,turkey,unknown,0,angry,angry,,,,,,,,,,,,v4.0,v4_routeA_small_seed_from_public_2026-03-20,v4_routeA_small_seed_from_public_2026-03-20,bilal63_turkish_music_emotion_dataset_00000064,1,pending,,pending,pending,,,,
bilal63_turkish_music_emotion_dataset_00000065,turkey,E:\Desktop\Echo\storage\public\routeA_phase2\turkish\audio\bilal63_turkish_music_emotion_dataset_00000065.mp3,bilal63/turkish_music_emotion_dataset,train,65,30.000408163265305,44100,2,,turkey,unknown,0,angry,angry,,,,,,,,,,,,v4.0,v4_routeA_small_seed_from_public_2026-03-20,v4_routeA_small_seed_from_public_2026-03-20,bilal63_turkish_music_emotion_dataset_00000065,1,pending,,pending,pending,,,,
bilal63_turkish_music_emotion_dataset_00000066,turkey,E:\Desktop\Echo\storage\public\routeA_phase2\turkish\audio\bilal63_turkish_music_emotion_dataset_00000066.mp3,bilal63/turkish_music_emotion_dataset,train,66,30.000997732426303,44100,2,,turkey,unknown,0,angry,angry,,,,,,,,,,,,v4.0,v4_routeA_small_seed_from_public_2026-03-20,v4_routeA_small_seed_from_public_2026-03-20,bilal63_turkish_music_emotion_dataset_00000066,1,pending,,pending,pending,,,,
bilal63_turkish_music_emotion_dataset_00000067,turkey,E:\Desktop\Echo\storage\public\routeA_phase2\turkish\audio\bilal63_turkish_music_emotion_dataset_00000067.mp3,bilal63/turkish_music_emotion_dataset,train,67,30.0,44100,2,,turkey,unknown,0,angry,angry,,,,,,,,,,,,v4.0,v4_routeA_small_seed_from_public_2026-03-20,v4_routeA_small_seed_from_public_2026-03-20,bilal63_turkish_music_emotion_dataset_00000067,1,pending,,pending,pending,,,,
bilal63_turkish_music_emotion_dataset_00000068,turkey,E:\Desktop\Echo\storage\public\routeA_phase2\turkish\audio\bilal63_turkish_music_emotion_dataset_00000068.mp3,bilal63/turkish_music_emotion_dataset,train,68,30.0,44100,2,,turkey,unknown,0,angry,angry,,,,,,,,,,,,v4.0,v4_routeA_small_seed_from_public_2026-03-20,v4_routeA_small_seed_from_public_2026-03-20,bilal63_turkish_music_emotion_dataset_00000068,1,pending,,pending,pending,,,,
bilal63_turkish_music_emotion_dataset_00000069,turkey,E:\Desktop\Echo\storage\public\routeA_phase2\turkish\audio\bilal63_turkish_music_emotion_dataset_00000069.mp3,bilal63/turkish_music_emotion_dataset,train,69,30.000430839002266,44100,2,,turkey,unknown,0,angry,angry,,,,,,,,,,,,v4.0,v4_routeA_small_seed_from_public_2026-03-20,v4_routeA_small_seed_from_public_2026-03-20,bilal63_turkish_music_emotion_dataset_00000069,1,pending,,pending,pending,,,,
bilal63_turkish_music_emotion_dataset_00000070,turkey,E:\Desktop\Echo\storage\public\routeA_phase2\turkish\audio\bilal63_turkish_music_emotion_dataset_00000070.mp3,bilal63/turkish_music_emotion_dataset,train,70,30.000272108843536,44100,2,,turkey,unknown,0,angry,angry,,,,,,,,,,,,v4.0,v4_routeA_small_seed_from_public_2026-03-20,v4_routeA_small_seed_from_public_2026-03-20,bilal63_turkish_music_emotion_dataset_00000070,1,pending,,pending,pending,,,,
bilal63_turkish_music_emotion_dataset_00000071,turkey,E:\Desktop\Echo\storage\public\routeA_phase2\turkish\audio\bilal63_turkish_music_emotion_dataset_00000071.mp3,bilal63/turkish_music_emotion_dataset,train,71,30.000589569160997,44100,2,,turkey,unknown,0,angry,angry,,,,,,,,,,,,v4.0,v4_routeA_small_seed_from_public_2026-03-20,v4_routeA_small_seed_from_public_2026-03-20,bilal63_turkish_music_emotion_dataset_00000071,1,pending,,pending,pending,,,,
bilal63_turkish_music_emotion_dataset_00000072,turkey,E:\Desktop\Echo\storage\public\routeA_phase2\turkish\audio\bilal63_turkish_music_emotion_dataset_00000072.mp3,bilal63/turkish_music_emotion_dataset,train,72,30.000997732426303,44100,2,,turkey,unknown,0,angry,angry,,,,,,,,,,,,v4.0,v4_routeA_small_seed_from_public_2026-03-20,v4_routeA_small_seed_from_public_2026-03-20,bilal63_turkish_music_emotion_dataset_00000072,1,pending,,pending,pending,,,,
bilal63_turkish_music_emotion_dataset_00000073,turkey,E:\Desktop\Echo\storage\public\routeA_phase2\turkish\audio\bilal63_turkish_music_emotion_dataset_00000073.mp3,bilal63/turkish_music_emotion_dataset,train,73,30.000680272108845,44100,2,,turkey,unknown,0,angry,angry,,,,,,,,,,,,v4.0,v4_routeA_small_seed_from_public_2026-03-20,v4_routeA_small_seed_from_public_2026-03-20,bilal63_turkish_music_emotion_dataset_00000073,1,pending,,pending,pending,,,,
bilal63_turkish_music_emotion_dataset_00000074,turkey,E:\Desktop\Echo\storage\public\routeA_phase2\turkish\audio\bilal63_turkish_music_emotion_dataset_00000074.mp3,bilal63/turkish_music_emotion_dataset,train,74,30.000997732426303,44100,2,,turkey,unknown,0,angry,angry,,,,,,,,,,,,v4.0,v4_routeA_small_seed_from_public_2026-03-20,v4_routeA_small_seed_from_public_2026-03-20,bilal63_turkish_music_emotion_dataset_00000074,1,pending,,pending,pending,,,,
bilal63_turkish_music_emotion_dataset_00000075,turkey,E:\Desktop\Echo\storage\public\routeA_phase2\turkish\audio\bilal63_turkish_music_emotion_dataset_00000075.mp3,bilal63/turkish_music_emotion_dataset,train,75,30.0,44100,2,,turkey,unknown,0,angry,angry,,,,,,,,,,,,v4.0,v4_routeA_small_seed_from_public_2026-03-20,v4_routeA_small_seed_from_public_2026-03-20,bilal63_turkish_music_emotion_dataset_00000075,1,pending,,pending,pending,,,,
bilal63_turkish_music_emotion_dataset_00000076,turkey,E:\Desktop\Echo\storage\public\routeA_phase2\turkish\audio\bilal63_turkish_music_emotion_dataset_00000076.mp3,bilal63/turkish_music_emotion_dataset,train,76,30.000566893424036,44100,2,,turkey,unknown,0,angry,angry,,,,,,,,,,,,v4.0,v4_routeA_small_seed_from_public_2026-03-20,v4_routeA_small_seed_from_public_2026-03-20,bilal63_turkish_music_emotion_dataset_00000076,1,pending,,pending,pending,,,,
bilal63_turkish_music_emotion_dataset_00000077,turkey,E:\Desktop\Echo\storage\public\routeA_phase2\turkish\audio\bilal63_turkish_music_emotion_dataset_00000077.mp3,bilal63/turkish_music_emotion_dataset,train,77,30.000544217687075,44100,2,,turkey,unknown,0,angry,angry,,,,,,,,,,,,v4.0,v4_routeA_small_seed_from_public_2026-03-20,v4_routeA_small_seed_from_public_2026-03-20,bilal63_turkish_music_emotion_dataset_00000077,1,pending,,pending,pending,,,,
bilal63_turkish_music_emotion_dataset_00000078,turkey,E:\Desktop\Echo\storage\public\routeA_phase2\turkish\audio\bilal63_turkish_music_emotion_dataset_00000078.mp3,bilal63/turkish_music_emotion_dataset,train,78,30.000997732426303,44100,2,,turkey,unknown,0,angry,angry,,,,,,,,,,,,v4.0,v4_routeA_small_seed_from_public_2026-03-20,v4_routeA_small_seed_from_public_2026-03-20,bilal63_turkish_music_emotion_dataset_00000078,1,pending,,pending,pending,,,,
bilal63_turkish_music_emotion_dataset_00000079,turkey,E:\Desktop\Echo\storage\public\routeA_phase2\turkish\audio\bilal63_turkish_music_emotion_dataset_00000079.mp3,bilal63/turkish_music_emotion_dataset,train,79,30.000204081632653,44100,2,,turkey,unknown,0,angry,angry,,,,,,,,,,,,v4.0,v4_routeA_small_seed_from_public_2026-03-20,v4_routeA_small_seed_from_public_2026-03-20,bilal63_turkish_music_emotion_dataset_00000079,1,pending,,pending,pending,,,,
bilal63_turkish_music_emotion_dataset_00000080,turkey,E:\Desktop\Echo\storage\public\routeA_phase2\turkish\audio\bilal63_turkish_music_emotion_dataset_00000080.mp3,bilal63/turkish_music_emotion_dataset,train,80,30.00090702947846,44100,2,,turkey,unknown,0,angry,angry,,,,,,,,,,,,v4.0,v4_routeA_small_seed_from_public_2026-03-20,v4_routeA_small_seed_from_public_2026-03-20,bilal63_turkish_music_emotion_dataset_00000080,1,pending,,pending,pending,,,,
bilal63_turkish_music_emotion_dataset_00000081,turkey,E:\Desktop\Echo\storage\public\routeA_phase2\turkish\audio\bilal63_turkish_music_emotion_dataset_00000081.mp3,bilal63/turkish_music_emotion_dataset,train,81,30.001020408163264,44100,2,,turkey,unknown,0,angry,angry,,,,,,,,,,,,v4.0,v4_routeA_small_seed_from_public_2026-03-20,v4_routeA_small_seed_from_public_2026-03-20,bilal63_turkish_music_emotion_dataset_00000081,1,pending,,pending,pending,,,,
bilal63_turkish_music_emotion_dataset_00000082,turkey,E:\Desktop\Echo\storage\public\routeA_phase2\turkish\audio\bilal63_turkish_music_emotion_dataset_00000082.mp3,bilal63/turkish_music_emotion_dataset,train,82,30.000430839002266,44100,2,,turkey,unknown,0,angry,angry,,,,,,,,,,,,v4.0,v4_routeA_small_seed_from_public_2026-03-20,v4_routeA_small_seed_from_public_2026-03-20,bilal63_turkish_music_emotion_dataset_00000082,1,pending,,pending,pending,,,,
bilal63_turkish_music_emotion_dataset_00000083,turkey,E:\Desktop\Echo\storage\public\routeA_phase2\turkish\audio\bilal63_turkish_music_emotion_dataset_00000083.mp3,bilal63/turkish_music_emotion_dataset,train,83,30.000045351473922,44100,2,,turkey,unknown,0,angry,angry,,,,,,,,,,,,v4.0,v4_routeA_small_seed_from_public_2026-03-20,v4_routeA_small_seed_from_public_2026-03-20,bilal63_turkish_music_emotion_dataset_00000083,1,pending,,pending,pending,,,,
bilal63_turkish_music_emotion_dataset_00000084,turkey,E:\Desktop\Echo\storage\public\routeA_phase2\turkish\audio\bilal63_turkish_music_emotion_dataset_00000084.mp3,bilal63/turkish_music_emotion_dataset,train,84,30.0002947845805,44100,2,,turkey,unknown,0,angry,angry,,,,,,,,,,,,v4.0,v4_routeA_small_seed_from_public_2026-03-20,v4_routeA_small_seed_from_public_2026-03-20,bilal63_turkish_music_emotion_dataset_00000084,1,pending,,pending,pending,,,,
bilal63_turkish_music_emotion_dataset_00000085,turkey,E:\Desktop\Echo\storage\public\routeA_phase2\turkish\audio\bilal63_turkish_music_emotion_dataset_00000085.mp3,bilal63/turkish_music_emotion_dataset,train,85,30.00199546485261,44100,2,,turkey,unknown,0,angry,angry,,,,,,,,,,,,v4.0,v4_routeA_small_seed_from_public_2026-03-20,v4_routeA_small_seed_from_public_2026-03-20,bilal63_turkish_music_emotion_dataset_00000085,1,pending,,pending,pending,,,,
bilal63_turkish_music_emotion_dataset_00000086,turkey,E:\Desktop\Echo\storage\public\routeA_phase2\turkish\audio\bilal63_turkish_music_emotion_dataset_00000086.mp3,bilal63/turkish_music_emotion_dataset,train,86,30.000090702947844,44100,2,,turkey,unknown,0,angry,angry,,,,,,,,,,,,v4.0,v4_routeA_small_seed_from_public_2026-03-20,v4_routeA_small_seed_from_public_2026-03-20,bilal63_turkish_music_emotion_dataset_00000086,1,pending,,pending,pending,,,,
bilal63_turkish_music_emotion_dataset_00000087,turkey,E:\Desktop\Echo\storage\public\routeA_phase2\turkish\audio\bilal63_turkish_music_emotion_dataset_00000087.mp3,bilal63/turkish_music_emotion_dataset,train,87,30.00018140589569,44100,2,,turkey,unknown,0,angry,angry,,,,,,,,,,,,v4.0,v4_routeA_small_seed_from_public_2026-03-20,v4_routeA_small_seed_from_public_2026-03-20,bilal63_turkish_music_emotion_dataset_00000087,1,pending,,pending,pending,,,,
bilal63_turkish_music_emotion_dataset_00000088,turkey,E:\Desktop\Echo\storage\public\routeA_phase2\turkish\audio\bilal63_turkish_music_emotion_dataset_00000088.mp3,bilal63/turkish_music_emotion_dataset,train,88,30.0,44100,2,,turkey,unknown,0,angry,angry,,,,,,,,,,,,v4.0,v4_routeA_small_seed_from_public_2026-03-20,v4_routeA_small_seed_from_public_2026-03-20,bilal63_turkish_music_emotion_dataset_00000088,1,pending,,pending,pending,,,,
bilal63_turkish_music_emotion_dataset_00000089,turkey,E:\Desktop\Echo\storage\public\routeA_phase2\turkish\audio\bilal63_turkish_music_emotion_dataset_00000089.mp3,bilal63/turkish_music_emotion_dataset,train,89,30.0,44100,2,,turkey,unknown,0,angry,angry,,,,,,,,,,,,v4.0,v4_routeA_small_seed_from_public_2026-03-20,v4_routeA_small_seed_from_public_2026-03-20,bilal63_turkish_music_emotion_dataset_00000089,1,pending,,pending,pending,,,,
bilal63_turkish_music_emotion_dataset_00000090,turkey,E:\Desktop\Echo\storage\public\routeA_phase2\turkish\audio\bilal63_turkish_music_emotion_dataset_00000090.mp3,bilal63/turkish_music_emotion_dataset,train,90,30.0002947845805,44100,2,,turkey,unknown,0,angry,angry,,,,,,,,,,,,v4.0,v4_routeA_small_seed_from_public_2026-03-20,v4_routeA_small_seed_from_public_2026-03-20,bilal63_turkish_music_emotion_dataset_00000090,1,pending,,pending,pending,,,,
bilal63_turkish_music_emotion_dataset_00000091,turkey,E:\Desktop\Echo\storage\public\routeA_phase2\turkish\audio\bilal63_turkish_music_emotion_dataset_00000091.mp3,bilal63/turkish_music_emotion_dataset,train,91,30.001020408163264,44100,2,,turkey,unknown,0,angry,angry,,,,,,,,,,,,v4.0,v4_routeA_small_seed_from_public_2026-03-20,v4_routeA_small_seed_from_public_2026-03-20,bilal63_turkish_music_emotion_dataset_00000091,1,pending,,pending,pending,,,,
bilal63_turkish_music_emotion_dataset_00000092,turkey,E:\Desktop\Echo\storage\public\routeA_phase2\turkish\audio\bilal63_turkish_music_emotion_dataset_00000092.mp3,bilal63/turkish_music_emotion_dataset,train,92,30.000997732426303,44100,2,,turkey,unknown,0,angry,angry,,,,,,,,,,,,v4.0,v4_routeA_small_seed_from_public_2026-03-20,v4_routeA_small_seed_from_public_2026-03-20,bilal63_turkish_music_emotion_dataset_00000092,1,pending,,pending,pending,,,,
bilal63_turkish_music_emotion_dataset_00000093,turkey,E:\Desktop\Echo\storage\public\routeA_phase2\turkish\audio\bilal63_turkish_music_emotion_dataset_00000093.mp3,bilal63/turkish_music_emotion_dataset,train,93,30.00018140589569,44100,2,,turkey,unknown,0,angry,angry,,,,,,,,,,,,v4.0,v4_routeA_small_seed_from_public_2026-03-20,v4_routeA_small_seed_from_public_2026-03-20,bilal63_turkish_music_emotion_dataset_00000093,1,pending,,pending,pending,,,,
bilal63_turkish_music_emotion_dataset_00000094,turkey,E:\Desktop\Echo\storage\public\routeA_phase2\turkish\audio\bilal63_turkish_music_emotion_dataset_00000094.mp3,bilal63/turkish_music_emotion_dataset,train,94,30.00015873015873,44100,2,,turkey,unknown,0,angry,angry,,,,,,,,,,,,v4.0,v4_routeA_small_seed_from_public_2026-03-20,v4_routeA_small_seed_from_public_2026-03-20,bilal63_turkish_music_emotion_dataset_00000094,1,pending,,pending,pending,,,,
bilal63_turkish_music_emotion_dataset_00000095,turkey,E:\Desktop\Echo\storage\public\routeA_phase2\turkish\audio\bilal63_turkish_music_emotion_dataset_00000095.mp3,bilal63/turkish_music_emotion_dataset,train,95,30.00002267573696,44100,2,,turkey,unknown,0,angry,angry,,,,,,,,,,,,v4.0,v4_routeA_small_seed_from_public_2026-03-20,v4_routeA_small_seed_from_public_2026-03-20,bilal63_turkish_music_emotion_dataset_00000095,1,pending,,pending,pending,,,,
bilal63_turkish_music_emotion_dataset_00000096,turkey,E:\Desktop\Echo\storage\public\routeA_phase2\turkish\audio\bilal63_turkish_music_emotion_dataset_00000096.mp3,bilal63/turkish_music_emotion_dataset,train,96,30.4462358276644,44100,2,,turkey,unknown,0,angry,angry,,,,,,,,,,,,v4.0,v4_routeA_small_seed_from_public_2026-03-20,v4_routeA_small_seed_from_public_2026-03-20,bilal63_turkish_music_emotion_dataset_00000096,1,pending,,pending,pending,,,,
bilal63_turkish_music_emotion_dataset_00000097,turkey,E:\Desktop\Echo\storage\public\routeA_phase2\turkish\audio\bilal63_turkish_music_emotion_dataset_00000097.mp3,bilal63/turkish_music_emotion_dataset,train,97,30.000453514739228,44100,2,,turkey,unknown,0,angry,angry,,,,,,,,,,,,v4.0,v4_routeA_small_seed_from_public_2026-03-20,v4_routeA_small_seed_from_public_2026-03-20,bilal63_turkish_music_emotion_dataset_00000097,1,pending,,pending,pending,,,,
bilal63_turkish_music_emotion_dataset_00000098,turkey,E:\Desktop\Echo\storage\public\routeA_phase2\turkish\audio\bilal63_turkish_music_emotion_dataset_00000098.mp3,bilal63/turkish_music_emotion_dataset,train,98,30.00063492063492,44100,2,,turkey,unknown,0,angry,angry,,,,,,,,,,,,v4.0,v4_routeA_small_seed_from_public_2026-03-20,v4_routeA_small_seed_from_public_2026-03-20,bilal63_turkish_music_emotion_dataset_00000098,1,pending,,pending,pending,,,,
bilal63_turkish_music_emotion_dataset_00000099,turkey,E:\Desktop\Echo\storage\public\routeA_phase2\turkish\audio\bilal63_turkish_music_emotion_dataset_00000099.mp3,bilal63/turkish_music_emotion_dataset,train,99,30.000476190476192,44100,2,,turkey,unknown,0,angry,angry,,,,,,,,,,,,v4.0,v4_routeA_small_seed_from_public_2026-03-20,v4_routeA_small_seed_from_public_2026-03-20,bilal63_turkish_music_emotion_dataset_00000099,1,pending,,pending,pending,,,,
bilal63_turkish_music_emotion_dataset_00000100,turkey,E:\Desktop\Echo\storage\public\routeA_phase2\turkish\audio\bilal63_turkish_music_emotion_dataset_00000100.mp3,bilal63/turkish_music_emotion_dataset,train,100,30.000702947845806,44100,2,,turkey,unknown,0,happy,happy,,,,,,,,,,,,v4.0,v4_routeA_small_seed_from_public_2026-03-20,v4_routeA_small_seed_from_public_2026-03-20,bilal63_turkish_music_emotion_dataset_00000100,1,pending,,pending,pending,,,,
bilal63_turkish_music_emotion_dataset_00000101,turkey,E:\Desktop\Echo\storage\public\routeA_phase2\turkish\audio\bilal63_turkish_music_emotion_dataset_00000101.mp3,bilal63/turkish_music_emotion_dataset,train,101,30.00079365079365,44100,2,,turkey,unknown,0,happy,happy,,,,,,,,,,,,v4.0,v4_routeA_small_seed_from_public_2026-03-20,v4_routeA_small_seed_from_public_2026-03-20,bilal63_turkish_music_emotion_dataset_00000101,1,pending,,pending,pending,,,,
bilal63_turkish_music_emotion_dataset_00000102,turkey,E:\Desktop\Echo\storage\public\routeA_phase2\turkish\audio\bilal63_turkish_music_emotion_dataset_00000102.mp3,bilal63/turkish_music_emotion_dataset,train,102,30.000204081632653,44100,2,,turkey,unknown,0,happy,happy,,,,,,,,,,,,v4.0,v4_routeA_small_seed_from_public_2026-03-20,v4_routeA_small_seed_from_public_2026-03-20,bilal63_turkish_music_emotion_dataset_00000102,1,pending,,pending,pending,,,,
bilal63_turkish_music_emotion_dataset_00000103,turkey,E:\Desktop\Echo\storage\public\routeA_phase2\turkish\audio\bilal63_turkish_music_emotion_dataset_00000103.mp3,bilal63/turkish_music_emotion_dataset,train,103,30.000997732426303,44100,2,,turkey,unknown,0,happy,happy,,,,,,,,,,,,v4.0,v4_routeA_small_seed_from_public_2026-03-20,v4_routeA_small_seed_from_public_2026-03-20,bilal63_turkish_music_emotion_dataset_00000103,1,pending,,pending,pending,,,,
bilal63_turkish_music_emotion_dataset_00000104,turkey,E:\Desktop\Echo\storage\public\routeA_phase2\turkish\audio\bilal63_turkish_music_emotion_dataset_00000104.mp3,bilal63/turkish_music_emotion_dataset,train,104,30.00095238095238,44100,2,,turkey,unknown,0,happy,happy,,,,,,,,,,,,v4.0,v4_routeA_small_seed_from_public_2026-03-20,v4_routeA_small_seed_from_public_2026-03-20,bilal63_turkish_music_emotion_dataset_00000104,1,pending,,pending,pending,,,,
bilal63_turkish_music_emotion_dataset_00000105,turkey,E:\Desktop\Echo\storage\public\routeA_phase2\turkish\audio\bilal63_turkish_music_emotion_dataset_00000105.mp3,bilal63/turkish_music_emotion_dataset,train,105,30.000226757369614,44100,2,,turkey,unknown,0,happy,happy,,,,,,,,,,,,v4.0,v4_routeA_small_seed_from_public_2026-03-20,v4_routeA_small_seed_from_public_2026-03-20,bilal63_turkish_music_emotion_dataset_00000105,1,pending,,pending,pending,,,,
bilal63_turkish_music_emotion_dataset_00000106,turkey,E:\Desktop\Echo\storage\public\routeA_phase2\turkish\audio\bilal63_turkish_music_emotion_dataset_00000106.mp3,bilal63/turkish_music_emotion_dataset,train,106,30.00018140589569,44100,2,,turkey,unknown,0,happy,happy,,,,,,,,,,,,v4.0,v4_routeA_small_seed_from_public_2026-03-20,v4_routeA_small_seed_from_public_2026-03-20,bilal63_turkish_music_emotion_dataset_00000106,1,pending,,pending,pending,,,,
bilal63_turkish_music_emotion_dataset_00000107,turkey,E:\Desktop\Echo\storage\public\routeA_phase2\turkish\audio\bilal63_turkish_music_emotion_dataset_00000107.mp3,bilal63/turkish_music_emotion_dataset,train,107,30.00077097505669,44100,2,,turkey,unknown,0,happy,happy,,,,,,,,,,,,v4.0,v4_routeA_small_seed_from_public_2026-03-20,v4_routeA_small_seed_from_public_2026-03-20,bilal63_turkish_music_emotion_dataset_00000107,1,pending,,pending,pending,,,,
bilal63_turkish_music_emotion_dataset_00000108,turkey,E:\Desktop\Echo\storage\public\routeA_phase2\turkish\audio\bilal63_turkish_music_emotion_dataset_00000108.mp3,bilal63/turkish_music_emotion_dataset,train,108,30.00097505668934,44100,2,,turkey,unknown,0,happy,happy,,,,,,,,,,,,v4.0,v4_routeA_small_seed_from_public_2026-03-20,v4_routeA_small_seed_from_public_2026-03-20,bilal63_turkish_music_emotion_dataset_00000108,1,pending,,pending,pending,,,,
bilal63_turkish_music_emotion_dataset_00000109,turkey,E:\Desktop\Echo\storage\public\routeA_phase2\turkish\audio\bilal63_turkish_music_emotion_dataset_00000109.mp3,bilal63/turkish_music_emotion_dataset,train,109,30.300408163265306,44100,2,,turkey,unknown,0,happy,happy,,,,,,,,,,,,v4.0,v4_routeA_small_seed_from_public_2026-03-20,v4_routeA_small_seed_from_public_2026-03-20,bilal63_turkish_music_emotion_dataset_00000109,1,pending,,pending,pending,,,,
bilal63_turkish_music_emotion_dataset_00000110,turkey,E:\Desktop\Echo\storage\public\routeA_phase2\turkish\audio\bilal63_turkish_music_emotion_dataset_00000110.mp3,bilal63/turkish_music_emotion_dataset,train,110,30.000997732426303,44100,2,,turkey,unknown,0,happy,happy,,,,,,,,,,,,v4.0,v4_routeA_small_seed_from_public_2026-03-20,v4_routeA_small_seed_from_public_2026-03-20,bilal63_turkish_music_emotion_dataset_00000110,1,pending,,pending,pending,,,,
bilal63_turkish_music_emotion_dataset_00000111,turkey,E:\Desktop\Echo\storage\public\routeA_phase2\turkish\audio\bilal63_turkish_music_emotion_dataset_00000111.mp3,bilal63/turkish_music_emotion_dataset,train,111,30.000657596371884,44100,2,,turkey,unknown,0,happy,happy,,,,,,,,,,,,v4.0,v4_routeA_small_seed_from_public_2026-03-20,v4_routeA_small_seed_from_public_2026-03-20,bilal63_turkish_music_emotion_dataset_00000111,1,pending,,pending,pending,,,,
bilal63_turkish_music_emotion_dataset_00000112,turkey,E:\Desktop\Echo\storage\public\routeA_phase2\turkish\audio\bilal63_turkish_music_emotion_dataset_00000112.mp3,bilal63/turkish_music_emotion_dataset,train,112,30.00092970521542,44100,2,,turkey,unknown,0,happy,happy,,,,,,,,,,,,v4.0,v4_routeA_small_seed_from_public_2026-03-20,v4_routeA_small_seed_from_public_2026-03-20,bilal63_turkish_music_emotion_dataset_00000112,1,pending,,pending,pending,,,,
bilal63_turkish_music_emotion_dataset_00000113,turkey,E:\Desktop\Echo\storage\public\routeA_phase2\turkish\audio\bilal63_turkish_music_emotion_dataset_00000113.mp3,bilal63/turkish_music_emotion_dataset,train,113,30.0,44100,2,,turkey,unknown,0,happy,happy,,,,,,,,,,,,v4.0,v4_routeA_small_seed_from_public_2026-03-20,v4_routeA_small_seed_from_public_2026-03-20,bilal63_turkish_music_emotion_dataset_00000113,1,pending,,pending,pending,,,,
bilal63_turkish_music_emotion_dataset_00000114,turkey,E:\Desktop\Echo\storage\public\routeA_phase2\turkish\audio\bilal63_turkish_music_emotion_dataset_00000114.mp3,bilal63/turkish_music_emotion_dataset,train,114,30.00018140589569,44100,2,,turkey,unknown,0,happy,happy,,,,,,,,,,,,v4.0,v4_routeA_small_seed_from_public_2026-03-20,v4_routeA_small_seed_from_public_2026-03-20,bilal63_turkish_music_emotion_dataset_00000114,1,pending,,pending,pending,,,,
bilal63_turkish_music_emotion_dataset_00000115,turkey,E:\Desktop\Echo\storage\public\routeA_phase2\turkish\audio\bilal63_turkish_music_emotion_dataset_00000115.mp3,bilal63/turkish_music_emotion_dataset,train,115,30.0,44100,2,,turkey,unknown,0,happy,happy,,,,,,,,,,,,v4.0,v4_routeA_small_seed_from_public_2026-03-20,v4_routeA_small_seed_from_public_2026-03-20,bilal63_turkish_music_emotion_dataset_00000115,1,pending,,pending,pending,,,,
bilal63_turkish_music_emotion_dataset_00000116,turkey,E:\Desktop\Echo\storage\public\routeA_phase2\turkish\audio\bilal63_turkish_music_emotion_dataset_00000116.mp3,bilal63/turkish_music_emotion_dataset,train,116,30.00031746031746,44100,2,,turkey,unknown,0,happy,happy,,,,,,,,,,,,v4.0,v4_routeA_small_seed_from_public_2026-03-20,v4_routeA_small_seed_from_public_2026-03-20,bilal63_turkish_music_emotion_dataset_00000116,1,pending,,pending,pending,,,,
bilal63_turkish_music_emotion_dataset_00000117,turkey,E:\Desktop\Echo\storage\public\routeA_phase2\turkish\audio\bilal63_turkish_music_emotion_dataset_00000117.mp3,bilal63/turkish_music_emotion_dataset,train,117,30.000249433106575,44100,2,,turkey,unknown,0,happy,happy,,,,,,,,,,,,v4.0,v4_routeA_small_seed_from_public_2026-03-20,v4_routeA_small_seed_from_public_2026-03-20,bilal63_turkish_music_emotion_dataset_00000117,1,pending,,pending,pending,,,,
bilal63_turkish_music_emotion_dataset_00000118,turkey,E:\Desktop\Echo\storage\public\routeA_phase2\turkish\audio\bilal63_turkish_music_emotion_dataset_00000118.mp3,bilal63/turkish_music_emotion_dataset,train,118,29.996938775510205,44100,2,,turkey,unknown,0,happy,happy,,,,,,,,,,,,v4.0,v4_routeA_small_seed_from_public_2026-03-20,v4_routeA_small_seed_from_public_2026-03-20,bilal63_turkish_music_emotion_dataset_00000118,1,pending,,pending,pending,,,,
bilal63_turkish_music_emotion_dataset_00000119,turkey,E:\Desktop\Echo\storage\public\routeA_phase2\turkish\audio\bilal63_turkish_music_emotion_dataset_00000119.mp3,bilal63/turkish_music_emotion_dataset,train,119,30.000702947845806,44100,2,,turkey,unknown,0,happy,happy,,,,,,,,,,,,v4.0,v4_routeA_small_seed_from_public_2026-03-20,v4_routeA_small_seed_from_public_2026-03-20,bilal63_turkish_music_emotion_dataset_00000119,1,pending,,pending,pending,,,,
bilal63_turkish_music_emotion_dataset_00000120,turkey,E:\Desktop\Echo\storage\public\routeA_phase2\turkish\audio\bilal63_turkish_music_emotion_dataset_00000120.mp3,bilal63/turkish_music_emotion_dataset,train,120,30.0,44100,2,,turkey,unknown,0,happy,happy,,,,,,,,,,,,v4.0,v4_routeA_small_seed_from_public_2026-03-20,v4_routeA_small_seed_from_public_2026-03-20,bilal63_turkish_music_emotion_dataset_00000120,1,pending,,pending,pending,,,,
bilal63_turkish_music_emotion_dataset_00000121,turkey,E:\Desktop\Echo\storage\public\routeA_phase2\turkish\audio\bilal63_turkish_music_emotion_dataset_00000121.mp3,bilal63/turkish_music_emotion_dataset,train,121,30.000045351473922,44100,2,,turkey,unknown,0,happy,happy,,,,,,,,,,,,v4.0,v4_routeA_small_seed_from_public_2026-03-20,v4_routeA_small_seed_from_public_2026-03-20,bilal63_turkish_music_emotion_dataset_00000121,1,pending,,pending,pending,,,,
bilal63_turkish_music_emotion_dataset_00000122,turkey,E:\Desktop\Echo\storage\public\routeA_phase2\turkish\audio\bilal63_turkish_music_emotion_dataset_00000122.mp3,bilal63/turkish_music_emotion_dataset,train,122,30.000090702947844,44100,2,,turkey,unknown,0,happy,happy,,,,,,,,,,,,v4.0,v4_routeA_small_seed_from_public_2026-03-20,v4_routeA_small_seed_from_public_2026-03-20,bilal63_turkish_music_emotion_dataset_00000122,1,pending,,pending,pending,,,,
bilal63_turkish_music_emotion_dataset_00000123,turkey,E:\Desktop\Echo\storage\public\routeA_phase2\turkish\audio\bilal63_turkish_music_emotion_dataset_00000123.mp3,bilal63/turkish_music_emotion_dataset,train,123,30.000884353741498,44100,2,,turkey,unknown,0,happy,happy,,,,,,,,,,,,v4.0,v4_routeA_small_seed_from_public_2026-03-20,v4_routeA_small_seed_from_public_2026-03-20,bilal63_turkish_music_emotion_dataset_00000123,1,pending,,pending,pending,,,,
bilal63_turkish_music_emotion_dataset_00000124,turkey,E:\Desktop\Echo\storage\public\routeA_phase2\turkish\audio\bilal63_turkish_music_emotion_dataset_00000124.mp3,bilal63/turkish_music_emotion_dataset,train,124,30.000090702947844,44100,2,,turkey,unknown,0,happy,happy,,,,,,,,,,,,v4.0,v4_routeA_small_seed_from_public_2026-03-20,v4_routeA_small_seed_from_public_2026-03-20,bilal63_turkish_music_emotion_dataset_00000124,1,pending,,pending,pending,,,,
bilal63_turkish_music_emotion_dataset_00000125,turkey,E:\Desktop\Echo\storage\public\routeA_phase2\turkish\audio\bilal63_turkish_music_emotion_dataset_00000125.mp3,bilal63/turkish_music_emotion_dataset,train,125,29.94374149659864,44100,2,,turkey,unknown,0,happy,happy,,,,,,,,,,,,v4.0,v4_routeA_small_seed_from_public_2026-03-20,v4_routeA_small_seed_from_public_2026-03-20,bilal63_turkish_music_emotion_dataset_00000125,1,pending,,pending,pending,,,,
bilal63_turkish_music_emotion_dataset_00000126,turkey,E:\Desktop\Echo\storage\public\routeA_phase2\turkish\audio\bilal63_turkish_music_emotion_dataset_00000126.mp3,bilal63/turkish_music_emotion_dataset,train,126,30.000362811791383,44100,2,,turkey,unknown,0,happy,happy,,,,,,,,,,,,v4.0,v4_routeA_small_seed_from_public_2026-03-20,v4_routeA_small_seed_from_public_2026-03-20,bilal63_turkish_music_emotion_dataset_00000126,1,pending,,pending,pending,,,,
bilal63_turkish_music_emotion_dataset_00000127,turkey,E:\Desktop\Echo\storage\public\routeA_phase2\turkish\audio\bilal63_turkish_music_emotion_dataset_00000127.mp3,bilal63/turkish_music_emotion_dataset,train,127,30.000680272108845,44100,2,,turkey,unknown,0,happy,happy,,,,,,,,,,,,v4.0,v4_routeA_small_seed_from_public_2026-03-20,v4_routeA_small_seed_from_public_2026-03-20,bilal63_turkish_music_emotion_dataset_00000127,1,pending,,pending,pending,,,,
bilal63_turkish_music_emotion_dataset_00000128,turkey,E:\Desktop\Echo\storage\public\routeA_phase2\turkish\audio\bilal63_turkish_music_emotion_dataset_00000128.mp3,bilal63/turkish_music_emotion_dataset,train,128,30.0,44100,2,,turkey,unknown,0,happy,happy,,,,,,,,,,,,v4.0,v4_routeA_small_seed_from_public_2026-03-20,v4_routeA_small_seed_from_public_2026-03-20,bilal63_turkish_music_emotion_dataset_00000128,1,pending,,pending,pending,,,,
bilal63_turkish_music_emotion_dataset_00000129,turkey,E:\Desktop\Echo\storage\public\routeA_phase2\turkish\audio\bilal63_turkish_music_emotion_dataset_00000129.mp3,bilal63/turkish_music_emotion_dataset,train,129,30.0,44100,2,,turkey,unknown,0,happy,happy,,,,,,,,,,,,v4.0,v4_routeA_small_seed_from_public_2026-03-20,v4_routeA_small_seed_from_public_2026-03-20,bilal63_turkish_music_emotion_dataset_00000129,1,pending,,pending,pending,,,,
bilal63_turkish_music_emotion_dataset_00000130,turkey,E:\Desktop\Echo\storage\public\routeA_phase2\turkish\audio\bilal63_turkish_music_emotion_dataset_00000130.mp3,bilal63/turkish_music_emotion_dataset,train,130,30.0,44100,2,,turkey,unknown,0,happy,happy,,,,,,,,,,,,v4.0,v4_routeA_small_seed_from_public_2026-03-20,v4_routeA_small_seed_from_public_2026-03-20,bilal63_turkish_music_emotion_dataset_00000130,1,pending,,pending,pending,,,,
bilal63_turkish_music_emotion_dataset_00000131,turkey,E:\Desktop\Echo\storage\public\routeA_phase2\turkish\audio\bilal63_turkish_music_emotion_dataset_00000131.mp3,bilal63/turkish_music_emotion_dataset,train,131,30.000657596371884,44100,2,,turkey,unknown,0,happy,happy,,,,,,,,,,,,v4.0,v4_routeA_small_seed_from_public_2026-03-20,v4_routeA_small_seed_from_public_2026-03-20,bilal63_turkish_music_emotion_dataset_00000131,1,pending,,pending,pending,,,,
bilal63_turkish_music_emotion_dataset_00000132,turkey,E:\Desktop\Echo\storage\public\routeA_phase2\turkish\audio\bilal63_turkish_music_emotion_dataset_00000132.mp3,bilal63/turkish_music_emotion_dataset,train,132,30.000498866213153,44100,2,,turkey,unknown,0,happy,happy,,,,,,,,,,,,v4.0,v4_routeA_small_seed_from_public_2026-03-20,v4_routeA_small_seed_from_public_2026-03-20,bilal63_turkish_music_emotion_dataset_00000132,1,pending,,pending,pending,,,,
bilal63_turkish_music_emotion_dataset_00000133,turkey,E:\Desktop\Echo\storage\public\routeA_phase2\turkish\audio\bilal63_turkish_music_emotion_dataset_00000133.mp3,bilal63/turkish_music_emotion_dataset,train,133,30.000385487528344,44100,2,,turkey,unknown,0,happy,happy,,,,,,,,,,,,v4.0,v4_routeA_small_seed_from_public_2026-03-20,v4_routeA_small_seed_from_public_2026-03-20,bilal63_turkish_music_emotion_dataset_00000133,1,pending,,pending,pending,,,,
bilal63_turkish_music_emotion_dataset_00000134,turkey,E:\Desktop\Echo\storage\public\routeA_phase2\turkish\audio\bilal63_turkish_music_emotion_dataset_00000134.mp3,bilal63/turkish_music_emotion_dataset,train,134,30.000045351473922,44100,2,,turkey,unknown,0,happy,happy,,,,,,,,,,,,v4.0,v4_routeA_small_seed_from_public_2026-03-20,v4_routeA_small_seed_from_public_2026-03-20,bilal63_turkish_music_emotion_dataset_00000134,1,pending,,pending,pending,,,,
bilal63_turkish_music_emotion_dataset_00000135,turkey,E:\Desktop\Echo\storage\public\routeA_phase2\turkish\audio\bilal63_turkish_music_emotion_dataset_00000135.mp3,bilal63/turkish_music_emotion_dataset,train,135,30.00015873015873,44100,2,,turkey,unknown,0,happy,happy,,,,,,,,,,,,v4.0,v4_routeA_small_seed_from_public_2026-03-20,v4_routeA_small_seed_from_public_2026-03-20,bilal63_turkish_music_emotion_dataset_00000135,1,pending,,pending,pending,,,,
bilal63_turkish_music_emotion_dataset_00000136,turkey,E:\Desktop\Echo\storage\public\routeA_phase2\turkish\audio\bilal63_turkish_music_emotion_dataset_00000136.mp3,bilal63/turkish_music_emotion_dataset,train,136,30.0,44100,2,,turkey,unknown,0,happy,happy,,,,,,,,,,,,v4.0,v4_routeA_small_seed_from_public_2026-03-20,v4_routeA_small_seed_from_public_2026-03-20,bilal63_turkish_music_emotion_dataset_00000136,1,pending,,pending,pending,,,,
bilal63_turkish_music_emotion_dataset_00000137,turkey,E:\Desktop\Echo\storage\public\routeA_phase2\turkish\audio\bilal63_turkish_music_emotion_dataset_00000137.mp3,bilal63/turkish_music_emotion_dataset,train,137,30.0,44100,2,,turkey,unknown,0,happy,happy,,,,,,,,,,,,v4.0,v4_routeA_small_seed_from_public_2026-03-20,v4_routeA_small_seed_from_public_2026-03-20,bilal63_turkish_music_emotion_dataset_00000137,1,pending,,pending,pending,,,,
bilal63_turkish_music_emotion_dataset_00000138,turkey,E:\Desktop\Echo\storage\public\routeA_phase2\turkish\audio\bilal63_turkish_music_emotion_dataset_00000138.mp3,bilal63/turkish_music_emotion_dataset,train,138,29.953537414965986,44100,2,,turkey,unknown,0,happy,happy,,,,,,,,,,,,v4.0,v4_routeA_small_seed_from_public_2026-03-20,v4_routeA_small_seed_from_public_2026-03-20,bilal63_turkish_music_emotion_dataset_00000138,1,pending,,pending,pending,,,,
bilal63_turkish_music_emotion_dataset_00000139,turkey,E:\Desktop\Echo\storage\public\routeA_phase2\turkish\audio\bilal63_turkish_music_emotion_dataset_00000139.mp3,bilal63/turkish_music_emotion_dataset,train,139,30.00018140589569,44100,2,,turkey,unknown,0,happy,happy,,,,,,,,,,,,v4.0,v4_routeA_small_seed_from_public_2026-03-20,v4_routeA_small_seed_from_public_2026-03-20,bilal63_turkish_music_emotion_dataset_00000139,1,pending,,pending,pending,,,,
bilal63_turkish_music_emotion_dataset_00000140,turkey,E:\Desktop\Echo\storage\public\routeA_phase2\turkish\audio\bilal63_turkish_music_emotion_dataset_00000140.mp3,bilal63/turkish_music_emotion_dataset,train,140,30.3,44100,2,,turkey,unknown,0,happy,happy,,,,,,,,,,,,v4.0,v4_routeA_small_seed_from_public_2026-03-20,v4_routeA_small_seed_from_public_2026-03-20,bilal63_turkish_music_emotion_dataset_00000140,1,pending,,pending,pending,,,,
bilal63_turkish_music_emotion_dataset_00000141,turkey,E:\Desktop\Echo\storage\public\routeA_phase2\turkish\audio\bilal63_turkish_music_emotion_dataset_00000141.mp3,bilal63/turkish_music_emotion_dataset,train,141,30.00013605442177,44100,2,,turkey,unknown,0,happy,happy,,,,,,,,,,,,v4.0,v4_routeA_small_seed_from_public_2026-03-20,v4_routeA_small_seed_from_public_2026-03-20,bilal63_turkish_music_emotion_dataset_00000141,1,pending,,pending,pending,,,,
bilal63_turkish_music_emotion_dataset_00000142,turkey,E:\Desktop\Echo\storage\public\routeA_phase2\turkish\audio\bilal63_turkish_music_emotion_dataset_00000142.mp3,bilal63/turkish_music_emotion_dataset,train,142,30.000362811791383,44100,2,,turkey,unknown,0,happy,happy,,,,,,,,,,,,v4.0,v4_routeA_small_seed_from_public_2026-03-20,v4_routeA_small_seed_from_public_2026-03-20,bilal63_turkish_music_emotion_dataset_00000142,1,pending,,pending,pending,,,,
bilal63_turkish_music_emotion_dataset_00000143,turkey,E:\Desktop\Echo\storage\public\routeA_phase2\turkish\audio\bilal63_turkish_music_emotion_dataset_00000143.mp3,bilal63/turkish_music_emotion_dataset,train,143,30.000090702947844,44100,2,,turkey,unknown,0,happy,happy,,,,,,,,,,,,v4.0,v4_routeA_small_seed_from_public_2026-03-20,v4_routeA_small_seed_from_public_2026-03-20,bilal63_turkish_music_emotion_dataset_00000143,1,pending,,pending,pending,,,,
bilal63_turkish_music_emotion_dataset_00000144,turkey,E:\Desktop\Echo\storage\public\routeA_phase2\turkish\audio\bilal63_turkish_music_emotion_dataset_00000144.mp3,bilal63/turkish_music_emotion_dataset,train,144,30.00097505668934,44100,2,,turkey,unknown,0,happy,happy,,,,,,,,,,,,v4.0,v4_routeA_small_seed_from_public_2026-03-20,v4_routeA_small_seed_from_public_2026-03-20,bilal63_turkish_music_emotion_dataset_00000144,1,pending,,pending,pending,,,,
bilal63_turkish_music_emotion_dataset_00000145,turkey,E:\Desktop\Echo\storage\public\routeA_phase2\turkish\audio\bilal63_turkish_music_emotion_dataset_00000145.mp3,bilal63/turkish_music_emotion_dataset,train,145,30.000068027210883,44100,2,,turkey,unknown,0,happy,happy,,,,,,,,,,,,v4.0,v4_routeA_small_seed_from_public_2026-03-20,v4_routeA_small_seed_from_public_2026-03-20,bilal63_turkish_music_emotion_dataset_00000145,1,pending,,pending,pending,,,,
bilal63_turkish_music_emotion_dataset_00000146,turkey,E:\Desktop\Echo\storage\public\routeA_phase2\turkish\audio\bilal63_turkish_music_emotion_dataset_00000146.mp3,bilal63/turkish_music_emotion_dataset,train,146,30.000068027210883,44100,2,,turkey,unknown,0,happy,happy,,,,,,,,,,,,v4.0,v4_routeA_small_seed_from_public_2026-03-20,v4_routeA_small_seed_from_public_2026-03-20,bilal63_turkish_music_emotion_dataset_00000146,1,pending,,pending,pending,,,,
bilal63_turkish_music_emotion_dataset_00000147,turkey,E:\Desktop\Echo\storage\public\routeA_phase2\turkish\audio\bilal63_turkish_music_emotion_dataset_00000147.mp3,bilal63/turkish_music_emotion_dataset,train,147,30.000861678004537,44100,2,,turkey,unknown,0,happy,happy,,,,,,,,,,,,v4.0,v4_routeA_small_seed_from_public_2026-03-20,v4_routeA_small_seed_from_public_2026-03-20,bilal63_turkish_music_emotion_dataset_00000147,1,pending,,pending,pending,,,,
bilal63_turkish_music_emotion_dataset_00000148,turkey,E:\Desktop\Echo\storage\public\routeA_phase2\turkish\audio\bilal63_turkish_music_emotion_dataset_00000148.mp3,bilal63/turkish_music_emotion_dataset,train,148,30.000476190476192,44100,2,,turkey,unknown,0,happy,happy,,,,,,,,,,,,v4.0,v4_routeA_small_seed_from_public_2026-03-20,v4_routeA_small_seed_from_public_2026-03-20,bilal63_turkish_music_emotion_dataset_00000148,1,pending,,pending,pending,,,,
bilal63_turkish_music_emotion_dataset_00000149,turkey,E:\Desktop\Echo\storage\public\routeA_phase2\turkish\audio\bilal63_turkish_music_emotion_dataset_00000149.mp3,bilal63/turkish_music_emotion_dataset,train,149,30.000498866213153,44100,2,,turkey,unknown,0,happy,happy,,,,,,,,,,,,v4.0,v4_routeA_small_seed_from_public_2026-03-20,v4_routeA_small_seed_from_public_2026-03-20,bilal63_turkish_music_emotion_dataset_00000149,1,pending,,pending,pending,,,,
bilal63_turkish_music_emotion_dataset_00000150,turkey,E:\Desktop\Echo\storage\public\routeA_phase2\turkish\audio\bilal63_turkish_music_emotion_dataset_00000150.mp3,bilal63/turkish_music_emotion_dataset,train,150,30.000566893424036,44100,2,,turkey,unknown,0,happy,happy,,,,,,,,,,,,v4.0,v4_routeA_small_seed_from_public_2026-03-20,v4_routeA_small_seed_from_public_2026-03-20,bilal63_turkish_music_emotion_dataset_00000150,1,pending,,pending,pending,,,,
bilal63_turkish_music_emotion_dataset_00000151,turkey,E:\Desktop\Echo\storage\public\routeA_phase2\turkish\audio\bilal63_turkish_music_emotion_dataset_00000151.mp3,bilal63/turkish_music_emotion_dataset,train,151,30.0,44100,2,,turkey,unknown,0,happy,happy,,,,,,,,,,,,v4.0,v4_routeA_small_seed_from_public_2026-03-20,v4_routeA_small_seed_from_public_2026-03-20,bilal63_turkish_music_emotion_dataset_00000151,1,pending,,pending,pending,,,,
bilal63_turkish_music_emotion_dataset_00000152,turkey,E:\Desktop\Echo\storage\public\routeA_phase2\turkish\audio\bilal63_turkish_music_emotion_dataset_00000152.mp3,bilal63/turkish_music_emotion_dataset,train,152,30.0,44100,2,,turkey,unknown,0,happy,happy,,,,,,,,,,,,v4.0,v4_routeA_small_seed_from_public_2026-03-20,v4_routeA_small_seed_from_public_2026-03-20,bilal63_turkish_music_emotion_dataset_00000152,1,pending,,pending,pending,,,,
bilal63_turkish_music_emotion_dataset_00000153,turkey,E:\Desktop\Echo\storage\public\routeA_phase2\turkish\audio\bilal63_turkish_music_emotion_dataset_00000153.mp3,bilal63/turkish_music_emotion_dataset,train,153,30.00097505668934,44100,2,,turkey,unknown,0,happy,happy,,,,,,,,,,,,v4.0,v4_routeA_small_seed_from_public_2026-03-20,v4_routeA_small_seed_from_public_2026-03-20,bilal63_turkish_music_emotion_dataset_00000153,1,pending,,pending,pending,,,,
bilal63_turkish_music_emotion_dataset_00000154,turkey,E:\Desktop\Echo\storage\public\routeA_phase2\turkish\audio\bilal63_turkish_music_emotion_dataset_00000154.mp3,bilal63/turkish_music_emotion_dataset,train,154,30.17138321995465,44100,2,,turkey,unknown,0,happy,happy,,,,,,,,,,,,v4.0,v4_routeA_small_seed_from_public_2026-03-20,v4_routeA_small_seed_from_public_2026-03-20,bilal63_turkish_music_emotion_dataset_00000154,1,pending,,pending,pending,,,,
bilal63_turkish_music_emotion_dataset_00000155,turkey,E:\Desktop\Echo\storage\public\routeA_phase2\turkish\audio\bilal63_turkish_music_emotion_dataset_00000155.mp3,bilal63/turkish_music_emotion_dataset,train,155,30.000544217687075,44100,2,,turkey,unknown,0,happy,happy,,,,,,,,,,,,v4.0,v4_routeA_small_seed_from_public_2026-03-20,v4_routeA_small_seed_from_public_2026-03-20,bilal63_turkish_music_emotion_dataset_00000155,1,pending,,pending,pending,,,,
bilal63_turkish_music_emotion_dataset_00000156,turkey,E:\Desktop\Echo\storage\public\routeA_phase2\turkish\audio\bilal63_turkish_music_emotion_dataset_00000156.mp3,bilal63/turkish_music_emotion_dataset,train,156,30.000045351473922,44100,2,,turkey,unknown,0,happy,happy,,,,,,,,,,,,v4.0,v4_routeA_small_seed_from_public_2026-03-20,v4_routeA_small_seed_from_public_2026-03-20,bilal63_turkish_music_emotion_dataset_00000156,1,pending,,pending,pending,,,,
bilal63_turkish_music_emotion_dataset_00000157,turkey,E:\Desktop\Echo\storage\public\routeA_phase2\turkish\audio\bilal63_turkish_music_emotion_dataset_00000157.mp3,bilal63/turkish_music_emotion_dataset,train,157,30.00097505668934,44100,2,,turkey,unknown,0,happy,happy,,,,,,,,,,,,v4.0,v4_routeA_small_seed_from_public_2026-03-20,v4_routeA_small_seed_from_public_2026-03-20,bilal63_turkish_music_emotion_dataset_00000157,1,pending,,pending,pending,,,,
bilal63_turkish_music_emotion_dataset_00000158,turkey,E:\Desktop\Echo\storage\public\routeA_phase2\turkish\audio\bilal63_turkish_music_emotion_dataset_00000158.mp3,bilal63/turkish_music_emotion_dataset,train,158,30.000544217687075,44100,2,,turkey,unknown,0,happy,happy,,,,,,,,,,,,v4.0,v4_routeA_small_seed_from_public_2026-03-20,v4_routeA_small_seed_from_public_2026-03-20,bilal63_turkish_music_emotion_dataset_00000158,1,pending,,pending,pending,,,,
bilal63_turkish_music_emotion_dataset_00000159,turkey,E:\Desktop\Echo\storage\public\routeA_phase2\turkish\audio\bilal63_turkish_music_emotion_dataset_00000159.mp3,bilal63/turkish_music_emotion_dataset,train,159,30.000680272108845,44100,2,,turkey,unknown,0,happy,happy,,,,,,,,,,,,v4.0,v4_routeA_small_seed_from_public_2026-03-20,v4_routeA_small_seed_from_public_2026-03-20,bilal63_turkish_music_emotion_dataset_00000159,1,pending,,pending,pending,,,,
ccmusic-database_erhu_playing_tech_00000000,china,E:\Desktop\Echo\storage\public\routeA_phase2_cn\china\audio\ccmusic-database_erhu_playing_tech_00000000.wav,ccmusic-database/erhu_playing_tech,train,0,0.7604761904761905,44100,1,,china,unknown,0,legato_slide_glissando,legato_slide_glissando,,,,,,,,,,,,v4.0,v4_routeA_small_seed_from_public_2026-03-20,v4_routeA_small_seed_from_public_2026-03-20,ccmusic-database_erhu_playing_tech_00000000,1,pending,,pending,pending,,连弓、滑音、连音,"lian2_gong1, hua2_yin1, lian2_yin1",legato_slide_glissando
ccmusic-database_erhu_playing_tech_00000001,china,E:\Desktop\Echo\storage\public\routeA_phase2_cn\china\audio\ccmusic-database_erhu_playing_tech_00000001.wav,ccmusic-database/erhu_playing_tech,train,1,0.20458049886621316,44100,1,,china,unknown,0,pizzicato,pizzicato,,,,,,,,,,,,v4.0,v4_routeA_small_seed_from_public_2026-03-20,v4_routeA_small_seed_from_public_2026-03-20,ccmusic-database_erhu_playing_tech_00000001,1,pending,,pending,pending,,拨弦,bo1_xian2,pizzicato
ccmusic-database_erhu_playing_tech_00000002,china,E:\Desktop\Echo\storage\public\routeA_phase2_cn\china\audio\ccmusic-database_erhu_playing_tech_00000002.wav,ccmusic-database/erhu_playing_tech,train,2,1.3303628117913833,44100,1,,china,unknown,0,tremolo,tremolo,,,,,,,,,,,,v4.0,v4_routeA_small_seed_from_public_2026-03-20,v4_routeA_small_seed_from_public_2026-03-20,ccmusic-database_erhu_playing_tech_00000002,1,pending,,pending,pending,,震音,zhen4_yin1,tremolo
ccmusic-database_erhu_playing_tech_00000003,china,E:\Desktop\Echo\storage\public\routeA_phase2_cn\china\audio\ccmusic-database_erhu_playing_tech_00000003.wav,ccmusic-database/erhu_playing_tech,train,3,1.2553287981859411,44100,1,,china,unknown,0,trill,trill,,,,,,,,,,,,v4.0,v4_routeA_small_seed_from_public_2026-03-20,v4_routeA_small_seed_from_public_2026-03-20,ccmusic-database_erhu_playing_tech_00000003,1,pending,,pending,pending,,颤音,chan4_yin1,trill
ccmusic-database_erhu_playing_tech_00000004,china,E:\Desktop\Echo\storage\public\routeA_phase2_cn\china\audio\ccmusic-database_erhu_playing_tech_00000004.wav,ccmusic-database/erhu_playing_tech,train,4,1.7898185941043083,44100,1,,china,unknown,0,tremolo,tremolo,,,,,,,,,,,,v4.0,v4_routeA_small_seed_from_public_2026-03-20,v4_routeA_small_seed_from_public_2026-03-20,ccmusic-database_erhu_playing_tech_00000004,1,pending,,pending,pending,,震音,zhen4_yin1,tremolo
ccmusic-database_erhu_playing_tech_00000005,china,E:\Desktop\Echo\storage\public\routeA_phase2_cn\china\audio\ccmusic-database_erhu_playing_tech_00000005.wav,ccmusic-database/erhu_playing_tech,train,5,0.21414965986394557,44100,1,,china,unknown,0,pizzicato,pizzicato,,,,,,,,,,,,v4.0,v4_routeA_small_seed_from_public_2026-03-20,v4_routeA_small_seed_from_public_2026-03-20,ccmusic-database_erhu_playing_tech_00000005,1,pending,,pending,pending,,拨弦,bo1_xian2,pizzicato
ccmusic-database_erhu_playing_tech_00000006,china,E:\Desktop\Echo\storage\public\routeA_phase2_cn\china\audio\ccmusic-database_erhu_playing_tech_00000006.wav,ccmusic-database/erhu_playing_tech,train,6,1.0678004535147392,44100,1,,china,unknown,0,harmonic,harmonic,,,,,,,,,,,,v4.0,v4_routeA_small_seed_from_public_2026-03-20,v4_routeA_small_seed_from_public_2026-03-20,ccmusic-database_erhu_playing_tech_00000006,1,pending,,pending,pending,,泛音,fan4_yin1,harmonic
ccmusic-database_erhu_playing_tech_00000007,china,E:\Desktop\Echo\storage\public\routeA_phase2_cn\china\audio\ccmusic-database_erhu_playing_tech_00000007.wav,ccmusic-database/erhu_playing_tech,train,7,0.2145124716553288,44100,1,,china,unknown,0,pizzicato,pizzicato,,,,,,,,,,,,v4.0,v4_routeA_small_seed_from_public_2026-03-20,v4_routeA_small_seed_from_public_2026-03-20,ccmusic-database_erhu_playing_tech_00000007,1,pending,,pending,pending,,拨弦,bo1_xian2,pizzicato
ccmusic-database_erhu_playing_tech_00000008,china,E:\Desktop\Echo\storage\public\routeA_phase2_cn\china\audio\ccmusic-database_erhu_playing_tech_00000008.wav,ccmusic-database/erhu_playing_tech,train,8,0.2591609977324263,44100,1,,china,unknown,0,staccato,staccato,,,,,,,,,,,,v4.0,v4_routeA_small_seed_from_public_2026-03-20,v4_routeA_small_seed_from_public_2026-03-20,ccmusic-database_erhu_playing_tech_00000008,1,pending,,pending,pending,,断弓,duan4_gong1,staccato
ccmusic-database_erhu_playing_tech_00000009,china,E:\Desktop\Echo\storage\public\routeA_phase2_cn\china\audio\ccmusic-database_erhu_playing_tech_00000009.wav,ccmusic-database/erhu_playing_tech,train,9,4.22219954648526,44100,1,,china,unknown,0,detache,detache,,,,,,,,,,,,v4.0,v4_routeA_small_seed_from_public_2026-03-20,v4_routeA_small_seed_from_public_2026-03-20,ccmusic-database_erhu_playing_tech_00000009,1,pending,,pending,pending,,分弓,fen1_gong1,detache
ccmusic-database_erhu_playing_tech_00000010,china,E:\Desktop\Echo\storage\public\routeA_phase2_cn\china\audio\ccmusic-database_erhu_playing_tech_00000010.wav,ccmusic-database/erhu_playing_tech,train,10,1.2672562358276644,44100,1,,china,unknown,0,trill,trill,,,,,,,,,,,,v4.0,v4_routeA_small_seed_from_public_2026-03-20,v4_routeA_small_seed_from_public_2026-03-20,ccmusic-database_erhu_playing_tech_00000010,1,pending,,pending,pending,,颤音,chan4_yin1,trill
ccmusic-database_erhu_playing_tech_00000011,china,E:\Desktop\Echo\storage\public\routeA_phase2_cn\china\audio\ccmusic-database_erhu_playing_tech_00000011.wav,ccmusic-database/erhu_playing_tech,train,11,1.3331065759637188,44100,1,,china,unknown,0,diangong,diangong,,,,,,,,,,,,v4.0,v4_routeA_small_seed_from_public_2026-03-20,v4_routeA_small_seed_from_public_2026-03-20,ccmusic-database_erhu_playing_tech_00000011,1,pending,,pending,pending,,垫弓,dian4_gong1,diangong
ccmusic-database_erhu_playing_tech_00000012,china,E:\Desktop\Echo\storage\public\routeA_phase2_cn\china\audio\ccmusic-database_erhu_playing_tech_00000012.wav,ccmusic-database/erhu_playing_tech,train,12,0.16029478458049887,44100,1,,china,unknown,0,pizzicato,pizzicato,,,,,,,,,,,,v4.0,v4_routeA_small_seed_from_public_2026-03-20,v4_routeA_small_seed_from_public_2026-03-20,ccmusic-database_erhu_playing_tech_00000012,1,pending,,pending,pending,,拨弦,bo1_xian2,pizzicato
ccmusic-database_erhu_playing_tech_00000013,china,E:\Desktop\Echo\storage\public\routeA_phase2_cn\china\audio\ccmusic-database_erhu_playing_tech_00000013.wav,ccmusic-database/erhu_playing_tech,train,13,0.1654875283446712,44100,1,,china,unknown,0,pizzicato,pizzicato,,,,,,,,,,,,v4.0,v4_routeA_small_seed_from_public_2026-03-20,v4_routeA_small_seed_from_public_2026-03-20,ccmusic-database_erhu_playing_tech_00000013,1,pending,,pending,pending,,拨弦,bo1_xian2,pizzicato
ccmusic-database_erhu_playing_tech_00000014,china,E:\Desktop\Echo\storage\public\routeA_phase2_cn\china\audio\ccmusic-database_erhu_playing_tech_00000014.wav,ccmusic-database/erhu_playing_tech,train,14,0.23997732426303856,44100,1,,china,unknown,0,staccato,staccato,,,,,,,,,,,,v4.0,v4_routeA_small_seed_from_public_2026-03-20,v4_routeA_small_seed_from_public_2026-03-20,ccmusic-database_erhu_playing_tech_00000014,1,pending,,pending,pending,,断弓,duan4_gong1,staccato
ccmusic-database_erhu_playing_tech_00000015,china,E:\Desktop\Echo\storage\public\routeA_phase2_cn\china\audio\ccmusic-database_erhu_playing_tech_00000015.wav,ccmusic-database/erhu_playing_tech,train,15,1.6201360544217687,44100,1,,china,unknown,0,legato_slide_glissando,legato_slide_glissando,,,,,,,,,,,,v4.0,v4_routeA_small_seed_from_public_2026-03-20,v4_routeA_small_seed_from_public_2026-03-20,ccmusic-database_erhu_playing_tech_00000015,1,pending,,pending,pending,,连弓、滑音、连音,"lian2_gong1, hua2_yin1, lian2_yin1",legato_slide_glissando
ccmusic-database_erhu_playing_tech_00000016,china,E:\Desktop\Echo\storage\public\routeA_phase2_cn\china\audio\ccmusic-database_erhu_playing_tech_00000016.wav,ccmusic-database/erhu_playing_tech,train,16,1.5074829931972789,44100,1,,china,unknown,0,pizzicato,pizzicato,,,,,,,,,,,,v4.0,v4_routeA_small_seed_from_public_2026-03-20,v4_routeA_small_seed_from_public_2026-03-20,ccmusic-database_erhu_playing_tech_00000016,1,pending,,pending,pending,,拨弦,bo1_xian2,pizzicato
ccmusic-database_erhu_playing_tech_00000017,china,E:\Desktop\Echo\storage\public\routeA_phase2_cn\china\audio\ccmusic-database_erhu_playing_tech_00000017.wav,ccmusic-database/erhu_playing_tech,train,17,1.1211337868480726,44100,1,,china,unknown,0,diangong,diangong,,,,,,,,,,,,v4.0,v4_routeA_small_seed_from_public_2026-03-20,v4_routeA_small_seed_from_public_2026-03-20,ccmusic-database_erhu_playing_tech_00000017,1,pending,,pending,pending,,垫弓,dian4_gong1,diangong
ccmusic-database_erhu_playing_tech_00000018,china,E:\Desktop\Echo\storage\public\routeA_phase2_cn\china\audio\ccmusic-database_erhu_playing_tech_00000018.wav,ccmusic-database/erhu_playing_tech,train,18,0.6910884353741497,44100,1,,china,unknown,0,trill,trill,,,,,,,,,,,,v4.0,v4_routeA_small_seed_from_public_2026-03-20,v4_routeA_small_seed_from_public_2026-03-20,ccmusic-database_erhu_playing_tech_00000018,1,pending,,pending,pending,,颤音,chan4_yin1,trill
ccmusic-database_erhu_playing_tech_00000019,china,E:\Desktop\Echo\storage\public\routeA_phase2_cn\china\audio\ccmusic-database_erhu_playing_tech_00000019.wav,ccmusic-database/erhu_playing_tech,train,19,1.1429478458049886,44100,1,,china,unknown,0,tremolo,tremolo,,,,,,,,,,,,v4.0,v4_routeA_small_seed_from_public_2026-03-20,v4_routeA_small_seed_from_public_2026-03-20,ccmusic-database_erhu_playing_tech_00000019,1,pending,,pending,pending,,震音,zhen4_yin1,tremolo
ccmusic-database_erhu_playing_tech_00000020,china,E:\Desktop\Echo\storage\public\routeA_phase2_cn\china\audio\ccmusic-database_erhu_playing_tech_00000020.wav,ccmusic-database/erhu_playing_tech,train,20,1.5963492063492064,44100,1,,china,unknown,0,trill,trill,,,,,,,,,,,,v4.0,v4_routeA_small_seed_from_public_2026-03-20,v4_routeA_small_seed_from_public_2026-03-20,ccmusic-database_erhu_playing_tech_00000020,1,pending,,pending,pending,,颤音,chan4_yin1,trill
ccmusic-database_erhu_playing_tech_00000021,china,E:\Desktop\Echo\storage\public\routeA_phase2_cn\china\audio\ccmusic-database_erhu_playing_tech_00000021.wav,ccmusic-database/erhu_playing_tech,train,21,0.7636281179138322,44100,1,,china,unknown,0,ricochet,ricochet,,,,,,,,,,,,v4.0,v4_routeA_small_seed_from_public_2026-03-20,v4_routeA_small_seed_from_public_2026-03-20,ccmusic-database_erhu_playing_tech_00000021,1,pending,,pending,pending,,抛弓,pao1_gong1,ricochet
ccmusic-database_erhu_playing_tech_00000022,china,E:\Desktop\Echo\storage\public\routeA_phase2_cn\china\audio\ccmusic-database_erhu_playing_tech_00000022.wav,ccmusic-database/erhu_playing_tech,train,22,1.668095238095238,44100,1,,china,unknown,0,tremolo,tremolo,,,,,,,,,,,,v4.0,v4_routeA_small_seed_from_public_2026-03-20,v4_routeA_small_seed_from_public_2026-03-20,ccmusic-database_erhu_playing_tech_00000022,1,pending,,pending,pending,,震音,zhen4_yin1,tremolo
ccmusic-database_erhu_playing_tech_00000023,china,E:\Desktop\Echo\storage\public\routeA_phase2_cn\china\audio\ccmusic-database_erhu_playing_tech_00000023.wav,ccmusic-database/erhu_playing_tech,train,23,0.6354421768707483,44100,1,,china,unknown,0,trill,trill,,,,,,,,,,,,v4.0,v4_routeA_small_seed_from_public_2026-03-20,v4_routeA_small_seed_from_public_2026-03-20,ccmusic-database_erhu_playing_tech_00000023,1,pending,,pending,pending,,颤音,chan4_yin1,trill
ccmusic-database_erhu_playing_tech_00000024,china,E:\Desktop\Echo\storage\public\routeA_phase2_cn\china\audio\ccmusic-database_erhu_playing_tech_00000024.wav,ccmusic-database/erhu_playing_tech,train,24,2.1974603174603176,44100,1,,china,unknown,0,trill,trill,,,,,,,,,,,,v4.0,v4_routeA_small_seed_from_public_2026-03-20,v4_routeA_small_seed_from_public_2026-03-20,ccmusic-database_erhu_playing_tech_00000024,1,pending,,pending,pending,,颤音,chan4_yin1,trill
ccmusic-database_erhu_playing_tech_00000025,china,E:\Desktop\Echo\storage\public\routeA_phase2_cn\china\audio\ccmusic-database_erhu_playing_tech_00000025.wav,ccmusic-database/erhu_playing_tech,train,25,1.6859637188208616,44100,1,,china,unknown,0,diangong,diangong,,,,,,,,,,,,v4.0,v4_routeA_small_seed_from_public_2026-03-20,v4_routeA_small_seed_from_public_2026-03-20,ccmusic-database_erhu_playing_tech_00000025,1,pending,,pending,pending,,垫弓,dian4_gong1,diangong
ccmusic-database_erhu_playing_tech_00000026,china,E:\Desktop\Echo\storage\public\routeA_phase2_cn\china\audio\ccmusic-database_erhu_playing_tech_00000026.wav,ccmusic-database/erhu_playing_tech,train,26,0.6728798185941043,44100,1,,china,unknown,0,trill,trill,,,,,,,,,,,,v4.0,v4_routeA_small_seed_from_public_2026-03-20,v4_routeA_small_seed_from_public_2026-03-20,ccmusic-database_erhu_playing_tech_00000026,1,pending,,pending,pending,,颤音,chan4_yin1,trill
ccmusic-database_erhu_playing_tech_00000027,china,E:\Desktop\Echo\storage\public\routeA_phase2_cn\china\audio\ccmusic-database_erhu_playing_tech_00000027.wav,ccmusic-database/erhu_playing_tech,train,27,1.67437641723356,44100,1,,china,unknown,0,detache,detache,,,,,,,,,,,,v4.0,v4_routeA_small_seed_from_public_2026-03-20,v4_routeA_small_seed_from_public_2026-03-20,ccmusic-database_erhu_playing_tech_00000027,1,pending,,pending,pending,,分弓,fen1_gong1,detache
ccmusic-database_erhu_playing_tech_00000028,china,E:\Desktop\Echo\storage\public\routeA_phase2_cn\china\audio\ccmusic-database_erhu_playing_tech_00000028.wav,ccmusic-database/erhu_playing_tech,train,28,1.7810430839002267,44100,1,,china,unknown,0,vibrato,vibrato,,,,,,,,,,,,v4.0,v4_routeA_small_seed_from_public_2026-03-20,v4_routeA_small_seed_from_public_2026-03-20,ccmusic-database_erhu_playing_tech_00000028,1,pending,,pending,pending,,揉弦,rou2_xian2,vibrato
ccmusic-database_erhu_playing_tech_00000029,china,E:\Desktop\Echo\storage\public\routeA_phase2_cn\china\audio\ccmusic-database_erhu_playing_tech_00000029.wav,ccmusic-database/erhu_playing_tech,train,29,2.0809297052154196,44100,1,,china,unknown,0,harmonic,harmonic,,,,,,,,,,,,v4.0,v4_routeA_small_seed_from_public_2026-03-20,v4_routeA_small_seed_from_public_2026-03-20,ccmusic-database_erhu_playing_tech_00000029,1,pending,,pending,pending,,泛音,fan4_yin1,harmonic
ccmusic-database_erhu_playing_tech_00000030,china,E:\Desktop\Echo\storage\public\routeA_phase2_cn\china\audio\ccmusic-database_erhu_playing_tech_00000030.wav,ccmusic-database/erhu_playing_tech,train,30,0.27984126984126984,44100,1,,china,unknown,0,staccato,staccato,,,,,,,,,,,,v4.0,v4_routeA_small_seed_from_public_2026-03-20,v4_routeA_small_seed_from_public_2026-03-20,ccmusic-database_erhu_playing_tech_00000030,1,pending,,pending,pending,,断弓,duan4_gong1,staccato
ccmusic-database_erhu_playing_tech_00000031,china,E:\Desktop\Echo\storage\public\routeA_phase2_cn\china\audio\ccmusic-database_erhu_playing_tech_00000031.wav,ccmusic-database/erhu_playing_tech,train,31,1.0904535147392291,44100,1,,china,unknown,0,trill,trill,,,,,,,,,,,,v4.0,v4_routeA_small_seed_from_public_2026-03-20,v4_routeA_small_seed_from_public_2026-03-20,ccmusic-database_erhu_playing_tech_00000031,1,pending,,pending,pending,,颤音,chan4_yin1,trill
ccmusic-database_erhu_playing_tech_00000032,china,E:\Desktop\Echo\storage\public\routeA_phase2_cn\china\audio\ccmusic-database_erhu_playing_tech_00000032.wav,ccmusic-database/erhu_playing_tech,train,32,0.6749659863945578,44100,1,,china,unknown,0,ricochet,ricochet,,,,,,,,,,,,v4.0,v4_routeA_small_seed_from_public_2026-03-20,v4_routeA_small_seed_from_public_2026-03-20,ccmusic-database_erhu_playing_tech_00000032,1,pending,,pending,pending,,抛弓,pao1_gong1,ricochet
ccmusic-database_erhu_playing_tech_00000033,china,E:\Desktop\Echo\storage\public\routeA_phase2_cn\china\audio\ccmusic-database_erhu_playing_tech_00000033.wav,ccmusic-database/erhu_playing_tech,train,33,0.21374149659863945,44100,1,,china,unknown,0,pizzicato,pizzicato,,,,,,,,,,,,v4.0,v4_routeA_small_seed_from_public_2026-03-20,v4_routeA_small_seed_from_public_2026-03-20,ccmusic-database_erhu_playing_tech_00000033,1,pending,,pending,pending,,拨弦,bo1_xian2,pizzicato
ccmusic-database_erhu_playing_tech_00000034,china,E:\Desktop\Echo\storage\public\routeA_phase2_cn\china\audio\ccmusic-database_erhu_playing_tech_00000034.wav,ccmusic-database/erhu_playing_tech,train,34,1.3326984126984127,44100,1,,china,unknown,0,vibrato,vibrato,,,,,,,,,,,,v4.0,v4_routeA_small_seed_from_public_2026-03-20,v4_routeA_small_seed_from_public_2026-03-20,ccmusic-database_erhu_playing_tech_00000034,1,pending,,pending,pending,,揉弦,rou2_xian2,vibrato
ccmusic-database_erhu_playing_tech_00000035,china,E:\Desktop\Echo\storage\public\routeA_phase2_cn\china\audio\ccmusic-database_erhu_playing_tech_00000035.wav,ccmusic-database/erhu_playing_tech,train,35,1.3547845804988663,44100,1,,china,unknown,0,trill,trill,,,,,,,,,,,,v4.0,v4_routeA_small_seed_from_public_2026-03-20,v4_routeA_small_seed_from_public_2026-03-20,ccmusic-database_erhu_playing_tech_00000035,1,pending,,pending,pending,,颤音,chan4_yin1,trill
ccmusic-database_erhu_playing_tech_00000036,china,E:\Desktop\Echo\storage\public\routeA_phase2_cn\china\audio\ccmusic-database_erhu_playing_tech_00000036.wav,ccmusic-database/erhu_playing_tech,train,36,0.901156462585034,44100,1,,china,unknown,0,legato_slide_glissando,legato_slide_glissando,,,,,,,,,,,,v4.0,v4_routeA_small_seed_from_public_2026-03-20,v4_routeA_small_seed_from_public_2026-03-20,ccmusic-database_erhu_playing_tech_00000036,1,pending,,pending,pending,,连弓、滑音、连音,"lian2_gong1, hua2_yin1, lian2_yin1",legato_slide_glissando
ccmusic-database_erhu_playing_tech_00000037,china,E:\Desktop\Echo\storage\public\routeA_phase2_cn\china\audio\ccmusic-database_erhu_playing_tech_00000037.wav,ccmusic-database/erhu_playing_tech,train,37,3.5443990929705214,44100,1,,china,unknown,0,vibrato,vibrato,,,,,,,,,,,,v4.0,v4_routeA_small_seed_from_public_2026-03-20,v4_routeA_small_seed_from_public_2026-03-20,ccmusic-database_erhu_playing_tech_00000037,1,pending,,pending,pending,,揉弦,rou2_xian2,vibrato
ccmusic-database_erhu_playing_tech_00000038,china,E:\Desktop\Echo\storage\public\routeA_phase2_cn\china\audio\ccmusic-database_erhu_playing_tech_00000038.wav,ccmusic-database/erhu_playing_tech,train,38,1.602063492063492,44100,1,,china,unknown,0,tremolo,tremolo,,,,,,,,,,,,v4.0,v4_routeA_small_seed_from_public_2026-03-20,v4_routeA_small_seed_from_public_2026-03-20,ccmusic-database_erhu_playing_tech_00000038,1,pending,,pending,pending,,震音,zhen4_yin1,tremolo
ccmusic-database_erhu_playing_tech_00000039,china,E:\Desktop\Echo\storage\public\routeA_phase2_cn\china\audio\ccmusic-database_erhu_playing_tech_00000039.wav,ccmusic-database/erhu_playing_tech,train,39,0.2784807256235828,44100,1,,china,unknown,0,staccato,staccato,,,,,,,,,,,,v4.0,v4_routeA_small_seed_from_public_2026-03-20,v4_routeA_small_seed_from_public_2026-03-20,ccmusic-database_erhu_playing_tech_00000039,1,pending,,pending,pending,,断弓,duan4_gong1,staccato
ccmusic-database_erhu_playing_tech_00000040,china,E:\Desktop\Echo\storage\public\routeA_phase2_cn\china\audio\ccmusic-database_erhu_playing_tech_00000040.wav,ccmusic-database/erhu_playing_tech,train,40,0.5332426303854876,44100,1,,china,unknown,0,trill,trill,,,,,,,,,,,,v4.0,v4_routeA_small_seed_from_public_2026-03-20,v4_routeA_small_seed_from_public_2026-03-20,ccmusic-database_erhu_playing_tech_00000040,1,pending,,pending,pending,,颤音,chan4_yin1,trill
ccmusic-database_erhu_playing_tech_00000041,china,E:\Desktop\Echo\storage\public\routeA_phase2_cn\china\audio\ccmusic-database_erhu_playing_tech_00000041.wav,ccmusic-database/erhu_playing_tech,train,41,1.273265306122449,44100,1,,china,unknown,0,diangong,diangong,,,,,,,,,,,,v4.0,v4_routeA_small_seed_from_public_2026-03-20,v4_routeA_small_seed_from_public_2026-03-20,ccmusic-database_erhu_playing_tech_00000041,1,pending,,pending,pending,,垫弓,dian4_gong1,diangong
ccmusic-database_erhu_playing_tech_00000042,china,E:\Desktop\Echo\storage\public\routeA_phase2_cn\china\audio\ccmusic-database_erhu_playing_tech_00000042.wav,ccmusic-database/erhu_playing_tech,train,42,1.7808390022675737,44100,1,,china,unknown,0,tremolo,tremolo,,,,,,,,,,,,v4.0,v4_routeA_small_seed_from_public_2026-03-20,v4_routeA_small_seed_from_public_2026-03-20,ccmusic-database_erhu_playing_tech_00000042,1,pending,,pending,pending,,震音,zhen4_yin1,tremolo
ccmusic-database_erhu_playing_tech_00000043,china,E:\Desktop\Echo\storage\public\routeA_phase2_cn\china\audio\ccmusic-database_erhu_playing_tech_00000043.wav,ccmusic-database/erhu_playing_tech,train,43,0.23321995464852607,44100,1,,china,unknown,0,staccato,staccato,,,,,,,,,,,,v4.0,v4_routeA_small_seed_from_public_2026-03-20,v4_routeA_small_seed_from_public_2026-03-20,ccmusic-database_erhu_playing_tech_00000043,1,pending,,pending,pending,,断弓,duan4_gong1,staccato
ccmusic-database_erhu_playing_tech_00000044,china,E:\Desktop\Echo\storage\public\routeA_phase2_cn\china\audio\ccmusic-database_erhu_playing_tech_00000044.wav,ccmusic-database/erhu_playing_tech,train,44,1.6749433106575964,44100,1,,china,unknown,0,tremolo,tremolo,,,,,,,,,,,,v4.0,v4_routeA_small_seed_from_public_2026-03-20,v4_routeA_small_seed_from_public_2026-03-20,ccmusic-database_erhu_playing_tech_00000044,1,pending,,pending,pending,,震音,zhen4_yin1,tremolo
ccmusic-database_erhu_playing_tech_00000045,china,E:\Desktop\Echo\storage\public\routeA_phase2_cn\china\audio\ccmusic-database_erhu_playing_tech_00000045.wav,ccmusic-database/erhu_playing_tech,train,45,0.6438321995464853,44100,1,,china,unknown,0,ricochet,ricochet,,,,,,,,,,,,v4.0,v4_routeA_small_seed_from_public_2026-03-20,v4_routeA_small_seed_from_public_2026-03-20,ccmusic-database_erhu_playing_tech_00000045,1,pending,,pending,pending,,抛弓,pao1_gong1,ricochet
ccmusic-database_erhu_playing_tech_00000046,china,E:\Desktop\Echo\storage\public\routeA_phase2_cn\china\audio\ccmusic-database_erhu_playing_tech_00000046.wav,ccmusic-database/erhu_playing_tech,train,46,2.1123356009070293,44100,1,,china,unknown,0,tremolo,tremolo,,,,,,,,,,,,v4.0,v4_routeA_small_seed_from_public_2026-03-20,v4_routeA_small_seed_from_public_2026-03-20,ccmusic-database_erhu_playing_tech_00000046,1,pending,,pending,pending,,震音,zhen4_yin1,tremolo
ccmusic-database_erhu_playing_tech_00000047,china,E:\Desktop\Echo\storage\public\routeA_phase2_cn\china\audio\ccmusic-database_erhu_playing_tech_00000047.wav,ccmusic-database/erhu_playing_tech,train,47,0.2993650793650794,44100,1,,china,unknown,0,percussive,percussive,,,,,,,,,,,,v4.0,v4_routeA_small_seed_from_public_2026-03-20,v4_routeA_small_seed_from_public_2026-03-20,ccmusic-database_erhu_playing_tech_00000047,1,pending,,pending,pending,,击弓,ji1_gong1,percussive
ccmusic-database_erhu_playing_tech_00000048,china,E:\Desktop\Echo\storage\public\routeA_phase2_cn\china\audio\ccmusic-database_erhu_playing_tech_00000048.wav,ccmusic-database/erhu_playing_tech,train,48,1.756575963718821,44100,1,,china,unknown,0,legato_slide_glissando,legato_slide_glissando,,,,,,,,,,,,v4.0,v4_routeA_small_seed_from_public_2026-03-20,v4_routeA_small_seed_from_public_2026-03-20,ccmusic-database_erhu_playing_tech_00000048,1,pending,,pending,pending,,连弓、滑音、连音,"lian2_gong1, hua2_yin1, lian2_yin1",legato_slide_glissando
ccmusic-database_erhu_playing_tech_00000049,china,E:\Desktop\Echo\storage\public\routeA_phase2_cn\china\audio\ccmusic-database_erhu_playing_tech_00000049.wav,ccmusic-database/erhu_playing_tech,train,49,0.5343764172335601,44100,1,,china,unknown,0,pizzicato,pizzicato,,,,,,,,,,,,v4.0,v4_routeA_small_seed_from_public_2026-03-20,v4_routeA_small_seed_from_public_2026-03-20,ccmusic-database_erhu_playing_tech_00000049,1,pending,,pending,pending,,拨弦,bo1_xian2,pizzicato
ccmusic-database_erhu_playing_tech_00000050,china,E:\Desktop\Echo\storage\public\routeA_phase2_cn\china\audio\ccmusic-database_erhu_playing_tech_00000050.wav,ccmusic-database/erhu_playing_tech,train,50,0.24897959183673468,44100,1,,china,unknown,0,staccato,staccato,,,,,,,,,,,,v4.0,v4_routeA_small_seed_from_public_2026-03-20,v4_routeA_small_seed_from_public_2026-03-20,ccmusic-database_erhu_playing_tech_00000050,1,pending,,pending,pending,,断弓,duan4_gong1,staccato
ccmusic-database_erhu_playing_tech_00000051,china,E:\Desktop\Echo\storage\public\routeA_phase2_cn\china\audio\ccmusic-database_erhu_playing_tech_00000051.wav,ccmusic-database/erhu_playing_tech,train,51,1.1450793650793651,44100,1,,china,unknown,0,legato_slide_glissando,legato_slide_glissando,,,,,,,,,,,,v4.0,v4_routeA_small_seed_from_public_2026-03-20,v4_routeA_small_seed_from_public_2026-03-20,ccmusic-database_erhu_playing_tech_00000051,1,pending,,pending,pending,,连弓、滑音、连音,"lian2_gong1, hua2_yin1, lian2_yin1",legato_slide_glissando
ccmusic-database_erhu_playing_tech_00000052,china,E:\Desktop\Echo\storage\public\routeA_phase2_cn\china\audio\ccmusic-database_erhu_playing_tech_00000052.wav,ccmusic-database/erhu_playing_tech,train,52,0.658843537414966,44100,1,,china,unknown,0,ricochet,ricochet,,,,,,,,,,,,v4.0,v4_routeA_small_seed_from_public_2026-03-20,v4_routeA_small_seed_from_public_2026-03-20,ccmusic-database_erhu_playing_tech_00000052,1,pending,,pending,pending,,抛弓,pao1_gong1,ricochet
ccmusic-database_erhu_playing_tech_00000053,china,E:\Desktop\Echo\storage\public\routeA_phase2_cn\china\audio\ccmusic-database_erhu_playing_tech_00000053.wav,ccmusic-database/erhu_playing_tech,train,53,0.2889795918367347,44100,1,,china,unknown,0,pizzicato,pizzicato,,,,,,,,,,,,v4.0,v4_routeA_small_seed_from_public_2026-03-20,v4_routeA_small_seed_from_public_2026-03-20,ccmusic-database_erhu_playing_tech_00000053,1,pending,,pending,pending,,拨弦,bo1_xian2,pizzicato
ccmusic-database_erhu_playing_tech_00000054,china,E:\Desktop\Echo\storage\public\routeA_phase2_cn\china\audio\ccmusic-database_erhu_playing_tech_00000054.wav,ccmusic-database/erhu_playing_tech,train,54,2.0401587301587303,44100,1,,china,unknown,0,detache,detache,,,,,,,,,,,,v4.0,v4_routeA_small_seed_from_public_2026-03-20,v4_routeA_small_seed_from_public_2026-03-20,ccmusic-database_erhu_playing_tech_00000054,1,pending,,pending,pending,,分弓,fen1_gong1,detache
ccmusic-database_erhu_playing_tech_00000055,china,E:\Desktop\Echo\storage\public\routeA_phase2_cn\china\audio\ccmusic-database_erhu_playing_tech_00000055.wav,ccmusic-database/erhu_playing_tech,train,55,0.6288662131519275,44100,1,,china,unknown,0,ricochet,ricochet,,,,,,,,,,,,v4.0,v4_routeA_small_seed_from_public_2026-03-20,v4_routeA_small_seed_from_public_2026-03-20,ccmusic-database_erhu_playing_tech_00000055,1,pending,,pending,pending,,抛弓,pao1_gong1,ricochet
ccmusic-database_erhu_playing_tech_00000056,china,E:\Desktop\Echo\storage\public\routeA_phase2_cn\china\audio\ccmusic-database_erhu_playing_tech_00000056.wav,ccmusic-database/erhu_playing_tech,train,56,2.582607709750567,44100,1,,china,unknown,0,vibrato,vibrato,,,,,,,,,,,,v4.0,v4_routeA_small_seed_from_public_2026-03-20,v4_routeA_small_seed_from_public_2026-03-20,ccmusic-database_erhu_playing_tech_00000056,1,pending,,pending,pending,,揉弦,rou2_xian2,vibrato
ccmusic-database_erhu_playing_tech_00000057,china,E:\Desktop\Echo\storage\public\routeA_phase2_cn\china\audio\ccmusic-database_erhu_playing_tech_00000057.wav,ccmusic-database/erhu_playing_tech,train,57,0.2336734693877551,44100,1,,china,unknown,0,staccato,staccato,,,,,,,,,,,,v4.0,v4_routeA_small_seed_from_public_2026-03-20,v4_routeA_small_seed_from_public_2026-03-20,ccmusic-database_erhu_playing_tech_00000057,1,pending,,pending,pending,,断弓,duan4_gong1,staccato
ccmusic-database_erhu_playing_tech_00000058,china,E:\Desktop\Echo\storage\public\routeA_phase2_cn\china\audio\ccmusic-database_erhu_playing_tech_00000058.wav,ccmusic-database/erhu_playing_tech,train,58,0.27773242630385486,44100,1,,china,unknown,0,staccato,staccato,,,,,,,,,,,,v4.0,v4_routeA_small_seed_from_public_2026-03-20,v4_routeA_small_seed_from_public_2026-03-20,ccmusic-database_erhu_playing_tech_00000058,1,pending,,pending,pending,,断弓,duan4_gong1,staccato
ccmusic-database_erhu_playing_tech_00000059,china,E:\Desktop\Echo\storage\public\routeA_phase2_cn\china\audio\ccmusic-database_erhu_playing_tech_00000059.wav,ccmusic-database/erhu_playing_tech,train,59,2.1666666666666665,44100,1,,china,unknown,0,vibrato,vibrato,,,,,,,,,,,,v4.0,v4_routeA_small_seed_from_public_2026-03-20,v4_routeA_small_seed_from_public_2026-03-20,ccmusic-database_erhu_playing_tech_00000059,1,pending,,pending,pending,,揉弦,rou2_xian2,vibrato
ccmusic-database_erhu_playing_tech_00000060,china,E:\Desktop\Echo\storage\public\routeA_phase2_cn\china\audio\ccmusic-database_erhu_playing_tech_00000060.wav,ccmusic-database/erhu_playing_tech,train,60,0.2644671201814059,44100,1,,china,unknown,0,staccato,staccato,,,,,,,,,,,,v4.0,v4_routeA_small_seed_from_public_2026-03-20,v4_routeA_small_seed_from_public_2026-03-20,ccmusic-database_erhu_playing_tech_00000060,1,pending,,pending,pending,,断弓,duan4_gong1,staccato
ccmusic-database_erhu_playing_tech_00000061,china,E:\Desktop\Echo\storage\public\routeA_phase2_cn\china\audio\ccmusic-database_erhu_playing_tech_00000061.wav,ccmusic-database/erhu_playing_tech,train,61,3.2852607709750568,44100,1,,china,unknown,0,detache,detache,,,,,,,,,,,,v4.0,v4_routeA_small_seed_from_public_2026-03-20,v4_routeA_small_seed_from_public_2026-03-20,ccmusic-database_erhu_playing_tech_00000061,1,pending,,pending,pending,,分弓,fen1_gong1,detache
ccmusic-database_erhu_playing_tech_00000062,china,E:\Desktop\Echo\storage\public\routeA_phase2_cn\china\audio\ccmusic-database_erhu_playing_tech_00000062.wav,ccmusic-database/erhu_playing_tech,train,62,0.3959410430839002,44100,1,,china,unknown,0,staccato,staccato,,,,,,,,,,,,v4.0,v4_routeA_small_seed_from_public_2026-03-20,v4_routeA_small_seed_from_public_2026-03-20,ccmusic-database_erhu_playing_tech_00000062,1,pending,,pending,pending,,断弓,duan4_gong1,staccato
ccmusic-database_erhu_playing_tech_00000063,china,E:\Desktop\Echo\storage\public\routeA_phase2_cn\china\audio\ccmusic-database_erhu_playing_tech_00000063.wav,ccmusic-database/erhu_playing_tech,train,63,0.6945804988662132,44100,1,,china,unknown,0,trill,trill,,,,,,,,,,,,v4.0,v4_routeA_small_seed_from_public_2026-03-20,v4_routeA_small_seed_from_public_2026-03-20,ccmusic-database_erhu_playing_tech_00000063,1,pending,,pending,pending,,颤音,chan4_yin1,trill
ccmusic-database_erhu_playing_tech_00000064,china,E:\Desktop\Echo\storage\public\routeA_phase2_cn\china\audio\ccmusic-database_erhu_playing_tech_00000064.wav,ccmusic-database/erhu_playing_tech,train,64,0.5267573696145125,44100,1,,china,unknown,0,trill,trill,,,,,,,,,,,,v4.0,v4_routeA_small_seed_from_public_2026-03-20,v4_routeA_small_seed_from_public_2026-03-20,ccmusic-database_erhu_playing_tech_00000064,1,pending,,pending,pending,,颤音,chan4_yin1,trill
ccmusic-database_erhu_playing_tech_00000065,china,E:\Desktop\Echo\storage\public\routeA_phase2_cn\china\audio\ccmusic-database_erhu_playing_tech_00000065.wav,ccmusic-database/erhu_playing_tech,train,65,1.6460544217687074,44100,1,,china,unknown,0,tremolo,tremolo,,,,,,,,,,,,v4.0,v4_routeA_small_seed_from_public_2026-03-20,v4_routeA_small_seed_from_public_2026-03-20,ccmusic-database_erhu_playing_tech_00000065,1,pending,,pending,pending,,震音,zhen4_yin1,tremolo
ccmusic-database_erhu_playing_tech_00000066,china,E:\Desktop\Echo\storage\public\routeA_phase2_cn\china\audio\ccmusic-database_erhu_playing_tech_00000066.wav,ccmusic-database/erhu_playing_tech,train,66,1.4869614512471656,44100,1,,china,unknown,0,tremolo,tremolo,,,,,,,,,,,,v4.0,v4_routeA_small_seed_from_public_2026-03-20,v4_routeA_small_seed_from_public_2026-03-20,ccmusic-database_erhu_playing_tech_00000066,1,pending,,pending,pending,,震音,zhen4_yin1,tremolo
ccmusic-database_erhu_playing_tech_00000067,china,E:\Desktop\Echo\storage\public\routeA_phase2_cn\china\audio\ccmusic-database_erhu_playing_tech_00000067.wav,ccmusic-database/erhu_playing_tech,train,67,3.161201814058957,44100,1,,china,unknown,0,vibrato,vibrato,,,,,,,,,,,,v4.0,v4_routeA_small_seed_from_public_2026-03-20,v4_routeA_small_seed_from_public_2026-03-20,ccmusic-database_erhu_playing_tech_00000067,1,pending,,pending,pending,,揉弦,rou2_xian2,vibrato
ccmusic-database_erhu_playing_tech_00000068,china,E:\Desktop\Echo\storage\public\routeA_phase2_cn\china\audio\ccmusic-database_erhu_playing_tech_00000068.wav,ccmusic-database/erhu_playing_tech,train,68,2.795192743764172,44100,1,,china,unknown,0,vibrato,vibrato,,,,,,,,,,,,v4.0,v4_routeA_small_seed_from_public_2026-03-20,v4_routeA_small_seed_from_public_2026-03-20,ccmusic-database_erhu_playing_tech_00000068,1,pending,,pending,pending,,揉弦,rou2_xian2,vibrato
ccmusic-database_erhu_playing_tech_00000069,china,E:\Desktop\Echo\storage\public\routeA_phase2_cn\china\audio\ccmusic-database_erhu_playing_tech_00000069.wav,ccmusic-database/erhu_playing_tech,train,69,0.8682539682539683,44100,1,,china,unknown,0,trill,trill,,,,,,,,,,,,v4.0,v4_routeA_small_seed_from_public_2026-03-20,v4_routeA_small_seed_from_public_2026-03-20,ccmusic-database_erhu_playing_tech_00000069,1,pending,,pending,pending,,颤音,chan4_yin1,trill
ccmusic-database_erhu_playing_tech_00000070,china,E:\Desktop\Echo\storage\public\routeA_phase2_cn\china\audio\ccmusic-database_erhu_playing_tech_00000070.wav,ccmusic-database/erhu_playing_tech,train,70,2.1495238095238096,44100,1,,china,unknown,0,vibrato,vibrato,,,,,,,,,,,,v4.0,v4_routeA_small_seed_from_public_2026-03-20,v4_routeA_small_seed_from_public_2026-03-20,ccmusic-database_erhu_playing_tech_00000070,1,pending,,pending,pending,,揉弦,rou2_xian2,vibrato
ccmusic-database_erhu_playing_tech_00000071,china,E:\Desktop\Echo\storage\public\routeA_phase2_cn\china\audio\ccmusic-database_erhu_playing_tech_00000071.wav,ccmusic-database/erhu_playing_tech,train,71,0.7336961451247166,44100,1,,china,unknown,0,ricochet,ricochet,,,,,,,,,,,,v4.0,v4_routeA_small_seed_from_public_2026-03-20,v4_routeA_small_seed_from_public_2026-03-20,ccmusic-database_erhu_playing_tech_00000071,1,pending,,pending,pending,,抛弓,pao1_gong1,ricochet
ccmusic-database_erhu_playing_tech_00000072,china,E:\Desktop\Echo\storage\public\routeA_phase2_cn\china\audio\ccmusic-database_erhu_playing_tech_00000072.wav,ccmusic-database/erhu_playing_tech,train,72,0.2739455782312925,44100,1,,china,unknown,0,pizzicato,pizzicato,,,,,,,,,,,,v4.0,v4_routeA_small_seed_from_public_2026-03-20,v4_routeA_small_seed_from_public_2026-03-20,ccmusic-database_erhu_playing_tech_00000072,1,pending,,pending,pending,,拨弦,bo1_xian2,pizzicato
ccmusic-database_erhu_playing_tech_00000073,china,E:\Desktop\Echo\storage\public\routeA_phase2_cn\china\audio\ccmusic-database_erhu_playing_tech_00000073.wav,ccmusic-database/erhu_playing_tech,train,73,0.19541950113378684,44100,1,,china,unknown,0,pizzicato,pizzicato,,,,,,,,,,,,v4.0,v4_routeA_small_seed_from_public_2026-03-20,v4_routeA_small_seed_from_public_2026-03-20,ccmusic-database_erhu_playing_tech_00000073,1,pending,,pending,pending,,拨弦,bo1_xian2,pizzicato
ccmusic-database_erhu_playing_tech_00000074,china,E:\Desktop\Echo\storage\public\routeA_phase2_cn\china\audio\ccmusic-database_erhu_playing_tech_00000074.wav,ccmusic-database/erhu_playing_tech,train,74,0.4336507936507937,44100,1,,china,unknown,0,staccato,staccato,,,,,,,,,,,,v4.0,v4_routeA_small_seed_from_public_2026-03-20,v4_routeA_small_seed_from_public_2026-03-20,ccmusic-database_erhu_playing_tech_00000074,1,pending,,pending,pending,,断弓,duan4_gong1,staccato
ccmusic-database_erhu_playing_tech_00000075,china,E:\Desktop\Echo\storage\public\routeA_phase2_cn\china\audio\ccmusic-database_erhu_playing_tech_00000075.wav,ccmusic-database/erhu_playing_tech,train,75,2.6186394557823127,44100,1,,china,unknown,0,vibrato,vibrato,,,,,,,,,,,,v4.0,v4_routeA_small_seed_from_public_2026-03-20,v4_routeA_small_seed_from_public_2026-03-20,ccmusic-database_erhu_playing_tech_00000075,1,pending,,pending,pending,,揉弦,rou2_xian2,vibrato
ccmusic-database_erhu_playing_tech_00000076,china,E:\Desktop\Echo\storage\public\routeA_phase2_cn\china\audio\ccmusic-database_erhu_playing_tech_00000076.wav,ccmusic-database/erhu_playing_tech,train,76,0.5084807256235828,44100,1,,china,unknown,0,legato_slide_glissando,legato_slide_glissando,,,,,,,,,,,,v4.0,v4_routeA_small_seed_from_public_2026-03-20,v4_routeA_small_seed_from_public_2026-03-20,ccmusic-database_erhu_playing_tech_00000076,1,pending,,pending,pending,,连弓、滑音、连音,"lian2_gong1, hua2_yin1, lian2_yin1",legato_slide_glissando
ccmusic-database_erhu_playing_tech_00000077,china,E:\Desktop\Echo\storage\public\routeA_phase2_cn\china\audio\ccmusic-database_erhu_playing_tech_00000077.wav,ccmusic-database/erhu_playing_tech,train,77,3.4809297052154196,44100,1,,china,unknown,0,vibrato,vibrato,,,,,,,,,,,,v4.0,v4_routeA_small_seed_from_public_2026-03-20,v4_routeA_small_seed_from_public_2026-03-20,ccmusic-database_erhu_playing_tech_00000077,1,pending,,pending,pending,,揉弦,rou2_xian2,vibrato
ccmusic-database_erhu_playing_tech_00000078,china,E:\Desktop\Echo\storage\public\routeA_phase2_cn\china\audio\ccmusic-database_erhu_playing_tech_00000078.wav,ccmusic-database/erhu_playing_tech,train,78,0.225578231292517,44100,1,,china,unknown,0,staccato,staccato,,,,,,,,,,,,v4.0,v4_routeA_small_seed_from_public_2026-03-20,v4_routeA_small_seed_from_public_2026-03-20,ccmusic-database_erhu_playing_tech_00000078,1,pending,,pending,pending,,断弓,duan4_gong1,staccato
ccmusic-database_erhu_playing_tech_00000079,china,E:\Desktop\Echo\storage\public\routeA_phase2_cn\china\audio\ccmusic-database_erhu_playing_tech_00000079.wav,ccmusic-database/erhu_playing_tech,train,79,0.22365079365079366,44100,1,,china,unknown,0,pizzicato,pizzicato,,,,,,,,,,,,v4.0,v4_routeA_small_seed_from_public_2026-03-20,v4_routeA_small_seed_from_public_2026-03-20,ccmusic-database_erhu_playing_tech_00000079,1,pending,,pending,pending,,拨弦,bo1_xian2,pizzicato
ccmusic-database_erhu_playing_tech_00000080,china,E:\Desktop\Echo\storage\public\routeA_phase2_cn\china\audio\ccmusic-database_erhu_playing_tech_00000080.wav,ccmusic-database/erhu_playing_tech,train,80,2.709433106575964,44100,1,,china,unknown,0,legato_slide_glissando,legato_slide_glissando,,,,,,,,,,,,v4.0,v4_routeA_small_seed_from_public_2026-03-20,v4_routeA_small_seed_from_public_2026-03-20,ccmusic-database_erhu_playing_tech_00000080,1,pending,,pending,pending,,连弓、滑音、连音,"lian2_gong1, hua2_yin1, lian2_yin1",legato_slide_glissando
ccmusic-database_erhu_playing_tech_00000081,china,E:\Desktop\Echo\storage\public\routeA_phase2_cn\china\audio\ccmusic-database_erhu_playing_tech_00000081.wav,ccmusic-database/erhu_playing_tech,train,81,1.777687074829932,44100,1,,china,unknown,0,harmonic,harmonic,,,,,,,,,,,,v4.0,v4_routeA_small_seed_from_public_2026-03-20,v4_routeA_small_seed_from_public_2026-03-20,ccmusic-database_erhu_playing_tech_00000081,1,pending,,pending,pending,,泛音,fan4_yin1,harmonic
ccmusic-database_erhu_playing_tech_00000082,china,E:\Desktop\Echo\storage\public\routeA_phase2_cn\china\audio\ccmusic-database_erhu_playing_tech_00000082.wav,ccmusic-database/erhu_playing_tech,train,82,0.9818140589569161,44100,1,,china,unknown,0,legato_slide_glissando,legato_slide_glissando,,,,,,,,,,,,v4.0,v4_routeA_small_seed_from_public_2026-03-20,v4_routeA_small_seed_from_public_2026-03-20,ccmusic-database_erhu_playing_tech_00000082,1,pending,,pending,pending,,连弓、滑音、连音,"lian2_gong1, hua2_yin1, lian2_yin1",legato_slide_glissando
ccmusic-database_erhu_playing_tech_00000083,china,E:\Desktop\Echo\storage\public\routeA_phase2_cn\china\audio\ccmusic-database_erhu_playing_tech_00000083.wav,ccmusic-database/erhu_playing_tech,train,83,2.149909297052154,44100,1,,china,unknown,0,trill,trill,,,,,,,,,,,,v4.0,v4_routeA_small_seed_from_public_2026-03-20,v4_routeA_small_seed_from_public_2026-03-20,ccmusic-database_erhu_playing_tech_00000083,1,pending,,pending,pending,,颤音,chan4_yin1,trill
ccmusic-database_erhu_playing_tech_00000084,china,E:\Desktop\Echo\storage\public\routeA_phase2_cn\china\audio\ccmusic-database_erhu_playing_tech_00000084.wav,ccmusic-database/erhu_playing_tech,train,84,0.3215646258503401,44100,1,,china,unknown,0,staccato,staccato,,,,,,,,,,,,v4.0,v4_routeA_small_seed_from_public_2026-03-20,v4_routeA_small_seed_from_public_2026-03-20,ccmusic-database_erhu_playing_tech_00000084,1,pending,,pending,pending,,断弓,duan4_gong1,staccato
ccmusic-database_erhu_playing_tech_00000085,china,E:\Desktop\Echo\storage\public\routeA_phase2_cn\china\audio\ccmusic-database_erhu_playing_tech_00000085.wav,ccmusic-database/erhu_playing_tech,train,85,0.31247165532879817,44100,1,,china,unknown,0,staccato,staccato,,,,,,,,,,,,v4.0,v4_routeA_small_seed_from_public_2026-03-20,v4_routeA_small_seed_from_public_2026-03-20,ccmusic-database_erhu_playing_tech_00000085,1,pending,,pending,pending,,断弓,duan4_gong1,staccato
ccmusic-database_erhu_playing_tech_00000086,china,E:\Desktop\Echo\storage\public\routeA_phase2_cn\china\audio\ccmusic-database_erhu_playing_tech_00000086.wav,ccmusic-database/erhu_playing_tech,train,86,1.9212018140589568,44100,1,,china,unknown,0,trill,trill,,,,,,,,,,,,v4.0,v4_routeA_small_seed_from_public_2026-03-20,v4_routeA_small_seed_from_public_2026-03-20,ccmusic-database_erhu_playing_tech_00000086,1,pending,,pending,pending,,颤音,chan4_yin1,trill
ccmusic-database_erhu_playing_tech_00000087,china,E:\Desktop\Echo\storage\public\routeA_phase2_cn\china\audio\ccmusic-database_erhu_playing_tech_00000087.wav,ccmusic-database/erhu_playing_tech,train,87,1.578843537414966,44100,1,,china,unknown,0,tremolo,tremolo,,,,,,,,,,,,v4.0,v4_routeA_small_seed_from_public_2026-03-20,v4_routeA_small_seed_from_public_2026-03-20,ccmusic-database_erhu_playing_tech_00000087,1,pending,,pending,pending,,震音,zhen4_yin1,tremolo
ccmusic-database_erhu_playing_tech_00000088,china,E:\Desktop\Echo\storage\public\routeA_phase2_cn\china\audio\ccmusic-database_erhu_playing_tech_00000088.wav,ccmusic-database/erhu_playing_tech,train,88,1.6743537414965985,44100,1,,china,unknown,0,detache,detache,,,,,,,,,,,,v4.0,v4_routeA_small_seed_from_public_2026-03-20,v4_routeA_small_seed_from_public_2026-03-20,ccmusic-database_erhu_playing_tech_00000088,1,pending,,pending,pending,,分弓,fen1_gong1,detache
ccmusic-database_erhu_playing_tech_00000089,china,E:\Desktop\Echo\storage\public\routeA_phase2_cn\china\audio\ccmusic-database_erhu_playing_tech_00000089.wav,ccmusic-database/erhu_playing_tech,train,89,2.7629251700680273,44100,1,,china,unknown,0,detache,detache,,,,,,,,,,,,v4.0,v4_routeA_small_seed_from_public_2026-03-20,v4_routeA_small_seed_from_public_2026-03-20,ccmusic-database_erhu_playing_tech_00000089,1,pending,,pending,pending,,分弓,fen1_gong1,detache
ccmusic-database_erhu_playing_tech_00000090,china,E:\Desktop\Echo\storage\public\routeA_phase2_cn\china\audio\ccmusic-database_erhu_playing_tech_00000090.wav,ccmusic-database/erhu_playing_tech,train,90,1.0793197278911564,44100,1,,china,unknown,0,legato_slide_glissando,legato_slide_glissando,,,,,,,,,,,,v4.0,v4_routeA_small_seed_from_public_2026-03-20,v4_routeA_small_seed_from_public_2026-03-20,ccmusic-database_erhu_playing_tech_00000090,1,pending,,pending,pending,,连弓、滑音、连音,"lian2_gong1, hua2_yin1, lian2_yin1",legato_slide_glissando
ccmusic-database_erhu_playing_tech_00000091,china,E:\Desktop\Echo\storage\public\routeA_phase2_cn\china\audio\ccmusic-database_erhu_playing_tech_00000091.wav,ccmusic-database/erhu_playing_tech,train,91,0.25448979591836735,44100,1,,china,unknown,0,pizzicato,pizzicato,,,,,,,,,,,,v4.0,v4_routeA_small_seed_from_public_2026-03-20,v4_routeA_small_seed_from_public_2026-03-20,ccmusic-database_erhu_playing_tech_00000091,1,pending,,pending,pending,,拨弦,bo1_xian2,pizzicato
ccmusic-database_erhu_playing_tech_00000092,china,E:\Desktop\Echo\storage\public\routeA_phase2_cn\china\audio\ccmusic-database_erhu_playing_tech_00000092.wav,ccmusic-database/erhu_playing_tech,train,92,0.3302721088435374,44100,1,,china,unknown,0,pizzicato,pizzicato,,,,,,,,,,,,v4.0,v4_routeA_small_seed_from_public_2026-03-20,v4_routeA_small_seed_from_public_2026-03-20,ccmusic-database_erhu_playing_tech_00000092,1,pending,,pending,pending,,拨弦,bo1_xian2,pizzicato
ccmusic-database_erhu_playing_tech_00000093,china,E:\Desktop\Echo\storage\public\routeA_phase2_cn\china\audio\ccmusic-database_erhu_playing_tech_00000093.wav,ccmusic-database/erhu_playing_tech,train,93,0.45197278911564626,44100,1,,china,unknown,0,legato_slide_glissando,legato_slide_glissando,,,,,,,,,,,,v4.0,v4_routeA_small_seed_from_public_2026-03-20,v4_routeA_small_seed_from_public_2026-03-20,ccmusic-database_erhu_playing_tech_00000093,1,pending,,pending,pending,,连弓、滑音、连音,"lian2_gong1, hua2_yin1, lian2_yin1",legato_slide_glissando
ccmusic-database_erhu_playing_tech_00000094,china,E:\Desktop\Echo\storage\public\routeA_phase2_cn\china\audio\ccmusic-database_erhu_playing_tech_00000094.wav,ccmusic-database/erhu_playing_tech,train,94,1.297845804988662,44100,1,,china,unknown,0,trill,trill,,,,,,,,,,,,v4.0,v4_routeA_small_seed_from_public_2026-03-20,v4_routeA_small_seed_from_public_2026-03-20,ccmusic-database_erhu_playing_tech_00000094,1,pending,,pending,pending,,颤音,chan4_yin1,trill
ccmusic-database_erhu_playing_tech_00000095,china,E:\Desktop\Echo\storage\public\routeA_phase2_cn\china\audio\ccmusic-database_erhu_playing_tech_00000095.wav,ccmusic-database/erhu_playing_tech,train,95,2.3667573696145126,44100,1,,china,unknown,0,detache,detache,,,,,,,,,,,,v4.0,v4_routeA_small_seed_from_public_2026-03-20,v4_routeA_small_seed_from_public_2026-03-20,ccmusic-database_erhu_playing_tech_00000095,1,pending,,pending,pending,,分弓,fen1_gong1,detache
ccmusic-database_erhu_playing_tech_00000096,china,E:\Desktop\Echo\storage\public\routeA_phase2_cn\china\audio\ccmusic-database_erhu_playing_tech_00000096.wav,ccmusic-database/erhu_playing_tech,train,96,0.18775510204081633,44100,1,,china,unknown,0,pizzicato,pizzicato,,,,,,,,,,,,v4.0,v4_routeA_small_seed_from_public_2026-03-20,v4_routeA_small_seed_from_public_2026-03-20,ccmusic-database_erhu_playing_tech_00000096,1,pending,,pending,pending,,拨弦,bo1_xian2,pizzicato
ccmusic-database_erhu_playing_tech_00000097,china,E:\Desktop\Echo\storage\public\routeA_phase2_cn\china\audio\ccmusic-database_erhu_playing_tech_00000097.wav,ccmusic-database/erhu_playing_tech,train,97,2.831609977324263,44100,1,,china,unknown,0,detache,detache,,,,,,,,,,,,v4.0,v4_routeA_small_seed_from_public_2026-03-20,v4_routeA_small_seed_from_public_2026-03-20,ccmusic-database_erhu_playing_tech_00000097,1,pending,,pending,pending,,分弓,fen1_gong1,detache
ccmusic-database_erhu_playing_tech_00000098,china,E:\Desktop\Echo\storage\public\routeA_phase2_cn\china\audio\ccmusic-database_erhu_playing_tech_00000098.wav,ccmusic-database/erhu_playing_tech,train,98,2.005578231292517,44100,1,,china,unknown,0,legato_slide_glissando,legato_slide_glissando,,,,,,,,,,,,v4.0,v4_routeA_small_seed_from_public_2026-03-20,v4_routeA_small_seed_from_public_2026-03-20,ccmusic-database_erhu_playing_tech_00000098,1,pending,,pending,pending,,连弓、滑音、连音,"lian2_gong1, hua2_yin1, lian2_yin1",legato_slide_glissando
ccmusic-database_erhu_playing_tech_00000099,china,E:\Desktop\Echo\storage\public\routeA_phase2_cn\china\audio\ccmusic-database_erhu_playing_tech_00000099.wav,ccmusic-database/erhu_playing_tech,train,99,1.5625850340136054,44100,1,,china,unknown,0,trill,trill,,,,,,,,,,,,v4.0,v4_routeA_small_seed_from_public_2026-03-20,v4_routeA_small_seed_from_public_2026-03-20,ccmusic-database_erhu_playing_tech_00000099,1,pending,,pending,pending,,颤音,chan4_yin1,trill
ccmusic-database_erhu_playing_tech_00000100,china,E:\Desktop\Echo\storage\public\routeA_phase2_cn\china\audio\ccmusic-database_erhu_playing_tech_00000100.wav,ccmusic-database/erhu_playing_tech,train,100,1.7207709750566893,44100,1,,china,unknown,0,trill,trill,,,,,,,,,,,,v4.0,v4_routeA_small_seed_from_public_2026-03-20,v4_routeA_small_seed_from_public_2026-03-20,ccmusic-database_erhu_playing_tech_00000100,1,pending,,pending,pending,,颤音,chan4_yin1,trill
ccmusic-database_erhu_playing_tech_00000101,china,E:\Desktop\Echo\storage\public\routeA_phase2_cn\china\audio\ccmusic-database_erhu_playing_tech_00000101.wav,ccmusic-database/erhu_playing_tech,train,101,1.6259863945578232,44100,1,,china,unknown,0,tremolo,tremolo,,,,,,,,,,,,v4.0,v4_routeA_small_seed_from_public_2026-03-20,v4_routeA_small_seed_from_public_2026-03-20,ccmusic-database_erhu_playing_tech_00000101,1,pending,,pending,pending,,震音,zhen4_yin1,tremolo
ccmusic-database_erhu_playing_tech_00000102,china,E:\Desktop\Echo\storage\public\routeA_phase2_cn\china\audio\ccmusic-database_erhu_playing_tech_00000102.wav,ccmusic-database/erhu_playing_tech,train,102,0.8080725623582766,44100,1,,china,unknown,0,legato_slide_glissando,legato_slide_glissando,,,,,,,,,,,,v4.0,v4_routeA_small_seed_from_public_2026-03-20,v4_routeA_small_seed_from_public_2026-03-20,ccmusic-database_erhu_playing_tech_00000102,1,pending,,pending,pending,,连弓、滑音、连音,"lian2_gong1, hua2_yin1, lian2_yin1",legato_slide_glissando
ccmusic-database_erhu_playing_tech_00000103,china,E:\Desktop\Echo\storage\public\routeA_phase2_cn\china\audio\ccmusic-database_erhu_playing_tech_00000103.wav,ccmusic-database/erhu_playing_tech,train,103,0.22317460317460316,44100,1,,china,unknown,0,staccato,staccato,,,,,,,,,,,,v4.0,v4_routeA_small_seed_from_public_2026-03-20,v4_routeA_small_seed_from_public_2026-03-20,ccmusic-database_erhu_playing_tech_00000103,1,pending,,pending,pending,,断弓,duan4_gong1,staccato
ccmusic-database_erhu_playing_tech_00000104,china,E:\Desktop\Echo\storage\public\routeA_phase2_cn\china\audio\ccmusic-database_erhu_playing_tech_00000104.wav,ccmusic-database/erhu_playing_tech,train,104,0.9122222222222223,44100,1,,china,unknown,0,legato_slide_glissando,legato_slide_glissando,,,,,,,,,,,,v4.0,v4_routeA_small_seed_from_public_2026-03-20,v4_routeA_small_seed_from_public_2026-03-20,ccmusic-database_erhu_playing_tech_00000104,1,pending,,pending,pending,,连弓、滑音、连音,"lian2_gong1, hua2_yin1, lian2_yin1",legato_slide_glissando
ccmusic-database_erhu_playing_tech_00000105,china,E:\Desktop\Echo\storage\public\routeA_phase2_cn\china\audio\ccmusic-database_erhu_playing_tech_00000105.wav,ccmusic-database/erhu_playing_tech,train,105,1.9829024943310658,44100,1,,china,unknown,0,trill,trill,,,,,,,,,,,,v4.0,v4_routeA_small_seed_from_public_2026-03-20,v4_routeA_small_seed_from_public_2026-03-20,ccmusic-database_erhu_playing_tech_00000105,1,pending,,pending,pending,,颤音,chan4_yin1,trill
ccmusic-database_erhu_playing_tech_00000106,china,E:\Desktop\Echo\storage\public\routeA_phase2_cn\china\audio\ccmusic-database_erhu_playing_tech_00000106.wav,ccmusic-database/erhu_playing_tech,train,106,0.19886621315192743,44100,1,,china,unknown,0,pizzicato,pizzicato,,,,,,,,,,,,v4.0,v4_routeA_small_seed_from_public_2026-03-20,v4_routeA_small_seed_from_public_2026-03-20,ccmusic-database_erhu_playing_tech_00000106,1,pending,,pending,pending,,拨弦,bo1_xian2,pizzicato
ccmusic-database_erhu_playing_tech_00000107,china,E:\Desktop\Echo\storage\public\routeA_phase2_cn\china\audio\ccmusic-database_erhu_playing_tech_00000107.wav,ccmusic-database/erhu_playing_tech,train,107,0.4798639455782313,44100,1,,china,unknown,0,ricochet,ricochet,,,,,,,,,,,,v4.0,v4_routeA_small_seed_from_public_2026-03-20,v4_routeA_small_seed_from_public_2026-03-20,ccmusic-database_erhu_playing_tech_00000107,1,pending,,pending,pending,,抛弓,pao1_gong1,ricochet
ccmusic-database_erhu_playing_tech_00000108,china,E:\Desktop\Echo\storage\public\routeA_phase2_cn\china\audio\ccmusic-database_erhu_playing_tech_00000108.wav,ccmusic-database/erhu_playing_tech,train,108,3.06968253968254,44100,1,,china,unknown,0,percussive,percussive,,,,,,,,,,,,v4.0,v4_routeA_small_seed_from_public_2026-03-20,v4_routeA_small_seed_from_public_2026-03-20,ccmusic-database_erhu_playing_tech_00000108,1,pending,,pending,pending,,击弓,ji1_gong1,percussive
ccmusic-database_erhu_playing_tech_00000109,china,E:\Desktop\Echo\storage\public\routeA_phase2_cn\china\audio\ccmusic-database_erhu_playing_tech_00000109.wav,ccmusic-database/erhu_playing_tech,train,109,0.2777097505668934,44100,1,,china,unknown,0,staccato,staccato,,,,,,,,,,,,v4.0,v4_routeA_small_seed_from_public_2026-03-20,v4_routeA_small_seed_from_public_2026-03-20,ccmusic-database_erhu_playing_tech_00000109,1,pending,,pending,pending,,断弓,duan4_gong1,staccato
ccmusic-database_erhu_playing_tech_00000110,china,E:\Desktop\Echo\storage\public\routeA_phase2_cn\china\audio\ccmusic-database_erhu_playing_tech_00000110.wav,ccmusic-database/erhu_playing_tech,train,110,0.24510204081632653,44100,1,,china,unknown,0,staccato,staccato,,,,,,,,,,,,v4.0,v4_routeA_small_seed_from_public_2026-03-20,v4_routeA_small_seed_from_public_2026-03-20,ccmusic-database_erhu_playing_tech_00000110,1,pending,,pending,pending,,断弓,duan4_gong1,staccato
ccmusic-database_erhu_playing_tech_00000111,china,E:\Desktop\Echo\storage\public\routeA_phase2_cn\china\audio\ccmusic-database_erhu_playing_tech_00000111.wav,ccmusic-database/erhu_playing_tech,train,111,0.3582312925170068,44100,1,,china,unknown,0,staccato,staccato,,,,,,,,,,,,v4.0,v4_routeA_small_seed_from_public_2026-03-20,v4_routeA_small_seed_from_public_2026-03-20,ccmusic-database_erhu_playing_tech_00000111,1,pending,,pending,pending,,断弓,duan4_gong1,staccato
ccmusic-database_erhu_playing_tech_00000112,china,E:\Desktop\Echo\storage\public\routeA_phase2_cn\china\audio\ccmusic-database_erhu_playing_tech_00000112.wav,ccmusic-database/erhu_playing_tech,train,112,2.5719274376417234,44100,1,,china,unknown,0,harmonic,harmonic,,,,,,,,,,,,v4.0,v4_routeA_small_seed_from_public_2026-03-20,v4_routeA_small_seed_from_public_2026-03-20,ccmusic-database_erhu_playing_tech_00000112,1,pending,,pending,pending,,泛音,fan4_yin1,harmonic
ccmusic-database_erhu_playing_tech_00000113,china,E:\Desktop\Echo\storage\public\routeA_phase2_cn\china\audio\ccmusic-database_erhu_playing_tech_00000113.wav,ccmusic-database/erhu_playing_tech,train,113,2.9546938775510205,44100,1,,china,unknown,0,detache,detache,,,,,,,,,,,,v4.0,v4_routeA_small_seed_from_public_2026-03-20,v4_routeA_small_seed_from_public_2026-03-20,ccmusic-database_erhu_playing_tech_00000113,1,pending,,pending,pending,,分弓,fen1_gong1,detache
ccmusic-database_erhu_playing_tech_00000114,china,E:\Desktop\Echo\storage\public\routeA_phase2_cn\china\audio\ccmusic-database_erhu_playing_tech_00000114.wav,ccmusic-database/erhu_playing_tech,train,114,2.987891156462585,44100,1,,china,unknown,0,vibrato,vibrato,,,,,,,,,,,,v4.0,v4_routeA_small_seed_from_public_2026-03-20,v4_routeA_small_seed_from_public_2026-03-20,ccmusic-database_erhu_playing_tech_00000114,1,pending,,pending,pending,,揉弦,rou2_xian2,vibrato
ccmusic-database_erhu_playing_tech_00000115,china,E:\Desktop\Echo\storage\public\routeA_phase2_cn\china\audio\ccmusic-database_erhu_playing_tech_00000115.wav,ccmusic-database/erhu_playing_tech,train,115,0.4508390022675737,44100,1,,china,unknown,0,ricochet,ricochet,,,,,,,,,,,,v4.0,v4_routeA_small_seed_from_public_2026-03-20,v4_routeA_small_seed_from_public_2026-03-20,ccmusic-database_erhu_playing_tech_00000115,1,pending,,pending,pending,,抛弓,pao1_gong1,ricochet
ccmusic-database_erhu_playing_tech_00000116,china,E:\Desktop\Echo\storage\public\routeA_phase2_cn\china\audio\ccmusic-database_erhu_playing_tech_00000116.wav,ccmusic-database/erhu_playing_tech,train,116,0.9481179138321996,44100,1,,china,unknown,0,trill,trill,,,,,,,,,,,,v4.0,v4_routeA_small_seed_from_public_2026-03-20,v4_routeA_small_seed_from_public_2026-03-20,ccmusic-database_erhu_playing_tech_00000116,1,pending,,pending,pending,,颤音,chan4_yin1,trill
ccmusic-database_erhu_playing_tech_00000117,china,E:\Desktop\Echo\storage\public\routeA_phase2_cn\china\audio\ccmusic-database_erhu_playing_tech_00000117.wav,ccmusic-database/erhu_playing_tech,train,117,0.7154195011337868,44100,1,,china,unknown,0,legato_slide_glissando,legato_slide_glissando,,,,,,,,,,,,v4.0,v4_routeA_small_seed_from_public_2026-03-20,v4_routeA_small_seed_from_public_2026-03-20,ccmusic-database_erhu_playing_tech_00000117,1,pending,,pending,pending,,连弓、滑音、连音,"lian2_gong1, hua2_yin1, lian2_yin1",legato_slide_glissando
ccmusic-database_erhu_playing_tech_00000118,china,E:\Desktop\Echo\storage\public\routeA_phase2_cn\china\audio\ccmusic-database_erhu_playing_tech_00000118.wav,ccmusic-database/erhu_playing_tech,train,118,1.3449659863945578,44100,1,,china,unknown,0,trill,trill,,,,,,,,,,,,v4.0,v4_routeA_small_seed_from_public_2026-03-20,v4_routeA_small_seed_from_public_2026-03-20,ccmusic-database_erhu_playing_tech_00000118,1,pending,,pending,pending,,颤音,chan4_yin1,trill
ccmusic-database_erhu_playing_tech_00000119,china,E:\Desktop\Echo\storage\public\routeA_phase2_cn\china\audio\ccmusic-database_erhu_playing_tech_00000119.wav,ccmusic-database/erhu_playing_tech,train,119,1.977142857142857,44100,1,,china,unknown,0,vibrato,vibrato,,,,,,,,,,,,v4.0,v4_routeA_small_seed_from_public_2026-03-20,v4_routeA_small_seed_from_public_2026-03-20,ccmusic-database_erhu_playing_tech_00000119,1,pending,,pending,pending,,揉弦,rou2_xian2,vibrato
ccmusic-database_erhu_playing_tech_00000120,china,E:\Desktop\Echo\storage\public\routeA_phase2_cn\china\audio\ccmusic-database_erhu_playing_tech_00000120.wav,ccmusic-database/erhu_playing_tech,train,120,0.5316326530612245,44100,1,,china,unknown,0,percussive,percussive,,,,,,,,,,,,v4.0,v4_routeA_small_seed_from_public_2026-03-20,v4_routeA_small_seed_from_public_2026-03-20,ccmusic-database_erhu_playing_tech_00000120,1,pending,,pending,pending,,击弓,ji1_gong1,percussive
ccmusic-database_erhu_playing_tech_00000121,china,E:\Desktop\Echo\storage\public\routeA_phase2_cn\china\audio\ccmusic-database_erhu_playing_tech_00000121.wav,ccmusic-database/erhu_playing_tech,train,121,1.2984126984126985,44100,1,,china,unknown,0,trill,trill,,,,,,,,,,,,v4.0,v4_routeA_small_seed_from_public_2026-03-20,v4_routeA_small_seed_from_public_2026-03-20,ccmusic-database_erhu_playing_tech_00000121,1,pending,,pending,pending,,颤音,chan4_yin1,trill
ccmusic-database_erhu_playing_tech_00000122,china,E:\Desktop\Echo\storage\public\routeA_phase2_cn\china\audio\ccmusic-database_erhu_playing_tech_00000122.wav,ccmusic-database/erhu_playing_tech,train,122,0.2412018140589569,44100,1,,china,unknown,0,staccato,staccato,,,,,,,,,,,,v4.0,v4_routeA_small_seed_from_public_2026-03-20,v4_routeA_small_seed_from_public_2026-03-20,ccmusic-database_erhu_playing_tech_00000122,1,pending,,pending,pending,,断弓,duan4_gong1,staccato
ccmusic-database_erhu_playing_tech_00000123,china,E:\Desktop\Echo\storage\public\routeA_phase2_cn\china\audio\ccmusic-database_erhu_playing_tech_00000123.wav,ccmusic-database/erhu_playing_tech,train,123,2.3200907029478457,44100,1,,china,unknown,0,legato_slide_glissando,legato_slide_glissando,,,,,,,,,,,,v4.0,v4_routeA_small_seed_from_public_2026-03-20,v4_routeA_small_seed_from_public_2026-03-20,ccmusic-database_erhu_playing_tech_00000123,1,pending,,pending,pending,,连弓、滑音、连音,"lian2_gong1, hua2_yin1, lian2_yin1",legato_slide_glissando
ccmusic-database_erhu_playing_tech_00000124,china,E:\Desktop\Echo\storage\public\routeA_phase2_cn\china\audio\ccmusic-database_erhu_playing_tech_00000124.wav,ccmusic-database/erhu_playing_tech,train,124,0.6250340136054422,44100,1,,china,unknown,0,trill,trill,,,,,,,,,,,,v4.0,v4_routeA_small_seed_from_public_2026-03-20,v4_routeA_small_seed_from_public_2026-03-20,ccmusic-database_erhu_playing_tech_00000124,1,pending,,pending,pending,,颤音,chan4_yin1,trill
ccmusic-database_erhu_playing_tech_00000125,china,E:\Desktop\Echo\storage\public\routeA_phase2_cn\china\audio\ccmusic-database_erhu_playing_tech_00000125.wav,ccmusic-database/erhu_playing_tech,train,125,1.3304988662131518,44100,1,,china,unknown,0,diangong,diangong,,,,,,,,,,,,v4.0,v4_routeA_small_seed_from_public_2026-03-20,v4_routeA_small_seed_from_public_2026-03-20,ccmusic-database_erhu_playing_tech_00000125,1,pending,,pending,pending,,垫弓,dian4_gong1,diangong
ccmusic-database_erhu_playing_tech_00000126,china,E:\Desktop\Echo\storage\public\routeA_phase2_cn\china\audio\ccmusic-database_erhu_playing_tech_00000126.wav,ccmusic-database/erhu_playing_tech,train,126,1.5210430839002267,44100,1,,china,unknown,0,tremolo,tremolo,,,,,,,,,,,,v4.0,v4_routeA_small_seed_from_public_2026-03-20,v4_routeA_small_seed_from_public_2026-03-20,ccmusic-database_erhu_playing_tech_00000126,1,pending,,pending,pending,,震音,zhen4_yin1,tremolo
ccmusic-database_erhu_playing_tech_00000127,china,E:\Desktop\Echo\storage\public\routeA_phase2_cn\china\audio\ccmusic-database_erhu_playing_tech_00000127.wav,ccmusic-database/erhu_playing_tech,train,127,1.4257369614512472,44100,1,,china,unknown,0,tremolo,tremolo,,,,,,,,,,,,v4.0,v4_routeA_small_seed_from_public_2026-03-20,v4_routeA_small_seed_from_public_2026-03-20,ccmusic-database_erhu_playing_tech_00000127,1,pending,,pending,pending,,震音,zhen4_yin1,tremolo
ccmusic-database_erhu_playing_tech_00000128,china,E:\Desktop\Echo\storage\public\routeA_phase2_cn\china\audio\ccmusic-database_erhu_playing_tech_00000128.wav,ccmusic-database/erhu_playing_tech,train,128,1.5579138321995465,44100,1,,china,unknown,0,tremolo,tremolo,,,,,,,,,,,,v4.0,v4_routeA_small_seed_from_public_2026-03-20,v4_routeA_small_seed_from_public_2026-03-20,ccmusic-database_erhu_playing_tech_00000128,1,pending,,pending,pending,,震音,zhen4_yin1,tremolo
ccmusic-database_erhu_playing_tech_00000129,china,E:\Desktop\Echo\storage\public\routeA_phase2_cn\china\audio\ccmusic-database_erhu_playing_tech_00000129.wav,ccmusic-database/erhu_playing_tech,train,129,0.2712471655328798,44100,1,,china,unknown,0,staccato,staccato,,,,,,,,,,,,v4.0,v4_routeA_small_seed_from_public_2026-03-20,v4_routeA_small_seed_from_public_2026-03-20,ccmusic-database_erhu_playing_tech_00000129,1,pending,,pending,pending,,断弓,duan4_gong1,staccato
ccmusic-database_erhu_playing_tech_00000130,china,E:\Desktop\Echo\storage\public\routeA_phase2_cn\china\audio\ccmusic-database_erhu_playing_tech_00000130.wav,ccmusic-database/erhu_playing_tech,train,130,0.6620408163265306,44100,1,,china,unknown,0,trill,trill,,,,,,,,,,,,v4.0,v4_routeA_small_seed_from_public_2026-03-20,v4_routeA_small_seed_from_public_2026-03-20,ccmusic-database_erhu_playing_tech_00000130,1,pending,,pending,pending,,颤音,chan4_yin1,trill
ccmusic-database_erhu_playing_tech_00000131,china,E:\Desktop\Echo\storage\public\routeA_phase2_cn\china\audio\ccmusic-database_erhu_playing_tech_00000131.wav,ccmusic-database/erhu_playing_tech,train,131,0.6302947845804988,44100,1,,china,unknown,0,trill,trill,,,,,,,,,,,,v4.0,v4_routeA_small_seed_from_public_2026-03-20,v4_routeA_small_seed_from_public_2026-03-20,ccmusic-database_erhu_playing_tech_00000131,1,pending,,pending,pending,,颤音,chan4_yin1,trill
ccmusic-database_erhu_playing_tech_00000132,china,E:\Desktop\Echo\storage\public\routeA_phase2_cn\china\audio\ccmusic-database_erhu_playing_tech_00000132.wav,ccmusic-database/erhu_playing_tech,train,132,0.5922675736961451,44100,1,,china,unknown,0,pizzicato,pizzicato,,,,,,,,,,,,v4.0,v4_routeA_small_seed_from_public_2026-03-20,v4_routeA_small_seed_from_public_2026-03-20,ccmusic-database_erhu_playing_tech_00000132,1,pending,,pending,pending,,拨弦,bo1_xian2,pizzicato
ccmusic-database_erhu_playing_tech_00000133,china,E:\Desktop\Echo\storage\public\routeA_phase2_cn\china\audio\ccmusic-database_erhu_playing_tech_00000133.wav,ccmusic-database/erhu_playing_tech,train,133,1.0864399092970523,44100,1,,china,unknown,0,diangong,diangong,,,,,,,,,,,,v4.0,v4_routeA_small_seed_from_public_2026-03-20,v4_routeA_small_seed_from_public_2026-03-20,ccmusic-database_erhu_playing_tech_00000133,1,pending,,pending,pending,,垫弓,dian4_gong1,diangong
ccmusic-database_erhu_playing_tech_00000134,china,E:\Desktop\Echo\storage\public\routeA_phase2_cn\china\audio\ccmusic-database_erhu_playing_tech_00000134.wav,ccmusic-database/erhu_playing_tech,train,134,0.12793650793650793,44100,1,,china,unknown,0,pizzicato,pizzicato,,,,,,,,,,,,v4.0,v4_routeA_small_seed_from_public_2026-03-20,v4_routeA_small_seed_from_public_2026-03-20,ccmusic-database_erhu_playing_tech_00000134,1,pending,,pending,pending,,拨弦,bo1_xian2,pizzicato
ccmusic-database_erhu_playing_tech_00000135,china,E:\Desktop\Echo\storage\public\routeA_phase2_cn\china\audio\ccmusic-database_erhu_playing_tech_00000135.wav,ccmusic-database/erhu_playing_tech,train,135,1.3324489795918368,44100,1,,china,unknown,0,trill,trill,,,,,,,,,,,,v4.0,v4_routeA_small_seed_from_public_2026-03-20,v4_routeA_small_seed_from_public_2026-03-20,ccmusic-database_erhu_playing_tech_00000135,1,pending,,pending,pending,,颤音,chan4_yin1,trill
ccmusic-database_erhu_playing_tech_00000136,china,E:\Desktop\Echo\storage\public\routeA_phase2_cn\china\audio\ccmusic-database_erhu_playing_tech_00000136.wav,ccmusic-database/erhu_playing_tech,train,136,0.6128571428571429,44100,1,,china,unknown,0,trill,trill,,,,,,,,,,,,v4.0,v4_routeA_small_seed_from_public_2026-03-20,v4_routeA_small_seed_from_public_2026-03-20,ccmusic-database_erhu_playing_tech_00000136,1,pending,,pending,pending,,颤音,chan4_yin1,trill
ccmusic-database_erhu_playing_tech_00000137,china,E:\Desktop\Echo\storage\public\routeA_phase2_cn\china\audio\ccmusic-database_erhu_playing_tech_00000137.wav,ccmusic-database/erhu_playing_tech,train,137,0.2370294784580499,44100,1,,china,unknown,0,staccato,staccato,,,,,,,,,,,,v4.0,v4_routeA_small_seed_from_public_2026-03-20,v4_routeA_small_seed_from_public_2026-03-20,ccmusic-database_erhu_playing_tech_00000137,1,pending,,pending,pending,,断弓,duan4_gong1,staccato
ccmusic-database_erhu_playing_tech_00000138,china,E:\Desktop\Echo\storage\public\routeA_phase2_cn\china\audio\ccmusic-database_erhu_playing_tech_00000138.wav,ccmusic-database/erhu_playing_tech,train,138,1.818548752834467,44100,1,,china,unknown,0,tremolo,tremolo,,,,,,,,,,,,v4.0,v4_routeA_small_seed_from_public_2026-03-20,v4_routeA_small_seed_from_public_2026-03-20,ccmusic-database_erhu_playing_tech_00000138,1,pending,,pending,pending,,震音,zhen4_yin1,tremolo
ccmusic-database_erhu_playing_tech_00000139,china,E:\Desktop\Echo\storage\public\routeA_phase2_cn\china\audio\ccmusic-database_erhu_playing_tech_00000139.wav,ccmusic-database/erhu_playing_tech,train,139,1.6643537414965985,44100,1,,china,unknown,0,vibrato,vibrato,,,,,,,,,,,,v4.0,v4_routeA_small_seed_from_public_2026-03-20,v4_routeA_small_seed_from_public_2026-03-20,ccmusic-database_erhu_playing_tech_00000139,1,pending,,pending,pending,,揉弦,rou2_xian2,vibrato
ccmusic-database_erhu_playing_tech_00000140,china,E:\Desktop\Echo\storage\public\routeA_phase2_cn\china\audio\ccmusic-database_erhu_playing_tech_00000140.wav,ccmusic-database/erhu_playing_tech,train,140,2.0797278911564625,44100,1,,china,unknown,0,trill,trill,,,,,,,,,,,,v4.0,v4_routeA_small_seed_from_public_2026-03-20,v4_routeA_small_seed_from_public_2026-03-20,ccmusic-database_erhu_playing_tech_00000140,1,pending,,pending,pending,,颤音,chan4_yin1,trill
ccmusic-database_erhu_playing_tech_00000141,china,E:\Desktop\Echo\storage\public\routeA_phase2_cn\china\audio\ccmusic-database_erhu_playing_tech_00000141.wav,ccmusic-database/erhu_playing_tech,train,141,0.2220861678004535,44100,1,,china,unknown,0,staccato,staccato,,,,,,,,,,,,v4.0,v4_routeA_small_seed_from_public_2026-03-20,v4_routeA_small_seed_from_public_2026-03-20,ccmusic-database_erhu_playing_tech_00000141,1,pending,,pending,pending,,断弓,duan4_gong1,staccato
ccmusic-database_erhu_playing_tech_00000142,china,E:\Desktop\Echo\storage\public\routeA_phase2_cn\china\audio\ccmusic-database_erhu_playing_tech_00000142.wav,ccmusic-database/erhu_playing_tech,train,142,1.485532879818594,44100,1,,china,unknown,0,detache,detache,,,,,,,,,,,,v4.0,v4_routeA_small_seed_from_public_2026-03-20,v4_routeA_small_seed_from_public_2026-03-20,ccmusic-database_erhu_playing_tech_00000142,1,pending,,pending,pending,,分弓,fen1_gong1,detache
ccmusic-database_erhu_playing_tech_00000143,china,E:\Desktop\Echo\storage\public\routeA_phase2_cn\china\audio\ccmusic-database_erhu_playing_tech_00000143.wav,ccmusic-database/erhu_playing_tech,train,143,0.46984126984126984,44100,1,,china,unknown,0,trill,trill,,,,,,,,,,,,v4.0,v4_routeA_small_seed_from_public_2026-03-20,v4_routeA_small_seed_from_public_2026-03-20,ccmusic-database_erhu_playing_tech_00000143,1,pending,,pending,pending,,颤音,chan4_yin1,trill
ccmusic-database_erhu_playing_tech_00000144,china,E:\Desktop\Echo\storage\public\routeA_phase2_cn\china\audio\ccmusic-database_erhu_playing_tech_00000144.wav,ccmusic-database/erhu_playing_tech,train,144,0.22081632653061226,44100,1,,china,unknown,0,staccato,staccato,,,,,,,,,,,,v4.0,v4_routeA_small_seed_from_public_2026-03-20,v4_routeA_small_seed_from_public_2026-03-20,ccmusic-database_erhu_playing_tech_00000144,1,pending,,pending,pending,,断弓,duan4_gong1,staccato
ccmusic-database_erhu_playing_tech_00000145,china,E:\Desktop\Echo\storage\public\routeA_phase2_cn\china\audio\ccmusic-database_erhu_playing_tech_00000145.wav,ccmusic-database/erhu_playing_tech,train,145,0.6514285714285715,44100,1,,china,unknown,0,legato_slide_glissando,legato_slide_glissando,,,,,,,,,,,,v4.0,v4_routeA_small_seed_from_public_2026-03-20,v4_routeA_small_seed_from_public_2026-03-20,ccmusic-database_erhu_playing_tech_00000145,1,pending,,pending,pending,,连弓、滑音、连音,"lian2_gong1, hua2_yin1, lian2_yin1",legato_slide_glissando
ccmusic-database_erhu_playing_tech_00000146,china,E:\Desktop\Echo\storage\public\routeA_phase2_cn\china\audio\ccmusic-database_erhu_playing_tech_00000146.wav,ccmusic-database/erhu_playing_tech,train,146,1.6743537414965985,44100,1,,china,unknown,0,detache,detache,,,,,,,,,,,,v4.0,v4_routeA_small_seed_from_public_2026-03-20,v4_routeA_small_seed_from_public_2026-03-20,ccmusic-database_erhu_playing_tech_00000146,1,pending,,pending,pending,,分弓,fen1_gong1,detache
ccmusic-database_erhu_playing_tech_00000147,china,E:\Desktop\Echo\storage\public\routeA_phase2_cn\china\audio\ccmusic-database_erhu_playing_tech_00000147.wav,ccmusic-database/erhu_playing_tech,train,147,0.2491609977324263,44100,1,,china,unknown,0,staccato,staccato,,,,,,,,,,,,v4.0,v4_routeA_small_seed_from_public_2026-03-20,v4_routeA_small_seed_from_public_2026-03-20,ccmusic-database_erhu_playing_tech_00000147,1,pending,,pending,pending,,断弓,duan4_gong1,staccato
ccmusic-database_erhu_playing_tech_00000148,china,E:\Desktop\Echo\storage\public\routeA_phase2_cn\china\audio\ccmusic-database_erhu_playing_tech_00000148.wav,ccmusic-database/erhu_playing_tech,train,148,1.627392290249433,44100,1,,china,unknown,0,trill,trill,,,,,,,,,,,,v4.0,v4_routeA_small_seed_from_public_2026-03-20,v4_routeA_small_seed_from_public_2026-03-20,ccmusic-database_erhu_playing_tech_00000148,1,pending,,pending,pending,,颤音,chan4_yin1,trill
ccmusic-database_erhu_playing_tech_00000149,china,E:\Desktop\Echo\storage\public\routeA_phase2_cn\china\audio\ccmusic-database_erhu_playing_tech_00000149.wav,ccmusic-database/erhu_playing_tech,train,149,0.6432879818594104,44100,1,,china,unknown,0,ricochet,ricochet,,,,,,,,,,,,v4.0,v4_routeA_small_seed_from_public_2026-03-20,v4_routeA_small_seed_from_public_2026-03-20,ccmusic-database_erhu_playing_tech_00000149,1,pending,,pending,pending,,抛弓,pao1_gong1,ricochet
ccmusic-database_erhu_playing_tech_00000150,china,E:\Desktop\Echo\storage\public\routeA_phase2_cn\china\audio\ccmusic-database_erhu_playing_tech_00000150.wav,ccmusic-database/erhu_playing_tech,train,150,3.024965986394558,44100,1,,china,unknown,0,vibrato,vibrato,,,,,,,,,,,,v4.0,v4_routeA_small_seed_from_public_2026-03-20,v4_routeA_small_seed_from_public_2026-03-20,ccmusic-database_erhu_playing_tech_00000150,1,pending,,pending,pending,,揉弦,rou2_xian2,vibrato
ccmusic-database_erhu_playing_tech_00000151,china,E:\Desktop\Echo\storage\public\routeA_phase2_cn\china\audio\ccmusic-database_erhu_playing_tech_00000151.wav,ccmusic-database/erhu_playing_tech,train,151,0.6164625850340136,44100,1,,china,unknown,0,ricochet,ricochet,,,,,,,,,,,,v4.0,v4_routeA_small_seed_from_public_2026-03-20,v4_routeA_small_seed_from_public_2026-03-20,ccmusic-database_erhu_playing_tech_00000151,1,pending,,pending,pending,,抛弓,pao1_gong1,ricochet
ccmusic-database_erhu_playing_tech_00000152,china,E:\Desktop\Echo\storage\public\routeA_phase2_cn\china\audio\ccmusic-database_erhu_playing_tech_00000152.wav,ccmusic-database/erhu_playing_tech,train,152,2.0751927437641724,44100,1,,china,unknown,0,legato_slide_glissando,legato_slide_glissando,,,,,,,,,,,,v4.0,v4_routeA_small_seed_from_public_2026-03-20,v4_routeA_small_seed_from_public_2026-03-20,ccmusic-database_erhu_playing_tech_00000152,1,pending,,pending,pending,,连弓、滑音、连音,"lian2_gong1, hua2_yin1, lian2_yin1",legato_slide_glissando
ccmusic-database_erhu_playing_tech_00000153,china,E:\Desktop\Echo\storage\public\routeA_phase2_cn\china\audio\ccmusic-database_erhu_playing_tech_00000153.wav,ccmusic-database/erhu_playing_tech,train,153,2.0268707482993196,44100,1,,china,unknown,0,detache,detache,,,,,,,,,,,,v4.0,v4_routeA_small_seed_from_public_2026-03-20,v4_routeA_small_seed_from_public_2026-03-20,ccmusic-database_erhu_playing_tech_00000153,1,pending,,pending,pending,,分弓,fen1_gong1,detache
ccmusic-database_erhu_playing_tech_00000154,china,E:\Desktop\Echo\storage\public\routeA_phase2_cn\china\audio\ccmusic-database_erhu_playing_tech_00000154.wav,ccmusic-database/erhu_playing_tech,train,154,1.6222448979591837,44100,1,,china,unknown,0,tremolo,tremolo,,,,,,,,,,,,v4.0,v4_routeA_small_seed_from_public_2026-03-20,v4_routeA_small_seed_from_public_2026-03-20,ccmusic-database_erhu_playing_tech_00000154,1,pending,,pending,pending,,震音,zhen4_yin1,tremolo
ccmusic-database_erhu_playing_tech_00000155,china,E:\Desktop\Echo\storage\public\routeA_phase2_cn\china\audio\ccmusic-database_erhu_playing_tech_00000155.wav,ccmusic-database/erhu_playing_tech,train,155,1.563265306122449,44100,1,,china,unknown,0,trill,trill,,,,,,,,,,,,v4.0,v4_routeA_small_seed_from_public_2026-03-20,v4_routeA_small_seed_from_public_2026-03-20,ccmusic-database_erhu_playing_tech_00000155,1,pending,,pending,pending,,颤音,chan4_yin1,trill
ccmusic-database_erhu_playing_tech_00000156,china,E:\Desktop\Echo\storage\public\routeA_phase2_cn\china\audio\ccmusic-database_erhu_playing_tech_00000156.wav,ccmusic-database/erhu_playing_tech,train,156,1.748798185941043,44100,1,,china,unknown,0,tremolo,tremolo,,,,,,,,,,,,v4.0,v4_routeA_small_seed_from_public_2026-03-20,v4_routeA_small_seed_from_public_2026-03-20,ccmusic-database_erhu_playing_tech_00000156,1,pending,,pending,pending,,震音,zhen4_yin1,tremolo
ccmusic-database_erhu_playing_tech_00000157,china,E:\Desktop\Echo\storage\public\routeA_phase2_cn\china\audio\ccmusic-database_erhu_playing_tech_00000157.wav,ccmusic-database/erhu_playing_tech,train,157,0.26099773242630386,44100,1,,china,unknown,0,staccato,staccato,,,,,,,,,,,,v4.0,v4_routeA_small_seed_from_public_2026-03-20,v4_routeA_small_seed_from_public_2026-03-20,ccmusic-database_erhu_playing_tech_00000157,1,pending,,pending,pending,,断弓,duan4_gong1,staccato
ccmusic-database_erhu_playing_tech_00000158,china,E:\Desktop\Echo\storage\public\routeA_phase2_cn\china\audio\ccmusic-database_erhu_playing_tech_00000158.wav,ccmusic-database/erhu_playing_tech,train,158,1.3972108843537414,44100,1,,china,unknown,0,tremolo,tremolo,,,,,,,,,,,,v4.0,v4_routeA_small_seed_from_public_2026-03-20,v4_routeA_small_seed_from_public_2026-03-20,ccmusic-database_erhu_playing_tech_00000158,1,pending,,pending,pending,,震音,zhen4_yin1,tremolo
ccmusic-database_erhu_playing_tech_00000159,china,E:\Desktop\Echo\storage\public\routeA_phase2_cn\china\audio\ccmusic-database_erhu_playing_tech_00000159.wav,ccmusic-database/erhu_playing_tech,train,159,2.889954648526077,44100,1,,china,unknown,0,vibrato,vibrato,,,,,,,,,,,,v4.0,v4_routeA_small_seed_from_public_2026-03-20,v4_routeA_small_seed_from_public_2026-03-20,ccmusic-database_erhu_playing_tech_00000159,1,pending,,pending,pending,,揉弦,rou2_xian2,vibrato
