track_id,culture,audio_path,source_dataset,source_split,source_index,label,cname,pinyin,name
sanchit-gandhi_gtzan_00000000,west,E:\Desktop\Echo\storage\public\routeA_phase2\gtzan\audio\sanchit-gandhi_gtzan_00000000.wav,sanchit-gandhi/gtzan,train,0,blues,,,
sanchit-gandhi_gtzan_00000001,west,E:\Desktop\Echo\storage\public\routeA_phase2\gtzan\audio\sanchit-gandhi_gtzan_00000001.wav,sanchit-gandhi/gtzan,train,1,blues,,,
sanchit-gandhi_gtzan_00000002,west,E:\Desktop\Echo\storage\public\routeA_phase2\gtzan\audio\sanchit-gandhi_gtzan_00000002.wav,sanchit-gandhi/gtzan,train,2,blues,,,
sanchit-gandhi_gtzan_00000003,west,E:\Desktop\Echo\storage\public\routeA_phase2\gtzan\audio\sanchit-gandhi_gtzan_00000003.wav,sanchit-gandhi/gtzan,train,3,blues,,,
sanchit-gandhi_gtzan_00000004,west,E:\Desktop\Echo\storage\public\routeA_phase2\gtzan\audio\sanchit-gandhi_gtzan_00000004.wav,sanchit-gandhi/gtzan,train,4,blues,,,
sanchit-gandhi_gtzan_00000005,west,E:\Desktop\Echo\storage\public\routeA_phase2\gtzan\audio\sanchit-gandhi_gtzan_00000005.wav,sanchit-gandhi/gtzan,train,5,blues,,,
sanchit-gandhi_gtzan_00000006,west,E:\Desktop\Echo\storage\public\routeA_phase2\gtzan\audio\sanchit-gandhi_gtzan_00000006.wav,sanchit-gandhi/gtzan,train,6,blues,,,
sanchit-gandhi_gtzan_00000007,west,E:\Desktop\Echo\storage\public\routeA_phase2\gtzan\audio\sanchit-gandhi_gtzan_00000007.wav,sanchit-gandhi/gtzan,train,7,blues,,,
sanchit-gandhi_gtzan_00000008,west,E:\Desktop\Echo\storage\public\routeA_phase2\gtzan\audio\sanchit-gandhi_gtzan_00000008.wav,sanchit-gandhi/gtzan,train,8,blues,,,
sanchit-gandhi_gtzan_00000009,west,E:\Desktop\Echo\storage\public\routeA_phase2\gtzan\audio\sanchit-gandhi_gtzan_00000009.wav,sanchit-gandhi/gtzan,train,9,blues,,,
sanchit-gandhi_gtzan_00000010,west,E:\Desktop\Echo\storage\public\routeA_phase2\gtzan\audio\sanchit-gandhi_gtzan_00000010.wav,sanchit-gandhi/gtzan,train,10,blues,,,
sanchit-gandhi_gtzan_00000011,west,E:\Desktop\Echo\storage\public\routeA_phase2\gtzan\audio\sanchit-gandhi_gtzan_00000011.wav,sanchit-gandhi/gtzan,train,11,blues,,,
sanchit-gandhi_gtzan_00000012,west,E:\Desktop\Echo\storage\public\routeA_phase2\gtzan\audio\sanchit-gandhi_gtzan_00000012.wav,sanchit-gandhi/gtzan,train,12,blues,,,
sanchit-gandhi_gtzan_00000013,west,E:\Desktop\Echo\storage\public\routeA_phase2\gtzan\audio\sanchit-gandhi_gtzan_00000013.wav,sanchit-gandhi/gtzan,train,13,blues,,,
sanchit-gandhi_gtzan_00000014,west,E:\Desktop\Echo\storage\public\routeA_phase2\gtzan\audio\sanchit-gandhi_gtzan_00000014.wav,sanchit-gandhi/gtzan,train,14,blues,,,
sanchit-gandhi_gtzan_00000015,west,E:\Desktop\Echo\storage\public\routeA_phase2\gtzan\audio\sanchit-gandhi_gtzan_00000015.wav,sanchit-gandhi/gtzan,train,15,blues,,,
sanchit-gandhi_gtzan_00000016,west,E:\Desktop\Echo\storage\public\routeA_phase2\gtzan\audio\sanchit-gandhi_gtzan_00000016.wav,sanchit-gandhi/gtzan,train,16,blues,,,
sanchit-gandhi_gtzan_00000017,west,E:\Desktop\Echo\storage\public\routeA_phase2\gtzan\audio\sanchit-gandhi_gtzan_00000017.wav,sanchit-gandhi/gtzan,train,17,blues,,,
sanchit-gandhi_gtzan_00000018,west,E:\Desktop\Echo\storage\public\routeA_phase2\gtzan\audio\sanchit-gandhi_gtzan_00000018.wav,sanchit-gandhi/gtzan,train,18,blues,,,
sanchit-gandhi_gtzan_00000019,west,E:\Desktop\Echo\storage\public\routeA_phase2\gtzan\audio\sanchit-gandhi_gtzan_00000019.wav,sanchit-gandhi/gtzan,train,19,blues,,,
sanchit-gandhi_gtzan_00000020,west,E:\Desktop\Echo\storage\public\routeA_phase2\gtzan\audio\sanchit-gandhi_gtzan_00000020.wav,sanchit-gandhi/gtzan,train,20,blues,,,
sanchit-gandhi_gtzan_00000021,west,E:\Desktop\Echo\storage\public\routeA_phase2\gtzan\audio\sanchit-gandhi_gtzan_00000021.wav,sanchit-gandhi/gtzan,train,21,blues,,,
sanchit-gandhi_gtzan_00000022,west,E:\Desktop\Echo\storage\public\routeA_phase2\gtzan\audio\sanchit-gandhi_gtzan_00000022.wav,sanchit-gandhi/gtzan,train,22,blues,,,
sanchit-gandhi_gtzan_00000023,west,E:\Desktop\Echo\storage\public\routeA_phase2\gtzan\audio\sanchit-gandhi_gtzan_00000023.wav,sanchit-gandhi/gtzan,train,23,blues,,,
sanchit-gandhi_gtzan_00000024,west,E:\Desktop\Echo\storage\public\routeA_phase2\gtzan\audio\sanchit-gandhi_gtzan_00000024.wav,sanchit-gandhi/gtzan,train,24,blues,,,
sanchit-gandhi_gtzan_00000025,west,E:\Desktop\Echo\storage\public\routeA_phase2\gtzan\audio\sanchit-gandhi_gtzan_00000025.wav,sanchit-gandhi/gtzan,train,25,blues,,,
sanchit-gandhi_gtzan_00000026,west,E:\Desktop\Echo\storage\public\routeA_phase2\gtzan\audio\sanchit-gandhi_gtzan_00000026.wav,sanchit-gandhi/gtzan,train,26,blues,,,
sanchit-gandhi_gtzan_00000027,west,E:\Desktop\Echo\storage\public\routeA_phase2\gtzan\audio\sanchit-gandhi_gtzan_00000027.wav,sanchit-gandhi/gtzan,train,27,blues,,,
sanchit-gandhi_gtzan_00000028,west,E:\Desktop\Echo\storage\public\routeA_phase2\gtzan\audio\sanchit-gandhi_gtzan_00000028.wav,sanchit-gandhi/gtzan,train,28,blues,,,
sanchit-gandhi_gtzan_00000029,west,E:\Desktop\Echo\storage\public\routeA_phase2\gtzan\audio\sanchit-gandhi_gtzan_00000029.wav,sanchit-gandhi/gtzan,train,29,blues,,,
sanchit-gandhi_gtzan_00000030,west,E:\Desktop\Echo\storage\public\routeA_phase2\gtzan\audio\sanchit-gandhi_gtzan_00000030.wav,sanchit-gandhi/gtzan,train,30,blues,,,
sanchit-gandhi_gtzan_00000031,west,E:\Desktop\Echo\storage\public\routeA_phase2\gtzan\audio\sanchit-gandhi_gtzan_00000031.wav,sanchit-gandhi/gtzan,train,31,blues,,,
sanchit-gandhi_gtzan_00000032,west,E:\Desktop\Echo\storage\public\routeA_phase2\gtzan\audio\sanchit-gandhi_gtzan_00000032.wav,sanchit-gandhi/gtzan,train,32,blues,,,
sanchit-gandhi_gtzan_00000033,west,E:\Desktop\Echo\storage\public\routeA_phase2\gtzan\audio\sanchit-gandhi_gtzan_00000033.wav,sanchit-gandhi/gtzan,train,33,blues,,,
sanchit-gandhi_gtzan_00000034,west,E:\Desktop\Echo\storage\public\routeA_phase2\gtzan\audio\sanchit-gandhi_gtzan_00000034.wav,sanchit-gandhi/gtzan,train,34,blues,,,
sanchit-gandhi_gtzan_00000035,west,E:\Desktop\Echo\storage\public\routeA_phase2\gtzan\audio\sanchit-gandhi_gtzan_00000035.wav,sanchit-gandhi/gtzan,train,35,blues,,,
sanchit-gandhi_gtzan_00000036,west,E:\Desktop\Echo\storage\public\routeA_phase2\gtzan\audio\sanchit-gandhi_gtzan_00000036.wav,sanchit-gandhi/gtzan,train,36,blues,,,
sanchit-gandhi_gtzan_00000037,west,E:\Desktop\Echo\storage\public\routeA_phase2\gtzan\audio\sanchit-gandhi_gtzan_00000037.wav,sanchit-gandhi/gtzan,train,37,blues,,,
sanchit-gandhi_gtzan_00000038,west,E:\Desktop\Echo\storage\public\routeA_phase2\gtzan\audio\sanchit-gandhi_gtzan_00000038.wav,sanchit-gandhi/gtzan,train,38,blues,,,
sanchit-gandhi_gtzan_00000039,west,E:\Desktop\Echo\storage\public\routeA_phase2\gtzan\audio\sanchit-gandhi_gtzan_00000039.wav,sanchit-gandhi/gtzan,train,39,blues,,,
sanchit-gandhi_gtzan_00000040,west,E:\Desktop\Echo\storage\public\routeA_phase2\gtzan\audio\sanchit-gandhi_gtzan_00000040.wav,sanchit-gandhi/gtzan,train,40,blues,,,
sanchit-gandhi_gtzan_00000041,west,E:\Desktop\Echo\storage\public\routeA_phase2\gtzan\audio\sanchit-gandhi_gtzan_00000041.wav,sanchit-gandhi/gtzan,train,41,blues,,,
sanchit-gandhi_gtzan_00000042,west,E:\Desktop\Echo\storage\public\routeA_phase2\gtzan\audio\sanchit-gandhi_gtzan_00000042.wav,sanchit-gandhi/gtzan,train,42,blues,,,
sanchit-gandhi_gtzan_00000043,west,E:\Desktop\Echo\storage\public\routeA_phase2\gtzan\audio\sanchit-gandhi_gtzan_00000043.wav,sanchit-gandhi/gtzan,train,43,blues,,,
sanchit-gandhi_gtzan_00000044,west,E:\Desktop\Echo\storage\public\routeA_phase2\gtzan\audio\sanchit-gandhi_gtzan_00000044.wav,sanchit-gandhi/gtzan,train,44,blues,,,
sanchit-gandhi_gtzan_00000045,west,E:\Desktop\Echo\storage\public\routeA_phase2\gtzan\audio\sanchit-gandhi_gtzan_00000045.wav,sanchit-gandhi/gtzan,train,45,blues,,,
sanchit-gandhi_gtzan_00000046,west,E:\Desktop\Echo\storage\public\routeA_phase2\gtzan\audio\sanchit-gandhi_gtzan_00000046.wav,sanchit-gandhi/gtzan,train,46,blues,,,
sanchit-gandhi_gtzan_00000047,west,E:\Desktop\Echo\storage\public\routeA_phase2\gtzan\audio\sanchit-gandhi_gtzan_00000047.wav,sanchit-gandhi/gtzan,train,47,blues,,,
sanchit-gandhi_gtzan_00000048,west,E:\Desktop\Echo\storage\public\routeA_phase2\gtzan\audio\sanchit-gandhi_gtzan_00000048.wav,sanchit-gandhi/gtzan,train,48,blues,,,
sanchit-gandhi_gtzan_00000049,west,E:\Desktop\Echo\storage\public\routeA_phase2\gtzan\audio\sanchit-gandhi_gtzan_00000049.wav,sanchit-gandhi/gtzan,train,49,blues,,,
sanchit-gandhi_gtzan_00000050,west,E:\Desktop\Echo\storage\public\routeA_phase2\gtzan\audio\sanchit-gandhi_gtzan_00000050.wav,sanchit-gandhi/gtzan,train,50,blues,,,
sanchit-gandhi_gtzan_00000051,west,E:\Desktop\Echo\storage\public\routeA_phase2\gtzan\audio\sanchit-gandhi_gtzan_00000051.wav,sanchit-gandhi/gtzan,train,51,blues,,,
sanchit-gandhi_gtzan_00000052,west,E:\Desktop\Echo\storage\public\routeA_phase2\gtzan\audio\sanchit-gandhi_gtzan_00000052.wav,sanchit-gandhi/gtzan,train,52,blues,,,
sanchit-gandhi_gtzan_00000053,west,E:\Desktop\Echo\storage\public\routeA_phase2\gtzan\audio\sanchit-gandhi_gtzan_00000053.wav,sanchit-gandhi/gtzan,train,53,blues,,,
sanchit-gandhi_gtzan_00000054,west,E:\Desktop\Echo\storage\public\routeA_phase2\gtzan\audio\sanchit-gandhi_gtzan_00000054.wav,sanchit-gandhi/gtzan,train,54,blues,,,
sanchit-gandhi_gtzan_00000055,west,E:\Desktop\Echo\storage\public\routeA_phase2\gtzan\audio\sanchit-gandhi_gtzan_00000055.wav,sanchit-gandhi/gtzan,train,55,blues,,,
sanchit-gandhi_gtzan_00000056,west,E:\Desktop\Echo\storage\public\routeA_phase2\gtzan\audio\sanchit-gandhi_gtzan_00000056.wav,sanchit-gandhi/gtzan,train,56,blues,,,
sanchit-gandhi_gtzan_00000057,west,E:\Desktop\Echo\storage\public\routeA_phase2\gtzan\audio\sanchit-gandhi_gtzan_00000057.wav,sanchit-gandhi/gtzan,train,57,blues,,,
sanchit-gandhi_gtzan_00000058,west,E:\Desktop\Echo\storage\public\routeA_phase2\gtzan\audio\sanchit-gandhi_gtzan_00000058.wav,sanchit-gandhi/gtzan,train,58,blues,,,
sanchit-gandhi_gtzan_00000059,west,E:\Desktop\Echo\storage\public\routeA_phase2\gtzan\audio\sanchit-gandhi_gtzan_00000059.wav,sanchit-gandhi/gtzan,train,59,blues,,,
sanchit-gandhi_gtzan_00000060,west,E:\Desktop\Echo\storage\public\routeA_phase2\gtzan\audio\sanchit-gandhi_gtzan_00000060.wav,sanchit-gandhi/gtzan,train,60,blues,,,
sanchit-gandhi_gtzan_00000061,west,E:\Desktop\Echo\storage\public\routeA_phase2\gtzan\audio\sanchit-gandhi_gtzan_00000061.wav,sanchit-gandhi/gtzan,train,61,blues,,,
sanchit-gandhi_gtzan_00000062,west,E:\Desktop\Echo\storage\public\routeA_phase2\gtzan\audio\sanchit-gandhi_gtzan_00000062.wav,sanchit-gandhi/gtzan,train,62,blues,,,
sanchit-gandhi_gtzan_00000063,west,E:\Desktop\Echo\storage\public\routeA_phase2\gtzan\audio\sanchit-gandhi_gtzan_00000063.wav,sanchit-gandhi/gtzan,train,63,blues,,,
sanchit-gandhi_gtzan_00000064,west,E:\Desktop\Echo\storage\public\routeA_phase2\gtzan\audio\sanchit-gandhi_gtzan_00000064.wav,sanchit-gandhi/gtzan,train,64,blues,,,
sanchit-gandhi_gtzan_00000065,west,E:\Desktop\Echo\storage\public\routeA_phase2\gtzan\audio\sanchit-gandhi_gtzan_00000065.wav,sanchit-gandhi/gtzan,train,65,blues,,,
sanchit-gandhi_gtzan_00000066,west,E:\Desktop\Echo\storage\public\routeA_phase2\gtzan\audio\sanchit-gandhi_gtzan_00000066.wav,sanchit-gandhi/gtzan,train,66,blues,,,
sanchit-gandhi_gtzan_00000067,west,E:\Desktop\Echo\storage\public\routeA_phase2\gtzan\audio\sanchit-gandhi_gtzan_00000067.wav,sanchit-gandhi/gtzan,train,67,blues,,,
sanchit-gandhi_gtzan_00000068,west,E:\Desktop\Echo\storage\public\routeA_phase2\gtzan\audio\sanchit-gandhi_gtzan_00000068.wav,sanchit-gandhi/gtzan,train,68,blues,,,
sanchit-gandhi_gtzan_00000069,west,E:\Desktop\Echo\storage\public\routeA_phase2\gtzan\audio\sanchit-gandhi_gtzan_00000069.wav,sanchit-gandhi/gtzan,train,69,blues,,,
sanchit-gandhi_gtzan_00000070,west,E:\Desktop\Echo\storage\public\routeA_phase2\gtzan\audio\sanchit-gandhi_gtzan_00000070.wav,sanchit-gandhi/gtzan,train,70,blues,,,
sanchit-gandhi_gtzan_00000071,west,E:\Desktop\Echo\storage\public\routeA_phase2\gtzan\audio\sanchit-gandhi_gtzan_00000071.wav,sanchit-gandhi/gtzan,train,71,blues,,,
sanchit-gandhi_gtzan_00000072,west,E:\Desktop\Echo\storage\public\routeA_phase2\gtzan\audio\sanchit-gandhi_gtzan_00000072.wav,sanchit-gandhi/gtzan,train,72,blues,,,
sanchit-gandhi_gtzan_00000073,west,E:\Desktop\Echo\storage\public\routeA_phase2\gtzan\audio\sanchit-gandhi_gtzan_00000073.wav,sanchit-gandhi/gtzan,train,73,blues,,,
sanchit-gandhi_gtzan_00000074,west,E:\Desktop\Echo\storage\public\routeA_phase2\gtzan\audio\sanchit-gandhi_gtzan_00000074.wav,sanchit-gandhi/gtzan,train,74,blues,,,
sanchit-gandhi_gtzan_00000075,west,E:\Desktop\Echo\storage\public\routeA_phase2\gtzan\audio\sanchit-gandhi_gtzan_00000075.wav,sanchit-gandhi/gtzan,train,75,blues,,,
sanchit-gandhi_gtzan_00000076,west,E:\Desktop\Echo\storage\public\routeA_phase2\gtzan\audio\sanchit-gandhi_gtzan_00000076.wav,sanchit-gandhi/gtzan,train,76,blues,,,
sanchit-gandhi_gtzan_00000077,west,E:\Desktop\Echo\storage\public\routeA_phase2\gtzan\audio\sanchit-gandhi_gtzan_00000077.wav,sanchit-gandhi/gtzan,train,77,blues,,,
sanchit-gandhi_gtzan_00000078,west,E:\Desktop\Echo\storage\public\routeA_phase2\gtzan\audio\sanchit-gandhi_gtzan_00000078.wav,sanchit-gandhi/gtzan,train,78,blues,,,
sanchit-gandhi_gtzan_00000079,west,E:\Desktop\Echo\storage\public\routeA_phase2\gtzan\audio\sanchit-gandhi_gtzan_00000079.wav,sanchit-gandhi/gtzan,train,79,blues,,,
sanchit-gandhi_gtzan_00000080,west,E:\Desktop\Echo\storage\public\routeA_phase2\gtzan\audio\sanchit-gandhi_gtzan_00000080.wav,sanchit-gandhi/gtzan,train,80,blues,,,
sanchit-gandhi_gtzan_00000081,west,E:\Desktop\Echo\storage\public\routeA_phase2\gtzan\audio\sanchit-gandhi_gtzan_00000081.wav,sanchit-gandhi/gtzan,train,81,blues,,,
sanchit-gandhi_gtzan_00000082,west,E:\Desktop\Echo\storage\public\routeA_phase2\gtzan\audio\sanchit-gandhi_gtzan_00000082.wav,sanchit-gandhi/gtzan,train,82,blues,,,
sanchit-gandhi_gtzan_00000083,west,E:\Desktop\Echo\storage\public\routeA_phase2\gtzan\audio\sanchit-gandhi_gtzan_00000083.wav,sanchit-gandhi/gtzan,train,83,blues,,,
sanchit-gandhi_gtzan_00000084,west,E:\Desktop\Echo\storage\public\routeA_phase2\gtzan\audio\sanchit-gandhi_gtzan_00000084.wav,sanchit-gandhi/gtzan,train,84,blues,,,
sanchit-gandhi_gtzan_00000085,west,E:\Desktop\Echo\storage\public\routeA_phase2\gtzan\audio\sanchit-gandhi_gtzan_00000085.wav,sanchit-gandhi/gtzan,train,85,blues,,,
sanchit-gandhi_gtzan_00000086,west,E:\Desktop\Echo\storage\public\routeA_phase2\gtzan\audio\sanchit-gandhi_gtzan_00000086.wav,sanchit-gandhi/gtzan,train,86,blues,,,
sanchit-gandhi_gtzan_00000087,west,E:\Desktop\Echo\storage\public\routeA_phase2\gtzan\audio\sanchit-gandhi_gtzan_00000087.wav,sanchit-gandhi/gtzan,train,87,blues,,,
sanchit-gandhi_gtzan_00000088,west,E:\Desktop\Echo\storage\public\routeA_phase2\gtzan\audio\sanchit-gandhi_gtzan_00000088.wav,sanchit-gandhi/gtzan,train,88,blues,,,
sanchit-gandhi_gtzan_00000089,west,E:\Desktop\Echo\storage\public\routeA_phase2\gtzan\audio\sanchit-gandhi_gtzan_00000089.wav,sanchit-gandhi/gtzan,train,89,blues,,,
sanchit-gandhi_gtzan_00000090,west,E:\Desktop\Echo\storage\public\routeA_phase2\gtzan\audio\sanchit-gandhi_gtzan_00000090.wav,sanchit-gandhi/gtzan,train,90,blues,,,
sanchit-gandhi_gtzan_00000091,west,E:\Desktop\Echo\storage\public\routeA_phase2\gtzan\audio\sanchit-gandhi_gtzan_00000091.wav,sanchit-gandhi/gtzan,train,91,blues,,,
sanchit-gandhi_gtzan_00000092,west,E:\Desktop\Echo\storage\public\routeA_phase2\gtzan\audio\sanchit-gandhi_gtzan_00000092.wav,sanchit-gandhi/gtzan,train,92,blues,,,
sanchit-gandhi_gtzan_00000093,west,E:\Desktop\Echo\storage\public\routeA_phase2\gtzan\audio\sanchit-gandhi_gtzan_00000093.wav,sanchit-gandhi/gtzan,train,93,blues,,,
sanchit-gandhi_gtzan_00000094,west,E:\Desktop\Echo\storage\public\routeA_phase2\gtzan\audio\sanchit-gandhi_gtzan_00000094.wav,sanchit-gandhi/gtzan,train,94,blues,,,
sanchit-gandhi_gtzan_00000095,west,E:\Desktop\Echo\storage\public\routeA_phase2\gtzan\audio\sanchit-gandhi_gtzan_00000095.wav,sanchit-gandhi/gtzan,train,95,blues,,,
sanchit-gandhi_gtzan_00000096,west,E:\Desktop\Echo\storage\public\routeA_phase2\gtzan\audio\sanchit-gandhi_gtzan_00000096.wav,sanchit-gandhi/gtzan,train,96,blues,,,
sanchit-gandhi_gtzan_00000097,west,E:\Desktop\Echo\storage\public\routeA_phase2\gtzan\audio\sanchit-gandhi_gtzan_00000097.wav,sanchit-gandhi/gtzan,train,97,blues,,,
sanchit-gandhi_gtzan_00000098,west,E:\Desktop\Echo\storage\public\routeA_phase2\gtzan\audio\sanchit-gandhi_gtzan_00000098.wav,sanchit-gandhi/gtzan,train,98,blues,,,
sanchit-gandhi_gtzan_00000099,west,E:\Desktop\Echo\storage\public\routeA_phase2\gtzan\audio\sanchit-gandhi_gtzan_00000099.wav,sanchit-gandhi/gtzan,train,99,blues,,,
sanchit-gandhi_gtzan_00000100,west,E:\Desktop\Echo\storage\public\routeA_phase2\gtzan\audio\sanchit-gandhi_gtzan_00000100.wav,sanchit-gandhi/gtzan,train,100,classical,,,
sanchit-gandhi_gtzan_00000101,west,E:\Desktop\Echo\storage\public\routeA_phase2\gtzan\audio\sanchit-gandhi_gtzan_00000101.wav,sanchit-gandhi/gtzan,train,101,classical,,,
sanchit-gandhi_gtzan_00000102,west,E:\Desktop\Echo\storage\public\routeA_phase2\gtzan\audio\sanchit-gandhi_gtzan_00000102.wav,sanchit-gandhi/gtzan,train,102,classical,,,
sanchit-gandhi_gtzan_00000103,west,E:\Desktop\Echo\storage\public\routeA_phase2\gtzan\audio\sanchit-gandhi_gtzan_00000103.wav,sanchit-gandhi/gtzan,train,103,classical,,,
sanchit-gandhi_gtzan_00000104,west,E:\Desktop\Echo\storage\public\routeA_phase2\gtzan\audio\sanchit-gandhi_gtzan_00000104.wav,sanchit-gandhi/gtzan,train,104,classical,,,
sanchit-gandhi_gtzan_00000105,west,E:\Desktop\Echo\storage\public\routeA_phase2\gtzan\audio\sanchit-gandhi_gtzan_00000105.wav,sanchit-gandhi/gtzan,train,105,classical,,,
sanchit-gandhi_gtzan_00000106,west,E:\Desktop\Echo\storage\public\routeA_phase2\gtzan\audio\sanchit-gandhi_gtzan_00000106.wav,sanchit-gandhi/gtzan,train,106,classical,,,
sanchit-gandhi_gtzan_00000107,west,E:\Desktop\Echo\storage\public\routeA_phase2\gtzan\audio\sanchit-gandhi_gtzan_00000107.wav,sanchit-gandhi/gtzan,train,107,classical,,,
sanchit-gandhi_gtzan_00000108,west,E:\Desktop\Echo\storage\public\routeA_phase2\gtzan\audio\sanchit-gandhi_gtzan_00000108.wav,sanchit-gandhi/gtzan,train,108,classical,,,
sanchit-gandhi_gtzan_00000109,west,E:\Desktop\Echo\storage\public\routeA_phase2\gtzan\audio\sanchit-gandhi_gtzan_00000109.wav,sanchit-gandhi/gtzan,train,109,classical,,,
sanchit-gandhi_gtzan_00000110,west,E:\Desktop\Echo\storage\public\routeA_phase2\gtzan\audio\sanchit-gandhi_gtzan_00000110.wav,sanchit-gandhi/gtzan,train,110,classical,,,
sanchit-gandhi_gtzan_00000111,west,E:\Desktop\Echo\storage\public\routeA_phase2\gtzan\audio\sanchit-gandhi_gtzan_00000111.wav,sanchit-gandhi/gtzan,train,111,classical,,,
sanchit-gandhi_gtzan_00000112,west,E:\Desktop\Echo\storage\public\routeA_phase2\gtzan\audio\sanchit-gandhi_gtzan_00000112.wav,sanchit-gandhi/gtzan,train,112,classical,,,
sanchit-gandhi_gtzan_00000113,west,E:\Desktop\Echo\storage\public\routeA_phase2\gtzan\audio\sanchit-gandhi_gtzan_00000113.wav,sanchit-gandhi/gtzan,train,113,classical,,,
sanchit-gandhi_gtzan_00000114,west,E:\Desktop\Echo\storage\public\routeA_phase2\gtzan\audio\sanchit-gandhi_gtzan_00000114.wav,sanchit-gandhi/gtzan,train,114,classical,,,
sanchit-gandhi_gtzan_00000115,west,E:\Desktop\Echo\storage\public\routeA_phase2\gtzan\audio\sanchit-gandhi_gtzan_00000115.wav,sanchit-gandhi/gtzan,train,115,classical,,,
sanchit-gandhi_gtzan_00000116,west,E:\Desktop\Echo\storage\public\routeA_phase2\gtzan\audio\sanchit-gandhi_gtzan_00000116.wav,sanchit-gandhi/gtzan,train,116,classical,,,
sanchit-gandhi_gtzan_00000117,west,E:\Desktop\Echo\storage\public\routeA_phase2\gtzan\audio\sanchit-gandhi_gtzan_00000117.wav,sanchit-gandhi/gtzan,train,117,classical,,,
sanchit-gandhi_gtzan_00000118,west,E:\Desktop\Echo\storage\public\routeA_phase2\gtzan\audio\sanchit-gandhi_gtzan_00000118.wav,sanchit-gandhi/gtzan,train,118,classical,,,
sanchit-gandhi_gtzan_00000119,west,E:\Desktop\Echo\storage\public\routeA_phase2\gtzan\audio\sanchit-gandhi_gtzan_00000119.wav,sanchit-gandhi/gtzan,train,119,classical,,,
sanchit-gandhi_gtzan_00000120,west,E:\Desktop\Echo\storage\public\routeA_phase2\gtzan\audio\sanchit-gandhi_gtzan_00000120.wav,sanchit-gandhi/gtzan,train,120,classical,,,
sanchit-gandhi_gtzan_00000121,west,E:\Desktop\Echo\storage\public\routeA_phase2\gtzan\audio\sanchit-gandhi_gtzan_00000121.wav,sanchit-gandhi/gtzan,train,121,classical,,,
sanchit-gandhi_gtzan_00000122,west,E:\Desktop\Echo\storage\public\routeA_phase2\gtzan\audio\sanchit-gandhi_gtzan_00000122.wav,sanchit-gandhi/gtzan,train,122,classical,,,
sanchit-gandhi_gtzan_00000123,west,E:\Desktop\Echo\storage\public\routeA_phase2\gtzan\audio\sanchit-gandhi_gtzan_00000123.wav,sanchit-gandhi/gtzan,train,123,classical,,,
sanchit-gandhi_gtzan_00000124,west,E:\Desktop\Echo\storage\public\routeA_phase2\gtzan\audio\sanchit-gandhi_gtzan_00000124.wav,sanchit-gandhi/gtzan,train,124,classical,,,
sanchit-gandhi_gtzan_00000125,west,E:\Desktop\Echo\storage\public\routeA_phase2\gtzan\audio\sanchit-gandhi_gtzan_00000125.wav,sanchit-gandhi/gtzan,train,125,classical,,,
sanchit-gandhi_gtzan_00000126,west,E:\Desktop\Echo\storage\public\routeA_phase2\gtzan\audio\sanchit-gandhi_gtzan_00000126.wav,sanchit-gandhi/gtzan,train,126,classical,,,
sanchit-gandhi_gtzan_00000127,west,E:\Desktop\Echo\storage\public\routeA_phase2\gtzan\audio\sanchit-gandhi_gtzan_00000127.wav,sanchit-gandhi/gtzan,train,127,classical,,,
sanchit-gandhi_gtzan_00000128,west,E:\Desktop\Echo\storage\public\routeA_phase2\gtzan\audio\sanchit-gandhi_gtzan_00000128.wav,sanchit-gandhi/gtzan,train,128,classical,,,
sanchit-gandhi_gtzan_00000129,west,E:\Desktop\Echo\storage\public\routeA_phase2\gtzan\audio\sanchit-gandhi_gtzan_00000129.wav,sanchit-gandhi/gtzan,train,129,classical,,,
sanchit-gandhi_gtzan_00000130,west,E:\Desktop\Echo\storage\public\routeA_phase2\gtzan\audio\sanchit-gandhi_gtzan_00000130.wav,sanchit-gandhi/gtzan,train,130,classical,,,
sanchit-gandhi_gtzan_00000131,west,E:\Desktop\Echo\storage\public\routeA_phase2\gtzan\audio\sanchit-gandhi_gtzan_00000131.wav,sanchit-gandhi/gtzan,train,131,classical,,,
sanchit-gandhi_gtzan_00000132,west,E:\Desktop\Echo\storage\public\routeA_phase2\gtzan\audio\sanchit-gandhi_gtzan_00000132.wav,sanchit-gandhi/gtzan,train,132,classical,,,
sanchit-gandhi_gtzan_00000133,west,E:\Desktop\Echo\storage\public\routeA_phase2\gtzan\audio\sanchit-gandhi_gtzan_00000133.wav,sanchit-gandhi/gtzan,train,133,classical,,,
sanchit-gandhi_gtzan_00000134,west,E:\Desktop\Echo\storage\public\routeA_phase2\gtzan\audio\sanchit-gandhi_gtzan_00000134.wav,sanchit-gandhi/gtzan,train,134,classical,,,
sanchit-gandhi_gtzan_00000135,west,E:\Desktop\Echo\storage\public\routeA_phase2\gtzan\audio\sanchit-gandhi_gtzan_00000135.wav,sanchit-gandhi/gtzan,train,135,classical,,,
sanchit-gandhi_gtzan_00000136,west,E:\Desktop\Echo\storage\public\routeA_phase2\gtzan\audio\sanchit-gandhi_gtzan_00000136.wav,sanchit-gandhi/gtzan,train,136,classical,,,
sanchit-gandhi_gtzan_00000137,west,E:\Desktop\Echo\storage\public\routeA_phase2\gtzan\audio\sanchit-gandhi_gtzan_00000137.wav,sanchit-gandhi/gtzan,train,137,classical,,,
sanchit-gandhi_gtzan_00000138,west,E:\Desktop\Echo\storage\public\routeA_phase2\gtzan\audio\sanchit-gandhi_gtzan_00000138.wav,sanchit-gandhi/gtzan,train,138,classical,,,
sanchit-gandhi_gtzan_00000139,west,E:\Desktop\Echo\storage\public\routeA_phase2\gtzan\audio\sanchit-gandhi_gtzan_00000139.wav,sanchit-gandhi/gtzan,train,139,classical,,,
sanchit-gandhi_gtzan_00000140,west,E:\Desktop\Echo\storage\public\routeA_phase2\gtzan\audio\sanchit-gandhi_gtzan_00000140.wav,sanchit-gandhi/gtzan,train,140,classical,,,
sanchit-gandhi_gtzan_00000141,west,E:\Desktop\Echo\storage\public\routeA_phase2\gtzan\audio\sanchit-gandhi_gtzan_00000141.wav,sanchit-gandhi/gtzan,train,141,classical,,,
sanchit-gandhi_gtzan_00000142,west,E:\Desktop\Echo\storage\public\routeA_phase2\gtzan\audio\sanchit-gandhi_gtzan_00000142.wav,sanchit-gandhi/gtzan,train,142,classical,,,
sanchit-gandhi_gtzan_00000143,west,E:\Desktop\Echo\storage\public\routeA_phase2\gtzan\audio\sanchit-gandhi_gtzan_00000143.wav,sanchit-gandhi/gtzan,train,143,classical,,,
sanchit-gandhi_gtzan_00000144,west,E:\Desktop\Echo\storage\public\routeA_phase2\gtzan\audio\sanchit-gandhi_gtzan_00000144.wav,sanchit-gandhi/gtzan,train,144,classical,,,
sanchit-gandhi_gtzan_00000145,west,E:\Desktop\Echo\storage\public\routeA_phase2\gtzan\audio\sanchit-gandhi_gtzan_00000145.wav,sanchit-gandhi/gtzan,train,145,classical,,,
sanchit-gandhi_gtzan_00000146,west,E:\Desktop\Echo\storage\public\routeA_phase2\gtzan\audio\sanchit-gandhi_gtzan_00000146.wav,sanchit-gandhi/gtzan,train,146,classical,,,
sanchit-gandhi_gtzan_00000147,west,E:\Desktop\Echo\storage\public\routeA_phase2\gtzan\audio\sanchit-gandhi_gtzan_00000147.wav,sanchit-gandhi/gtzan,train,147,classical,,,
sanchit-gandhi_gtzan_00000148,west,E:\Desktop\Echo\storage\public\routeA_phase2\gtzan\audio\sanchit-gandhi_gtzan_00000148.wav,sanchit-gandhi/gtzan,train,148,classical,,,
sanchit-gandhi_gtzan_00000149,west,E:\Desktop\Echo\storage\public\routeA_phase2\gtzan\audio\sanchit-gandhi_gtzan_00000149.wav,sanchit-gandhi/gtzan,train,149,classical,,,
sanchit-gandhi_gtzan_00000150,west,E:\Desktop\Echo\storage\public\routeA_phase2\gtzan\audio\sanchit-gandhi_gtzan_00000150.wav,sanchit-gandhi/gtzan,train,150,classical,,,
sanchit-gandhi_gtzan_00000151,west,E:\Desktop\Echo\storage\public\routeA_phase2\gtzan\audio\sanchit-gandhi_gtzan_00000151.wav,sanchit-gandhi/gtzan,train,151,classical,,,
sanchit-gandhi_gtzan_00000152,west,E:\Desktop\Echo\storage\public\routeA_phase2\gtzan\audio\sanchit-gandhi_gtzan_00000152.wav,sanchit-gandhi/gtzan,train,152,classical,,,
sanchit-gandhi_gtzan_00000153,west,E:\Desktop\Echo\storage\public\routeA_phase2\gtzan\audio\sanchit-gandhi_gtzan_00000153.wav,sanchit-gandhi/gtzan,train,153,classical,,,
sanchit-gandhi_gtzan_00000154,west,E:\Desktop\Echo\storage\public\routeA_phase2\gtzan\audio\sanchit-gandhi_gtzan_00000154.wav,sanchit-gandhi/gtzan,train,154,classical,,,
sanchit-gandhi_gtzan_00000155,west,E:\Desktop\Echo\storage\public\routeA_phase2\gtzan\audio\sanchit-gandhi_gtzan_00000155.wav,sanchit-gandhi/gtzan,train,155,classical,,,
sanchit-gandhi_gtzan_00000156,west,E:\Desktop\Echo\storage\public\routeA_phase2\gtzan\audio\sanchit-gandhi_gtzan_00000156.wav,sanchit-gandhi/gtzan,train,156,classical,,,
sanchit-gandhi_gtzan_00000157,west,E:\Desktop\Echo\storage\public\routeA_phase2\gtzan\audio\sanchit-gandhi_gtzan_00000157.wav,sanchit-gandhi/gtzan,train,157,classical,,,
sanchit-gandhi_gtzan_00000158,west,E:\Desktop\Echo\storage\public\routeA_phase2\gtzan\audio\sanchit-gandhi_gtzan_00000158.wav,sanchit-gandhi/gtzan,train,158,classical,,,
sanchit-gandhi_gtzan_00000159,west,E:\Desktop\Echo\storage\public\routeA_phase2\gtzan\audio\sanchit-gandhi_gtzan_00000159.wav,sanchit-gandhi/gtzan,train,159,classical,,,
neerajaabhyankar_hindustani-raag-small_00000000,india,E:\Desktop\Echo\storage\public\routeA_phase2\hindustani\audio\neerajaabhyankar_hindustani-raag-small_00000000.mp3,neerajaabhyankar/hindustani-raag-small,train,0,AheerBhairav,,,
neerajaabhyankar_hindustani-raag-small_00000001,india,E:\Desktop\Echo\storage\public\routeA_phase2\hindustani\audio\neerajaabhyankar_hindustani-raag-small_00000001.mp3,neerajaabhyankar/hindustani-raag-small,train,1,AheerBhairav,,,
neerajaabhyankar_hindustani-raag-small_00000002,india,E:\Desktop\Echo\storage\public\routeA_phase2\hindustani\audio\neerajaabhyankar_hindustani-raag-small_00000002.mp3,neerajaabhyankar/hindustani-raag-small,train,2,AheerBhairav,,,
neerajaabhyankar_hindustani-raag-small_00000003,india,E:\Desktop\Echo\storage\public\routeA_phase2\hindustani\audio\neerajaabhyankar_hindustani-raag-small_00000003.mp3,neerajaabhyankar/hindustani-raag-small,train,3,AheerBhairav,,,
neerajaabhyankar_hindustani-raag-small_00000004,india,E:\Desktop\Echo\storage\public\routeA_phase2\hindustani\audio\neerajaabhyankar_hindustani-raag-small_00000004.mp3,neerajaabhyankar/hindustani-raag-small,train,4,AheerBhairav,,,
neerajaabhyankar_hindustani-raag-small_00000005,india,E:\Desktop\Echo\storage\public\routeA_phase2\hindustani\audio\neerajaabhyankar_hindustani-raag-small_00000005.mp3,neerajaabhyankar/hindustani-raag-small,train,5,AheerBhairav,,,
neerajaabhyankar_hindustani-raag-small_00000006,india,E:\Desktop\Echo\storage\public\routeA_phase2\hindustani\audio\neerajaabhyankar_hindustani-raag-small_00000006.mp3,neerajaabhyankar/hindustani-raag-small,train,6,AheerBhairav,,,
neerajaabhyankar_hindustani-raag-small_00000007,india,E:\Desktop\Echo\storage\public\routeA_phase2\hindustani\audio\neerajaabhyankar_hindustani-raag-small_00000007.mp3,neerajaabhyankar/hindustani-raag-small,train,7,AheerBhairav,,,
neerajaabhyankar_hindustani-raag-small_00000008,india,E:\Desktop\Echo\storage\public\routeA_phase2\hindustani\audio\neerajaabhyankar_hindustani-raag-small_00000008.mp3,neerajaabhyankar/hindustani-raag-small,train,8,AheerBhairav,,,
neerajaabhyankar_hindustani-raag-small_00000009,india,E:\Desktop\Echo\storage\public\routeA_phase2\hindustani\audio\neerajaabhyankar_hindustani-raag-small_00000009.mp3,neerajaabhyankar/hindustani-raag-small,train,9,AheerBhairav,,,
neerajaabhyankar_hindustani-raag-small_00000010,india,E:\Desktop\Echo\storage\public\routeA_phase2\hindustani\audio\neerajaabhyankar_hindustani-raag-small_00000010.mp3,neerajaabhyankar/hindustani-raag-small,train,10,AheerBhairav,,,
neerajaabhyankar_hindustani-raag-small_00000011,india,E:\Desktop\Echo\storage\public\routeA_phase2\hindustani\audio\neerajaabhyankar_hindustani-raag-small_00000011.mp3,neerajaabhyankar/hindustani-raag-small,train,11,AheerBhairav,,,
neerajaabhyankar_hindustani-raag-small_00000012,india,E:\Desktop\Echo\storage\public\routeA_phase2\hindustani\audio\neerajaabhyankar_hindustani-raag-small_00000012.mp3,neerajaabhyankar/hindustani-raag-small,train,12,AheerBhairav,,,
neerajaabhyankar_hindustani-raag-small_00000013,india,E:\Desktop\Echo\storage\public\routeA_phase2\hindustani\audio\neerajaabhyankar_hindustani-raag-small_00000013.mp3,neerajaabhyankar/hindustani-raag-small,train,13,AheerBhairav,,,
neerajaabhyankar_hindustani-raag-small_00000014,india,E:\Desktop\Echo\storage\public\routeA_phase2\hindustani\audio\neerajaabhyankar_hindustani-raag-small_00000014.mp3,neerajaabhyankar/hindustani-raag-small,train,14,AheerBhairav,,,
neerajaabhyankar_hindustani-raag-small_00000015,india,E:\Desktop\Echo\storage\public\routeA_phase2\hindustani\audio\neerajaabhyankar_hindustani-raag-small_00000015.mp3,neerajaabhyankar/hindustani-raag-small,train,15,AheerBhairav,,,
neerajaabhyankar_hindustani-raag-small_00000016,india,E:\Desktop\Echo\storage\public\routeA_phase2\hindustani\audio\neerajaabhyankar_hindustani-raag-small_00000016.mp3,neerajaabhyankar/hindustani-raag-small,train,16,AheerBhairav,,,
neerajaabhyankar_hindustani-raag-small_00000017,india,E:\Desktop\Echo\storage\public\routeA_phase2\hindustani\audio\neerajaabhyankar_hindustani-raag-small_00000017.mp3,neerajaabhyankar/hindustani-raag-small,train,17,AheerBhairav,,,
neerajaabhyankar_hindustani-raag-small_00000018,india,E:\Desktop\Echo\storage\public\routeA_phase2\hindustani\audio\neerajaabhyankar_hindustani-raag-small_00000018.mp3,neerajaabhyankar/hindustani-raag-small,train,18,AheerBhairav,,,
neerajaabhyankar_hindustani-raag-small_00000019,india,E:\Desktop\Echo\storage\public\routeA_phase2\hindustani\audio\neerajaabhyankar_hindustani-raag-small_00000019.mp3,neerajaabhyankar/hindustani-raag-small,train,19,AheerBhairav,,,
neerajaabhyankar_hindustani-raag-small_00000020,india,E:\Desktop\Echo\storage\public\routeA_phase2\hindustani\audio\neerajaabhyankar_hindustani-raag-small_00000020.mp3,neerajaabhyankar/hindustani-raag-small,train,20,AheerBhairav,,,
neerajaabhyankar_hindustani-raag-small_00000021,india,E:\Desktop\Echo\storage\public\routeA_phase2\hindustani\audio\neerajaabhyankar_hindustani-raag-small_00000021.mp3,neerajaabhyankar/hindustani-raag-small,train,21,AheerBhairav,,,
neerajaabhyankar_hindustani-raag-small_00000022,india,E:\Desktop\Echo\storage\public\routeA_phase2\hindustani\audio\neerajaabhyankar_hindustani-raag-small_00000022.mp3,neerajaabhyankar/hindustani-raag-small,train,22,AheerBhairav,,,
neerajaabhyankar_hindustani-raag-small_00000023,india,E:\Desktop\Echo\storage\public\routeA_phase2\hindustani\audio\neerajaabhyankar_hindustani-raag-small_00000023.mp3,neerajaabhyankar/hindustani-raag-small,train,23,AheerBhairav,,,
neerajaabhyankar_hindustani-raag-small_00000024,india,E:\Desktop\Echo\storage\public\routeA_phase2\hindustani\audio\neerajaabhyankar_hindustani-raag-small_00000024.mp3,neerajaabhyankar/hindustani-raag-small,train,24,AheerBhairav,,,
neerajaabhyankar_hindustani-raag-small_00000025,india,E:\Desktop\Echo\storage\public\routeA_phase2\hindustani\audio\neerajaabhyankar_hindustani-raag-small_00000025.mp3,neerajaabhyankar/hindustani-raag-small,train,25,AheerBhairav,,,
neerajaabhyankar_hindustani-raag-small_00000026,india,E:\Desktop\Echo\storage\public\routeA_phase2\hindustani\audio\neerajaabhyankar_hindustani-raag-small_00000026.mp3,neerajaabhyankar/hindustani-raag-small,train,26,AheerBhairav,,,
neerajaabhyankar_hindustani-raag-small_00000027,india,E:\Desktop\Echo\storage\public\routeA_phase2\hindustani\audio\neerajaabhyankar_hindustani-raag-small_00000027.mp3,neerajaabhyankar/hindustani-raag-small,train,27,AheerBhairav,,,
neerajaabhyankar_hindustani-raag-small_00000028,india,E:\Desktop\Echo\storage\public\routeA_phase2\hindustani\audio\neerajaabhyankar_hindustani-raag-small_00000028.mp3,neerajaabhyankar/hindustani-raag-small,train,28,AheerBhairav,,,
neerajaabhyankar_hindustani-raag-small_00000029,india,E:\Desktop\Echo\storage\public\routeA_phase2\hindustani\audio\neerajaabhyankar_hindustani-raag-small_00000029.mp3,neerajaabhyankar/hindustani-raag-small,train,29,AheerBhairav,,,
neerajaabhyankar_hindustani-raag-small_00000030,india,E:\Desktop\Echo\storage\public\routeA_phase2\hindustani\audio\neerajaabhyankar_hindustani-raag-small_00000030.mp3,neerajaabhyankar/hindustani-raag-small,train,30,AheerBhairav,,,
neerajaabhyankar_hindustani-raag-small_00000031,india,E:\Desktop\Echo\storage\public\routeA_phase2\hindustani\audio\neerajaabhyankar_hindustani-raag-small_00000031.mp3,neerajaabhyankar/hindustani-raag-small,train,31,AheerBhairav,,,
neerajaabhyankar_hindustani-raag-small_00000032,india,E:\Desktop\Echo\storage\public\routeA_phase2\hindustani\audio\neerajaabhyankar_hindustani-raag-small_00000032.mp3,neerajaabhyankar/hindustani-raag-small,train,32,AheerBhairav,,,
neerajaabhyankar_hindustani-raag-small_00000033,india,E:\Desktop\Echo\storage\public\routeA_phase2\hindustani\audio\neerajaabhyankar_hindustani-raag-small_00000033.mp3,neerajaabhyankar/hindustani-raag-small,train,33,AlhaiyaBilawal,,,
neerajaabhyankar_hindustani-raag-small_00000034,india,E:\Desktop\Echo\storage\public\routeA_phase2\hindustani\audio\neerajaabhyankar_hindustani-raag-small_00000034.mp3,neerajaabhyankar/hindustani-raag-small,train,34,AlhaiyaBilawal,,,
neerajaabhyankar_hindustani-raag-small_00000035,india,E:\Desktop\Echo\storage\public\routeA_phase2\hindustani\audio\neerajaabhyankar_hindustani-raag-small_00000035.mp3,neerajaabhyankar/hindustani-raag-small,train,35,AlhaiyaBilawal,,,
neerajaabhyankar_hindustani-raag-small_00000036,india,E:\Desktop\Echo\storage\public\routeA_phase2\hindustani\audio\neerajaabhyankar_hindustani-raag-small_00000036.mp3,neerajaabhyankar/hindustani-raag-small,train,36,AlhaiyaBilawal,,,
neerajaabhyankar_hindustani-raag-small_00000037,india,E:\Desktop\Echo\storage\public\routeA_phase2\hindustani\audio\neerajaabhyankar_hindustani-raag-small_00000037.mp3,neerajaabhyankar/hindustani-raag-small,train,37,AlhaiyaBilawal,,,
neerajaabhyankar_hindustani-raag-small_00000038,india,E:\Desktop\Echo\storage\public\routeA_phase2\hindustani\audio\neerajaabhyankar_hindustani-raag-small_00000038.mp3,neerajaabhyankar/hindustani-raag-small,train,38,AlhaiyaBilawal,,,
neerajaabhyankar_hindustani-raag-small_00000039,india,E:\Desktop\Echo\storage\public\routeA_phase2\hindustani\audio\neerajaabhyankar_hindustani-raag-small_00000039.mp3,neerajaabhyankar/hindustani-raag-small,train,39,AlhaiyaBilawal,,,
neerajaabhyankar_hindustani-raag-small_00000040,india,E:\Desktop\Echo\storage\public\routeA_phase2\hindustani\audio\neerajaabhyankar_hindustani-raag-small_00000040.mp3,neerajaabhyankar/hindustani-raag-small,train,40,AlhaiyaBilawal,,,
neerajaabhyankar_hindustani-raag-small_00000041,india,E:\Desktop\Echo\storage\public\routeA_phase2\hindustani\audio\neerajaabhyankar_hindustani-raag-small_00000041.mp3,neerajaabhyankar/hindustani-raag-small,train,41,AlhaiyaBilawal,,,
neerajaabhyankar_hindustani-raag-small_00000042,india,E:\Desktop\Echo\storage\public\routeA_phase2\hindustani\audio\neerajaabhyankar_hindustani-raag-small_00000042.mp3,neerajaabhyankar/hindustani-raag-small,train,42,AlhaiyaBilawal,,,
neerajaabhyankar_hindustani-raag-small_00000043,india,E:\Desktop\Echo\storage\public\routeA_phase2\hindustani\audio\neerajaabhyankar_hindustani-raag-small_00000043.mp3,neerajaabhyankar/hindustani-raag-small,train,43,AlhaiyaBilawal,,,
neerajaabhyankar_hindustani-raag-small_00000044,india,E:\Desktop\Echo\storage\public\routeA_phase2\hindustani\audio\neerajaabhyankar_hindustani-raag-small_00000044.mp3,neerajaabhyankar/hindustani-raag-small,train,44,AlhaiyaBilawal,,,
neerajaabhyankar_hindustani-raag-small_00000045,india,E:\Desktop\Echo\storage\public\routeA_phase2\hindustani\audio\neerajaabhyankar_hindustani-raag-small_00000045.mp3,neerajaabhyankar/hindustani-raag-small,train,45,AlhaiyaBilawal,,,
neerajaabhyankar_hindustani-raag-small_00000046,india,E:\Desktop\Echo\storage\public\routeA_phase2\hindustani\audio\neerajaabhyankar_hindustani-raag-small_00000046.mp3,neerajaabhyankar/hindustani-raag-small,train,46,AlhaiyaBilawal,,,
neerajaabhyankar_hindustani-raag-small_00000047,india,E:\Desktop\Echo\storage\public\routeA_phase2\hindustani\audio\neerajaabhyankar_hindustani-raag-small_00000047.mp3,neerajaabhyankar/hindustani-raag-small,train,47,AlhaiyaBilawal,,,
neerajaabhyankar_hindustani-raag-small_00000048,india,E:\Desktop\Echo\storage\public\routeA_phase2\hindustani\audio\neerajaabhyankar_hindustani-raag-small_00000048.mp3,neerajaabhyankar/hindustani-raag-small,train,48,AlhaiyaBilawal,,,
neerajaabhyankar_hindustani-raag-small_00000049,india,E:\Desktop\Echo\storage\public\routeA_phase2\hindustani\audio\neerajaabhyankar_hindustani-raag-small_00000049.mp3,neerajaabhyankar/hindustani-raag-small,train,49,AlhaiyaBilawal,,,
neerajaabhyankar_hindustani-raag-small_00000050,india,E:\Desktop\Echo\storage\public\routeA_phase2\hindustani\audio\neerajaabhyankar_hindustani-raag-small_00000050.mp3,neerajaabhyankar/hindustani-raag-small,train,50,AlhaiyaBilawal,,,
neerajaabhyankar_hindustani-raag-small_00000051,india,E:\Desktop\Echo\storage\public\routeA_phase2\hindustani\audio\neerajaabhyankar_hindustani-raag-small_00000051.mp3,neerajaabhyankar/hindustani-raag-small,train,51,AlhaiyaBilawal,,,
neerajaabhyankar_hindustani-raag-small_00000052,india,E:\Desktop\Echo\storage\public\routeA_phase2\hindustani\audio\neerajaabhyankar_hindustani-raag-small_00000052.mp3,neerajaabhyankar/hindustani-raag-small,train,52,AlhaiyaBilawal,,,
neerajaabhyankar_hindustani-raag-small_00000053,india,E:\Desktop\Echo\storage\public\routeA_phase2\hindustani\audio\neerajaabhyankar_hindustani-raag-small_00000053.mp3,neerajaabhyankar/hindustani-raag-small,train,53,AlhaiyaBilawal,,,
neerajaabhyankar_hindustani-raag-small_00000054,india,E:\Desktop\Echo\storage\public\routeA_phase2\hindustani\audio\neerajaabhyankar_hindustani-raag-small_00000054.mp3,neerajaabhyankar/hindustani-raag-small,train,54,AlhaiyaBilawal,,,
neerajaabhyankar_hindustani-raag-small_00000055,india,E:\Desktop\Echo\storage\public\routeA_phase2\hindustani\audio\neerajaabhyankar_hindustani-raag-small_00000055.mp3,neerajaabhyankar/hindustani-raag-small,train,55,AlhaiyaBilawal,,,
neerajaabhyankar_hindustani-raag-small_00000056,india,E:\Desktop\Echo\storage\public\routeA_phase2\hindustani\audio\neerajaabhyankar_hindustani-raag-small_00000056.mp3,neerajaabhyankar/hindustani-raag-small,train,56,AlhaiyaBilawal,,,
neerajaabhyankar_hindustani-raag-small_00000057,india,E:\Desktop\Echo\storage\public\routeA_phase2\hindustani\audio\neerajaabhyankar_hindustani-raag-small_00000057.mp3,neerajaabhyankar/hindustani-raag-small,train,57,AlhaiyaBilawal,,,
neerajaabhyankar_hindustani-raag-small_00000058,india,E:\Desktop\Echo\storage\public\routeA_phase2\hindustani\audio\neerajaabhyankar_hindustani-raag-small_00000058.mp3,neerajaabhyankar/hindustani-raag-small,train,58,AlhaiyaBilawal,,,
neerajaabhyankar_hindustani-raag-small_00000059,india,E:\Desktop\Echo\storage\public\routeA_phase2\hindustani\audio\neerajaabhyankar_hindustani-raag-small_00000059.mp3,neerajaabhyankar/hindustani-raag-small,train,59,AlhaiyaBilawal,,,
neerajaabhyankar_hindustani-raag-small_00000060,india,E:\Desktop\Echo\storage\public\routeA_phase2\hindustani\audio\neerajaabhyankar_hindustani-raag-small_00000060.mp3,neerajaabhyankar/hindustani-raag-small,train,60,AlhaiyaBilawal,,,
neerajaabhyankar_hindustani-raag-small_00000061,india,E:\Desktop\Echo\storage\public\routeA_phase2\hindustani\audio\neerajaabhyankar_hindustani-raag-small_00000061.mp3,neerajaabhyankar/hindustani-raag-small,train,61,AlhaiyaBilawal,,,
neerajaabhyankar_hindustani-raag-small_00000062,india,E:\Desktop\Echo\storage\public\routeA_phase2\hindustani\audio\neerajaabhyankar_hindustani-raag-small_00000062.mp3,neerajaabhyankar/hindustani-raag-small,train,62,AlhaiyaBilawal,,,
neerajaabhyankar_hindustani-raag-small_00000063,india,E:\Desktop\Echo\storage\public\routeA_phase2\hindustani\audio\neerajaabhyankar_hindustani-raag-small_00000063.mp3,neerajaabhyankar/hindustani-raag-small,train,63,Bageshree,,,
neerajaabhyankar_hindustani-raag-small_00000064,india,E:\Desktop\Echo\storage\public\routeA_phase2\hindustani\audio\neerajaabhyankar_hindustani-raag-small_00000064.mp3,neerajaabhyankar/hindustani-raag-small,train,64,Bageshree,,,
neerajaabhyankar_hindustani-raag-small_00000065,india,E:\Desktop\Echo\storage\public\routeA_phase2\hindustani\audio\neerajaabhyankar_hindustani-raag-small_00000065.mp3,neerajaabhyankar/hindustani-raag-small,train,65,Bageshree,,,
neerajaabhyankar_hindustani-raag-small_00000066,india,E:\Desktop\Echo\storage\public\routeA_phase2\hindustani\audio\neerajaabhyankar_hindustani-raag-small_00000066.mp3,neerajaabhyankar/hindustani-raag-small,train,66,Bageshree,,,
neerajaabhyankar_hindustani-raag-small_00000067,india,E:\Desktop\Echo\storage\public\routeA_phase2\hindustani\audio\neerajaabhyankar_hindustani-raag-small_00000067.mp3,neerajaabhyankar/hindustani-raag-small,train,67,Bageshree,,,
neerajaabhyankar_hindustani-raag-small_00000068,india,E:\Desktop\Echo\storage\public\routeA_phase2\hindustani\audio\neerajaabhyankar_hindustani-raag-small_00000068.mp3,neerajaabhyankar/hindustani-raag-small,train,68,Bageshree,,,
neerajaabhyankar_hindustani-raag-small_00000069,india,E:\Desktop\Echo\storage\public\routeA_phase2\hindustani\audio\neerajaabhyankar_hindustani-raag-small_00000069.mp3,neerajaabhyankar/hindustani-raag-small,train,69,Bageshree,,,
neerajaabhyankar_hindustani-raag-small_00000070,india,E:\Desktop\Echo\storage\public\routeA_phase2\hindustani\audio\neerajaabhyankar_hindustani-raag-small_00000070.mp3,neerajaabhyankar/hindustani-raag-small,train,70,Bageshree,,,
neerajaabhyankar_hindustani-raag-small_00000071,india,E:\Desktop\Echo\storage\public\routeA_phase2\hindustani\audio\neerajaabhyankar_hindustani-raag-small_00000071.mp3,neerajaabhyankar/hindustani-raag-small,train,71,Bageshree,,,
neerajaabhyankar_hindustani-raag-small_00000072,india,E:\Desktop\Echo\storage\public\routeA_phase2\hindustani\audio\neerajaabhyankar_hindustani-raag-small_00000072.mp3,neerajaabhyankar/hindustani-raag-small,train,72,Bageshree,,,
neerajaabhyankar_hindustani-raag-small_00000073,india,E:\Desktop\Echo\storage\public\routeA_phase2\hindustani\audio\neerajaabhyankar_hindustani-raag-small_00000073.mp3,neerajaabhyankar/hindustani-raag-small,train,73,Bageshree,,,
neerajaabhyankar_hindustani-raag-small_00000074,india,E:\Desktop\Echo\storage\public\routeA_phase2\hindustani\audio\neerajaabhyankar_hindustani-raag-small_00000074.mp3,neerajaabhyankar/hindustani-raag-small,train,74,Bageshree,,,
neerajaabhyankar_hindustani-raag-small_00000075,india,E:\Desktop\Echo\storage\public\routeA_phase2\hindustani\audio\neerajaabhyankar_hindustani-raag-small_00000075.mp3,neerajaabhyankar/hindustani-raag-small,train,75,Bageshree,,,
neerajaabhyankar_hindustani-raag-small_00000076,india,E:\Desktop\Echo\storage\public\routeA_phase2\hindustani\audio\neerajaabhyankar_hindustani-raag-small_00000076.mp3,neerajaabhyankar/hindustani-raag-small,train,76,Bageshree,,,
neerajaabhyankar_hindustani-raag-small_00000077,india,E:\Desktop\Echo\storage\public\routeA_phase2\hindustani\audio\neerajaabhyankar_hindustani-raag-small_00000077.mp3,neerajaabhyankar/hindustani-raag-small,train,77,Bageshree,,,
neerajaabhyankar_hindustani-raag-small_00000078,india,E:\Desktop\Echo\storage\public\routeA_phase2\hindustani\audio\neerajaabhyankar_hindustani-raag-small_00000078.mp3,neerajaabhyankar/hindustani-raag-small,train,78,Bageshree,,,
neerajaabhyankar_hindustani-raag-small_00000079,india,E:\Desktop\Echo\storage\public\routeA_phase2\hindustani\audio\neerajaabhyankar_hindustani-raag-small_00000079.mp3,neerajaabhyankar/hindustani-raag-small,train,79,Bageshree,,,
neerajaabhyankar_hindustani-raag-small_00000080,india,E:\Desktop\Echo\storage\public\routeA_phase2\hindustani\audio\neerajaabhyankar_hindustani-raag-small_00000080.mp3,neerajaabhyankar/hindustani-raag-small,train,80,Bageshree,,,
neerajaabhyankar_hindustani-raag-small_00000081,india,E:\Desktop\Echo\storage\public\routeA_phase2\hindustani\audio\neerajaabhyankar_hindustani-raag-small_00000081.mp3,neerajaabhyankar/hindustani-raag-small,train,81,Bageshree,,,
neerajaabhyankar_hindustani-raag-small_00000082,india,E:\Desktop\Echo\storage\public\routeA_phase2\hindustani\audio\neerajaabhyankar_hindustani-raag-small_00000082.mp3,neerajaabhyankar/hindustani-raag-small,train,82,Bageshree,,,
neerajaabhyankar_hindustani-raag-small_00000083,india,E:\Desktop\Echo\storage\public\routeA_phase2\hindustani\audio\neerajaabhyankar_hindustani-raag-small_00000083.mp3,neerajaabhyankar/hindustani-raag-small,train,83,Bageshree,,,
neerajaabhyankar_hindustani-raag-small_00000084,india,E:\Desktop\Echo\storage\public\routeA_phase2\hindustani\audio\neerajaabhyankar_hindustani-raag-small_00000084.mp3,neerajaabhyankar/hindustani-raag-small,train,84,Bageshree,,,
neerajaabhyankar_hindustani-raag-small_00000085,india,E:\Desktop\Echo\storage\public\routeA_phase2\hindustani\audio\neerajaabhyankar_hindustani-raag-small_00000085.mp3,neerajaabhyankar/hindustani-raag-small,train,85,Bageshree,,,
neerajaabhyankar_hindustani-raag-small_00000086,india,E:\Desktop\Echo\storage\public\routeA_phase2\hindustani\audio\neerajaabhyankar_hindustani-raag-small_00000086.mp3,neerajaabhyankar/hindustani-raag-small,train,86,Bageshree,,,
neerajaabhyankar_hindustani-raag-small_00000087,india,E:\Desktop\Echo\storage\public\routeA_phase2\hindustani\audio\neerajaabhyankar_hindustani-raag-small_00000087.mp3,neerajaabhyankar/hindustani-raag-small,train,87,Bahar,,,
neerajaabhyankar_hindustani-raag-small_00000088,india,E:\Desktop\Echo\storage\public\routeA_phase2\hindustani\audio\neerajaabhyankar_hindustani-raag-small_00000088.mp3,neerajaabhyankar/hindustani-raag-small,train,88,Bahar,,,
neerajaabhyankar_hindustani-raag-small_00000089,india,E:\Desktop\Echo\storage\public\routeA_phase2\hindustani\audio\neerajaabhyankar_hindustani-raag-small_00000089.mp3,neerajaabhyankar/hindustani-raag-small,train,89,Bahar,,,
neerajaabhyankar_hindustani-raag-small_00000090,india,E:\Desktop\Echo\storage\public\routeA_phase2\hindustani\audio\neerajaabhyankar_hindustani-raag-small_00000090.mp3,neerajaabhyankar/hindustani-raag-small,train,90,Bahar,,,
neerajaabhyankar_hindustani-raag-small_00000091,india,E:\Desktop\Echo\storage\public\routeA_phase2\hindustani\audio\neerajaabhyankar_hindustani-raag-small_00000091.mp3,neerajaabhyankar/hindustani-raag-small,train,91,Bahar,,,
neerajaabhyankar_hindustani-raag-small_00000092,india,E:\Desktop\Echo\storage\public\routeA_phase2\hindustani\audio\neerajaabhyankar_hindustani-raag-small_00000092.mp3,neerajaabhyankar/hindustani-raag-small,train,92,Bahar,,,
neerajaabhyankar_hindustani-raag-small_00000093,india,E:\Desktop\Echo\storage\public\routeA_phase2\hindustani\audio\neerajaabhyankar_hindustani-raag-small_00000093.mp3,neerajaabhyankar/hindustani-raag-small,train,93,Bahar,,,
neerajaabhyankar_hindustani-raag-small_00000094,india,E:\Desktop\Echo\storage\public\routeA_phase2\hindustani\audio\neerajaabhyankar_hindustani-raag-small_00000094.mp3,neerajaabhyankar/hindustani-raag-small,train,94,Bahar,,,
neerajaabhyankar_hindustani-raag-small_00000095,india,E:\Desktop\Echo\storage\public\routeA_phase2\hindustani\audio\neerajaabhyankar_hindustani-raag-small_00000095.mp3,neerajaabhyankar/hindustani-raag-small,train,95,Bahar,,,
neerajaabhyankar_hindustani-raag-small_00000096,india,E:\Desktop\Echo\storage\public\routeA_phase2\hindustani\audio\neerajaabhyankar_hindustani-raag-small_00000096.mp3,neerajaabhyankar/hindustani-raag-small,train,96,Bahar,,,
neerajaabhyankar_hindustani-raag-small_00000097,india,E:\Desktop\Echo\storage\public\routeA_phase2\hindustani\audio\neerajaabhyankar_hindustani-raag-small_00000097.mp3,neerajaabhyankar/hindustani-raag-small,train,97,Bahar,,,
neerajaabhyankar_hindustani-raag-small_00000098,india,E:\Desktop\Echo\storage\public\routeA_phase2\hindustani\audio\neerajaabhyankar_hindustani-raag-small_00000098.mp3,neerajaabhyankar/hindustani-raag-small,train,98,Bahar,,,
neerajaabhyankar_hindustani-raag-small_00000099,india,E:\Desktop\Echo\storage\public\routeA_phase2\hindustani\audio\neerajaabhyankar_hindustani-raag-small_00000099.mp3,neerajaabhyankar/hindustani-raag-small,train,99,Bairagi,,,
neerajaabhyankar_hindustani-raag-small_00000100,india,E:\Desktop\Echo\storage\public\routeA_phase2\hindustani\audio\neerajaabhyankar_hindustani-raag-small_00000100.mp3,neerajaabhyankar/hindustani-raag-small,train,100,Bairagi,,,
neerajaabhyankar_hindustani-raag-small_00000101,india,E:\Desktop\Echo\storage\public\routeA_phase2\hindustani\audio\neerajaabhyankar_hindustani-raag-small_00000101.mp3,neerajaabhyankar/hindustani-raag-small,train,101,Bairagi,,,
neerajaabhyankar_hindustani-raag-small_00000102,india,E:\Desktop\Echo\storage\public\routeA_phase2\hindustani\audio\neerajaabhyankar_hindustani-raag-small_00000102.mp3,neerajaabhyankar/hindustani-raag-small,train,102,Bairagi,,,
neerajaabhyankar_hindustani-raag-small_00000103,india,E:\Desktop\Echo\storage\public\routeA_phase2\hindustani\audio\neerajaabhyankar_hindustani-raag-small_00000103.mp3,neerajaabhyankar/hindustani-raag-small,train,103,Bairagi,,,
neerajaabhyankar_hindustani-raag-small_00000104,india,E:\Desktop\Echo\storage\public\routeA_phase2\hindustani\audio\neerajaabhyankar_hindustani-raag-small_00000104.mp3,neerajaabhyankar/hindustani-raag-small,train,104,Bairagi,,,
neerajaabhyankar_hindustani-raag-small_00000105,india,E:\Desktop\Echo\storage\public\routeA_phase2\hindustani\audio\neerajaabhyankar_hindustani-raag-small_00000105.mp3,neerajaabhyankar/hindustani-raag-small,train,105,Bairagi,,,
neerajaabhyankar_hindustani-raag-small_00000106,india,E:\Desktop\Echo\storage\public\routeA_phase2\hindustani\audio\neerajaabhyankar_hindustani-raag-small_00000106.mp3,neerajaabhyankar/hindustani-raag-small,train,106,Bairagi,,,
neerajaabhyankar_hindustani-raag-small_00000107,india,E:\Desktop\Echo\storage\public\routeA_phase2\hindustani\audio\neerajaabhyankar_hindustani-raag-small_00000107.mp3,neerajaabhyankar/hindustani-raag-small,train,107,Bairagi,,,
neerajaabhyankar_hindustani-raag-small_00000108,india,E:\Desktop\Echo\storage\public\routeA_phase2\hindustani\audio\neerajaabhyankar_hindustani-raag-small_00000108.mp3,neerajaabhyankar/hindustani-raag-small,train,108,Bairagi,,,
neerajaabhyankar_hindustani-raag-small_00000109,india,E:\Desktop\Echo\storage\public\routeA_phase2\hindustani\audio\neerajaabhyankar_hindustani-raag-small_00000109.mp3,neerajaabhyankar/hindustani-raag-small,train,109,Bairagi,,,
neerajaabhyankar_hindustani-raag-small_00000110,india,E:\Desktop\Echo\storage\public\routeA_phase2\hindustani\audio\neerajaabhyankar_hindustani-raag-small_00000110.mp3,neerajaabhyankar/hindustani-raag-small,train,110,Bairagi,,,
neerajaabhyankar_hindustani-raag-small_00000111,india,E:\Desktop\Echo\storage\public\routeA_phase2\hindustani\audio\neerajaabhyankar_hindustani-raag-small_00000111.mp3,neerajaabhyankar/hindustani-raag-small,train,111,Bairagi,,,
neerajaabhyankar_hindustani-raag-small_00000112,india,E:\Desktop\Echo\storage\public\routeA_phase2\hindustani\audio\neerajaabhyankar_hindustani-raag-small_00000112.mp3,neerajaabhyankar/hindustani-raag-small,train,112,Bairagi,,,
neerajaabhyankar_hindustani-raag-small_00000113,india,E:\Desktop\Echo\storage\public\routeA_phase2\hindustani\audio\neerajaabhyankar_hindustani-raag-small_00000113.mp3,neerajaabhyankar/hindustani-raag-small,train,113,Bairagi,,,
neerajaabhyankar_hindustani-raag-small_00000114,india,E:\Desktop\Echo\storage\public\routeA_phase2\hindustani\audio\neerajaabhyankar_hindustani-raag-small_00000114.mp3,neerajaabhyankar/hindustani-raag-small,train,114,Bairagi,,,
neerajaabhyankar_hindustani-raag-small_00000115,india,E:\Desktop\Echo\storage\public\routeA_phase2\hindustani\audio\neerajaabhyankar_hindustani-raag-small_00000115.mp3,neerajaabhyankar/hindustani-raag-small,train,115,Bairagi,,,
neerajaabhyankar_hindustani-raag-small_00000116,india,E:\Desktop\Echo\storage\public\routeA_phase2\hindustani\audio\neerajaabhyankar_hindustani-raag-small_00000116.mp3,neerajaabhyankar/hindustani-raag-small,train,116,Bairagi,,,
neerajaabhyankar_hindustani-raag-small_00000117,india,E:\Desktop\Echo\storage\public\routeA_phase2\hindustani\audio\neerajaabhyankar_hindustani-raag-small_00000117.mp3,neerajaabhyankar/hindustani-raag-small,train,117,Bairagi,,,
neerajaabhyankar_hindustani-raag-small_00000118,india,E:\Desktop\Echo\storage\public\routeA_phase2\hindustani\audio\neerajaabhyankar_hindustani-raag-small_00000118.mp3,neerajaabhyankar/hindustani-raag-small,train,118,Bairagi,,,
neerajaabhyankar_hindustani-raag-small_00000119,india,E:\Desktop\Echo\storage\public\routeA_phase2\hindustani\audio\neerajaabhyankar_hindustani-raag-small_00000119.mp3,neerajaabhyankar/hindustani-raag-small,train,119,Bairagi,,,
neerajaabhyankar_hindustani-raag-small_00000120,india,E:\Desktop\Echo\storage\public\routeA_phase2\hindustani\audio\neerajaabhyankar_hindustani-raag-small_00000120.mp3,neerajaabhyankar/hindustani-raag-small,train,120,Bairagi,,,
neerajaabhyankar_hindustani-raag-small_00000121,india,E:\Desktop\Echo\storage\public\routeA_phase2\hindustani\audio\neerajaabhyankar_hindustani-raag-small_00000121.mp3,neerajaabhyankar/hindustani-raag-small,train,121,Bairagi,,,
neerajaabhyankar_hindustani-raag-small_00000122,india,E:\Desktop\Echo\storage\public\routeA_phase2\hindustani\audio\neerajaabhyankar_hindustani-raag-small_00000122.mp3,neerajaabhyankar/hindustani-raag-small,train,122,Bairagi,,,
neerajaabhyankar_hindustani-raag-small_00000123,india,E:\Desktop\Echo\storage\public\routeA_phase2\hindustani\audio\neerajaabhyankar_hindustani-raag-small_00000123.mp3,neerajaabhyankar/hindustani-raag-small,train,123,Basant,,,
neerajaabhyankar_hindustani-raag-small_00000124,india,E:\Desktop\Echo\storage\public\routeA_phase2\hindustani\audio\neerajaabhyankar_hindustani-raag-small_00000124.mp3,neerajaabhyankar/hindustani-raag-small,train,124,Basant,,,
neerajaabhyankar_hindustani-raag-small_00000125,india,E:\Desktop\Echo\storage\public\routeA_phase2\hindustani\audio\neerajaabhyankar_hindustani-raag-small_00000125.mp3,neerajaabhyankar/hindustani-raag-small,train,125,Basant,,,
neerajaabhyankar_hindustani-raag-small_00000126,india,E:\Desktop\Echo\storage\public\routeA_phase2\hindustani\audio\neerajaabhyankar_hindustani-raag-small_00000126.mp3,neerajaabhyankar/hindustani-raag-small,train,126,Basant,,,
neerajaabhyankar_hindustani-raag-small_00000127,india,E:\Desktop\Echo\storage\public\routeA_phase2\hindustani\audio\neerajaabhyankar_hindustani-raag-small_00000127.mp3,neerajaabhyankar/hindustani-raag-small,train,127,Basant,,,
neerajaabhyankar_hindustani-raag-small_00000128,india,E:\Desktop\Echo\storage\public\routeA_phase2\hindustani\audio\neerajaabhyankar_hindustani-raag-small_00000128.mp3,neerajaabhyankar/hindustani-raag-small,train,128,Basant,,,
neerajaabhyankar_hindustani-raag-small_00000129,india,E:\Desktop\Echo\storage\public\routeA_phase2\hindustani\audio\neerajaabhyankar_hindustani-raag-small_00000129.mp3,neerajaabhyankar/hindustani-raag-small,train,129,Basant,,,
neerajaabhyankar_hindustani-raag-small_00000130,india,E:\Desktop\Echo\storage\public\routeA_phase2\hindustani\audio\neerajaabhyankar_hindustani-raag-small_00000130.mp3,neerajaabhyankar/hindustani-raag-small,train,130,Basant,,,
neerajaabhyankar_hindustani-raag-small_00000131,india,E:\Desktop\Echo\storage\public\routeA_phase2\hindustani\audio\neerajaabhyankar_hindustani-raag-small_00000131.mp3,neerajaabhyankar/hindustani-raag-small,train,131,Basant,,,
neerajaabhyankar_hindustani-raag-small_00000132,india,E:\Desktop\Echo\storage\public\routeA_phase2\hindustani\audio\neerajaabhyankar_hindustani-raag-small_00000132.mp3,neerajaabhyankar/hindustani-raag-small,train,132,Basant,,,
neerajaabhyankar_hindustani-raag-small_00000133,india,E:\Desktop\Echo\storage\public\routeA_phase2\hindustani\audio\neerajaabhyankar_hindustani-raag-small_00000133.mp3,neerajaabhyankar/hindustani-raag-small,train,133,Basant,,,
neerajaabhyankar_hindustani-raag-small_00000134,india,E:\Desktop\Echo\storage\public\routeA_phase2\hindustani\audio\neerajaabhyankar_hindustani-raag-small_00000134.mp3,neerajaabhyankar/hindustani-raag-small,train,134,Basant,,,
neerajaabhyankar_hindustani-raag-small_00000135,india,E:\Desktop\Echo\storage\public\routeA_phase2\hindustani\audio\neerajaabhyankar_hindustani-raag-small_00000135.mp3,neerajaabhyankar/hindustani-raag-small,train,135,Basant,,,
neerajaabhyankar_hindustani-raag-small_00000136,india,E:\Desktop\Echo\storage\public\routeA_phase2\hindustani\audio\neerajaabhyankar_hindustani-raag-small_00000136.mp3,neerajaabhyankar/hindustani-raag-small,train,136,Basant,,,
neerajaabhyankar_hindustani-raag-small_00000137,india,E:\Desktop\Echo\storage\public\routeA_phase2\hindustani\audio\neerajaabhyankar_hindustani-raag-small_00000137.mp3,neerajaabhyankar/hindustani-raag-small,train,137,Basant,,,
neerajaabhyankar_hindustani-raag-small_00000138,india,E:\Desktop\Echo\storage\public\routeA_phase2\hindustani\audio\neerajaabhyankar_hindustani-raag-small_00000138.mp3,neerajaabhyankar/hindustani-raag-small,train,138,Bhairav,,,
neerajaabhyankar_hindustani-raag-small_00000139,india,E:\Desktop\Echo\storage\public\routeA_phase2\hindustani\audio\neerajaabhyankar_hindustani-raag-small_00000139.mp3,neerajaabhyankar/hindustani-raag-small,train,139,Bhairav,,,
neerajaabhyankar_hindustani-raag-small_00000140,india,E:\Desktop\Echo\storage\public\routeA_phase2\hindustani\audio\neerajaabhyankar_hindustani-raag-small_00000140.mp3,neerajaabhyankar/hindustani-raag-small,train,140,Bhairav,,,
neerajaabhyankar_hindustani-raag-small_00000141,india,E:\Desktop\Echo\storage\public\routeA_phase2\hindustani\audio\neerajaabhyankar_hindustani-raag-small_00000141.mp3,neerajaabhyankar/hindustani-raag-small,train,141,Bhairav,,,
neerajaabhyankar_hindustani-raag-small_00000142,india,E:\Desktop\Echo\storage\public\routeA_phase2\hindustani\audio\neerajaabhyankar_hindustani-raag-small_00000142.mp3,neerajaabhyankar/hindustani-raag-small,train,142,Bhairav,,,
neerajaabhyankar_hindustani-raag-small_00000143,india,E:\Desktop\Echo\storage\public\routeA_phase2\hindustani\audio\neerajaabhyankar_hindustani-raag-small_00000143.mp3,neerajaabhyankar/hindustani-raag-small,train,143,Bhairav,,,
neerajaabhyankar_hindustani-raag-small_00000144,india,E:\Desktop\Echo\storage\public\routeA_phase2\hindustani\audio\neerajaabhyankar_hindustani-raag-small_00000144.mp3,neerajaabhyankar/hindustani-raag-small,train,144,Bhairav,,,
neerajaabhyankar_hindustani-raag-small_00000145,india,E:\Desktop\Echo\storage\public\routeA_phase2\hindustani\audio\neerajaabhyankar_hindustani-raag-small_00000145.mp3,neerajaabhyankar/hindustani-raag-small,train,145,Bhairav,,,
neerajaabhyankar_hindustani-raag-small_00000146,india,E:\Desktop\Echo\storage\public\routeA_phase2\hindustani\audio\neerajaabhyankar_hindustani-raag-small_00000146.mp3,neerajaabhyankar/hindustani-raag-small,train,146,Bhairav,,,
neerajaabhyankar_hindustani-raag-small_00000147,india,E:\Desktop\Echo\storage\public\routeA_phase2\hindustani\audio\neerajaabhyankar_hindustani-raag-small_00000147.mp3,neerajaabhyankar/hindustani-raag-small,train,147,Bhairav,,,
neerajaabhyankar_hindustani-raag-small_00000148,india,E:\Desktop\Echo\storage\public\routeA_phase2\hindustani\audio\neerajaabhyankar_hindustani-raag-small_00000148.mp3,neerajaabhyankar/hindustani-raag-small,train,148,Bhairav,,,
neerajaabhyankar_hindustani-raag-small_00000149,india,E:\Desktop\Echo\storage\public\routeA_phase2\hindustani\audio\neerajaabhyankar_hindustani-raag-small_00000149.mp3,neerajaabhyankar/hindustani-raag-small,train,149,Bhairav,,,
neerajaabhyankar_hindustani-raag-small_00000150,india,E:\Desktop\Echo\storage\public\routeA_phase2\hindustani\audio\neerajaabhyankar_hindustani-raag-small_00000150.mp3,neerajaabhyankar/hindustani-raag-small,train,150,Bhairav,,,
neerajaabhyankar_hindustani-raag-small_00000151,india,E:\Desktop\Echo\storage\public\routeA_phase2\hindustani\audio\neerajaabhyankar_hindustani-raag-small_00000151.mp3,neerajaabhyankar/hindustani-raag-small,train,151,Bhairav,,,
neerajaabhyankar_hindustani-raag-small_00000152,india,E:\Desktop\Echo\storage\public\routeA_phase2\hindustani\audio\neerajaabhyankar_hindustani-raag-small_00000152.mp3,neerajaabhyankar/hindustani-raag-small,train,152,Bhairav,,,
neerajaabhyankar_hindustani-raag-small_00000153,india,E:\Desktop\Echo\storage\public\routeA_phase2\hindustani\audio\neerajaabhyankar_hindustani-raag-small_00000153.mp3,neerajaabhyankar/hindustani-raag-small,train,153,Bhairav,,,
neerajaabhyankar_hindustani-raag-small_00000154,india,E:\Desktop\Echo\storage\public\routeA_phase2\hindustani\audio\neerajaabhyankar_hindustani-raag-small_00000154.mp3,neerajaabhyankar/hindustani-raag-small,train,154,Bhairav,,,
neerajaabhyankar_hindustani-raag-small_00000155,india,E:\Desktop\Echo\storage\public\routeA_phase2\hindustani\audio\neerajaabhyankar_hindustani-raag-small_00000155.mp3,neerajaabhyankar/hindustani-raag-small,train,155,Bhairav,,,
neerajaabhyankar_hindustani-raag-small_00000156,india,E:\Desktop\Echo\storage\public\routeA_phase2\hindustani\audio\neerajaabhyankar_hindustani-raag-small_00000156.mp3,neerajaabhyankar/hindustani-raag-small,train,156,Bhairav,,,
neerajaabhyankar_hindustani-raag-small_00000157,india,E:\Desktop\Echo\storage\public\routeA_phase2\hindustani\audio\neerajaabhyankar_hindustani-raag-small_00000157.mp3,neerajaabhyankar/hindustani-raag-small,train,157,Bhairav,,,
neerajaabhyankar_hindustani-raag-small_00000158,india,E:\Desktop\Echo\storage\public\routeA_phase2\hindustani\audio\neerajaabhyankar_hindustani-raag-small_00000158.mp3,neerajaabhyankar/hindustani-raag-small,train,158,Bhairav,,,
neerajaabhyankar_hindustani-raag-small_00000159,india,E:\Desktop\Echo\storage\public\routeA_phase2\hindustani\audio\neerajaabhyankar_hindustani-raag-small_00000159.mp3,neerajaabhyankar/hindustani-raag-small,train,159,Bhairav,,,
bilal63_turkish_music_emotion_dataset_00000000,turkey,E:\Desktop\Echo\storage\public\routeA_phase2\turkish\audio\bilal63_turkish_music_emotion_dataset_00000000.mp3,bilal63/turkish_music_emotion_dataset,train,0,angry,,,
bilal63_turkish_music_emotion_dataset_00000001,turkey,E:\Desktop\Echo\storage\public\routeA_phase2\turkish\audio\bilal63_turkish_music_emotion_dataset_00000001.mp3,bilal63/turkish_music_emotion_dataset,train,1,angry,,,
bilal63_turkish_music_emotion_dataset_00000002,turkey,E:\Desktop\Echo\storage\public\routeA_phase2\turkish\audio\bilal63_turkish_music_emotion_dataset_00000002.mp3,bilal63/turkish_music_emotion_dataset,train,2,angry,,,
bilal63_turkish_music_emotion_dataset_00000003,turkey,E:\Desktop\Echo\storage\public\routeA_phase2\turkish\audio\bilal63_turkish_music_emotion_dataset_00000003.mp3,bilal63/turkish_music_emotion_dataset,train,3,angry,,,
bilal63_turkish_music_emotion_dataset_00000004,turkey,E:\Desktop\Echo\storage\public\routeA_phase2\turkish\audio\bilal63_turkish_music_emotion_dataset_00000004.mp3,bilal63/turkish_music_emotion_dataset,train,4,angry,,,
bilal63_turkish_music_emotion_dataset_00000005,turkey,E:\Desktop\Echo\storage\public\routeA_phase2\turkish\audio\bilal63_turkish_music_emotion_dataset_00000005.mp3,bilal63/turkish_music_emotion_dataset,train,5,angry,,,
bilal63_turkish_music_emotion_dataset_00000006,turkey,E:\Desktop\Echo\storage\public\routeA_phase2\turkish\audio\bilal63_turkish_music_emotion_dataset_00000006.mp3,bilal63/turkish_music_emotion_dataset,train,6,angry,,,
bilal63_turkish_music_emotion_dataset_00000007,turkey,E:\Desktop\Echo\storage\public\routeA_phase2\turkish\audio\bilal63_turkish_music_emotion_dataset_00000007.mp3,bilal63/turkish_music_emotion_dataset,train,7,angry,,,
bilal63_turkish_music_emotion_dataset_00000008,turkey,E:\Desktop\Echo\storage\public\routeA_phase2\turkish\audio\bilal63_turkish_music_emotion_dataset_00000008.mp3,bilal63/turkish_music_emotion_dataset,train,8,angry,,,
bilal63_turkish_music_emotion_dataset_00000009,turkey,E:\Desktop\Echo\storage\public\routeA_phase2\turkish\audio\bilal63_turkish_music_emotion_dataset_00000009.mp3,bilal63/turkish_music_emotion_dataset,train,9,angry,,,
bilal63_turkish_music_emotion_dataset_00000010,turkey,E:\Desktop\Echo\storage\public\routeA_phase2\turkish\audio\bilal63_turkish_music_emotion_dataset_00000010.mp3,bilal63/turkish_music_emotion_dataset,train,10,angry,,,
bilal63_turkish_music_emotion_dataset_00000011,turkey,E:\Desktop\Echo\storage\public\routeA_phase2\turkish\audio\bilal63_turkish_music_emotion_dataset_00000011.mp3,bilal63/turkish_music_emotion_dataset,train,11,angry,,,
bilal63_turkish_music_emotion_dataset_00000012,turkey,E:\Desktop\Echo\storage\public\routeA_phase2\turkish\audio\bilal63_turkish_music_emotion_dataset_00000012.mp3,bilal63/turkish_music_emotion_dataset,train,12,angry,,,
bilal63_turkish_music_emotion_dataset_00000013,turkey,E:\Desktop\Echo\storage\public\routeA_phase2\turkish\audio\bilal63_turkish_music_emotion_dataset_00000013.mp3,bilal63/turkish_music_emotion_dataset,train,13,angry,,,
bilal63_turkish_music_emotion_dataset_00000014,turkey,E:\Desktop\Echo\storage\public\routeA_phase2\turkish\audio\bilal63_turkish_music_emotion_dataset_00000014.mp3,bilal63/turkish_music_emotion_dataset,train,14,angry,,,
bilal63_turkish_music_emotion_dataset_00000015,turkey,E:\Desktop\Echo\storage\public\routeA_phase2\turkish\audio\bilal63_turkish_music_emotion_dataset_00000015.mp3,bilal63/turkish_music_emotion_dataset,train,15,angry,,,
bilal63_turkish_music_emotion_dataset_00000016,turkey,E:\Desktop\Echo\storage\public\routeA_phase2\turkish\audio\bilal63_turkish_music_emotion_dataset_00000016.mp3,bilal63/turkish_music_emotion_dataset,train,16,angry,,,
bilal63_turkish_music_emotion_dataset_00000017,turkey,E:\Desktop\Echo\storage\public\routeA_phase2\turkish\audio\bilal63_turkish_music_emotion_dataset_00000017.mp3,bilal63/turkish_music_emotion_dataset,train,17,angry,,,
bilal63_turkish_music_emotion_dataset_00000018,turkey,E:\Desktop\Echo\storage\public\routeA_phase2\turkish\audio\bilal63_turkish_music_emotion_dataset_00000018.mp3,bilal63/turkish_music_emotion_dataset,train,18,angry,,,
bilal63_turkish_music_emotion_dataset_00000019,turkey,E:\Desktop\Echo\storage\public\routeA_phase2\turkish\audio\bilal63_turkish_music_emotion_dataset_00000019.mp3,bilal63/turkish_music_emotion_dataset,train,19,angry,,,
bilal63_turkish_music_emotion_dataset_00000020,turkey,E:\Desktop\Echo\storage\public\routeA_phase2\turkish\audio\bilal63_turkish_music_emotion_dataset_00000020.mp3,bilal63/turkish_music_emotion_dataset,train,20,angry,,,
bilal63_turkish_music_emotion_dataset_00000021,turkey,E:\Desktop\Echo\storage\public\routeA_phase2\turkish\audio\bilal63_turkish_music_emotion_dataset_00000021.mp3,bilal63/turkish_music_emotion_dataset,train,21,angry,,,
bilal63_turkish_music_emotion_dataset_00000022,turkey,E:\Desktop\Echo\storage\public\routeA_phase2\turkish\audio\bilal63_turkish_music_emotion_dataset_00000022.mp3,bilal63/turkish_music_emotion_dataset,train,22,angry,,,
bilal63_turkish_music_emotion_dataset_00000023,turkey,E:\Desktop\Echo\storage\public\routeA_phase2\turkish\audio\bilal63_turkish_music_emotion_dataset_00000023.mp3,bilal63/turkish_music_emotion_dataset,train,23,angry,,,
bilal63_turkish_music_emotion_dataset_00000024,turkey,E:\Desktop\Echo\storage\public\routeA_phase2\turkish\audio\bilal63_turkish_music_emotion_dataset_00000024.mp3,bilal63/turkish_music_emotion_dataset,train,24,angry,,,
bilal63_turkish_music_emotion_dataset_00000025,turkey,E:\Desktop\Echo\storage\public\routeA_phase2\turkish\audio\bilal63_turkish_music_emotion_dataset_00000025.mp3,bilal63/turkish_music_emotion_dataset,train,25,angry,,,
bilal63_turkish_music_emotion_dataset_00000026,turkey,E:\Desktop\Echo\storage\public\routeA_phase2\turkish\audio\bilal63_turkish_music_emotion_dataset_00000026.mp3,bilal63/turkish_music_emotion_dataset,train,26,angry,,,
bilal63_turkish_music_emotion_dataset_00000027,turkey,E:\Desktop\Echo\storage\public\routeA_phase2\turkish\audio\bilal63_turkish_music_emotion_dataset_00000027.mp3,bilal63/turkish_music_emotion_dataset,train,27,angry,,,
bilal63_turkish_music_emotion_dataset_00000028,turkey,E:\Desktop\Echo\storage\public\routeA_phase2\turkish\audio\bilal63_turkish_music_emotion_dataset_00000028.mp3,bilal63/turkish_music_emotion_dataset,train,28,angry,,,
bilal63_turkish_music_emotion_dataset_00000029,turkey,E:\Desktop\Echo\storage\public\routeA_phase2\turkish\audio\bilal63_turkish_music_emotion_dataset_00000029.mp3,bilal63/turkish_music_emotion_dataset,train,29,angry,,,
bilal63_turkish_music_emotion_dataset_00000030,turkey,E:\Desktop\Echo\storage\public\routeA_phase2\turkish\audio\bilal63_turkish_music_emotion_dataset_00000030.mp3,bilal63/turkish_music_emotion_dataset,train,30,angry,,,
bilal63_turkish_music_emotion_dataset_00000031,turkey,E:\Desktop\Echo\storage\public\routeA_phase2\turkish\audio\bilal63_turkish_music_emotion_dataset_00000031.mp3,bilal63/turkish_music_emotion_dataset,train,31,angry,,,
bilal63_turkish_music_emotion_dataset_00000032,turkey,E:\Desktop\Echo\storage\public\routeA_phase2\turkish\audio\bilal63_turkish_music_emotion_dataset_00000032.mp3,bilal63/turkish_music_emotion_dataset,train,32,angry,,,
bilal63_turkish_music_emotion_dataset_00000033,turkey,E:\Desktop\Echo\storage\public\routeA_phase2\turkish\audio\bilal63_turkish_music_emotion_dataset_00000033.mp3,bilal63/turkish_music_emotion_dataset,train,33,angry,,,
bilal63_turkish_music_emotion_dataset_00000034,turkey,E:\Desktop\Echo\storage\public\routeA_phase2\turkish\audio\bilal63_turkish_music_emotion_dataset_00000034.mp3,bilal63/turkish_music_emotion_dataset,train,34,angry,,,
bilal63_turkish_music_emotion_dataset_00000035,turkey,E:\Desktop\Echo\storage\public\routeA_phase2\turkish\audio\bilal63_turkish_music_emotion_dataset_00000035.mp3,bilal63/turkish_music_emotion_dataset,train,35,angry,,,
bilal63_turkish_music_emotion_dataset_00000036,turkey,E:\Desktop\Echo\storage\public\routeA_phase2\turkish\audio\bilal63_turkish_music_emotion_dataset_00000036.mp3,bilal63/turkish_music_emotion_dataset,train,36,angry,,,
bilal63_turkish_music_emotion_dataset_00000037,turkey,E:\Desktop\Echo\storage\public\routeA_phase2\turkish\audio\bilal63_turkish_music_emotion_dataset_00000037.mp3,bilal63/turkish_music_emotion_dataset,train,37,angry,,,
bilal63_turkish_music_emotion_dataset_00000038,turkey,E:\Desktop\Echo\storage\public\routeA_phase2\turkish\audio\bilal63_turkish_music_emotion_dataset_00000038.mp3,bilal63/turkish_music_emotion_dataset,train,38,angry,,,
bilal63_turkish_music_emotion_dataset_00000039,turkey,E:\Desktop\Echo\storage\public\routeA_phase2\turkish\audio\bilal63_turkish_music_emotion_dataset_00000039.mp3,bilal63/turkish_music_emotion_dataset,train,39,angry,,,
bilal63_turkish_music_emotion_dataset_00000040,turkey,E:\Desktop\Echo\storage\public\routeA_phase2\turkish\audio\bilal63_turkish_music_emotion_dataset_00000040.mp3,bilal63/turkish_music_emotion_dataset,train,40,angry,,,
bilal63_turkish_music_emotion_dataset_00000041,turkey,E:\Desktop\Echo\storage\public\routeA_phase2\turkish\audio\bilal63_turkish_music_emotion_dataset_00000041.mp3,bilal63/turkish_music_emotion_dataset,train,41,angry,,,
bilal63_turkish_music_emotion_dataset_00000042,turkey,E:\Desktop\Echo\storage\public\routeA_phase2\turkish\audio\bilal63_turkish_music_emotion_dataset_00000042.mp3,bilal63/turkish_music_emotion_dataset,train,42,angry,,,
bilal63_turkish_music_emotion_dataset_00000043,turkey,E:\Desktop\Echo\storage\public\routeA_phase2\turkish\audio\bilal63_turkish_music_emotion_dataset_00000043.mp3,bilal63/turkish_music_emotion_dataset,train,43,angry,,,
bilal63_turkish_music_emotion_dataset_00000044,turkey,E:\Desktop\Echo\storage\public\routeA_phase2\turkish\audio\bilal63_turkish_music_emotion_dataset_00000044.mp3,bilal63/turkish_music_emotion_dataset,train,44,angry,,,
bilal63_turkish_music_emotion_dataset_00000045,turkey,E:\Desktop\Echo\storage\public\routeA_phase2\turkish\audio\bilal63_turkish_music_emotion_dataset_00000045.mp3,bilal63/turkish_music_emotion_dataset,train,45,angry,,,
bilal63_turkish_music_emotion_dataset_00000046,turkey,E:\Desktop\Echo\storage\public\routeA_phase2\turkish\audio\bilal63_turkish_music_emotion_dataset_00000046.mp3,bilal63/turkish_music_emotion_dataset,train,46,angry,,,
bilal63_turkish_music_emotion_dataset_00000047,turkey,E:\Desktop\Echo\storage\public\routeA_phase2\turkish\audio\bilal63_turkish_music_emotion_dataset_00000047.mp3,bilal63/turkish_music_emotion_dataset,train,47,angry,,,
bilal63_turkish_music_emotion_dataset_00000048,turkey,E:\Desktop\Echo\storage\public\routeA_phase2\turkish\audio\bilal63_turkish_music_emotion_dataset_00000048.mp3,bilal63/turkish_music_emotion_dataset,train,48,angry,,,
bilal63_turkish_music_emotion_dataset_00000049,turkey,E:\Desktop\Echo\storage\public\routeA_phase2\turkish\audio\bilal63_turkish_music_emotion_dataset_00000049.mp3,bilal63/turkish_music_emotion_dataset,train,49,angry,,,
bilal63_turkish_music_emotion_dataset_00000050,turkey,E:\Desktop\Echo\storage\public\routeA_phase2\turkish\audio\bilal63_turkish_music_emotion_dataset_00000050.mp3,bilal63/turkish_music_emotion_dataset,train,50,angry,,,
bilal63_turkish_music_emotion_dataset_00000051,turkey,E:\Desktop\Echo\storage\public\routeA_phase2\turkish\audio\bilal63_turkish_music_emotion_dataset_00000051.mp3,bilal63/turkish_music_emotion_dataset,train,51,angry,,,
bilal63_turkish_music_emotion_dataset_00000052,turkey,E:\Desktop\Echo\storage\public\routeA_phase2\turkish\audio\bilal63_turkish_music_emotion_dataset_00000052.mp3,bilal63/turkish_music_emotion_dataset,train,52,angry,,,
bilal63_turkish_music_emotion_dataset_00000053,turkey,E:\Desktop\Echo\storage\public\routeA_phase2\turkish\audio\bilal63_turkish_music_emotion_dataset_00000053.mp3,bilal63/turkish_music_emotion_dataset,train,53,angry,,,
bilal63_turkish_music_emotion_dataset_00000054,turkey,E:\Desktop\Echo\storage\public\routeA_phase2\turkish\audio\bilal63_turkish_music_emotion_dataset_00000054.mp3,bilal63/turkish_music_emotion_dataset,train,54,angry,,,
bilal63_turkish_music_emotion_dataset_00000055,turkey,E:\Desktop\Echo\storage\public\routeA_phase2\turkish\audio\bilal63_turkish_music_emotion_dataset_00000055.mp3,bilal63/turkish_music_emotion_dataset,train,55,angry,,,
bilal63_turkish_music_emotion_dataset_00000056,turkey,E:\Desktop\Echo\storage\public\routeA_phase2\turkish\audio\bilal63_turkish_music_emotion_dataset_00000056.mp3,bilal63/turkish_music_emotion_dataset,train,56,angry,,,
bilal63_turkish_music_emotion_dataset_00000057,turkey,E:\Desktop\Echo\storage\public\routeA_phase2\turkish\audio\bilal63_turkish_music_emotion_dataset_00000057.mp3,bilal63/turkish_music_emotion_dataset,train,57,angry,,,
bilal63_turkish_music_emotion_dataset_00000058,turkey,E:\Desktop\Echo\storage\public\routeA_phase2\turkish\audio\bilal63_turkish_music_emotion_dataset_00000058.mp3,bilal63/turkish_music_emotion_dataset,train,58,angry,,,
bilal63_turkish_music_emotion_dataset_00000059,turkey,E:\Desktop\Echo\storage\public\routeA_phase2\turkish\audio\bilal63_turkish_music_emotion_dataset_00000059.mp3,bilal63/turkish_music_emotion_dataset,train,59,angry,,,
bilal63_turkish_music_emotion_dataset_00000060,turkey,E:\Desktop\Echo\storage\public\routeA_phase2\turkish\audio\bilal63_turkish_music_emotion_dataset_00000060.mp3,bilal63/turkish_music_emotion_dataset,train,60,angry,,,
bilal63_turkish_music_emotion_dataset_00000061,turkey,E:\Desktop\Echo\storage\public\routeA_phase2\turkish\audio\bilal63_turkish_music_emotion_dataset_00000061.mp3,bilal63/turkish_music_emotion_dataset,train,61,angry,,,
bilal63_turkish_music_emotion_dataset_00000062,turkey,E:\Desktop\Echo\storage\public\routeA_phase2\turkish\audio\bilal63_turkish_music_emotion_dataset_00000062.mp3,bilal63/turkish_music_emotion_dataset,train,62,angry,,,
bilal63_turkish_music_emotion_dataset_00000063,turkey,E:\Desktop\Echo\storage\public\routeA_phase2\turkish\audio\bilal63_turkish_music_emotion_dataset_00000063.mp3,bilal63/turkish_music_emotion_dataset,train,63,angry,,,
bilal63_turkish_music_emotion_dataset_00000064,turkey,E:\Desktop\Echo\storage\public\routeA_phase2\turkish\audio\bilal63_turkish_music_emotion_dataset_00000064.mp3,bilal63/turkish_music_emotion_dataset,train,64,angry,,,
bilal63_turkish_music_emotion_dataset_00000065,turkey,E:\Desktop\Echo\storage\public\routeA_phase2\turkish\audio\bilal63_turkish_music_emotion_dataset_00000065.mp3,bilal63/turkish_music_emotion_dataset,train,65,angry,,,
bilal63_turkish_music_emotion_dataset_00000066,turkey,E:\Desktop\Echo\storage\public\routeA_phase2\turkish\audio\bilal63_turkish_music_emotion_dataset_00000066.mp3,bilal63/turkish_music_emotion_dataset,train,66,angry,,,
bilal63_turkish_music_emotion_dataset_00000067,turkey,E:\Desktop\Echo\storage\public\routeA_phase2\turkish\audio\bilal63_turkish_music_emotion_dataset_00000067.mp3,bilal63/turkish_music_emotion_dataset,train,67,angry,,,
bilal63_turkish_music_emotion_dataset_00000068,turkey,E:\Desktop\Echo\storage\public\routeA_phase2\turkish\audio\bilal63_turkish_music_emotion_dataset_00000068.mp3,bilal63/turkish_music_emotion_dataset,train,68,angry,,,
bilal63_turkish_music_emotion_dataset_00000069,turkey,E:\Desktop\Echo\storage\public\routeA_phase2\turkish\audio\bilal63_turkish_music_emotion_dataset_00000069.mp3,bilal63/turkish_music_emotion_dataset,train,69,angry,,,
bilal63_turkish_music_emotion_dataset_00000070,turkey,E:\Desktop\Echo\storage\public\routeA_phase2\turkish\audio\bilal63_turkish_music_emotion_dataset_00000070.mp3,bilal63/turkish_music_emotion_dataset,train,70,angry,,,
bilal63_turkish_music_emotion_dataset_00000071,turkey,E:\Desktop\Echo\storage\public\routeA_phase2\turkish\audio\bilal63_turkish_music_emotion_dataset_00000071.mp3,bilal63/turkish_music_emotion_dataset,train,71,angry,,,
bilal63_turkish_music_emotion_dataset_00000072,turkey,E:\Desktop\Echo\storage\public\routeA_phase2\turkish\audio\bilal63_turkish_music_emotion_dataset_00000072.mp3,bilal63/turkish_music_emotion_dataset,train,72,angry,,,
bilal63_turkish_music_emotion_dataset_00000073,turkey,E:\Desktop\Echo\storage\public\routeA_phase2\turkish\audio\bilal63_turkish_music_emotion_dataset_00000073.mp3,bilal63/turkish_music_emotion_dataset,train,73,angry,,,
bilal63_turkish_music_emotion_dataset_00000074,turkey,E:\Desktop\Echo\storage\public\routeA_phase2\turkish\audio\bilal63_turkish_music_emotion_dataset_00000074.mp3,bilal63/turkish_music_emotion_dataset,train,74,angry,,,
bilal63_turkish_music_emotion_dataset_00000075,turkey,E:\Desktop\Echo\storage\public\routeA_phase2\turkish\audio\bilal63_turkish_music_emotion_dataset_00000075.mp3,bilal63/turkish_music_emotion_dataset,train,75,angry,,,
bilal63_turkish_music_emotion_dataset_00000076,turkey,E:\Desktop\Echo\storage\public\routeA_phase2\turkish\audio\bilal63_turkish_music_emotion_dataset_00000076.mp3,bilal63/turkish_music_emotion_dataset,train,76,angry,,,
bilal63_turkish_music_emotion_dataset_00000077,turkey,E:\Desktop\Echo\storage\public\routeA_phase2\turkish\audio\bilal63_turkish_music_emotion_dataset_00000077.mp3,bilal63/turkish_music_emotion_dataset,train,77,angry,,,
bilal63_turkish_music_emotion_dataset_00000078,turkey,E:\Desktop\Echo\storage\public\routeA_phase2\turkish\audio\bilal63_turkish_music_emotion_dataset_00000078.mp3,bilal63/turkish_music_emotion_dataset,train,78,angry,,,
bilal63_turkish_music_emotion_dataset_00000079,turkey,E:\Desktop\Echo\storage\public\routeA_phase2\turkish\audio\bilal63_turkish_music_emotion_dataset_00000079.mp3,bilal63/turkish_music_emotion_dataset,train,79,angry,,,
bilal63_turkish_music_emotion_dataset_00000080,turkey,E:\Desktop\Echo\storage\public\routeA_phase2\turkish\audio\bilal63_turkish_music_emotion_dataset_00000080.mp3,bilal63/turkish_music_emotion_dataset,train,80,angry,,,
bilal63_turkish_music_emotion_dataset_00000081,turkey,E:\Desktop\Echo\storage\public\routeA_phase2\turkish\audio\bilal63_turkish_music_emotion_dataset_00000081.mp3,bilal63/turkish_music_emotion_dataset,train,81,angry,,,
bilal63_turkish_music_emotion_dataset_00000082,turkey,E:\Desktop\Echo\storage\public\routeA_phase2\turkish\audio\bilal63_turkish_music_emotion_dataset_00000082.mp3,bilal63/turkish_music_emotion_dataset,train,82,angry,,,
bilal63_turkish_music_emotion_dataset_00000083,turkey,E:\Desktop\Echo\storage\public\routeA_phase2\turkish\audio\bilal63_turkish_music_emotion_dataset_00000083.mp3,bilal63/turkish_music_emotion_dataset,train,83,angry,,,
bilal63_turkish_music_emotion_dataset_00000084,turkey,E:\Desktop\Echo\storage\public\routeA_phase2\turkish\audio\bilal63_turkish_music_emotion_dataset_00000084.mp3,bilal63/turkish_music_emotion_dataset,train,84,angry,,,
bilal63_turkish_music_emotion_dataset_00000085,turkey,E:\Desktop\Echo\storage\public\routeA_phase2\turkish\audio\bilal63_turkish_music_emotion_dataset_00000085.mp3,bilal63/turkish_music_emotion_dataset,train,85,angry,,,
bilal63_turkish_music_emotion_dataset_00000086,turkey,E:\Desktop\Echo\storage\public\routeA_phase2\turkish\audio\bilal63_turkish_music_emotion_dataset_00000086.mp3,bilal63/turkish_music_emotion_dataset,train,86,angry,,,
bilal63_turkish_music_emotion_dataset_00000087,turkey,E:\Desktop\Echo\storage\public\routeA_phase2\turkish\audio\bilal63_turkish_music_emotion_dataset_00000087.mp3,bilal63/turkish_music_emotion_dataset,train,87,angry,,,
bilal63_turkish_music_emotion_dataset_00000088,turkey,E:\Desktop\Echo\storage\public\routeA_phase2\turkish\audio\bilal63_turkish_music_emotion_dataset_00000088.mp3,bilal63/turkish_music_emotion_dataset,train,88,angry,,,
bilal63_turkish_music_emotion_dataset_00000089,turkey,E:\Desktop\Echo\storage\public\routeA_phase2\turkish\audio\bilal63_turkish_music_emotion_dataset_00000089.mp3,bilal63/turkish_music_emotion_dataset,train,89,angry,,,
bilal63_turkish_music_emotion_dataset_00000090,turkey,E:\Desktop\Echo\storage\public\routeA_phase2\turkish\audio\bilal63_turkish_music_emotion_dataset_00000090.mp3,bilal63/turkish_music_emotion_dataset,train,90,angry,,,
bilal63_turkish_music_emotion_dataset_00000091,turkey,E:\Desktop\Echo\storage\public\routeA_phase2\turkish\audio\bilal63_turkish_music_emotion_dataset_00000091.mp3,bilal63/turkish_music_emotion_dataset,train,91,angry,,,
bilal63_turkish_music_emotion_dataset_00000092,turkey,E:\Desktop\Echo\storage\public\routeA_phase2\turkish\audio\bilal63_turkish_music_emotion_dataset_00000092.mp3,bilal63/turkish_music_emotion_dataset,train,92,angry,,,
bilal63_turkish_music_emotion_dataset_00000093,turkey,E:\Desktop\Echo\storage\public\routeA_phase2\turkish\audio\bilal63_turkish_music_emotion_dataset_00000093.mp3,bilal63/turkish_music_emotion_dataset,train,93,angry,,,
bilal63_turkish_music_emotion_dataset_00000094,turkey,E:\Desktop\Echo\storage\public\routeA_phase2\turkish\audio\bilal63_turkish_music_emotion_dataset_00000094.mp3,bilal63/turkish_music_emotion_dataset,train,94,angry,,,
bilal63_turkish_music_emotion_dataset_00000095,turkey,E:\Desktop\Echo\storage\public\routeA_phase2\turkish\audio\bilal63_turkish_music_emotion_dataset_00000095.mp3,bilal63/turkish_music_emotion_dataset,train,95,angry,,,
bilal63_turkish_music_emotion_dataset_00000096,turkey,E:\Desktop\Echo\storage\public\routeA_phase2\turkish\audio\bilal63_turkish_music_emotion_dataset_00000096.mp3,bilal63/turkish_music_emotion_dataset,train,96,angry,,,
bilal63_turkish_music_emotion_dataset_00000097,turkey,E:\Desktop\Echo\storage\public\routeA_phase2\turkish\audio\bilal63_turkish_music_emotion_dataset_00000097.mp3,bilal63/turkish_music_emotion_dataset,train,97,angry,,,
bilal63_turkish_music_emotion_dataset_00000098,turkey,E:\Desktop\Echo\storage\public\routeA_phase2\turkish\audio\bilal63_turkish_music_emotion_dataset_00000098.mp3,bilal63/turkish_music_emotion_dataset,train,98,angry,,,
bilal63_turkish_music_emotion_dataset_00000099,turkey,E:\Desktop\Echo\storage\public\routeA_phase2\turkish\audio\bilal63_turkish_music_emotion_dataset_00000099.mp3,bilal63/turkish_music_emotion_dataset,train,99,angry,,,
bilal63_turkish_music_emotion_dataset_00000100,turkey,E:\Desktop\Echo\storage\public\routeA_phase2\turkish\audio\bilal63_turkish_music_emotion_dataset_00000100.mp3,bilal63/turkish_music_emotion_dataset,train,100,happy,,,
bilal63_turkish_music_emotion_dataset_00000101,turkey,E:\Desktop\Echo\storage\public\routeA_phase2\turkish\audio\bilal63_turkish_music_emotion_dataset_00000101.mp3,bilal63/turkish_music_emotion_dataset,train,101,happy,,,
bilal63_turkish_music_emotion_dataset_00000102,turkey,E:\Desktop\Echo\storage\public\routeA_phase2\turkish\audio\bilal63_turkish_music_emotion_dataset_00000102.mp3,bilal63/turkish_music_emotion_dataset,train,102,happy,,,
bilal63_turkish_music_emotion_dataset_00000103,turkey,E:\Desktop\Echo\storage\public\routeA_phase2\turkish\audio\bilal63_turkish_music_emotion_dataset_00000103.mp3,bilal63/turkish_music_emotion_dataset,train,103,happy,,,
bilal63_turkish_music_emotion_dataset_00000104,turkey,E:\Desktop\Echo\storage\public\routeA_phase2\turkish\audio\bilal63_turkish_music_emotion_dataset_00000104.mp3,bilal63/turkish_music_emotion_dataset,train,104,happy,,,
bilal63_turkish_music_emotion_dataset_00000105,turkey,E:\Desktop\Echo\storage\public\routeA_phase2\turkish\audio\bilal63_turkish_music_emotion_dataset_00000105.mp3,bilal63/turkish_music_emotion_dataset,train,105,happy,,,
bilal63_turkish_music_emotion_dataset_00000106,turkey,E:\Desktop\Echo\storage\public\routeA_phase2\turkish\audio\bilal63_turkish_music_emotion_dataset_00000106.mp3,bilal63/turkish_music_emotion_dataset,train,106,happy,,,
bilal63_turkish_music_emotion_dataset_00000107,turkey,E:\Desktop\Echo\storage\public\routeA_phase2\turkish\audio\bilal63_turkish_music_emotion_dataset_00000107.mp3,bilal63/turkish_music_emotion_dataset,train,107,happy,,,
bilal63_turkish_music_emotion_dataset_00000108,turkey,E:\Desktop\Echo\storage\public\routeA_phase2\turkish\audio\bilal63_turkish_music_emotion_dataset_00000108.mp3,bilal63/turkish_music_emotion_dataset,train,108,happy,,,
bilal63_turkish_music_emotion_dataset_00000109,turkey,E:\Desktop\Echo\storage\public\routeA_phase2\turkish\audio\bilal63_turkish_music_emotion_dataset_00000109.mp3,bilal63/turkish_music_emotion_dataset,train,109,happy,,,
bilal63_turkish_music_emotion_dataset_00000110,turkey,E:\Desktop\Echo\storage\public\routeA_phase2\turkish\audio\bilal63_turkish_music_emotion_dataset_00000110.mp3,bilal63/turkish_music_emotion_dataset,train,110,happy,,,
bilal63_turkish_music_emotion_dataset_00000111,turkey,E:\Desktop\Echo\storage\public\routeA_phase2\turkish\audio\bilal63_turkish_music_emotion_dataset_00000111.mp3,bilal63/turkish_music_emotion_dataset,train,111,happy,,,
bilal63_turkish_music_emotion_dataset_00000112,turkey,E:\Desktop\Echo\storage\public\routeA_phase2\turkish\audio\bilal63_turkish_music_emotion_dataset_00000112.mp3,bilal63/turkish_music_emotion_dataset,train,112,happy,,,
bilal63_turkish_music_emotion_dataset_00000113,turkey,E:\Desktop\Echo\storage\public\routeA_phase2\turkish\audio\bilal63_turkish_music_emotion_dataset_00000113.mp3,bilal63/turkish_music_emotion_dataset,train,113,happy,,,
bilal63_turkish_music_emotion_dataset_00000114,turkey,E:\Desktop\Echo\storage\public\routeA_phase2\turkish\audio\bilal63_turkish_music_emotion_dataset_00000114.mp3,bilal63/turkish_music_emotion_dataset,train,114,happy,,,
bilal63_turkish_music_emotion_dataset_00000115,turkey,E:\Desktop\Echo\storage\public\routeA_phase2\turkish\audio\bilal63_turkish_music_emotion_dataset_00000115.mp3,bilal63/turkish_music_emotion_dataset,train,115,happy,,,
bilal63_turkish_music_emotion_dataset_00000116,turkey,E:\Desktop\Echo\storage\public\routeA_phase2\turkish\audio\bilal63_turkish_music_emotion_dataset_00000116.mp3,bilal63/turkish_music_emotion_dataset,train,116,happy,,,
bilal63_turkish_music_emotion_dataset_00000117,turkey,E:\Desktop\Echo\storage\public\routeA_phase2\turkish\audio\bilal63_turkish_music_emotion_dataset_00000117.mp3,bilal63/turkish_music_emotion_dataset,train,117,happy,,,
bilal63_turkish_music_emotion_dataset_00000118,turkey,E:\Desktop\Echo\storage\public\routeA_phase2\turkish\audio\bilal63_turkish_music_emotion_dataset_00000118.mp3,bilal63/turkish_music_emotion_dataset,train,118,happy,,,
bilal63_turkish_music_emotion_dataset_00000119,turkey,E:\Desktop\Echo\storage\public\routeA_phase2\turkish\audio\bilal63_turkish_music_emotion_dataset_00000119.mp3,bilal63/turkish_music_emotion_dataset,train,119,happy,,,
bilal63_turkish_music_emotion_dataset_00000120,turkey,E:\Desktop\Echo\storage\public\routeA_phase2\turkish\audio\bilal63_turkish_music_emotion_dataset_00000120.mp3,bilal63/turkish_music_emotion_dataset,train,120,happy,,,
bilal63_turkish_music_emotion_dataset_00000121,turkey,E:\Desktop\Echo\storage\public\routeA_phase2\turkish\audio\bilal63_turkish_music_emotion_dataset_00000121.mp3,bilal63/turkish_music_emotion_dataset,train,121,happy,,,
bilal63_turkish_music_emotion_dataset_00000122,turkey,E:\Desktop\Echo\storage\public\routeA_phase2\turkish\audio\bilal63_turkish_music_emotion_dataset_00000122.mp3,bilal63/turkish_music_emotion_dataset,train,122,happy,,,
bilal63_turkish_music_emotion_dataset_00000123,turkey,E:\Desktop\Echo\storage\public\routeA_phase2\turkish\audio\bilal63_turkish_music_emotion_dataset_00000123.mp3,bilal63/turkish_music_emotion_dataset,train,123,happy,,,
bilal63_turkish_music_emotion_dataset_00000124,turkey,E:\Desktop\Echo\storage\public\routeA_phase2\turkish\audio\bilal63_turkish_music_emotion_dataset_00000124.mp3,bilal63/turkish_music_emotion_dataset,train,124,happy,,,
bilal63_turkish_music_emotion_dataset_00000125,turkey,E:\Desktop\Echo\storage\public\routeA_phase2\turkish\audio\bilal63_turkish_music_emotion_dataset_00000125.mp3,bilal63/turkish_music_emotion_dataset,train,125,happy,,,
bilal63_turkish_music_emotion_dataset_00000126,turkey,E:\Desktop\Echo\storage\public\routeA_phase2\turkish\audio\bilal63_turkish_music_emotion_dataset_00000126.mp3,bilal63/turkish_music_emotion_dataset,train,126,happy,,,
bilal63_turkish_music_emotion_dataset_00000127,turkey,E:\Desktop\Echo\storage\public\routeA_phase2\turkish\audio\bilal63_turkish_music_emotion_dataset_00000127.mp3,bilal63/turkish_music_emotion_dataset,train,127,happy,,,
bilal63_turkish_music_emotion_dataset_00000128,turkey,E:\Desktop\Echo\storage\public\routeA_phase2\turkish\audio\bilal63_turkish_music_emotion_dataset_00000128.mp3,bilal63/turkish_music_emotion_dataset,train,128,happy,,,
bilal63_turkish_music_emotion_dataset_00000129,turkey,E:\Desktop\Echo\storage\public\routeA_phase2\turkish\audio\bilal63_turkish_music_emotion_dataset_00000129.mp3,bilal63/turkish_music_emotion_dataset,train,129,happy,,,
bilal63_turkish_music_emotion_dataset_00000130,turkey,E:\Desktop\Echo\storage\public\routeA_phase2\turkish\audio\bilal63_turkish_music_emotion_dataset_00000130.mp3,bilal63/turkish_music_emotion_dataset,train,130,happy,,,
bilal63_turkish_music_emotion_dataset_00000131,turkey,E:\Desktop\Echo\storage\public\routeA_phase2\turkish\audio\bilal63_turkish_music_emotion_dataset_00000131.mp3,bilal63/turkish_music_emotion_dataset,train,131,happy,,,
bilal63_turkish_music_emotion_dataset_00000132,turkey,E:\Desktop\Echo\storage\public\routeA_phase2\turkish\audio\bilal63_turkish_music_emotion_dataset_00000132.mp3,bilal63/turkish_music_emotion_dataset,train,132,happy,,,
bilal63_turkish_music_emotion_dataset_00000133,turkey,E:\Desktop\Echo\storage\public\routeA_phase2\turkish\audio\bilal63_turkish_music_emotion_dataset_00000133.mp3,bilal63/turkish_music_emotion_dataset,train,133,happy,,,
bilal63_turkish_music_emotion_dataset_00000134,turkey,E:\Desktop\Echo\storage\public\routeA_phase2\turkish\audio\bilal63_turkish_music_emotion_dataset_00000134.mp3,bilal63/turkish_music_emotion_dataset,train,134,happy,,,
bilal63_turkish_music_emotion_dataset_00000135,turkey,E:\Desktop\Echo\storage\public\routeA_phase2\turkish\audio\bilal63_turkish_music_emotion_dataset_00000135.mp3,bilal63/turkish_music_emotion_dataset,train,135,happy,,,
bilal63_turkish_music_emotion_dataset_00000136,turkey,E:\Desktop\Echo\storage\public\routeA_phase2\turkish\audio\bilal63_turkish_music_emotion_dataset_00000136.mp3,bilal63/turkish_music_emotion_dataset,train,136,happy,,,
bilal63_turkish_music_emotion_dataset_00000137,turkey,E:\Desktop\Echo\storage\public\routeA_phase2\turkish\audio\bilal63_turkish_music_emotion_dataset_00000137.mp3,bilal63/turkish_music_emotion_dataset,train,137,happy,,,
bilal63_turkish_music_emotion_dataset_00000138,turkey,E:\Desktop\Echo\storage\public\routeA_phase2\turkish\audio\bilal63_turkish_music_emotion_dataset_00000138.mp3,bilal63/turkish_music_emotion_dataset,train,138,happy,,,
bilal63_turkish_music_emotion_dataset_00000139,turkey,E:\Desktop\Echo\storage\public\routeA_phase2\turkish\audio\bilal63_turkish_music_emotion_dataset_00000139.mp3,bilal63/turkish_music_emotion_dataset,train,139,happy,,,
bilal63_turkish_music_emotion_dataset_00000140,turkey,E:\Desktop\Echo\storage\public\routeA_phase2\turkish\audio\bilal63_turkish_music_emotion_dataset_00000140.mp3,bilal63/turkish_music_emotion_dataset,train,140,happy,,,
bilal63_turkish_music_emotion_dataset_00000141,turkey,E:\Desktop\Echo\storage\public\routeA_phase2\turkish\audio\bilal63_turkish_music_emotion_dataset_00000141.mp3,bilal63/turkish_music_emotion_dataset,train,141,happy,,,
bilal63_turkish_music_emotion_dataset_00000142,turkey,E:\Desktop\Echo\storage\public\routeA_phase2\turkish\audio\bilal63_turkish_music_emotion_dataset_00000142.mp3,bilal63/turkish_music_emotion_dataset,train,142,happy,,,
bilal63_turkish_music_emotion_dataset_00000143,turkey,E:\Desktop\Echo\storage\public\routeA_phase2\turkish\audio\bilal63_turkish_music_emotion_dataset_00000143.mp3,bilal63/turkish_music_emotion_dataset,train,143,happy,,,
bilal63_turkish_music_emotion_dataset_00000144,turkey,E:\Desktop\Echo\storage\public\routeA_phase2\turkish\audio\bilal63_turkish_music_emotion_dataset_00000144.mp3,bilal63/turkish_music_emotion_dataset,train,144,happy,,,
bilal63_turkish_music_emotion_dataset_00000145,turkey,E:\Desktop\Echo\storage\public\routeA_phase2\turkish\audio\bilal63_turkish_music_emotion_dataset_00000145.mp3,bilal63/turkish_music_emotion_dataset,train,145,happy,,,
bilal63_turkish_music_emotion_dataset_00000146,turkey,E:\Desktop\Echo\storage\public\routeA_phase2\turkish\audio\bilal63_turkish_music_emotion_dataset_00000146.mp3,bilal63/turkish_music_emotion_dataset,train,146,happy,,,
bilal63_turkish_music_emotion_dataset_00000147,turkey,E:\Desktop\Echo\storage\public\routeA_phase2\turkish\audio\bilal63_turkish_music_emotion_dataset_00000147.mp3,bilal63/turkish_music_emotion_dataset,train,147,happy,,,
bilal63_turkish_music_emotion_dataset_00000148,turkey,E:\Desktop\Echo\storage\public\routeA_phase2\turkish\audio\bilal63_turkish_music_emotion_dataset_00000148.mp3,bilal63/turkish_music_emotion_dataset,train,148,happy,,,
bilal63_turkish_music_emotion_dataset_00000149,turkey,E:\Desktop\Echo\storage\public\routeA_phase2\turkish\audio\bilal63_turkish_music_emotion_dataset_00000149.mp3,bilal63/turkish_music_emotion_dataset,train,149,happy,,,
bilal63_turkish_music_emotion_dataset_00000150,turkey,E:\Desktop\Echo\storage\public\routeA_phase2\turkish\audio\bilal63_turkish_music_emotion_dataset_00000150.mp3,bilal63/turkish_music_emotion_dataset,train,150,happy,,,
bilal63_turkish_music_emotion_dataset_00000151,turkey,E:\Desktop\Echo\storage\public\routeA_phase2\turkish\audio\bilal63_turkish_music_emotion_dataset_00000151.mp3,bilal63/turkish_music_emotion_dataset,train,151,happy,,,
bilal63_turkish_music_emotion_dataset_00000152,turkey,E:\Desktop\Echo\storage\public\routeA_phase2\turkish\audio\bilal63_turkish_music_emotion_dataset_00000152.mp3,bilal63/turkish_music_emotion_dataset,train,152,happy,,,
bilal63_turkish_music_emotion_dataset_00000153,turkey,E:\Desktop\Echo\storage\public\routeA_phase2\turkish\audio\bilal63_turkish_music_emotion_dataset_00000153.mp3,bilal63/turkish_music_emotion_dataset,train,153,happy,,,
bilal63_turkish_music_emotion_dataset_00000154,turkey,E:\Desktop\Echo\storage\public\routeA_phase2\turkish\audio\bilal63_turkish_music_emotion_dataset_00000154.mp3,bilal63/turkish_music_emotion_dataset,train,154,happy,,,
bilal63_turkish_music_emotion_dataset_00000155,turkey,E:\Desktop\Echo\storage\public\routeA_phase2\turkish\audio\bilal63_turkish_music_emotion_dataset_00000155.mp3,bilal63/turkish_music_emotion_dataset,train,155,happy,,,
bilal63_turkish_music_emotion_dataset_00000156,turkey,E:\Desktop\Echo\storage\public\routeA_phase2\turkish\audio\bilal63_turkish_music_emotion_dataset_00000156.mp3,bilal63/turkish_music_emotion_dataset,train,156,happy,,,
bilal63_turkish_music_emotion_dataset_00000157,turkey,E:\Desktop\Echo\storage\public\routeA_phase2\turkish\audio\bilal63_turkish_music_emotion_dataset_00000157.mp3,bilal63/turkish_music_emotion_dataset,train,157,happy,,,
bilal63_turkish_music_emotion_dataset_00000158,turkey,E:\Desktop\Echo\storage\public\routeA_phase2\turkish\audio\bilal63_turkish_music_emotion_dataset_00000158.mp3,bilal63/turkish_music_emotion_dataset,train,158,happy,,,
bilal63_turkish_music_emotion_dataset_00000159,turkey,E:\Desktop\Echo\storage\public\routeA_phase2\turkish\audio\bilal63_turkish_music_emotion_dataset_00000159.mp3,bilal63/turkish_music_emotion_dataset,train,159,happy,,,
ccmusic-database_erhu_playing_tech_00000000,china,E:\Desktop\Echo\storage\public\routeA_phase2_cn\china\audio\ccmusic-database_erhu_playing_tech_00000000.wav,ccmusic-database/erhu_playing_tech,train,0,legato_slide_glissando,连弓、滑音、连音,"lian2_gong1, hua2_yin1, lian2_yin1",legato_slide_glissando
ccmusic-database_erhu_playing_tech_00000001,china,E:\Desktop\Echo\storage\public\routeA_phase2_cn\china\audio\ccmusic-database_erhu_playing_tech_00000001.wav,ccmusic-database/erhu_playing_tech,train,1,pizzicato,拨弦,bo1_xian2,pizzicato
ccmusic-database_erhu_playing_tech_00000002,china,E:\Desktop\Echo\storage\public\routeA_phase2_cn\china\audio\ccmusic-database_erhu_playing_tech_00000002.wav,ccmusic-database/erhu_playing_tech,train,2,tremolo,震音,zhen4_yin1,tremolo
ccmusic-database_erhu_playing_tech_00000003,china,E:\Desktop\Echo\storage\public\routeA_phase2_cn\china\audio\ccmusic-database_erhu_playing_tech_00000003.wav,ccmusic-database/erhu_playing_tech,train,3,trill,颤音,chan4_yin1,trill
ccmusic-database_erhu_playing_tech_00000004,china,E:\Desktop\Echo\storage\public\routeA_phase2_cn\china\audio\ccmusic-database_erhu_playing_tech_00000004.wav,ccmusic-database/erhu_playing_tech,train,4,tremolo,震音,zhen4_yin1,tremolo
ccmusic-database_erhu_playing_tech_00000005,china,E:\Desktop\Echo\storage\public\routeA_phase2_cn\china\audio\ccmusic-database_erhu_playing_tech_00000005.wav,ccmusic-database/erhu_playing_tech,train,5,pizzicato,拨弦,bo1_xian2,pizzicato
ccmusic-database_erhu_playing_tech_00000006,china,E:\Desktop\Echo\storage\public\routeA_phase2_cn\china\audio\ccmusic-database_erhu_playing_tech_00000006.wav,ccmusic-database/erhu_playing_tech,train,6,harmonic,泛音,fan4_yin1,harmonic
ccmusic-database_erhu_playing_tech_00000007,china,E:\Desktop\Echo\storage\public\routeA_phase2_cn\china\audio\ccmusic-database_erhu_playing_tech_00000007.wav,ccmusic-database/erhu_playing_tech,train,7,pizzicato,拨弦,bo1_xian2,pizzicato
ccmusic-database_erhu_playing_tech_00000008,china,E:\Desktop\Echo\storage\public\routeA_phase2_cn\china\audio\ccmusic-database_erhu_playing_tech_00000008.wav,ccmusic-database/erhu_playing_tech,train,8,staccato,断弓,duan4_gong1,staccato
ccmusic-database_erhu_playing_tech_00000009,china,E:\Desktop\Echo\storage\public\routeA_phase2_cn\china\audio\ccmusic-database_erhu_playing_tech_00000009.wav,ccmusic-database/erhu_playing_tech,train,9,detache,分弓,fen1_gong1,detache
ccmusic-database_erhu_playing_tech_00000010,china,E:\Desktop\Echo\storage\public\routeA_phase2_cn\china\audio\ccmusic-database_erhu_playing_tech_00000010.wav,ccmusic-database/erhu_playing_tech,train,10,trill,颤音,chan4_yin1,trill
ccmusic-database_erhu_playing_tech_00000011,china,E:\Desktop\Echo\storage\public\routeA_phase2_cn\china\audio\ccmusic-database_erhu_playing_tech_00000011.wav,ccmusic-database/erhu_playing_tech,train,11,diangong,垫弓,dian4_gong1,diangong
ccmusic-database_erhu_playing_tech_00000012,china,E:\Desktop\Echo\storage\public\routeA_phase2_cn\china\audio\ccmusic-database_erhu_playing_tech_00000012.wav,ccmusic-database/erhu_playing_tech,train,12,pizzicato,拨弦,bo1_xian2,pizzicato
ccmusic-database_erhu_playing_tech_00000013,china,E:\Desktop\Echo\storage\public\routeA_phase2_cn\china\audio\ccmusic-database_erhu_playing_tech_00000013.wav,ccmusic-database/erhu_playing_tech,train,13,pizzicato,拨弦,bo1_xian2,pizzicato
ccmusic-database_erhu_playing_tech_00000014,china,E:\Desktop\Echo\storage\public\routeA_phase2_cn\china\audio\ccmusic-database_erhu_playing_tech_00000014.wav,ccmusic-database/erhu_playing_tech,train,14,staccato,断弓,duan4_gong1,staccato
ccmusic-database_erhu_playing_tech_00000015,china,E:\Desktop\Echo\storage\public\routeA_phase2_cn\china\audio\ccmusic-database_erhu_playing_tech_00000015.wav,ccmusic-database/erhu_playing_tech,train,15,legato_slide_glissando,连弓、滑音、连音,"lian2_gong1, hua2_yin1, lian2_yin1",legato_slide_glissando
ccmusic-database_erhu_playing_tech_00000016,china,E:\Desktop\Echo\storage\public\routeA_phase2_cn\china\audio\ccmusic-database_erhu_playing_tech_00000016.wav,ccmusic-database/erhu_playing_tech,train,16,pizzicato,拨弦,bo1_xian2,pizzicato
ccmusic-database_erhu_playing_tech_00000017,china,E:\Desktop\Echo\storage\public\routeA_phase2_cn\china\audio\ccmusic-database_erhu_playing_tech_00000017.wav,ccmusic-database/erhu_playing_tech,train,17,diangong,垫弓,dian4_gong1,diangong
ccmusic-database_erhu_playing_tech_00000018,china,E:\Desktop\Echo\storage\public\routeA_phase2_cn\china\audio\ccmusic-database_erhu_playing_tech_00000018.wav,ccmusic-database/erhu_playing_tech,train,18,trill,颤音,chan4_yin1,trill
ccmusic-database_erhu_playing_tech_00000019,china,E:\Desktop\Echo\storage\public\routeA_phase2_cn\china\audio\ccmusic-database_erhu_playing_tech_00000019.wav,ccmusic-database/erhu_playing_tech,train,19,tremolo,震音,zhen4_yin1,tremolo
ccmusic-database_erhu_playing_tech_00000020,china,E:\Desktop\Echo\storage\public\routeA_phase2_cn\china\audio\ccmusic-database_erhu_playing_tech_00000020.wav,ccmusic-database/erhu_playing_tech,train,20,trill,颤音,chan4_yin1,trill
ccmusic-database_erhu_playing_tech_00000021,china,E:\Desktop\Echo\storage\public\routeA_phase2_cn\china\audio\ccmusic-database_erhu_playing_tech_00000021.wav,ccmusic-database/erhu_playing_tech,train,21,ricochet,抛弓,pao1_gong1,ricochet
ccmusic-database_erhu_playing_tech_00000022,china,E:\Desktop\Echo\storage\public\routeA_phase2_cn\china\audio\ccmusic-database_erhu_playing_tech_00000022.wav,ccmusic-database/erhu_playing_tech,train,22,tremolo,震音,zhen4_yin1,tremolo
ccmusic-database_erhu_playing_tech_00000023,china,E:\Desktop\Echo\storage\public\routeA_phase2_cn\china\audio\ccmusic-database_erhu_playing_tech_00000023.wav,ccmusic-database/erhu_playing_tech,train,23,trill,颤音,chan4_yin1,trill
ccmusic-database_erhu_playing_tech_00000024,china,E:\Desktop\Echo\storage\public\routeA_phase2_cn\china\audio\ccmusic-database_erhu_playing_tech_00000024.wav,ccmusic-database/erhu_playing_tech,train,24,trill,颤音,chan4_yin1,trill
ccmusic-database_erhu_playing_tech_00000025,china,E:\Desktop\Echo\storage\public\routeA_phase2_cn\china\audio\ccmusic-database_erhu_playing_tech_00000025.wav,ccmusic-database/erhu_playing_tech,train,25,diangong,垫弓,dian4_gong1,diangong
ccmusic-database_erhu_playing_tech_00000026,china,E:\Desktop\Echo\storage\public\routeA_phase2_cn\china\audio\ccmusic-database_erhu_playing_tech_00000026.wav,ccmusic-database/erhu_playing_tech,train,26,trill,颤音,chan4_yin1,trill
ccmusic-database_erhu_playing_tech_00000027,china,E:\Desktop\Echo\storage\public\routeA_phase2_cn\china\audio\ccmusic-database_erhu_playing_tech_00000027.wav,ccmusic-database/erhu_playing_tech,train,27,detache,分弓,fen1_gong1,detache
ccmusic-database_erhu_playing_tech_00000028,china,E:\Desktop\Echo\storage\public\routeA_phase2_cn\china\audio\ccmusic-database_erhu_playing_tech_00000028.wav,ccmusic-database/erhu_playing_tech,train,28,vibrato,揉弦,rou2_xian2,vibrato
ccmusic-database_erhu_playing_tech_00000029,china,E:\Desktop\Echo\storage\public\routeA_phase2_cn\china\audio\ccmusic-database_erhu_playing_tech_00000029.wav,ccmusic-database/erhu_playing_tech,train,29,harmonic,泛音,fan4_yin1,harmonic
ccmusic-database_erhu_playing_tech_00000030,china,E:\Desktop\Echo\storage\public\routeA_phase2_cn\china\audio\ccmusic-database_erhu_playing_tech_00000030.wav,ccmusic-database/erhu_playing_tech,train,30,staccato,断弓,duan4_gong1,staccato
ccmusic-database_erhu_playing_tech_00000031,china,E:\Desktop\Echo\storage\public\routeA_phase2_cn\china\audio\ccmusic-database_erhu_playing_tech_00000031.wav,ccmusic-database/erhu_playing_tech,train,31,trill,颤音,chan4_yin1,trill
ccmusic-database_erhu_playing_tech_00000032,china,E:\Desktop\Echo\storage\public\routeA_phase2_cn\china\audio\ccmusic-database_erhu_playing_tech_00000032.wav,ccmusic-database/erhu_playing_tech,train,32,ricochet,抛弓,pao1_gong1,ricochet
ccmusic-database_erhu_playing_tech_00000033,china,E:\Desktop\Echo\storage\public\routeA_phase2_cn\china\audio\ccmusic-database_erhu_playing_tech_00000033.wav,ccmusic-database/erhu_playing_tech,train,33,pizzicato,拨弦,bo1_xian2,pizzicato
ccmusic-database_erhu_playing_tech_00000034,china,E:\Desktop\Echo\storage\public\routeA_phase2_cn\china\audio\ccmusic-database_erhu_playing_tech_00000034.wav,ccmusic-database/erhu_playing_tech,train,34,vibrato,揉弦,rou2_xian2,vibrato
ccmusic-database_erhu_playing_tech_00000035,china,E:\Desktop\Echo\storage\public\routeA_phase2_cn\china\audio\ccmusic-database_erhu_playing_tech_00000035.wav,ccmusic-database/erhu_playing_tech,train,35,trill,颤音,chan4_yin1,trill
ccmusic-database_erhu_playing_tech_00000036,china,E:\Desktop\Echo\storage\public\routeA_phase2_cn\china\audio\ccmusic-database_erhu_playing_tech_00000036.wav,ccmusic-database/erhu_playing_tech,train,36,legato_slide_glissando,连弓、滑音、连音,"lian2_gong1, hua2_yin1, lian2_yin1",legato_slide_glissando
ccmusic-database_erhu_playing_tech_00000037,china,E:\Desktop\Echo\storage\public\routeA_phase2_cn\china\audio\ccmusic-database_erhu_playing_tech_00000037.wav,ccmusic-database/erhu_playing_tech,train,37,vibrato,揉弦,rou2_xian2,vibrato
ccmusic-database_erhu_playing_tech_00000038,china,E:\Desktop\Echo\storage\public\routeA_phase2_cn\china\audio\ccmusic-database_erhu_playing_tech_00000038.wav,ccmusic-database/erhu_playing_tech,train,38,tremolo,震音,zhen4_yin1,tremolo
ccmusic-database_erhu_playing_tech_00000039,china,E:\Desktop\Echo\storage\public\routeA_phase2_cn\china\audio\ccmusic-database_erhu_playing_tech_00000039.wav,ccmusic-database/erhu_playing_tech,train,39,staccato,断弓,duan4_gong1,staccato
ccmusic-database_erhu_playing_tech_00000040,china,E:\Desktop\Echo\storage\public\routeA_phase2_cn\china\audio\ccmusic-database_erhu_playing_tech_00000040.wav,ccmusic-database/erhu_playing_tech,train,40,trill,颤音,chan4_yin1,trill
ccmusic-database_erhu_playing_tech_00000041,china,E:\Desktop\Echo\storage\public\routeA_phase2_cn\china\audio\ccmusic-database_erhu_playing_tech_00000041.wav,ccmusic-database/erhu_playing_tech,train,41,diangong,垫弓,dian4_gong1,diangong
ccmusic-database_erhu_playing_tech_00000042,china,E:\Desktop\Echo\storage\public\routeA_phase2_cn\china\audio\ccmusic-database_erhu_playing_tech_00000042.wav,ccmusic-database/erhu_playing_tech,train,42,tremolo,震音,zhen4_yin1,tremolo
ccmusic-database_erhu_playing_tech_00000043,china,E:\Desktop\Echo\storage\public\routeA_phase2_cn\china\audio\ccmusic-database_erhu_playing_tech_00000043.wav,ccmusic-database/erhu_playing_tech,train,43,staccato,断弓,duan4_gong1,staccato
ccmusic-database_erhu_playing_tech_00000044,china,E:\Desktop\Echo\storage\public\routeA_phase2_cn\china\audio\ccmusic-database_erhu_playing_tech_00000044.wav,ccmusic-database/erhu_playing_tech,train,44,tremolo,震音,zhen4_yin1,tremolo
ccmusic-database_erhu_playing_tech_00000045,china,E:\Desktop\Echo\storage\public\routeA_phase2_cn\china\audio\ccmusic-database_erhu_playing_tech_00000045.wav,ccmusic-database/erhu_playing_tech,train,45,ricochet,抛弓,pao1_gong1,ricochet
ccmusic-database_erhu_playing_tech_00000046,china,E:\Desktop\Echo\storage\public\routeA_phase2_cn\china\audio\ccmusic-database_erhu_playing_tech_00000046.wav,ccmusic-database/erhu_playing_tech,train,46,tremolo,震音,zhen4_yin1,tremolo
ccmusic-database_erhu_playing_tech_00000047,china,E:\Desktop\Echo\storage\public\routeA_phase2_cn\china\audio\ccmusic-database_erhu_playing_tech_00000047.wav,ccmusic-database/erhu_playing_tech,train,47,percussive,击弓,ji1_gong1,percussive
ccmusic-database_erhu_playing_tech_00000048,china,E:\Desktop\Echo\storage\public\routeA_phase2_cn\china\audio\ccmusic-database_erhu_playing_tech_00000048.wav,ccmusic-database/erhu_playing_tech,train,48,legato_slide_glissando,连弓、滑音、连音,"lian2_gong1, hua2_yin1, lian2_yin1",legato_slide_glissando
ccmusic-database_erhu_playing_tech_00000049,china,E:\Desktop\Echo\storage\public\routeA_phase2_cn\china\audio\ccmusic-database_erhu_playing_tech_00000049.wav,ccmusic-database/erhu_playing_tech,train,49,pizzicato,拨弦,bo1_xian2,pizzicato
ccmusic-database_erhu_playing_tech_00000050,china,E:\Desktop\Echo\storage\public\routeA_phase2_cn\china\audio\ccmusic-database_erhu_playing_tech_00000050.wav,ccmusic-database/erhu_playing_tech,train,50,staccato,断弓,duan4_gong1,staccato
ccmusic-database_erhu_playing_tech_00000051,china,E:\Desktop\Echo\storage\public\routeA_phase2_cn\china\audio\ccmusic-database_erhu_playing_tech_00000051.wav,ccmusic-database/erhu_playing_tech,train,51,legato_slide_glissando,连弓、滑音、连音,"lian2_gong1, hua2_yin1, lian2_yin1",legato_slide_glissando
ccmusic-database_erhu_playing_tech_00000052,china,E:\Desktop\Echo\storage\public\routeA_phase2_cn\china\audio\ccmusic-database_erhu_playing_tech_00000052.wav,ccmusic-database/erhu_playing_tech,train,52,ricochet,抛弓,pao1_gong1,ricochet
ccmusic-database_erhu_playing_tech_00000053,china,E:\Desktop\Echo\storage\public\routeA_phase2_cn\china\audio\ccmusic-database_erhu_playing_tech_00000053.wav,ccmusic-database/erhu_playing_tech,train,53,pizzicato,拨弦,bo1_xian2,pizzicato
ccmusic-database_erhu_playing_tech_00000054,china,E:\Desktop\Echo\storage\public\routeA_phase2_cn\china\audio\ccmusic-database_erhu_playing_tech_00000054.wav,ccmusic-database/erhu_playing_tech,train,54,detache,分弓,fen1_gong1,detache
ccmusic-database_erhu_playing_tech_00000055,china,E:\Desktop\Echo\storage\public\routeA_phase2_cn\china\audio\ccmusic-database_erhu_playing_tech_00000055.wav,ccmusic-database/erhu_playing_tech,train,55,ricochet,抛弓,pao1_gong1,ricochet
ccmusic-database_erhu_playing_tech_00000056,china,E:\Desktop\Echo\storage\public\routeA_phase2_cn\china\audio\ccmusic-database_erhu_playing_tech_00000056.wav,ccmusic-database/erhu_playing_tech,train,56,vibrato,揉弦,rou2_xian2,vibrato
ccmusic-database_erhu_playing_tech_00000057,china,E:\Desktop\Echo\storage\public\routeA_phase2_cn\china\audio\ccmusic-database_erhu_playing_tech_00000057.wav,ccmusic-database/erhu_playing_tech,train,57,staccato,断弓,duan4_gong1,staccato
ccmusic-database_erhu_playing_tech_00000058,china,E:\Desktop\Echo\storage\public\routeA_phase2_cn\china\audio\ccmusic-database_erhu_playing_tech_00000058.wav,ccmusic-database/erhu_playing_tech,train,58,staccato,断弓,duan4_gong1,staccato
ccmusic-database_erhu_playing_tech_00000059,china,E:\Desktop\Echo\storage\public\routeA_phase2_cn\china\audio\ccmusic-database_erhu_playing_tech_00000059.wav,ccmusic-database/erhu_playing_tech,train,59,vibrato,揉弦,rou2_xian2,vibrato
ccmusic-database_erhu_playing_tech_00000060,china,E:\Desktop\Echo\storage\public\routeA_phase2_cn\china\audio\ccmusic-database_erhu_playing_tech_00000060.wav,ccmusic-database/erhu_playing_tech,train,60,staccato,断弓,duan4_gong1,staccato
ccmusic-database_erhu_playing_tech_00000061,china,E:\Desktop\Echo\storage\public\routeA_phase2_cn\china\audio\ccmusic-database_erhu_playing_tech_00000061.wav,ccmusic-database/erhu_playing_tech,train,61,detache,分弓,fen1_gong1,detache
ccmusic-database_erhu_playing_tech_00000062,china,E:\Desktop\Echo\storage\public\routeA_phase2_cn\china\audio\ccmusic-database_erhu_playing_tech_00000062.wav,ccmusic-database/erhu_playing_tech,train,62,staccato,断弓,duan4_gong1,staccato
ccmusic-database_erhu_playing_tech_00000063,china,E:\Desktop\Echo\storage\public\routeA_phase2_cn\china\audio\ccmusic-database_erhu_playing_tech_00000063.wav,ccmusic-database/erhu_playing_tech,train,63,trill,颤音,chan4_yin1,trill
ccmusic-database_erhu_playing_tech_00000064,china,E:\Desktop\Echo\storage\public\routeA_phase2_cn\china\audio\ccmusic-database_erhu_playing_tech_00000064.wav,ccmusic-database/erhu_playing_tech,train,64,trill,颤音,chan4_yin1,trill
ccmusic-database_erhu_playing_tech_00000065,china,E:\Desktop\Echo\storage\public\routeA_phase2_cn\china\audio\ccmusic-database_erhu_playing_tech_00000065.wav,ccmusic-database/erhu_playing_tech,train,65,tremolo,震音,zhen4_yin1,tremolo
ccmusic-database_erhu_playing_tech_00000066,china,E:\Desktop\Echo\storage\public\routeA_phase2_cn\china\audio\ccmusic-database_erhu_playing_tech_00000066.wav,ccmusic-database/erhu_playing_tech,train,66,tremolo,震音,zhen4_yin1,tremolo
ccmusic-database_erhu_playing_tech_00000067,china,E:\Desktop\Echo\storage\public\routeA_phase2_cn\china\audio\ccmusic-database_erhu_playing_tech_00000067.wav,ccmusic-database/erhu_playing_tech,train,67,vibrato,揉弦,rou2_xian2,vibrato
ccmusic-database_erhu_playing_tech_00000068,china,E:\Desktop\Echo\storage\public\routeA_phase2_cn\china\audio\ccmusic-database_erhu_playing_tech_00000068.wav,ccmusic-database/erhu_playing_tech,train,68,vibrato,揉弦,rou2_xian2,vibrato
ccmusic-database_erhu_playing_tech_00000069,china,E:\Desktop\Echo\storage\public\routeA_phase2_cn\china\audio\ccmusic-database_erhu_playing_tech_00000069.wav,ccmusic-database/erhu_playing_tech,train,69,trill,颤音,chan4_yin1,trill
ccmusic-database_erhu_playing_tech_00000070,china,E:\Desktop\Echo\storage\public\routeA_phase2_cn\china\audio\ccmusic-database_erhu_playing_tech_00000070.wav,ccmusic-database/erhu_playing_tech,train,70,vibrato,揉弦,rou2_xian2,vibrato
ccmusic-database_erhu_playing_tech_00000071,china,E:\Desktop\Echo\storage\public\routeA_phase2_cn\china\audio\ccmusic-database_erhu_playing_tech_00000071.wav,ccmusic-database/erhu_playing_tech,train,71,ricochet,抛弓,pao1_gong1,ricochet
ccmusic-database_erhu_playing_tech_00000072,china,E:\Desktop\Echo\storage\public\routeA_phase2_cn\china\audio\ccmusic-database_erhu_playing_tech_00000072.wav,ccmusic-database/erhu_playing_tech,train,72,pizzicato,拨弦,bo1_xian2,pizzicato
ccmusic-database_erhu_playing_tech_00000073,china,E:\Desktop\Echo\storage\public\routeA_phase2_cn\china\audio\ccmusic-database_erhu_playing_tech_00000073.wav,ccmusic-database/erhu_playing_tech,train,73,pizzicato,拨弦,bo1_xian2,pizzicato
ccmusic-database_erhu_playing_tech_00000074,china,E:\Desktop\Echo\storage\public\routeA_phase2_cn\china\audio\ccmusic-database_erhu_playing_tech_00000074.wav,ccmusic-database/erhu_playing_tech,train,74,staccato,断弓,duan4_gong1,staccato
ccmusic-database_erhu_playing_tech_00000075,china,E:\Desktop\Echo\storage\public\routeA_phase2_cn\china\audio\ccmusic-database_erhu_playing_tech_00000075.wav,ccmusic-database/erhu_playing_tech,train,75,vibrato,揉弦,rou2_xian2,vibrato
ccmusic-database_erhu_playing_tech_00000076,china,E:\Desktop\Echo\storage\public\routeA_phase2_cn\china\audio\ccmusic-database_erhu_playing_tech_00000076.wav,ccmusic-database/erhu_playing_tech,train,76,legato_slide_glissando,连弓、滑音、连音,"lian2_gong1, hua2_yin1, lian2_yin1",legato_slide_glissando
ccmusic-database_erhu_playing_tech_00000077,china,E:\Desktop\Echo\storage\public\routeA_phase2_cn\china\audio\ccmusic-database_erhu_playing_tech_00000077.wav,ccmusic-database/erhu_playing_tech,train,77,vibrato,揉弦,rou2_xian2,vibrato
ccmusic-database_erhu_playing_tech_00000078,china,E:\Desktop\Echo\storage\public\routeA_phase2_cn\china\audio\ccmusic-database_erhu_playing_tech_00000078.wav,ccmusic-database/erhu_playing_tech,train,78,staccato,断弓,duan4_gong1,staccato
ccmusic-database_erhu_playing_tech_00000079,china,E:\Desktop\Echo\storage\public\routeA_phase2_cn\china\audio\ccmusic-database_erhu_playing_tech_00000079.wav,ccmusic-database/erhu_playing_tech,train,79,pizzicato,拨弦,bo1_xian2,pizzicato
ccmusic-database_erhu_playing_tech_00000080,china,E:\Desktop\Echo\storage\public\routeA_phase2_cn\china\audio\ccmusic-database_erhu_playing_tech_00000080.wav,ccmusic-database/erhu_playing_tech,train,80,legato_slide_glissando,连弓、滑音、连音,"lian2_gong1, hua2_yin1, lian2_yin1",legato_slide_glissando
ccmusic-database_erhu_playing_tech_00000081,china,E:\Desktop\Echo\storage\public\routeA_phase2_cn\china\audio\ccmusic-database_erhu_playing_tech_00000081.wav,ccmusic-database/erhu_playing_tech,train,81,harmonic,泛音,fan4_yin1,harmonic
ccmusic-database_erhu_playing_tech_00000082,china,E:\Desktop\Echo\storage\public\routeA_phase2_cn\china\audio\ccmusic-database_erhu_playing_tech_00000082.wav,ccmusic-database/erhu_playing_tech,train,82,legato_slide_glissando,连弓、滑音、连音,"lian2_gong1, hua2_yin1, lian2_yin1",legato_slide_glissando
ccmusic-database_erhu_playing_tech_00000083,china,E:\Desktop\Echo\storage\public\routeA_phase2_cn\china\audio\ccmusic-database_erhu_playing_tech_00000083.wav,ccmusic-database/erhu_playing_tech,train,83,trill,颤音,chan4_yin1,trill
ccmusic-database_erhu_playing_tech_00000084,china,E:\Desktop\Echo\storage\public\routeA_phase2_cn\china\audio\ccmusic-database_erhu_playing_tech_00000084.wav,ccmusic-database/erhu_playing_tech,train,84,staccato,断弓,duan4_gong1,staccato
ccmusic-database_erhu_playing_tech_00000085,china,E:\Desktop\Echo\storage\public\routeA_phase2_cn\china\audio\ccmusic-database_erhu_playing_tech_00000085.wav,ccmusic-database/erhu_playing_tech,train,85,staccato,断弓,duan4_gong1,staccato
ccmusic-database_erhu_playing_tech_00000086,china,E:\Desktop\Echo\storage\public\routeA_phase2_cn\china\audio\ccmusic-database_erhu_playing_tech_00000086.wav,ccmusic-database/erhu_playing_tech,train,86,trill,颤音,chan4_yin1,trill
ccmusic-database_erhu_playing_tech_00000087,china,E:\Desktop\Echo\storage\public\routeA_phase2_cn\china\audio\ccmusic-database_erhu_playing_tech_00000087.wav,ccmusic-database/erhu_playing_tech,train,87,tremolo,震音,zhen4_yin1,tremolo
ccmusic-database_erhu_playing_tech_00000088,china,E:\Desktop\Echo\storage\public\routeA_phase2_cn\china\audio\ccmusic-database_erhu_playing_tech_00000088.wav,ccmusic-database/erhu_playing_tech,train,88,detache,分弓,fen1_gong1,detache
ccmusic-database_erhu_playing_tech_00000089,china,E:\Desktop\Echo\storage\public\routeA_phase2_cn\china\audio\ccmusic-database_erhu_playing_tech_00000089.wav,ccmusic-database/erhu_playing_tech,train,89,detache,分弓,fen1_gong1,detache
ccmusic-database_erhu_playing_tech_00000090,china,E:\Desktop\Echo\storage\public\routeA_phase2_cn\china\audio\ccmusic-database_erhu_playing_tech_00000090.wav,ccmusic-database/erhu_playing_tech,train,90,legato_slide_glissando,连弓、滑音、连音,"lian2_gong1, hua2_yin1, lian2_yin1",legato_slide_glissando
ccmusic-database_erhu_playing_tech_00000091,china,E:\Desktop\Echo\storage\public\routeA_phase2_cn\china\audio\ccmusic-database_erhu_playing_tech_00000091.wav,ccmusic-database/erhu_playing_tech,train,91,pizzicato,拨弦,bo1_xian2,pizzicato
ccmusic-database_erhu_playing_tech_00000092,china,E:\Desktop\Echo\storage\public\routeA_phase2_cn\china\audio\ccmusic-database_erhu_playing_tech_00000092.wav,ccmusic-database/erhu_playing_tech,train,92,pizzicato,拨弦,bo1_xian2,pizzicato
ccmusic-database_erhu_playing_tech_00000093,china,E:\Desktop\Echo\storage\public\routeA_phase2_cn\china\audio\ccmusic-database_erhu_playing_tech_00000093.wav,ccmusic-database/erhu_playing_tech,train,93,legato_slide_glissando,连弓、滑音、连音,"lian2_gong1, hua2_yin1, lian2_yin1",legato_slide_glissando
ccmusic-database_erhu_playing_tech_00000094,china,E:\Desktop\Echo\storage\public\routeA_phase2_cn\china\audio\ccmusic-database_erhu_playing_tech_00000094.wav,ccmusic-database/erhu_playing_tech,train,94,trill,颤音,chan4_yin1,trill
ccmusic-database_erhu_playing_tech_00000095,china,E:\Desktop\Echo\storage\public\routeA_phase2_cn\china\audio\ccmusic-database_erhu_playing_tech_00000095.wav,ccmusic-database/erhu_playing_tech,train,95,detache,分弓,fen1_gong1,detache
ccmusic-database_erhu_playing_tech_00000096,china,E:\Desktop\Echo\storage\public\routeA_phase2_cn\china\audio\ccmusic-database_erhu_playing_tech_00000096.wav,ccmusic-database/erhu_playing_tech,train,96,pizzicato,拨弦,bo1_xian2,pizzicato
ccmusic-database_erhu_playing_tech_00000097,china,E:\Desktop\Echo\storage\public\routeA_phase2_cn\china\audio\ccmusic-database_erhu_playing_tech_00000097.wav,ccmusic-database/erhu_playing_tech,train,97,detache,分弓,fen1_gong1,detache
ccmusic-database_erhu_playing_tech_00000098,china,E:\Desktop\Echo\storage\public\routeA_phase2_cn\china\audio\ccmusic-database_erhu_playing_tech_00000098.wav,ccmusic-database/erhu_playing_tech,train,98,legato_slide_glissando,连弓、滑音、连音,"lian2_gong1, hua2_yin1, lian2_yin1",legato_slide_glissando
ccmusic-database_erhu_playing_tech_00000099,china,E:\Desktop\Echo\storage\public\routeA_phase2_cn\china\audio\ccmusic-database_erhu_playing_tech_00000099.wav,ccmusic-database/erhu_playing_tech,train,99,trill,颤音,chan4_yin1,trill
ccmusic-database_erhu_playing_tech_00000100,china,E:\Desktop\Echo\storage\public\routeA_phase2_cn\china\audio\ccmusic-database_erhu_playing_tech_00000100.wav,ccmusic-database/erhu_playing_tech,train,100,trill,颤音,chan4_yin1,trill
ccmusic-database_erhu_playing_tech_00000101,china,E:\Desktop\Echo\storage\public\routeA_phase2_cn\china\audio\ccmusic-database_erhu_playing_tech_00000101.wav,ccmusic-database/erhu_playing_tech,train,101,tremolo,震音,zhen4_yin1,tremolo
ccmusic-database_erhu_playing_tech_00000102,china,E:\Desktop\Echo\storage\public\routeA_phase2_cn\china\audio\ccmusic-database_erhu_playing_tech_00000102.wav,ccmusic-database/erhu_playing_tech,train,102,legato_slide_glissando,连弓、滑音、连音,"lian2_gong1, hua2_yin1, lian2_yin1",legato_slide_glissando
ccmusic-database_erhu_playing_tech_00000103,china,E:\Desktop\Echo\storage\public\routeA_phase2_cn\china\audio\ccmusic-database_erhu_playing_tech_00000103.wav,ccmusic-database/erhu_playing_tech,train,103,staccato,断弓,duan4_gong1,staccato
ccmusic-database_erhu_playing_tech_00000104,china,E:\Desktop\Echo\storage\public\routeA_phase2_cn\china\audio\ccmusic-database_erhu_playing_tech_00000104.wav,ccmusic-database/erhu_playing_tech,train,104,legato_slide_glissando,连弓、滑音、连音,"lian2_gong1, hua2_yin1, lian2_yin1",legato_slide_glissando
ccmusic-database_erhu_playing_tech_00000105,china,E:\Desktop\Echo\storage\public\routeA_phase2_cn\china\audio\ccmusic-database_erhu_playing_tech_00000105.wav,ccmusic-database/erhu_playing_tech,train,105,trill,颤音,chan4_yin1,trill
ccmusic-database_erhu_playing_tech_00000106,china,E:\Desktop\Echo\storage\public\routeA_phase2_cn\china\audio\ccmusic-database_erhu_playing_tech_00000106.wav,ccmusic-database/erhu_playing_tech,train,106,pizzicato,拨弦,bo1_xian2,pizzicato
ccmusic-database_erhu_playing_tech_00000107,china,E:\Desktop\Echo\storage\public\routeA_phase2_cn\china\audio\ccmusic-database_erhu_playing_tech_00000107.wav,ccmusic-database/erhu_playing_tech,train,107,ricochet,抛弓,pao1_gong1,ricochet
ccmusic-database_erhu_playing_tech_00000108,china,E:\Desktop\Echo\storage\public\routeA_phase2_cn\china\audio\ccmusic-database_erhu_playing_tech_00000108.wav,ccmusic-database/erhu_playing_tech,train,108,percussive,击弓,ji1_gong1,percussive
ccmusic-database_erhu_playing_tech_00000109,china,E:\Desktop\Echo\storage\public\routeA_phase2_cn\china\audio\ccmusic-database_erhu_playing_tech_00000109.wav,ccmusic-database/erhu_playing_tech,train,109,staccato,断弓,duan4_gong1,staccato
ccmusic-database_erhu_playing_tech_00000110,china,E:\Desktop\Echo\storage\public\routeA_phase2_cn\china\audio\ccmusic-database_erhu_playing_tech_00000110.wav,ccmusic-database/erhu_playing_tech,train,110,staccato,断弓,duan4_gong1,staccato
ccmusic-database_erhu_playing_tech_00000111,china,E:\Desktop\Echo\storage\public\routeA_phase2_cn\china\audio\ccmusic-database_erhu_playing_tech_00000111.wav,ccmusic-database/erhu_playing_tech,train,111,staccato,断弓,duan4_gong1,staccato
ccmusic-database_erhu_playing_tech_00000112,china,E:\Desktop\Echo\storage\public\routeA_phase2_cn\china\audio\ccmusic-database_erhu_playing_tech_00000112.wav,ccmusic-database/erhu_playing_tech,train,112,harmonic,泛音,fan4_yin1,harmonic
ccmusic-database_erhu_playing_tech_00000113,china,E:\Desktop\Echo\storage\public\routeA_phase2_cn\china\audio\ccmusic-database_erhu_playing_tech_00000113.wav,ccmusic-database/erhu_playing_tech,train,113,detache,分弓,fen1_gong1,detache
ccmusic-database_erhu_playing_tech_00000114,china,E:\Desktop\Echo\storage\public\routeA_phase2_cn\china\audio\ccmusic-database_erhu_playing_tech_00000114.wav,ccmusic-database/erhu_playing_tech,train,114,vibrato,揉弦,rou2_xian2,vibrato
ccmusic-database_erhu_playing_tech_00000115,china,E:\Desktop\Echo\storage\public\routeA_phase2_cn\china\audio\ccmusic-database_erhu_playing_tech_00000115.wav,ccmusic-database/erhu_playing_tech,train,115,ricochet,抛弓,pao1_gong1,ricochet
ccmusic-database_erhu_playing_tech_00000116,china,E:\Desktop\Echo\storage\public\routeA_phase2_cn\china\audio\ccmusic-database_erhu_playing_tech_00000116.wav,ccmusic-database/erhu_playing_tech,train,116,trill,颤音,chan4_yin1,trill
ccmusic-database_erhu_playing_tech_00000117,china,E:\Desktop\Echo\storage\public\routeA_phase2_cn\china\audio\ccmusic-database_erhu_playing_tech_00000117.wav,ccmusic-database/erhu_playing_tech,train,117,legato_slide_glissando,连弓、滑音、连音,"lian2_gong1, hua2_yin1, lian2_yin1",legato_slide_glissando
ccmusic-database_erhu_playing_tech_00000118,china,E:\Desktop\Echo\storage\public\routeA_phase2_cn\china\audio\ccmusic-database_erhu_playing_tech_00000118.wav,ccmusic-database/erhu_playing_tech,train,118,trill,颤音,chan4_yin1,trill
ccmusic-database_erhu_playing_tech_00000119,china,E:\Desktop\Echo\storage\public\routeA_phase2_cn\china\audio\ccmusic-database_erhu_playing_tech_00000119.wav,ccmusic-database/erhu_playing_tech,train,119,vibrato,揉弦,rou2_xian2,vibrato
ccmusic-database_erhu_playing_tech_00000120,china,E:\Desktop\Echo\storage\public\routeA_phase2_cn\china\audio\ccmusic-database_erhu_playing_tech_00000120.wav,ccmusic-database/erhu_playing_tech,train,120,percussive,击弓,ji1_gong1,percussive
ccmusic-database_erhu_playing_tech_00000121,china,E:\Desktop\Echo\storage\public\routeA_phase2_cn\china\audio\ccmusic-database_erhu_playing_tech_00000121.wav,ccmusic-database/erhu_playing_tech,train,121,trill,颤音,chan4_yin1,trill
ccmusic-database_erhu_playing_tech_00000122,china,E:\Desktop\Echo\storage\public\routeA_phase2_cn\china\audio\ccmusic-database_erhu_playing_tech_00000122.wav,ccmusic-database/erhu_playing_tech,train,122,staccato,断弓,duan4_gong1,staccato
ccmusic-database_erhu_playing_tech_00000123,china,E:\Desktop\Echo\storage\public\routeA_phase2_cn\china\audio\ccmusic-database_erhu_playing_tech_00000123.wav,ccmusic-database/erhu_playing_tech,train,123,legato_slide_glissando,连弓、滑音、连音,"lian2_gong1, hua2_yin1, lian2_yin1",legato_slide_glissando
ccmusic-database_erhu_playing_tech_00000124,china,E:\Desktop\Echo\storage\public\routeA_phase2_cn\china\audio\ccmusic-database_erhu_playing_tech_00000124.wav,ccmusic-database/erhu_playing_tech,train,124,trill,颤音,chan4_yin1,trill
ccmusic-database_erhu_playing_tech_00000125,china,E:\Desktop\Echo\storage\public\routeA_phase2_cn\china\audio\ccmusic-database_erhu_playing_tech_00000125.wav,ccmusic-database/erhu_playing_tech,train,125,diangong,垫弓,dian4_gong1,diangong
ccmusic-database_erhu_playing_tech_00000126,china,E:\Desktop\Echo\storage\public\routeA_phase2_cn\china\audio\ccmusic-database_erhu_playing_tech_00000126.wav,ccmusic-database/erhu_playing_tech,train,126,tremolo,震音,zhen4_yin1,tremolo
ccmusic-database_erhu_playing_tech_00000127,china,E:\Desktop\Echo\storage\public\routeA_phase2_cn\china\audio\ccmusic-database_erhu_playing_tech_00000127.wav,ccmusic-database/erhu_playing_tech,train,127,tremolo,震音,zhen4_yin1,tremolo
ccmusic-database_erhu_playing_tech_00000128,china,E:\Desktop\Echo\storage\public\routeA_phase2_cn\china\audio\ccmusic-database_erhu_playing_tech_00000128.wav,ccmusic-database/erhu_playing_tech,train,128,tremolo,震音,zhen4_yin1,tremolo
ccmusic-database_erhu_playing_tech_00000129,china,E:\Desktop\Echo\storage\public\routeA_phase2_cn\china\audio\ccmusic-database_erhu_playing_tech_00000129.wav,ccmusic-database/erhu_playing_tech,train,129,staccato,断弓,duan4_gong1,staccato
ccmusic-database_erhu_playing_tech_00000130,china,E:\Desktop\Echo\storage\public\routeA_phase2_cn\china\audio\ccmusic-database_erhu_playing_tech_00000130.wav,ccmusic-database/erhu_playing_tech,train,130,trill,颤音,chan4_yin1,trill
ccmusic-database_erhu_playing_tech_00000131,china,E:\Desktop\Echo\storage\public\routeA_phase2_cn\china\audio\ccmusic-database_erhu_playing_tech_00000131.wav,ccmusic-database/erhu_playing_tech,train,131,trill,颤音,chan4_yin1,trill
ccmusic-database_erhu_playing_tech_00000132,china,E:\Desktop\Echo\storage\public\routeA_phase2_cn\china\audio\ccmusic-database_erhu_playing_tech_00000132.wav,ccmusic-database/erhu_playing_tech,train,132,pizzicato,拨弦,bo1_xian2,pizzicato
ccmusic-database_erhu_playing_tech_00000133,china,E:\Desktop\Echo\storage\public\routeA_phase2_cn\china\audio\ccmusic-database_erhu_playing_tech_00000133.wav,ccmusic-database/erhu_playing_tech,train,133,diangong,垫弓,dian4_gong1,diangong
ccmusic-database_erhu_playing_tech_00000134,china,E:\Desktop\Echo\storage\public\routeA_phase2_cn\china\audio\ccmusic-database_erhu_playing_tech_00000134.wav,ccmusic-database/erhu_playing_tech,train,134,pizzicato,拨弦,bo1_xian2,pizzicato
ccmusic-database_erhu_playing_tech_00000135,china,E:\Desktop\Echo\storage\public\routeA_phase2_cn\china\audio\ccmusic-database_erhu_playing_tech_00000135.wav,ccmusic-database/erhu_playing_tech,train,135,trill,颤音,chan4_yin1,trill
ccmusic-database_erhu_playing_tech_00000136,china,E:\Desktop\Echo\storage\public\routeA_phase2_cn\china\audio\ccmusic-database_erhu_playing_tech_00000136.wav,ccmusic-database/erhu_playing_tech,train,136,trill,颤音,chan4_yin1,trill
ccmusic-database_erhu_playing_tech_00000137,china,E:\Desktop\Echo\storage\public\routeA_phase2_cn\china\audio\ccmusic-database_erhu_playing_tech_00000137.wav,ccmusic-database/erhu_playing_tech,train,137,staccato,断弓,duan4_gong1,staccato
ccmusic-database_erhu_playing_tech_00000138,china,E:\Desktop\Echo\storage\public\routeA_phase2_cn\china\audio\ccmusic-database_erhu_playing_tech_00000138.wav,ccmusic-database/erhu_playing_tech,train,138,tremolo,震音,zhen4_yin1,tremolo
ccmusic-database_erhu_playing_tech_00000139,china,E:\Desktop\Echo\storage\public\routeA_phase2_cn\china\audio\ccmusic-database_erhu_playing_tech_00000139.wav,ccmusic-database/erhu_playing_tech,train,139,vibrato,揉弦,rou2_xian2,vibrato
ccmusic-database_erhu_playing_tech_00000140,china,E:\Desktop\Echo\storage\public\routeA_phase2_cn\china\audio\ccmusic-database_erhu_playing_tech_00000140.wav,ccmusic-database/erhu_playing_tech,train,140,trill,颤音,chan4_yin1,trill
ccmusic-database_erhu_playing_tech_00000141,china,E:\Desktop\Echo\storage\public\routeA_phase2_cn\china\audio\ccmusic-database_erhu_playing_tech_00000141.wav,ccmusic-database/erhu_playing_tech,train,141,staccato,断弓,duan4_gong1,staccato
ccmusic-database_erhu_playing_tech_00000142,china,E:\Desktop\Echo\storage\public\routeA_phase2_cn\china\audio\ccmusic-database_erhu_playing_tech_00000142.wav,ccmusic-database/erhu_playing_tech,train,142,detache,分弓,fen1_gong1,detache
ccmusic-database_erhu_playing_tech_00000143,china,E:\Desktop\Echo\storage\public\routeA_phase2_cn\china\audio\ccmusic-database_erhu_playing_tech_00000143.wav,ccmusic-database/erhu_playing_tech,train,143,trill,颤音,chan4_yin1,trill
ccmusic-database_erhu_playing_tech_00000144,china,E:\Desktop\Echo\storage\public\routeA_phase2_cn\china\audio\ccmusic-database_erhu_playing_tech_00000144.wav,ccmusic-database/erhu_playing_tech,train,144,staccato,断弓,duan4_gong1,staccato
ccmusic-database_erhu_playing_tech_00000145,china,E:\Desktop\Echo\storage\public\routeA_phase2_cn\china\audio\ccmusic-database_erhu_playing_tech_00000145.wav,ccmusic-database/erhu_playing_tech,train,145,legato_slide_glissando,连弓、滑音、连音,"lian2_gong1, hua2_yin1, lian2_yin1",legato_slide_glissando
ccmusic-database_erhu_playing_tech_00000146,china,E:\Desktop\Echo\storage\public\routeA_phase2_cn\china\audio\ccmusic-database_erhu_playing_tech_00000146.wav,ccmusic-database/erhu_playing_tech,train,146,detache,分弓,fen1_gong1,detache
ccmusic-database_erhu_playing_tech_00000147,china,E:\Desktop\Echo\storage\public\routeA_phase2_cn\china\audio\ccmusic-database_erhu_playing_tech_00000147.wav,ccmusic-database/erhu_playing_tech,train,147,staccato,断弓,duan4_gong1,staccato
ccmusic-database_erhu_playing_tech_00000148,china,E:\Desktop\Echo\storage\public\routeA_phase2_cn\china\audio\ccmusic-database_erhu_playing_tech_00000148.wav,ccmusic-database/erhu_playing_tech,train,148,trill,颤音,chan4_yin1,trill
ccmusic-database_erhu_playing_tech_00000149,china,E:\Desktop\Echo\storage\public\routeA_phase2_cn\china\audio\ccmusic-database_erhu_playing_tech_00000149.wav,ccmusic-database/erhu_playing_tech,train,149,ricochet,抛弓,pao1_gong1,ricochet
ccmusic-database_erhu_playing_tech_00000150,china,E:\Desktop\Echo\storage\public\routeA_phase2_cn\china\audio\ccmusic-database_erhu_playing_tech_00000150.wav,ccmusic-database/erhu_playing_tech,train,150,vibrato,揉弦,rou2_xian2,vibrato
ccmusic-database_erhu_playing_tech_00000151,china,E:\Desktop\Echo\storage\public\routeA_phase2_cn\china\audio\ccmusic-database_erhu_playing_tech_00000151.wav,ccmusic-database/erhu_playing_tech,train,151,ricochet,抛弓,pao1_gong1,ricochet
ccmusic-database_erhu_playing_tech_00000152,china,E:\Desktop\Echo\storage\public\routeA_phase2_cn\china\audio\ccmusic-database_erhu_playing_tech_00000152.wav,ccmusic-database/erhu_playing_tech,train,152,legato_slide_glissando,连弓、滑音、连音,"lian2_gong1, hua2_yin1, lian2_yin1",legato_slide_glissando
ccmusic-database_erhu_playing_tech_00000153,china,E:\Desktop\Echo\storage\public\routeA_phase2_cn\china\audio\ccmusic-database_erhu_playing_tech_00000153.wav,ccmusic-database/erhu_playing_tech,train,153,detache,分弓,fen1_gong1,detache
ccmusic-database_erhu_playing_tech_00000154,china,E:\Desktop\Echo\storage\public\routeA_phase2_cn\china\audio\ccmusic-database_erhu_playing_tech_00000154.wav,ccmusic-database/erhu_playing_tech,train,154,tremolo,震音,zhen4_yin1,tremolo
ccmusic-database_erhu_playing_tech_00000155,china,E:\Desktop\Echo\storage\public\routeA_phase2_cn\china\audio\ccmusic-database_erhu_playing_tech_00000155.wav,ccmusic-database/erhu_playing_tech,train,155,trill,颤音,chan4_yin1,trill
ccmusic-database_erhu_playing_tech_00000156,china,E:\Desktop\Echo\storage\public\routeA_phase2_cn\china\audio\ccmusic-database_erhu_playing_tech_00000156.wav,ccmusic-database/erhu_playing_tech,train,156,tremolo,震音,zhen4_yin1,tremolo
ccmusic-database_erhu_playing_tech_00000157,china,E:\Desktop\Echo\storage\public\routeA_phase2_cn\china\audio\ccmusic-database_erhu_playing_tech_00000157.wav,ccmusic-database/erhu_playing_tech,train,157,staccato,断弓,duan4_gong1,staccato
ccmusic-database_erhu_playing_tech_00000158,china,E:\Desktop\Echo\storage\public\routeA_phase2_cn\china\audio\ccmusic-database_erhu_playing_tech_00000158.wav,ccmusic-database/erhu_playing_tech,train,158,tremolo,震音,zhen4_yin1,tremolo
ccmusic-database_erhu_playing_tech_00000159,china,E:\Desktop\Echo\storage\public\routeA_phase2_cn\china\audio\ccmusic-database_erhu_playing_tech_00000159.wav,ccmusic-database/erhu_playing_tech,train,159,vibrato,揉弦,rou2_xian2,vibrato
