user_id,track_id,weight
china_u000,china_opencpop_0030,0.7991145967036886
china_u000,china_opencpop_0029,1.3955909977397356
china_u000,china_opencpop_0008,0.9664186271127749
china_u000,china_opencpop_0003,1.7304291408273302
china_u000,china_opencpop_0036,1.3290870600547704
china_u000,china_opencpop_0002,2.0113698881997695
china_u000,china_opencpop_0017,1.7829573009538795
china_u000,china_opencpop_0011,1.1138324563840207
china_u000,china_opencpop_0016,2.0106481574067216
china_u000,china_opencpop_0033,1.963218516681983
china_u000,china_opencpop_0034,1.2434002038270509
china_u000,china_opencpop_0021,1.072365979279671
china_u000,china_opencpop_0025,1.7523047443568327
china_u000,china_opencpop_0020,0.8160730342260594
china_u000,china_opencpop_0038,0.9198416492695617
china_u000,china_opencpop_0041,0.5876999153204844
china_u000,china_opencpop_0042,1.9324445511911885
china_u000,china_opencpop_0018,1.7218677276212553
china_u000,china_opencpop_0019,1.7914102781304277
china_u000,china_opencpop_0024,1.9217575785128944
china_u000,china_opencpop_0006,1.3666297128036362
china_u000,china_opencpop_0027,1.5560785630187417
china_u000,china_opencpop_0026,0.816149821770209
china_u000,china_opencpop_0005,0.772564376849554
china_u000,italy_0046,1.3523439984171368
china_u000,italy_0009,1.0859798782932288
china_u000,italy_0030,1.213068743749605
china_u000,modern_english_pop_0116,1.4827484575116345
china_u000,modern_english_pop_0043,1.3068697320007976
china_u000,modern_english_pop_0107,1.1973321908882943
china_u000,modern_english_pop_0061,1.2049296670063083
china_u000,modern_english_pop_0017,0.8603326323845265
china_u000,modern_english_pop_0087,0.4916040766667182
china_u000,modern_english_pop_0085,1.0395684754636891
china_u000,modern_english_pop_0079,0.7396893083063644
china_u001,china_opencpop_0016,1.1027751766598755
china_u001,china_opencpop_0019,1.5741537564247705
china_u001,china_opencpop_0036,0.8799330505701746
china_u001,china_opencpop_0018,2.0526596400593475
china_u001,china_opencpop_0015,1.8834461889657372
china_u001,china_opencpop_0041,1.8160735990153658
china_u001,china_opencpop_0004,1.3203604936120539
china_u001,china_opencpop_0024,1.6571077502117144
china_u001,china_opencpop_0001,1.5825689963744687
china_u001,china_opencpop_0009,1.6959853876820645
china_u001,china_opencpop_0027,0.7206664539663086
china_u001,china_opencpop_0047,1.2922677687443014
china_u001,china_opencpop_0038,0.6467844499117644
china_u001,china_opencpop_0031,1.427134163196795
china_u001,china_opencpop_0044,1.1440105912740546
china_u001,china_opencpop_0008,0.8243042257939308
china_u001,china_opencpop_0021,0.7533701193214015
china_u001,china_opencpop_0010,1.5886868870065531
china_u001,china_opencpop_0020,0.8692728707261285
china_u001,china_opencpop_0032,2.170832204199975
china_u001,china_opencpop_0028,1.5773304659831813
china_u001,china_opencpop_0000,1.173350412822594
china_u001,china_opencpop_0006,1.5943292228054438
china_u001,china_opencpop_0023,0.6143366775262282
china_u001,great_britain_0019,1.7440549378759513
china_u001,great_britain_0100,1.1011096398729152
china_u001,great_britain_0024,1.5066925567878864
china_u001,great_britain_0073,0.561685499895292
china_u001,great_britain_0007,1.1069887466315165
china_u001,great_britain_0013,1.1124544423786034
china_u001,great_britain_0022,1.7160657142162268
china_u001,great_britain_0027,1.2218328707077017
china_u001,india_saraga_0074,1.0892106914268878
china_u001,india_saraga_0047,0.8104171451740564
china_u001,india_saraga_0079,0.8976181464124454
china_u001,india_saraga_0078,1.1529077433365762
china_u001,india_saraga_0082,1.042530471411813
china_u001,india_saraga_0102,0.47917630783844606
china_u001,india_saraga_0029,1.565494097662383
china_u001,india_saraga_0026,1.659817041983685
china_u002,china_opencpop_0035,2.008669359415463
china_u002,china_opencpop_0012,0.8394154461772523
china_u002,china_opencpop_0045,0.8842378315720999
china_u002,china_opencpop_0042,1.608935315373455
china_u002,china_opencpop_0036,2.083619520444626
china_u002,china_opencpop_0014,0.9138497983576388
china_u002,china_opencpop_0008,1.1103083357526635
china_u002,china_opencpop_0027,1.9160233459660312
china_u002,china_opencpop_0029,2.2514005849551686
china_u002,china_opencpop_0003,1.4387785461990406
china_u002,china_opencpop_0004,0.8232231919009075
china_u002,china_opencpop_0009,0.5990400962966477
china_u002,china_opencpop_0049,0.9711566517480252
china_u002,china_opencpop_0020,0.8023933256817488
china_u002,china_opencpop_0001,1.743961211982179
china_u002,china_opencpop_0025,0.7851610704842161
china_u002,china_opencpop_0019,1.4484191320455917
china_u002,china_opencpop_0031,1.7726027014839791
china_u002,china_opencpop_0006,1.5774261509060565
china_u002,china_opencpop_0039,0.9196129991135993
china_u002,china_opencpop_0026,1.9621148076644028
china_u002,china_opencpop_0010,1.8090772985872579
china_u002,china_opencpop_0033,1.8497474067543092
china_u002,china_opencpop_0023,0.8010746214363653
china_u002,germany_0037,0.6170676349279652
china_u002,germany_0056,1.7022094438587854
china_u002,germany_0057,0.9867305616636698
china_u002,germany_0021,0.8562807339042687
china_u002,germany_0030,1.1095884612245699
china_u002,germany_0032,1.3448666872308361
china_u002,germany_0025,1.7400913970134093
china_u002,germany_0023,0.8367024062907742
china_u002,indonesia_fma_0005,1.6984913795712366
china_u002,indonesia_fma_0019,0.48356031337144606
china_u002,indonesia_fma_0015,1.1995173571412134
china_u002,indonesia_fma_0018,1.305866400769465
china_u002,indonesia_fma_0001,0.5929614950635169
china_u002,indonesia_fma_0013,0.6394584560362822
china_u002,indonesia_fma_0007,1.0158043310770104
china_u002,indonesia_fma_0014,1.7544130813932952
china_u003,china_opencpop_0045,1.2540125380352487
china_u003,china_opencpop_0022,1.1235346422422852
china_u003,china_opencpop_0019,1.4453077588633467
china_u003,china_opencpop_0018,2.0843835253546996
china_u003,china_opencpop_0030,2.043202056268305
china_u003,china_opencpop_0042,0.649994481972066
china_u003,china_opencpop_0009,0.8880847565540039
china_u003,china_opencpop_0046,0.983384902655083
china_u003,china_opencpop_0036,1.0051935683105655
china_u003,china_opencpop_0010,1.5603763242562827
china_u003,china_opencpop_0043,1.2930526843380066
china_u003,china_opencpop_0049,0.6599633568750995
china_u003,china_opencpop_0025,1.219484388842761
china_u003,china_opencpop_0014,1.478473836537924
china_u003,china_opencpop_0039,0.7503840325089101
china_u003,china_opencpop_0041,2.0127160052852653
china_u003,china_opencpop_0031,0.6646342196523047
china_u003,china_opencpop_0047,2.170352224056157
china_u003,china_opencpop_0023,0.7459701692252853
china_u003,china_opencpop_0034,2.0301667915061232
china_u003,china_opencpop_0000,2.1320766732751393
china_u003,china_opencpop_0012,2.264759424011872
china_u003,china_opencpop_0003,1.9584946434719488
china_u003,china_opencpop_0027,1.9195987578305422
china_u003,indonesia_fma_0018,1.3173524225939894
china_u003,indonesia_fma_0002,1.5016450786804743
china_u003,indonesia_fma_0005,0.6316454813577487
china_u003,indonesia_fma_0014,1.1736918485293104
china_u003,indonesia_fma_0003,1.1442008747570596
china_u003,indonesia_fma_0015,1.6077223945654526
china_u003,indonesia_fma_0007,1.0747791435512464
china_u003,indonesia_fma_0019,0.9698708197354772
china_u003,germany_0066,1.3134104161700988
china_u003,germany_0046,0.8097254786261423
china_u003,germany_0054,0.6386873547878419
china_u003,germany_0063,1.095134319932057
china_u003,germany_0011,1.0128006476030949
china_u003,germany_0044,0.7639694197139795
china_u003,germany_0076,0.9461409436554228
china_u003,germany_0006,0.9446298072654339
china_u004,china_jingju_0063,1.8927678477613639
china_u004,china_jingju_0038,1.9536971359833148
china_u004,china_jingju_0052,1.4239642968676152
china_u004,china_jingju_0013,1.609298686626506
china_u004,china_jingju_0016,2.1813825065654253
china_u004,china_jingju_0041,0.7815404401644368
china_u004,china_jingju_0008,0.7770036511776905
china_u004,china_jingju_0044,0.7262980455460755
china_u004,china_jingju_0030,1.7098141666949103
china_u004,china_jingju_0074,1.2970993188634043
china_u004,china_jingju_0060,1.9107044428446796
china_u004,china_jingju_0077,1.7328741879573222
china_u004,china_jingju_0080,1.150525133116211
china_u004,china_jingju_0049,2.124682294198649
china_u004,china_jingju_0035,1.8903679536968752
china_u004,china_jingju_0046,1.041672773070053
china_u004,china_jingju_0022,1.203231230656793
china_u004,china_jingju_0071,1.1174089658523534
china_u004,china_jingju_0005,0.8468800938781244
china_u004,china_jingju_0055,0.8299263176352805
china_u004,china_jingju_0024,2.1898198743231583
china_u004,china_jingju_0033,1.3303844641678495
china_u004,china_jingju_0002,1.2362266942910318
china_u004,china_jingju_0057,1.8337078474684767
china_u004,great_britain_0078,1.196540638091415
china_u004,great_britain_0079,1.7137889822319239
china_u004,great_britain_0002,1.5034070167776794
china_u004,great_britain_0003,1.0971489115681297
china_u004,great_britain_0011,0.9580852891991155
china_u004,great_britain_0081,1.7819525856478347
china_u004,great_britain_0016,1.4189763186049187
china_u004,great_britain_0076,1.7341127910051857
china_u004,italy_0076,0.6099460792430058
china_u004,italy_0022,1.5982204669075566
china_u004,italy_0021,1.3100497433881304
china_u004,italy_0001,0.6145942657524021
china_u004,italy_0007,1.244148299958448
china_u004,italy_0073,1.3762300928923559
china_u004,italy_0053,0.46660862594961383
china_u004,italy_0058,1.063329248486358
china_u005,china_jingju_0002,1.4453159580829016
china_u005,china_jingju_0005,1.8604495213672565
china_u005,china_jingju_0063,1.6617704318942876
china_u005,china_jingju_0035,2.0432011470893374
china_u005,china_jingju_0000,0.8427424119608817
china_u005,china_jingju_0055,1.8422213835881536
china_u005,china_jingju_0024,0.9079965717488594
china_u005,china_jingju_0041,1.0420588460232054
china_u005,china_jingju_0033,1.7995856028102493
china_u005,china_jingju_0038,2.265853253950226
china_u005,china_jingju_0066,1.6299127203104449
china_u005,china_jingju_0030,0.6690130433599848
china_u005,china_jingju_0060,1.6381329731249938
china_u005,china_jingju_0074,0.6480547014757881
china_u005,china_jingju_0080,2.1001513521077593
china_u005,china_jingju_0071,1.7990225417985704
china_u005,china_jingju_0077,0.873645535078818
china_u005,china_jingju_0068,0.7332187350467415
china_u005,china_jingju_0008,0.8915948198185503
china_u005,china_jingju_0019,2.265546884730982
china_u005,china_jingju_0052,1.3660171082408947
china_u005,china_jingju_0011,1.9275396358889285
china_u005,china_jingju_0057,1.6728043901359149
china_u005,china_jingju_0016,1.5624126836786492
china_u005,india_saraga_0005,0.6459258437978171
china_u005,india_saraga_0102,1.7271330123034283
china_u005,india_saraga_0003,0.8568125538948692
china_u005,india_saraga_0016,1.2303232413401821
china_u005,india_saraga_0086,1.3946975251952392
china_u005,india_saraga_0000,1.3264647595811672
china_u005,india_saraga_0105,1.71980245308895
china_u005,india_saraga_0064,0.6503926363920783
china_u005,modern_english_pop_0107,1.1362761969033717
china_u005,modern_english_pop_0083,0.995446427500034
china_u005,modern_english_pop_0014,1.0901277848015345
china_u005,modern_english_pop_0091,0.6109436603669552
china_u005,modern_english_pop_0075,0.6310277233282332
china_u005,modern_english_pop_0111,0.8254019868046975
china_u005,modern_english_pop_0117,0.8613512150771223
china_u005,modern_english_pop_0100,1.0276693384698226
china_u006,china_opencpop_0017,0.6708546566643643
china_u006,china_opencpop_0036,1.0590547273305564
china_u006,china_opencpop_0027,1.1513743198651665
china_u006,china_opencpop_0045,0.8734154179554992
china_u006,china_opencpop_0020,1.1164660629084313
china_u006,china_opencpop_0004,1.8561446776007728
china_u006,china_opencpop_0021,0.600327905141122
china_u006,china_opencpop_0041,2.001874157298184
china_u006,china_opencpop_0029,2.0525453406661125
china_u006,china_opencpop_0007,1.2171512137554203
china_u006,china_opencpop_0010,0.839982250879595
china_u006,china_opencpop_0016,1.6114497037052642
china_u006,china_opencpop_0011,0.7814351588669427
china_u006,china_opencpop_0032,1.2044858978599855
china_u006,china_opencpop_0006,2.2282903370541773
china_u006,china_opencpop_0046,2.2921762152067737
china_u006,china_opencpop_0012,1.9068809375866602
china_u006,china_opencpop_0026,1.1114086046133216
china_u006,china_opencpop_0034,1.7612222098115093
china_u006,china_opencpop_0039,1.7918259804599217
china_u006,china_opencpop_0048,1.2440269241572959
china_u006,china_opencpop_0040,1.6805328946611249
china_u006,china_opencpop_0001,0.5935051875830415
china_u006,china_opencpop_0042,0.9356244610888664
china_u006,italy_0009,1.1588692090058026
china_u006,italy_0046,0.6710642607486994
china_u006,italy_0030,0.6739742716333205
china_u006,modern_english_pop_0046,1.5790107922428214
china_u006,modern_english_pop_0030,1.7853295536228675
china_u006,modern_english_pop_0091,1.2005587278384053
china_u006,modern_english_pop_0036,1.582744136690313
china_u006,modern_english_pop_0061,1.786934246840468
china_u006,modern_english_pop_0099,0.6411544495678458
china_u006,modern_english_pop_0058,1.0551315778933739
china_u006,modern_english_pop_0028,0.9799731663865918
china_u007,china_opencpop_0028,0.6178199023525376
china_u007,china_opencpop_0007,2.174869290919446
china_u007,china_opencpop_0013,1.348157641243103
china_u007,china_opencpop_0041,1.105497999925856
china_u007,china_opencpop_0012,1.6073731554370954
china_u007,china_opencpop_0023,0.5876174371054519
china_u007,china_opencpop_0008,1.0545881338864038
china_u007,china_opencpop_0000,1.7877327283305897
china_u007,china_opencpop_0014,1.6682528585444785
china_u007,china_opencpop_0009,2.2686152595108733
china_u007,china_opencpop_0001,1.6451170491601257
china_u007,china_opencpop_0006,1.398697632007839
china_u007,china_opencpop_0032,1.8884711714924132
china_u007,china_opencpop_0042,2.1332405791379916
china_u007,china_opencpop_0026,1.8182005080891561
china_u007,china_opencpop_0049,2.2365393606226798
china_u007,china_opencpop_0037,1.9239589195233555
china_u007,china_opencpop_0034,2.070232481001823
china_u007,china_opencpop_0024,0.7718295227917741
china_u007,china_opencpop_0033,1.8384132926642838
china_u007,china_opencpop_0021,1.3341530066847107
china_u007,china_opencpop_0044,1.5291040591594496
china_u007,china_opencpop_0004,1.7033266563570653
china_u007,china_opencpop_0010,2.247931076317107
china_u007,france_0095,1.7791804099326933
china_u007,france_0103,0.8391081314086721
china_u007,france_0077,1.4405672215411869
china_u007,france_0047,1.4624777762126127
china_u007,france_0102,0.9177653627726159
china_u007,france_0024,0.6172241960666984
china_u007,france_0079,0.5052783963857217
china_u007,france_0071,1.4994132221643912
china_u007,russia_0067,1.111094651452823
china_u007,russia_0005,1.7804792288181506
china_u007,russia_0025,1.0777141658614315
china_u007,russia_0062,1.7701879217496843
china_u007,russia_0017,1.0056276029619808
china_u007,russia_0033,1.521470903255963
china_u007,russia_0045,0.5645060176209733
china_u007,russia_0055,1.1998733086859814
china_u008,china_opencpop_0019,0.8110167046011053
china_u008,china_opencpop_0035,1.5666540785997327
china_u008,china_opencpop_0013,2.295825564278532
china_u008,china_opencpop_0039,1.7840197424581359
china_u008,china_opencpop_0030,1.6017421497130662
china_u008,china_opencpop_0004,1.2518366852900944
china_u008,china_opencpop_0038,2.1538903614925817
china_u008,china_opencpop_0045,1.432181128324853
china_u008,china_opencpop_0032,0.8067829254650309
china_u008,china_opencpop_0000,1.2052778490185052
china_u008,china_opencpop_0018,0.6908625037623979
china_u008,china_opencpop_0034,0.9234138400131481
china_u008,china_opencpop_0007,0.6054786472248485
china_u008,china_opencpop_0042,1.3569078559627816
china_u008,china_opencpop_0029,1.66958195704185
china_u008,china_opencpop_0024,1.1671794976036158
china_u008,china_opencpop_0033,1.300158555846603
china_u008,china_opencpop_0027,2.2296359956568934
china_u008,china_opencpop_0001,1.8721363847167292
china_u008,china_opencpop_0026,1.5079776987300408
china_u008,china_opencpop_0023,1.0658330095678985
china_u008,china_opencpop_0031,2.122319477883417
china_u008,china_opencpop_0046,0.9805425266191375
china_u008,china_opencpop_0012,1.1362162101412678
china_u008,russia_0067,1.6772374994709804
china_u008,russia_0055,1.1648817746348479
china_u008,russia_0062,1.4521292317142687
china_u008,russia_0025,1.2475054721210843
china_u008,russia_0017,1.3321429321628184
china_u008,russia_0012,0.8541674435450145
china_u008,russia_0033,0.7758522831959949
china_u008,russia_0040,0.885364668677698
china_u008,indonesia_gamelan_0017,0.6598461115126204
china_u008,indonesia_gamelan_0009,1.6303243931425901
china_u008,indonesia_gamelan_0004,0.832383359887654
china_u008,indonesia_gamelan_0033,1.2080106824594192
china_u008,indonesia_gamelan_0054,1.5191654739408549
china_u008,indonesia_gamelan_0023,1.5081625476572134
china_u008,indonesia_gamelan_0034,1.0418214490886606
china_u008,indonesia_gamelan_0038,1.0929473665920797
china_u009,china_jingju_0077,1.1495874277433502
china_u009,china_jingju_0066,1.3190391097526257
china_u009,china_jingju_0035,1.9215024622333576
china_u009,china_jingju_0030,2.0260763932207997
china_u009,china_jingju_0060,1.024101237391306
china_u009,china_jingju_0080,1.131296010669334
china_u009,china_jingju_0038,0.9932829214738739
china_u009,china_jingju_0049,1.4027643659505873
china_u009,china_jingju_0046,1.753620666961452
china_u009,china_jingju_0008,0.9687362101744004
china_u009,china_jingju_0052,1.1455191550446449
china_u009,china_jingju_0041,2.179913465341284
china_u009,china_jingju_0055,0.6587820249860026
china_u009,china_jingju_0024,1.3698275690382518
china_u009,china_jingju_0074,1.8024376217544418
china_u009,china_jingju_0057,0.8345331699366427
china_u009,china_jingju_0068,0.6567201845094562
china_u009,china_jingju_0013,0.8134042660764654
china_u009,china_jingju_0005,2.159970008840428
china_u009,china_jingju_0016,0.5909731236414377
china_u009,china_jingju_0002,0.8998554065495818
china_u009,china_jingju_0033,0.6289640597553369
china_u009,china_jingju_0022,0.7658358315448006
china_u009,china_jingju_0063,1.6447575194338109
china_u009,russia_0052,0.7762125267977659
china_u009,russia_0074,1.2184362680814138
china_u009,russia_0098,1.2467637667342704
china_u009,russia_0069,1.5967376996712017
china_u009,russia_0036,0.45640088043102983
china_u009,russia_0071,1.6020487701121953
china_u009,russia_0070,1.285810766676415
china_u009,russia_0034,0.6697037062416928
china_u009,italy_0030,1.4934654739826334
china_u009,italy_0046,1.6049135814172908
china_u009,italy_0009,0.7932557030681123
china_u010,china_opencpop_0028,0.6621464762417089
china_u010,china_opencpop_0011,1.6006291253367408
china_u010,china_opencpop_0024,1.083452708274766
china_u010,china_opencpop_0014,1.719746305489107
china_u010,china_opencpop_0038,2.0175229300534867
china_u010,china_opencpop_0042,0.6063269382522779
china_u010,china_opencpop_0009,1.6026062613328795
china_u010,china_opencpop_0001,0.97395893095982
china_u010,china_opencpop_0003,2.0824576588840573
china_u010,china_opencpop_0016,1.012571273819154
china_u010,china_opencpop_0044,1.6285784798310965
china_u010,china_opencpop_0022,1.5298579491545796
china_u010,china_opencpop_0035,1.2583872126022042
china_u010,china_opencpop_0002,1.7438958172096446
china_u010,china_opencpop_0020,1.8269526198841235
china_u010,china_opencpop_0039,1.5529676969259423
china_u010,china_opencpop_0004,1.8832783591437008
china_u010,china_opencpop_0030,2.271394456087817
china_u010,china_opencpop_0029,1.2982448691288888
china_u010,china_opencpop_0012,1.4626557645025406
china_u010,china_opencpop_0026,0.5965105394485927
china_u010,china_opencpop_0005,1.9481492596354026
china_u010,china_opencpop_0027,1.4723968656543394
china_u010,china_opencpop_0018,1.2787334673719748
china_u010,italy_0075,0.5769971501706843
china_u010,italy_0037,1.6510361692617863
china_u010,italy_0022,0.9832597740547512
china_u010,italy_0066,1.3714851575824476
china_u010,italy_0012,0.6516551110970036
china_u010,italy_0052,1.7480919998803939
china_u010,italy_0001,0.6908963784594718
china_u010,italy_0000,0.719381690414312
china_u010,russia_0022,1.6096268617529137
china_u010,russia_0068,1.681986704591607
china_u010,russia_0060,0.7363990001564569
china_u010,russia_0023,1.0842311990360176
china_u010,russia_0010,1.4402181211598204
china_u010,russia_0038,1.6357937406445824
china_u011,china_ctis_0000,1.4754712198572337
china_u011,china_ctis_0031,1.38301870615068
china_u011,china_ctis_0047,1.0225337237490715
china_u011,china_ctis_0058,0.6529236268067605
china_u011,china_ctis_0026,1.405572562062834
china_u011,china_ctis_0003,2.2298482996714246
china_u011,china_ctis_0028,1.700595621298344
china_u011,china_ctis_0032,1.4297488101843665
china_u011,china_ctis_0005,0.7659438277010878
china_u011,china_ctis_0048,1.010452601198038
china_u011,china_ctis_0045,1.0834850630160862
china_u011,china_ctis_0037,1.894286128247479
china_u011,china_ctis_0024,2.0873261252814683
china_u011,china_ctis_0022,2.130332197402106
china_u011,china_ctis_0001,2.2733808492325505
china_u011,china_ctis_0040,2.2695825283553184
china_u011,china_ctis_0056,2.2189235040247675
china_u011,china_ctis_0012,0.6988931923674755
china_u011,china_ctis_0054,0.812693849475464
china_u011,china_ctis_0029,1.1002047581711567
china_u011,china_ctis_0027,1.528749488261196
china_u011,china_ctis_0046,0.7422868580169517
china_u011,china_ctis_0063,2.0339997522086954
china_u011,china_ctis_0036,1.638904408908358
china_u011,india_saraga_0039,1.1821919431079768
china_u011,india_saraga_0035,0.6731702865458431
china_u011,india_saraga_0038,0.7918948904402664
china_u011,india_saraga_0042,0.6664212337260483
china_u011,india_saraga_0083,1.6001097630229784
china_u011,india_saraga_0047,1.2387076110826447
china_u011,india_saraga_0020,1.442424727151505
china_u011,india_saraga_0006,0.8496443649285348
china_u011,turkey_modern_0014,0.9511910600691741
china_u011,turkey_modern_0035,0.9965542019758208
china_u011,turkey_modern_0003,1.476020211854447
china_u011,turkey_modern_0113,1.4926765333606669
china_u011,turkey_modern_0137,0.7291982621439428
china_u011,turkey_modern_0105,1.7210774565964337
china_u011,turkey_modern_0070,0.6128847055489766
china_u011,turkey_modern_0029,1.659764811271901
china_u012,china_opencpop_0012,2.280341724946269
china_u012,china_opencpop_0015,1.9865810735141634
china_u012,china_opencpop_0039,1.8542852414618636
china_u012,china_opencpop_0037,1.3836097873490678
china_u012,china_opencpop_0045,0.8387130356679295
china_u012,china_opencpop_0024,2.1631486055219042
china_u012,china_opencpop_0006,1.16389269123348
china_u012,china_opencpop_0009,0.6614340397272107
china_u012,china_opencpop_0032,1.1656463424983343
china_u012,china_opencpop_0033,1.9454383776054003
china_u012,china_opencpop_0034,1.6491725851046588
china_u012,china_opencpop_0016,1.8701965586848828
china_u012,china_opencpop_0047,1.9440210371626008
china_u012,china_opencpop_0002,0.9406217041139359
china_u012,china_opencpop_0005,2.168526220260736
china_u012,china_opencpop_0027,1.3305320650376427
china_u012,china_opencpop_0046,1.6772985449806839
china_u012,china_opencpop_0041,0.57898263271213
china_u012,china_opencpop_0004,2.288560659759282
china_u012,china_opencpop_0044,1.0595462657881676
china_u012,china_opencpop_0007,0.6820588587817678
china_u012,china_opencpop_0018,1.3655020216504863
china_u012,china_opencpop_0013,0.7975768486390219
china_u012,china_opencpop_0020,0.837763575021818
china_u012,france_0064,1.3035817975907837
china_u012,france_0098,0.9804519786198149
china_u012,france_0019,1.6945008077092434
china_u012,france_0011,0.8808612677208946
china_u012,france_0049,1.4303431733182665
china_u012,france_0002,1.0724842307091254
china_u012,france_0096,1.3409342565245264
china_u012,france_0081,1.259588731566587
china_u012,italy_0005,1.0882583632246474
china_u012,italy_0006,1.7325824777429901
china_u012,italy_0008,0.9126634177191905
china_u012,italy_0027,0.6892679266865179
china_u012,italy_0099,1.3654269821877683
china_u012,italy_0096,1.5921102077656768
china_u012,italy_0079,0.5043425489188971
china_u012,italy_0002,1.057004129370619
china_u013,china_opencpop_0013,1.6273543329803748
china_u013,china_opencpop_0021,1.0150594560222317
china_u013,china_opencpop_0007,1.65394982067654
china_u013,china_opencpop_0041,1.1278472538945779
china_u013,china_opencpop_0037,2.258821473943196
china_u013,china_opencpop_0033,1.2644413331572735
china_u013,china_opencpop_0047,1.7573628183127494
china_u013,china_opencpop_0026,0.6150675795481584
china_u013,china_opencpop_0016,1.265105994582453
china_u013,china_opencpop_0046,2.0845606329813324
china_u013,china_opencpop_0024,1.627642341647349
china_u013,china_opencpop_0035,1.3408014790330591
china_u013,china_opencpop_0027,2.189492186526627
china_u013,china_opencpop_0015,2.04812304885397
china_u013,china_opencpop_0038,1.1308220373445683
china_u013,china_opencpop_0045,1.5143459935213106
china_u013,china_opencpop_0006,1.419946841759498
china_u013,china_opencpop_0028,1.6655493126981373
china_u013,china_opencpop_0005,1.1513419355038532
china_u013,china_opencpop_0012,0.9962536263211571
china_u013,china_opencpop_0029,2.1493589158157995
china_u013,china_opencpop_0023,2.1686835116349235
china_u013,china_opencpop_0034,2.0297319779394134
china_u013,china_opencpop_0010,2.262402643068868
china_u013,russia_0053,1.4557385598025796
china_u013,russia_0063,1.4823007585586996
china_u013,russia_0064,1.479496624149565
china_u013,russia_0043,1.0988203017721139
china_u013,russia_0041,1.0662104625942668
china_u013,russia_0011,0.7743054728011544
china_u013,russia_0054,1.3205059123850422
china_u013,russia_0014,0.8405821837381516
china_u013,modern_english_pop_0015,0.7980413530981785
china_u013,modern_english_pop_0088,1.241047855029674
china_u013,modern_english_pop_0107,1.0034762241038084
china_u013,modern_english_pop_0078,0.7454564218727535
china_u013,modern_english_pop_0032,1.551675622616322
china_u013,modern_english_pop_0115,1.6117693910474076
china_u013,modern_english_pop_0108,0.6763943515650043
china_u013,modern_english_pop_0031,0.4601344942799998
china_u014,china_opencpop_0038,1.9916231068812833
china_u014,china_opencpop_0028,1.2937488466187932
china_u014,china_opencpop_0019,1.1296663018655515
china_u014,china_opencpop_0011,1.8667158449256696
china_u014,china_opencpop_0047,1.957396773378697
china_u014,china_opencpop_0003,1.4224190950251066
china_u014,china_opencpop_0016,2.1154785087001224
china_u014,china_opencpop_0001,0.823242500735513
china_u014,china_opencpop_0014,2.091393644911706
china_u014,china_opencpop_0044,0.740764276876495
china_u014,china_opencpop_0048,0.8398315255442089
china_u014,china_opencpop_0024,1.4958740228975815
china_u014,china_opencpop_0034,0.6914693783232909
china_u014,china_opencpop_0004,0.6660922499151903
china_u014,china_opencpop_0007,0.5758948336858419
china_u014,china_opencpop_0033,1.3276462379726037
china_u014,china_opencpop_0018,1.9112261952290963
china_u014,china_opencpop_0021,0.6350961542328545
china_u014,china_opencpop_0049,1.7001443711536004
china_u014,china_opencpop_0037,1.9948946225429216
china_u014,china_opencpop_0006,0.8648014637968275
china_u014,china_opencpop_0046,0.8283399425669222
china_u014,china_opencpop_0023,2.0598816794954247
china_u014,china_opencpop_0041,1.9948899521639132
china_u014,great_britain_0053,1.1775713844566524
china_u014,great_britain_0007,1.5559198370468736
china_u014,great_britain_0100,0.575220704523068
china_u014,great_britain_0061,0.9825500492173185
china_u014,great_britain_0098,1.4460267007436034
china_u014,great_britain_0103,0.7975601450873505
china_u014,great_britain_0089,1.4656440344852963
china_u014,great_britain_0019,1.1306411159275986
china_u014,indonesia_gamelan_0015,1.4628590837301145
china_u014,indonesia_gamelan_0023,1.077317511107395
china_u014,indonesia_gamelan_0002,0.9466708592994538
china_u014,indonesia_gamelan_0022,0.7459054422461536
china_u014,indonesia_gamelan_0048,0.7313121109372703
china_u014,indonesia_gamelan_0011,1.4645125942713846
china_u014,indonesia_gamelan_0009,0.6105289698458467
china_u014,indonesia_gamelan_0014,0.5660761726497759
china_u015,china_jingju_0033,0.9411780645002815
china_u015,china_jingju_0071,2.118032333564897
china_u015,china_jingju_0000,1.6898515665692644
china_u015,china_jingju_0019,0.8716316070913643
china_u015,china_jingju_0005,2.110705334145742
china_u015,china_jingju_0074,1.3856739969956613
china_u015,china_jingju_0024,1.3962582802706898
china_u015,china_jingju_0060,2.18880985312858
china_u015,china_jingju_0013,0.6776145440162614
china_u015,china_jingju_0063,0.9461825237345394
china_u015,china_jingju_0049,1.585455535891896
china_u015,china_jingju_0057,0.912214229028957
china_u015,china_jingju_0066,1.7471840908854521
china_u015,china_jingju_0030,0.9443091991058422
china_u015,china_jingju_0008,0.7460457742829546
china_u015,china_jingju_0041,0.9320494003804486
china_u015,china_jingju_0002,1.3042162091193072
china_u015,china_jingju_0052,0.8788385660735627
china_u015,china_jingju_0011,0.8073437429927741
china_u015,china_jingju_0080,2.0589862537276726
china_u015,china_jingju_0068,1.127685176205356
china_u015,china_jingju_0055,1.1973087342439874
china_u015,china_jingju_0044,0.6703414563896175
china_u015,china_jingju_0022,1.1914626005410431
china_u015,germany_0027,0.8074896893841326
china_u015,germany_0070,1.2741548409114145
china_u015,germany_0031,0.7272769018577491
china_u015,germany_0013,1.6492933616348349
china_u015,germany_0048,1.7050499382413995
china_u015,great_britain_0022,0.5847719271886668
china_u015,great_britain_0061,0.5949939909895793
china_u015,great_britain_0013,0.6056906914498338
china_u015,great_britain_0094,1.2864184960189213
china_u015,great_britain_0053,0.614658101682991
china_u015,great_britain_0100,1.6007161292058594
china_u015,great_britain_0024,1.468266545166155
china_u015,great_britain_0019,1.5567419586213327
china_u016,china_opencpop_0041,1.246191827375588
china_u016,china_opencpop_0049,0.9450797276662477
china_u016,china_opencpop_0010,1.5456099082416288
china_u016,china_opencpop_0023,1.8783057107666619
china_u016,china_opencpop_0040,1.0190535750457654
china_u016,china_opencpop_0036,2.001212546318459
china_u016,china_opencpop_0015,2.17494588285321
china_u016,china_opencpop_0030,1.605505562652375
china_u016,china_opencpop_0026,1.7289347117604745
china_u016,china_opencpop_0021,0.6656935833072705
china_u016,china_opencpop_0047,2.2060218120127884
china_u016,china_opencpop_0012,1.252036166607028
china_u016,china_opencpop_0038,2.1687281909408664
china_u016,china_opencpop_0014,1.5737362301941684
china_u016,china_opencpop_0006,0.58296742800474
china_u016,china_opencpop_0031,0.6414849488329266
china_u016,china_opencpop_0024,1.7487224397806154
china_u016,china_opencpop_0001,1.5456023238600844
china_u016,china_opencpop_0013,0.6207684541804781
china_u016,china_opencpop_0034,1.8574684331086146
china_u016,china_opencpop_0042,2.044950706444338
china_u016,china_opencpop_0033,1.4313201572078067
china_u016,china_opencpop_0022,1.3784315846162647
china_u016,china_opencpop_0003,0.5844411127397324
china_u016,indonesia_gamelan_0040,1.511977111866359
china_u016,indonesia_gamelan_0030,0.8964666901072424
china_u016,indonesia_gamelan_0021,1.6363308867064283
china_u016,indonesia_gamelan_0038,0.9536317932033717
china_u016,indonesia_gamelan_0048,1.2128551793514526
china_u016,indonesia_gamelan_0042,0.8149614140690922
china_u016,indonesia_gamelan_0018,0.6667942219896403
china_u016,indonesia_gamelan_0046,1.4961256695647929
china_u016,italy_0103,1.1203971464424802
china_u016,italy_0043,1.1742586970655384
china_u016,italy_0101,1.753311537200343
china_u016,italy_0102,1.7508328814999075
china_u016,italy_0027,1.605116864298245
china_u016,italy_0078,0.7032725452327953
china_u016,italy_0004,1.252268137307133
china_u016,italy_0033,1.6354990232849755
china_u017,china_ctis_0053,0.636925578362694
china_u017,china_ctis_0047,1.4971862959739997
china_u017,china_ctis_0026,2.2888616694573116
china_u017,china_ctis_0048,2.228770482301586
china_u017,china_ctis_0021,0.6446886697527314
china_u017,china_ctis_0011,1.7924998312608669
china_u017,china_ctis_0022,1.0955443950522055
china_u017,china_ctis_0013,2.1326562896255856
china_u017,china_ctis_0050,0.6528229363485054
china_u017,china_ctis_0052,2.1893828259691137
china_u017,china_ctis_0060,2.019645658033915
china_u017,china_ctis_0020,0.7776950593857376
china_u017,china_ctis_0023,0.678196981872341
china_u017,china_ctis_0007,2.0148707209639642
china_u017,china_ctis_0004,0.8436819824311493
china_u017,china_ctis_0006,1.4976993138833767
china_u017,china_ctis_0036,2.1546598798407737
china_u017,china_ctis_0062,1.5538479958725826
china_u017,china_ctis_0016,1.2602274450406215
china_u017,china_ctis_0034,1.3426526946231363
china_u017,china_ctis_0059,0.6838771194641774
china_u017,china_ctis_0018,2.246097754348758
china_u017,china_ctis_0030,1.1108784692648677
china_u017,china_ctis_0057,0.9016520231356728
china_u017,germany_0058,0.8361638574845337
china_u017,germany_0100,1.7519038131034965
china_u017,germany_0104,0.5772861722088095
china_u017,germany_0091,1.620859104676595
china_u017,germany_0095,1.4055892574419546
china_u017,germany_0085,1.570525891864688
china_u017,germany_0096,1.76746167949666
china_u017,germany_0080,1.586908784947777
china_u017,great_britain_0017,1.7235661742251014
china_u017,great_britain_0004,0.6213625966677417
china_u017,great_britain_0006,1.5243145629754096
china_u017,great_britain_0040,1.1866621870094145
china_u017,great_britain_0050,1.183719053357812
china_u017,great_britain_0082,1.6635441280326935
china_u017,great_britain_0044,1.7619351551730602
china_u017,great_britain_0054,1.4015317361082942
china_u018,china_ctis_0053,0.8903451289934345
china_u018,china_ctis_0059,1.1282663551947039
china_u018,china_ctis_0004,1.701756001664362
china_u018,china_ctis_0060,1.735672105831441
china_u018,china_ctis_0009,1.3249605632456045
china_u018,china_ctis_0002,0.9694136645921477
china_u018,china_ctis_0051,1.8202891946593664
china_u018,china_ctis_0037,0.866305996781933
china_u018,china_ctis_0012,2.190755218467343
china_u018,china_ctis_0042,0.8991336738379222
china_u018,china_ctis_0010,0.7601138258860978
china_u018,china_ctis_0016,1.4334422865802783
china_u018,china_ctis_0019,1.4712230567392222
china_u018,china_ctis_0011,1.451632777992472
china_u018,china_ctis_0039,1.3282514191094978
china_u018,china_ctis_0024,2.291055690131074
china_u018,china_ctis_0030,1.4138340568567538
china_u018,china_ctis_0036,1.3994578517762082
china_u018,china_ctis_0005,1.302546458182618
china_u018,china_ctis_0055,0.6902744268600235
china_u018,china_ctis_0049,1.5978501887330876
china_u018,china_ctis_0062,0.9682444070849897
china_u018,china_ctis_0018,1.674875490895111
china_u018,china_ctis_0045,0.662687721861123
china_u018,indonesia_fma_0011,1.7748725866915522
china_u018,indonesia_fma_0007,1.0831568566671075
china_u018,indonesia_fma_0003,1.6606197516474428
china_u018,indonesia_fma_0016,1.092007583864462
china_u018,indonesia_fma_0014,0.5314466050751994
china_u018,indonesia_fma_0010,1.5599882872266393
china_u018,indonesia_fma_0019,1.3250480350506315
china_u018,indonesia_fma_0018,1.5053720142248261
china_u018,modern_english_pop_0010,1.028029315736979
china_u018,modern_english_pop_0014,1.3112146047329707
china_u018,modern_english_pop_0012,1.60590915512542
china_u018,modern_english_pop_0052,1.301938347877048
china_u018,modern_english_pop_0039,0.9193594070284695
china_u018,modern_english_pop_0026,1.3444149523943698
china_u018,modern_english_pop_0048,1.357003154628991
china_u018,modern_english_pop_0055,1.7467923993839438
china_u019,china_ctis_0024,0.8792133693207071
china_u019,china_ctis_0037,1.3814108305142863
china_u019,china_ctis_0011,1.2513035386666396
china_u019,china_ctis_0017,0.9905992758146885
china_u019,china_ctis_0007,1.8718217234230978
china_u019,china_ctis_0063,1.1163856818925904
china_u019,china_ctis_0027,1.0455874695015666
china_u019,china_ctis_0050,0.800785820717104
china_u019,china_ctis_0031,1.3319674356083613
china_u019,china_ctis_0022,1.0976139847443458
china_u019,china_ctis_0058,1.2119956513131709
china_u019,china_ctis_0064,0.9820952780204533
china_u019,china_ctis_0019,1.891443219939328
china_u019,china_ctis_0057,2.179255774186887
china_u019,china_ctis_0002,1.433932446060831
china_u019,china_ctis_0016,1.684172280262936
china_u019,china_ctis_0023,2.0708721771465677
china_u019,china_ctis_0046,2.297981124400561
china_u019,china_ctis_0056,1.6333159361589604
china_u019,china_ctis_0006,2.1098695797812734
china_u019,china_ctis_0014,2.1423492253084824
china_u019,china_ctis_0035,1.9402538164681484
china_u019,china_ctis_0040,1.370106649601115
china_u019,china_ctis_0047,0.7149906507312263
china_u019,italy_0077,0.4713374998441808
china_u019,italy_0075,1.0942208549319483
china_u019,italy_0050,1.1173246202717342
china_u019,italy_0021,0.9999392236150125
china_u019,italy_0038,1.217025924243342
china_u019,italy_0047,1.1954196494609766
china_u019,italy_0034,1.5794276053941354
china_u019,italy_0066,0.5966870894040543
china_u019,india_saraga_0011,0.7539898492424865
china_u019,india_saraga_0079,1.520556721595501
china_u019,india_saraga_0042,1.5945797707519336
china_u019,india_saraga_0088,1.7930126883881714
china_u019,india_saraga_0061,1.6284312221225636
china_u019,india_saraga_0024,1.651363659547647
china_u019,india_saraga_0081,0.8743697225503715
china_u019,india_saraga_0049,0.9922432059126581
china_u020,china_ctis_0041,0.9425542618382791
china_u020,china_ctis_0025,0.5824274630267456
china_u020,china_ctis_0043,1.5602636995461532
china_u020,china_ctis_0010,2.289784157480353
china_u020,china_ctis_0046,0.6416614344513758
china_u020,china_ctis_0030,0.9337966771470945
china_u020,china_ctis_0026,1.4701277582902201
china_u020,china_ctis_0054,1.9721477703674017
china_u020,china_ctis_0053,0.7285974587544667
china_u020,china_ctis_0060,1.2567797777340926
china_u020,china_ctis_0008,1.8637057560865535
china_u020,china_ctis_0014,1.2159120345009737
china_u020,china_ctis_0000,0.9007428253204771
china_u020,china_ctis_0027,0.9122303022591131
china_u020,china_ctis_0011,1.2823341574283649
china_u020,china_ctis_0003,1.401994454040162
china_u020,china_ctis_0035,2.0616298707326237
china_u020,china_ctis_0051,1.6828854220297886
china_u020,china_ctis_0024,1.7659433715392399
china_u020,china_ctis_0055,2.2706528708994393
china_u020,china_ctis_0064,1.2854299345191798
china_u020,china_ctis_0019,1.2707863456047461
china_u020,china_ctis_0045,2.1677735193270258
china_u020,china_ctis_0015,0.9991353875837261
china_u020,italy_0009,1.4352505825088702
china_u020,italy_0046,1.468673736594482
china_u020,italy_0030,0.5820137965513482
china_u020,great_britain_0008,1.0821123976863385
china_u020,great_britain_0084,0.720759336284098
china_u020,great_britain_0093,0.7002566182833557
china_u020,great_britain_0018,1.076167949124883
china_u020,great_britain_0068,0.8407301051358878
china_u021,china_opencpop_0012,1.5800615025675773
china_u021,china_opencpop_0000,1.2565506697701117
china_u021,china_opencpop_0049,1.9323876330012975
china_u021,china_opencpop_0009,2.1501902193489335
china_u021,china_opencpop_0022,1.0006007172520879
china_u021,china_opencpop_0016,1.8455025505357565
china_u021,china_opencpop_0037,1.744501445640202
china_u021,china_opencpop_0003,1.4773311112568182
china_u021,china_opencpop_0048,0.9002146534329264
china_u021,china_opencpop_0008,1.9467756460551737
china_u021,china_opencpop_0018,2.2320803427097364
china_u021,china_opencpop_0014,1.820167673102983
china_u021,china_opencpop_0035,2.158308494179391
china_u021,china_opencpop_0045,2.2727195820352994
china_u021,china_opencpop_0020,1.182287413062686
china_u021,china_opencpop_0001,1.6759356287979312
china_u021,china_opencpop_0041,1.3925339724256842
china_u021,china_opencpop_0033,2.276934588339072
china_u021,china_opencpop_0030,0.7368184964133254
china_u021,china_opencpop_0007,1.2863467271627125
china_u021,china_opencpop_0017,2.0853048518094823
china_u021,china_opencpop_0004,1.064988510658239
china_u021,china_opencpop_0038,1.9339426673520552
china_u021,china_opencpop_0028,1.235300955795941
china_u021,modern_english_pop_0012,1.7729710288517135
china_u021,modern_english_pop_0068,1.6427652791720053
china_u021,modern_english_pop_0091,0.8567824828445307
china_u021,modern_english_pop_0115,1.4897607032761044
china_u021,modern_english_pop_0085,0.9047563341749127
china_u021,modern_english_pop_0014,1.2685898342909723
china_u021,modern_english_pop_0111,1.338949037330944
china_u021,modern_english_pop_0018,1.5699538022657016
china_u021,germany_0078,0.48300863519072007
china_u021,germany_0030,0.7472131530556045
china_u021,germany_0022,1.4110890442945814
china_u021,germany_0028,1.2107563699088755
china_u021,germany_0056,1.119066855571543
china_u021,germany_0021,0.5245334415557736
china_u021,germany_0057,0.9201724426729659
china_u021,germany_0024,1.6178853130793753
china_u022,china_jingju_0000,1.5759143738815768
china_u022,china_jingju_0027,1.9108696778820984
china_u022,china_jingju_0022,1.6633232134078297
china_u022,china_jingju_0074,2.096751996317435
china_u022,china_jingju_0060,1.6763564853941773
china_u022,china_jingju_0080,1.4756657852579351
china_u022,china_jingju_0055,1.804493221738242
china_u022,china_jingju_0077,1.3467524968413889
china_u022,china_jingju_0008,1.1719600945106674
china_u022,china_jingju_0016,1.3817004804766164
china_u022,china_jingju_0011,0.8677568312950171
china_u022,china_jingju_0063,1.9490862339096426
china_u022,china_jingju_0033,1.0247140228045044
china_u022,china_jingju_0049,0.8398419174314068
china_u022,china_jingju_0046,0.9999576170760662
china_u022,china_jingju_0030,2.0275710118071135
china_u022,china_jingju_0044,1.1445972349060864
china_u022,china_jingju_0019,1.7584360248976776
china_u022,china_jingju_0052,2.05230661288115
china_u022,china_jingju_0038,0.7091095504456976
china_u022,china_jingju_0057,1.894667098932124
china_u022,china_jingju_0035,1.1057229295038267
china_u022,china_jingju_0005,0.9486735782174737
china_u022,china_jingju_0041,1.7633550054813767
china_u022,russia_0098,1.6782254406898656
china_u022,russia_0103,0.8482759317617339
china_u022,russia_0002,1.2179256372688307
china_u022,russia_0078,0.8412760536968136
china_u022,russia_0028,1.1982855407306778
china_u022,russia_0009,1.2895137413833597
china_u022,russia_0050,1.2739527748667427
china_u022,russia_0056,1.291787599017707
china_u022,france_0002,0.6323577194936575
china_u022,france_0058,1.3862796339420715
china_u022,france_0066,1.3609129811133014
china_u022,france_0081,1.3714939649927922
china_u022,france_0090,0.5499952461972536
china_u022,france_0098,1.053232437259106
china_u022,france_0049,1.0021974282617352
china_u022,france_0011,0.5670605029183189
china_u023,china_jingju_0063,1.8853842652285306
china_u023,china_jingju_0044,0.9729214911905547
china_u023,china_jingju_0068,2.1374909462770986
china_u023,china_jingju_0008,1.4378616450655322
china_u023,china_jingju_0074,1.879260679804671
china_u023,china_jingju_0071,2.0407845801671165
china_u023,china_jingju_0019,2.297979353897038
china_u023,china_jingju_0080,0.9613062731495778
china_u023,china_jingju_0038,1.0698894133969594
china_u023,china_jingju_0052,1.0069970746125072
china_u023,china_jingju_0033,1.028453047975625
china_u023,china_jingju_0027,1.579717179155426
china_u023,china_jingju_0005,2.288826352426579
china_u023,china_jingju_0049,2.2832297002350015
china_u023,china_jingju_0002,1.4836838240999808
china_u023,china_jingju_0066,1.6773219377065622
china_u023,china_jingju_0046,2.05844918788527
china_u023,china_jingju_0000,2.1843102158322965
china_u023,china_jingju_0035,0.9266595821434631
china_u023,china_jingju_0016,1.4867344824257311
china_u023,china_jingju_0022,2.0116439192911084
china_u023,china_jingju_0060,1.0980235821946704
china_u023,china_jingju_0041,1.333670598278805
china_u023,china_jingju_0055,2.275196400108214
china_u023,great_britain_0090,1.7798130405731758
china_u023,great_britain_0104,1.6732441945329952
china_u023,great_britain_0038,1.5279052655178778
china_u023,great_britain_0001,0.8133261759757878
china_u023,great_britain_0034,0.883147599990703
china_u023,great_britain_0014,1.1888318356265808
china_u023,great_britain_0031,1.2070494556587164
china_u023,great_britain_0030,1.1324288061320404
china_u023,russia_0023,1.3095048778870133
china_u023,russia_0010,1.0012360805545348
china_u023,russia_0038,1.4613851123759694
china_u023,russia_0060,0.9002924007457797
china_u023,russia_0068,0.896413945877576
china_u023,russia_0022,0.6217550485539678
france_u000,france_0079,1.713476271309022
france_u000,france_0070,1.825309018375856
france_u000,france_0024,1.6090112448003882
france_u000,france_0077,2.2191809553491066
france_u000,france_0000,1.4272597163165652
france_u000,france_0103,1.0929690484458583
france_u000,france_0095,1.3982267697082489
france_u000,france_0071,1.1954243565749039
france_u000,france_0047,0.9621174148638338
france_u000,france_0023,0.6542866051117415
france_u000,france_0102,1.1825665513998391
france_u000,france_0021,1.8021811247993051
france_u000,france_0029,0.6068052099597092
france_u000,india_saraga_0010,1.042890992828012
france_u000,india_saraga_0058,1.3194126919573224
france_u000,india_saraga_0056,1.2740455473853147
france_u000,india_saraga_0016,1.4984753884497664
france_u000,india_saraga_0103,1.5442016161407268
france_u000,india_saraga_0002,1.4108028582411736
france_u000,india_saraga_0082,0.5887768897954118
france_u000,india_saraga_0089,1.091280299405887
france_u000,germany_0087,1.2645980426082717
france_u000,germany_0000,0.7815141523927597
france_u000,germany_0080,0.5074449538231484
france_u000,germany_0091,0.7518469331826634
france_u000,germany_0088,1.0641074423390626
france_u000,germany_0035,1.0088059307237112
france_u000,germany_0095,0.6885004247916682
france_u000,germany_0093,1.5629609826227153
france_u001,france_0052,2.1735065919402112
france_u001,france_0076,1.0198671657799447
france_u001,france_0089,1.7702983687605998
france_u001,france_0025,2.278114269426073
france_u001,france_0093,0.8347820454941809
france_u001,france_0005,0.7274939514586632
france_u001,france_0027,1.7379867069673078
france_u001,france_0104,1.1610445098670772
france_u001,france_0014,0.6978967234573695
france_u001,france_0084,1.394902190849217
france_u001,france_0007,1.8752544223858236
france_u001,france_0072,1.0668361407162006
france_u001,france_0057,1.1529558636963575
france_u001,france_0075,2.033831466116027
france_u001,france_0010,1.4721240486510667
france_u001,france_0040,2.028712646191164
france_u001,france_0086,1.3450218739478987
france_u001,france_0054,2.2188821536911782
france_u001,france_0036,1.6976206672630958
france_u001,france_0041,0.7749255426757052
france_u001,france_0056,2.101785404691231
france_u001,france_0088,1.418982454183126
france_u001,france_0061,0.8193272197532611
france_u001,france_0009,0.8383904808764506
france_u001,india_saraga_0031,1.378170812398327
france_u001,india_saraga_0039,0.5139528840848113
france_u001,india_saraga_0076,0.8369015826336479
france_u001,india_saraga_0002,0.6387132471343219
france_u001,india_saraga_0013,1.0454545299833338
france_u001,india_saraga_0104,1.009377592192388
france_u001,india_saraga_0099,1.1545331868299555
france_u001,india_saraga_0094,0.8275090442884159
france_u001,russia_0066,0.49325884566053924
france_u001,russia_0048,1.2794212438225008
france_u001,russia_0016,0.9545193038911743
france_u001,russia_0044,1.3293022482990626
france_u001,russia_0047,0.5967004105857624
france_u001,russia_0019,0.46859942964696794
france_u001,russia_0020,0.7851972346451452
france_u002,france_0086,1.4445102388238502
france_u002,france_0061,0.7314605465051959
france_u002,france_0009,1.3058050829497936
france_u002,france_0084,2.179432020706464
france_u002,france_0025,1.4416624140133685
france_u002,france_0075,2.2502081368590154
france_u002,france_0010,1.0214914742345143
france_u002,france_0104,1.4453405384892917
france_u002,france_0028,2.057690615871086
france_u002,france_0041,1.348235311605208
france_u002,france_0052,1.057115719408577
france_u002,france_0036,2.050695001895846
france_u002,france_0014,1.2475593338052504
france_u002,france_0040,1.4904976770789036
france_u002,france_0007,2.259509189566126
france_u002,france_0056,0.8966836834538652
france_u002,france_0089,1.0949160983423203
france_u002,france_0088,0.6285950601204738
france_u002,france_0076,1.250920049594841
france_u002,france_0072,0.9203164177588826
france_u002,france_0027,1.7480602635786124
france_u002,france_0057,0.8877795163710952
france_u002,france_0093,1.739051997900125
france_u002,france_0005,1.0294951136265729
france_u002,indonesia_gamelan_0049,0.9295440760636198
france_u002,indonesia_gamelan_0005,0.9209618802626366
france_u002,indonesia_gamelan_0000,1.4176148627208727
france_u002,indonesia_gamelan_0052,1.0797875052367631
france_u002,indonesia_gamelan_0016,0.9377535134511221
france_u002,indonesia_gamelan_0004,1.6010406707032574
france_u002,indonesia_gamelan_0009,1.2221333446156237
france_u002,indonesia_gamelan_0024,0.738671608725297
france_u002,great_britain_0093,1.6651232254939716
france_u002,great_britain_0018,0.9125778996454148
france_u002,great_britain_0084,0.5026221596753826
france_u002,great_britain_0068,1.1177103023655115
france_u002,great_britain_0008,0.617316373495185
france_u003,france_0058,1.1597883525399664
france_u003,france_0090,1.1406686990904644
france_u003,france_0011,0.7297864541036583
france_u003,france_0098,0.6184785337926297
france_u003,france_0002,0.9236471677699047
france_u003,france_0096,1.8802202622936612
france_u003,france_0017,2.2841468455756853
france_u003,france_0019,2.176707651973892
france_u003,france_0081,1.4447783883026508
france_u003,france_0064,1.4923961512169366
france_u003,france_0066,1.1176532065868283
france_u003,france_0049,1.9100455316499567
france_u003,russia_0047,1.4824215287090756
france_u003,russia_0020,1.5897676827363
france_u003,russia_0066,1.658931179215794
france_u003,russia_0019,1.0363714851041494
france_u003,russia_0044,1.4852820169447167
france_u003,russia_0048,1.5386382838744361
france_u003,russia_0016,0.8664204903719627
france_u003,great_britain_0052,1.7044770294083025
france_u003,great_britain_0042,0.5773610285635349
france_u003,great_britain_0048,1.7922633918704318
france_u003,great_britain_0067,1.4896224695144737
france_u003,great_britain_0047,0.5759157221878418
france_u003,great_britain_0035,1.3359100249417508
france_u003,great_britain_0062,0.4961422047531512
france_u003,great_britain_0046,1.489752381749647
france_u004,france_0055,1.9286454859685809
france_u004,france_0099,2.2440979698456394
france_u004,france_0034,2.0207855570822746
france_u004,france_0087,0.8201292720940836
france_u004,france_0038,1.4831436563453986
france_u004,france_0020,0.8682129490627304
france_u004,france_0067,1.9864421832820187
france_u004,france_0037,1.5826797073411851
france_u004,france_0048,1.0294500672656623
france_u004,france_0008,2.1785582267123704
france_u004,modern_english_pop_0105,0.605501171974252
france_u004,modern_english_pop_0031,1.211214244686274
france_u004,modern_english_pop_0100,1.4234047488000794
france_u004,modern_english_pop_0005,0.529445525398783
france_u004,modern_english_pop_0051,1.2571056448283748
france_u004,modern_english_pop_0116,1.5514666408751772
france_u004,modern_english_pop_0021,0.541161874464372
france_u004,modern_english_pop_0109,1.1415280109939465
france_u004,russia_0018,0.7990521905007991
france_u004,russia_0031,1.344948009574843
france_u004,russia_0014,0.6102144455564406
france_u004,russia_0011,1.7150194314051845
france_u004,russia_0065,1.657883585314888
france_u004,russia_0042,0.7010654668322074
france_u004,russia_0003,0.8864089438928913
france_u004,russia_0046,1.243307215781608
france_u005,france_0026,1.1272776713401995
france_u005,france_0044,1.2103936832559434
france_u005,france_0032,1.5016228183637619
france_u005,france_0035,1.0870981375002897
france_u005,france_0073,0.6795880302767238
france_u005,france_0031,1.2113152067721369
france_u005,france_0043,1.0140975677320616
france_u005,france_0046,1.2407142277740455
france_u005,france_0045,0.9147552110195452
france_u005,france_0039,1.0267712461241687
france_u005,france_0100,1.6564927872456634
france_u005,france_0068,1.244565364647162
france_u005,france_0030,1.1707863532173737
france_u005,france_0074,1.495987216446093
france_u005,france_0078,1.9064594329557718
france_u005,modern_english_pop_0103,0.9614717410697422
france_u005,modern_english_pop_0065,1.2431513149503848
france_u005,modern_english_pop_0084,1.7543735442470378
france_u005,modern_english_pop_0051,1.1546731540593684
france_u005,modern_english_pop_0106,1.678226728298685
france_u005,modern_english_pop_0022,1.5214580427461764
france_u005,modern_english_pop_0035,0.5292702202277021
france_u005,modern_english_pop_0047,1.0292834764834968
france_u005,great_britain_0032,1.392729850622594
france_u005,great_britain_0037,1.78206108180507
france_u005,great_britain_0014,1.068807993068042
france_u005,great_britain_0096,0.5752603630710983
france_u005,great_britain_0028,1.2087123858623716
france_u005,great_britain_0041,0.6208611193673464
france_u005,great_britain_0101,1.464551406377181
france_u005,great_britain_0091,1.1353639465734
france_u006,france_0033,2.2913912448835725
france_u006,france_0022,0.7108321750480321
france_u006,france_0101,1.2385789903408138
france_u006,france_0053,0.8867181876977462
france_u006,france_0063,1.1824078175215456
france_u006,france_0062,1.0708909569960294
france_u006,france_0060,0.8760765520562097
france_u006,france_0006,1.8930311921517258
france_u006,france_0083,1.4310980813804317
france_u006,france_0001,2.160698629324714
france_u006,france_0018,0.6312219646011
france_u006,france_0012,0.6905370726526826
france_u006,france_0092,1.2706469305548436
france_u006,france_0051,0.7134783776969639
france_u006,france_0065,1.0282085538155876
france_u006,france_0097,2.2759013068071754
france_u006,france_0013,0.9354553229109592
france_u006,france_0003,0.9167531039358564
france_u006,france_0015,1.564530153672598
france_u006,france_0016,1.4340470516181953
france_u006,france_0069,1.5762560626749074
france_u006,france_0080,1.2248683549097428
france_u006,france_0042,2.0011650708187836
france_u006,france_0094,0.8140514512382483
france_u006,italy_0025,1.0283300718859787
france_u006,italy_0103,1.3811784953995174
france_u006,italy_0081,1.6221191943819147
france_u006,italy_0004,0.9489216685816229
france_u006,italy_0003,1.2164565587765663
france_u006,italy_0092,0.543338925759803
france_u006,italy_0045,0.679930768950969
france_u006,italy_0104,0.5433365193292545
france_u006,russia_0034,1.4326392041980045
france_u006,russia_0095,0.8388809577748899
france_u006,russia_0071,1.427056141758981
france_u006,russia_0072,0.5396376767084207
france_u006,russia_0036,1.6144395305512393
france_u006,russia_0057,1.5779657674499739
france_u006,russia_0073,0.5700538031178816
france_u006,russia_0008,0.4820712837172018
france_u007,france_0073,0.8347860252317801
france_u007,france_0044,0.5898647685557222
france_u007,france_0074,0.6565068345274367
france_u007,france_0078,1.8898835758235575
france_u007,france_0035,2.2778964227719216
france_u007,france_0045,0.6524185562715771
france_u007,france_0032,1.8654224044128147
france_u007,france_0031,0.6989622360756561
france_u007,france_0026,1.5964291229588252
france_u007,france_0068,1.8792298621887102
france_u007,france_0046,1.1946275852868473
france_u007,france_0043,0.5938623939158948
france_u007,france_0030,1.6017016324163593
france_u007,france_0039,2.2848969835415476
france_u007,france_0100,1.0193900543964052
france_u007,russia_0058,0.7058132242027414
france_u007,russia_0006,0.6172999552172452
france_u007,russia_0086,1.1995950868650758
france_u007,russia_0059,1.255200884136369
france_u007,russia_0037,1.519565630180043
france_u007,russia_0077,1.466648919387688
france_u007,russia_0070,1.6549310179733676
france_u007,russia_0091,1.5377931427621068
france_u007,china_opencpop_0016,0.78381056215725
france_u007,china_opencpop_0010,1.2004344965822775
france_u007,china_opencpop_0041,0.851506144776333
france_u007,china_opencpop_0030,0.8952102623945283
france_u007,china_opencpop_0006,1.708124898460495
france_u007,china_opencpop_0001,1.3705594718405492
france_u007,china_opencpop_0037,1.765697057888993
france_u007,china_opencpop_0046,1.012831924570305
france_u008,france_0019,0.9241491071439899
france_u008,france_0081,1.5055301336960718
france_u008,france_0017,1.4053725602763605
france_u008,france_0049,1.5609578782740898
france_u008,france_0098,0.6596527323243709
france_u008,france_0066,1.2723768871700245
france_u008,france_0058,1.580637502063092
france_u008,france_0064,1.5844550810010605
france_u008,france_0096,1.7089010840504442
france_u008,france_0002,1.8173726500295948
france_u008,france_0011,1.6816689257629773
france_u008,france_0090,1.9381694430467753
france_u008,germany_0079,1.2934268568241987
france_u008,germany_0101,1.175635344425226
france_u008,germany_0072,1.2683651789985448
france_u008,germany_0090,0.5866110451169987
france_u008,germany_0059,0.818761329979452
france_u008,germany_0033,1.1619897038884772
france_u008,germany_0092,1.6285327407923045
france_u008,germany_0003,1.3667196009887908
france_u008,indonesia_fma_0017,0.5720509059370618
france_u008,indonesia_fma_0012,1.249571183099946
france_u008,indonesia_fma_0002,0.7493462833100837
france_u008,indonesia_fma_0010,1.440922355714776
france_u008,indonesia_fma_0003,1.5670451508868086
france_u008,indonesia_fma_0000,1.251165967996464
france_u008,indonesia_fma_0013,1.2483395231648082
france_u008,indonesia_fma_0015,0.907098448334599
france_u009,france_0042,1.2990952582453588
france_u009,france_0012,0.781048551977008
france_u009,france_0018,0.7418987496728905
france_u009,france_0062,0.9764629530164233
france_u009,france_0013,2.0182052875512886
france_u009,france_0097,0.826560718769048
france_u009,france_0016,0.9660551745528759
france_u009,france_0006,1.521359252330808
france_u009,france_0080,0.9461013511850233
france_u009,france_0004,0.8565315311381827
france_u009,france_0050,1.5467205169289846
france_u009,france_0091,1.2099608924691616
france_u009,france_0085,1.6551247680748093
france_u009,france_0001,2.1485542122049663
france_u009,france_0101,0.8354631517254917
france_u009,france_0063,2.150673063177535
france_u009,france_0092,2.1317951938045345
france_u009,france_0065,2.005176081254432
france_u009,france_0069,1.6639682073529967
france_u009,france_0051,1.6447529841280693
france_u009,france_0094,1.677641838390465
france_u009,france_0022,1.7661048258507277
france_u009,france_0015,0.6034317960283708
france_u009,france_0053,2.2277096990521206
france_u009,italy_0067,1.2405650779785327
france_u009,italy_0070,1.5049788831932693
france_u009,italy_0028,0.9593304827328403
france_u009,italy_0053,0.46673623878632453
france_u009,italy_0066,1.1381417908331992
france_u009,italy_0051,1.134706661076504
france_u009,italy_0071,1.03993553922046
france_u009,italy_0058,0.9086180231188036
france_u009,indonesia_fma_0013,0.7872652185431248
france_u009,indonesia_fma_0017,1.1621855805711967
france_u009,indonesia_fma_0000,0.9566254885862172
france_u009,indonesia_fma_0003,1.7594080421172418
france_u009,indonesia_fma_0011,0.6834518654853574
france_u009,indonesia_fma_0015,0.8815485162965674
france_u009,indonesia_fma_0010,0.8468466357481709
france_u009,indonesia_fma_0019,1.1834673879185418
france_u010,france_0019,0.6198800211264582
france_u010,france_0011,2.017444570402162
france_u010,france_0098,0.7073772358154776
france_u010,france_0017,0.9107336650184908
france_u010,france_0096,0.5817174025074537
france_u010,france_0064,1.34306781704967
france_u010,france_0081,1.1517696660875014
france_u010,france_0049,0.8613377723151221
france_u010,france_0066,1.3531305273867382
france_u010,france_0002,1.269089773472017
france_u010,france_0090,1.8992152814053291
france_u010,france_0058,2.1156497779708054
france_u010,india_saraga_0033,1.3309657898855607
france_u010,india_saraga_0010,0.6179540247808072
france_u010,india_saraga_0004,0.8487775728582984
france_u010,india_saraga_0061,1.6829797007235778
france_u010,india_saraga_0077,0.5697915655606504
france_u010,india_saraga_0068,0.9992553831776159
france_u010,india_saraga_0050,1.7223812359651998
france_u010,india_saraga_0041,1.7333975359838056
france_u010,china_ctis_0044,1.0051242890160048
france_u010,china_ctis_0040,1.3509857989333764
france_u010,china_ctis_0037,1.0666065577778987
france_u010,china_ctis_0050,1.4671717282390613
france_u010,china_ctis_0034,0.49263479643554803
france_u010,china_ctis_0010,0.644612151043834
france_u010,china_ctis_0022,1.279168384783859
france_u010,china_ctis_0028,0.7639455542981358
france_u011,france_0044,0.9172106116606359
france_u011,france_0032,1.8111742553546148
france_u011,france_0026,1.885974144830863
france_u011,france_0030,1.5666490974978415
france_u011,france_0035,2.063547996797079
france_u011,france_0078,1.0770618579773712
france_u011,france_0074,2.095789706643939
france_u011,france_0100,1.8332330428087997
france_u011,france_0045,1.952843452889037
france_u011,france_0068,1.721399998934617
france_u011,france_0046,2.034941704307697
france_u011,france_0043,2.288095538187922
france_u011,france_0073,1.2997809240550016
france_u011,france_0039,1.9790045543990087
france_u011,france_0031,1.8594000851686077
france_u011,italy_0087,1.0613747237112243
france_u011,italy_0086,1.701381149638891
france_u011,italy_0088,0.9824750049230028
france_u011,italy_0084,1.2133789869729206
france_u011,italy_0035,0.5930221819377982
france_u011,italy_0083,0.7547965119894594
france_u011,italy_0010,1.5849398302205768
france_u011,italy_0080,0.985346175818944
france_u011,modern_english_pop_0082,0.9820135207105986
france_u011,modern_english_pop_0061,0.7820743745573374
france_u011,modern_english_pop_0073,1.1136739513015634
france_u011,modern_english_pop_0056,1.5378528978233403
france_u011,modern_english_pop_0022,1.6584715589945485
france_u011,modern_english_pop_0102,0.5446544832596483
france_u011,modern_english_pop_0094,1.2260079871741558
france_u011,modern_english_pop_0063,1.0808190466546517
france_u012,france_0011,2.0841177141889062
france_u012,france_0058,0.8611189012727665
france_u012,france_0081,1.9889104286981563
france_u012,france_0019,0.6304577065484682
france_u012,france_0098,1.253445749381306
france_u012,france_0064,2.077015068973315
france_u012,france_0049,1.7630975670108615
france_u012,france_0017,1.4939772371578397
france_u012,france_0002,1.2440654432675204
france_u012,france_0096,1.9762122326612432
france_u012,france_0066,1.7989882468106808
france_u012,france_0090,1.3829991763370364
france_u012,italy_0046,1.6548538552330407
france_u012,italy_0030,0.7604298240551537
france_u012,italy_0009,0.6800285373641436
france_u012,indonesia_gamelan_0008,1.3177850818503352
france_u012,indonesia_gamelan_0034,1.7621923626473899
france_u012,indonesia_gamelan_0013,0.78379637396414
france_u012,indonesia_gamelan_0017,0.7870550115606657
france_u012,indonesia_gamelan_0028,0.6383234447489564
france_u012,indonesia_gamelan_0037,1.6117607996194034
france_u012,indonesia_gamelan_0026,0.755636679555301
france_u012,indonesia_gamelan_0011,1.1292910110785985
france_u013,france_0046,1.4323695847251567
france_u013,france_0045,0.6318146253546717
france_u013,france_0044,0.963637909399525
france_u013,france_0031,1.8239211350180007
france_u013,france_0026,2.0194865000768587
france_u013,france_0039,0.714354752792723
france_u013,france_0043,2.0965840487807297
france_u013,france_0035,1.9507171769917337
france_u013,france_0078,2.075205410094515
france_u013,france_0074,1.7797892566484985
france_u013,france_0030,1.737914041082089
france_u013,france_0032,1.48078582751989
france_u013,france_0068,1.7010579622475184
france_u013,france_0100,2.1604641713773938
france_u013,france_0073,0.748400452443822
france_u013,turkey_modern_0087,0.8762820450922231
france_u013,turkey_modern_0039,0.5478142143544269
france_u013,turkey_modern_0068,1.725486982124452
france_u013,turkey_modern_0048,1.0511083790991738
france_u013,turkey_modern_0119,1.3617150354128542
france_u013,turkey_modern_0080,1.585512087080834
france_u013,turkey_modern_0079,1.7878503349032595
france_u013,turkey_modern_0004,0.6684063180195587
france_u013,indonesia_gamelan_0014,1.5293420177196089
france_u013,indonesia_gamelan_0041,1.6480209124845941
france_u013,indonesia_gamelan_0047,0.5159817587486821
france_u013,indonesia_gamelan_0011,1.4680222562505243
france_u013,indonesia_gamelan_0004,0.9288791836153429
france_u013,indonesia_gamelan_0009,1.3256056684850834
france_u013,indonesia_gamelan_0027,1.1439650646524673
france_u013,indonesia_gamelan_0042,0.8006520403169598
france_u014,france_0025,1.746525760557091
france_u014,france_0010,0.6682436875420835
france_u014,france_0061,2.223859421475896
france_u014,france_0086,2.266806632141907
france_u014,france_0072,1.8499037350533114
france_u014,france_0028,1.3774915134471635
france_u014,france_0084,0.9544886828395257
france_u014,france_0007,1.9765906869277392
france_u014,france_0075,1.8452108175786133
france_u014,france_0014,0.9578707182426371
france_u014,france_0056,1.3533463824212832
france_u014,france_0088,1.3733281677339542
france_u014,france_0040,2.000558198702923
france_u014,france_0036,1.7546320804762818
france_u014,france_0104,1.6844640126065948
france_u014,france_0057,1.6959523039216553
france_u014,france_0052,1.041560886934776
france_u014,france_0041,1.216201923205946
france_u014,france_0054,0.6537674423783181
france_u014,france_0005,1.9324734592759132
france_u014,france_0089,1.3219219211679287
france_u014,france_0076,1.3309611659760643
france_u014,france_0093,0.998239557010506
france_u014,france_0009,0.9362620605175148
france_u014,indonesia_fma_0015,1.2435596049181894
france_u014,indonesia_fma_0004,0.7639465705249623
france_u014,indonesia_fma_0009,0.536681949613377
france_u014,indonesia_fma_0010,1.4861350115742127
france_u014,indonesia_fma_0017,0.9582337364485939
france_u014,indonesia_fma_0003,0.963318038264061
france_u014,indonesia_fma_0013,1.0322796800463183
france_u014,indonesia_fma_0019,1.5503105116009266
france_u014,germany_0089,0.8831298095187531
france_u014,germany_0042,1.4733488851980787
france_u014,germany_0101,1.7183855350523833
france_u014,germany_0034,1.3421720644984794
france_u014,germany_0036,1.0327694595889834
france_u014,germany_0002,1.4595161262479974
france_u014,germany_0039,1.0681614491643705
france_u014,germany_0098,1.0094768159959902
france_u015,france_0011,1.5209860946598885
france_u015,france_0066,0.9576451962513192
france_u015,france_0098,0.6167956358010839
france_u015,france_0081,2.1988579046911756
france_u015,france_0090,0.7618315090510146
france_u015,france_0058,0.7938313402339614
france_u015,france_0049,0.8277932757299923
france_u015,france_0064,2.2677020038883953
france_u015,france_0002,1.6404639142932431
france_u015,france_0017,1.627750166689142
france_u015,france_0096,2.2770543976194633
france_u015,france_0019,0.7275568769987795
france_u015,indonesia_fma_0001,1.7655762049320904
france_u015,indonesia_fma_0007,0.7254177478479552
france_u015,indonesia_fma_0004,1.291146529808748
france_u015,indonesia_fma_0016,1.0171128131587688
france_u015,indonesia_fma_0012,0.9683349481941906
france_u015,indonesia_fma_0002,1.7071784934472745
france_u015,indonesia_fma_0003,0.6514574333943463
france_u015,indonesia_fma_0013,1.7960431649529287
france_u015,italy_0030,0.9618188324735906
france_u015,italy_0046,1.3258461202495484
france_u015,italy_0009,1.7566740875025362
france_u016,france_0027,2.2270211288266046
france_u016,france_0075,2.0848829842977135
france_u016,france_0093,0.83992182048488
france_u016,france_0076,1.9147879667025256
france_u016,france_0036,0.8302084254506271
france_u016,france_0084,2.1505824088196244
france_u016,france_0028,1.4683405430282979
france_u016,france_0072,1.1552573768978192
france_u016,france_0104,0.8458689829014825
france_u016,france_0054,0.595370677108783
france_u016,france_0014,1.0027085606150261
france_u016,france_0025,2.1516846091602626
france_u016,france_0061,1.9502772816695924
france_u016,france_0088,2.247894145869991
france_u016,france_0040,0.7488136239343685
france_u016,france_0089,1.5965083325472795
france_u016,france_0007,1.0185845677030896
france_u016,france_0052,1.5115744424574027
france_u016,france_0056,1.12778467759696
france_u016,france_0009,1.0639780741697915
france_u016,france_0010,1.5648831459924304
france_u016,france_0086,0.8912238292249569
france_u016,france_0005,1.3842551787769013
france_u016,france_0057,1.6976511572009598
france_u016,china_ctis_0048,0.6230457987967855
france_u016,china_ctis_0040,1.7063022656838205
france_u016,china_ctis_0047,1.1327283442630685
france_u016,china_ctis_0055,1.556362762043862
france_u016,china_ctis_0052,1.3327723313384356
france_u016,china_ctis_0020,1.4085012706504365
france_u016,china_ctis_0041,1.4167767703403313
france_u016,china_ctis_0029,1.631384861032988
france_u016,india_saraga_0104,1.2783673373133477
france_u016,india_saraga_0018,0.825593154823876
france_u016,india_saraga_0013,0.5843380178683671
france_u016,india_saraga_0085,1.268438336257691
france_u016,india_saraga_0099,0.5395762850902845
france_u016,india_saraga_0071,0.7757461597808658
france_u016,india_saraga_0105,0.5319546992125808
france_u016,india_saraga_0022,1.1909982451588657
france_u017,france_0044,1.25335648184115
france_u017,france_0100,1.8555238296230574
france_u017,france_0068,1.3930684529587918
france_u017,france_0046,1.5595102955574247
france_u017,france_0078,1.1169171819351404
france_u017,france_0032,0.8187239857252484
france_u017,france_0035,1.0354605444175817
france_u017,france_0043,2.0579485196424274
france_u017,france_0039,1.6141692597146329
france_u017,france_0026,1.227030461265228
france_u017,france_0045,1.9375878184938884
france_u017,france_0074,0.6861890709847176
france_u017,france_0073,1.0129621266661153
france_u017,france_0031,0.9719279407489102
france_u017,france_0030,2.274753869740183
france_u017,germany_0053,1.4032330862302265
france_u017,germany_0051,1.2840110141245482
france_u017,germany_0020,0.4567297031475384
france_u017,germany_0010,0.6988185028213074
france_u017,germany_0018,1.3079807455136558
france_u017,germany_0049,0.9626210907502487
france_u017,germany_0047,1.6977785179667322
france_u017,germany_0008,1.4823776958413732
france_u017,turkey_modern_0041,1.053968498285562
france_u017,turkey_modern_0101,1.4618452196766651
france_u017,turkey_modern_0077,1.7667958371653991
france_u017,turkey_modern_0065,1.0723241133469852
france_u017,turkey_modern_0069,1.31740994864952
france_u017,turkey_modern_0109,1.6901972303327486
france_u017,turkey_modern_0106,0.7857107937488339
france_u017,turkey_modern_0130,1.6468531834494757
france_u018,france_0066,1.0360919286982797
france_u018,france_0090,0.9578676337461909
france_u018,france_0019,0.7714900145628131
france_u018,france_0002,1.7123169879558808
france_u018,france_0081,1.922085259528095
france_u018,france_0064,1.8876438896668313
france_u018,france_0049,1.1205750256440805
france_u018,france_0011,0.9290732420524739
france_u018,france_0098,1.357484457834223
france_u018,france_0058,1.5182532189148805
france_u018,france_0017,2.160425295745758
france_u018,france_0096,2.0840699411227432
france_u018,india_saraga_0007,1.6866787472574674
france_u018,india_saraga_0038,1.5978542199335724
france_u018,india_saraga_0096,1.7521846259890201
france_u018,india_saraga_0043,1.0784249961782275
france_u018,india_saraga_0089,0.5140892215346774
france_u018,india_saraga_0046,0.5628087434004456
france_u018,india_saraga_0070,0.9768727913926633
france_u018,india_saraga_0032,0.7978775732185462
france_u018,china_ctis_0032,0.6794197983374409
france_u018,china_ctis_0004,1.7368250955866755
france_u018,china_ctis_0063,0.7138164443543403
france_u018,china_ctis_0006,1.745162017625562
france_u018,china_ctis_0055,1.4771324344336296
france_u018,china_ctis_0048,1.3152766573690517
france_u018,china_ctis_0044,1.3626255961206608
france_u018,china_ctis_0000,0.8974903369398174
france_u019,france_0048,1.7633473387807403
france_u019,france_0020,2.203308792112979
france_u019,france_0034,1.3112224473710525
france_u019,france_0038,2.1294066651849173
france_u019,france_0087,0.7445961196921161
france_u019,france_0099,0.6491019072229868
france_u019,france_0067,1.8193613137113738
france_u019,france_0037,1.8877622133930814
france_u019,france_0008,2.0292754656659207
france_u019,france_0055,0.6730104952399679
france_u019,india_saraga_0017,1.498824524191721
france_u019,india_saraga_0027,0.9583272892753855
france_u019,india_saraga_0028,0.8595058041209681
france_u019,india_saraga_0081,0.6835822938134508
france_u019,india_saraga_0035,1.7946212693884116
france_u019,india_saraga_0068,0.535945845580466
france_u019,india_saraga_0102,1.5664608197207992
france_u019,india_saraga_0098,1.3133174879122123
france_u019,italy_0030,1.4423585997535207
france_u019,italy_0046,1.4108181118944254
france_u019,italy_0009,1.6088865548487965
france_u020,france_0017,1.7445699309463483
france_u020,france_0058,0.6443132127841112
france_u020,france_0096,2.0705846614776307
france_u020,france_0049,1.2040700509034237
france_u020,france_0064,0.582527247112884
france_u020,france_0011,1.4499789562924152
france_u020,france_0019,2.191350876511555
france_u020,france_0081,1.018895435411346
france_u020,france_0066,1.4228602235161487
france_u020,france_0098,0.8747651314246239
france_u020,france_0090,0.6745198586246092
france_u020,france_0002,0.7139400330801202
france_u020,india_saraga_0074,1.4314647230478297
france_u020,india_saraga_0107,1.6165005355019013
france_u020,india_saraga_0008,0.643453432990863
france_u020,india_saraga_0005,0.8392300665441328
france_u020,india_saraga_0063,0.7132897813205169
france_u020,india_saraga_0006,0.4862552988506777
france_u020,india_saraga_0095,1.197132349347428
france_u020,india_saraga_0014,1.3948949296858244
france_u020,germany_0070,1.3246345991948452
france_u020,germany_0048,0.9738722888580342
france_u020,germany_0027,1.1992638320188724
france_u020,germany_0031,0.5770340639589033
france_u020,germany_0013,0.658310020275624
france_u021,france_0036,1.1877274582031132
france_u021,france_0075,1.130589045860662
france_u021,france_0072,2.124482017932298
france_u021,france_0009,1.5461161970526824
france_u021,france_0007,2.1605508256599624
france_u021,france_0093,1.0923704625531196
france_u021,france_0027,0.7730898133951118
france_u021,france_0086,1.5344768309492012
france_u021,france_0010,1.1710513108377802
france_u021,france_0040,1.9582892877715408
france_u021,france_0056,2.092005380372611
france_u021,france_0084,1.3901893063146986
france_u021,france_0088,2.2505943165475015
france_u021,france_0054,1.5289474359441
france_u021,france_0005,1.042337678591389
france_u021,france_0041,1.4184827639688733
france_u021,france_0028,0.6393602543950501
france_u021,france_0025,1.9619020014537913
france_u021,france_0089,0.749975462723876
france_u021,france_0076,1.1075911426676834
france_u021,france_0014,1.5501710435835272
france_u021,france_0061,0.6491320917409005
france_u021,france_0057,0.7118216510879981
france_u021,france_0104,1.775800716882447
france_u021,russia_0038,0.5468990756320378
france_u021,russia_0010,1.0940618694339583
france_u021,russia_0060,0.907239105118013
france_u021,russia_0023,0.7579072007411622
france_u021,russia_0068,0.7048515121159484
france_u021,russia_0022,1.4806052465389823
france_u021,indonesia_fma_0010,1.7345819607528816
france_u021,indonesia_fma_0009,0.6392426519744978
france_u021,indonesia_fma_0006,1.7455696458850714
france_u021,indonesia_fma_0015,1.25292937969139
france_u021,indonesia_fma_0001,1.316241547240397
france_u021,indonesia_fma_0018,1.4084006104924855
france_u021,indonesia_fma_0005,1.4005605019786844
france_u021,indonesia_fma_0003,1.5567449960506792
france_u022,france_0081,1.8147396833453047
france_u022,france_0017,0.6567025089412717
france_u022,france_0049,0.6817524478691193
france_u022,france_0090,0.6189901978313412
france_u022,france_0064,1.609342601659699
france_u022,france_0019,0.6984487626068668
france_u022,france_0002,2.1850949155575052
france_u022,france_0058,2.191163781539119
france_u022,france_0066,1.5169432651404375
france_u022,france_0096,1.638702156658015
france_u022,france_0098,1.0785178426310558
france_u022,france_0011,0.6853526356542714
france_u022,india_saraga_0076,1.445571601008951
france_u022,india_saraga_0077,0.5874110848111737
france_u022,india_saraga_0062,0.5655028153748307
france_u022,india_saraga_0013,0.8701511974257021
france_u022,india_saraga_0047,0.4668286407811408
france_u022,india_saraga_0044,1.0359480812710267
france_u022,india_saraga_0036,1.4053692286081034
france_u022,india_saraga_0065,1.5318210574196176
france_u022,turkey_modern_0108,1.2658148601285437
france_u022,turkey_modern_0003,1.593280174203782
france_u022,turkey_modern_0070,0.998777975085599
france_u022,turkey_modern_0019,1.5958423148316434
france_u022,turkey_modern_0072,1.1337389691728121
france_u022,turkey_modern_0137,0.7510987727976987
france_u022,turkey_modern_0125,1.7245966229916292
france_u022,turkey_modern_0020,0.8212106796801072
france_u023,france_0048,1.7255097321468755
france_u023,france_0008,1.123660653762472
france_u023,france_0055,1.1722199354978826
france_u023,france_0067,1.584379992331248
france_u023,france_0037,1.603846007111702
france_u023,france_0099,1.1178573510240546
france_u023,france_0020,1.1447983529626085
france_u023,france_0038,1.7722276477461034
france_u023,france_0087,1.69178366946122
france_u023,france_0034,0.8079626380726113
france_u023,turkey_modern_0027,1.0454065375617814
france_u023,turkey_modern_0101,1.6551532062592968
france_u023,turkey_modern_0123,0.4990126627410416
france_u023,turkey_modern_0119,1.6044713277536884
france_u023,turkey_modern_0073,0.6702905120365938
france_u023,turkey_modern_0099,1.1347856538233165
france_u023,turkey_modern_0066,1.0228541790460655
france_u023,turkey_modern_0014,0.46367460541096944
france_u023,china_opencpop_0022,1.6857858650710031
france_u023,china_opencpop_0046,1.0641490569013128
france_u023,china_opencpop_0005,1.7382621736268302
france_u023,china_opencpop_0015,0.8371042663219441
france_u023,china_opencpop_0009,1.6194722941115627
france_u023,china_opencpop_0001,1.6952259248941013
france_u023,china_opencpop_0024,1.2017237621005539
france_u023,china_opencpop_0040,0.7236150136214187
germany_u000,germany_0002,0.7239704385152541
germany_u000,germany_0059,2.090364468058079
germany_u000,germany_0039,2.169399834981575
germany_u000,germany_0034,1.992282661344671
germany_u000,germany_0092,1.545361008304063
germany_u000,germany_0089,1.5368575696914097
germany_u000,germany_0005,2.273447724636604
germany_u000,germany_0029,1.0026304149587904
germany_u000,germany_0007,0.706010931186483
germany_u000,germany_0042,1.5443480932120315
germany_u000,germany_0090,1.1421551562224281
germany_u000,germany_0079,1.1310343830938763
germany_u000,germany_0003,0.5872222359431604
germany_u000,germany_0050,1.6035129814701843
germany_u000,germany_0101,1.0304581364254342
germany_u000,germany_0038,0.8990559956323747
germany_u000,germany_0036,0.6447450816529313
germany_u000,germany_0062,1.2035237194204293
germany_u000,germany_0098,2.091221304866639
germany_u000,germany_0004,1.1557571431054672
germany_u000,germany_0072,1.746403012456299
germany_u000,germany_0060,1.8800435118682899
germany_u000,germany_0041,1.1409738958530942
germany_u000,germany_0064,1.992330267895771
germany_u000,indonesia_gamelan_0027,1.3840375405503813
germany_u000,indonesia_gamelan_0028,1.2049770087462846
germany_u000,indonesia_gamelan_0031,0.451339826468349
germany_u000,indonesia_gamelan_0002,0.497372533995791
germany_u000,indonesia_gamelan_0054,1.7876688895431856
germany_u000,indonesia_gamelan_0048,1.506083296729805
germany_u000,indonesia_gamelan_0026,1.7157130993434784
germany_u000,indonesia_gamelan_0006,1.6681093266393372
germany_u000,modern_english_pop_0098,0.47759802724271366
germany_u000,modern_english_pop_0059,1.5189938412179498
germany_u000,modern_english_pop_0101,1.0590467544150588
germany_u000,modern_english_pop_0006,1.5159035754008852
germany_u000,modern_english_pop_0041,0.45906630862056996
germany_u000,modern_english_pop_0080,0.8390690566207618
germany_u000,modern_english_pop_0033,1.464287097318258
germany_u000,modern_english_pop_0007,1.5205780646121463
germany_u001,germany_0013,0.9349131986590971
germany_u001,germany_0031,1.4346960936126005
germany_u001,germany_0027,1.5897632566937752
germany_u001,germany_0048,0.5792744307283648
germany_u001,germany_0070,2.0515353277036015
germany_u001,italy_0018,1.2735330864006313
germany_u001,italy_0056,0.6243340477925744
germany_u001,italy_0064,1.5520820479773667
germany_u001,italy_0020,1.4180269046947351
germany_u001,italy_0060,1.47370438367591
germany_u001,italy_0055,0.9792573235135058
germany_u001,italy_0032,1.6031733840382394
germany_u001,italy_0063,1.008937235878689
germany_u001,china_ctis_0052,1.2201873564765484
germany_u001,china_ctis_0057,0.45086710999482954
germany_u001,china_ctis_0020,1.320578704815114
germany_u001,china_ctis_0016,1.4195373193727145
germany_u001,china_ctis_0043,1.2155976434098696
germany_u001,china_ctis_0026,1.1203544030088817
germany_u001,china_ctis_0036,1.5434142395108061
germany_u001,china_ctis_0005,1.3698531681730766
germany_u002,germany_0002,2.064851518002726
germany_u002,germany_0060,1.529267639402683
germany_u002,germany_0092,1.16846411524704
germany_u002,germany_0062,1.470665029897311
germany_u002,germany_0033,1.0795067907913225
germany_u002,germany_0072,1.9534603485588955
germany_u002,germany_0034,1.4345315487753192
germany_u002,germany_0003,2.172077758563602
germany_u002,germany_0039,1.6491425690141754
germany_u002,germany_0036,1.4622008496228287
germany_u002,germany_0090,1.80159463561145
germany_u002,germany_0089,1.444284363642154
germany_u002,germany_0029,2.135273454473546
germany_u002,germany_0101,0.8931692825298011
germany_u002,germany_0098,2.254026479461687
germany_u002,germany_0004,1.976028701943306
germany_u002,germany_0042,2.0597650492169
germany_u002,germany_0007,1.4080160108400976
germany_u002,germany_0079,2.0191726726073553
germany_u002,germany_0041,1.104185294170679
germany_u002,germany_0064,1.889360608023202
germany_u002,germany_0038,0.8172765232210639
germany_u002,germany_0059,1.1046645550353273
germany_u002,germany_0005,1.343888844295539
germany_u002,india_saraga_0063,0.8851316194936195
germany_u002,india_saraga_0082,0.9724731060926478
germany_u002,india_saraga_0030,1.5571414054579924
germany_u002,india_saraga_0104,0.7965124543919262
germany_u002,india_saraga_0024,1.4561295824086726
germany_u002,india_saraga_0107,0.54951129330073
germany_u002,india_saraga_0071,1.4837477951453322
germany_u002,india_saraga_0076,1.5192313778201936
germany_u002,great_britain_0061,0.9922933469283508
germany_u002,great_britain_0083,1.425345061276085
germany_u002,great_britain_0100,1.6854368450558839
germany_u002,great_britain_0024,1.5309625142986114
germany_u002,great_britain_0013,0.9771027890358958
germany_u002,great_britain_0098,1.103688244278087
germany_u002,great_britain_0103,1.5021326854608374
germany_u002,great_britain_0019,0.8450026962963169
germany_u003,germany_0030,0.8505488566491732
germany_u003,germany_0023,1.128007507726088
germany_u003,germany_0021,2.2383875690145865
germany_u003,germany_0028,1.6476246381816615
germany_u003,germany_0032,1.0537066810236762
germany_u003,germany_0025,1.352828835854629
germany_u003,germany_0057,2.016259989568465
germany_u003,germany_0022,1.7280651594674592
germany_u003,germany_0078,1.542126150257815
germany_u003,germany_0024,2.1019059621933756
germany_u003,germany_0056,1.7349582620739632
germany_u003,germany_0037,1.6837087856146395
germany_u003,russia_0020,0.706186985234537
germany_u003,russia_0066,0.5936247220667504
germany_u003,russia_0047,1.7529418580274887
germany_u003,russia_0048,1.2584587996354761
germany_u003,russia_0019,1.0111726023476793
germany_u003,russia_0016,1.2451781082287936
germany_u003,russia_0044,0.5334461474468157
germany_u003,india_saraga_0023,1.5598718197705443
germany_u003,india_saraga_0066,0.7424714730118536
germany_u003,india_saraga_0041,1.5361371085292284
germany_u003,india_saraga_0036,1.1714108984058744
germany_u003,india_saraga_0068,0.8233722184368187
germany_u003,india_saraga_0034,0.4907834301267952
germany_u003,india_saraga_0055,1.5513750296909177
germany_u003,india_saraga_0025,0.688221190983564
germany_u004,germany_0081,0.8932134827089577
germany_u004,germany_0103,0.7381079798943585
germany_u004,germany_0000,1.1753224503075967
germany_u004,germany_0080,2.217693190524299
germany_u004,germany_0100,1.636108892730027
germany_u004,germany_0094,1.2329326439950066
germany_u004,germany_0099,0.6421211658355208
germany_u004,germany_0084,1.610471410399616
germany_u004,germany_0088,0.7341444306135176
germany_u004,germany_0095,1.5108885225569828
germany_u004,germany_0083,1.8721146267687565
germany_u004,germany_0035,1.3056847258085063
germany_u004,germany_0087,1.0914848285585046
germany_u004,germany_0082,0.6567378033353575
germany_u004,germany_0091,0.6177418346537544
germany_u004,germany_0104,1.316795832638524
germany_u004,germany_0096,2.0987705919626194
germany_u004,germany_0058,0.9960082934182534
germany_u004,germany_0026,1.5652457474736416
germany_u004,germany_0086,1.755427538947589
germany_u004,germany_0097,0.6799315214398485
germany_u004,germany_0093,0.8390981482608254
germany_u004,germany_0085,1.1464524686487532
germany_u004,germany_0102,1.7309107254062839
germany_u004,india_saraga_0065,1.0426974015079309
germany_u004,india_saraga_0010,1.4411633420946313
germany_u004,india_saraga_0089,1.6212571185238098
germany_u004,india_saraga_0091,1.473802573408033
germany_u004,india_saraga_0037,1.7895337298728864
germany_u004,india_saraga_0079,1.468387442787727
germany_u004,india_saraga_0038,1.6004419132600582
germany_u004,india_saraga_0059,1.5736945839277512
germany_u004,china_ctis_0060,1.435858779078063
germany_u004,china_ctis_0003,1.5324324524854522
germany_u004,china_ctis_0034,1.7118223576210039
germany_u004,china_ctis_0004,1.091529961010495
germany_u004,china_ctis_0017,1.3116874822819338
germany_u004,china_ctis_0054,1.145168624123243
germany_u004,china_ctis_0018,1.5988999327092985
germany_u004,china_ctis_0055,1.032335463876535
germany_u005,germany_0005,1.9378013518077548
germany_u005,germany_0092,1.4591537741334069
germany_u005,germany_0041,1.1563019175452316
germany_u005,germany_0064,1.7170355679894453
germany_u005,germany_0098,1.6628652572643023
germany_u005,germany_0033,2.196279353917593
germany_u005,germany_0036,2.2331743913909547
germany_u005,germany_0090,1.7491795130228238
germany_u005,germany_0060,1.9857324744961906
germany_u005,germany_0004,1.941933298078183
germany_u005,germany_0059,1.4224985939073271
germany_u005,germany_0062,1.790190546857644
germany_u005,germany_0002,0.7099967882541585
germany_u005,germany_0042,1.8825863684342792
germany_u005,germany_0089,2.234161937406834
germany_u005,germany_0003,0.7215814491418987
germany_u005,germany_0007,2.017299728420949
germany_u005,germany_0038,2.184390545969993
germany_u005,germany_0029,0.9651758349085571
germany_u005,germany_0050,1.4802992986258763
germany_u005,germany_0039,2.175555438923655
germany_u005,germany_0072,2.2313898578021196
germany_u005,germany_0079,0.7955971130077457
germany_u005,germany_0101,1.1770322890831522
germany_u005,modern_english_pop_0089,1.3924952655536564
germany_u005,modern_english_pop_0022,0.7491039741710059
germany_u005,modern_english_pop_0086,0.8884403486565491
germany_u005,modern_english_pop_0018,0.481442931006336
germany_u005,modern_english_pop_0097,0.6572542692571185
germany_u005,modern_english_pop_0009,1.2091448174639543
germany_u005,modern_english_pop_0059,1.3316715895106468
germany_u005,modern_english_pop_0053,1.32603097197938
germany_u005,russia_0011,1.5007866355505926
germany_u005,russia_0054,1.0106299085473684
germany_u005,russia_0064,0.8192124669255599
germany_u005,russia_0063,0.47103394505740875
germany_u005,russia_0003,0.7289502651707224
germany_u005,russia_0013,0.8717235464727503
germany_u005,russia_0039,0.6905792562486285
germany_u005,russia_0046,0.477195036520413
germany_u006,germany_0055,1.7919000963796463
germany_u006,germany_0017,0.9825615708051199
germany_u006,germany_0074,1.063702572597274
germany_u006,germany_0040,1.3064294943207695
germany_u006,germany_0047,1.0540289300490358
germany_u006,germany_0069,1.2076318456541804
germany_u006,germany_0018,1.2494070590263275
germany_u006,germany_0067,1.6166663676186432
germany_u006,germany_0052,0.9543103237179812
germany_u006,germany_0014,1.9624034686372855
germany_u006,germany_0020,1.3297502154308454
germany_u006,germany_0010,1.7932710926536006
germany_u006,germany_0073,0.7154882801404108
germany_u006,germany_0016,1.3856903048645326
germany_u006,germany_0012,0.6236786930058912
germany_u006,germany_0075,1.740944735881849
germany_u006,germany_0008,1.1678998828199447
germany_u006,germany_0015,2.2124611043325544
germany_u006,germany_0051,1.1341142701874483
germany_u006,germany_0045,1.5475651740805787
germany_u006,germany_0065,1.0189935680732103
germany_u006,germany_0053,1.644694284934162
germany_u006,germany_0061,1.3806480539798296
germany_u006,germany_0071,1.2143337510972165
germany_u006,france_0070,0.7249806212582428
germany_u006,france_0029,0.6005538143614647
germany_u006,france_0103,0.6118368308415089
germany_u006,france_0095,1.7987040236324967
germany_u006,france_0102,1.0066194812572669
germany_u006,france_0047,0.45260510562900824
germany_u006,france_0024,1.7364538673451193
germany_u006,france_0023,0.4769728977102471
germany_u006,indonesia_gamelan_0017,1.0150912694986205
germany_u006,indonesia_gamelan_0052,1.4185947410603856
germany_u006,indonesia_gamelan_0013,1.6847089799018782
germany_u006,indonesia_gamelan_0034,1.4123964934333366
germany_u006,indonesia_gamelan_0027,1.075894769115016
germany_u006,indonesia_gamelan_0035,1.7654967526285397
germany_u006,indonesia_gamelan_0044,0.5030811670949151
germany_u006,indonesia_gamelan_0020,1.782304473426311
germany_u007,germany_0050,0.8145186421451812
germany_u007,germany_0101,2.1446416232826206
germany_u007,germany_0033,1.4917135969968207
germany_u007,germany_0005,1.5860386872522818
germany_u007,germany_0003,1.455036855938648
germany_u007,germany_0034,0.6371429642925597
germany_u007,germany_0089,1.4324813916163817
germany_u007,germany_0042,1.0296231681178087
germany_u007,germany_0079,1.166137111151759
germany_u007,germany_0038,1.6947002585978164
germany_u007,germany_0090,1.4335275483428327
germany_u007,germany_0059,0.7358014168513692
germany_u007,germany_0098,0.700996198964034
germany_u007,germany_0092,0.8952595249399637
germany_u007,germany_0036,0.9042768778370858
germany_u007,germany_0029,1.6243188057756042
germany_u007,germany_0004,0.8817299504785613
germany_u007,germany_0039,2.0959660051489792
germany_u007,germany_0002,0.9368371395581376
germany_u007,germany_0060,0.7322017433605099
germany_u007,germany_0062,2.0856618782203906
germany_u007,germany_0072,1.0844400687323643
germany_u007,germany_0064,1.3088540364631942
germany_u007,germany_0007,2.229320512421463
germany_u007,china_jingju_0033,1.7248984458629948
germany_u007,china_jingju_0052,1.4151378005076392
germany_u007,china_jingju_0011,0.5430675848389489
germany_u007,china_jingju_0024,1.2510091693053866
germany_u007,china_jingju_0016,1.7852552123070482
germany_u007,china_jingju_0038,1.7283369083723736
germany_u007,china_jingju_0022,0.593103364901923
germany_u007,china_jingju_0027,0.9845558591719977
germany_u007,russia_0005,0.8759746069688331
germany_u007,russia_0017,0.6251329443216226
germany_u007,russia_0055,1.3879777201858272
germany_u007,russia_0062,0.8196952918863196
germany_u007,russia_0067,0.915568834219152
germany_u007,russia_0012,0.5719844835469143
germany_u007,russia_0033,1.1222562043511985
germany_u007,russia_0025,0.6635266159302763
germany_u008,germany_0046,0.7392779777474475
germany_u008,germany_0076,1.356756087959639
germany_u008,germany_0068,1.1609177500624124
germany_u008,germany_0009,0.8861101698194832
germany_u008,germany_0019,1.8102724493863387
germany_u008,germany_0063,1.191024402921667
germany_u008,germany_0044,2.044472051162789
germany_u008,germany_0006,0.9906856014538773
germany_u008,germany_0066,1.5037287703994275
germany_u008,germany_0011,0.8926401495823397
germany_u008,germany_0054,1.4293935632655772
germany_u008,china_ctis_0014,0.6558297871208214
germany_u008,china_ctis_0036,0.6681311429015546
germany_u008,china_ctis_0003,1.2765015590067212
germany_u008,china_ctis_0013,0.8061111569372851
germany_u008,china_ctis_0000,0.6826957558617339
germany_u008,china_ctis_0005,1.7051871376823486
germany_u008,china_ctis_0035,0.5080543884990689
germany_u008,china_ctis_0026,1.2129499521394478
germany_u008,india_saraga_0092,1.1901561864749082
germany_u008,india_saraga_0048,0.7883219804441307
germany_u008,india_saraga_0103,1.061241855902304
germany_u008,india_saraga_0058,0.5684460071615579
germany_u008,india_saraga_0101,1.4237146969972456
germany_u008,india_saraga_0045,0.7492911503087114
germany_u008,india_saraga_0006,0.7110702357658506
germany_u008,india_saraga_0105,0.875085945674629
germany_u009,germany_0016,1.5860862476750306
germany_u009,germany_0015,0.7798905373398728
germany_u009,germany_0020,1.9362700187738977
germany_u009,germany_0074,1.060268674932448
germany_u009,germany_0045,1.774245569778532
germany_u009,germany_0073,2.1449046878745928
germany_u009,germany_0053,0.8872419924060473
germany_u009,germany_0017,1.2526797715870126
germany_u009,germany_0040,1.6912799094269018
germany_u009,germany_0018,1.2989110725963893
germany_u009,germany_0014,0.8765626743026337
germany_u009,germany_0008,0.6251485344411748
germany_u009,germany_0047,1.2763817978858858
germany_u009,germany_0049,1.6948855708538124
germany_u009,germany_0065,1.565122759063043
germany_u009,germany_0071,0.8445161385871081
germany_u009,germany_0061,1.352446190671242
germany_u009,germany_0055,1.212337554662661
germany_u009,germany_0012,1.0479991439561147
germany_u009,germany_0077,1.8329928956591712
germany_u009,germany_0051,1.109149751796893
germany_u009,germany_0075,1.5067448677744752
germany_u009,germany_0069,2.1675605983400885
germany_u009,germany_0043,1.5052510693874295
germany_u009,india_saraga_0072,1.282980928716757
germany_u009,india_saraga_0033,0.5488820813261944
germany_u009,india_saraga_0019,0.6904810940513441
germany_u009,india_saraga_0046,0.5862841190524533
germany_u009,india_saraga_0100,1.4824974802803843
germany_u009,india_saraga_0008,1.578493459237737
germany_u009,india_saraga_0074,0.70171464581268
germany_u009,india_saraga_0037,0.7460168637461729
germany_u009,turkey_modern_0026,0.8863298408152569
germany_u009,turkey_modern_0121,1.2479547828876778
germany_u009,turkey_modern_0140,1.2894248616300263
germany_u009,turkey_modern_0042,1.3771178440309677
germany_u009,turkey_modern_0063,1.6720102208881746
germany_u009,turkey_modern_0017,0.8483041896703265
germany_u009,turkey_modern_0045,1.339324635429147
germany_u009,turkey_modern_0058,1.2056258417998844
germany_u010,germany_0026,1.3933676774398107
germany_u010,germany_0102,1.0152353518084158
germany_u010,germany_0104,0.6288906887588709
germany_u010,germany_0035,1.765953987643692
germany_u010,germany_0081,1.3255263702142543
germany_u010,germany_0000,1.2920448831186038
germany_u010,germany_0091,1.0062271506991778
germany_u010,germany_0088,1.5027574382715791
germany_u010,germany_0097,1.3305961976920118
germany_u010,germany_0058,1.3926232159751817
germany_u010,germany_0080,1.5770030760527587
germany_u010,germany_0086,0.5859100164885435
germany_u010,germany_0083,2.1407754336037788
germany_u010,germany_0095,0.6976257597302652
germany_u010,germany_0096,1.3528451891200906
germany_u010,germany_0094,0.932718209787933
germany_u010,germany_0087,1.4785245871630348
germany_u010,germany_0103,1.0583969376750626
germany_u010,germany_0085,2.0585112091579916
germany_u010,germany_0082,1.2587207135851748
germany_u010,germany_0100,1.6768533337005544
germany_u010,germany_0099,1.0043175310550911
germany_u010,germany_0084,0.6084756096021802
germany_u010,germany_0093,1.2721665739329011
germany_u010,great_britain_0089,1.1742567609036918
germany_u010,great_britain_0073,1.070388654203363
germany_u010,great_britain_0024,1.748719391155461
germany_u010,great_britain_0083,1.4042328846921384
germany_u010,great_britain_0100,1.7941542308442835
germany_u010,great_britain_0007,0.8483311219238622
germany_u010,great_britain_0053,1.515221927469648
germany_u010,great_britain_0061,1.2000039311879287
germany_u010,turkey_modern_0072,1.2758764785054744
germany_u010,turkey_modern_0111,1.7809018205971425
germany_u010,turkey_modern_0119,1.332882719664008
germany_u010,turkey_modern_0124,1.6634028046548393
germany_u010,turkey_modern_0025,1.4297628168709835
germany_u010,turkey_modern_0017,0.6219712643284125
germany_u010,turkey_modern_0011,1.394222008935122
germany_u010,turkey_modern_0104,1.1038260447254007
germany_u011,germany_0095,0.9517595496312168
germany_u011,germany_0084,2.080494195805359
germany_u011,germany_0080,1.6155280385877153
germany_u011,germany_0104,0.8793894514748516
germany_u011,germany_0085,1.535237466185849
germany_u011,germany_0091,1.0162216271581133
germany_u011,germany_0081,2.2589464910177037
germany_u011,germany_0083,0.6315062222048742
germany_u011,germany_0086,1.8382492782394808
germany_u011,germany_0000,1.908419870180212
germany_u011,germany_0082,0.6908557678270328
germany_u011,germany_0102,0.8714746532990814
germany_u011,germany_0094,1.2379289869543266
germany_u011,germany_0087,2.0725670757626418
germany_u011,germany_0099,1.5013248937719115
germany_u011,germany_0097,1.7054043162625758
germany_u011,germany_0103,1.9256971411630535
germany_u011,germany_0088,2.0035118098822218
germany_u011,germany_0026,1.3965908368193498
germany_u011,germany_0096,1.4526681643842552
germany_u011,germany_0058,1.8135601034764195
germany_u011,germany_0093,1.0292655688189556
germany_u011,germany_0100,2.0489947952305294
germany_u011,germany_0035,0.6108572722208266
germany_u011,india_saraga_0038,0.7142916629831283
germany_u011,india_saraga_0007,1.5302699230992793
germany_u011,india_saraga_0025,0.9093485860551076
germany_u011,india_saraga_0073,0.6522743241346131
germany_u011,india_saraga_0020,0.7021189202103945
germany_u011,india_saraga_0045,1.1665211426136939
germany_u011,india_saraga_0075,1.5923450646157336
germany_u011,india_saraga_0079,0.5453784662909994
germany_u011,turkey_modern_0102,0.4911492273182767
germany_u011,turkey_modern_0028,1.0779769833797381
germany_u011,turkey_modern_0144,1.7408530103224067
germany_u011,turkey_modern_0049,0.8266632346090707
germany_u011,turkey_modern_0011,1.7448802277405153
germany_u011,turkey_modern_0038,1.6483695883965017
germany_u011,turkey_modern_0097,0.83223235312314
germany_u011,turkey_modern_0010,1.5528798867457982
germany_u012,germany_0012,1.8064096817355162
germany_u012,germany_0016,2.2953610308929435
germany_u012,germany_0001,1.1792637778791195
germany_u012,germany_0040,0.59607167352898
germany_u012,germany_0017,0.7917032035766044
germany_u012,germany_0061,1.5298119691024954
germany_u012,germany_0074,1.1688446828245247
germany_u012,germany_0051,2.196469974141112
germany_u012,germany_0047,1.6573445054352356
germany_u012,germany_0053,1.4726126957904322
germany_u012,germany_0067,1.9516181396942323
germany_u012,germany_0071,1.021067527559689
germany_u012,germany_0049,1.9890489819870703
germany_u012,germany_0020,0.5802804058905603
germany_u012,germany_0008,1.6439434496841128
germany_u012,germany_0015,2.1874560855539684
germany_u012,germany_0065,1.9340584172584256
germany_u012,germany_0010,2.0475189814541945
germany_u012,germany_0014,1.2597468491708383
germany_u012,germany_0055,1.9968121820227176
germany_u012,germany_0052,1.5251846221772098
germany_u012,germany_0018,1.641981907968018
germany_u012,germany_0075,0.676628960354261
germany_u012,germany_0073,0.9226766776258263
germany_u012,russia_0026,1.1938019609432962
germany_u012,russia_0024,0.5293814280617218
germany_u012,russia_0027,1.4509531888934128
germany_u012,russia_0049,1.5840769615045671
germany_u012,russia_0021,1.6924891877479866
germany_u012,modern_english_pop_0020,0.587387419892738
germany_u012,modern_english_pop_0066,1.71862233483078
germany_u012,modern_english_pop_0024,0.5412870102995483
germany_u012,modern_english_pop_0093,1.0899758915025508
germany_u012,modern_english_pop_0059,1.584338877847546
germany_u012,modern_english_pop_0047,0.5449200370620149
germany_u012,modern_english_pop_0052,0.4746119485351279
germany_u012,modern_english_pop_0116,0.4836794202539784
germany_u013,germany_0003,1.5936770298103726
germany_u013,germany_0098,0.8677272081172177
germany_u013,germany_0079,1.823201243214866
germany_u013,germany_0007,0.9117917997261814
germany_u013,germany_0005,2.121091798838858
germany_u013,germany_0092,0.6202111400466952
germany_u013,germany_0090,1.4754454926538945
germany_u013,germany_0041,1.1271807211542935
germany_u013,germany_0089,0.9632570069611691
germany_u013,germany_0034,1.38851479405988
germany_u013,germany_0033,2.0274837001593498
germany_u013,germany_0038,2.1538531795334688
germany_u013,germany_0072,1.0981038663050338
germany_u013,germany_0004,0.8410702481139979
germany_u013,germany_0060,1.8172422720518797
germany_u013,germany_0059,1.5789478014115799
germany_u013,germany_0042,0.9217528564687908
germany_u013,germany_0029,1.886510234450828
germany_u013,germany_0101,1.4701550007926933
germany_u013,germany_0036,1.702106719150278
germany_u013,germany_0002,1.1948598335868454
germany_u013,germany_0050,1.3324432932465984
germany_u013,germany_0062,0.8860901196967752
germany_u013,germany_0064,1.879989871688213
germany_u013,indonesia_gamelan_0025,0.661965287604919
germany_u013,indonesia_gamelan_0042,1.5007085029139329
germany_u013,indonesia_gamelan_0032,1.5273106040941913
germany_u013,indonesia_gamelan_0047,1.4579113014744143
germany_u013,indonesia_gamelan_0029,0.4762207638792995
germany_u013,indonesia_gamelan_0020,0.8187298370190093
germany_u013,indonesia_gamelan_0036,1.0822559527689486
germany_u013,indonesia_gamelan_0006,1.2539849112676742
germany_u013,italy_0030,1.6909498341482176
germany_u013,italy_0046,0.9570680623737482
germany_u013,italy_0009,1.631281480344838
germany_u014,germany_0042,2.2545705262240086
germany_u014,germany_0038,1.7021233007062828
germany_u014,germany_0059,1.7142801114010617
germany_u014,germany_0041,1.485765254757972
germany_u014,germany_0089,1.1516216352073083
germany_u014,germany_0029,0.8319867467096739
germany_u014,germany_0079,1.5825092661506872
germany_u014,germany_0034,0.6525239210533821
germany_u014,germany_0007,1.9972669292684824
germany_u014,germany_0062,1.3010726815868117
germany_u014,germany_0003,1.2904510366794066
germany_u014,germany_0090,1.1393697308709374
germany_u014,germany_0064,2.247135458005061
germany_u014,germany_0002,0.8767317435294899
germany_u014,germany_0004,0.8360059920447392
germany_u014,germany_0072,0.860541840165177
germany_u014,germany_0005,1.7109599079175677
germany_u014,germany_0039,2.2860194248085572
germany_u014,germany_0092,0.9811946689430269
germany_u014,germany_0098,2.1371900099414165
germany_u014,germany_0050,1.0556135646340974
germany_u014,germany_0036,1.6926273622161427
germany_u014,germany_0060,0.6448606920850594
germany_u014,germany_0033,1.4300031061439258
germany_u014,indonesia_gamelan_0042,1.3336694544766254
germany_u014,indonesia_gamelan_0012,1.1740316992505486
germany_u014,indonesia_gamelan_0019,0.7710777695904181
germany_u014,indonesia_gamelan_0027,1.568470880161686
germany_u014,indonesia_gamelan_0000,1.7596842901716245
germany_u014,indonesia_gamelan_0016,1.0699147291842883
germany_u014,indonesia_gamelan_0054,1.3084910080054926
germany_u014,indonesia_gamelan_0040,1.517057912266523
germany_u014,france_0074,0.776010231839422
germany_u014,france_0078,1.6170080156038604
germany_u014,france_0039,0.8282712221684967
germany_u014,france_0068,1.4973715847455724
germany_u014,france_0046,0.6013339637756698
germany_u014,france_0045,0.8393220496091292
germany_u014,france_0100,1.1703869108188216
germany_u014,france_0030,1.1586448292008253
germany_u015,germany_0037,0.9980835793635419
germany_u015,germany_0028,0.7212364312821221
germany_u015,germany_0022,1.2888046720501545
germany_u015,germany_0032,1.9090792720388847
germany_u015,germany_0078,2.0422193526871286
germany_u015,germany_0025,1.84001986342678
germany_u015,germany_0057,1.5373545204120582
germany_u015,germany_0024,1.8242306855173296
germany_u015,germany_0030,1.7503969483991606
germany_u015,germany_0021,0.9792824410539799
germany_u015,germany_0056,1.5250590890505091
germany_u015,germany_0023,1.9043010988012952
germany_u015,russia_0062,0.8781128935314365
germany_u015,russia_0017,1.3328637480678573
germany_u015,russia_0045,1.099998577150378
germany_u015,russia_0012,1.129264448775777
germany_u015,russia_0025,0.5715743010059157
germany_u015,russia_0005,1.3493931731622628
germany_u015,russia_0055,1.618677497728602
germany_u015,russia_0040,0.6409322388349148
germany_u015,modern_english_pop_0058,0.9442426439922067
germany_u015,modern_english_pop_0069,0.5157010640351273
germany_u015,modern_english_pop_0113,0.490003046068128
germany_u015,modern_english_pop_0097,1.7860389705068542
germany_u015,modern_english_pop_0013,1.1161865362136194
germany_u015,modern_english_pop_0027,0.9299506751575827
germany_u015,modern_english_pop_0014,0.8210840534437757
germany_u015,modern_english_pop_0100,1.773017070675695
germany_u016,germany_0076,0.903858755145337
germany_u016,germany_0006,1.9918703851652393
germany_u016,germany_0066,0.7113943309597236
germany_u016,germany_0063,1.4189201409027328
germany_u016,germany_0068,0.7049453927188384
germany_u016,germany_0044,1.7443836842311118
germany_u016,germany_0054,1.9387875686209104
germany_u016,germany_0046,2.041005995725735
germany_u016,germany_0009,2.2676773825333805
germany_u016,germany_0011,1.7342271209667872
germany_u016,germany_0019,1.901631801374035
germany_u016,great_britain_0004,1.1327736757337947
germany_u016,great_britain_0026,1.6821948165945204
germany_u016,great_britain_0050,1.3190738159692745
germany_u016,great_britain_0006,1.6427943984393136
germany_u016,great_britain_0044,0.7678602229687391
germany_u016,great_britain_0102,1.1205960039693867
germany_u016,great_britain_0017,1.4352555434361356
germany_u016,great_britain_0092,0.7236743686596224
germany_u016,france_0096,0.7353087209036707
germany_u016,france_0064,1.7703576995476105
germany_u016,france_0058,1.0367239869952283
germany_u016,france_0019,0.6954508614470918
germany_u016,france_0066,0.8974762406750332
germany_u016,france_0002,0.9864578001589995
germany_u016,france_0090,1.2911650975847986
germany_u016,france_0011,1.6960697897144659
germany_u017,germany_0027,0.7634927614065031
germany_u017,germany_0013,1.6494179161019016
germany_u017,germany_0031,2.0403216371611776
germany_u017,germany_0048,1.145838345179955
germany_u017,germany_0070,0.9116219667595764
germany_u017,russia_0056,0.8077787628375865
germany_u017,russia_0008,0.8184605311122286
germany_u017,russia_0029,1.0537186026467726
germany_u017,russia_0098,0.8900508637520976
germany_u017,russia_0094,0.8162199981557884
germany_u017,russia_0099,1.3254916028469361
germany_u017,russia_0007,0.5215937017570441
germany_u017,russia_0071,0.9094911004886355
germany_u017,india_saraga_0058,1.381165154019641
germany_u017,india_saraga_0055,0.687397161529358
germany_u017,india_saraga_0068,0.7482526139874318
germany_u017,india_saraga_0047,0.7208999443074386
germany_u017,india_saraga_0104,0.4512502440873967
germany_u017,india_saraga_0057,1.0895864649726232
germany_u017,india_saraga_0013,0.5025943657117663
germany_u017,india_saraga_0049,0.8184687458961152
germany_u018,germany_0024,1.0601492928580663
germany_u018,germany_0021,1.7137029184465027
germany_u018,germany_0056,0.8204381380101217
germany_u018,germany_0037,0.7671045780568642
germany_u018,germany_0032,0.8033646274137544
germany_u018,germany_0025,0.7087766381010294
germany_u018,germany_0023,2.0837460854290706
germany_u018,germany_0078,2.203598574231511
germany_u018,germany_0057,0.6553179867321562
germany_u018,germany_0030,1.886123823162607
germany_u018,germany_0022,1.846586763087166
germany_u018,germany_0028,2.2946687574523192
germany_u018,indonesia_fma_0006,0.9196253933234421
germany_u018,indonesia_fma_0004,0.8354371387820619
germany_u018,indonesia_fma_0015,1.061660863093267
germany_u018,indonesia_fma_0007,1.6063764891514072
germany_u018,indonesia_fma_0017,1.4336014174261633
germany_u018,indonesia_fma_0012,1.0866921488561287
germany_u018,indonesia_fma_0018,0.7801598384359287
germany_u018,indonesia_fma_0002,1.431471250712301
germany_u018,turkey_modern_0137,1.6036112718569648
germany_u018,turkey_modern_0057,0.9899341619411126
germany_u018,turkey_modern_0130,1.3525903518583287
germany_u018,turkey_modern_0092,0.9902862285884075
germany_u018,turkey_modern_0103,1.0959661414910047
germany_u018,turkey_modern_0058,1.1586290129391335
germany_u018,turkey_modern_0050,1.4972298489300753
germany_u018,turkey_modern_0117,1.769633078574057
germany_u019,germany_0057,1.282301256150288
germany_u019,germany_0032,1.1208937456663006
germany_u019,germany_0037,2.1553271616447964
germany_u019,germany_0078,1.1671264636886614
germany_u019,germany_0028,0.9832659300651065
germany_u019,germany_0022,2.1435447694794663
germany_u019,germany_0056,1.8617540139892805
germany_u019,germany_0030,1.7511045061293904
germany_u019,germany_0025,0.6604477750653607
germany_u019,germany_0024,0.8013285572347133
germany_u019,germany_0021,1.6761364375716683
germany_u019,germany_0023,0.9362716430077987
germany_u019,modern_english_pop_0040,0.7546112806009848
germany_u019,modern_english_pop_0099,1.5018369957138744
germany_u019,modern_english_pop_0050,0.8359986809298726
germany_u019,modern_english_pop_0064,0.5466428579050866
germany_u019,modern_english_pop_0070,0.4991831288683125
germany_u019,modern_english_pop_0007,1.0482902827811387
germany_u019,modern_english_pop_0022,1.2831235798742722
germany_u019,modern_english_pop_0049,1.622995065078934
germany_u019,india_saraga_0082,0.599585933294063
germany_u019,india_saraga_0100,0.7155083154892
germany_u019,india_saraga_0054,1.165230824725086
germany_u019,india_saraga_0081,0.9415462890266664
germany_u019,india_saraga_0076,1.101425559181418
germany_u019,india_saraga_0007,1.6975682761286908
germany_u019,india_saraga_0064,1.1856037327173279
germany_u019,india_saraga_0027,1.0104128243263026
germany_u020,germany_0013,0.7163118002196902
germany_u020,germany_0048,1.0505228732828618
germany_u020,germany_0027,1.7057226107642205
germany_u020,germany_0031,1.1073614660012476
germany_u020,germany_0070,2.2959438248596054
germany_u020,india_saraga_0028,1.6870077457852246
germany_u020,india_saraga_0107,1.2401683711904572
germany_u020,india_saraga_0057,1.755378637157156
germany_u020,india_saraga_0016,1.6218233474839048
germany_u020,india_saraga_0051,0.8805130004346575
germany_u020,india_saraga_0071,1.4619549320801677
germany_u020,india_saraga_0045,0.6347229084053289
germany_u020,india_saraga_0083,1.3741444229113005
germany_u020,russia_0020,1.1129604657676835
germany_u020,russia_0047,0.4727150179913134
germany_u020,russia_0019,0.8202102602270005
germany_u020,russia_0048,1.7397659934957357
germany_u020,russia_0044,0.876372504869449
germany_u020,russia_0016,0.694963514656945
germany_u020,russia_0066,0.7031674528724812
germany_u021,germany_0085,0.593550162860044
germany_u021,germany_0091,0.7871245827902906
germany_u021,germany_0099,0.8441144000024542
germany_u021,germany_0096,2.091152581834819
germany_u021,germany_0026,1.3080934363317094
germany_u021,germany_0058,1.0492571686489083
germany_u021,germany_0094,1.3151545750772633
germany_u021,germany_0103,1.2561005399085905
germany_u021,germany_0084,1.0950213772793291
germany_u021,germany_0081,0.8128767796606401
germany_u021,germany_0100,1.706454171904944
germany_u021,germany_0104,0.8106425947949054
germany_u021,germany_0035,1.912607180860363
germany_u021,germany_0102,0.9229118229087825
germany_u021,germany_0000,1.8366155048049624
germany_u021,germany_0082,1.9646360323246803
germany_u021,germany_0087,0.7911873668609274
germany_u021,germany_0095,0.724636450296807
germany_u021,germany_0083,2.213013029377563
germany_u021,germany_0086,1.3737557416482016
germany_u021,germany_0097,1.6621562288284049
germany_u021,germany_0093,0.6151242592100493
germany_u021,germany_0080,1.0557750614596861
germany_u021,germany_0088,1.4468109541149412
germany_u021,india_saraga_0047,1.6463947230756955
germany_u021,india_saraga_0107,0.816443213711908
germany_u021,india_saraga_0102,1.4965082818092714
germany_u021,india_saraga_0073,1.3439874531492475
germany_u021,india_saraga_0038,0.6056155365377557
germany_u021,india_saraga_0043,0.8460564832691954
germany_u021,india_saraga_0067,0.7711164491921367
germany_u021,india_saraga_0031,1.0474122432239354
germany_u021,modern_english_pop_0072,1.3077012281142388
germany_u021,modern_english_pop_0102,1.035116669936484
germany_u021,modern_english_pop_0068,0.7801243772649381
germany_u021,modern_english_pop_0035,1.389436337108172
germany_u021,modern_english_pop_0011,1.2390359778605113
germany_u021,modern_english_pop_0081,1.1510737750111841
germany_u021,modern_english_pop_0021,1.1984664565520708
germany_u021,modern_english_pop_0004,0.7495658724966618
germany_u022,germany_0013,1.941882490816341
germany_u022,germany_0027,1.4354798946362661
germany_u022,germany_0048,1.0726497404198596
germany_u022,germany_0031,0.8853041516118604
germany_u022,germany_0070,2.0902104631473946
germany_u022,great_britain_0026,1.40872536967324
germany_u022,great_britain_0092,1.2224204592490688
germany_u022,great_britain_0006,1.6372367720374525
germany_u022,great_britain_0050,0.6142818879550208
germany_u022,great_britain_0004,1.3713605361027923
germany_u022,great_britain_0044,0.7425616217578632
germany_u022,great_britain_0102,0.6127795453715824
germany_u022,great_britain_0054,1.0785714885093598
germany_u022,italy_0087,0.9729804551818775
germany_u022,italy_0088,1.7205843725890004
germany_u022,italy_0084,0.8873723881149522
germany_u022,italy_0083,1.5501180497202032
germany_u022,italy_0085,1.4609164506322654
germany_u022,italy_0035,1.351697224579024
germany_u022,italy_0019,1.6925406384960804
germany_u022,italy_0080,1.0006982024148119
germany_u023,germany_0021,1.7672027250772369
germany_u023,germany_0030,0.9679742356240124
germany_u023,germany_0022,1.854641075913283
germany_u023,germany_0056,0.9853945544959705
germany_u023,germany_0078,2.2666044746209644
germany_u023,germany_0025,0.967932904408078
germany_u023,germany_0037,0.9832799062059571
germany_u023,germany_0023,2.0562111328346653
germany_u023,germany_0057,0.994150611885863
germany_u023,germany_0032,1.197557318772463
germany_u023,germany_0024,1.8077542780338214
germany_u023,germany_0028,0.8488413008359665
germany_u023,italy_0099,0.6647468690171281
germany_u023,italy_0008,1.1065838714099354
germany_u023,italy_0040,0.7789906182141813
germany_u023,italy_0023,0.7681382400181954
germany_u023,italy_0078,0.46247254391499215
germany_u023,italy_0079,0.9501069481172296
germany_u023,italy_0033,0.8796382487348444
germany_u023,italy_0094,0.4920603446160051
germany_u023,india_saraga_0099,1.2886647905884459
germany_u023,india_saraga_0061,1.295984495704528
germany_u023,india_saraga_0057,0.5455806368944395
germany_u023,india_saraga_0005,0.8780061099277617
germany_u023,india_saraga_0025,1.6282874681937871
germany_u023,india_saraga_0038,1.235925542130181
germany_u023,india_saraga_0104,1.0061658774161837
germany_u023,india_saraga_0066,1.0778876034265295
great_britain_u000,great_britain_0022,1.2698978614885605
great_britain_u000,great_britain_0103,0.9802810655615454
great_britain_u000,great_britain_0027,1.4923185046659513
great_britain_u000,great_britain_0013,0.9275308217173646
great_britain_u000,great_britain_0094,1.8277445022992382
great_britain_u000,great_britain_0061,0.9147671365300978
great_britain_u000,great_britain_0007,1.077429135082239
great_britain_u000,great_britain_0083,1.448789742607184
great_britain_u000,great_britain_0098,1.4145746363975287
great_britain_u000,great_britain_0089,1.6114651743021255
great_britain_u000,great_britain_0019,1.3295919358623567
great_britain_u000,great_britain_0053,2.1610914571799076
great_britain_u000,great_britain_0100,2.0238863124901494
great_britain_u000,great_britain_0073,2.091470703383201
great_britain_u000,great_britain_0024,1.6609160856709295
great_britain_u000,indonesia_gamelan_0049,1.3072606864120886
great_britain_u000,indonesia_gamelan_0023,1.2724182230165306
great_britain_u000,indonesia_gamelan_0016,1.037093608468966
great_britain_u000,indonesia_gamelan_0033,0.8848431014408046
great_britain_u000,indonesia_gamelan_0017,1.249203898055975
great_britain_u000,indonesia_gamelan_0011,0.48446798013690795
great_britain_u000,indonesia_gamelan_0030,0.4600661824221341
great_britain_u000,indonesia_gamelan_0009,1.5997164655006106
great_britain_u000,france_0017,0.51267246044979
great_britain_u000,france_0058,1.1584734529501146
great_britain_u000,france_0019,1.280233479982021
great_britain_u000,france_0011,0.717531159990288
great_britain_u000,france_0002,1.6592366316579503
great_britain_u000,france_0096,0.7066292918603063
great_britain_u000,france_0064,1.6440952329450107
great_britain_u000,france_0090,1.4800368635995975
great_britain_u001,great_britain_0078,1.082707131590088
great_britain_u001,great_britain_0003,1.1677892218838433
great_britain_u001,great_britain_0076,1.3559952581172285
great_britain_u001,great_britain_0000,1.4473906103930132
great_britain_u001,great_britain_0036,2.2729416703236716
great_britain_u001,great_britain_0085,0.9602314645793473
great_britain_u001,great_britain_0079,1.4167588844225663
great_britain_u001,great_britain_0009,0.8329077506191095
great_britain_u001,great_britain_0002,1.1787486764212527
great_britain_u001,great_britain_0016,1.8123609897685473
great_britain_u001,great_britain_0011,0.8759471979869909
great_britain_u001,great_britain_0081,1.5778310055238245
great_britain_u001,great_britain_0010,1.2938092656548124
great_britain_u001,great_britain_0086,0.6639747140977159
great_britain_u001,great_britain_0005,2.1845547915503167
great_britain_u001,great_britain_0080,1.288465417005229
great_britain_u001,great_britain_0087,1.9272732741707617
great_britain_u001,germany_0027,1.0120232097879303
great_britain_u001,germany_0048,1.7154364341313593
great_britain_u001,germany_0070,0.8421349514790116
great_britain_u001,germany_0013,1.006511377078391
great_britain_u001,germany_0031,1.4744667243500367
great_britain_u001,france_0074,0.9139508756291569
great_britain_u001,france_0068,0.9418820463024921
great_britain_u001,france_0044,1.7930112841092016
great_britain_u001,france_0100,1.2000796096819752
great_britain_u001,france_0032,1.3806636124547
great_britain_u001,france_0030,1.3186740161073733
great_britain_u001,france_0031,1.5676975986613726
great_britain_u001,france_0073,1.6134638842463531
great_britain_u002,great_britain_0018,1.4481055684800264
great_britain_u002,great_britain_0068,1.6490361877893691
great_britain_u002,great_britain_0008,1.1042883737806493
great_britain_u002,great_britain_0093,1.3195966089746607
great_britain_u002,great_britain_0084,1.5311642833573065
great_britain_u002,russia_0024,1.1959397186935228
great_britain_u002,russia_0021,0.5065130592992315
great_britain_u002,russia_0027,1.0433003848815046
great_britain_u002,russia_0049,0.7386545089695117
great_britain_u002,russia_0026,1.6875383554152223
great_britain_u002,indonesia_fma_0002,1.768382986666501
great_britain_u002,indonesia_fma_0017,0.8545233100752933
great_britain_u002,indonesia_fma_0011,0.6865002862889293
great_britain_u002,indonesia_fma_0016,0.7463306037802632
great_britain_u002,indonesia_fma_0012,1.0949655447264877
great_britain_u002,indonesia_fma_0007,1.630582558802791
great_britain_u002,indonesia_fma_0001,1.1250488901658133
great_britain_u002,indonesia_fma_0005,0.5247792833156518
great_britain_u003,great_britain_0032,1.4447627703960442
great_britain_u003,great_britain_0020,1.4863423323552405
great_britain_u003,great_britain_0096,1.7098633229253408
great_britain_u003,great_britain_0033,1.2389739714218
great_britain_u003,great_britain_0023,0.5805332664319425
great_britain_u003,great_britain_0104,1.737462241353174
great_britain_u003,great_britain_0057,0.6686521263651491
great_britain_u003,great_britain_0041,2.069143993160608
great_britain_u003,great_britain_0025,0.614078128796192
great_britain_u003,great_britain_0037,1.4900695876176908
great_britain_u003,great_britain_0095,2.118733347115023
great_britain_u003,great_britain_0091,1.5625445182356454
great_britain_u003,great_britain_0077,1.624518887788279
great_britain_u003,great_britain_0012,1.7507787133820247
great_britain_u003,great_britain_0001,0.7861552623350555
great_britain_u003,great_britain_0090,1.7392492488982152
great_britain_u003,great_britain_0099,2.093612171472106
great_britain_u003,great_britain_0028,2.2555309366409206
great_britain_u003,great_britain_0051,1.3392646988931487
great_britain_u003,great_britain_0031,1.1692708691437683
great_britain_u003,great_britain_0097,1.8744590869036468
great_britain_u003,great_britain_0014,1.5114581469644175
great_britain_u003,great_britain_0029,1.0188505289349274
great_britain_u003,great_britain_0088,0.8719723515727376
great_britain_u003,france_0028,0.679810905800204
great_britain_u003,france_0054,1.0698889994183052
great_britain_u003,france_0075,0.6796679475811277
great_britain_u003,france_0009,0.4766205744155058
great_britain_u003,france_0072,0.5203198462090814
great_britain_u003,france_0057,1.7053441343365037
great_britain_u003,france_0104,0.5484978105661833
great_britain_u003,france_0036,0.5487939322842954
great_britain_u003,china_ctis_0037,1.0591044014702689
great_britain_u003,china_ctis_0043,0.780885381152294
great_britain_u003,china_ctis_0051,1.749636700432872
great_britain_u003,china_ctis_0059,1.6798308833220357
great_britain_u003,china_ctis_0048,0.9964033857062107
great_britain_u003,china_ctis_0041,1.05578755121195
great_britain_u003,china_ctis_0002,0.9564034316520198
great_britain_u003,china_ctis_0049,0.5011192574682232
great_britain_u004,great_britain_0092,1.4536975492375865
great_britain_u004,great_britain_0017,0.9225125698766687
great_britain_u004,great_britain_0026,0.7525698561567644
great_britain_u004,great_britain_0044,1.9927265485002579
great_britain_u004,great_britain_0054,1.4018005776881801
great_britain_u004,great_britain_0050,0.6821900926309381
great_britain_u004,great_britain_0004,1.0202595868954876
great_britain_u004,great_britain_0006,1.9619582677126668
great_britain_u004,great_britain_0102,1.8717279102343736
great_britain_u004,great_britain_0040,2.0857836917479764
great_britain_u004,great_britain_0082,1.6136014998529187
great_britain_u004,china_jingju_0060,1.0209230113833743
great_britain_u004,china_jingju_0030,1.0259572466985085
great_britain_u004,china_jingju_0000,0.711900060065474
great_britain_u004,china_jingju_0049,1.3285785980491407
great_britain_u004,china_jingju_0080,1.2398428207253531
great_britain_u004,china_jingju_0013,0.6590669554289286
great_britain_u004,china_jingju_0027,1.645644942061256
great_britain_u004,china_jingju_0024,0.9474320744693061
great_britain_u004,germany_0034,0.5171473334534425
great_britain_u004,germany_0029,0.8926392430527081
great_britain_u004,germany_0004,1.6243065648606274
great_britain_u004,germany_0092,1.687891390913409
great_britain_u004,germany_0005,1.1120378633005052
great_britain_u004,germany_0042,1.7410589190991141
great_britain_u004,germany_0098,1.6315764424361676
great_britain_u004,germany_0041,1.5640614680839544
great_britain_u005,great_britain_0066,1.1701732773035103
great_britain_u005,great_britain_0047,1.258201679751804
great_britain_u005,great_britain_0043,0.6440539283287302
great_britain_u005,great_britain_0046,2.1584508152994504
great_britain_u005,great_britain_0056,1.2768782808531225
great_britain_u005,great_britain_0045,1.14104756516002
great_britain_u005,great_britain_0074,0.7241852385232883
great_britain_u005,great_britain_0065,1.6689660465566916
great_britain_u005,great_britain_0075,2.065098039204977
great_britain_u005,great_britain_0058,0.6459892700903904
great_britain_u005,great_britain_0067,0.8255950062064111
great_britain_u005,great_britain_0048,0.8275224548287076
great_britain_u005,great_britain_0042,1.6139241254749426
great_britain_u005,great_britain_0039,2.1641226171891863
great_britain_u005,great_britain_0071,1.3301504331880039
great_britain_u005,great_britain_0070,1.1680661231343923
great_britain_u005,great_britain_0049,1.8960751826542923
great_britain_u005,great_britain_0063,1.8559316315284986
great_britain_u005,great_britain_0060,1.0006543402531864
great_britain_u005,great_britain_0055,0.8524254749811033
great_britain_u005,great_britain_0052,1.1922223059164896
great_britain_u005,great_britain_0069,1.9129158515909388
great_britain_u005,great_britain_0062,1.7739843476033375
great_britain_u005,great_britain_0064,1.7235976434644538
great_britain_u005,india_saraga_0065,1.5697285562203254
great_britain_u005,india_saraga_0081,0.8241259216608816
great_britain_u005,india_saraga_0085,0.9085730293838385
great_britain_u005,india_saraga_0058,0.5071582583223877
great_britain_u005,india_saraga_0026,1.6228067973347702
great_britain_u005,india_saraga_0009,1.2362801421449405
great_britain_u005,india_saraga_0076,0.852465094042986
great_britain_u005,india_saraga_0007,0.5437123174566435
great_britain_u005,modern_english_pop_0118,1.4266028292693207
great_britain_u005,modern_english_pop_0004,1.4607956513912326
great_britain_u005,modern_english_pop_0112,1.3493411803552804
great_britain_u005,modern_english_pop_0033,0.7251043107780849
great_britain_u005,modern_english_pop_0113,1.6828416789866165
great_britain_u005,modern_english_pop_0021,1.466763325678183
great_britain_u005,modern_english_pop_0067,1.33797103683836
great_britain_u005,modern_english_pop_0034,1.3287742966194132
great_britain_u006,great_britain_0061,1.9189539493167826
great_britain_u006,great_britain_0089,0.7233482260702936
great_britain_u006,great_britain_0098,0.9040626430049955
great_britain_u006,great_britain_0007,1.3607908131776036
great_britain_u006,great_britain_0022,2.179563827084729
great_britain_u006,great_britain_0053,1.5442392651904429
great_britain_u006,great_britain_0103,1.243744288159189
great_britain_u006,great_britain_0013,2.262688633333772
great_britain_u006,great_britain_0073,1.3749020032317227
great_britain_u006,great_britain_0024,1.3231928296109063
great_britain_u006,great_britain_0083,1.285086446631323
great_britain_u006,great_britain_0027,1.1135106252467235
great_britain_u006,great_britain_0100,1.1368235467973329
great_britain_u006,great_britain_0094,1.761518928378384
great_britain_u006,great_britain_0019,0.6454414054147448
great_britain_u006,turkey_modern_0085,1.3704525796225304
great_britain_u006,turkey_modern_0121,0.7216260724699284
great_britain_u006,turkey_modern_0004,0.9686808043260655
great_britain_u006,turkey_modern_0088,0.6478276129564483
great_britain_u006,turkey_modern_0021,1.1962139094978341
great_britain_u006,turkey_modern_0071,1.4346231006853885
great_britain_u006,turkey_modern_0045,0.9287850276760924
great_britain_u006,turkey_modern_0146,0.670612379679355
great_britain_u006,modern_english_pop_0082,0.755782535607087
great_britain_u006,modern_english_pop_0018,1.554452440009523
great_britain_u006,modern_english_pop_0083,0.8113257923308008
great_britain_u006,modern_english_pop_0026,1.4958485005651565
great_britain_u006,modern_english_pop_0025,0.8971191991883849
great_britain_u006,modern_english_pop_0097,0.7047889483629994
great_britain_u006,modern_english_pop_0068,1.431866555497032
great_britain_u006,modern_english_pop_0024,1.082535789791529
great_britain_u007,great_britain_0008,1.8371355514819363
great_britain_u007,great_britain_0068,0.733437827738051
great_britain_u007,great_britain_0093,2.0067269694989327
great_britain_u007,great_britain_0084,0.9272254033824572
great_britain_u007,great_britain_0018,2.203309626430146
great_britain_u007,china_ctis_0058,0.6599868299153117
great_britain_u007,china_ctis_0044,0.6243716647382371
great_britain_u007,china_ctis_0000,1.5460327492929804
great_britain_u007,china_ctis_0001,1.5552474673990693
great_britain_u007,china_ctis_0057,1.447325216839684
great_britain_u007,china_ctis_0046,1.7467161262713513
great_britain_u007,china_ctis_0008,0.8152284987253117
great_britain_u007,china_ctis_0041,1.5659757976368882
great_britain_u007,germany_0027,0.9252547155586182
great_britain_u007,germany_0048,1.1754881445186098
great_britain_u007,germany_0013,1.0515600400967937
great_britain_u007,germany_0031,0.45789753060936983
great_britain_u007,germany_0070,1.225523961277863
great_britain_u008,great_britain_0053,1.5635908438141153
great_britain_u008,great_britain_0027,2.298039089675653
great_britain_u008,great_britain_0094,0.6197227434568786
great_britain_u008,great_britain_0022,0.57554237388605
great_britain_u008,great_britain_0103,1.179383238383285
great_britain_u008,great_britain_0024,1.2066197344591743
great_britain_u008,great_britain_0089,2.0996192322701392
great_britain_u008,great_britain_0098,2.1492048947778457
great_britain_u008,great_britain_0019,2.093905584219825
great_britain_u008,great_britain_0061,0.8219833445884324
great_britain_u008,great_britain_0073,1.2858808406873516
great_britain_u008,great_britain_0100,1.861651904958915
great_britain_u008,great_britain_0007,1.1142540919278163
great_britain_u008,great_britain_0013,1.7190855991807008
great_britain_u008,great_britain_0083,0.9840714390046337
great_britain_u008,turkey_modern_0093,0.8866159982470908
great_britain_u008,turkey_modern_0133,1.6115800266204534
great_britain_u008,turkey_modern_0097,0.7881871987201434
great_britain_u008,turkey_modern_0014,1.751837517294565
great_britain_u008,turkey_modern_0074,0.8634504072647433
great_britain_u008,turkey_modern_0009,0.48176294826142446
great_britain_u008,turkey_modern_0096,0.7941162201334702
great_britain_u008,turkey_modern_0054,0.6811266720286248
great_britain_u008,italy_0030,1.1342164043936922
great_britain_u008,italy_0046,0.6021666895426111
great_britain_u008,italy_0009,1.2951659842813033
great_britain_u009,great_britain_0017,1.4699545797903049
great_britain_u009,great_britain_0040,1.1731480595003332
great_britain_u009,great_britain_0102,2.0233299919551446
great_britain_u009,great_britain_0082,1.8724847403411595
great_britain_u009,great_britain_0050,1.0888341035593576
great_britain_u009,great_britain_0006,1.6215204388200046
great_britain_u009,great_britain_0092,1.21219813557165
great_britain_u009,great_britain_0026,0.5768146526666695
great_britain_u009,great_britain_0004,2.2341321539154815
great_britain_u009,great_britain_0044,1.5231101562256433
great_britain_u009,great_britain_0054,1.6072962378734759
great_britain_u009,indonesia_gamelan_0008,1.2598534246643482
great_britain_u009,indonesia_gamelan_0030,1.1933659721061938
great_britain_u009,indonesia_gamelan_0034,0.8415645904443512
great_britain_u009,indonesia_gamelan_0007,1.761627768625876
great_britain_u009,indonesia_gamelan_0032,1.2892523568956349
great_britain_u009,indonesia_gamelan_0023,1.3557438367478478
great_britain_u009,indonesia_gamelan_0009,1.0639702223780172
great_britain_u009,indonesia_gamelan_0022,0.8386128906625564
great_britain_u009,modern_english_pop_0106,0.5368711259361547
great_britain_u009,modern_english_pop_0005,0.9228107653666464
great_britain_u009,modern_english_pop_0023,0.6877315295123294
great_britain_u009,modern_english_pop_0098,1.343819162146966
great_britain_u009,modern_english_pop_0108,1.6366552444836713
great_britain_u009,modern_english_pop_0036,0.8587190586316306
great_britain_u009,modern_english_pop_0016,0.899391544308963
great_britain_u009,modern_english_pop_0032,1.354992080169166
great_britain_u010,great_britain_0072,1.4921073391088273
great_britain_u010,great_britain_0070,0.6910995219040188
great_britain_u010,great_britain_0064,2.1228143264946
great_britain_u010,great_britain_0066,2.145461286209554
great_britain_u010,great_britain_0063,1.5204028269785412
great_britain_u010,great_britain_0071,1.535058264618631
great_britain_u010,great_britain_0075,0.6742841620033215
great_britain_u010,great_britain_0049,1.6064646351315803
great_britain_u010,great_britain_0035,1.3152868375415552
great_britain_u010,great_britain_0060,1.7981002621544042
great_britain_u010,great_britain_0074,0.6562904811273622
great_britain_u010,great_britain_0059,1.8012812527083697
great_britain_u010,great_britain_0045,1.0698918461107414
great_britain_u010,great_britain_0058,1.699191695031611
great_britain_u010,great_britain_0056,1.656792307413412
great_britain_u010,great_britain_0065,0.966301560990601
great_britain_u010,great_britain_0039,1.33478029549806
great_britain_u010,great_britain_0042,2.0164673718669848
great_britain_u010,great_britain_0043,1.6196455852009848
great_britain_u010,great_britain_0052,0.6935735709127598
great_britain_u010,great_britain_0067,1.3390177340284313
great_britain_u010,great_britain_0069,1.1128057663919066
great_britain_u010,great_britain_0055,1.6818387961225663
great_britain_u010,great_britain_0062,1.6351227987343249
great_britain_u010,france_0034,0.46403743703868966
great_britain_u010,france_0037,1.270388937714925
great_britain_u010,france_0008,1.4420470328796646
great_britain_u010,france_0020,1.487785543742127
great_britain_u010,france_0038,0.5296172900264475
great_britain_u010,france_0099,0.8599388630983231
great_britain_u010,france_0087,1.0187193067445575
great_britain_u010,france_0048,0.692691805523131
great_britain_u010,germany_0054,1.0179907260727634
great_britain_u010,germany_0063,0.5460248733645496
great_britain_u010,germany_0044,0.6028433320595196
great_britain_u010,germany_0066,1.3527379298386162
great_britain_u010,germany_0068,0.8044728225662092
great_britain_u010,germany_0006,1.4103978940974229
great_britain_u010,germany_0011,0.5149465128225018
great_britain_u010,germany_0076,1.2096491216087288
great_britain_u011,great_britain_0093,1.486433627648983
great_britain_u011,great_britain_0008,0.799330109146394
great_britain_u011,great_britain_0084,0.9371366900864507
great_britain_u011,great_britain_0068,1.7756706584565602
great_britain_u011,great_britain_0018,1.0185700140685632
great_britain_u011,india_saraga_0008,1.6540490724864523
great_britain_u011,india_saraga_0046,1.3371791738726295
great_britain_u011,india_saraga_0059,1.5735827046295923
great_britain_u011,india_saraga_0104,1.2805058767457487
great_britain_u011,india_saraga_0084,1.6229469478797216
great_britain_u011,india_saraga_0077,0.9382743112799028
great_britain_u011,india_saraga_0029,1.1913397787955327
great_britain_u011,india_saraga_0019,1.1464520405998504
great_britain_u011,france_0102,1.6701174559052603
great_britain_u011,france_0095,0.6726358016216283
great_britain_u011,france_0103,1.2303820303020347
great_britain_u011,france_0071,1.4684821122064233
great_britain_u011,france_0021,0.9495671767204414
great_britain_u011,france_0079,1.6212350582315682
great_britain_u011,france_0023,0.953569935554941
great_britain_u011,france_0070,0.6839668258594868
great_britain_u012,great_britain_0032,1.9557759262493275
great_britain_u012,great_britain_0034,2.0956965197660593
great_britain_u012,great_britain_0021,1.6971356186789999
great_britain_u012,great_britain_0025,1.1313753278445307
great_britain_u012,great_britain_0012,2.1383902533240646
great_britain_u012,great_britain_0104,1.0902980805808948
great_britain_u012,great_britain_0088,1.050256198059615
great_britain_u012,great_britain_0030,2.10404072310753
great_britain_u012,great_britain_0090,1.7494189720507833
great_britain_u012,great_britain_0033,2.1200343461234437
great_britain_u012,great_britain_0051,0.8439297239631023
great_britain_u012,great_britain_0097,2.217711976145714
great_britain_u012,great_britain_0037,1.631980220308064
great_britain_u012,great_britain_0023,1.7273604510611624
great_britain_u012,great_britain_0099,2.1517545010631287
great_britain_u012,great_britain_0028,1.2317988813482343
great_britain_u012,great_britain_0031,1.816266865850362
great_britain_u012,great_britain_0014,1.6795875714397348
great_britain_u012,great_britain_0020,1.9338734400437811
great_britain_u012,great_britain_0091,2.122226315912455
great_britain_u012,great_britain_0077,1.748104975616913
great_britain_u012,great_britain_0096,0.691678231517786
great_britain_u012,great_britain_0057,0.8909170965908708
great_britain_u012,great_britain_0001,2.22061236441072
great_britain_u012,italy_0057,1.7576781390592555
great_britain_u012,italy_0072,1.7560079734927894
great_britain_u012,italy_0054,0.4996791905401593
great_britain_u012,italy_0001,0.9663050267317148
great_britain_u012,italy_0053,1.4755581503837947
great_britain_u012,italy_0067,1.4663958349380717
great_britain_u012,italy_0076,0.565977021682444
great_britain_u012,italy_0044,1.2728099975708507
great_britain_u012,turkey_modern_0032,0.6428739850301576
great_britain_u012,turkey_modern_0145,1.1158325993715212
great_britain_u012,turkey_modern_0019,0.773575696135514
great_britain_u012,turkey_modern_0148,0.5217675818418824
great_britain_u012,turkey_modern_0073,0.558026224460923
great_britain_u012,turkey_modern_0118,1.679705482135376
great_britain_u012,turkey_modern_0015,1.455272051672071
great_britain_u012,turkey_modern_0014,1.7079623753934832
great_britain_u013,great_britain_0074,1.8289037120784637
great_britain_u013,great_britain_0062,1.7915813485896375
great_britain_u013,great_britain_0055,2.0073483000583927
great_britain_u013,great_britain_0046,0.6829018313283328
great_britain_u013,great_britain_0048,1.8772924278414134
great_britain_u013,great_britain_0075,1.4612367778916653
great_britain_u013,great_britain_0035,0.703845632057187
great_britain_u013,great_britain_0060,1.7462922985924212
great_britain_u013,great_britain_0039,1.8110318346533512
great_britain_u013,great_britain_0066,1.4782568674645806
great_britain_u013,great_britain_0049,1.9443032364458408
great_britain_u013,great_britain_0059,1.092927987385545
great_britain_u013,great_britain_0070,0.9232899519667273
great_britain_u013,great_britain_0043,1.1800160667571553
great_britain_u013,great_britain_0042,1.2823371354355613
great_britain_u013,great_britain_0072,1.7754854641437412
great_britain_u013,great_britain_0064,2.0335218928399423
great_britain_u013,great_britain_0047,1.8185838778857168
great_britain_u013,great_britain_0052,0.8751285393950624
great_britain_u013,great_britain_0045,1.206724471280444
great_britain_u013,great_britain_0069,0.8482636556974169
great_britain_u013,great_britain_0065,1.7595992442376385
great_britain_u013,great_britain_0056,1.0030964899241424
great_britain_u013,great_britain_0063,1.4812924591694356
great_britain_u013,modern_english_pop_0013,1.518970288312824
great_britain_u013,modern_english_pop_0087,1.3557680211441805
great_britain_u013,modern_english_pop_0015,0.8528048873979291
great_britain_u013,modern_english_pop_0040,0.8993701133320602
great_britain_u013,modern_english_pop_0095,1.332041786914093
great_britain_u013,modern_english_pop_0081,1.1917814616089246
great_britain_u013,modern_english_pop_0112,0.58013120808456
great_britain_u013,modern_english_pop_0052,1.6298886455192874
great_britain_u013,indonesia_gamelan_0029,1.1420278848723986
great_britain_u013,indonesia_gamelan_0020,1.0890373678165783
great_britain_u013,indonesia_gamelan_0044,0.7178931044535541
great_britain_u013,indonesia_gamelan_0025,0.9589416556102254
great_britain_u013,indonesia_gamelan_0033,0.8993135641253838
great_britain_u013,indonesia_gamelan_0022,0.8154931718197262
great_britain_u013,indonesia_gamelan_0051,1.215998875773144
great_britain_u013,indonesia_gamelan_0048,1.0740717363783807
great_britain_u014,great_britain_0013,1.6227399071658828
great_britain_u014,great_britain_0024,0.8792939241238658
great_britain_u014,great_britain_0098,1.8040566528765563
great_britain_u014,great_britain_0053,1.0597467479401366
great_britain_u014,great_britain_0094,1.1124377887295822
great_britain_u014,great_britain_0019,0.9605351213528356
great_britain_u014,great_britain_0103,1.9294805845020042
great_britain_u014,great_britain_0089,2.2306788618161124
great_britain_u014,great_britain_0100,1.42456223896971
great_britain_u014,great_britain_0073,0.6475028564701865
great_britain_u014,great_britain_0083,1.0244820708339457
great_britain_u014,great_britain_0061,0.8476367521800093
great_britain_u014,great_britain_0007,2.0287649413697304
great_britain_u014,great_britain_0027,0.7213731283222787
great_britain_u014,great_britain_0022,2.242171515187462
great_britain_u014,china_ctis_0039,1.2444935984432453
great_britain_u014,china_ctis_0033,1.1489487125501203
great_britain_u014,china_ctis_0046,1.593923340265902
great_britain_u014,china_ctis_0001,0.4871892887434658
great_britain_u014,china_ctis_0064,1.4991562116994632
great_britain_u014,china_ctis_0063,0.6074154615174974
great_britain_u014,china_ctis_0017,1.5850504335695834
great_britain_u014,china_ctis_0043,1.1643878959711136
great_britain_u014,turkey_modern_0031,0.5325246931861239
great_britain_u014,turkey_modern_0028,1.574880802381788
great_britain_u014,turkey_modern_0043,0.4868740580461897
great_britain_u014,turkey_modern_0093,0.6368004354063648
great_britain_u014,turkey_modern_0082,1.527063107165949
great_britain_u014,turkey_modern_0086,1.0775760172081528
great_britain_u014,turkey_modern_0088,1.6398747508790255
great_britain_u014,turkey_modern_0018,1.307829518267963
great_britain_u015,great_britain_0099,1.699783633528395
great_britain_u015,great_britain_0051,1.1736284047986931
great_britain_u015,great_britain_0091,1.3611527606291274
great_britain_u015,great_britain_0077,1.3649827425366619
great_britain_u015,great_britain_0030,0.6536266275765144
great_britain_u015,great_britain_0096,1.3171407579468561
great_britain_u015,great_britain_0037,1.6808360263737243
great_britain_u015,great_britain_0012,1.5169401244801233
great_britain_u015,great_britain_0057,0.7048644968300455
great_britain_u015,great_britain_0025,1.7273965753096416
great_britain_u015,great_britain_0041,1.107788252228825
great_britain_u015,great_britain_0028,0.5999000347938132
great_britain_u015,great_britain_0038,0.8434023359703229
great_britain_u015,great_britain_0097,1.4332904088710652
great_britain_u015,great_britain_0023,1.1104428618268685
great_britain_u015,great_britain_0033,1.772810698724875
great_britain_u015,great_britain_0020,0.9901272453509435
great_britain_u015,great_britain_0095,1.9080733906196659
great_britain_u015,great_britain_0031,1.0691731379046152
great_britain_u015,great_britain_0104,1.6459898955831167
great_britain_u015,great_britain_0088,1.9536482559332855
great_britain_u015,great_britain_0029,1.2400843219104667
great_britain_u015,great_britain_0021,0.6557385246316866
great_britain_u015,great_britain_0090,1.4986435238265696
great_britain_u015,italy_0023,1.7938022330850754
great_britain_u015,italy_0043,1.7581390196088333
great_britain_u015,italy_0002,0.7483799618246271
great_britain_u015,italy_0104,1.4701902877227406
great_britain_u015,italy_0049,0.915684972957089
great_britain_u015,italy_0025,0.6663678482471735
great_britain_u015,italy_0005,1.348984845813366
great_britain_u015,italy_0101,1.1261727848611383
great_britain_u015,indonesia_gamelan_0019,1.1779612528351644
great_britain_u015,indonesia_gamelan_0043,1.5669800940179366
great_britain_u015,indonesia_gamelan_0002,0.9043339624480211
great_britain_u015,indonesia_gamelan_0039,1.350577925400145
great_britain_u015,indonesia_gamelan_0030,0.9443584803995442
great_britain_u015,indonesia_gamelan_0048,0.5076772603835795
great_britain_u015,indonesia_gamelan_0029,0.960320394904071
great_britain_u015,indonesia_gamelan_0007,1.7325465253255818
great_britain_u016,great_britain_0050,1.995178978487019
great_britain_u016,great_britain_0026,1.8581402030975367
great_britain_u016,great_britain_0017,2.211632398978991
great_britain_u016,great_britain_0006,2.2637340461719577
great_britain_u016,great_britain_0102,2.1159148764951192
great_britain_u016,great_britain_0004,0.8042974379353235
great_britain_u016,great_britain_0082,2.090210228095591
great_britain_u016,great_britain_0092,2.021649057510413
great_britain_u016,great_britain_0044,2.0776231082579777
great_britain_u016,great_britain_0054,0.8366576895259477
great_britain_u016,great_britain_0040,0.7764659029089727
great_britain_u016,russia_0067,1.6971419874385103
great_britain_u016,russia_0005,0.6846659763315812
great_britain_u016,russia_0017,0.9476393369075117
great_britain_u016,russia_0045,1.0655795468169813
great_britain_u016,russia_0012,0.617997412569912
great_britain_u016,russia_0033,0.477856288843939
great_britain_u016,russia_0040,1.7920221341856069
great_britain_u016,russia_0025,1.6334872805271976
great_britain_u016,indonesia_gamelan_0037,1.6816562046233603
great_britain_u016,indonesia_gamelan_0000,0.8341601435173599
great_britain_u016,indonesia_gamelan_0049,0.7471371232063427
great_britain_u016,indonesia_gamelan_0019,1.0249198535368258
great_britain_u016,indonesia_gamelan_0004,1.0619811481203092
great_britain_u016,indonesia_gamelan_0038,0.45755924246672486
great_britain_u016,indonesia_gamelan_0050,1.5019917019557745
great_britain_u016,indonesia_gamelan_0042,1.7955005014917236
great_britain_u017,great_britain_0023,1.9556503793073556
great_britain_u017,great_britain_0101,1.423026541573542
great_britain_u017,great_britain_0029,0.9916020801263217
great_britain_u017,great_britain_0014,1.1763805802951697
great_britain_u017,great_britain_0038,1.8329406885044706
great_britain_u017,great_britain_0033,0.6894608997051381
great_britain_u017,great_britain_0104,0.775929062484787
great_britain_u017,great_britain_0088,1.6380520103587326
great_britain_u017,great_britain_0025,1.6220262419557598
great_britain_u017,great_britain_0021,2.2524972683235163
great_britain_u017,great_britain_0037,1.2210978551656504
great_britain_u017,great_britain_0090,0.6872589068812148
great_britain_u017,great_britain_0030,1.502252075115608
great_britain_u017,great_britain_0097,1.676148250289088
great_britain_u017,great_britain_0012,0.8158148054812796
great_britain_u017,great_britain_0032,1.5286869043482143
great_britain_u017,great_britain_0001,0.9161482848605064
great_britain_u017,great_britain_0041,2.032159349844843
great_britain_u017,great_britain_0077,2.015653580227106
great_britain_u017,great_britain_0099,1.3161101905973118
great_britain_u017,great_britain_0015,2.242632003634587
great_britain_u017,great_britain_0091,2.265109933425804
great_britain_u017,great_britain_0031,0.7979581284346435
great_britain_u017,great_britain_0057,1.2093063133360067
great_britain_u017,indonesia_gamelan_0022,1.2604339845629704
great_britain_u017,indonesia_gamelan_0001,0.5645310429349499
great_britain_u017,indonesia_gamelan_0003,0.9665849301490851
great_britain_u017,indonesia_gamelan_0045,0.8025823134223975
great_britain_u017,indonesia_gamelan_0000,1.7352677983050504
great_britain_u017,indonesia_gamelan_0002,1.0056408608224852
great_britain_u017,indonesia_gamelan_0006,1.4796056590391418
great_britain_u017,indonesia_gamelan_0016,0.9720522407414346
great_britain_u017,modern_english_pop_0007,0.6279462950654279
great_britain_u017,modern_english_pop_0023,1.615254565717144
great_britain_u017,modern_english_pop_0101,0.4505628378191902
great_britain_u017,modern_english_pop_0012,0.5255201798655076
great_britain_u017,modern_english_pop_0102,0.9419189479610084
great_britain_u017,modern_english_pop_0008,1.3773126449502944
great_britain_u017,modern_english_pop_0073,0.9113007986425472
great_britain_u017,modern_english_pop_0040,0.5395223037883162
great_britain_u018,great_britain_0012,1.6142814464697945
great_britain_u018,great_britain_0030,1.3688527676261444
great_britain_u018,great_britain_0091,1.1713273778727298
great_britain_u018,great_britain_0104,1.7799937715149527
great_britain_u018,great_britain_0090,2.267192123252279
great_britain_u018,great_britain_0023,1.307707021323018
great_britain_u018,great_britain_0031,1.2515539769244963
great_britain_u018,great_britain_0099,1.3134957398296983
great_britain_u018,great_britain_0051,1.3090633448857696
great_britain_u018,great_britain_0095,2.283827734060654
great_britain_u018,great_britain_0041,1.7941924942036123
great_britain_u018,great_britain_0033,1.1945931748882705
great_britain_u018,great_britain_0096,1.2158415948510963
great_britain_u018,great_britain_0020,1.3181246951834962
great_britain_u018,great_britain_0032,0.6383285235762757
great_britain_u018,great_britain_0025,1.4854832934866562
great_britain_u018,great_britain_0057,1.974632141376769
great_britain_u018,great_britain_0001,1.7144794432829555
great_britain_u018,great_britain_0097,0.9172759606636591
great_britain_u018,great_britain_0101,1.830859066377688
great_britain_u018,great_britain_0077,1.8160660959227521
great_britain_u018,great_britain_0037,1.0278801469945198
great_britain_u018,great_britain_0029,1.649458783078213
great_britain_u018,great_britain_0021,1.6288870821353398
great_britain_u018,france_0055,1.583713292205845
great_britain_u018,france_0067,0.6336976209751457
great_britain_u018,france_0099,0.7130319810905558
great_britain_u018,france_0087,1.106058830086537
great_britain_u018,france_0037,0.5095959510046145
great_britain_u018,france_0034,1.0110521667623038
great_britain_u018,france_0020,1.5140957066996263
great_britain_u018,france_0048,0.6507644318783976
great_britain_u018,germany_0006,1.0709307948643085
great_britain_u018,germany_0063,1.7861884650663002
great_britain_u018,germany_0076,1.1329920181235669
great_britain_u018,germany_0066,1.1227371625648221
great_britain_u018,germany_0068,1.2043713380276269
great_britain_u018,germany_0054,0.7011058999492006
great_britain_u018,germany_0009,0.6486712416260247
great_britain_u018,germany_0046,1.3644287493053964
great_britain_u019,great_britain_0092,1.1823428207440962
great_britain_u019,great_britain_0040,0.7045291815922543
great_britain_u019,great_britain_0102,1.3007899460670764
great_britain_u019,great_britain_0017,1.7285073052042559
great_britain_u019,great_britain_0026,2.0208381338387085
great_britain_u019,great_britain_0004,1.5512032228535426
great_britain_u019,great_britain_0054,1.6791253550480603
great_britain_u019,great_britain_0006,0.8807857088892356
great_britain_u019,great_britain_0082,0.6391804159526828
great_britain_u019,great_britain_0044,1.9406620504308698
great_britain_u019,great_britain_0050,0.863140907836219
great_britain_u019,china_ctis_0024,0.5730788729692158
great_britain_u019,china_ctis_0057,1.7157091332239036
great_britain_u019,china_ctis_0031,1.7507538414798882
great_britain_u019,china_ctis_0017,1.2819473436633677
great_britain_u019,china_ctis_0026,0.9611603181278461
great_britain_u019,china_ctis_0013,1.57487338030147
great_britain_u019,china_ctis_0011,0.7263719451028069
great_britain_u019,china_ctis_0027,1.0296796420300707
great_britain_u019,india_saraga_0086,0.9319733536508122
great_britain_u019,india_saraga_0049,1.6821449875012702
great_britain_u019,india_saraga_0023,1.6916995107390693
great_britain_u019,india_saraga_0046,1.3286960005369497
great_britain_u019,india_saraga_0015,0.599499189368134
great_britain_u019,india_saraga_0047,1.1009602660387083
great_britain_u019,india_saraga_0050,0.7811932944024766
great_britain_u019,india_saraga_0032,1.6446361452990506
great_britain_u020,great_britain_0084,1.2469667778945657
great_britain_u020,great_britain_0008,0.7244526067094212
great_britain_u020,great_britain_0093,2.021636721304371
great_britain_u020,great_britain_0018,1.5422571564119427
great_britain_u020,great_britain_0068,1.445547604286372
great_britain_u020,india_saraga_0017,1.7575489947187202
great_britain_u020,india_saraga_0106,0.9015827759199055
great_britain_u020,india_saraga_0003,1.6525520367435398
great_britain_u020,india_saraga_0082,1.4215786394372156
great_britain_u020,india_saraga_0087,1.7035129834005227
great_britain_u020,india_saraga_0015,1.6755327712293209
great_britain_u020,india_saraga_0007,1.787890236785194
great_britain_u020,india_saraga_0048,0.6277636152501628
great_britain_u020,france_0013,1.5246221293236533
great_britain_u020,france_0101,1.5360673791791293
great_britain_u020,france_0065,1.3199042630409574
great_britain_u020,france_0062,0.8264622936215728
great_britain_u020,france_0022,1.7529501666982255
great_britain_u020,france_0001,0.7259698861517829
great_britain_u020,france_0063,1.1244267607838927
great_britain_u020,france_0094,1.1540076023059014
great_britain_u021,great_britain_0061,1.2288561971850391
great_britain_u021,great_britain_0083,1.3123063135443696
great_britain_u021,great_britain_0027,1.1562348369610427
great_britain_u021,great_britain_0019,0.8353365779432
great_britain_u021,great_britain_0089,1.8063208944995721
great_britain_u021,great_britain_0022,2.0809783264492507
great_britain_u021,great_britain_0073,2.1371473199437703
great_britain_u021,great_britain_0024,2.09438506811517
great_britain_u021,great_britain_0103,1.3543270592055376
great_britain_u021,great_britain_0053,1.0650141815505136
great_britain_u021,great_britain_0098,1.6754184680614204
great_britain_u021,great_britain_0013,2.2218659730379047
great_britain_u021,great_britain_0094,1.8291623680908433
great_britain_u021,great_britain_0100,1.4286137687430198
great_britain_u021,great_britain_0007,1.763194791035698
great_britain_u021,france_0072,1.4929261818134358
great_britain_u021,france_0086,1.6910135027928956
great_britain_u021,france_0014,1.4803412678624082
great_britain_u021,france_0027,1.0348072501084726
great_britain_u021,france_0076,0.8193687999284036
great_britain_u021,france_0025,1.1248402473849484
great_britain_u021,france_0036,0.8930402252173869
great_britain_u021,france_0041,1.722732200128549
great_britain_u021,india_saraga_0047,1.135753888657449
great_britain_u021,india_saraga_0007,1.0872760535514112
great_britain_u021,india_saraga_0041,0.920064894509065
great_britain_u021,india_saraga_0105,1.3131994368936604
great_britain_u021,india_saraga_0026,1.1520692261382797
great_britain_u021,india_saraga_0059,0.6242160459126463
great_britain_u021,india_saraga_0048,1.6234305446211676
great_britain_u021,india_saraga_0075,0.934667323394128
great_britain_u022,great_britain_0003,1.9785951894255196
great_britain_u022,great_britain_0086,0.8528750947067194
great_britain_u022,great_britain_0078,0.9332518843044141
great_britain_u022,great_britain_0002,0.5791596605696437
great_britain_u022,great_britain_0011,1.479993919781872
great_britain_u022,great_britain_0000,0.9108259270868653
great_britain_u022,great_britain_0016,1.8243184431289006
great_britain_u022,great_britain_0081,2.2348189009403696
great_britain_u022,great_britain_0085,0.9351032185233962
great_britain_u022,great_britain_0036,1.6946923452920937
great_britain_u022,great_britain_0080,0.9404144460159319
great_britain_u022,great_britain_0087,0.6060618317399894
great_britain_u022,great_britain_0079,1.8835059850201585
great_britain_u022,great_britain_0076,1.32365806722279
great_britain_u022,great_britain_0009,2.2082073361127765
great_britain_u022,great_britain_0010,1.4966431466973744
great_britain_u022,great_britain_0005,0.8466579489830548
great_britain_u022,india_saraga_0017,1.057195496426325
great_britain_u022,india_saraga_0019,0.7239039229881222
great_britain_u022,india_saraga_0092,1.6353395181268757
great_britain_u022,india_saraga_0076,1.3827192941981583
great_britain_u022,india_saraga_0015,0.9106723862838499
great_britain_u022,india_saraga_0055,1.1625574357896395
great_britain_u022,india_saraga_0029,1.3537982540875886
great_britain_u022,india_saraga_0062,1.5068579174713241
great_britain_u022,italy_0061,0.5581987333252314
great_britain_u022,italy_0048,0.48040043669358323
great_britain_u022,italy_0013,0.6045111411793512
great_britain_u022,italy_0018,0.98324501873296
great_britain_u022,italy_0016,1.0800539236108244
great_britain_u022,italy_0060,0.6342232007886953
great_britain_u022,italy_0015,1.0050567361644671
great_britain_u022,italy_0063,1.0461907615884711
great_britain_u023,great_britain_0018,1.7260843511279442
great_britain_u023,great_britain_0093,1.8631100191442365
great_britain_u023,great_britain_0084,1.3892671819418465
great_britain_u023,great_britain_0068,1.8235545956576595
great_britain_u023,great_britain_0008,1.4555048066470888
great_britain_u023,china_jingju_0013,1.4123768246554624
great_britain_u023,china_jingju_0038,0.7537071345242292
great_britain_u023,china_jingju_0068,1.4474381120096067
great_britain_u023,china_jingju_0052,1.4154174316669739
great_britain_u023,china_jingju_0049,0.8099177045163898
great_britain_u023,china_jingju_0035,1.2005608379042363
great_britain_u023,china_jingju_0074,1.6046707516304421
great_britain_u023,china_jingju_0071,0.7868555734127927
great_britain_u023,italy_0006,1.443572708419813
great_britain_u023,italy_0094,1.7378550681482976
great_britain_u023,italy_0002,1.6194265916727126
great_britain_u023,italy_0033,0.9920521116183729
great_britain_u023,italy_0089,1.269730439533987
great_britain_u023,italy_0041,1.7888896812411503
great_britain_u023,italy_0079,1.2173905053572198
great_britain_u023,italy_0040,0.6052872632809949
india_u000,india_saraga_0072,1.8370929556138573
india_u000,india_saraga_0026,1.698392327150125
india_u000,india_saraga_0091,0.9382922210450891
india_u000,india_saraga_0106,1.0993314462334975
india_u000,india_saraga_0009,2.2464817080907955
india_u000,india_saraga_0000,1.3489568197671746
india_u000,india_saraga_0022,0.6516891468527564
india_u000,india_saraga_0042,0.9537839515794236
india_u000,india_saraga_0098,1.16570052966667
india_u000,india_saraga_0074,2.2991192224081605
india_u000,india_saraga_0049,1.0971429193976845
india_u000,india_saraga_0044,0.62053283914989
india_u000,india_saraga_0021,1.4597897212829545
india_u000,india_saraga_0036,0.7192192890801103
india_u000,india_saraga_0070,1.04776660775012
india_u000,india_saraga_0077,2.2868609787620446
india_u000,india_saraga_0094,1.790501445154516
india_u000,india_saraga_0095,0.6623999355129513
india_u000,india_saraga_0084,1.3489845895708479
india_u000,india_saraga_0038,0.871074709284765
india_u000,india_saraga_0063,0.7870795322936591
india_u000,india_saraga_0001,1.5876878380266832
india_u000,india_saraga_0031,1.4472564096293719
india_u000,india_saraga_0067,1.8564448579442516
india_u000,china_jingju_0074,1.6546134081130106
india_u000,china_jingju_0022,0.7830205075327437
india_u000,china_jingju_0038,1.696039181984786
india_u000,china_jingju_0016,1.1492888929480287
india_u000,china_jingju_0041,0.7994271395499083
india_u000,china_jingju_0057,1.5918108814385226
india_u000,china_jingju_0002,0.4979653893391804
india_u000,china_jingju_0068,1.2053376595884968
india_u000,turkey_modern_0116,1.4241890722904549
india_u000,turkey_modern_0128,0.8279698776607934
india_u000,turkey_modern_0111,1.615714088710344
india_u000,turkey_modern_0097,0.7743841605332796
india_u000,turkey_modern_0145,1.5838302816878478
india_u000,turkey_modern_0022,0.5560357011738173
india_u000,turkey_modern_0084,0.6659022490223823
india_u000,turkey_modern_0001,0.9643291882675761
india_u001,india_saraga_0066,0.9965952499996323
india_u001,india_saraga_0043,1.036234793170958
india_u001,india_saraga_0070,0.7360222737991591
india_u001,india_saraga_0103,1.2547296889627682
india_u001,india_saraga_0099,0.6050582159366685
india_u001,india_saraga_0095,0.7723323365172003
india_u001,india_saraga_0051,1.0436751640453563
india_u001,india_saraga_0041,0.8507632884438543
india_u001,india_saraga_0077,1.8379744466387509
india_u001,india_saraga_0012,0.757168264247128
india_u001,india_saraga_0053,2.068839831167305
india_u001,india_saraga_0050,0.9564225189013935
india_u001,india_saraga_0092,0.7623188142759543
india_u001,india_saraga_0020,0.5924339616439209
india_u001,india_saraga_0033,1.8087286324557024
india_u001,india_saraga_0058,1.017663886743985
india_u001,india_saraga_0107,1.4538850938626613
india_u001,india_saraga_0094,0.7675376805094687
india_u001,india_saraga_0010,2.27463546758253
india_u001,india_saraga_0059,0.7912886748956728
india_u001,india_saraga_0098,1.28557222345724
india_u001,india_saraga_0011,2.0440953915269535
india_u001,india_saraga_0080,0.9974299861287017
india_u001,india_saraga_0073,1.035526329722149
india_u001,great_britain_0036,1.5414743464524894
india_u001,great_britain_0010,0.8190085372092171
india_u001,great_britain_0016,0.45387626997799757
india_u001,great_britain_0005,1.0276835226614323
india_u001,great_britain_0076,0.4669225330659412
india_u001,great_britain_0080,1.6782195831696454
india_u001,great_britain_0011,1.3164478526419483
india_u001,great_britain_0003,1.237069259398677
india_u001,turkey_modern_0047,0.7221458396641902
india_u001,turkey_modern_0123,1.394927350328659
india_u001,turkey_modern_0103,1.3642937689657668
india_u001,turkey_modern_0061,0.5316258247992427
india_u001,turkey_modern_0110,1.639142816594273
india_u001,turkey_modern_0037,1.2322080399552375
india_u001,turkey_modern_0074,1.5198302894021238
india_u001,turkey_modern_0098,0.8049339973739398
india_u002,india_saraga_0069,2.113185624363477
india_u002,india_saraga_0059,0.6372081737835263
india_u002,india_saraga_0002,1.363908624689488
india_u002,india_saraga_0055,1.7144176420144874
india_u002,india_saraga_0019,2.1063016251474243
india_u002,india_saraga_0098,1.599281241459728
india_u002,india_saraga_0004,1.9972353678878414
india_u002,india_saraga_0009,0.9591420077047691
india_u002,india_saraga_0072,1.1835962774930575
india_u002,india_saraga_0058,2.2001781725258733
india_u002,india_saraga_0028,2.1033070700848837
india_u002,india_saraga_0099,1.5374688951380153
india_u002,india_saraga_0007,1.3952173826961078
india_u002,india_saraga_0018,1.353091250258941
india_u002,india_saraga_0034,0.6764121662031026
india_u002,india_saraga_0010,2.1143505043250777
india_u002,india_saraga_0076,1.9863079020164536
india_u002,india_saraga_0104,1.3620332246555706
india_u002,india_saraga_0071,1.0570339529410915
india_u002,india_saraga_0031,1.166538046085765
india_u002,india_saraga_0032,0.7874520106307343
india_u002,india_saraga_0062,1.8200873037523713
india_u002,india_saraga_0001,1.5352555025571295
india_u002,india_saraga_0065,0.9788284043729437
india_u002,great_britain_0078,1.291057522304881
india_u002,great_britain_0002,1.7719607892442157
india_u002,great_britain_0036,0.6152334328928419
india_u002,great_britain_0005,1.0689547643441926
india_u002,great_britain_0009,1.117114408244871
india_u002,great_britain_0079,0.6751762386621333
india_u002,great_britain_0080,1.167633284846375
india_u002,great_britain_0085,1.2680692990399216
india_u002,france_0032,0.6624151274049687
india_u002,france_0100,0.6588772636619832
india_u002,france_0026,1.6060707661055706
india_u002,france_0045,0.8703730395045606
india_u002,france_0043,1.300950072556152
india_u002,france_0044,1.296143652161539
india_u002,france_0073,1.5828806820365573
india_u002,france_0031,1.4488577521625565
india_u003,india_saraga_0028,2.1447105087420293
india_u003,india_saraga_0073,1.331130628509828
india_u003,india_saraga_0007,0.7155598657388544
india_u003,india_saraga_0003,1.9528070751691418
india_u003,india_saraga_0071,2.1019189973954653
india_u003,india_saraga_0038,1.288563966946666
india_u003,india_saraga_0039,0.9947878130124778
india_u003,india_saraga_0034,0.6508511276845805
india_u003,india_saraga_0061,1.5946178677686265
india_u003,india_saraga_0001,2.144524871220311
india_u003,india_saraga_0012,1.7443568440225616
india_u003,india_saraga_0053,1.1222538313684167
india_u003,india_saraga_0078,1.6839823594001928
india_u003,india_saraga_0002,2.0103180028478436
india_u003,india_saraga_0006,1.3958068523778147
india_u003,india_saraga_0031,1.9890661452462715
india_u003,india_saraga_0036,1.2510441922494608
india_u003,india_saraga_0098,1.1761722955777043
india_u003,india_saraga_0035,1.5806553796405056
india_u003,india_saraga_0025,1.3765840705229802
india_u003,india_saraga_0032,2.2605180627953683
india_u003,india_saraga_0095,1.4657717555861014
india_u003,india_saraga_0041,1.2394217498801372
india_u003,india_saraga_0014,1.2562603618967247
india_u003,great_britain_0084,1.1897189333277074
india_u003,great_britain_0068,0.9291312513110638
india_u003,great_britain_0093,1.4259239126526637
india_u003,great_britain_0018,0.9638949523972152
india_u003,great_britain_0008,0.9685949218090782
india_u003,russia_0047,1.2829138866586862
india_u003,russia_0044,0.5321432781396135
india_u003,russia_0048,1.3347291394554472
india_u003,russia_0066,1.1317124931642277
india_u003,russia_0020,1.0615852542869662
india_u003,russia_0016,1.4209915374557345
india_u003,russia_0019,1.4736453057065624
india_u004,india_saraga_0006,1.4270139081217126
india_u004,india_saraga_0028,1.6417442053917535
india_u004,india_saraga_0056,1.0191355658192043
india_u004,india_saraga_0107,2.2547321494009163
india_u004,india_saraga_0042,1.266242013019722
india_u004,india_saraga_0094,0.8550134218074101
india_u004,india_saraga_0063,0.6714540966962321
india_u004,india_saraga_0098,1.672396584572265
india_u004,india_saraga_0052,2.271330243279386
india_u004,india_saraga_0013,2.1202455070598356
india_u004,india_saraga_0018,1.7861303789140632
india_u004,india_saraga_0016,2.2837814275126846
india_u004,india_saraga_0011,1.8218787520226336
india_u004,india_saraga_0071,1.160208187867408
india_u004,india_saraga_0067,1.6121012795287986
india_u004,india_saraga_0033,0.7125974582875937
india_u004,india_saraga_0074,0.9574022956338829
india_u004,india_saraga_0095,1.295256906976649
india_u004,india_saraga_0059,0.9231369013962529
india_u004,india_saraga_0097,2.219789250578594
india_u004,india_saraga_0031,2.2924057336345203
india_u004,india_saraga_0058,1.2148644622098728
india_u004,india_saraga_0050,1.7984200009831677
india_u004,india_saraga_0048,1.27840451039409
india_u004,russia_0034,0.6383374259213787
india_u004,russia_0082,0.9048512443978466
india_u004,russia_0088,0.7650517932661454
india_u004,russia_0030,0.8929055975500166
india_u004,russia_0059,0.7402792793369173
india_u004,russia_0080,0.6016659107286327
india_u004,russia_0028,0.7435283796392574
india_u004,russia_0073,1.6727719929702878
india_u004,france_0096,0.5650492622983138
india_u004,france_0058,0.8884214690695665
india_u004,france_0098,1.1634073575785577
india_u004,france_0002,0.9285920858407818
india_u004,france_0064,1.1487695782754979
india_u004,france_0019,0.5086170813163778
india_u004,france_0081,1.32556900504191
india_u004,france_0017,1.2106963821006813
india_u005,india_saraga_0027,1.6148033782509204
india_u005,india_saraga_0067,1.7248932234565635
india_u005,india_saraga_0070,1.8512824858368118
india_u005,india_saraga_0096,1.868286521732393
india_u005,india_saraga_0002,2.1029103825335635
india_u005,india_saraga_0048,1.1775798897821956
india_u005,india_saraga_0088,1.7022553392930455
india_u005,india_saraga_0038,1.0585009945045762
india_u005,india_saraga_0051,1.6006310163267818
india_u005,india_saraga_0020,1.8707771167965754
india_u005,india_saraga_0010,1.9394768736288295
india_u005,india_saraga_0098,1.2997147676562366
india_u005,india_saraga_0012,1.4525423850223456
india_u005,india_saraga_0046,1.150890993268548
india_u005,india_saraga_0006,0.8665876977808625
india_u005,india_saraga_0031,1.024392523957118
india_u005,india_saraga_0086,2.1484363334521968
india_u005,india_saraga_0091,1.10797246065607
india_u005,india_saraga_0042,2.2564598503661775
india_u005,india_saraga_0107,0.9915496969965334
india_u005,india_saraga_0097,1.822297625904802
india_u005,india_saraga_0068,1.5649831814114163
india_u005,india_saraga_0100,1.7771008354302775
india_u005,india_saraga_0103,1.6858274579008372
india_u005,modern_english_pop_0011,1.4041105878567455
india_u005,modern_english_pop_0001,1.6724885153878697
india_u005,modern_english_pop_0072,1.21068381968435
india_u005,modern_english_pop_0107,0.5415958569203936
india_u005,modern_english_pop_0014,0.8156143365033144
india_u005,modern_english_pop_0095,1.4060956235518312
india_u005,modern_english_pop_0102,1.117000747767159
india_u005,modern_english_pop_0068,1.1905451765365773
india_u005,indonesia_gamelan_0024,1.2553836147633934
india_u005,indonesia_gamelan_0040,0.9665495185291696
india_u005,indonesia_gamelan_0015,1.4947589588686045
india_u005,indonesia_gamelan_0003,1.4267720932603405
india_u005,indonesia_gamelan_0054,1.4143042064607039
india_u005,indonesia_gamelan_0033,1.4156687349471753
india_u005,indonesia_gamelan_0043,1.6519833022332346
india_u005,indonesia_gamelan_0014,1.2537802522484205
india_u006,india_saraga_0032,1.606111996546673
india_u006,india_saraga_0042,0.669087564446509
india_u006,india_saraga_0027,0.5839385184659917
india_u006,india_saraga_0002,0.6746429251760464
india_u006,india_saraga_0018,0.7957000319922533
india_u006,india_saraga_0013,1.0194505475749094
india_u006,india_saraga_0010,2.13949776009342
india_u006,india_saraga_0064,1.4696413649730338
india_u006,india_saraga_0055,1.9496382495003604
india_u006,india_saraga_0034,2.021087772384934
india_u006,india_saraga_0035,1.8427768450686832
india_u006,india_saraga_0098,1.2501393396254863
india_u006,india_saraga_0043,2.065157454375695
india_u006,india_saraga_0061,1.855035824478588
india_u006,india_saraga_0036,1.8569362398737155
india_u006,india_saraga_0024,2.130215714360607
india_u006,india_saraga_0046,1.6076944899895043
india_u006,india_saraga_0090,1.4867908916847545
india_u006,india_saraga_0092,2.110530411854955
india_u006,india_saraga_0038,1.3589464810832395
india_u006,india_saraga_0052,1.9749594506497536
india_u006,india_saraga_0081,0.6678849717672932
india_u006,india_saraga_0076,0.5772251541871556
india_u006,india_saraga_0029,1.4863045445675156
india_u006,italy_0030,0.5493760566521134
india_u006,italy_0009,1.768333068161636
india_u006,italy_0046,0.45742658495372834
india_u006,modern_english_pop_0114,1.4195020092731727
india_u006,modern_english_pop_0005,0.7785693393113979
india_u006,modern_english_pop_0085,1.756195207117276
india_u006,modern_english_pop_0115,0.9650812283476599
india_u006,modern_english_pop_0081,0.4868326254562179
india_u006,modern_english_pop_0000,0.4863632833018567
india_u006,modern_english_pop_0089,1.1970540518283297
india_u006,modern_english_pop_0073,1.7820611716922297
india_u007,india_saraga_0007,1.0465171985200779
india_u007,india_saraga_0089,0.6816549572040533
india_u007,india_saraga_0009,1.2249256129868682
india_u007,india_saraga_0019,1.9726120010813712
india_u007,india_saraga_0025,1.8164570750138813
india_u007,india_saraga_0080,2.209236902685548
india_u007,india_saraga_0056,1.3116015949064441
india_u007,india_saraga_0000,1.7959574125709459
india_u007,india_saraga_0022,1.722714470625985
india_u007,india_saraga_0068,0.9494048729479976
india_u007,india_saraga_0048,1.0986798215263358
india_u007,india_saraga_0062,1.4889559451111365
india_u007,india_saraga_0081,1.949233875285215
india_u007,india_saraga_0023,1.3716269669485588
india_u007,india_saraga_0028,0.9678541499027845
india_u007,india_saraga_0052,2.2887283157336378
india_u007,india_saraga_0013,0.774373440960078
india_u007,india_saraga_0097,2.2239083654225404
india_u007,india_saraga_0029,1.970604847542593
india_u007,india_saraga_0106,2.022091320806044
india_u007,india_saraga_0059,1.9462328308328363
india_u007,india_saraga_0024,0.9340948737504728
india_u007,india_saraga_0042,1.666204601006792
india_u007,india_saraga_0064,1.8803934264778572
india_u007,italy_0010,1.4566758193372296
india_u007,italy_0035,0.8166132502345048
india_u007,italy_0080,0.6945111734809699
india_u007,italy_0083,0.8929660282846414
india_u007,italy_0082,1.097790048509479
india_u007,italy_0019,1.2246040085359635
india_u007,italy_0087,1.5798829891308666
india_u007,italy_0088,1.4881962074012316
india_u007,indonesia_fma_0017,1.3628032096497966
india_u007,indonesia_fma_0005,0.8057105454727268
india_u007,indonesia_fma_0000,1.0964886735621735
india_u007,indonesia_fma_0015,0.9028384300727474
india_u007,indonesia_fma_0014,0.7671530423932211
india_u007,indonesia_fma_0001,0.4638312365176973
india_u007,indonesia_fma_0016,0.9082736602704324
india_u007,indonesia_fma_0002,0.795756961414739
india_u008,india_saraga_0102,0.738670033208628
india_u008,india_saraga_0032,2.0446924262486
india_u008,india_saraga_0087,1.823852219449192
india_u008,india_saraga_0056,1.160283165495966
india_u008,india_saraga_0105,1.8925599202696637
india_u008,india_saraga_0005,1.8313155427126366
india_u008,india_saraga_0086,1.611537365726965
india_u008,india_saraga_0101,1.5383800241250813
india_u008,india_saraga_0070,1.8423635183517848
india_u008,india_saraga_0069,2.298723330441909
india_u008,india_saraga_0072,1.573002630069902
india_u008,india_saraga_0059,1.9700383287898777
india_u008,india_saraga_0004,1.8588721623693805
india_u008,india_saraga_0015,2.0512694935083493
india_u008,india_saraga_0053,2.2215553858876387
india_u008,india_saraga_0031,0.9080685328699061
india_u008,india_saraga_0023,0.8604178727815754
india_u008,india_saraga_0095,1.586456904015704
india_u008,india_saraga_0014,1.35003398347922
india_u008,india_saraga_0083,1.5594966452855668
india_u008,india_saraga_0091,1.9516237169875021
india_u008,india_saraga_0042,2.18220747808495
india_u008,india_saraga_0006,1.2950422984675127
india_u008,india_saraga_0092,1.813433813562752
india_u008,china_opencpop_0037,0.7156789035859026
india_u008,china_opencpop_0047,1.171645131628607
india_u008,china_opencpop_0020,0.4794364500037019
india_u008,china_opencpop_0022,1.130063265629681
india_u008,china_opencpop_0034,1.1862042198194247
india_u008,china_opencpop_0014,1.4428512033007472
india_u008,china_opencpop_0046,1.3268044667794388
india_u008,china_opencpop_0039,0.9338355913128321
india_u008,russia_0014,0.45773671596271387
india_u008,russia_0018,0.6059059293909811
india_u008,russia_0061,1.7636318822485606
india_u008,russia_0053,1.695149763725663
india_u008,russia_0032,0.8888757701595462
india_u008,russia_0011,0.7994514688972484
india_u008,russia_0039,1.0391619964815506
india_u008,russia_0015,1.3814190399762982
india_u009,india_saraga_0032,0.8089553871060541
india_u009,india_saraga_0069,1.7122681109483793
india_u009,india_saraga_0027,0.7562599966866274
india_u009,india_saraga_0058,0.6213846295351919
india_u009,india_saraga_0003,1.1257756682191276
india_u009,india_saraga_0015,0.9059580234394957
india_u009,india_saraga_0033,2.280442045582392
india_u009,india_saraga_0029,1.0976686185647
india_u009,india_saraga_0084,0.9580605483940111
india_u009,india_saraga_0056,0.914427945536145
india_u009,india_saraga_0019,1.2198962607860209
india_u009,india_saraga_0053,1.6200893444469717
india_u009,india_saraga_0040,1.923855599454837
india_u009,india_saraga_0088,1.203894027356793
india_u009,india_saraga_0103,1.6547999405738116
india_u009,india_saraga_0005,1.4065533245319433
india_u009,india_saraga_0063,2.035204472287112
india_u009,india_saraga_0107,1.5565970655983006
india_u009,india_saraga_0051,1.0750631339914476
india_u009,india_saraga_0023,1.7886880186324914
india_u009,india_saraga_0006,1.9896112418396676
india_u009,india_saraga_0028,1.3778851329178397
india_u009,india_saraga_0035,2.277915237072
india_u009,india_saraga_0047,2.0914421166050157
india_u009,great_britain_0077,0.7158888040484136
india_u009,great_britain_0020,1.5121204274109203
india_u009,great_britain_0101,1.2612841798721843
india_u009,great_britain_0028,1.1719952520405768
india_u009,great_britain_0038,1.1438170918824173
india_u009,great_britain_0034,1.6021050427562793
india_u009,great_britain_0037,1.2746782650196555
india_u009,great_britain_0091,1.1759030798225405
india_u009,modern_english_pop_0083,0.5159608741233662
india_u009,modern_english_pop_0109,1.0552088741740524
india_u009,modern_english_pop_0104,1.6758561087614354
india_u009,modern_english_pop_0007,1.4108445846152355
india_u009,modern_english_pop_0079,0.5187878703758071
india_u009,modern_english_pop_0032,1.6433895809039072
india_u009,modern_english_pop_0022,1.566000748859023
india_u009,modern_english_pop_0103,1.1880236856188626
india_u010,india_saraga_0028,1.4915295578510952
india_u010,india_saraga_0105,1.3554717636509697
india_u010,india_saraga_0002,0.7002202104083224
india_u010,india_saraga_0085,1.9326959689496932
india_u010,india_saraga_0057,0.7930602577821722
india_u010,india_saraga_0029,1.255633267747335
india_u010,india_saraga_0094,1.2422694086733328
india_u010,india_saraga_0033,1.0580703663496227
india_u010,india_saraga_0087,1.2693247921678716
india_u010,india_saraga_0034,1.6410657154096893
india_u010,india_saraga_0080,1.1121431135583026
india_u010,india_saraga_0091,0.8725830925295268
india_u010,india_saraga_0024,2.0746589556250346
india_u010,india_saraga_0013,2.2496863210035585
india_u010,india_saraga_0047,1.366057096186653
india_u010,india_saraga_0074,1.1391090037944105
india_u010,india_saraga_0004,0.6569065841674456
india_u010,india_saraga_0097,0.6385689075523416
india_u010,india_saraga_0008,1.2527214424883184
india_u010,india_saraga_0083,2.1796674815691657
india_u010,india_saraga_0025,1.8354722373676984
india_u010,india_saraga_0090,1.1774897475520867
india_u010,india_saraga_0084,2.244880083439055
india_u010,india_saraga_0064,1.3146073831161353
india_u010,france_0098,0.8236702043657717
india_u010,france_0066,1.0255768803778824
india_u010,france_0058,0.7355833564281742
india_u010,france_0019,1.6456123397710742
india_u010,france_0011,0.937583969063882
india_u010,france_0017,1.338258102067334
india_u010,france_0090,0.9752137184166709
india_u010,france_0096,1.6673374142513495
india_u010,china_ctis_0001,1.3172140148161007
india_u010,china_ctis_0056,1.1091400518797543
india_u010,china_ctis_0004,0.6283930083948069
india_u010,china_ctis_0041,1.6675874948504759
india_u010,china_ctis_0039,1.1882027721668909
india_u010,china_ctis_0013,0.8348215134979137
india_u010,china_ctis_0025,1.6352013039525506
india_u010,china_ctis_0037,0.5234945769824505
india_u011,india_saraga_0091,1.9371488642061896
india_u011,india_saraga_0029,1.5227313725617393
india_u011,india_saraga_0050,0.7967259074826422
india_u011,india_saraga_0028,0.6344437359426301
india_u011,india_saraga_0094,0.9618042507816672
india_u011,india_saraga_0011,1.0248985225502176
india_u011,india_saraga_0040,0.5995174760162573
india_u011,india_saraga_0075,0.9477561786316585
india_u011,india_saraga_0059,1.8486001662428893
india_u011,india_saraga_0001,2.050623114623831
india_u011,india_saraga_0092,2.124456806352763
india_u011,india_saraga_0007,1.2476017063101121
india_u011,india_saraga_0042,1.125988677183637
india_u011,india_saraga_0069,2.299759963158606
india_u011,india_saraga_0102,1.9021122778397406
india_u011,india_saraga_0058,1.5019323395655313
india_u011,india_saraga_0015,1.014480721389209
india_u011,india_saraga_0012,1.1292519062268056
india_u011,india_saraga_0003,1.464003501730693
india_u011,india_saraga_0056,1.5100930366390446
india_u011,india_saraga_0087,0.5985956613720942
india_u011,india_saraga_0024,2.2299651470932935
india_u011,india_saraga_0045,1.567920776681447
india_u011,india_saraga_0064,1.591297971605755
india_u011,germany_0023,0.735486030567656
india_u011,germany_0078,1.4827326913816845
india_u011,germany_0032,1.4453071021239878
india_u011,germany_0025,0.5784632640964315
india_u011,germany_0037,1.2532424025508924
india_u011,germany_0021,1.338561556195338
india_u011,germany_0030,1.5780170356747343
india_u011,germany_0028,0.7282230915389094
india_u011,turkey_modern_0081,1.634806975688648
india_u011,turkey_modern_0143,1.0729994468052544
india_u011,turkey_modern_0051,0.5803068860626205
india_u011,turkey_modern_0137,0.5925886490396824
india_u011,turkey_modern_0053,0.7170360124587789
india_u011,turkey_modern_0062,0.8317134530801665
india_u011,turkey_modern_0061,1.1201478360207298
india_u011,turkey_modern_0059,1.4608141169551558
india_u012,india_saraga_0014,0.9420654962716062
india_u012,india_saraga_0013,0.8858349496479385
india_u012,india_saraga_0009,1.9227502923077435
india_u012,india_saraga_0062,1.6066881019678898
india_u012,india_saraga_0085,0.8809005691868621
india_u012,india_saraga_0071,1.9790998979250343
india_u012,india_saraga_0027,1.184744153864916
india_u012,india_saraga_0090,1.3699781116056016
india_u012,india_saraga_0050,1.2431038941781134
india_u012,india_saraga_0104,1.4743808561111207
india_u012,india_saraga_0058,1.403245758729551
india_u012,india_saraga_0086,1.0486574045927135
india_u012,india_saraga_0038,1.3073591646768743
india_u012,india_saraga_0063,2.1418815834986678
india_u012,india_saraga_0054,1.4424923854266976
india_u012,india_saraga_0043,2.155766557978598
india_u012,india_saraga_0000,1.5239691574859888
india_u012,india_saraga_0070,1.9012098308806737
india_u012,india_saraga_0088,1.0814450091630048
india_u012,india_saraga_0091,1.9384632703266034
india_u012,india_saraga_0045,1.0309547823990999
india_u012,india_saraga_0078,0.6087237010841284
india_u012,india_saraga_0053,0.8522574269815204
india_u012,india_saraga_0047,0.6123512094302634
india_u012,indonesia_fma_0006,1.7285345665534286
india_u012,indonesia_fma_0012,1.7999689775638872
india_u012,indonesia_fma_0004,1.4790108558863528
india_u012,indonesia_fma_0016,0.5959730210646433
india_u012,indonesia_fma_0009,1.6635763714490768
india_u012,indonesia_fma_0003,1.454097847409241
india_u012,indonesia_fma_0001,0.8985300957928186
india_u012,indonesia_fma_0007,1.1280751809420584
india_u012,china_jingju_0005,1.343375110703658
india_u012,china_jingju_0013,0.48246814215891615
india_u012,china_jingju_0046,1.1270802313348585
india_u012,china_jingju_0022,1.43873383489423
india_u012,china_jingju_0038,0.7041042520600492
india_u012,china_jingju_0044,1.0491172741970995
india_u012,china_jingju_0052,1.1689156743996598
india_u012,china_jingju_0035,1.4430132521449637
india_u013,india_saraga_0105,0.6692491688457322
india_u013,india_saraga_0004,0.7688380328098922
india_u013,india_saraga_0101,0.5873701562151655
india_u013,india_saraga_0054,2.100262321699632
india_u013,india_saraga_0005,1.7329587398518023
india_u013,india_saraga_0068,1.0896188448539905
india_u013,india_saraga_0092,0.9565034481326004
india_u013,india_saraga_0051,1.7533071369971702
india_u013,india_saraga_0078,2.161192811754612
india_u013,india_saraga_0052,1.091014932064891
india_u013,india_saraga_0096,1.1296894636921986
india_u013,india_saraga_0049,2.0485652509592582
india_u013,india_saraga_0071,2.1160732823994723
india_u013,india_saraga_0002,2.151713077781368
india_u013,india_saraga_0065,1.0806910088115484
india_u013,india_saraga_0039,0.7825391791037019
india_u013,india_saraga_0055,1.333995811697485
india_u013,india_saraga_0097,1.0851943923685372
india_u013,india_saraga_0011,2.0996700002504167
india_u013,india_saraga_0029,0.6381952746111149
india_u013,india_saraga_0072,1.6684438101225696
india_u013,india_saraga_0090,2.1381628559154966
india_u013,india_saraga_0057,2.2597563827404636
india_u013,india_saraga_0047,1.6964752837891244
india_u013,china_opencpop_0016,1.732395991980213
india_u013,china_opencpop_0032,0.5521402745438408
india_u013,china_opencpop_0046,0.9350257670949237
india_u013,china_opencpop_0003,0.46176484139109053
india_u013,china_opencpop_0009,1.7745980924576048
india_u013,china_opencpop_0017,1.668680746335044
india_u013,china_opencpop_0012,0.48787095093507177
india_u013,china_opencpop_0002,0.474479078120684
india_u013,great_britain_0023,0.9454088170435944
india_u013,great_britain_0041,0.7990262551677174
india_u013,great_britain_0020,1.5933585742773781
india_u013,great_britain_0095,0.6666539444170141
india_u013,great_britain_0030,1.5173767746461575
india_u013,great_britain_0057,1.1985205949873954
india_u013,great_britain_0101,0.9594788913967336
india_u013,great_britain_0031,0.6467216783400613
india_u014,india_saraga_0030,0.6594106247820795
india_u014,india_saraga_0002,2.021087720264181
india_u014,india_saraga_0088,1.4528079503052935
india_u014,india_saraga_0067,1.7858859824443736
india_u014,india_saraga_0033,2.104956267039373
india_u014,india_saraga_0003,1.57028099020903
india_u014,india_saraga_0042,0.7756642479909857
india_u014,india_saraga_0038,0.5794481030893611
india_u014,india_saraga_0093,1.4321896431337453
india_u014,india_saraga_0053,2.212425427914521
india_u014,india_saraga_0095,1.5627727285327628
india_u014,india_saraga_0085,1.2183200132021952
india_u014,india_saraga_0021,0.6283404794645754
india_u014,india_saraga_0073,2.1533394948048956
india_u014,india_saraga_0060,1.1393452399801227
india_u014,india_saraga_0056,1.7907410172685407
india_u014,india_saraga_0102,1.772559173642277
india_u014,india_saraga_0083,1.0129484533610902
india_u014,india_saraga_0077,0.6850161986447512
india_u014,india_saraga_0064,1.23912565320893
india_u014,india_saraga_0104,1.1220509988691698
india_u014,india_saraga_0028,1.7829422880547618
india_u014,india_saraga_0043,1.9891248050132224
india_u014,india_saraga_0062,0.9587183450006388
india_u014,indonesia_gamelan_0014,1.1631119441981972
india_u014,indonesia_gamelan_0032,0.5048212689740184
india_u014,indonesia_gamelan_0047,0.7392453609601736
india_u014,indonesia_gamelan_0004,1.4783781671848122
india_u014,indonesia_gamelan_0052,1.5210877326602479
india_u014,indonesia_gamelan_0021,1.4981460256599344
india_u014,indonesia_gamelan_0044,0.6422236987341646
india_u014,indonesia_gamelan_0019,1.1938968820823632
india_u014,italy_0084,1.020656359498567
india_u014,italy_0019,1.7885065006733722
india_u014,italy_0010,1.3329943232287538
india_u014,italy_0080,1.7125228233842342
india_u014,italy_0035,0.6462229117613907
india_u014,italy_0087,1.0586789186853092
india_u014,italy_0083,1.4916702601429226
india_u014,italy_0088,0.9466079328410436
india_u015,india_saraga_0051,1.7240761555288566
india_u015,india_saraga_0104,1.3250674730314382
india_u015,india_saraga_0044,1.9193643479408797
india_u015,india_saraga_0040,1.3098363700396187
india_u015,india_saraga_0015,0.9817052733800786
india_u015,india_saraga_0021,1.0471130402035584
india_u015,india_saraga_0046,0.6531170132830729
india_u015,india_saraga_0056,1.5063599482865697
india_u015,india_saraga_0087,2.0082695247280546
india_u015,india_saraga_0098,1.9017176942603082
india_u015,india_saraga_0086,1.330186829433863
india_u015,india_saraga_0022,0.9133076126242835
india_u015,india_saraga_0072,2.0645106646881057
india_u015,india_saraga_0094,0.6729472837277429
india_u015,india_saraga_0103,1.2636592009743022
india_u015,india_saraga_0095,2.0526611206123153
india_u015,india_saraga_0054,1.2532297857722388
india_u015,india_saraga_0026,0.7783351870557559
india_u015,india_saraga_0100,1.0337628880964982
india_u015,india_saraga_0033,1.6100507870065859
india_u015,india_saraga_0037,0.8372619407731348
india_u015,india_saraga_0005,1.7047634388030635
india_u015,india_saraga_0107,1.3308293313186987
india_u015,india_saraga_0099,1.1518218889154002
india_u015,russia_0040,0.7752493987062713
india_u015,russia_0012,1.5614954809065578
india_u015,russia_0062,0.985509829075592
india_u015,russia_0045,1.4469470085684075
india_u015,russia_0017,1.044479510060469
india_u015,russia_0005,0.5740207022971522
india_u015,russia_0025,1.0446830664758016
india_u015,russia_0033,1.1353785026432814
india_u015,great_britain_0097,1.0680869612160588
india_u015,great_britain_0104,1.551926310860168
india_u015,great_britain_0041,1.6796493212080896
india_u015,great_britain_0095,1.512151211534896
india_u015,great_britain_0001,1.2367555679847955
india_u015,great_britain_0032,1.1809574467491024
india_u015,great_britain_0034,1.3202316406669397
india_u015,great_britain_0101,0.8385709001931557
india_u016,india_saraga_0069,1.8047177527509086
india_u016,india_saraga_0101,1.438479732363727
india_u016,india_saraga_0046,0.8800642974846761
india_u016,india_saraga_0078,1.2864415595914127
india_u016,india_saraga_0085,1.6700993778031274
india_u016,india_saraga_0002,1.8434474527768607
india_u016,india_saraga_0029,0.9945558729108566
india_u016,india_saraga_0087,2.0860954103775957
india_u016,india_saraga_0053,1.2297256597038193
india_u016,india_saraga_0058,1.042710838364991
india_u016,india_saraga_0105,0.9115820956576751
india_u016,india_saraga_0023,1.9621955518451295
india_u016,india_saraga_0017,1.1859338918164577
india_u016,india_saraga_0073,1.4088633231066872
india_u016,india_saraga_0004,0.9593641956476854
india_u016,india_saraga_0011,1.7585070977664068
india_u016,india_saraga_0037,1.9222826280279284
india_u016,india_saraga_0088,1.160508554444514
india_u016,india_saraga_0056,2.205261939765668
india_u016,india_saraga_0039,0.6278033014914072
india_u016,india_saraga_0106,0.8043268531477195
india_u016,india_saraga_0052,1.5906576294418464
india_u016,india_saraga_0081,1.7849268370334548
india_u016,india_saraga_0035,1.0074281569031267
india_u016,germany_0057,1.1979959808033205
india_u016,germany_0037,0.8798214335077972
india_u016,germany_0030,1.1980204815891469
india_u016,germany_0022,1.340092364981741
india_u016,germany_0078,1.7632908723182277
india_u016,germany_0024,1.065190761028598
india_u016,germany_0025,1.3250916543663638
india_u016,germany_0023,1.230352984691908
india_u016,italy_0033,0.8786991067482235
india_u016,italy_0103,0.7916365777919224
india_u016,italy_0041,1.783625474355377
india_u016,italy_0096,0.7292506882970456
india_u016,italy_0098,1.5168716105502198
india_u016,italy_0036,0.6478929778780275
india_u016,italy_0024,1.5358742136376886
india_u016,italy_0023,0.7007333980358899
india_u017,india_saraga_0100,0.6326638394280351
india_u017,india_saraga_0025,0.649747274719363
india_u017,india_saraga_0076,1.025759949162226
india_u017,india_saraga_0007,0.7190404245418245
india_u017,india_saraga_0093,1.509857250533554
india_u017,india_saraga_0058,0.7883859188752738
india_u017,india_saraga_0107,1.6931783527049538
india_u017,india_saraga_0095,1.9157136758055873
india_u017,india_saraga_0074,2.249141244972384
india_u017,india_saraga_0096,2.2110020088250573
india_u017,india_saraga_0055,1.046554884155855
india_u017,india_saraga_0091,0.625731564524973
india_u017,india_saraga_0101,1.1432360727927995
india_u017,india_saraga_0030,1.7971282047793267
india_u017,india_saraga_0036,0.6781570859951302
india_u017,india_saraga_0028,1.1955043344832146
india_u017,india_saraga_0040,1.0891095945184144
india_u017,india_saraga_0042,0.9533712217877347
india_u017,india_saraga_0062,1.7930755519097936
india_u017,india_saraga_0038,1.7119423336670452
india_u017,india_saraga_0031,1.4987273122092422
india_u017,india_saraga_0033,2.146086253450756
india_u017,india_saraga_0070,0.7529145209597199
india_u017,india_saraga_0024,0.8332139122247757
india_u017,france_0017,0.9676570669462078
india_u017,france_0049,1.3354407700149158
india_u017,france_0098,1.2385070445313064
india_u017,france_0096,0.5499576280817082
india_u017,france_0011,1.743873485057731
india_u017,france_0081,0.8618375022228785
india_u017,france_0090,0.9346130286071768
india_u017,france_0019,1.2919002287086216
india_u017,turkey_modern_0046,1.7259734485706417
india_u017,turkey_modern_0110,1.3446291227894172
india_u017,turkey_modern_0013,1.7389439948894005
india_u017,turkey_modern_0072,0.7032480104076466
india_u017,turkey_modern_0109,1.2853934041134623
india_u017,turkey_modern_0129,1.5689865040329845
india_u017,turkey_modern_0069,1.1371830321440437
india_u017,turkey_modern_0018,0.9389344623696096
india_u018,india_saraga_0067,1.6340566139138268
india_u018,india_saraga_0041,2.10461727498664
india_u018,india_saraga_0031,0.6759819938181381
india_u018,india_saraga_0081,2.0199971582130756
india_u018,india_saraga_0092,1.7443160284262988
india_u018,india_saraga_0084,1.195987570995723
india_u018,india_saraga_0090,1.0172060658536508
india_u018,india_saraga_0077,0.755790177295687
india_u018,india_saraga_0101,2.1983529436755402
india_u018,india_saraga_0043,0.8197983782434499
india_u018,india_saraga_0051,1.0225314741357752
india_u018,india_saraga_0091,1.7671598847573353
india_u018,india_saraga_0035,1.800012955353337
india_u018,india_saraga_0011,0.8523260154394745
india_u018,india_saraga_0058,1.9793762523207075
india_u018,india_saraga_0072,1.4552455393292252
india_u018,india_saraga_0004,2.038587769748563
india_u018,india_saraga_0070,0.7255672974870142
india_u018,india_saraga_0082,0.6488817484366146
india_u018,india_saraga_0038,1.673808408077753
india_u018,india_saraga_0087,0.833791050014434
india_u018,india_saraga_0102,1.4805371038899422
india_u018,india_saraga_0059,0.5993376097657774
india_u018,india_saraga_0080,1.9203779744456453
india_u018,turkey_modern_0031,1.6643657297409773
india_u018,turkey_modern_0006,1.5824917286517888
india_u018,turkey_modern_0044,1.7437762977530649
india_u018,turkey_modern_0020,1.669179268789366
india_u018,turkey_modern_0032,1.049424324691993
india_u018,turkey_modern_0033,0.9877700813989229
india_u018,turkey_modern_0113,1.6598479517615832
india_u018,turkey_modern_0007,1.7013673737322565
india_u018,russia_0101,1.76332853022935
india_u018,russia_0079,1.4872282670377566
india_u018,russia_0089,0.7226849204208635
india_u018,russia_0028,1.7256880837494755
india_u018,russia_0074,1.7286409802018965
india_u018,russia_0037,1.3492773412825116
india_u018,russia_0099,1.6073283595718044
india_u018,russia_0034,1.2075881685713357
india_u019,india_saraga_0100,1.5489883576573844
india_u019,india_saraga_0002,1.1258422945178135
india_u019,india_saraga_0045,0.5768838281887898
india_u019,india_saraga_0012,2.069015898215387
india_u019,india_saraga_0008,1.3157910475249412
india_u019,india_saraga_0099,1.423852636718144
india_u019,india_saraga_0046,0.719039079109726
india_u019,india_saraga_0105,2.019015635624301
india_u019,india_saraga_0095,0.8688314464013434
india_u019,india_saraga_0004,1.283321498902945
india_u019,india_saraga_0003,2.024458068685195
india_u019,india_saraga_0042,1.364675571868321
india_u019,india_saraga_0031,2.18123777867965
india_u019,india_saraga_0029,0.9360671734006897
india_u019,india_saraga_0019,1.8087766316719804
india_u019,india_saraga_0010,2.2620474531439796
india_u019,india_saraga_0097,1.523083524205036
india_u019,india_saraga_0076,1.7690172251608876
india_u019,india_saraga_0094,1.2533159878117395
india_u019,india_saraga_0092,1.8710569110264337
india_u019,india_saraga_0065,2.1428077475034324
india_u019,india_saraga_0022,1.7877708531621628
india_u019,india_saraga_0057,2.189477027132189
india_u019,india_saraga_0093,1.590425824686734
india_u019,italy_0104,1.2291355446088001
india_u019,italy_0040,0.8612469739473597
india_u019,italy_0011,1.4079971130711109
india_u019,italy_0026,1.6406359043708099
india_u019,italy_0078,1.3225269052740571
india_u019,italy_0089,0.764602947808087
india_u019,italy_0090,1.184547304874277
india_u019,italy_0029,1.4705155128844103
india_u019,russia_0017,1.7181404750782163
india_u019,russia_0040,0.6614046668527479
india_u019,russia_0005,0.6221210728048568
india_u019,russia_0012,1.007473765814423
india_u019,russia_0067,0.6195750787745248
india_u019,russia_0055,1.77357903188191
india_u019,russia_0062,1.0228108958314548
india_u019,russia_0025,1.1703742007416715
india_u020,india_saraga_0022,2.2078071818314893
india_u020,india_saraga_0021,1.830377856021791
india_u020,india_saraga_0043,0.7938440532081696
india_u020,india_saraga_0013,2.1925444751979923
india_u020,india_saraga_0062,1.5795885118861444
india_u020,india_saraga_0093,1.150050083000977
india_u020,india_saraga_0100,1.2600655450393072
india_u020,india_saraga_0068,1.8263227803582665
india_u020,india_saraga_0096,1.2240703241584943
india_u020,india_saraga_0059,1.5733347784795968
india_u020,india_saraga_0031,1.8006116317184984
india_u020,india_saraga_0074,0.9120218703527887
india_u020,india_saraga_0104,2.2038165637683975
india_u020,india_saraga_0069,1.1893980307260819
india_u020,india_saraga_0038,1.298421455957677
india_u020,india_saraga_0082,1.7799372845719905
india_u020,india_saraga_0000,1.625154279193893
india_u020,india_saraga_0049,1.334206718720084
india_u020,india_saraga_0086,1.695805019518865
india_u020,india_saraga_0008,2.132378830561777
india_u020,india_saraga_0105,1.955489238713347
india_u020,india_saraga_0007,1.9968467921719844
india_u020,india_saraga_0032,1.0207545047786146
india_u020,india_saraga_0061,1.2984707775384248
india_u020,turkey_modern_0051,1.19765584123298
india_u020,turkey_modern_0138,0.5096576058680019
india_u020,turkey_modern_0011,1.4892194435093882
india_u020,turkey_modern_0066,0.8866756229603701
india_u020,turkey_modern_0076,0.8315047053553692
india_u020,turkey_modern_0118,0.8000442126307976
india_u020,turkey_modern_0033,0.8325620083170869
india_u020,turkey_modern_0120,0.9063200234130735
india_u020,germany_0076,1.266513153402815
india_u020,germany_0011,1.2378131845650853
india_u020,germany_0066,0.7952108673625318
india_u020,germany_0044,0.7286727733738301
india_u020,germany_0068,1.5655835565963316
india_u020,germany_0046,0.5751765058630949
india_u020,germany_0006,1.1423108356212521
india_u020,germany_0063,1.1527571801555228
india_u021,india_saraga_0038,2.169922154474669
india_u021,india_saraga_0097,2.134265333409641
india_u021,india_saraga_0094,1.470531311860139
india_u021,india_saraga_0040,1.6526803601829219
india_u021,india_saraga_0058,0.9421025115974179
india_u021,india_saraga_0075,1.3477093305178958
india_u021,india_saraga_0104,0.9246632975866762
india_u021,india_saraga_0086,0.6129097711732586
india_u021,india_saraga_0019,2.2670577925191653
india_u021,india_saraga_0022,1.0220277396001036
india_u021,india_saraga_0043,1.5981118328487658
india_u021,india_saraga_0092,1.0929319116028138
india_u021,india_saraga_0071,1.2143222948630001
india_u021,india_saraga_0066,1.261138688554424
india_u021,india_saraga_0033,1.1529556115352069
india_u021,india_saraga_0079,1.6745145848613892
india_u021,india_saraga_0054,2.2326150665928455
india_u021,india_saraga_0027,1.3143947712607518
india_u021,india_saraga_0020,2.2539885989936073
india_u021,india_saraga_0031,1.7269502344197507
india_u021,india_saraga_0025,1.6223099364112405
india_u021,india_saraga_0056,0.9840041443531421
india_u021,india_saraga_0023,0.6835382176764319
india_u021,india_saraga_0055,2.0445874787534044
india_u021,italy_0042,1.2248744363247632
india_u021,italy_0096,1.0094587142735905
india_u021,italy_0036,1.5461558848194525
india_u021,italy_0043,0.8692835164793804
india_u021,italy_0089,1.5078832955520578
india_u021,italy_0025,0.892751177797826
india_u021,italy_0104,1.693189601645621
india_u021,italy_0103,0.8117552805166836
india_u021,turkey_modern_0074,0.6356980587256711
india_u021,turkey_modern_0016,1.392430556271706
india_u021,turkey_modern_0140,0.6698437916374406
india_u021,turkey_modern_0098,1.7316401178901306
india_u021,turkey_modern_0093,1.3349994017249691
india_u021,turkey_modern_0133,0.76166189273411
india_u021,turkey_modern_0061,0.7319055612853288
india_u021,turkey_modern_0054,1.6972313028125692
india_u022,india_saraga_0071,1.03541683411342
india_u022,india_saraga_0003,1.2157886655398578
india_u022,india_saraga_0038,1.303783048779653
india_u022,india_saraga_0000,1.8644956741481242
india_u022,india_saraga_0086,2.171827785177533
india_u022,india_saraga_0018,1.129484229398386
india_u022,india_saraga_0087,1.3900626522837236
india_u022,india_saraga_0017,1.5982830631398595
india_u022,india_saraga_0102,1.2535183868905444
india_u022,india_saraga_0029,1.4447127828058068
india_u022,india_saraga_0095,0.7573456600596759
india_u022,india_saraga_0037,0.8642383188172864
india_u022,india_saraga_0005,1.2668996687047498
india_u022,india_saraga_0002,2.153269795304203
india_u022,india_saraga_0083,1.177642628909493
india_u022,india_saraga_0053,1.0058925948436483
india_u022,india_saraga_0100,1.8564373309650009
india_u022,india_saraga_0077,2.212249536482151
india_u022,india_saraga_0047,1.3669882394346193
india_u022,india_saraga_0062,0.5898435483533907
india_u022,india_saraga_0076,1.762057596795441
india_u022,india_saraga_0101,1.2909798827878498
india_u022,india_saraga_0009,1.737038550662971
india_u022,india_saraga_0035,1.0540609898053759
india_u022,china_opencpop_0028,0.4532509941528993
india_u022,china_opencpop_0004,0.9150698953065651
india_u022,china_opencpop_0033,1.4014696625274712
india_u022,china_opencpop_0026,0.9807029320624056
india_u022,china_opencpop_0023,0.745885088531855
india_u022,china_opencpop_0000,1.0764092665810372
india_u022,china_opencpop_0017,1.4656705064528204
india_u022,china_opencpop_0002,0.611234667169613
india_u022,germany_0037,1.3838652454229745
india_u022,germany_0025,1.350914432135329
india_u022,germany_0032,0.9504961375748462
india_u022,germany_0028,1.7599538583623175
india_u022,germany_0024,1.6578521542984745
india_u022,germany_0030,0.8768179990827943
india_u022,germany_0022,0.49197297608168816
india_u022,germany_0056,0.8662114891058535
india_u023,india_saraga_0079,1.481416174612893
india_u023,india_saraga_0028,1.948301998445944
india_u023,india_saraga_0075,1.7388043376662097
india_u023,india_saraga_0095,0.7742740590909922
india_u023,india_saraga_0092,2.119808569676431
india_u023,india_saraga_0003,0.8521771275419849
india_u023,india_saraga_0008,0.8713475711380035
india_u023,india_saraga_0031,2.1292398853194716
india_u023,india_saraga_0022,1.4109642199380403
india_u023,india_saraga_0002,1.2182383997749053
india_u023,india_saraga_0067,1.5300578804641474
india_u023,india_saraga_0071,2.267910399135392
india_u023,india_saraga_0090,0.7813625352907988
india_u023,india_saraga_0091,1.8807367641663122
india_u023,india_saraga_0050,1.15171211237112
india_u023,india_saraga_0047,0.776909992212151
india_u023,india_saraga_0080,1.302835037983819
india_u023,india_saraga_0078,1.5215987140760923
india_u023,india_saraga_0040,0.9302838250810532
india_u023,india_saraga_0006,1.2740898169416393
india_u023,india_saraga_0100,1.671541143939701
india_u023,india_saraga_0098,1.5693728340173834
india_u023,india_saraga_0053,1.822452024744617
india_u023,india_saraga_0043,2.017797819317017
india_u023,turkey_modern_0024,1.0023394478886545
india_u023,turkey_modern_0058,1.021005821874007
india_u023,turkey_modern_0057,1.1205343815144568
india_u023,turkey_modern_0069,1.2145770608147597
india_u023,turkey_modern_0050,0.5962356102211538
india_u023,turkey_modern_0106,0.8720577281629449
india_u023,turkey_modern_0084,0.6820539237589828
india_u023,turkey_modern_0031,0.9709012291645776
india_u023,italy_0089,1.7640279979749494
india_u023,italy_0045,1.2366867915193227
india_u023,italy_0004,1.0296650518927375
india_u023,italy_0002,1.214014808552007
india_u023,italy_0014,1.3532533498266919
india_u023,italy_0102,1.0371871754420414
india_u023,italy_0008,1.0544082357413977
india_u023,italy_0092,1.3968915246653066
indonesia_u000,indonesia_fma_0013,0.5886232967264017
indonesia_u000,indonesia_fma_0014,0.6183894004583214
indonesia_u000,indonesia_fma_0018,2.0968226282927516
indonesia_u000,indonesia_fma_0002,1.6881106353878588
indonesia_u000,indonesia_fma_0001,1.8913000953851618
indonesia_u000,indonesia_fma_0016,1.9274276016506662
indonesia_u000,indonesia_fma_0000,1.300293114032589
indonesia_u000,indonesia_fma_0017,1.9526043995954705
indonesia_u000,indonesia_fma_0009,2.192243467301628
indonesia_u000,indonesia_fma_0006,0.8719951609025972
indonesia_u000,indonesia_fma_0007,1.8931352892099855
indonesia_u000,indonesia_fma_0011,1.1059412131368496
indonesia_u000,indonesia_fma_0012,1.1295754302678978
indonesia_u000,indonesia_fma_0010,1.287002118037766
indonesia_u000,indonesia_fma_0004,2.064916171841447
indonesia_u000,indonesia_fma_0003,0.6130467161098347
indonesia_u000,indonesia_fma_0005,1.3235227067477051
indonesia_u000,indonesia_fma_0015,1.7480821955069916
indonesia_u000,indonesia_fma_0019,0.7654666655373504
indonesia_u000,china_opencpop_0008,1.5195423559735124
indonesia_u000,china_opencpop_0030,1.7215685071614266
indonesia_u000,china_opencpop_0047,0.5727620084539211
indonesia_u000,china_opencpop_0044,0.6564799860716855
indonesia_u000,china_opencpop_0012,1.7650312536773738
indonesia_u000,china_opencpop_0041,0.7171051150607513
indonesia_u000,china_opencpop_0003,0.556568562199326
indonesia_u000,china_opencpop_0037,1.7354599241344653
indonesia_u000,turkey_modern_0075,1.655040658242783
indonesia_u000,turkey_modern_0082,1.335229388189727
indonesia_u000,turkey_modern_0045,1.194431751838197
indonesia_u000,turkey_modern_0144,1.69096414000874
indonesia_u000,turkey_modern_0094,1.3349521014004206
indonesia_u000,turkey_modern_0141,1.3388354900753445
indonesia_u000,turkey_modern_0050,1.5889755116726365
indonesia_u000,turkey_modern_0021,1.3318816643447682
indonesia_u001,indonesia_gamelan_0041,1.056905647836157
indonesia_u001,indonesia_gamelan_0045,1.557066319509686
indonesia_u001,indonesia_gamelan_0003,0.9894463368311537
indonesia_u001,indonesia_gamelan_0052,2.2073941122097143
indonesia_u001,indonesia_gamelan_0001,2.058793519702313
indonesia_u001,indonesia_gamelan_0026,1.0718738153331342
indonesia_u001,indonesia_gamelan_0028,1.487204996889336
indonesia_u001,indonesia_gamelan_0033,1.4385916785904873
indonesia_u001,indonesia_gamelan_0043,2.2310401199638776
indonesia_u001,indonesia_gamelan_0039,1.254699645817148
indonesia_u001,indonesia_gamelan_0053,1.5448425317222025
indonesia_u001,indonesia_gamelan_0047,2.1770188761808287
indonesia_u001,indonesia_gamelan_0018,0.8558490632795628
indonesia_u001,indonesia_gamelan_0011,1.5245876656551332
indonesia_u001,indonesia_gamelan_0034,0.757285787624156
indonesia_u001,indonesia_gamelan_0035,1.6401856573869134
indonesia_u001,indonesia_gamelan_0009,1.205803525842583
indonesia_u001,indonesia_gamelan_0024,2.2441722262348107
indonesia_u001,indonesia_gamelan_0007,1.2915808374812079
indonesia_u001,indonesia_gamelan_0012,0.8099236747594442
indonesia_u001,indonesia_gamelan_0017,2.013649932601497
indonesia_u001,indonesia_gamelan_0019,1.9909950427045267
indonesia_u001,indonesia_gamelan_0049,1.7736328437113031
indonesia_u001,indonesia_gamelan_0013,1.866700358250293
indonesia_u001,turkey_modern_0029,0.8073655438806994
indonesia_u001,turkey_modern_0000,1.3167722255707548
indonesia_u001,turkey_modern_0059,0.5013268261272814
indonesia_u001,turkey_modern_0048,0.7158016942515467
indonesia_u001,turkey_modern_0078,1.708577254196667
indonesia_u001,turkey_modern_0136,1.447967651061589
indonesia_u001,turkey_modern_0131,0.761407930335498
indonesia_u001,turkey_modern_0133,0.600367170851039
indonesia_u001,india_saraga_0107,1.731041250572477
indonesia_u001,india_saraga_0037,0.6014533491811792
indonesia_u001,india_saraga_0005,0.7970445648637852
indonesia_u001,india_saraga_0057,0.6965558905492671
indonesia_u001,india_saraga_0000,0.4600761575558868
indonesia_u001,india_saraga_0092,0.8740819450323595
indonesia_u001,india_saraga_0097,1.7651414766583295
indonesia_u001,india_saraga_0001,0.9115694628426313
indonesia_u002,indonesia_gamelan_0018,0.8167732991294688
indonesia_u002,indonesia_gamelan_0034,1.3304048533337627
indonesia_u002,indonesia_gamelan_0037,1.4136558312682386
indonesia_u002,indonesia_gamelan_0029,1.6745196756059257
indonesia_u002,indonesia_gamelan_0040,1.4798702096076826
indonesia_u002,indonesia_gamelan_0010,0.6500781790656831
indonesia_u002,indonesia_gamelan_0038,2.0783587555841443
indonesia_u002,indonesia_gamelan_0044,1.3624779073325082
indonesia_u002,indonesia_gamelan_0016,0.7078039076194402
indonesia_u002,indonesia_gamelan_0053,1.908128708012844
indonesia_u002,indonesia_gamelan_0017,1.7137663724007925
indonesia_u002,indonesia_gamelan_0025,1.6952801580269075
indonesia_u002,indonesia_gamelan_0024,1.3114266529938428
indonesia_u002,indonesia_gamelan_0023,1.283107433021205
indonesia_u002,indonesia_gamelan_0026,1.5001841477681663
indonesia_u002,indonesia_gamelan_0031,0.6622753622509532
indonesia_u002,indonesia_gamelan_0045,1.0907021432759134
indonesia_u002,indonesia_gamelan_0007,2.2791174493950943
indonesia_u002,indonesia_gamelan_0035,1.7172820437459306
indonesia_u002,indonesia_gamelan_0014,1.2976614353448805
indonesia_u002,indonesia_gamelan_0012,0.9585763525722814
indonesia_u002,indonesia_gamelan_0050,1.8604861492779026
indonesia_u002,indonesia_gamelan_0051,1.0240007842431802
indonesia_u002,indonesia_gamelan_0039,0.8550884291348595
indonesia_u002,india_saraga_0097,0.6585951153162878
indonesia_u002,india_saraga_0084,1.4345054268723887
indonesia_u002,india_saraga_0042,1.3177938432897685
indonesia_u002,india_saraga_0063,0.5442382341511613
indonesia_u002,india_saraga_0053,0.6053078007389734
indonesia_u002,india_saraga_0098,1.305693270927329
indonesia_u002,india_saraga_0073,1.2210067375274147
indonesia_u002,india_saraga_0047,1.3760987315019482
indonesia_u002,russia_0065,0.6903525262904038
indonesia_u002,russia_0004,1.4308936733931756
indonesia_u002,russia_0003,1.713730230896242
indonesia_u002,russia_0031,1.2614179246228456
indonesia_u002,russia_0018,0.7147755265177582
indonesia_u002,russia_0032,1.3673842046335438
indonesia_u002,russia_0011,0.9131602727871869
indonesia_u002,russia_0039,0.516538457620724
indonesia_u003,indonesia_gamelan_0015,1.6047572170574547
indonesia_u003,indonesia_gamelan_0043,2.10896039014217
indonesia_u003,indonesia_gamelan_0031,0.690554842148223
indonesia_u003,indonesia_gamelan_0000,1.178056398299542
indonesia_u003,indonesia_gamelan_0009,2.2749773669628834
indonesia_u003,indonesia_gamelan_0008,0.8894422270088139
indonesia_u003,indonesia_gamelan_0038,0.7946501831489664
indonesia_u003,indonesia_gamelan_0022,1.8324767103509925
indonesia_u003,indonesia_gamelan_0028,1.9160756510301244
indonesia_u003,indonesia_gamelan_0037,1.7346718697387888
indonesia_u003,indonesia_gamelan_0052,1.9139378046108713
indonesia_u003,indonesia_gamelan_0020,1.771669711860722
indonesia_u003,indonesia_gamelan_0003,0.8092044269488299
indonesia_u003,indonesia_gamelan_0004,1.6241827731504246
indonesia_u003,indonesia_gamelan_0050,1.9151122774151932
indonesia_u003,indonesia_gamelan_0048,2.0680161459097066
indonesia_u003,indonesia_gamelan_0018,0.9997557936293956
indonesia_u003,indonesia_gamelan_0054,0.7948180626189789
indonesia_u003,indonesia_gamelan_0013,1.9223810151799499
indonesia_u003,indonesia_gamelan_0035,1.0175458951865226
indonesia_u003,indonesia_gamelan_0051,0.6300783501035306
indonesia_u003,indonesia_gamelan_0027,1.9984933972950496
indonesia_u003,indonesia_gamelan_0012,1.4478347058237335
indonesia_u003,indonesia_gamelan_0030,1.1384421534390279
indonesia_u003,germany_0024,0.46542929206259137
indonesia_u003,germany_0022,0.4976920503557294
indonesia_u003,germany_0057,1.5200414152563977
indonesia_u003,germany_0025,1.111102944702567
indonesia_u003,germany_0023,0.6521247665502212
indonesia_u003,germany_0021,0.9339825967861745
indonesia_u003,germany_0078,0.673161949175656
indonesia_u003,germany_0028,0.602390096793522
indonesia_u003,italy_0061,0.8230155579100938
indonesia_u003,italy_0063,1.1918365390742365
indonesia_u003,italy_0060,0.7335089205465063
indonesia_u003,italy_0048,0.9139559597344357
indonesia_u003,italy_0056,1.0952066933412206
indonesia_u003,italy_0017,1.017040147897255
indonesia_u003,italy_0016,0.623647528813741
indonesia_u003,italy_0018,0.502468607973449
indonesia_u004,indonesia_gamelan_0016,1.5157792520865403
indonesia_u004,indonesia_gamelan_0054,1.8216477024476887
indonesia_u004,indonesia_gamelan_0014,1.2890026063275
indonesia_u004,indonesia_gamelan_0052,1.936070059696397
indonesia_u004,indonesia_gamelan_0051,2.005114513049361
indonesia_u004,indonesia_gamelan_0048,0.8118318686117878
indonesia_u004,indonesia_gamelan_0011,0.9856040952995573
indonesia_u004,indonesia_gamelan_0024,1.0407305719272981
indonesia_u004,indonesia_gamelan_0026,0.8614909652441078
indonesia_u004,indonesia_gamelan_0000,1.2521228868980505
indonesia_u004,indonesia_gamelan_0020,0.9079822897505812
indonesia_u004,indonesia_gamelan_0004,1.6023053113484014
indonesia_u004,indonesia_gamelan_0028,0.7502866389983874
indonesia_u004,indonesia_gamelan_0043,1.0406105389711546
indonesia_u004,indonesia_gamelan_0044,1.7230231142574652
indonesia_u004,indonesia_gamelan_0008,1.2624903374050274
indonesia_u004,indonesia_gamelan_0003,1.3020232296971284
indonesia_u004,indonesia_gamelan_0015,1.9514210613532212
indonesia_u004,indonesia_gamelan_0001,2.2732824294269514
indonesia_u004,indonesia_gamelan_0027,1.549741926113517
indonesia_u004,indonesia_gamelan_0029,0.7113908707747233
indonesia_u004,indonesia_gamelan_0002,0.752507630535772
indonesia_u004,indonesia_gamelan_0050,2.2456637455007424
indonesia_u004,indonesia_gamelan_0042,1.7466802244911133
indonesia_u004,china_jingju_0057,1.4658333097506562
indonesia_u004,china_jingju_0041,1.362281072875481
indonesia_u004,china_jingju_0063,0.692483762288457
indonesia_u004,china_jingju_0060,1.0552889171134288
indonesia_u004,china_jingju_0002,1.5274085907861437
indonesia_u004,china_jingju_0019,1.6195899999717989
indonesia_u004,china_jingju_0030,0.7704029449076023
indonesia_u004,china_jingju_0052,1.2545484176256578
indonesia_u004,india_saraga_0067,0.6620875686969121
indonesia_u004,india_saraga_0073,1.7436737787143648
indonesia_u004,india_saraga_0091,0.7904757901398582
indonesia_u004,india_saraga_0061,1.4309574236152605
indonesia_u004,india_saraga_0017,0.7620024747062534
indonesia_u004,india_saraga_0076,1.2816728228860315
indonesia_u004,india_saraga_0068,1.3400068144805863
indonesia_u004,india_saraga_0105,0.8933779396639162
indonesia_u005,indonesia_gamelan_0021,0.6857303065079972
indonesia_u005,indonesia_gamelan_0050,1.533447745056059
indonesia_u005,indonesia_gamelan_0027,0.7305897508390108
indonesia_u005,indonesia_gamelan_0022,1.5548016822167852
indonesia_u005,indonesia_gamelan_0007,1.2479392539861158
indonesia_u005,indonesia_gamelan_0020,0.7157762693416172
indonesia_u005,indonesia_gamelan_0029,1.6930014886667246
indonesia_u005,indonesia_gamelan_0037,1.836316549349402
indonesia_u005,indonesia_gamelan_0014,0.8754698384944676
indonesia_u005,indonesia_gamelan_0009,1.7729033408076262
indonesia_u005,indonesia_gamelan_0047,0.8838570222798393
indonesia_u005,indonesia_gamelan_0024,0.812008875068852
indonesia_u005,indonesia_gamelan_0049,0.8292016347551864
indonesia_u005,indonesia_gamelan_0042,1.6084103589462275
indonesia_u005,indonesia_gamelan_0008,1.9184141440183902
indonesia_u005,indonesia_gamelan_0028,1.6046416350423283
indonesia_u005,indonesia_gamelan_0026,1.9711312564564727
indonesia_u005,indonesia_gamelan_0015,1.5952984133463868
indonesia_u005,indonesia_gamelan_0040,1.9503791516761395
indonesia_u005,indonesia_gamelan_0046,2.259501314454943
indonesia_u005,indonesia_gamelan_0039,1.2494056687451875
indonesia_u005,indonesia_gamelan_0011,0.8336502551988934
indonesia_u005,indonesia_gamelan_0053,0.8085595001910519
indonesia_u005,indonesia_gamelan_0006,1.6056488542326315
indonesia_u005,modern_english_pop_0040,1.1885891389047116
indonesia_u005,modern_english_pop_0036,0.6987177610317415
indonesia_u005,modern_english_pop_0095,1.640841699601359
indonesia_u005,modern_english_pop_0066,1.7416102974131544
indonesia_u005,modern_english_pop_0065,0.7918411181894573
indonesia_u005,modern_english_pop_0061,0.7292919567164404
indonesia_u005,modern_english_pop_0101,0.7387945006151888
indonesia_u005,modern_english_pop_0108,0.9730190650833352
indonesia_u005,russia_0062,1.6018566866535775
indonesia_u005,russia_0025,1.2545468234205093
indonesia_u005,russia_0067,0.5411971328391044
indonesia_u005,russia_0033,1.0885217649822907
indonesia_u005,russia_0045,0.5719477720879249
indonesia_u005,russia_0040,0.9983890539113941
indonesia_u005,russia_0055,0.994752192109478
indonesia_u005,russia_0017,1.3252760987080217
indonesia_u006,indonesia_gamelan_0016,1.2107236816470675
indonesia_u006,indonesia_gamelan_0000,1.4387438498463254
indonesia_u006,indonesia_gamelan_0049,1.6456115618140819
indonesia_u006,indonesia_gamelan_0012,1.2746712117781276
indonesia_u006,indonesia_gamelan_0009,1.3189999711819556
indonesia_u006,indonesia_gamelan_0007,1.0303027320824585
indonesia_u006,indonesia_gamelan_0051,1.4984740897700353
indonesia_u006,indonesia_gamelan_0014,0.9535620032524673
indonesia_u006,indonesia_gamelan_0002,2.0714827262364306
indonesia_u006,indonesia_gamelan_0031,1.86420819620937
indonesia_u006,indonesia_gamelan_0050,1.2827312550144674
indonesia_u006,indonesia_gamelan_0048,1.863968036131662
indonesia_u006,indonesia_gamelan_0037,0.5870679996211684
indonesia_u006,indonesia_gamelan_0042,1.1692439090581341
indonesia_u006,indonesia_gamelan_0030,1.3345194805532101
indonesia_u006,indonesia_gamelan_0040,1.3854024255163278
indonesia_u006,indonesia_gamelan_0035,1.8665617990503343
indonesia_u006,indonesia_gamelan_0006,2.235842812543956
indonesia_u006,indonesia_gamelan_0044,1.230495050013835
indonesia_u006,indonesia_gamelan_0034,1.179784740435584
indonesia_u006,indonesia_gamelan_0023,1.6281387658511832
indonesia_u006,indonesia_gamelan_0036,1.0601624844804736
indonesia_u006,indonesia_gamelan_0001,0.8188293258312013
indonesia_u006,indonesia_gamelan_0027,2.233658001599043
indonesia_u006,india_saraga_0024,1.5428654416921799
indonesia_u006,india_saraga_0059,1.7439743965825727
indonesia_u006,india_saraga_0058,0.7440743862232875
indonesia_u006,india_saraga_0034,0.4740424402090552
indonesia_u006,india_saraga_0032,1.0403031272464438
indonesia_u006,india_saraga_0052,1.7103721000386347
indonesia_u006,india_saraga_0012,0.6367392074768745
indonesia_u006,india_saraga_0102,0.6082004558267078
indonesia_u006,modern_english_pop_0109,0.5430862587318869
indonesia_u006,modern_english_pop_0028,1.482774298558166
indonesia_u006,modern_english_pop_0039,1.5110008206752776
indonesia_u006,modern_english_pop_0079,1.3887576751456765
indonesia_u006,modern_english_pop_0084,0.5219439909151538
indonesia_u006,modern_english_pop_0110,1.4264392533505252
indonesia_u006,modern_english_pop_0088,1.0556488914232778
indonesia_u006,modern_english_pop_0115,0.6631574696144167
indonesia_u007,indonesia_fma_0000,1.0596871394062926
indonesia_u007,indonesia_fma_0005,2.259913997733414
indonesia_u007,indonesia_fma_0018,0.6300226845538749
indonesia_u007,indonesia_fma_0014,1.2418446268533692
indonesia_u007,indonesia_fma_0003,2.096535476343889
indonesia_u007,indonesia_fma_0010,0.886402110633678
indonesia_u007,indonesia_fma_0002,0.81880821031056
indonesia_u007,indonesia_fma_0016,1.2053680729023508
indonesia_u007,indonesia_fma_0013,1.3136358583915273
indonesia_u007,indonesia_fma_0011,2.18510475464148
indonesia_u007,indonesia_fma_0001,2.017306197372716
indonesia_u007,indonesia_fma_0017,1.3755546250161368
indonesia_u007,indonesia_fma_0009,2.253382049020765
indonesia_u007,indonesia_fma_0015,1.6829302471743857
indonesia_u007,indonesia_fma_0007,2.0820613126687624
indonesia_u007,indonesia_fma_0012,0.9994482913397739
indonesia_u007,indonesia_fma_0004,1.4184630281674702
indonesia_u007,indonesia_fma_0006,0.6262621930398474
indonesia_u007,indonesia_fma_0019,0.5903183333846242
indonesia_u007,germany_0058,1.4023618482682771
indonesia_u007,germany_0094,0.6096963903285609
indonesia_u007,germany_0099,1.1895411200996038
indonesia_u007,germany_0096,1.3896101009835269
indonesia_u007,germany_0026,0.493516691410013
indonesia_u007,germany_0093,1.0558008888466708
indonesia_u007,germany_0097,1.3736051149308837
indonesia_u007,germany_0083,1.6511368336040475
indonesia_u007,china_jingju_0044,0.8539606358122362
indonesia_u007,china_jingju_0019,1.7651923150738458
indonesia_u007,china_jingju_0055,1.5901310245405915
indonesia_u007,china_jingju_0024,1.3283573473105033
indonesia_u007,china_jingju_0041,0.9790994347822772
indonesia_u007,china_jingju_0038,1.409999007869323
indonesia_u007,china_jingju_0077,1.5518609132449772
indonesia_u007,china_jingju_0063,0.8594548310968523
indonesia_u008,indonesia_fma_0018,2.2912417103772853
indonesia_u008,indonesia_fma_0012,0.6324107080423976
indonesia_u008,indonesia_fma_0005,2.0150984413476447
indonesia_u008,indonesia_fma_0000,2.053343404925901
indonesia_u008,indonesia_fma_0013,2.1563081740643892
indonesia_u008,indonesia_fma_0019,1.3998423144218395
indonesia_u008,indonesia_fma_0011,1.9338789682455346
indonesia_u008,indonesia_fma_0016,0.9115136884840351
indonesia_u008,indonesia_fma_0002,1.6153996384324196
indonesia_u008,indonesia_fma_0010,1.1936628878269708
indonesia_u008,indonesia_fma_0014,1.6033995473919076
indonesia_u008,indonesia_fma_0003,1.740341874848068
indonesia_u008,indonesia_fma_0017,1.1736934501371585
indonesia_u008,indonesia_fma_0006,0.9480110662974541
indonesia_u008,indonesia_fma_0004,1.1299116427823523
indonesia_u008,indonesia_fma_0015,1.7203262478103383
indonesia_u008,indonesia_fma_0001,1.7426080530855979
indonesia_u008,indonesia_fma_0007,1.8537717146415704
indonesia_u008,indonesia_fma_0009,0.7932756497879178
indonesia_u008,russia_0041,1.5549984768435232
indonesia_u008,russia_0015,1.37899953208029
indonesia_u008,russia_0064,0.4911818535323629
indonesia_u008,russia_0003,0.9030570967373186
indonesia_u008,russia_0065,1.080060195473744
indonesia_u008,russia_0039,0.9368336120222001
indonesia_u008,russia_0042,0.6085127990813578
indonesia_u008,russia_0004,0.7299174840817596
indonesia_u008,italy_0044,0.48315788312867897
indonesia_u008,italy_0007,0.5756541678259598
indonesia_u008,italy_0057,0.8095051589281355
indonesia_u008,italy_0073,1.5569598586082363
indonesia_u008,italy_0077,1.1609606384152205
indonesia_u008,italy_0000,1.023072152432993
indonesia_u008,italy_0050,1.3439199743440413
indonesia_u008,italy_0074,1.181039256438757
indonesia_u009,indonesia_fma_0001,1.0611117487901836
indonesia_u009,indonesia_fma_0014,1.6955035564168253
indonesia_u009,indonesia_fma_0000,0.7365338378436127
indonesia_u009,indonesia_fma_0017,1.8414743377241243
indonesia_u009,indonesia_fma_0003,1.2991892043269662
indonesia_u009,indonesia_fma_0009,1.5881048832168534
indonesia_u009,indonesia_fma_0007,0.6196126443530342
indonesia_u009,indonesia_fma_0006,1.774636510237816
indonesia_u009,indonesia_fma_0016,1.4305850858832947
indonesia_u009,indonesia_fma_0018,1.6535579882615274
indonesia_u009,indonesia_fma_0005,1.1195272523489002
indonesia_u009,indonesia_fma_0002,0.8265397991519398
indonesia_u009,indonesia_fma_0019,1.326114924943345
indonesia_u009,indonesia_fma_0011,2.2033639842189765
indonesia_u009,indonesia_fma_0015,0.9679446959778142
indonesia_u009,indonesia_fma_0012,1.7408222957608088
indonesia_u009,indonesia_fma_0010,0.6609801134595837
indonesia_u009,indonesia_fma_0013,1.8137221295854513
indonesia_u009,indonesia_fma_0004,0.9863041472325754
indonesia_u009,turkey_modern_0064,1.0595480313095988
indonesia_u009,turkey_modern_0009,0.9464666858029451
indonesia_u009,turkey_modern_0060,0.6023344634784299
indonesia_u009,turkey_modern_0069,0.9165356358908971
indonesia_u009,turkey_modern_0114,0.9226686936958006
indonesia_u009,turkey_modern_0105,1.1548426126901647
indonesia_u009,turkey_modern_0126,1.762674569468983
indonesia_u009,turkey_modern_0071,1.0845236553893511
indonesia_u009,france_0100,1.684475310104056
indonesia_u009,france_0068,1.0731028390594497
indonesia_u009,france_0035,0.5951834561811683
indonesia_u009,france_0073,0.7607064086225193
indonesia_u009,france_0046,1.0001488626777604
indonesia_u009,france_0031,0.8892478435097494
indonesia_u009,france_0078,1.6188695381688638
indonesia_u009,france_0039,1.3661715629653444
indonesia_u010,indonesia_gamelan_0046,0.6253641437847021
indonesia_u010,indonesia_gamelan_0016,2.0296137763686017
indonesia_u010,indonesia_gamelan_0032,1.6545635039035127
indonesia_u010,indonesia_gamelan_0054,1.2932988921012376
indonesia_u010,indonesia_gamelan_0051,0.9985440788588705
indonesia_u010,indonesia_gamelan_0036,1.8603620472150393
indonesia_u010,indonesia_gamelan_0048,2.2059436431543755
indonesia_u010,indonesia_gamelan_0020,1.2318967422497349
indonesia_u010,indonesia_gamelan_0013,0.8076612179541738
indonesia_u010,indonesia_gamelan_0031,0.7633609390454719
indonesia_u010,indonesia_gamelan_0006,0.5859744022759531
indonesia_u010,indonesia_gamelan_0022,1.8583231353312202
indonesia_u010,indonesia_gamelan_0001,2.2679070406803814
indonesia_u010,indonesia_gamelan_0053,2.287610623499905
indonesia_u010,indonesia_gamelan_0029,1.9277402637415464
indonesia_u010,indonesia_gamelan_0008,0.8547670175606751
indonesia_u010,indonesia_gamelan_0035,2.2615488114501345
indonesia_u010,indonesia_gamelan_0015,1.1404781891783653
indonesia_u010,indonesia_gamelan_0004,1.1504938263746378
indonesia_u010,indonesia_gamelan_0019,1.760656243739457
indonesia_u010,indonesia_gamelan_0043,0.6596098477034286
indonesia_u010,indonesia_gamelan_0012,1.9994527840905394
indonesia_u010,indonesia_gamelan_0007,2.295337801941358
indonesia_u010,indonesia_gamelan_0011,1.9119953672051075
indonesia_u010,italy_0026,1.5052632631298999
indonesia_u010,italy_0079,0.9769234552648438
indonesia_u010,italy_0089,0.5389938751711368
indonesia_u010,italy_0006,1.5201010362164715
indonesia_u010,italy_0078,1.2561634173214808
indonesia_u010,italy_0040,1.677607230314814
indonesia_u010,italy_0102,0.606549915225224
indonesia_u010,italy_0041,0.8619161351770462
indonesia_u010,russia_0017,0.9368858075265717
indonesia_u010,russia_0033,1.3724276065353334
indonesia_u010,russia_0012,1.5134559701892591
indonesia_u010,russia_0067,1.7473775515889676
indonesia_u010,russia_0062,0.8487996637376085
indonesia_u010,russia_0055,1.1164091515617338
indonesia_u010,russia_0040,0.4890972556097529
indonesia_u010,russia_0025,0.7915336354469987
indonesia_u011,indonesia_gamelan_0010,2.080124787973198
indonesia_u011,indonesia_gamelan_0015,1.5419267273847208
indonesia_u011,indonesia_gamelan_0033,1.2727726760626528
indonesia_u011,indonesia_gamelan_0048,0.7121904617793876
indonesia_u011,indonesia_gamelan_0023,1.2740401675086874
indonesia_u011,indonesia_gamelan_0025,2.0691805244729378
indonesia_u011,indonesia_gamelan_0028,1.7883752335231917
indonesia_u011,indonesia_gamelan_0018,0.7172357677064174
indonesia_u011,indonesia_gamelan_0054,0.8508399195276533
indonesia_u011,indonesia_gamelan_0041,1.2517321464704454
indonesia_u011,indonesia_gamelan_0047,0.7498720176332097
indonesia_u011,indonesia_gamelan_0014,2.1862210561883924
indonesia_u011,indonesia_gamelan_0036,1.7002037769882608
indonesia_u011,indonesia_gamelan_0012,0.7385696772493051
indonesia_u011,indonesia_gamelan_0000,1.9343991226062944
indonesia_u011,indonesia_gamelan_0042,1.2105002267866014
indonesia_u011,indonesia_gamelan_0032,0.9974018618543059
indonesia_u011,indonesia_gamelan_0038,1.5582240248459671
indonesia_u011,indonesia_gamelan_0049,0.5980669296329337
indonesia_u011,indonesia_gamelan_0009,1.3778109636798397
indonesia_u011,indonesia_gamelan_0053,2.0305636130891673
indonesia_u011,indonesia_gamelan_0031,2.1758993530751054
indonesia_u011,indonesia_gamelan_0040,1.1659068651183586
indonesia_u011,indonesia_gamelan_0006,1.6832031145847015
indonesia_u011,germany_0021,0.7562116417979253
indonesia_u011,germany_0057,1.2062876458293574
indonesia_u011,germany_0030,0.7929374303068053
indonesia_u011,germany_0028,1.2213312866470616
indonesia_u011,germany_0032,0.6818248583458617
indonesia_u011,germany_0022,1.7206639516270035
indonesia_u011,germany_0037,1.6473385931498437
indonesia_u011,germany_0056,0.9048396367559337
indonesia_u011,france_0085,1.4984949000486727
indonesia_u011,france_0015,0.5789305764884627
indonesia_u011,france_0016,1.4494872267523224
indonesia_u011,france_0059,0.8313198249771506
indonesia_u011,france_0092,0.6331163877124142
indonesia_u011,france_0022,1.3655581441698785
indonesia_u011,france_0101,1.0842392040561755
indonesia_u011,france_0091,1.1656884623360995
indonesia_u012,indonesia_fma_0003,1.3460301540131117
indonesia_u012,indonesia_fma_0014,1.6628293399341914
indonesia_u012,indonesia_fma_0019,1.4595172630099016
indonesia_u012,indonesia_fma_0006,1.8912318102381498
indonesia_u012,indonesia_fma_0001,1.0279293040071307
indonesia_u012,indonesia_fma_0012,1.7862208168622853
indonesia_u012,indonesia_fma_0005,1.983629905887255
indonesia_u012,indonesia_fma_0013,1.894711207880594
indonesia_u012,indonesia_fma_0011,1.9047103584143574
indonesia_u012,indonesia_fma_0018,2.107674673777235
indonesia_u012,indonesia_fma_0016,0.7202079857788444
indonesia_u012,indonesia_fma_0002,1.7776554606203276
indonesia_u012,indonesia_fma_0004,2.245969896925895
indonesia_u012,indonesia_fma_0017,1.5645473710335784
indonesia_u012,indonesia_fma_0009,0.9498706381730772
indonesia_u012,indonesia_fma_0000,2.297850314960517
indonesia_u012,indonesia_fma_0010,0.876318330117051
indonesia_u012,indonesia_fma_0015,1.1538370279716321
indonesia_u012,indonesia_fma_0007,0.8718072750196144
indonesia_u012,great_britain_0103,1.077092372812592
indonesia_u012,great_britain_0089,1.0154826129747938
indonesia_u012,great_britain_0022,1.1131752102892734
indonesia_u012,great_britain_0094,1.70277759007483
indonesia_u012,great_britain_0100,1.095737920876204
indonesia_u012,great_britain_0083,1.1447455403884195
indonesia_u012,great_britain_0098,1.6470208429899318
indonesia_u012,great_britain_0007,1.5539732919200235
indonesia_u012,india_saraga_0024,0.7736247421543497
indonesia_u012,india_saraga_0032,0.46745003955894776
indonesia_u012,india_saraga_0070,1.299824449472769
indonesia_u012,india_saraga_0073,1.5905472621806522
indonesia_u012,india_saraga_0006,1.1963476520240401
indonesia_u012,india_saraga_0105,0.735088842017341
indonesia_u012,india_saraga_0017,1.4508293724116643
indonesia_u012,india_saraga_0082,1.3538780315252146
indonesia_u013,indonesia_fma_0013,1.5855037158852168
indonesia_u013,indonesia_fma_0011,1.359041943550624
indonesia_u013,indonesia_fma_0017,1.906571361582738
indonesia_u013,indonesia_fma_0015,1.533368710750085
indonesia_u013,indonesia_fma_0018,1.057004407573993
indonesia_u013,indonesia_fma_0005,1.8763277865190493
indonesia_u013,indonesia_fma_0016,1.4681135973593804
indonesia_u013,indonesia_fma_0001,0.8812678026801148
indonesia_u013,indonesia_fma_0000,1.5462997574199404
indonesia_u013,indonesia_fma_0003,2.2108521032341306
indonesia_u013,indonesia_fma_0007,1.7920155501175947
indonesia_u013,indonesia_fma_0004,1.0904357985150135
indonesia_u013,indonesia_fma_0009,1.8012562273801802
indonesia_u013,indonesia_fma_0010,1.0624958864787586
indonesia_u013,indonesia_fma_0019,1.5111382447586765
indonesia_u013,indonesia_fma_0012,1.4833776925335285
indonesia_u013,indonesia_fma_0006,1.0017492661228613
indonesia_u013,indonesia_fma_0002,1.1750950697926859
indonesia_u013,indonesia_fma_0014,2.2002630095059286
indonesia_u013,india_saraga_0055,0.7883080241608355
indonesia_u013,india_saraga_0067,1.531386508901831
indonesia_u013,india_saraga_0076,1.350950283016389
indonesia_u013,india_saraga_0040,1.169049328909782
indonesia_u013,india_saraga_0046,0.6356450737779707
indonesia_u013,india_saraga_0045,0.7261705161536101
indonesia_u013,india_saraga_0105,0.6916197918470454
indonesia_u013,india_saraga_0081,1.2421722496145657
indonesia_u013,russia_0013,1.7640673155699453
indonesia_u013,russia_0011,1.6342730047462428
indonesia_u013,russia_0043,0.4840900419549293
indonesia_u013,russia_0065,0.8195309430241677
indonesia_u013,russia_0014,0.6622975695649799
indonesia_u013,russia_0053,1.7671650865621673
indonesia_u013,russia_0039,0.7680738167070503
indonesia_u013,russia_0032,0.7217727998023719
indonesia_u014,indonesia_fma_0002,1.6637248918714314
indonesia_u014,indonesia_fma_0001,0.9315643993031514
indonesia_u014,indonesia_fma_0007,1.5743728753134514
indonesia_u014,indonesia_fma_0018,1.6540536530340413
indonesia_u014,indonesia_fma_0017,1.5589491712128165
indonesia_u014,indonesia_fma_0019,0.8961302560505456
indonesia_u014,indonesia_fma_0004,1.8222795299538728
indonesia_u014,indonesia_fma_0000,0.7013444543059815
indonesia_u014,indonesia_fma_0009,1.5948200203888476
indonesia_u014,indonesia_fma_0010,1.3275473483922653
indonesia_u014,indonesia_fma_0003,1.006744373154552
indonesia_u014,indonesia_fma_0006,1.9677460060700893
indonesia_u014,indonesia_fma_0013,0.8784146775095171
indonesia_u014,indonesia_fma_0014,2.1843935358239652
indonesia_u014,indonesia_fma_0011,2.1008746738540474
indonesia_u014,indonesia_fma_0016,1.197013518854593
indonesia_u014,indonesia_fma_0005,1.1013888057310732
indonesia_u014,indonesia_fma_0012,0.8121645288976062
indonesia_u014,indonesia_fma_0015,2.1556654824860737
indonesia_u014,modern_english_pop_0111,1.2971680094114173
indonesia_u014,modern_english_pop_0107,0.49290783589359427
indonesia_u014,modern_english_pop_0009,1.1398492096581743
indonesia_u014,modern_english_pop_0119,0.5658285795696723
indonesia_u014,modern_english_pop_0072,1.2245634246863366
indonesia_u014,modern_english_pop_0090,1.137098319733097
indonesia_u014,modern_english_pop_0058,0.5618421614286747
indonesia_u014,modern_english_pop_0015,1.5514118007076434
indonesia_u014,italy_0007,0.8041281891744749
indonesia_u014,italy_0059,1.1810038916250436
indonesia_u014,italy_0067,1.3127024834512213
indonesia_u014,italy_0074,1.7491111203264749
indonesia_u014,italy_0012,1.116645785387792
indonesia_u014,italy_0021,1.6883762925886967
indonesia_u014,italy_0072,0.9290574108193934
indonesia_u014,italy_0069,1.6075402222274933
indonesia_u015,indonesia_fma_0011,1.813727770629983
indonesia_u015,indonesia_fma_0014,0.6650315492727124
indonesia_u015,indonesia_fma_0016,1.5325181551286347
indonesia_u015,indonesia_fma_0018,0.8249143755681373
indonesia_u015,indonesia_fma_0005,1.7521083145280671
indonesia_u015,indonesia_fma_0007,0.781923464012652
indonesia_u015,indonesia_fma_0004,0.701931232092072
indonesia_u015,indonesia_fma_0017,1.8051368268667314
indonesia_u015,indonesia_fma_0000,0.6845925871302869
indonesia_u015,indonesia_fma_0006,0.9623156609318653
indonesia_u015,indonesia_fma_0012,1.9976682150417842
indonesia_u015,indonesia_fma_0001,1.9717123309691902
indonesia_u015,indonesia_fma_0003,2.0483669321718385
indonesia_u015,indonesia_fma_0013,1.1375223095405311
indonesia_u015,indonesia_fma_0015,1.4858828495941108
indonesia_u015,indonesia_fma_0002,1.9090241832456118
indonesia_u015,indonesia_fma_0019,0.8113000133941137
indonesia_u015,indonesia_fma_0010,1.8245742666471139
indonesia_u015,indonesia_fma_0009,0.7431639527057792
indonesia_u015,france_0090,1.6828883216462713
indonesia_u015,france_0017,1.310368746390695
indonesia_u015,france_0096,1.1159621721311705
indonesia_u015,france_0081,1.1043844938006717
indonesia_u015,france_0064,0.6948387645906291
indonesia_u015,france_0019,0.9169884528137825
indonesia_u015,france_0066,1.4316169481781513
indonesia_u015,france_0011,1.1802738881534245
indonesia_u015,germany_0032,1.1645633755353548
indonesia_u015,germany_0021,0.7135819576365322
indonesia_u015,germany_0028,1.3819891211374735
indonesia_u015,germany_0022,0.9792457664328228
indonesia_u015,germany_0078,0.6967170068920212
indonesia_u015,germany_0023,1.7241094146550446
indonesia_u015,germany_0037,1.1341783082685668
indonesia_u015,germany_0024,1.1628494741416933
indonesia_u016,indonesia_gamelan_0047,1.438641536992619
indonesia_u016,indonesia_gamelan_0031,0.9203558728352891
indonesia_u016,indonesia_gamelan_0000,1.3645076247389534
indonesia_u016,indonesia_gamelan_0029,2.0407666824251858
indonesia_u016,indonesia_gamelan_0016,1.9566477928274282
indonesia_u016,indonesia_gamelan_0040,0.8562587219975429
indonesia_u016,indonesia_gamelan_0011,1.7366511872726313
indonesia_u016,indonesia_gamelan_0009,2.0530442820653585
indonesia_u016,indonesia_gamelan_0023,1.9890990903674457
indonesia_u016,indonesia_gamelan_0043,1.3092159646876378
indonesia_u016,indonesia_gamelan_0006,0.6579601495970497
indonesia_u016,indonesia_gamelan_0046,2.1812672546297174
indonesia_u016,indonesia_gamelan_0035,1.2579018248379068
indonesia_u016,indonesia_gamelan_0020,1.197684699267193
indonesia_u016,indonesia_gamelan_0024,1.8851632792259523
indonesia_u016,indonesia_gamelan_0001,1.0303520717237389
indonesia_u016,indonesia_gamelan_0018,2.0149401674635783
indonesia_u016,indonesia_gamelan_0008,0.7061889424133195
indonesia_u016,indonesia_gamelan_0039,1.8527268212354637
indonesia_u016,indonesia_gamelan_0045,2.240986871011642
indonesia_u016,indonesia_gamelan_0003,2.292701174607949
indonesia_u016,indonesia_gamelan_0036,2.1685625211106867
indonesia_u016,indonesia_gamelan_0052,2.077065149325884
indonesia_u016,indonesia_gamelan_0002,1.0560683871895844
indonesia_u016,france_0090,1.7549752895501816
indonesia_u016,france_0011,1.7026604016493765
indonesia_u016,france_0017,1.1714028844840019
indonesia_u016,france_0002,0.9928048334314675
indonesia_u016,france_0019,0.5975107923035541
indonesia_u016,france_0066,1.2473560050639185
indonesia_u016,france_0081,1.3957370305049668
indonesia_u016,france_0058,0.995395387295064
indonesia_u016,russia_0023,0.998139906851218
indonesia_u016,russia_0010,1.22397037746431
indonesia_u016,russia_0060,0.48750852947466844
indonesia_u016,russia_0022,1.7431189601221113
indonesia_u016,russia_0038,0.8413727045805577
indonesia_u016,russia_0068,0.6402026633879883
indonesia_u017,indonesia_gamelan_0025,0.989434689262356
indonesia_u017,indonesia_gamelan_0042,1.00745996528985
indonesia_u017,indonesia_gamelan_0053,1.6223820742998107
indonesia_u017,indonesia_gamelan_0041,2.1962926909736766
indonesia_u017,indonesia_gamelan_0031,1.0898089581838668
indonesia_u017,indonesia_gamelan_0044,1.2249017940700475
indonesia_u017,indonesia_gamelan_0039,2.2884999450189993
indonesia_u017,indonesia_gamelan_0007,0.8789832349812398
indonesia_u017,indonesia_gamelan_0002,0.7077700904473995
indonesia_u017,indonesia_gamelan_0045,1.5923277870690453
indonesia_u017,indonesia_gamelan_0012,0.616860555027317
indonesia_u017,indonesia_gamelan_0050,0.886247323949069
indonesia_u017,indonesia_gamelan_0018,1.6483108366910573
indonesia_u017,indonesia_gamelan_0022,1.7126588911925493
indonesia_u017,indonesia_gamelan_0000,1.455483555642144
indonesia_u017,indonesia_gamelan_0023,1.236965379745686
indonesia_u017,indonesia_gamelan_0047,1.5689408331276882
indonesia_u017,indonesia_gamelan_0003,1.6848404239823367
indonesia_u017,indonesia_gamelan_0016,1.9610065298530972
indonesia_u017,indonesia_gamelan_0029,1.9424951786619868
indonesia_u017,indonesia_gamelan_0028,1.7217813205132848
indonesia_u017,indonesia_gamelan_0008,2.1175512060691033
indonesia_u017,indonesia_gamelan_0005,2.020593562452097
indonesia_u017,indonesia_gamelan_0017,0.8048493641759467
indonesia_u017,china_jingju_0052,1.7415172457867025
indonesia_u017,china_jingju_0071,1.6538521081291926
indonesia_u017,china_jingju_0030,0.8832516923357457
indonesia_u017,china_jingju_0002,0.47724896511950327
indonesia_u017,china_jingju_0000,1.265367528123688
indonesia_u017,china_jingju_0024,1.041863728769624
indonesia_u017,china_jingju_0060,1.4619149944912782
indonesia_u017,china_jingju_0074,1.1582096820866405
indonesia_u017,india_saraga_0105,0.5532620875887782
indonesia_u017,india_saraga_0076,0.7803280173439475
indonesia_u017,india_saraga_0003,1.641407070770815
indonesia_u017,india_saraga_0089,0.5008810892153176
indonesia_u017,india_saraga_0008,1.4445040536876876
indonesia_u017,india_saraga_0000,0.8441237357344337
indonesia_u017,india_saraga_0085,1.0610637341073712
indonesia_u017,india_saraga_0006,1.1668573330806715
indonesia_u018,indonesia_gamelan_0008,0.6727216282921902
indonesia_u018,indonesia_gamelan_0021,1.3353225725099616
indonesia_u018,indonesia_gamelan_0048,1.89937995106753
indonesia_u018,indonesia_gamelan_0042,1.1112920235923962
indonesia_u018,indonesia_gamelan_0044,1.2331888849900319
indonesia_u018,indonesia_gamelan_0017,1.6610666020865363
indonesia_u018,indonesia_gamelan_0005,0.6707045181999237
indonesia_u018,indonesia_gamelan_0049,2.242962944876157
indonesia_u018,indonesia_gamelan_0052,0.8759797433017805
indonesia_u018,indonesia_gamelan_0023,0.621009199389799
indonesia_u018,indonesia_gamelan_0013,0.5841821440197249
indonesia_u018,indonesia_gamelan_0036,1.2642312968739575
indonesia_u018,indonesia_gamelan_0003,2.1003370554450265
indonesia_u018,indonesia_gamelan_0012,1.9890895866509273
indonesia_u018,indonesia_gamelan_0033,2.1482790019807236
indonesia_u018,indonesia_gamelan_0022,1.4957745008423506
indonesia_u018,indonesia_gamelan_0002,1.3490872534346583
indonesia_u018,indonesia_gamelan_0034,1.2406101837842203
indonesia_u018,indonesia_gamelan_0020,0.6550711807400026
indonesia_u018,indonesia_gamelan_0029,2.14392416712639
indonesia_u018,indonesia_gamelan_0015,1.4309037591911546
indonesia_u018,indonesia_gamelan_0019,1.3599913185638548
indonesia_u018,indonesia_gamelan_0031,1.4636639150993522
indonesia_u018,indonesia_gamelan_0040,1.9449165437469957
indonesia_u018,germany_0047,0.7530359660764613
indonesia_u018,germany_0061,1.4083659166431466
indonesia_u018,germany_0014,1.4095391501529444
indonesia_u018,germany_0008,1.596896256048547
indonesia_u018,germany_0001,0.46172285792622453
indonesia_u018,germany_0053,0.6800339833674283
indonesia_u018,germany_0016,1.0859132502604198
indonesia_u018,germany_0015,1.598229523072996
indonesia_u018,turkey_modern_0089,1.7529077631977785
indonesia_u018,turkey_modern_0007,1.2530726298171917
indonesia_u018,turkey_modern_0008,0.7363808668210772
indonesia_u018,turkey_modern_0078,0.6991893393632717
indonesia_u018,turkey_modern_0057,1.3132493378814611
indonesia_u018,turkey_modern_0102,0.7335933485301963
indonesia_u018,turkey_modern_0046,1.1966680222931965
indonesia_u018,turkey_modern_0026,1.576996104344268
indonesia_u019,indonesia_fma_0014,1.1846978684554703
indonesia_u019,indonesia_fma_0005,0.9846726372313879
indonesia_u019,indonesia_fma_0016,0.7865589121753738
indonesia_u019,indonesia_fma_0015,1.6901251934874006
indonesia_u019,indonesia_fma_0012,1.1716275150812985
indonesia_u019,indonesia_fma_0018,0.9637874772391762
indonesia_u019,indonesia_fma_0004,2.0688461592909086
indonesia_u019,indonesia_fma_0013,1.865848430808652
indonesia_u019,indonesia_fma_0011,1.9097379815011906
indonesia_u019,indonesia_fma_0000,0.6426129122911582
indonesia_u019,indonesia_fma_0003,2.1536000249235894
indonesia_u019,indonesia_fma_0019,1.5664237020055558
indonesia_u019,indonesia_fma_0007,1.4440598380807947
indonesia_u019,indonesia_fma_0017,0.5932597218979224
indonesia_u019,indonesia_fma_0001,2.12346731299883
indonesia_u019,indonesia_fma_0009,1.513211061588351
indonesia_u019,indonesia_fma_0002,1.9983897225374232
indonesia_u019,indonesia_fma_0010,1.7057564072735565
indonesia_u019,indonesia_fma_0006,1.9492964833062685
indonesia_u019,turkey_modern_0121,1.3854578605530334
indonesia_u019,turkey_modern_0013,1.693301268153366
indonesia_u019,turkey_modern_0044,0.7544036515583921
indonesia_u019,turkey_modern_0113,0.7228351413894247
indonesia_u019,turkey_modern_0024,1.4119311086259148
indonesia_u019,turkey_modern_0047,1.126882980787683
indonesia_u019,turkey_modern_0136,1.2588675799520745
indonesia_u019,turkey_modern_0006,1.4065323334081565
indonesia_u019,great_britain_0068,1.1890280659500034
indonesia_u019,great_britain_0008,1.513386154349365
indonesia_u019,great_britain_0018,0.8804709305134009
indonesia_u019,great_britain_0093,1.6096370988595845
indonesia_u019,great_britain_0084,0.595363076449561
indonesia_u020,indonesia_gamelan_0036,1.979718138755222
indonesia_u020,indonesia_gamelan_0033,1.4141629418482766
indonesia_u020,indonesia_gamelan_0026,1.7485888636681108
indonesia_u020,indonesia_gamelan_0002,1.3971250581190826
indonesia_u020,indonesia_gamelan_0039,1.8594113179558103
indonesia_u020,indonesia_gamelan_0014,0.8067167415375922
indonesia_u020,indonesia_gamelan_0008,1.3449554667787023
indonesia_u020,indonesia_gamelan_0034,1.1538016304506835
indonesia_u020,indonesia_gamelan_0004,1.36790529502721
indonesia_u020,indonesia_gamelan_0016,1.352065326184128
indonesia_u020,indonesia_gamelan_0045,0.8218370633691101
indonesia_u020,indonesia_gamelan_0040,2.259442784473075
indonesia_u020,indonesia_gamelan_0027,0.6017239463095209
indonesia_u020,indonesia_gamelan_0041,0.5923758298100129
indonesia_u020,indonesia_gamelan_0009,1.2191862744705597
indonesia_u020,indonesia_gamelan_0022,1.6451492026232601
indonesia_u020,indonesia_gamelan_0050,0.8849018162557512
indonesia_u020,indonesia_gamelan_0054,1.4947596567346777
indonesia_u020,indonesia_gamelan_0007,1.8217816447370008
indonesia_u020,indonesia_gamelan_0037,0.7372545505942607
indonesia_u020,indonesia_gamelan_0044,2.273128653827485
indonesia_u020,indonesia_gamelan_0030,1.1558086173502826
indonesia_u020,indonesia_gamelan_0005,1.6831665887830043
indonesia_u020,indonesia_gamelan_0011,0.765991755371843
indonesia_u020,italy_0089,1.4078066247737908
indonesia_u020,italy_0002,1.584616068534356
indonesia_u020,italy_0033,0.5921349421463402
indonesia_u020,italy_0100,0.6199152583995894
indonesia_u020,italy_0091,0.8294140094227574
indonesia_u020,italy_0092,0.4661133507566945
indonesia_u020,italy_0024,1.7811692473552603
indonesia_u020,italy_0081,1.2578185011860772
indonesia_u020,turkey_modern_0002,1.2702457574507864
indonesia_u020,turkey_modern_0005,1.7445989290297088
indonesia_u020,turkey_modern_0035,1.5732394933312266
indonesia_u020,turkey_modern_0044,1.5492279568072718
indonesia_u020,turkey_modern_0120,0.9083281993671946
indonesia_u020,turkey_modern_0109,0.9020655811772714
indonesia_u020,turkey_modern_0028,0.8438462457470732
indonesia_u020,turkey_modern_0096,0.9180392783980319
indonesia_u021,indonesia_gamelan_0016,0.7656576767465911
indonesia_u021,indonesia_gamelan_0033,2.2990790404515384
indonesia_u021,indonesia_gamelan_0008,2.1997597781240565
indonesia_u021,indonesia_gamelan_0023,2.121621135936805
indonesia_u021,indonesia_gamelan_0048,1.6484487560506516
indonesia_u021,indonesia_gamelan_0047,1.4768150465482417
indonesia_u021,indonesia_gamelan_0001,1.5000805571958777
indonesia_u021,indonesia_gamelan_0032,0.6007662287937009
indonesia_u021,indonesia_gamelan_0044,1.436584890855889
indonesia_u021,indonesia_gamelan_0009,1.6510025042133618
indonesia_u021,indonesia_gamelan_0020,1.711268210136786
indonesia_u021,indonesia_gamelan_0012,1.1479405772135147
indonesia_u021,indonesia_gamelan_0027,1.3879620542563729
indonesia_u021,indonesia_gamelan_0011,1.6726357964929408
indonesia_u021,indonesia_gamelan_0014,1.3138270052246883
indonesia_u021,indonesia_gamelan_0006,2.234683218246581
indonesia_u021,indonesia_gamelan_0050,1.7918876394947005
indonesia_u021,indonesia_gamelan_0053,0.5771972122827861
indonesia_u021,indonesia_gamelan_0015,0.6151571055568864
indonesia_u021,indonesia_gamelan_0036,1.7657678509829458
indonesia_u021,indonesia_gamelan_0051,1.286812793265992
indonesia_u021,indonesia_gamelan_0000,2.023087387391159
indonesia_u021,indonesia_gamelan_0040,0.8734515813638019
indonesia_u021,indonesia_gamelan_0039,0.5988514267402033
indonesia_u021,india_saraga_0101,0.9739111726535117
indonesia_u021,india_saraga_0076,1.4436865408150563
indonesia_u021,india_saraga_0018,1.7618324400597176
indonesia_u021,india_saraga_0055,1.6429327371239248
indonesia_u021,india_saraga_0080,1.1035007261151375
indonesia_u021,india_saraga_0049,1.5473033323150949
indonesia_u021,india_saraga_0072,0.544946118121279
indonesia_u021,india_saraga_0027,1.2225676692395924
indonesia_u021,germany_0010,1.6978028575695348
indonesia_u021,germany_0073,0.9851199491124989
indonesia_u021,germany_0067,1.746135850045206
indonesia_u021,germany_0015,0.7479248805842922
indonesia_u021,germany_0012,0.5926056428700812
indonesia_u021,germany_0071,1.1584291537102964
indonesia_u021,germany_0014,1.674783277174653
indonesia_u021,germany_0074,0.8702269453054047
indonesia_u022,indonesia_fma_0015,2.059579187868487
indonesia_u022,indonesia_fma_0019,1.195121023563013
indonesia_u022,indonesia_fma_0005,1.218886295395714
indonesia_u022,indonesia_fma_0000,1.088522823225901
indonesia_u022,indonesia_fma_0011,1.1375744960281318
indonesia_u022,indonesia_fma_0006,2.0596513793481552
indonesia_u022,indonesia_fma_0004,0.5931243276174857
indonesia_u022,indonesia_fma_0003,1.32719077141393
indonesia_u022,indonesia_fma_0016,2.201398445460641
indonesia_u022,indonesia_fma_0001,1.5110477126903452
indonesia_u022,indonesia_fma_0007,1.3520189879982336
indonesia_u022,indonesia_fma_0014,1.1138379131067893
indonesia_u022,indonesia_fma_0018,0.702499286511784
indonesia_u022,indonesia_fma_0010,0.9622391745974597
indonesia_u022,indonesia_fma_0017,0.7310407571411028
indonesia_u022,indonesia_fma_0013,0.7935565162591136
indonesia_u022,indonesia_fma_0009,0.8570660386178154
indonesia_u022,indonesia_fma_0012,1.0960007703453802
indonesia_u022,indonesia_fma_0002,0.5940037729922986
indonesia_u022,india_saraga_0090,1.7326942455508845
indonesia_u022,india_saraga_0011,0.6171557751139156
indonesia_u022,india_saraga_0031,0.9672509776854425
indonesia_u022,india_saraga_0064,1.6373622056149537
indonesia_u022,india_saraga_0054,0.593866759757529
indonesia_u022,india_saraga_0070,1.102865739868063
indonesia_u022,india_saraga_0003,1.5904578566808845
indonesia_u022,india_saraga_0080,1.201899542446089
indonesia_u022,modern_english_pop_0088,0.7339638538207262
indonesia_u022,modern_english_pop_0109,1.4429378674069848
indonesia_u022,modern_english_pop_0095,1.3698104348711355
indonesia_u022,modern_english_pop_0097,0.9389509738383478
indonesia_u022,modern_english_pop_0048,0.5124984681348564
indonesia_u022,modern_english_pop_0086,0.46061733135972677
indonesia_u022,modern_english_pop_0110,1.5642803922216817
indonesia_u022,modern_english_pop_0108,0.8841024381047425
indonesia_u023,indonesia_gamelan_0017,0.6519591011739886
indonesia_u023,indonesia_gamelan_0000,0.7282004964741636
indonesia_u023,indonesia_gamelan_0007,1.5751858990102598
indonesia_u023,indonesia_gamelan_0054,1.1756757982201234
indonesia_u023,indonesia_gamelan_0034,0.9943595360079243
indonesia_u023,indonesia_gamelan_0041,0.9533038122001548
indonesia_u023,indonesia_gamelan_0016,2.2113031425328455
indonesia_u023,indonesia_gamelan_0020,0.7799585934138283
indonesia_u023,indonesia_gamelan_0018,1.1008048585828292
indonesia_u023,indonesia_gamelan_0046,1.388298276983108
indonesia_u023,indonesia_gamelan_0002,0.5757754324780905
indonesia_u023,indonesia_gamelan_0004,2.1636442483956246
indonesia_u023,indonesia_gamelan_0040,0.7459450690611791
indonesia_u023,indonesia_gamelan_0003,1.7522617861836476
indonesia_u023,indonesia_gamelan_0028,1.6597929481052922
indonesia_u023,indonesia_gamelan_0006,1.9706351500556716
indonesia_u023,indonesia_gamelan_0048,1.6986438352197128
indonesia_u023,indonesia_gamelan_0026,1.9021932946975644
indonesia_u023,indonesia_gamelan_0013,1.30165385016021
indonesia_u023,indonesia_gamelan_0053,1.4180152531015502
indonesia_u023,indonesia_gamelan_0015,1.7853671262336233
indonesia_u023,indonesia_gamelan_0027,1.5555360938199632
indonesia_u023,indonesia_gamelan_0022,1.4574039992100916
indonesia_u023,indonesia_gamelan_0030,0.9295882504440974
indonesia_u023,france_0073,0.7984461520886068
indonesia_u023,france_0030,0.9339712754301812
indonesia_u023,france_0039,0.4625339203217293
indonesia_u023,france_0035,1.0134406569333199
indonesia_u023,france_0074,0.4537374422812823
indonesia_u023,france_0078,1.2127708384938047
indonesia_u023,france_0045,1.400438838112671
indonesia_u023,france_0100,1.2089006526804207
indonesia_u023,modern_english_pop_0059,1.3862519638265824
indonesia_u023,modern_english_pop_0070,0.4500177775508801
indonesia_u023,modern_english_pop_0069,0.5302466639338179
indonesia_u023,modern_english_pop_0010,1.3929242951819998
indonesia_u023,modern_english_pop_0031,1.5339151997416403
indonesia_u023,modern_english_pop_0055,1.4188971207006826
indonesia_u023,modern_english_pop_0084,1.3450665274472948
indonesia_u023,modern_english_pop_0078,1.4049665961456062
italy_u000,italy_0065,1.3070073051469646
italy_u000,italy_0077,1.3911493292612247
italy_u000,italy_0071,1.077789938415123
italy_u000,italy_0067,1.938526979925174
italy_u000,italy_0037,0.9600961492367223
italy_u000,italy_0044,1.77649236544097
italy_u000,italy_0070,2.044300344396368
italy_u000,italy_0074,1.6163794625502863
italy_u000,italy_0057,1.1859241471651156
italy_u000,italy_0059,0.8991123927892235
italy_u000,italy_0068,0.8067471853463755
italy_u000,italy_0034,1.8587014250321312
italy_u000,italy_0028,1.3842526958315648
italy_u000,italy_0062,0.654901225763709
italy_u000,italy_0075,2.2721231494760197
italy_u000,italy_0001,1.7329979906560076
italy_u000,italy_0038,2.0312149012115355
italy_u000,italy_0054,1.3308754580218445
italy_u000,italy_0053,2.2231316208938425
italy_u000,italy_0073,0.9191806610941194
italy_u000,italy_0007,0.8943598120694578
italy_u000,italy_0031,2.110827417478869
italy_u000,italy_0058,2.113211935409881
italy_u000,italy_0066,1.4358086124858476
italy_u000,indonesia_gamelan_0053,0.6198115797278712
italy_u000,indonesia_gamelan_0017,0.8620422185744171
italy_u000,indonesia_gamelan_0005,1.4681056563465316
italy_u000,indonesia_gamelan_0001,1.5920890758017598
italy_u000,indonesia_gamelan_0048,0.9193339094555031
italy_u000,indonesia_gamelan_0038,0.5326654704527716
italy_u000,indonesia_gamelan_0051,1.3487310201232539
italy_u000,indonesia_gamelan_0050,1.4483210059416962
italy_u000,india_saraga_0046,1.022419812415985
italy_u000,india_saraga_0080,1.2371817756841237
italy_u000,india_saraga_0038,1.7829515216575125
italy_u000,india_saraga_0095,0.7807481091355402
italy_u000,india_saraga_0060,1.2235198866289887
italy_u000,india_saraga_0089,1.2747965583095675
italy_u000,india_saraga_0041,1.1912947146330253
italy_u000,india_saraga_0011,1.6233249032241244
italy_u001,italy_0018,1.6171991946910642
italy_u001,italy_0048,2.1784683310371724
italy_u001,italy_0032,1.1099570350234562
italy_u001,italy_0020,1.8110701025377314
italy_u001,italy_0015,1.906743400822773
italy_u001,italy_0056,2.2580818147200405
italy_u001,italy_0060,0.6063544334664571
italy_u001,italy_0016,2.2176091960875994
italy_u001,italy_0063,1.2504931253671847
italy_u001,italy_0061,2.0205368999098954
italy_u001,italy_0013,1.5146297839313698
italy_u001,italy_0055,1.5490204617325551
italy_u001,italy_0017,1.1949268571216265
italy_u001,italy_0064,2.0041152184023905
italy_u001,india_saraga_0086,0.8064183206310751
italy_u001,india_saraga_0023,1.1145258713411188
italy_u001,india_saraga_0091,1.2062355733360919
italy_u001,india_saraga_0062,1.4524034761271094
italy_u001,india_saraga_0090,1.0867077050060752
italy_u001,india_saraga_0054,1.3683819134333168
italy_u001,india_saraga_0082,1.1051470300697668
italy_u001,india_saraga_0078,1.340082859894103
italy_u001,france_0011,1.360093692881
italy_u001,france_0096,1.4077461067144792
italy_u001,france_0064,1.5614547217114403
italy_u001,france_0058,1.1799754572958885
italy_u001,france_0017,0.7109255212243559
italy_u001,france_0002,1.3675151361857247
italy_u001,france_0066,0.5541094127144185
italy_u001,france_0019,0.7455892803225984
italy_u002,italy_0082,2.1853765898157644
italy_u002,italy_0087,1.5690904532053491
italy_u002,italy_0088,1.5544776760902148
italy_u002,italy_0085,1.6905259233641212
italy_u002,italy_0080,1.334997567807272
italy_u002,italy_0084,0.6684467750398179
italy_u002,italy_0083,1.2589691356001027
italy_u002,italy_0086,2.1279350624533593
italy_u002,italy_0035,1.963533230675421
italy_u002,italy_0010,2.1748056557954376
italy_u002,italy_0019,0.8386344843534083
italy_u002,turkey_modern_0101,1.13304297200242
italy_u002,turkey_modern_0075,1.239383008997474
italy_u002,turkey_modern_0136,0.7333994384905155
italy_u002,turkey_modern_0082,0.7213098230131096
italy_u002,turkey_modern_0074,1.505744459067783
italy_u002,turkey_modern_0036,1.357000088020479
italy_u002,turkey_modern_0067,1.3237031747004664
italy_u002,turkey_modern_0002,0.8104330682770702
italy_u002,russia_0023,1.1341387227337292
italy_u002,russia_0022,0.4811444372105925
italy_u002,russia_0068,0.6254271710105777
italy_u002,russia_0038,1.1496386647270682
italy_u002,russia_0010,0.8680575721030823
italy_u002,russia_0060,1.7536541718102974
italy_u003,italy_0073,1.9209144564675724
italy_u003,italy_0058,1.4842344718841927
italy_u003,italy_0075,0.8759985999915366
italy_u003,italy_0047,1.2581952246201251
italy_u003,italy_0067,1.654739262779244
italy_u003,italy_0074,2.2538142890452395
italy_u003,italy_0070,1.7166257946273054
italy_u003,italy_0069,0.6029366548491597
italy_u003,italy_0059,1.791139277191111
italy_u003,italy_0037,1.0077417928637227
italy_u003,italy_0000,2.0622241270188306
italy_u003,italy_0077,1.2372100916900888
italy_u003,italy_0051,0.9193359401261678
italy_u003,italy_0044,1.3822088967301545
italy_u003,italy_0072,1.0152165056933844
italy_u003,italy_0057,0.9817920676587921
italy_u003,italy_0022,1.5638766063342753
italy_u003,italy_0053,1.898672317217767
italy_u003,italy_0050,2.0152962954257854
italy_u003,italy_0028,1.2609805265614245
italy_u003,italy_0071,0.6902364922047203
italy_u003,italy_0001,1.4098568723530795
italy_u003,italy_0012,1.3232730478739656
italy_u003,italy_0068,0.914788685736493
italy_u003,russia_0048,1.6597956165445622
italy_u003,russia_0019,1.76510014157793
italy_u003,russia_0066,0.51985870384466
italy_u003,russia_0020,1.5242576128075338
italy_u003,russia_0016,1.3217173532210773
italy_u003,russia_0047,0.8029389485239758
italy_u003,russia_0044,1.3074607596817973
italy_u003,india_saraga_0056,0.6236683087726905
italy_u003,india_saraga_0050,0.5436987862016214
italy_u003,india_saraga_0095,1.7912102513205517
italy_u003,india_saraga_0008,1.3090993089191914
italy_u003,india_saraga_0023,0.7918505431198652
italy_u003,india_saraga_0028,1.0575458404700842
italy_u003,india_saraga_0004,1.7326190461020845
italy_u003,india_saraga_0074,1.0422788423221931
italy_u004,italy_0087,0.608046235339985
italy_u004,italy_0035,1.4036675205013163
italy_u004,italy_0088,2.1207758405263917
italy_u004,italy_0084,1.3230481269974732
italy_u004,italy_0082,2.234701366332416
italy_u004,italy_0080,1.7005417666108695
italy_u004,italy_0083,0.7638135450113199
italy_u004,italy_0019,1.4534943296970289
italy_u004,italy_0086,1.7749395589878796
italy_u004,italy_0010,0.6877614771133457
italy_u004,italy_0085,1.1695204428220738
italy_u004,russia_0033,1.4180594351228817
italy_u004,russia_0055,0.6620463391144961
italy_u004,russia_0017,0.9202588626652055
italy_u004,russia_0012,1.3813789353307657
italy_u004,russia_0025,1.4969802175165536
italy_u004,russia_0067,1.1499909216643178
italy_u004,russia_0005,1.741757662395013
italy_u004,russia_0045,1.6991966593786452
italy_u004,turkey_modern_0069,1.08914002277551
italy_u004,turkey_modern_0025,0.6663704536502851
italy_u004,turkey_modern_0009,1.493457611243344
italy_u004,turkey_modern_0132,0.7782384267807444
italy_u004,turkey_modern_0051,1.5878087684987918
italy_u004,turkey_modern_0098,1.2426448605593827
italy_u004,turkey_modern_0102,0.982025558636958
italy_u004,turkey_modern_0067,1.2011175340864346
italy_u005,italy_0054,1.5643208153264363
italy_u005,italy_0044,0.6840892818689916
italy_u005,italy_0071,1.9686592722716447
italy_u005,italy_0007,1.6381370498581356
italy_u005,italy_0072,1.313953457587128
italy_u005,italy_0000,1.9588565042608068
italy_u005,italy_0050,1.3598794996479724
italy_u005,italy_0058,0.9679310144156963
italy_u005,italy_0074,1.390063812915331
italy_u005,italy_0047,0.6971848491994099
italy_u005,italy_0067,2.1238104141279432
italy_u005,italy_0051,1.8359031964169454
italy_u005,italy_0031,1.8865447312209227
italy_u005,italy_0021,2.0835009494318126
italy_u005,italy_0059,1.940462715706019
italy_u005,italy_0012,1.3199457181871834
italy_u005,italy_0038,0.7796477926314005
italy_u005,italy_0057,1.2190542454671434
italy_u005,italy_0001,2.1862961323050207
italy_u005,italy_0037,2.21218109737413
italy_u005,italy_0068,1.8995772430285471
italy_u005,italy_0052,0.9276427557981434
italy_u005,italy_0065,0.9104260058506769
italy_u005,italy_0073,2.0926058562692424
italy_u005,india_saraga_0070,0.6415864960650184
italy_u005,india_saraga_0042,1.2385855943988604
italy_u005,india_saraga_0057,0.9606397710767417
italy_u005,india_saraga_0082,0.8577148607475884
italy_u005,india_saraga_0045,1.3644657346639237
italy_u005,india_saraga_0043,1.7454182534801161
italy_u005,india_saraga_0083,1.4998055466244031
italy_u005,india_saraga_0066,1.1063195006870978
italy_u005,turkey_modern_0073,1.044960536072992
italy_u005,turkey_modern_0068,1.6753466542352224
italy_u005,turkey_modern_0058,1.230444582939568
italy_u005,turkey_modern_0038,1.1204626811393636
italy_u005,turkey_modern_0064,1.3718284238674212
italy_u005,turkey_modern_0112,0.7701576531248607
italy_u005,turkey_modern_0059,0.5360429082260876
italy_u005,turkey_modern_0025,1.6044004446552145
italy_u006,italy_0069,0.9129836549051349
italy_u006,italy_0001,1.9474176269995307
italy_u006,italy_0065,1.0801354312024947
italy_u006,italy_0047,1.880893915380318
italy_u006,italy_0057,2.2117879071037794
italy_u006,italy_0012,1.5656211234919113
italy_u006,italy_0077,1.412330424967344
italy_u006,italy_0062,1.8689693778932048
italy_u006,italy_0072,0.7424804913155801
italy_u006,italy_0038,1.3136658509114267
italy_u006,italy_0050,1.4354724262578045
italy_u006,italy_0044,2.0085635104372015
italy_u006,italy_0073,1.9795254638989914
italy_u006,italy_0052,2.0382577457412174
italy_u006,italy_0075,1.7788308005717854
italy_u006,italy_0071,1.4902087673938447
italy_u006,italy_0034,2.003091829317334
italy_u006,italy_0070,2.08141216631534
italy_u006,italy_0000,1.4038359223364536
italy_u006,italy_0051,2.275266791108131
italy_u006,italy_0067,2.0840612655890833
italy_u006,italy_0066,1.4555601728519285
italy_u006,italy_0076,0.6945211019737585
italy_u006,italy_0068,0.9622487877540211
italy_u006,indonesia_fma_0002,1.4981380821579846
italy_u006,indonesia_fma_0017,0.6000582469482244
italy_u006,indonesia_fma_0013,1.0842300895310053
italy_u006,indonesia_fma_0009,1.2665504593413823
italy_u006,indonesia_fma_0011,1.6357682183001956
italy_u006,indonesia_fma_0018,1.593603714906198
italy_u006,indonesia_fma_0015,1.4817751934306393
italy_u006,indonesia_fma_0003,1.0003872275251187
italy_u006,india_saraga_0057,0.6420364933621011
italy_u006,india_saraga_0044,1.3540265679030945
italy_u006,india_saraga_0022,0.6947396403594381
italy_u006,india_saraga_0023,1.2077745526016315
italy_u006,india_saraga_0105,1.773915546325515
italy_u006,india_saraga_0100,1.1929181973398206
italy_u006,india_saraga_0066,1.3215017708016041
italy_u006,india_saraga_0080,1.3647268870868348
italy_u007,italy_0030,1.4708012277503288
italy_u007,italy_0009,0.6358648989955346
italy_u007,italy_0046,1.7987077905005908
italy_u007,russia_0045,1.7792133777977703
italy_u007,russia_0040,0.7983714905621478
italy_u007,russia_0017,1.0756785133724849
italy_u007,russia_0025,0.9377204414192297
italy_u007,russia_0067,0.9771311172103155
italy_u007,russia_0005,1.4238899917317318
italy_u007,russia_0033,0.9608459261706676
italy_u007,russia_0012,1.7204635693692811
italy_u007,modern_english_pop_0051,1.5160389125808065
italy_u007,modern_english_pop_0078,0.4873234838683885
italy_u007,modern_english_pop_0102,1.5550409907455285
italy_u007,modern_english_pop_0003,1.4933575202921894
italy_u007,modern_english_pop_0019,1.1472665333146652
italy_u007,modern_english_pop_0119,1.1207034856076583
italy_u007,modern_english_pop_0116,1.577961319680387
italy_u007,modern_english_pop_0080,1.0234601403700971
italy_u008,italy_0010,1.3970444606385455
italy_u008,italy_0084,1.858647064924933
italy_u008,italy_0035,1.4112429237061863
italy_u008,italy_0019,1.3770949442907998
italy_u008,italy_0086,1.6478215307690445
italy_u008,italy_0082,1.0224037835270903
italy_u008,italy_0080,1.005908621303281
italy_u008,italy_0087,2.2816353996880254
italy_u008,italy_0085,2.0740112160756583
italy_u008,italy_0088,1.8476271963756368
italy_u008,italy_0083,0.8115743298707948
italy_u008,france_0066,0.490803360099435
italy_u008,france_0090,0.6868068806660755
italy_u008,france_0081,1.715936802085152
italy_u008,france_0002,1.5519911898361336
italy_u008,france_0058,1.1561526168595782
italy_u008,france_0011,1.7578537983473093
italy_u008,france_0017,0.6478858389181065
italy_u008,france_0049,1.2048530940081499
italy_u008,great_britain_0000,0.6973498706382583
italy_u008,great_britain_0003,0.863678616485813
italy_u008,great_britain_0036,1.7191822756003547
italy_u008,great_britain_0009,1.6221759973407228
italy_u008,great_britain_0002,0.5874283606012913
italy_u008,great_britain_0016,0.7868841375072669
italy_u008,great_britain_0011,1.2525850839357682
italy_u008,great_britain_0086,0.5328262629101129
italy_u009,italy_0087,0.6476199087848152
italy_u009,italy_0019,1.1147375557313943
italy_u009,italy_0085,1.7556418214061922
italy_u009,italy_0084,1.1436378110850347
italy_u009,italy_0080,0.7104733587640878
italy_u009,italy_0010,1.1701481641051874
italy_u009,italy_0035,1.802328481335444
italy_u009,italy_0086,0.7854238925619731
italy_u009,italy_0083,1.8249891032651038
italy_u009,italy_0088,1.9126611107168179
italy_u009,italy_0082,1.6708937841291553
italy_u009,great_britain_0001,0.7797159655534948
italy_u009,great_britain_0041,1.537148732213333
italy_u009,great_britain_0051,0.7394973774009282
italy_u009,great_britain_0015,1.6728582854313232
italy_u009,great_britain_0034,1.403971693841811
italy_u009,great_britain_0025,0.5238719009735306
italy_u009,great_britain_0077,1.529037610193245
italy_u009,great_britain_0030,1.133685279485875
italy_u009,india_saraga_0029,1.0610760100226195
italy_u009,india_saraga_0065,1.0176901101429572
italy_u009,india_saraga_0043,1.2689505896952378
italy_u009,india_saraga_0076,1.428180976056998
italy_u009,india_saraga_0033,1.659568431228157
italy_u009,india_saraga_0020,0.8184754974787541
italy_u009,india_saraga_0073,1.301547968429072
italy_u009,india_saraga_0068,1.3765625254819753
italy_u010,italy_0083,1.4737350174693709
italy_u010,italy_0082,2.0411158297870005
italy_u010,italy_0080,1.2259942519002922
italy_u010,italy_0087,0.6792030699724659
italy_u010,italy_0086,1.078069265028941
italy_u010,italy_0084,0.9923125372940487
italy_u010,italy_0088,2.0758580172387053
italy_u010,italy_0010,1.3751349527307808
italy_u010,italy_0019,1.75411380959489
italy_u010,italy_0035,2.234655533217985
italy_u010,italy_0085,1.0910990453644764
italy_u010,france_0027,1.4776194026619842
italy_u010,france_0052,0.480731564050274
italy_u010,france_0009,0.590556836670563
italy_u010,france_0088,0.6685178715044254
italy_u010,france_0036,0.8717647547778864
italy_u010,france_0056,0.9940327404246609
italy_u010,france_0075,1.0939714524885433
italy_u010,france_0061,0.7811973174825866
italy_u010,indonesia_fma_0016,0.5393906814736836
italy_u010,indonesia_fma_0004,1.3646561739843284
italy_u010,indonesia_fma_0011,0.48194282727125703
italy_u010,indonesia_fma_0015,1.5427853570592787
italy_u010,indonesia_fma_0001,1.704359013954122
italy_u010,indonesia_fma_0019,1.4089980334405063
italy_u010,indonesia_fma_0017,1.2545466983210232
italy_u010,indonesia_fma_0018,1.3369750145936543
italy_u011,italy_0080,2.177937045305462
italy_u011,italy_0084,1.3933614940858856
italy_u011,italy_0086,1.359215746510279
italy_u011,italy_0019,2.191737775791787
italy_u011,italy_0088,2.2306402137200947
italy_u011,italy_0082,2.2323236250660785
italy_u011,italy_0010,1.9875980044903387
italy_u011,italy_0087,1.3726505998219838
italy_u011,italy_0085,0.9377662826141263
italy_u011,italy_0083,1.2364355202042536
italy_u011,italy_0035,2.1935631728681853
italy_u011,indonesia_gamelan_0048,0.9407982983584049
italy_u011,indonesia_gamelan_0044,1.4715685262117757
italy_u011,indonesia_gamelan_0015,1.6960558739729956
italy_u011,indonesia_gamelan_0047,1.76002941988993
italy_u011,indonesia_gamelan_0031,1.7293600982817308
italy_u011,indonesia_gamelan_0018,1.1993277569250727
italy_u011,indonesia_gamelan_0008,1.114038100778675
italy_u011,indonesia_gamelan_0027,1.7833146868367815
italy_u011,turkey_modern_0145,0.7445419261834142
italy_u011,turkey_modern_0056,0.7031658532744296
italy_u011,turkey_modern_0126,1.7502961019568775
italy_u011,turkey_modern_0014,1.380413009462629
italy_u011,turkey_modern_0072,1.174010413227513
italy_u011,turkey_modern_0117,0.6282672203357627
italy_u011,turkey_modern_0132,1.1428743361720446
italy_u011,turkey_modern_0018,1.7246985572540992
italy_u012,italy_0021,2.09995270080735
italy_u012,italy_0044,1.550602537581723
italy_u012,italy_0054,2.0463006810084687
italy_u012,italy_0059,1.7309462163078186
italy_u012,italy_0047,1.072690278891001
italy_u012,italy_0052,2.2569072503602876
italy_u012,italy_0034,1.5599845701957382
italy_u012,italy_0076,1.4664027921506415
italy_u012,italy_0062,1.2710541087368648
italy_u012,italy_0071,0.8101937503090106
italy_u012,italy_0070,1.7587172180623787
italy_u012,italy_0037,1.3181286165600292
italy_u012,italy_0050,2.1872065803634824
italy_u012,italy_0000,2.239792615867599
italy_u012,italy_0051,1.8991804754786652
italy_u012,italy_0007,0.9933034673868731
italy_u012,italy_0074,1.8100649493868417
italy_u012,italy_0028,0.6102275204147207
italy_u012,italy_0077,2.000540867344477
italy_u012,italy_0031,1.4264920282311626
italy_u012,italy_0068,2.1908758960519465
italy_u012,italy_0012,1.2266360712872897
italy_u012,italy_0057,1.0289744677346313
italy_u012,italy_0053,2.2914721843541677
italy_u012,indonesia_gamelan_0042,1.1664151265413016
italy_u012,indonesia_gamelan_0020,1.6152964322540915
italy_u012,indonesia_gamelan_0043,1.6799271714283617
italy_u012,indonesia_gamelan_0029,1.1499327622549216
italy_u012,indonesia_gamelan_0006,1.0652137994509032
italy_u012,indonesia_gamelan_0002,1.1963960389426729
italy_u012,indonesia_gamelan_0008,1.594448328889909
italy_u012,indonesia_gamelan_0018,1.7522913126610795
italy_u012,modern_english_pop_0095,0.8932348476491169
italy_u012,modern_english_pop_0101,1.447151015861793
italy_u012,modern_english_pop_0004,0.8352555443414452
italy_u012,modern_english_pop_0114,1.2747866057975323
italy_u012,modern_english_pop_0025,1.5364659440946653
italy_u012,modern_english_pop_0089,1.646756538292746
italy_u012,modern_english_pop_0064,1.0557668487769831
italy_u012,modern_english_pop_0082,0.9491701714639537
italy_u013,italy_0023,1.528493520187795
italy_u013,italy_0100,0.9843694148392796
italy_u013,italy_0003,1.7447431919363579
italy_u013,italy_0090,1.2212616387303208
italy_u013,italy_0006,0.6493175329759248
italy_u013,italy_0005,1.9827065987381767
italy_u013,italy_0014,0.6644812124690797
italy_u013,italy_0039,1.7347177118999069
italy_u013,italy_0045,0.8453435378114786
italy_u013,italy_0078,1.32118241608474
italy_u013,italy_0049,2.056933110993093
italy_u013,italy_0097,0.7378737222219028
italy_u013,italy_0008,1.725834920503271
italy_u013,italy_0040,1.631767330788497
italy_u013,italy_0094,2.071488812464605
italy_u013,italy_0095,0.872967653034015
italy_u013,italy_0104,1.954633445496763
italy_u013,italy_0102,1.351459064378791
italy_u013,italy_0004,1.3144107490508483
italy_u013,italy_0043,1.1990780051987842
italy_u013,italy_0081,1.2401154021879583
italy_u013,italy_0025,1.4719303555835133
italy_u013,italy_0011,0.7592296945429784
italy_u013,italy_0024,1.3082386255308525
italy_u013,indonesia_gamelan_0044,1.330174640330356
italy_u013,indonesia_gamelan_0001,1.1225596771417248
italy_u013,indonesia_gamelan_0043,0.6738697829469908
italy_u013,indonesia_gamelan_0015,0.9401197974187033
italy_u013,indonesia_gamelan_0045,1.0479982604750053
italy_u013,indonesia_gamelan_0028,1.3529809997545073
italy_u013,indonesia_gamelan_0004,1.6660345354256219
italy_u013,indonesia_gamelan_0020,1.1930069419935552
italy_u013,germany_0005,1.3630969729584417
italy_u013,germany_0033,0.5542059943431961
italy_u013,germany_0042,1.7385304896192508
italy_u013,germany_0007,0.8755317319799559
italy_u013,germany_0059,0.9282938620786939
italy_u013,germany_0098,0.750837753866042
italy_u013,germany_0004,0.5643045968834914
italy_u013,germany_0089,1.5165631666914992
italy_u014,italy_0082,0.8938127765464149
italy_u014,italy_0035,1.0327159673592097
italy_u014,italy_0084,0.9002618107402806
italy_u014,italy_0088,1.8161970797089841
italy_u014,italy_0085,1.0062653252264253
italy_u014,italy_0019,2.181750831477916
italy_u014,italy_0010,2.002680767061656
italy_u014,italy_0086,1.5899919450576863
italy_u014,italy_0080,0.5904184376311553
italy_u014,italy_0087,2.09932972606875
italy_u014,italy_0083,1.8303888402686557
italy_u014,germany_0093,1.5136749853303586
italy_u014,germany_0000,0.546964026172188
italy_u014,germany_0035,1.406556229795032
italy_u014,germany_0094,1.5361957893925942
italy_u014,germany_0026,1.7414577308120238
italy_u014,germany_0104,1.233635138256288
italy_u014,germany_0085,1.1358565001990166
italy_u014,germany_0088,1.0242856664755808
italy_u014,france_0084,1.3967383693022692
italy_u014,france_0086,1.6931087613647287
italy_u014,france_0075,1.2596693157666483
italy_u014,france_0028,0.7568329160362588
italy_u014,france_0025,0.4737248329173886
italy_u014,france_0076,1.2858027096611622
italy_u014,france_0009,1.6172071488257211
italy_u014,france_0027,0.5390666247241026
italy_u015,italy_0049,1.4045622420558357
italy_u015,italy_0045,0.7414952166437806
italy_u015,italy_0005,1.0032901426733933
italy_u015,italy_0006,1.0810129276021834
italy_u015,italy_0008,1.812832061704983
italy_u015,italy_0002,1.7378297213489626
italy_u015,italy_0036,1.8637131534060885
italy_u015,italy_0081,0.681527456484403
italy_u015,italy_0102,2.289502015998506
italy_u015,italy_0011,0.6688745495243513
italy_u015,italy_0024,1.9994149402325405
italy_u015,italy_0041,1.8519639102539238
italy_u015,italy_0025,1.5957890885983892
italy_u015,italy_0104,1.3320286098751029
italy_u015,italy_0004,1.8810533093910649
italy_u015,italy_0095,1.8512547106387596
italy_u015,italy_0042,0.8116326287199128
italy_u015,italy_0101,1.942291015857501
italy_u015,italy_0043,0.7105108205753151
italy_u015,italy_0029,1.4384420951717225
italy_u015,italy_0096,1.6877661508284099
italy_u015,italy_0100,1.9924132789722675
italy_u015,italy_0026,1.3738651262105177
italy_u015,italy_0023,0.9835801837998754
italy_u015,great_britain_0013,1.112390480866419
italy_u015,great_britain_0100,0.7877809490901122
italy_u015,great_britain_0073,1.1637792649658003
italy_u015,great_britain_0022,1.0743860471937992
italy_u015,great_britain_0024,1.5036810530630325
italy_u015,great_britain_0061,0.7741216531474141
italy_u015,great_britain_0053,0.7199799986569584
italy_u015,great_britain_0019,1.090150208415396
italy_u015,germany_0070,0.5181808930076485
italy_u015,germany_0013,0.7596098483879329
italy_u015,germany_0048,0.9275016341533842
italy_u015,germany_0031,1.1083001119572289
italy_u015,germany_0027,0.8137395601542414
italy_u016,italy_0077,2.2785294243813716
italy_u016,italy_0051,2.229559321400297
italy_u016,italy_0038,2.039271393149168
italy_u016,italy_0052,1.9124256437800355
italy_u016,italy_0022,1.5712902239544333
italy_u016,italy_0044,1.0230745469077067
italy_u016,italy_0074,2.0851323217267392
italy_u016,italy_0067,0.593657832666202
italy_u016,italy_0001,0.9673339427195347
italy_u016,italy_0037,1.2714384677707102
italy_u016,italy_0076,1.586121092778774
italy_u016,italy_0071,1.542516827621614
italy_u016,italy_0075,0.8782823005146161
italy_u016,italy_0066,0.7557768946783423
italy_u016,italy_0028,0.9585174000846073
italy_u016,italy_0021,1.176522660846434
italy_u016,italy_0072,0.5992426116621486
italy_u016,italy_0059,1.769486290448501
italy_u016,italy_0000,1.0023298266471727
italy_u016,italy_0069,1.181172653045925
italy_u016,italy_0007,1.1527054162572263
italy_u016,italy_0073,1.4579064065154501
italy_u016,italy_0031,2.0581545206132037
italy_u016,italy_0054,0.8326976697970585
italy_u016,india_saraga_0082,0.9099816028622146
italy_u016,india_saraga_0028,1.384238890437908
italy_u016,india_saraga_0046,0.5097124079285896
italy_u016,india_saraga_0097,1.570471157469002
italy_u016,india_saraga_0013,1.748463939671526
italy_u016,india_saraga_0096,1.2703102234856878
italy_u016,india_saraga_0099,1.7412863008914738
italy_u016,india_saraga_0035,1.0076334697328595
italy_u016,modern_english_pop_0113,1.0102928363844348
italy_u016,modern_english_pop_0074,0.5934360277081406
italy_u016,modern_english_pop_0060,0.4978533622496891
italy_u016,modern_english_pop_0062,0.7800808294816207
italy_u016,modern_english_pop_0056,1.0954736870865496
italy_u016,modern_english_pop_0087,1.1353712276649002
italy_u016,modern_english_pop_0118,0.7437267653509351
italy_u016,modern_english_pop_0100,1.2772876607929273
italy_u017,italy_0055,0.7972442191227432
italy_u017,italy_0056,2.231141636274754
italy_u017,italy_0061,0.6831432221062319
italy_u017,italy_0064,0.6879588615403197
italy_u017,italy_0048,2.1243194315134364
italy_u017,italy_0016,1.0938147055374892
italy_u017,italy_0060,1.604859556661334
italy_u017,italy_0032,1.070895287365104
italy_u017,italy_0017,1.6941081979574917
italy_u017,italy_0020,0.9070096619907969
italy_u017,italy_0013,1.3665498151387845
italy_u017,italy_0015,1.4952740014961803
italy_u017,italy_0063,1.1505339857452992
italy_u017,italy_0018,1.0091835544389423
italy_u017,france_0050,0.6392790013561427
italy_u017,france_0065,1.4032948540156918
italy_u017,france_0083,0.6771816665924714
italy_u017,france_0018,0.8443706281039953
italy_u017,france_0085,0.9048268322322985
italy_u017,france_0006,1.0633951759225546
italy_u017,france_0013,1.3984677443925904
italy_u017,france_0082,1.0277259317825025
italy_u017,germany_0044,1.6259763889379026
italy_u017,germany_0019,1.367710622937249
italy_u017,germany_0066,1.581957066775743
italy_u017,germany_0009,1.4170778477967698
italy_u017,germany_0068,0.6506529297800845
italy_u017,germany_0076,1.7702018575165217
italy_u017,germany_0063,1.5118914587872936
italy_u017,germany_0054,1.223174387655917
italy_u018,italy_0032,1.8188187861221934
italy_u018,italy_0055,2.0373093308144665
italy_u018,italy_0061,1.4624665140257902
italy_u018,italy_0020,1.5063710460617838
italy_u018,italy_0018,1.1560843844547282
italy_u018,italy_0056,0.986349018044251
italy_u018,italy_0017,1.877775321052886
italy_u018,italy_0015,2.040015604008798
italy_u018,italy_0048,1.1291472078349643
italy_u018,italy_0060,1.0473380939104986
italy_u018,italy_0064,1.0369407162152113
italy_u018,italy_0063,0.6622770960885642
italy_u018,italy_0016,1.0598544178496572
italy_u018,italy_0013,0.6192478317715336
italy_u018,france_0037,1.5143502903323034
italy_u018,france_0034,0.795501219191796
italy_u018,france_0087,1.381709505624341
italy_u018,france_0055,1.1833043204797509
italy_u018,france_0067,1.5805759004692181
italy_u018,france_0038,1.7465112822019793
italy_u018,france_0020,0.9458436790743727
italy_u018,france_0099,0.5692601068510101
italy_u018,modern_english_pop_0040,1.4620217819209957
italy_u018,modern_english_pop_0079,0.4787581403688976
italy_u018,modern_english_pop_0018,0.7510005015564325
italy_u018,modern_english_pop_0030,0.5218884024387371
italy_u018,modern_english_pop_0033,1.662500301686751
italy_u018,modern_english_pop_0109,0.4571510602971226
italy_u018,modern_english_pop_0097,1.115201922770563
italy_u018,modern_english_pop_0008,1.0223988216646234
italy_u019,italy_0019,0.7545565436796391
italy_u019,italy_0083,0.6211307879084562
italy_u019,italy_0087,0.6236006239987087
italy_u019,italy_0010,0.8686751852760712
italy_u019,italy_0084,1.7737859936117926
italy_u019,italy_0086,1.201702666215082
italy_u019,italy_0082,0.6025007072175432
italy_u019,italy_0088,2.279339039125052
italy_u019,italy_0035,1.495077745575188
italy_u019,italy_0085,1.2544433710670226
italy_u019,italy_0080,1.470016068959234
italy_u019,turkey_modern_0003,1.1519607283090423
italy_u019,turkey_modern_0036,1.0848193790755416
italy_u019,turkey_modern_0007,1.2774810210277106
italy_u019,turkey_modern_0055,1.645595936822214
italy_u019,turkey_modern_0144,0.8573134843040668
italy_u019,turkey_modern_0111,1.107407640842049
italy_u019,turkey_modern_0128,0.45491939486563776
italy_u019,turkey_modern_0022,1.6107492797795735
italy_u019,indonesia_gamelan_0035,0.862970250032707
italy_u019,indonesia_gamelan_0046,0.816250812743298
italy_u019,indonesia_gamelan_0028,1.7966751784348967
italy_u019,indonesia_gamelan_0006,1.2389304673060038
italy_u019,indonesia_gamelan_0036,0.6161083822903369
italy_u019,indonesia_gamelan_0014,0.8084587093563209
italy_u019,indonesia_gamelan_0041,0.9268558941595203
italy_u019,indonesia_gamelan_0018,1.781181064625383
italy_u020,italy_0050,1.816392429149884
italy_u020,italy_0070,1.597914000240793
italy_u020,italy_0059,2.0392958873273987
italy_u020,italy_0062,1.5131753875467133
italy_u020,italy_0054,1.336536806274259
italy_u020,italy_0057,0.9017958332597218
italy_u020,italy_0074,0.8395984833288581
italy_u020,italy_0066,1.320147070741438
italy_u020,italy_0044,1.3615561488224646
italy_u020,italy_0072,1.8399640715230043
italy_u020,italy_0076,1.3375966423136116
italy_u020,italy_0038,1.5981996209753457
italy_u020,italy_0000,2.0110944540315243
italy_u020,italy_0068,2.2885023497556847
italy_u020,italy_0001,1.1313561686359621
italy_u020,italy_0073,2.130871449931436
italy_u020,italy_0007,1.965437753947458
italy_u020,italy_0077,0.692311540801229
italy_u020,italy_0065,1.1514241557229623
italy_u020,italy_0075,0.9528491057143111
italy_u020,italy_0028,1.7210628699296715
italy_u020,italy_0031,1.532891009975512
italy_u020,italy_0071,1.4286180657169798
italy_u020,italy_0067,1.892147492568071
italy_u020,great_britain_0054,0.8999667393461777
italy_u020,great_britain_0040,0.9667155989969087
italy_u020,great_britain_0006,1.6186058301043567
italy_u020,great_britain_0050,1.7624814875010089
italy_u020,great_britain_0026,1.4980824100365737
italy_u020,great_britain_0044,0.7430458159492556
italy_u020,great_britain_0082,0.6020797034211939
italy_u020,great_britain_0017,0.7324269494838327
italy_u020,india_saraga_0013,1.0207278427809103
italy_u020,india_saraga_0061,0.7695409874593115
italy_u020,india_saraga_0038,1.666405549897216
italy_u020,india_saraga_0096,1.3554759173860442
italy_u020,india_saraga_0003,1.0125844804570692
italy_u020,india_saraga_0089,0.8196458393631071
italy_u020,india_saraga_0045,0.9638923569403018
italy_u020,india_saraga_0012,1.092668303745086
italy_u021,italy_0084,1.0945856808062293
italy_u021,italy_0087,0.935905651789433
italy_u021,italy_0083,2.2628320697288715
italy_u021,italy_0080,1.1272545145169321
italy_u021,italy_0019,1.7325924710870102
italy_u021,italy_0086,1.7442757951692123
italy_u021,italy_0082,1.4617007936592081
italy_u021,italy_0088,0.9690718434608607
italy_u021,italy_0010,0.8190140511459539
italy_u021,italy_0085,1.4151028499773934
italy_u021,italy_0035,1.4563534508271252
italy_u021,indonesia_fma_0017,1.4940451216459767
italy_u021,indonesia_fma_0016,1.4082751493354613
italy_u021,indonesia_fma_0001,1.68125572642842
italy_u021,indonesia_fma_0015,1.7606617585483026
italy_u021,indonesia_fma_0019,1.43259929036938
italy_u021,indonesia_fma_0003,0.5532901859208421
italy_u021,indonesia_fma_0018,0.9969097174430885
italy_u021,indonesia_fma_0007,1.271883199284922
italy_u021,modern_english_pop_0068,1.2467633464574428
italy_u021,modern_english_pop_0101,0.6949491108713075
italy_u021,modern_english_pop_0016,1.2369753847586764
italy_u021,modern_english_pop_0105,0.9220686856399495
italy_u021,modern_english_pop_0093,0.9075512405390166
italy_u021,modern_english_pop_0060,1.575909457156669
italy_u021,modern_english_pop_0027,1.0196097642020971
italy_u021,modern_english_pop_0032,1.161984537987011
italy_u022,italy_0080,1.2724383994335837
italy_u022,italy_0088,1.3543934389211252
italy_u022,italy_0083,2.0720074229465997
italy_u022,italy_0019,2.2350293682982376
italy_u022,italy_0086,2.0311840035518975
italy_u022,italy_0035,2.026857916897686
italy_u022,italy_0010,0.9183010663981706
italy_u022,italy_0084,1.0384696737898904
italy_u022,italy_0085,1.6031848364627208
italy_u022,italy_0087,1.7068370381862614
italy_u022,italy_0082,0.9246667691944902
italy_u022,india_saraga_0096,1.4574805282077985
italy_u022,india_saraga_0017,0.7199507964414421
italy_u022,india_saraga_0084,0.8050643728957092
italy_u022,india_saraga_0073,0.8641739762751744
italy_u022,india_saraga_0074,1.592088412261928
italy_u022,india_saraga_0067,1.4383132607756925
italy_u022,india_saraga_0068,1.1664253382276448
italy_u022,india_saraga_0078,1.5566615524821084
italy_u022,france_0005,1.5474531339034967
italy_u022,france_0054,0.9762746795307765
italy_u022,france_0025,1.5049403381080169
italy_u022,france_0040,0.7284277422022377
italy_u022,france_0041,1.1293589474399375
italy_u022,france_0009,0.6096263360247051
italy_u022,france_0036,1.0261725555481984
italy_u022,france_0072,1.1524937891857074
italy_u023,italy_0097,1.1097495681798617
italy_u023,italy_0040,1.8848126430005894
italy_u023,italy_0102,2.0582481667364085
italy_u023,italy_0003,0.7724176036485729
italy_u023,italy_0104,1.6474543748540758
italy_u023,italy_0036,1.5535699121509314
italy_u023,italy_0090,1.7286761800105546
italy_u023,italy_0091,1.732572240193723
italy_u023,italy_0099,2.2300813862097613
italy_u023,italy_0079,1.172762884536125
italy_u023,italy_0025,1.0920979399942183
italy_u023,italy_0039,1.5776136180426483
italy_u023,italy_0004,1.3157468421866914
italy_u023,italy_0096,1.3922261197391974
italy_u023,italy_0011,0.69450281379525
italy_u023,italy_0103,0.830717755244948
italy_u023,italy_0081,2.1885217656226867
italy_u023,italy_0045,0.69280275413096
italy_u023,italy_0033,1.5930011473740708
italy_u023,italy_0049,1.8766419250558604
italy_u023,italy_0092,0.5954645865604273
italy_u023,italy_0089,0.9592405551850888
italy_u023,italy_0023,1.2254492532151922
italy_u023,italy_0029,1.449260096193453
italy_u023,china_opencpop_0005,0.9111536479201415
italy_u023,china_opencpop_0010,1.3261489985012176
italy_u023,china_opencpop_0000,0.7556366482884621
italy_u023,china_opencpop_0024,0.48440196417917564
italy_u023,china_opencpop_0043,0.45212091860464304
italy_u023,china_opencpop_0039,0.9164412161320061
italy_u023,china_opencpop_0041,0.9382447789122337
italy_u023,china_opencpop_0044,1.7306155584718343
italy_u023,india_saraga_0105,0.510453961902319
italy_u023,india_saraga_0031,1.1655878311824945
italy_u023,india_saraga_0006,1.2300479742561925
italy_u023,india_saraga_0044,1.3940212660619216
italy_u023,india_saraga_0086,1.3122917101898917
italy_u023,india_saraga_0059,0.4609883165273228
italy_u023,india_saraga_0034,1.3030078591021657
italy_u023,india_saraga_0043,0.8852237185946383
modern_english_pop_u000,modern_english_pop_0014,0.7299913243344162
modern_english_pop_u000,modern_english_pop_0044,0.7936841258609588
modern_english_pop_u000,modern_english_pop_0089,0.9381357517853179
modern_english_pop_u000,modern_english_pop_0081,1.5759040146233187
modern_english_pop_u000,modern_english_pop_0100,1.3360891812196785
modern_english_pop_u000,modern_english_pop_0071,1.0354706591755944
modern_english_pop_u000,modern_english_pop_0019,2.0604189708985134
modern_english_pop_u000,modern_english_pop_0098,1.4808797675649261
modern_english_pop_u000,modern_english_pop_0012,2.167363842021744
modern_english_pop_u000,modern_english_pop_0106,1.670314559928804
modern_english_pop_u000,modern_english_pop_0054,0.6022336040120362
modern_english_pop_u000,modern_english_pop_0018,2.150745567002074
modern_english_pop_u000,modern_english_pop_0067,2.0541242540494253
modern_english_pop_u000,modern_english_pop_0113,1.6708428592970512
modern_english_pop_u000,modern_english_pop_0006,1.4974843836356608
modern_english_pop_u000,modern_english_pop_0063,1.356297476474559
modern_english_pop_u000,modern_english_pop_0072,1.4067516089477845
modern_english_pop_u000,modern_english_pop_0058,1.9019056054530532
modern_english_pop_u000,modern_english_pop_0056,1.460169264068733
modern_english_pop_u000,modern_english_pop_0091,0.87864260526171
modern_english_pop_u000,modern_english_pop_0038,0.6753563033734123
modern_english_pop_u000,modern_english_pop_0078,0.7926713265942339
modern_english_pop_u000,modern_english_pop_0105,1.008735912744491
modern_english_pop_u000,modern_english_pop_0034,1.2093413594834939
modern_english_pop_u000,france_0046,1.6547616164365317
modern_english_pop_u000,france_0073,0.7727677634695518
modern_english_pop_u000,france_0032,0.881458053303422
modern_english_pop_u000,france_0039,0.7510696283611447
modern_english_pop_u000,france_0026,1.18675145525328
modern_english_pop_u000,france_0074,1.2830670399975572
modern_english_pop_u000,france_0100,1.168372168061167
modern_english_pop_u000,france_0045,1.7350064791428692
modern_english_pop_u000,china_jingju_0055,1.793760323833068
modern_english_pop_u000,china_jingju_0019,1.5804845862375105
modern_english_pop_u000,china_jingju_0002,1.537149795601908
modern_english_pop_u000,china_jingju_0027,0.9441712486119717
modern_english_pop_u000,china_jingju_0005,1.2327077333186978
modern_english_pop_u000,china_jingju_0080,0.924487765580995
modern_english_pop_u000,china_jingju_0016,1.5088803923345482
modern_english_pop_u000,china_jingju_0049,0.6819720377739786
modern_english_pop_u001,modern_english_pop_0054,2.1164395426774583
modern_english_pop_u001,modern_english_pop_0000,2.0435416137107647
modern_english_pop_u001,modern_english_pop_0112,2.162040352062429
modern_english_pop_u001,modern_english_pop_0105,1.038981913861188
modern_english_pop_u001,modern_english_pop_0081,2.274851543317907
modern_english_pop_u001,modern_english_pop_0099,1.9832726041881936
modern_english_pop_u001,modern_english_pop_0060,1.946043465421248
modern_english_pop_u001,modern_english_pop_0096,1.726573086653687
modern_english_pop_u001,modern_english_pop_0090,2.271137254066813
modern_english_pop_u001,modern_english_pop_0005,1.3366965683801786
modern_english_pop_u001,modern_english_pop_0064,1.8541553007151583
modern_english_pop_u001,modern_english_pop_0022,1.7804494717801993
modern_english_pop_u001,modern_english_pop_0003,1.837853363621188
modern_english_pop_u001,modern_english_pop_0040,1.8712768044419676
modern_english_pop_u001,modern_english_pop_0020,0.9040539121840929
modern_english_pop_u001,modern_english_pop_0069,1.1771137852366438
modern_english_pop_u001,modern_english_pop_0041,1.2516381427996859
modern_english_pop_u001,modern_english_pop_0116,1.8652996791154344
modern_english_pop_u001,modern_english_pop_0070,1.8105277581157997
modern_english_pop_u001,modern_english_pop_0004,2.0125567040316157
modern_english_pop_u001,modern_english_pop_0071,1.9351955473608295
modern_english_pop_u001,modern_english_pop_0097,1.6031584419467333
modern_english_pop_u001,modern_english_pop_0087,0.8164111391908383
modern_english_pop_u001,modern_english_pop_0106,1.6711603221758295
modern_english_pop_u001,russia_0029,1.6475300329105969
modern_english_pop_u001,russia_0001,1.3182853905761371
modern_english_pop_u001,russia_0097,1.6590956785799513
modern_english_pop_u001,russia_0087,1.7987215744848142
modern_english_pop_u001,russia_0057,0.9349230145817696
modern_english_pop_u001,russia_0058,1.4264410873695987
modern_english_pop_u001,russia_0083,1.1789441540106824
modern_english_pop_u001,russia_0050,1.0642119309560236
modern_english_pop_u001,france_0071,0.7738205562348225
modern_english_pop_u001,france_0077,0.7819847045945069
modern_english_pop_u001,france_0103,0.6997125871259608
modern_english_pop_u001,france_0023,1.3025027337735708
modern_english_pop_u001,france_0047,0.6417716804681891
modern_english_pop_u001,france_0095,1.0323717342530185
modern_english_pop_u001,france_0079,1.156499873017462
modern_english_pop_u001,france_0024,1.0416165442051093
modern_english_pop_u002,modern_english_pop_0069,2.1639020944637832
modern_english_pop_u002,modern_english_pop_0081,1.0180609740319269
modern_english_pop_u002,modern_english_pop_0103,2.0533480042565935
modern_english_pop_u002,modern_english_pop_0087,1.199920591823122
modern_english_pop_u002,modern_english_pop_0085,0.8237363424362877
modern_english_pop_u002,modern_english_pop_0117,1.9631197475072395
modern_english_pop_u002,modern_english_pop_0043,0.677896477463244
modern_english_pop_u002,modern_english_pop_0046,1.2733711471628166
modern_english_pop_u002,modern_english_pop_0014,1.9883178031825848
modern_english_pop_u002,modern_english_pop_0056,1.6396439963952285
modern_english_pop_u002,modern_english_pop_0008,1.4686633245644705
modern_english_pop_u002,modern_english_pop_0090,1.1850185145936767
modern_english_pop_u002,modern_english_pop_0026,0.7044713074193348
modern_english_pop_u002,modern_english_pop_0048,2.2844266759119254
modern_english_pop_u002,modern_english_pop_0044,0.8764846786007084
modern_english_pop_u002,modern_english_pop_0021,1.0154071193336756
modern_english_pop_u002,modern_english_pop_0010,0.9819546903032156
modern_english_pop_u002,modern_english_pop_0023,2.1411989265328377
modern_english_pop_u002,modern_english_pop_0033,1.8923624774480898
modern_english_pop_u002,modern_english_pop_0079,1.3638939040328555
modern_english_pop_u002,modern_english_pop_0002,2.2231047335669567
modern_english_pop_u002,modern_english_pop_0060,0.6660513318566119
modern_english_pop_u002,modern_english_pop_0101,2.1165814076073497
modern_english_pop_u002,modern_english_pop_0005,0.6792371540620744
modern_english_pop_u002,india_saraga_0101,0.978026439511661
modern_english_pop_u002,india_saraga_0050,0.5229065858082611
modern_english_pop_u002,india_saraga_0010,1.7986081388728752
modern_english_pop_u002,india_saraga_0085,1.6844258283758122
modern_english_pop_u002,india_saraga_0018,1.239478589582412
modern_english_pop_u002,india_saraga_0103,0.7440901748976315
modern_english_pop_u002,india_saraga_0007,0.8236499290165835
modern_english_pop_u002,india_saraga_0024,1.0568835441771125
modern_english_pop_u002,italy_0064,0.8857532463646668
modern_english_pop_u002,italy_0032,0.47877377233717
modern_english_pop_u002,italy_0015,1.3359456109581318
modern_english_pop_u002,italy_0060,1.2781276705259568
modern_english_pop_u002,italy_0063,1.6708194493454351
modern_english_pop_u002,italy_0013,1.093752954142358
modern_english_pop_u002,italy_0018,0.9153570984278236
modern_english_pop_u002,italy_0017,1.1405481969389855
modern_english_pop_u003,modern_english_pop_0038,0.8470954170479398
modern_english_pop_u003,modern_english_pop_0013,1.205182530057595
modern_english_pop_u003,modern_english_pop_0117,0.6493933276652837
modern_english_pop_u003,modern_english_pop_0108,1.5351492443369557
modern_english_pop_u003,modern_english_pop_0031,2.291268296370751
modern_english_pop_u003,modern_english_pop_0060,1.316551550518224
modern_english_pop_u003,modern_english_pop_0065,2.282764180143315
modern_english_pop_u003,modern_english_pop_0094,0.7927388560704604
modern_english_pop_u003,modern_english_pop_0079,1.2519837421369475
modern_english_pop_u003,modern_english_pop_0034,2.1308895733336137
modern_english_pop_u003,modern_english_pop_0015,2.0872997058591394
modern_english_pop_u003,modern_english_pop_0008,1.1331954718253776
modern_english_pop_u003,modern_english_pop_0077,1.745603257000372
modern_english_pop_u003,modern_english_pop_0084,2.1036262959371888
modern_english_pop_u003,modern_english_pop_0050,1.8978636291143178
modern_english_pop_u003,modern_english_pop_0032,1.6591214397092824
modern_english_pop_u003,modern_english_pop_0057,0.8381929351160389
modern_english_pop_u003,modern_english_pop_0054,0.700929644684222
modern_english_pop_u003,modern_english_pop_0091,1.6352232601835675
modern_english_pop_u003,modern_english_pop_0109,1.4379755233137113
modern_english_pop_u003,modern_english_pop_0119,0.9856132380368106
modern_english_pop_u003,modern_english_pop_0076,1.0800278963043175
modern_english_pop_u003,modern_english_pop_0080,1.2513503806724322
modern_english_pop_u003,modern_english_pop_0041,1.429773469911322
modern_english_pop_u003,france_0048,0.976849608269357
modern_english_pop_u003,france_0008,0.9728437573160549
modern_english_pop_u003,france_0099,0.6062392952703265
modern_english_pop_u003,france_0038,1.6185470646447133
modern_english_pop_u003,france_0067,1.2723580104004273
modern_english_pop_u003,france_0037,0.647237949212716
modern_english_pop_u003,france_0020,1.0222304438852132
modern_english_pop_u003,france_0055,1.0125664812398865
modern_english_pop_u003,india_saraga_0021,1.2608381859603157
modern_english_pop_u003,india_saraga_0011,1.2719739840965976
modern_english_pop_u003,india_saraga_0081,1.3210498849226793
modern_english_pop_u003,india_saraga_0033,1.3921691274141401
modern_english_pop_u003,india_saraga_0018,0.5895279622741721
modern_english_pop_u003,india_saraga_0037,0.8616449707732963
modern_english_pop_u003,india_saraga_0060,0.4734195558831077
modern_english_pop_u003,india_saraga_0046,1.063766041308517
modern_english_pop_u004,modern_english_pop_0038,1.9895080987032785
modern_english_pop_u004,modern_english_pop_0031,1.4796058558326888
modern_english_pop_u004,modern_english_pop_0101,1.7924825680516132
modern_english_pop_u004,modern_english_pop_0113,0.7542553843987816
modern_english_pop_u004,modern_english_pop_0023,2.0329863812854643
modern_english_pop_u004,modern_english_pop_0040,1.8088261410988056
modern_english_pop_u004,modern_english_pop_0034,0.7819437593507638
modern_english_pop_u004,modern_english_pop_0016,2.266689016829891
modern_english_pop_u004,modern_english_pop_0065,0.6138650162561204
modern_english_pop_u004,modern_english_pop_0078,1.6591812379725344
modern_english_pop_u004,modern_english_pop_0061,0.8712773693779088
modern_english_pop_u004,modern_english_pop_0067,1.8157194449037009
modern_english_pop_u004,modern_english_pop_0069,0.6964507880961436
modern_english_pop_u004,modern_english_pop_0011,0.7148990229043752
modern_english_pop_u004,modern_english_pop_0071,1.3793532524714032
modern_english_pop_u004,modern_english_pop_0007,2.2896663278182996
modern_english_pop_u004,modern_english_pop_0077,1.0519905136043732
modern_english_pop_u004,modern_english_pop_0028,1.6316110773050014
modern_english_pop_u004,modern_english_pop_0064,1.469583403295556
modern_english_pop_u004,modern_english_pop_0083,2.0276563266470045
modern_english_pop_u004,modern_english_pop_0044,1.0728170732914013
modern_english_pop_u004,modern_english_pop_0096,1.5322790567273137
modern_english_pop_u004,modern_english_pop_0084,2.214825563556437
modern_english_pop_u004,modern_english_pop_0035,1.1487105193796991
modern_english_pop_u004,france_0040,1.0431975347687443
modern_english_pop_u004,france_0056,1.6498979745799565
modern_english_pop_u004,france_0072,0.8988734572665181
modern_english_pop_u004,france_0005,0.9639095822556509
modern_english_pop_u004,france_0084,0.8605603919848926
modern_english_pop_u004,france_0104,1.5428673566888484
modern_english_pop_u004,france_0036,1.7060224100910029
modern_english_pop_u004,france_0061,1.3019834889003226
modern_english_pop_u004,indonesia_fma_0006,1.291900677200531
modern_english_pop_u004,indonesia_fma_0000,0.9765048866127864
modern_english_pop_u004,indonesia_fma_0012,0.46685306192152054
modern_english_pop_u004,indonesia_fma_0001,0.684815758411824
modern_english_pop_u004,indonesia_fma_0009,0.6490417786968166
modern_english_pop_u004,indonesia_fma_0013,0.6064407037975996
modern_english_pop_u004,indonesia_fma_0005,1.3329638766720837
modern_english_pop_u004,indonesia_fma_0015,0.6340710857046269
modern_english_pop_u005,modern_english_pop_0028,1.4378579854682987
modern_english_pop_u005,modern_english_pop_0037,2.172291087128354
modern_english_pop_u005,modern_english_pop_0119,0.8720769315125254
modern_english_pop_u005,modern_english_pop_0027,0.7036924315720078
modern_english_pop_u005,modern_english_pop_0107,2.157352395306763
modern_english_pop_u005,modern_english_pop_0032,2.1322985272349526
modern_english_pop_u005,modern_english_pop_0085,1.7531275387173377
modern_english_pop_u005,modern_english_pop_0015,0.9993140546156897
modern_english_pop_u005,modern_english_pop_0095,2.2478429426150393
modern_english_pop_u005,modern_english_pop_0069,1.895222456861601
modern_english_pop_u005,modern_english_pop_0072,1.7374681566835541
modern_english_pop_u005,modern_english_pop_0029,0.9595220339266474
modern_english_pop_u005,modern_english_pop_0083,1.4600788210671243
modern_english_pop_u005,modern_english_pop_0060,1.9939440162373245
modern_english_pop_u005,modern_english_pop_0040,2.058948887663193
modern_english_pop_u005,modern_english_pop_0039,1.5434669497571873
modern_english_pop_u005,modern_english_pop_0014,1.4768193804157306
modern_english_pop_u005,modern_english_pop_0116,1.7785046038306795
modern_english_pop_u005,modern_english_pop_0057,1.4862292564390156
modern_english_pop_u005,modern_english_pop_0117,1.295499790663265
modern_english_pop_u005,modern_english_pop_0104,0.7223477947070704
modern_english_pop_u005,modern_english_pop_0071,0.7924356906093757
modern_english_pop_u005,modern_english_pop_0062,1.886475182646151
modern_english_pop_u005,modern_english_pop_0024,0.6175455114768623
modern_english_pop_u005,indonesia_fma_0016,0.5206117848267717
modern_english_pop_u005,indonesia_fma_0004,1.6712688304166639
modern_english_pop_u005,indonesia_fma_0019,1.4003961031638246
modern_english_pop_u005,indonesia_fma_0012,0.4556871745840973
modern_english_pop_u005,indonesia_fma_0007,0.8712585553790781
modern_english_pop_u005,indonesia_fma_0005,1.4804799218039855
modern_english_pop_u005,indonesia_fma_0015,1.013761079969295
modern_english_pop_u005,indonesia_fma_0014,1.0828770608584508
modern_english_pop_u005,russia_0010,1.0693787324121748
modern_english_pop_u005,russia_0023,0.7228814443997049
modern_english_pop_u005,russia_0060,1.4238784411626522
modern_english_pop_u005,russia_0068,0.5890585462038491
modern_english_pop_u005,russia_0022,1.134788992488006
modern_english_pop_u005,russia_0038,0.6794403670701384
modern_english_pop_u006,modern_english_pop_0103,1.1264192189116735
modern_english_pop_u006,modern_english_pop_0102,2.0140556938300977
modern_english_pop_u006,modern_english_pop_0078,1.7058194549542736
modern_english_pop_u006,modern_english_pop_0014,1.1802943719423744
modern_english_pop_u006,modern_english_pop_0013,2.151926450651359
modern_english_pop_u006,modern_english_pop_0104,1.434932449827937
modern_english_pop_u006,modern_english_pop_0109,0.8997739390912726
modern_english_pop_u006,modern_english_pop_0075,1.40855771275675
modern_english_pop_u006,modern_english_pop_0028,1.7388565304352457
modern_english_pop_u006,modern_english_pop_0113,1.20826921646688
modern_english_pop_u006,modern_english_pop_0048,2.0305286700750536
modern_english_pop_u006,modern_english_pop_0037,1.4946733665455239
modern_english_pop_u006,modern_english_pop_0071,1.3818942453869543
modern_english_pop_u006,modern_english_pop_0016,2.0562772051299145
modern_english_pop_u006,modern_english_pop_0017,1.3735332161541138
modern_english_pop_u006,modern_english_pop_0049,1.2898574946926582
modern_english_pop_u006,modern_english_pop_0086,0.7539107819502804
modern_english_pop_u006,modern_english_pop_0061,1.2002984910282648
modern_english_pop_u006,modern_english_pop_0116,1.2599083184713158
modern_english_pop_u006,modern_english_pop_0093,0.8865735006622448
modern_english_pop_u006,modern_english_pop_0042,1.588995022955214
modern_english_pop_u006,modern_english_pop_0096,0.8231275716993498
modern_english_pop_u006,modern_english_pop_0076,0.960864885341712
modern_english_pop_u006,modern_english_pop_0004,1.5428836753758672
modern_english_pop_u006,china_jingju_0055,0.813127812378395
modern_english_pop_u006,china_jingju_0027,1.3135522186732769
modern_english_pop_u006,china_jingju_0035,1.3821927294429512
modern_english_pop_u006,china_jingju_0074,0.8567420543189779
modern_english_pop_u006,china_jingju_0077,0.5679733700205719
modern_english_pop_u006,china_jingju_0008,1.1107599756690398
modern_english_pop_u006,china_jingju_0044,0.5754128671239531
modern_english_pop_u006,china_jingju_0038,1.145568170057222
modern_english_pop_u006,germany_0027,1.4303940868740963
modern_english_pop_u006,germany_0013,1.2874452184855845
modern_english_pop_u006,germany_0048,1.0551613156362236
modern_english_pop_u006,germany_0070,1.726909039661689
modern_english_pop_u006,germany_0031,0.5873587646609302
modern_english_pop_u007,modern_english_pop_0051,1.9261195382118244
modern_english_pop_u007,modern_english_pop_0111,1.3032338432244768
modern_english_pop_u007,modern_english_pop_0053,1.912772533625618
modern_english_pop_u007,modern_english_pop_0068,1.1321881994156744
modern_english_pop_u007,modern_english_pop_0097,1.5490285406915878
modern_english_pop_u007,modern_english_pop_0106,1.2332781848709407
modern_english_pop_u007,modern_english_pop_0079,0.8987407843654842
modern_english_pop_u007,modern_english_pop_0096,1.585216724903451
modern_english_pop_u007,modern_english_pop_0071,1.8701831299617928
modern_english_pop_u007,modern_english_pop_0016,1.8741097899249066
modern_english_pop_u007,modern_english_pop_0078,1.189599246600695
modern_english_pop_u007,modern_english_pop_0092,1.4697778005000532
modern_english_pop_u007,modern_english_pop_0046,1.8925180825592738
modern_english_pop_u007,modern_english_pop_0095,0.6690083505514692
modern_english_pop_u007,modern_english_pop_0077,0.699007374943984
modern_english_pop_u007,modern_english_pop_0041,1.2239842264518335
modern_english_pop_u007,modern_english_pop_0019,0.9604885117749676
modern_english_pop_u007,modern_english_pop_0045,1.22126438372413
modern_english_pop_u007,modern_english_pop_0052,0.7367240627578506
modern_english_pop_u007,modern_english_pop_0089,1.5962138529148708
modern_english_pop_u007,modern_english_pop_0015,1.733752372840261
modern_english_pop_u007,modern_english_pop_0056,1.9409248761169882
modern_english_pop_u007,modern_english_pop_0117,1.6971520681799388
modern_english_pop_u007,modern_english_pop_0025,1.2587579063854808
modern_english_pop_u007,great_britain_0093,1.7121531035041078
modern_english_pop_u007,great_britain_0008,1.4305482216377872
modern_english_pop_u007,great_britain_0068,1.162369681866147
modern_english_pop_u007,great_britain_0084,0.7292480512530495
modern_english_pop_u007,great_britain_0018,1.326116232093891
modern_english_pop_u007,indonesia_gamelan_0000,1.2488227088660406
modern_english_pop_u007,indonesia_gamelan_0054,1.3724954985656879
modern_english_pop_u007,indonesia_gamelan_0009,1.5045184331662067
modern_english_pop_u007,indonesia_gamelan_0010,1.6853169856206025
modern_english_pop_u007,indonesia_gamelan_0021,1.731226398333497
modern_english_pop_u007,indonesia_gamelan_0012,1.300750427869555
modern_english_pop_u007,indonesia_gamelan_0033,1.7540406482670137
modern_english_pop_u007,indonesia_gamelan_0007,1.680420238650766
modern_english_pop_u008,modern_english_pop_0042,1.9485011861218207
modern_english_pop_u008,modern_english_pop_0111,0.8043575558959749
modern_english_pop_u008,modern_english_pop_0012,1.9689888754529703
modern_english_pop_u008,modern_english_pop_0001,1.1832267557606995
modern_english_pop_u008,modern_english_pop_0091,0.7914938808273829
modern_english_pop_u008,modern_english_pop_0070,0.7115328625482701
modern_english_pop_u008,modern_english_pop_0007,2.0292245398501914
modern_english_pop_u008,modern_english_pop_0029,1.9181118162042212
modern_english_pop_u008,modern_english_pop_0084,1.0718713207969157
modern_english_pop_u008,modern_english_pop_0061,0.7757247764346499
modern_english_pop_u008,modern_english_pop_0050,1.0014793849150636
modern_english_pop_u008,modern_english_pop_0003,0.9424036715715906
modern_english_pop_u008,modern_english_pop_0025,1.8395209991690418
modern_english_pop_u008,modern_english_pop_0100,0.9468463205156827
modern_english_pop_u008,modern_english_pop_0053,0.9477699500491532
modern_english_pop_u008,modern_english_pop_0105,0.6306625285605255
modern_english_pop_u008,modern_english_pop_0073,1.6045829623339185
modern_english_pop_u008,modern_english_pop_0113,1.7634897207417848
modern_english_pop_u008,modern_english_pop_0034,1.7022710589354446
modern_english_pop_u008,modern_english_pop_0116,1.5558335443692353
modern_english_pop_u008,modern_english_pop_0017,2.2414792867504407
modern_english_pop_u008,modern_english_pop_0102,1.3904739335054772
modern_english_pop_u008,modern_english_pop_0056,2.05873547650913
modern_english_pop_u008,modern_english_pop_0030,1.6893670954009095
modern_english_pop_u008,russia_0025,0.5636186199285786
modern_english_pop_u008,russia_0012,1.5436194223177204
modern_english_pop_u008,russia_0045,1.2389245312812547
modern_english_pop_u008,russia_0067,1.332259640089337
modern_english_pop_u008,russia_0033,0.6933070380922001
modern_english_pop_u008,russia_0062,1.0406116270921826
modern_english_pop_u008,russia_0005,1.6387863404052836
modern_english_pop_u008,russia_0055,0.7408321106665257
modern_english_pop_u008,china_ctis_0026,0.4501686238252114
modern_english_pop_u008,china_ctis_0030,0.7976367613585913
modern_english_pop_u008,china_ctis_0050,1.1081823063881562
modern_english_pop_u008,china_ctis_0046,1.5587253584575937
modern_english_pop_u008,china_ctis_0016,1.3184427157740237
modern_english_pop_u008,china_ctis_0062,1.6907356830921874
modern_english_pop_u008,china_ctis_0045,1.0650119826976563
modern_english_pop_u008,china_ctis_0042,0.9776005509920004
modern_english_pop_u009,modern_english_pop_0021,1.0763817726412581
modern_english_pop_u009,modern_english_pop_0107,1.5100318076687373
modern_english_pop_u009,modern_english_pop_0068,2.048763333307958
modern_english_pop_u009,modern_english_pop_0061,1.7207119011499163
modern_english_pop_u009,modern_english_pop_0119,1.131790233543468
modern_english_pop_u009,modern_english_pop_0057,1.5279532788077634
modern_english_pop_u009,modern_english_pop_0024,0.7181596927514547
modern_english_pop_u009,modern_english_pop_0113,1.516309044670769
modern_english_pop_u009,modern_english_pop_0005,1.3191461774098596
modern_english_pop_u009,modern_english_pop_0089,1.8824356447016908
modern_english_pop_u009,modern_english_pop_0111,2.037632404406352
modern_english_pop_u009,modern_english_pop_0079,0.9193384998418322
modern_english_pop_u009,modern_english_pop_0072,0.7156494369198163
modern_english_pop_u009,modern_english_pop_0042,1.2487107926473413
modern_english_pop_u009,modern_english_pop_0028,1.4964094541459436
modern_english_pop_u009,modern_english_pop_0000,1.224983360843414
modern_english_pop_u009,modern_english_pop_0093,1.659268019971688
modern_english_pop_u009,modern_english_pop_0098,1.4472484575154045
modern_english_pop_u009,modern_english_pop_0012,2.1906799097972796
modern_english_pop_u009,modern_english_pop_0078,1.2811996877262979
modern_english_pop_u009,modern_english_pop_0041,0.7173024483363046
modern_english_pop_u009,modern_english_pop_0015,1.095837911469048
modern_english_pop_u009,modern_english_pop_0037,1.6201669125765967
modern_english_pop_u009,modern_english_pop_0008,1.0166432950972233
modern_english_pop_u009,russia_0050,0.8131344099376057
modern_english_pop_u009,russia_0029,0.9084228534301738
modern_english_pop_u009,russia_0082,1.4572914028772244
modern_english_pop_u009,russia_0073,1.719179866296848
modern_english_pop_u009,russia_0087,0.923008455694503
modern_english_pop_u009,russia_0000,0.7139088536766641
modern_english_pop_u009,russia_0007,1.0178598854255891
modern_english_pop_u009,russia_0035,0.9249835855224953
modern_english_pop_u009,germany_0048,1.7865336340662876
modern_english_pop_u009,germany_0027,1.07622214899929
modern_english_pop_u009,germany_0013,1.3670325262960166
modern_english_pop_u009,germany_0070,1.6836138899705517
modern_english_pop_u009,germany_0031,1.2992331294412427
modern_english_pop_u010,modern_english_pop_0019,0.8483461094493623
modern_english_pop_u010,modern_english_pop_0118,1.9452175935569305
modern_english_pop_u010,modern_english_pop_0043,1.5359889442196222
modern_english_pop_u010,modern_english_pop_0101,1.397595682748312
modern_english_pop_u010,modern_english_pop_0068,1.0502875869644488
modern_english_pop_u010,modern_english_pop_0103,2.272133651245383
modern_english_pop_u010,modern_english_pop_0071,1.820738266320658
modern_english_pop_u010,modern_english_pop_0015,1.9171597913594127
modern_english_pop_u010,modern_english_pop_0010,1.9010263502227083
modern_english_pop_u010,modern_english_pop_0007,1.582426870629629
modern_english_pop_u010,modern_english_pop_0087,2.195980502379064
modern_english_pop_u010,modern_english_pop_0040,1.5820920933351172
modern_english_pop_u010,modern_english_pop_0050,1.4720786343046575
modern_english_pop_u010,modern_english_pop_0107,1.047150513179446
modern_english_pop_u010,modern_english_pop_0034,1.0609944617268867
modern_english_pop_u010,modern_english_pop_0069,1.8461247378190249
modern_english_pop_u010,modern_english_pop_0017,1.1524738023283194
modern_english_pop_u010,modern_english_pop_0027,1.8320260353780191
modern_english_pop_u010,modern_english_pop_0046,2.218419158955573
modern_english_pop_u010,modern_english_pop_0036,1.332805328443359
modern_english_pop_u010,modern_english_pop_0075,0.7428867339673823
modern_english_pop_u010,modern_english_pop_0039,1.7247926802932774
modern_english_pop_u010,modern_english_pop_0059,0.5914272296747127
modern_english_pop_u010,modern_english_pop_0029,1.9325810741947118
modern_english_pop_u010,china_ctis_0051,1.15963170800227
modern_english_pop_u010,china_ctis_0059,1.1111384754116842
modern_english_pop_u010,china_ctis_0023,1.218746916779878
modern_english_pop_u010,china_ctis_0046,1.1471515343118663
modern_english_pop_u010,china_ctis_0032,0.8870993169246306
modern_english_pop_u010,china_ctis_0019,0.8300370280669767
modern_english_pop_u010,china_ctis_0061,1.0106515718422584
modern_english_pop_u010,china_ctis_0038,1.6581275305860153
modern_english_pop_u010,russia_0069,0.6327501207135882
modern_english_pop_u010,russia_0080,0.8884322055268875
modern_english_pop_u010,russia_0035,0.709605577731696
modern_english_pop_u010,russia_0095,1.0266349185954655
modern_english_pop_u010,russia_0076,0.6302228658162811
modern_english_pop_u010,russia_0056,1.4770740787680134
modern_english_pop_u010,russia_0096,0.5896809799891758
modern_english_pop_u010,russia_0029,1.3481038263833156
modern_english_pop_u011,modern_english_pop_0102,1.966750551013848
modern_english_pop_u011,modern_english_pop_0074,1.7682137440584085
modern_english_pop_u011,modern_english_pop_0021,1.8712998514940953
modern_english_pop_u011,modern_english_pop_0079,1.9076821716267727
modern_english_pop_u011,modern_english_pop_0098,1.506355135076224
modern_english_pop_u011,modern_english_pop_0062,1.499707136131407
modern_english_pop_u011,modern_english_pop_0064,1.8150845262735718
modern_english_pop_u011,modern_english_pop_0000,1.7784432659458835
modern_english_pop_u011,modern_english_pop_0016,1.7308494704512065
modern_english_pop_u011,modern_english_pop_0023,1.2341823439460944
modern_english_pop_u011,modern_english_pop_0115,2.0042360636684124
modern_english_pop_u011,modern_english_pop_0019,0.9824499841647839
modern_english_pop_u011,modern_english_pop_0046,0.8436376419584285
modern_english_pop_u011,modern_english_pop_0013,1.170404827974585
modern_english_pop_u011,modern_english_pop_0035,1.012858889698549
modern_english_pop_u011,modern_english_pop_0083,1.7189898335504448
modern_english_pop_u011,modern_english_pop_0052,0.9735057932336825
modern_english_pop_u011,modern_english_pop_0008,1.7074449711552488
modern_english_pop_u011,modern_english_pop_0026,1.46030932110036
modern_english_pop_u011,modern_english_pop_0050,0.8379763674298228
modern_english_pop_u011,modern_english_pop_0041,1.0207335556087644
modern_english_pop_u011,modern_english_pop_0011,1.4749787029230592
modern_english_pop_u011,modern_english_pop_0012,1.8396066492683791
modern_english_pop_u011,modern_english_pop_0072,1.2619840862013159
modern_english_pop_u011,france_0066,0.764324066940354
modern_english_pop_u011,france_0049,0.8483555822766149
modern_english_pop_u011,france_0019,0.5784082055190858
modern_english_pop_u011,france_0081,0.4839518264718146
modern_english_pop_u011,france_0090,1.763724571195753
modern_english_pop_u011,france_0096,0.5801534113939858
modern_english_pop_u011,france_0017,0.6185979158993775
modern_english_pop_u011,france_0002,1.6258015148575176
modern_english_pop_u011,indonesia_gamelan_0006,1.3457320682209983
modern_english_pop_u011,indonesia_gamelan_0033,1.0386979171811905
modern_english_pop_u011,indonesia_gamelan_0007,1.3261815977298967
modern_english_pop_u011,indonesia_gamelan_0000,1.712229511766054
modern_english_pop_u011,indonesia_gamelan_0011,0.584159370438203
modern_english_pop_u011,indonesia_gamelan_0014,0.7790098866866985
modern_english_pop_u011,indonesia_gamelan_0038,1.6114055446855002
modern_english_pop_u011,indonesia_gamelan_0016,1.5038631161564944
modern_english_pop_u012,modern_english_pop_0065,0.6651556570495512
modern_english_pop_u012,modern_english_pop_0119,1.1451259123499278
modern_english_pop_u012,modern_english_pop_0041,0.6018671238948665
modern_english_pop_u012,modern_english_pop_0096,1.3841953619969316
modern_english_pop_u012,modern_english_pop_0075,1.8981023731245699
modern_english_pop_u012,modern_english_pop_0018,0.7478795651117544
modern_english_pop_u012,modern_english_pop_0069,1.8432591436896966
modern_english_pop_u012,modern_english_pop_0108,1.582736835734271
modern_english_pop_u012,modern_english_pop_0022,1.4454440961596344
modern_english_pop_u012,modern_english_pop_0064,1.6091086274334165
modern_english_pop_u012,modern_english_pop_0106,1.1544225522328622
modern_english_pop_u012,modern_english_pop_0009,1.8003357302502991
modern_english_pop_u012,modern_english_pop_0030,1.919923577313332
modern_english_pop_u012,modern_english_pop_0081,1.9174361681373633
modern_english_pop_u012,modern_english_pop_0084,1.0398181367041124
modern_english_pop_u012,modern_english_pop_0116,1.7029895917149953
modern_english_pop_u012,modern_english_pop_0014,0.8304651269106017
modern_english_pop_u012,modern_english_pop_0100,1.4295988334535605
modern_english_pop_u012,modern_english_pop_0113,0.5795354736026677
modern_english_pop_u012,modern_english_pop_0035,0.9089371592893883
modern_english_pop_u012,modern_english_pop_0074,1.6647413498112447
modern_english_pop_u012,modern_english_pop_0094,2.083273596475398
modern_english_pop_u012,modern_english_pop_0093,0.659573815060892
modern_english_pop_u012,modern_english_pop_0114,1.5385035665007192
modern_english_pop_u012,india_saraga_0045,1.3096462771417912
modern_english_pop_u012,india_saraga_0059,1.7087278245967072
modern_english_pop_u012,india_saraga_0057,1.3344441227706914
modern_english_pop_u012,india_saraga_0040,0.5890941483354969
modern_english_pop_u012,india_saraga_0088,0.6481047274350487
modern_english_pop_u012,india_saraga_0084,1.308281573997447
modern_english_pop_u012,india_saraga_0106,0.7410865636303641
modern_english_pop_u012,india_saraga_0085,1.703212391084339
modern_english_pop_u012,turkey_modern_0019,1.6929277210609461
modern_english_pop_u012,turkey_modern_0041,1.730685411212238
modern_english_pop_u012,turkey_modern_0058,0.845486020546461
modern_english_pop_u012,turkey_modern_0090,1.4178823757464272
modern_english_pop_u012,turkey_modern_0088,1.345068774362047
modern_english_pop_u012,turkey_modern_0083,0.4980651048059923
modern_english_pop_u012,turkey_modern_0082,0.8085128530674777
modern_english_pop_u012,turkey_modern_0046,0.7291350850672824
modern_english_pop_u013,modern_english_pop_0029,1.6628347584586933
modern_english_pop_u013,modern_english_pop_0070,0.6406345814687575
modern_english_pop_u013,modern_english_pop_0113,0.7084184038912187
modern_english_pop_u013,modern_english_pop_0102,1.9298849670827278
modern_english_pop_u013,modern_english_pop_0059,1.5538935098373172
modern_english_pop_u013,modern_english_pop_0114,1.5503417057925573
modern_english_pop_u013,modern_english_pop_0097,2.092768234711967
modern_english_pop_u013,modern_english_pop_0084,0.9908939109153686
modern_english_pop_u013,modern_english_pop_0093,0.8517434436429844
modern_english_pop_u013,modern_english_pop_0094,1.6338152596480888
modern_english_pop_u013,modern_english_pop_0071,2.0971798434529485
modern_english_pop_u013,modern_english_pop_0075,1.0325573620516413
modern_english_pop_u013,modern_english_pop_0111,1.750232779265082
modern_english_pop_u013,modern_english_pop_0077,0.8378538299555229
modern_english_pop_u013,modern_english_pop_0086,0.8715425003052818
modern_english_pop_u013,modern_english_pop_0051,2.130104849813222
modern_english_pop_u013,modern_english_pop_0019,0.7784896162134974
modern_english_pop_u013,modern_english_pop_0007,0.6169960507302107
modern_english_pop_u013,modern_english_pop_0055,1.9117722729911029
modern_english_pop_u013,modern_english_pop_0020,1.2003289712059362
modern_english_pop_u013,modern_english_pop_0076,1.2592360025486757
modern_english_pop_u013,modern_english_pop_0107,1.9547542649666372
modern_english_pop_u013,modern_english_pop_0074,0.8853892404709256
modern_english_pop_u013,modern_english_pop_0036,1.6968139741237864
modern_english_pop_u013,india_saraga_0099,0.8732632439308066
modern_english_pop_u013,india_saraga_0100,0.5907624218732397
modern_english_pop_u013,india_saraga_0054,1.3781196661096187
modern_english_pop_u013,india_saraga_0043,0.8801965816437637
modern_english_pop_u013,india_saraga_0058,1.6199155407780956
modern_english_pop_u013,india_saraga_0079,1.6906981278130662
modern_english_pop_u013,india_saraga_0003,1.5962198785932862
modern_english_pop_u013,india_saraga_0095,0.8851748590378736
modern_english_pop_u013,great_britain_0044,0.7693865428855358
modern_english_pop_u013,great_britain_0040,1.6552808672505297
modern_english_pop_u013,great_britain_0004,1.0614784282332228
modern_english_pop_u013,great_britain_0050,1.4054486268033213
modern_english_pop_u013,great_britain_0017,1.5666716719043563
modern_english_pop_u013,great_britain_0026,0.8248769840715604
modern_english_pop_u013,great_britain_0054,0.6107815277119667
modern_english_pop_u013,great_britain_0006,1.293517210513436
modern_english_pop_u014,modern_english_pop_0105,1.132933426118286
modern_english_pop_u014,modern_english_pop_0031,1.1322604605420452
modern_english_pop_u014,modern_english_pop_0102,1.8916389323775953
modern_english_pop_u014,modern_english_pop_0052,1.175326739438431
modern_english_pop_u014,modern_english_pop_0089,1.7423714415800722
modern_english_pop_u014,modern_english_pop_0013,1.344156035845577
modern_english_pop_u014,modern_english_pop_0032,1.6234630506146963
modern_english_pop_u014,modern_english_pop_0087,2.005051518088451
modern_english_pop_u014,modern_english_pop_0074,1.4617512360310045
modern_english_pop_u014,modern_english_pop_0001,1.394673771460567
modern_english_pop_u014,modern_english_pop_0057,1.0355311567191476
modern_english_pop_u014,modern_english_pop_0009,1.4649354036391269
modern_english_pop_u014,modern_english_pop_0025,1.0276611707690666
modern_english_pop_u014,modern_english_pop_0083,2.0301586048634785
modern_english_pop_u014,modern_english_pop_0062,1.245790446336232
modern_english_pop_u014,modern_english_pop_0079,0.7977106649152953
modern_english_pop_u014,modern_english_pop_0016,0.9889439856729709
modern_english_pop_u014,modern_english_pop_0041,1.4971530313810169
modern_english_pop_u014,modern_english_pop_0014,2.1555959648063228
modern_english_pop_u014,modern_english_pop_0077,1.0934685850414947
modern_english_pop_u014,modern_english_pop_0036,1.0310662020713124
modern_english_pop_u014,modern_english_pop_0026,1.2763157150474833
modern_english_pop_u014,modern_english_pop_0085,2.2443764750539525
modern_english_pop_u014,modern_english_pop_0002,2.033003938445835
modern_english_pop_u014,indonesia_gamelan_0011,0.6520517339508337
modern_english_pop_u014,indonesia_gamelan_0010,1.2785669375853566
modern_english_pop_u014,indonesia_gamelan_0005,1.5190166745144469
modern_english_pop_u014,indonesia_gamelan_0046,1.4868139608498208
modern_english_pop_u014,indonesia_gamelan_0009,1.1099414138687314
modern_english_pop_u014,indonesia_gamelan_0026,1.437972370659957
modern_english_pop_u014,indonesia_gamelan_0050,1.237841924300528
modern_english_pop_u014,indonesia_gamelan_0039,0.7219507268504737
modern_english_pop_u014,italy_0080,0.5256724148592867
modern_english_pop_u014,italy_0083,0.9488245680679552
modern_english_pop_u014,italy_0086,0.5336176526291788
modern_english_pop_u014,italy_0088,0.9832680952932045
modern_english_pop_u014,italy_0010,1.5689866521205258
modern_english_pop_u014,italy_0087,1.5897971003448348
modern_english_pop_u014,italy_0082,0.4959997938090241
modern_english_pop_u014,italy_0084,0.5438728811378171
modern_english_pop_u015,modern_english_pop_0015,1.619173936882159
modern_english_pop_u015,modern_english_pop_0109,2.2773143558303963
modern_english_pop_u015,modern_english_pop_0048,1.0246835414993276
modern_english_pop_u015,modern_english_pop_0022,0.9751185798473804
modern_english_pop_u015,modern_english_pop_0037,0.8801305347348951
modern_english_pop_u015,modern_english_pop_0066,1.7642912696815303
modern_english_pop_u015,modern_english_pop_0074,1.3496882495467533
modern_english_pop_u015,modern_english_pop_0117,1.2453459366281239
modern_english_pop_u015,modern_english_pop_0003,0.9270558954067983
modern_english_pop_u015,modern_english_pop_0104,2.1122137010207584
modern_english_pop_u015,modern_english_pop_0027,1.3394734857586155
modern_english_pop_u015,modern_english_pop_0081,1.6232709623139174
modern_english_pop_u015,modern_english_pop_0088,0.7691135225546114
modern_english_pop_u015,modern_english_pop_0096,0.7612520737814543
modern_english_pop_u015,modern_english_pop_0078,0.6911865843703927
modern_english_pop_u015,modern_english_pop_0011,1.2086719894460562
modern_english_pop_u015,modern_english_pop_0014,1.3907293887810475
modern_english_pop_u015,modern_english_pop_0012,0.9968973077999336
modern_english_pop_u015,modern_english_pop_0090,1.178193697638359
modern_english_pop_u015,modern_english_pop_0008,0.5857985586910027
modern_english_pop_u015,modern_english_pop_0043,1.1806276025759062
modern_english_pop_u015,modern_english_pop_0080,0.7805705525832118
modern_english_pop_u015,modern_english_pop_0113,0.7964632251949595
modern_english_pop_u015,modern_english_pop_0054,0.5827730182910057
modern_english_pop_u015,italy_0030,1.3901137641878945
modern_english_pop_u015,italy_0009,1.7072330949666683
modern_english_pop_u015,italy_0046,1.2890865071504123
modern_english_pop_u015,turkey_modern_0073,0.579872770102678
modern_english_pop_u015,turkey_modern_0069,1.7860267566798806
modern_english_pop_u015,turkey_modern_0087,1.7670399806832928
modern_english_pop_u015,turkey_modern_0137,1.0821166231376098
modern_english_pop_u015,turkey_modern_0033,0.5956234448484995
modern_english_pop_u015,turkey_modern_0084,1.4229980680237262
modern_english_pop_u015,turkey_modern_0061,1.74798207605264
modern_english_pop_u015,turkey_modern_0122,1.5012444655872352
modern_english_pop_u016,modern_english_pop_0034,0.8007071792760871
modern_english_pop_u016,modern_english_pop_0066,2.0627011549060583
modern_english_pop_u016,modern_english_pop_0008,2.003380974889081
modern_english_pop_u016,modern_english_pop_0096,1.1804753227746587
modern_english_pop_u016,modern_english_pop_0006,1.7658567127081983
modern_english_pop_u016,modern_english_pop_0027,1.4243950133254304
modern_english_pop_u016,modern_english_pop_0091,1.8876768675511475
modern_english_pop_u016,modern_english_pop_0087,1.2479783359462837
modern_english_pop_u016,modern_english_pop_0099,1.4989776810498707
modern_english_pop_u016,modern_english_pop_0031,0.6747327795116889
modern_english_pop_u016,modern_english_pop_0003,0.8767197182394402
modern_english_pop_u016,modern_english_pop_0041,1.9235456734120524
modern_english_pop_u016,modern_english_pop_0059,1.2332004567482135
modern_english_pop_u016,modern_english_pop_0116,0.6355568567960429
modern_english_pop_u016,modern_english_pop_0110,0.8641725928531079
modern_english_pop_u016,modern_english_pop_0055,1.2850066053476847
modern_english_pop_u016,modern_english_pop_0020,1.8134001096039316
modern_english_pop_u016,modern_english_pop_0106,1.2020116971174735
modern_english_pop_u016,modern_english_pop_0007,1.860445426303549
modern_english_pop_u016,modern_english_pop_0002,2.0551545130840188
modern_english_pop_u016,modern_english_pop_0023,1.1634606595048542
modern_english_pop_u016,modern_english_pop_0047,1.9556478597238836
modern_english_pop_u016,modern_english_pop_0015,0.7938691487295769
modern_english_pop_u016,modern_english_pop_0109,1.2913640807486126
modern_english_pop_u016,indonesia_gamelan_0038,0.58170923498015
modern_english_pop_u016,indonesia_gamelan_0036,0.5209127848729472
modern_english_pop_u016,indonesia_gamelan_0052,0.5371119596053533
modern_english_pop_u016,indonesia_gamelan_0012,0.5914152365602092
modern_english_pop_u016,indonesia_gamelan_0048,1.5782299966121385
modern_english_pop_u016,indonesia_gamelan_0027,1.1839641169054815
modern_english_pop_u016,indonesia_gamelan_0006,1.7289740534989644
modern_english_pop_u016,indonesia_gamelan_0000,1.1763004067718934
modern_english_pop_u016,great_britain_0070,1.298760298619022
modern_english_pop_u016,great_britain_0055,0.6990533475396655
modern_english_pop_u016,great_britain_0067,1.1797843778555064
modern_english_pop_u016,great_britain_0075,0.9701584408844913
modern_english_pop_u016,great_britain_0048,1.7074377118894997
modern_english_pop_u016,great_britain_0052,1.7107936413054192
modern_english_pop_u016,great_britain_0066,0.7179731268780254
modern_english_pop_u016,great_britain_0071,1.287176666316794
modern_english_pop_u017,modern_english_pop_0013,0.8392927486396713
modern_english_pop_u017,modern_english_pop_0036,1.0671067665359082
modern_english_pop_u017,modern_english_pop_0108,1.6601434904918029
modern_english_pop_u017,modern_english_pop_0012,0.8928188473558817
modern_english_pop_u017,modern_english_pop_0034,1.0978756886451642
modern_english_pop_u017,modern_english_pop_0119,1.3804244542875066
modern_english_pop_u017,modern_english_pop_0014,0.9684885144996932
modern_english_pop_u017,modern_english_pop_0066,2.2869136048619345
modern_english_pop_u017,modern_english_pop_0005,0.8569443798791869
modern_english_pop_u017,modern_english_pop_0055,2.0411415059874365
modern_english_pop_u017,modern_english_pop_0074,1.3859222093352905
modern_english_pop_u017,modern_english_pop_0019,0.797738347517325
modern_english_pop_u017,modern_english_pop_0047,0.7793886211054515
modern_english_pop_u017,modern_english_pop_0075,1.4380106966877255
modern_english_pop_u017,modern_english_pop_0100,1.1848222957843877
modern_english_pop_u017,modern_english_pop_0082,0.9796889659699141
modern_english_pop_u017,modern_english_pop_0103,2.2291700116109165
modern_english_pop_u017,modern_english_pop_0098,1.3743300525922542
modern_english_pop_u017,modern_english_pop_0065,2.177198942867265
modern_english_pop_u017,modern_english_pop_0050,0.8578995274618123
modern_english_pop_u017,modern_english_pop_0042,0.891478965971771
modern_english_pop_u017,modern_english_pop_0054,1.6031477668757288
modern_english_pop_u017,modern_english_pop_0023,1.0405354835140188
modern_english_pop_u017,modern_english_pop_0112,0.8940178009294242
modern_english_pop_u017,indonesia_fma_0002,0.5778252703079699
modern_english_pop_u017,indonesia_fma_0004,0.5529654049146712
modern_english_pop_u017,indonesia_fma_0016,1.4667773203081258
modern_english_pop_u017,indonesia_fma_0018,0.8309202475992524
modern_english_pop_u017,indonesia_fma_0006,1.770865856965307
modern_english_pop_u017,indonesia_fma_0010,0.6972135220968184
modern_english_pop_u017,indonesia_fma_0009,0.9285029775321947
modern_english_pop_u017,indonesia_fma_0015,0.9561266363011501
modern_english_pop_u017,italy_0030,1.1252062701947203
modern_english_pop_u017,italy_0046,1.6253584231222622
modern_english_pop_u017,italy_0009,1.576939783451653
modern_english_pop_u018,modern_english_pop_0040,0.9820740329983016
modern_english_pop_u018,modern_english_pop_0029,0.772693398248451
modern_english_pop_u018,modern_english_pop_0044,0.8013846750962287
modern_english_pop_u018,modern_english_pop_0007,1.1145802137266618
modern_english_pop_u018,modern_english_pop_0106,2.2858326578849475
modern_english_pop_u018,modern_english_pop_0116,0.8462740635352216
modern_english_pop_u018,modern_english_pop_0027,1.089975569964857
modern_english_pop_u018,modern_english_pop_0014,2.1632664119966964
modern_english_pop_u018,modern_english_pop_0000,2.2367064089178843
modern_english_pop_u018,modern_english_pop_0043,0.9697547979863687
modern_english_pop_u018,modern_english_pop_0054,2.093780902412384
modern_english_pop_u018,modern_english_pop_0002,0.8146334543021985
modern_english_pop_u018,modern_english_pop_0087,1.8886503094933893
modern_english_pop_u018,modern_english_pop_0036,0.5974390771167158
modern_english_pop_u018,modern_english_pop_0096,1.2764188604406561
modern_english_pop_u018,modern_english_pop_0101,1.0016532315874946
modern_english_pop_u018,modern_english_pop_0104,1.7894138244244866
modern_english_pop_u018,modern_english_pop_0082,0.6026968265876935
modern_english_pop_u018,modern_english_pop_0055,1.3769554429388944
modern_english_pop_u018,modern_english_pop_0046,1.7768575676850131
modern_english_pop_u018,modern_english_pop_0086,0.6555659063565654
modern_english_pop_u018,modern_english_pop_0063,2.1230153141742023
modern_english_pop_u018,modern_english_pop_0077,1.1980655277588743
modern_english_pop_u018,modern_english_pop_0062,0.8600835606178684
modern_english_pop_u018,india_saraga_0022,0.7543770696411222
modern_english_pop_u018,india_saraga_0023,0.9075230038536254
modern_english_pop_u018,india_saraga_0106,0.7178063874600944
modern_english_pop_u018,india_saraga_0061,1.1392813177855239
modern_english_pop_u018,india_saraga_0066,1.3044578442741306
modern_english_pop_u018,india_saraga_0085,1.0351306469924884
modern_english_pop_u018,india_saraga_0037,1.0264934023584151
modern_english_pop_u018,india_saraga_0005,1.5052943511477486
modern_english_pop_u018,italy_0074,0.856372562493145
modern_english_pop_u018,italy_0053,1.2907379257747766
modern_english_pop_u018,italy_0044,1.6554441398086879
modern_english_pop_u018,italy_0047,0.7490443928796165
modern_english_pop_u018,italy_0065,1.2868659855330173
modern_english_pop_u018,italy_0062,1.7297619030739588
modern_english_pop_u018,italy_0076,1.1652235941898634
modern_english_pop_u018,italy_0052,1.7688119269911258
modern_english_pop_u019,modern_english_pop_0113,0.6456290247987597
modern_english_pop_u019,modern_english_pop_0028,0.9139932367267511
modern_english_pop_u019,modern_english_pop_0025,0.613500673737973
modern_english_pop_u019,modern_english_pop_0020,1.9175665628277967
modern_english_pop_u019,modern_english_pop_0068,2.271921033679838
modern_english_pop_u019,modern_english_pop_0115,1.7127188497348231
modern_english_pop_u019,modern_english_pop_0091,1.5929900870849492
modern_english_pop_u019,modern_english_pop_0104,2.1414142180951674
modern_english_pop_u019,modern_english_pop_0070,1.0147956264770077
modern_english_pop_u019,modern_english_pop_0065,0.689647476363059
modern_english_pop_u019,modern_english_pop_0105,1.454698086077072
modern_english_pop_u019,modern_english_pop_0030,1.0241015129748545
modern_english_pop_u019,modern_english_pop_0109,1.353115785324556
modern_english_pop_u019,modern_english_pop_0102,1.362117242253621
modern_english_pop_u019,modern_english_pop_0071,1.1249848965174196
modern_english_pop_u019,modern_english_pop_0000,1.4139099032307672
modern_english_pop_u019,modern_english_pop_0022,1.2307619939485803
modern_english_pop_u019,modern_english_pop_0054,0.7700273559487373
modern_english_pop_u019,modern_english_pop_0116,2.07010184527497
modern_english_pop_u019,modern_english_pop_0002,1.7846971573921397
modern_english_pop_u019,modern_english_pop_0045,0.6462577921247249
modern_english_pop_u019,modern_english_pop_0100,0.7747315835930034
modern_english_pop_u019,modern_english_pop_0103,0.7414874619782413
modern_english_pop_u019,modern_english_pop_0108,0.6815076185902277
modern_english_pop_u019,germany_0001,0.5297266473847394
modern_english_pop_u019,germany_0051,0.6621016494638704
modern_english_pop_u019,germany_0074,1.5946237015154028
modern_english_pop_u019,germany_0073,1.5681149498675373
modern_english_pop_u019,germany_0049,1.50724774162582
modern_english_pop_u019,germany_0055,1.2798537838270732
modern_english_pop_u019,germany_0015,1.4267162968384066
modern_english_pop_u019,germany_0014,1.4469496346344133
modern_english_pop_u019,china_ctis_0039,1.650572374915351
modern_english_pop_u019,china_ctis_0064,1.4386630900082835
modern_english_pop_u019,china_ctis_0036,1.4442200658283033
modern_english_pop_u019,china_ctis_0011,1.5355095831632033
modern_english_pop_u019,china_ctis_0048,1.2010790555023032
modern_english_pop_u019,china_ctis_0028,0.7375888665575225
modern_english_pop_u019,china_ctis_0030,0.5641323447182287
modern_english_pop_u019,china_ctis_0000,1.0157088065155635
modern_english_pop_u020,modern_english_pop_0096,1.2498651099130988
modern_english_pop_u020,modern_english_pop_0060,1.6270964949339806
modern_english_pop_u020,modern_english_pop_0041,0.9405246535809425
modern_english_pop_u020,modern_english_pop_0082,0.9636167003959148
modern_english_pop_u020,modern_english_pop_0001,1.3792663154526241
modern_english_pop_u020,modern_english_pop_0099,1.1975440327683744
modern_english_pop_u020,modern_english_pop_0003,1.7420930256091622
modern_english_pop_u020,modern_english_pop_0075,0.7045064372730825
modern_english_pop_u020,modern_english_pop_0083,1.418108704849239
modern_english_pop_u020,modern_english_pop_0039,0.8755983580592667
modern_english_pop_u020,modern_english_pop_0030,1.6216006405262904
modern_english_pop_u020,modern_english_pop_0088,0.7754679282865918
modern_english_pop_u020,modern_english_pop_0002,0.9159149697632385
modern_english_pop_u020,modern_english_pop_0025,1.9617084954047155
modern_english_pop_u020,modern_english_pop_0103,0.9806630578155737
modern_english_pop_u020,modern_english_pop_0005,1.846437709419349
modern_english_pop_u020,modern_english_pop_0034,1.0460331569621295
modern_english_pop_u020,modern_english_pop_0076,0.9804224465283585
modern_english_pop_u020,modern_english_pop_0043,1.0910420004701862
modern_english_pop_u020,modern_english_pop_0072,2.094607673129241
modern_english_pop_u020,modern_english_pop_0054,1.2601107623558556
modern_english_pop_u020,modern_english_pop_0033,0.9954869140498546
modern_english_pop_u020,modern_english_pop_0065,1.5007030921271751
modern_english_pop_u020,modern_english_pop_0016,1.240231435329359
modern_english_pop_u020,great_britain_0008,1.5167666516917453
modern_english_pop_u020,great_britain_0093,1.7871015847225875
modern_english_pop_u020,great_britain_0068,1.1608754975988753
modern_english_pop_u020,great_britain_0084,1.0598610118313467
modern_english_pop_u020,great_britain_0018,0.9130977877237457
modern_english_pop_u020,china_ctis_0058,1.764007288564686
modern_english_pop_u020,china_ctis_0011,1.102432422606321
modern_english_pop_u020,china_ctis_0048,0.6902957609136667
modern_english_pop_u020,china_ctis_0043,1.758441472269313
modern_english_pop_u020,china_ctis_0054,1.7471908700991319
modern_english_pop_u020,china_ctis_0050,1.0382288206523533
modern_english_pop_u020,china_ctis_0019,0.9200511175944922
modern_english_pop_u020,china_ctis_0033,1.3685905530296578
modern_english_pop_u021,modern_english_pop_0003,1.5975712798355386
modern_english_pop_u021,modern_english_pop_0044,1.3577726292461785
modern_english_pop_u021,modern_english_pop_0106,1.6911957376002824
modern_english_pop_u021,modern_english_pop_0022,1.8790877637503791
modern_english_pop_u021,modern_english_pop_0015,2.2129631369511316
modern_english_pop_u021,modern_english_pop_0011,1.1785442301482962
modern_english_pop_u021,modern_english_pop_0029,0.856355725670204
modern_english_pop_u021,modern_english_pop_0031,1.0305449073971515
modern_english_pop_u021,modern_english_pop_0023,0.8305836677143396
modern_english_pop_u021,modern_english_pop_0084,1.2550737324032801
modern_english_pop_u021,modern_english_pop_0030,2.0801785336802
modern_english_pop_u021,modern_english_pop_0033,1.1736783222290148
modern_english_pop_u021,modern_english_pop_0034,0.8317191613339793
modern_english_pop_u021,modern_english_pop_0095,1.4765417214896221
modern_english_pop_u021,modern_english_pop_0012,2.2861030837387415
modern_english_pop_u021,modern_english_pop_0046,0.8996126022036101
modern_english_pop_u021,modern_english_pop_0103,1.916834291780345
modern_english_pop_u021,modern_english_pop_0113,1.9952941776656719
modern_english_pop_u021,modern_english_pop_0048,1.2673086425392281
modern_english_pop_u021,modern_english_pop_0071,1.6437262316963055
modern_english_pop_u021,modern_english_pop_0013,1.3208442025458003
modern_english_pop_u021,modern_english_pop_0087,1.0275139655314514
modern_english_pop_u021,modern_english_pop_0065,1.3100549301248214
modern_english_pop_u021,modern_english_pop_0005,0.7393754856868734
modern_english_pop_u021,france_0025,1.4043907534422053
modern_english_pop_u021,france_0057,1.5694105926995605
modern_english_pop_u021,france_0010,0.8649899100501517
modern_english_pop_u021,france_0005,1.2147437129129763
modern_english_pop_u021,france_0007,0.7634005182532392
modern_english_pop_u021,france_0041,0.6220716077332958
modern_english_pop_u021,france_0040,1.3458850629014156
modern_english_pop_u021,france_0052,0.6310452552856817
modern_english_pop_u021,indonesia_fma_0010,1.505671743428326
modern_english_pop_u021,indonesia_fma_0007,0.8168686408137475
modern_english_pop_u021,indonesia_fma_0019,1.5549930805535919
modern_english_pop_u021,indonesia_fma_0002,0.9474811754270764
modern_english_pop_u021,indonesia_fma_0001,0.9479375000680295
modern_english_pop_u021,indonesia_fma_0014,1.4632732269078539
modern_english_pop_u021,indonesia_fma_0004,1.1388587957578862
modern_english_pop_u021,indonesia_fma_0013,0.7213195256533298
modern_english_pop_u022,modern_english_pop_0011,1.488428643338082
modern_english_pop_u022,modern_english_pop_0059,2.287668593661481
modern_english_pop_u022,modern_english_pop_0086,2.0457682046085353
modern_english_pop_u022,modern_english_pop_0092,1.8086056772785148
modern_english_pop_u022,modern_english_pop_0029,0.6137451308855558
modern_english_pop_u022,modern_english_pop_0064,0.6929510932602164
modern_english_pop_u022,modern_english_pop_0025,1.9446794948136443
modern_english_pop_u022,modern_english_pop_0070,1.224367373479421
modern_english_pop_u022,modern_english_pop_0004,1.728044988616857
modern_english_pop_u022,modern_english_pop_0028,1.8500883066494473
modern_english_pop_u022,modern_english_pop_0099,1.3032677062307787
modern_english_pop_u022,modern_english_pop_0112,0.8223335199588446
modern_english_pop_u022,modern_english_pop_0090,1.2420480178116402
modern_english_pop_u022,modern_english_pop_0118,2.077558562999593
modern_english_pop_u022,modern_english_pop_0010,1.1461229688301633
modern_english_pop_u022,modern_english_pop_0042,0.6830702884756386
modern_english_pop_u022,modern_english_pop_0033,2.2295016946437483
modern_english_pop_u022,modern_english_pop_0060,1.7491676679799228
modern_english_pop_u022,modern_english_pop_0110,1.507977897092301
modern_english_pop_u022,modern_english_pop_0012,2.005210173025135
modern_english_pop_u022,modern_english_pop_0002,1.2842521697174902
modern_english_pop_u022,modern_english_pop_0095,2.274324744668277
modern_english_pop_u022,modern_english_pop_0109,2.054313544711246
modern_english_pop_u022,modern_english_pop_0058,1.058939679356584
modern_english_pop_u022,great_britain_0048,0.9509147826898138
modern_english_pop_u022,great_britain_0042,0.8222530016679017
modern_english_pop_u022,great_britain_0065,1.3401101378451223
modern_english_pop_u022,great_britain_0043,1.3130981069409962
modern_english_pop_u022,great_britain_0056,1.155382929242168
modern_english_pop_u022,great_britain_0070,1.7538845056733219
modern_english_pop_u022,great_britain_0039,1.0875716390398813
modern_english_pop_u022,great_britain_0045,1.5080252321653633
modern_english_pop_u022,france_0019,1.3384284081885043
modern_english_pop_u022,france_0090,1.1495496691953022
modern_english_pop_u022,france_0064,0.5068283947353878
modern_english_pop_u022,france_0017,1.3376182821571776
modern_english_pop_u022,france_0081,1.3175033637729043
modern_english_pop_u022,france_0011,0.61857989269994
modern_english_pop_u022,france_0098,1.524485216736899
modern_english_pop_u022,france_0002,1.080442012650807
modern_english_pop_u023,modern_english_pop_0047,0.5865958254790623
modern_english_pop_u023,modern_english_pop_0022,1.0245588444772946
modern_english_pop_u023,modern_english_pop_0063,2.0497194657557882
modern_english_pop_u023,modern_english_pop_0064,0.8185421874519382
modern_english_pop_u023,modern_english_pop_0068,0.8004038231723445
modern_english_pop_u023,modern_english_pop_0021,1.8498572931952693
modern_english_pop_u023,modern_english_pop_0109,1.2759703765240005
modern_english_pop_u023,modern_english_pop_0034,0.8311384751221884
modern_english_pop_u023,modern_english_pop_0042,0.9717506494317463
modern_english_pop_u023,modern_english_pop_0019,1.9456883206001674
modern_english_pop_u023,modern_english_pop_0080,1.6501386628500838
modern_english_pop_u023,modern_english_pop_0043,1.8876021326772097
modern_english_pop_u023,modern_english_pop_0045,0.743658837254365
modern_english_pop_u023,modern_english_pop_0024,1.3652298879157538
modern_english_pop_u023,modern_english_pop_0088,1.9500082825977978
modern_english_pop_u023,modern_english_pop_0074,1.0334924952480433
modern_english_pop_u023,modern_english_pop_0103,0.8668509704486492
modern_english_pop_u023,modern_english_pop_0078,1.2335772168346564
modern_english_pop_u023,modern_english_pop_0005,1.1500804548718966
modern_english_pop_u023,modern_english_pop_0056,0.8949405435718012
modern_english_pop_u023,modern_english_pop_0114,2.220554996239546
modern_english_pop_u023,modern_english_pop_0001,1.4083447478581341
modern_english_pop_u023,modern_english_pop_0099,1.6239317142896197
modern_english_pop_u023,modern_english_pop_0011,0.7839094175930514
modern_english_pop_u023,turkey_modern_0038,1.2735473689775425
modern_english_pop_u023,turkey_modern_0144,1.199685635831426
modern_english_pop_u023,turkey_modern_0088,1.708104592493594
modern_english_pop_u023,turkey_modern_0147,1.006627681447259
modern_english_pop_u023,turkey_modern_0115,1.5057838356428932
modern_english_pop_u023,turkey_modern_0140,0.8606443209238647
modern_english_pop_u023,turkey_modern_0080,1.231569481042639
modern_english_pop_u023,turkey_modern_0087,1.7014100362796674
modern_english_pop_u023,china_opencpop_0007,1.29384626952451
modern_english_pop_u023,china_opencpop_0012,1.4100642230847862
modern_english_pop_u023,china_opencpop_0023,1.632579109023497
modern_english_pop_u023,china_opencpop_0045,1.6993228904668793
modern_english_pop_u023,china_opencpop_0020,0.7311710815241406
modern_english_pop_u023,china_opencpop_0038,0.7143813426994001
modern_english_pop_u023,china_opencpop_0041,1.1931427713268608
modern_english_pop_u023,china_opencpop_0014,1.7939471080135876
russia_u000,russia_0074,1.632921122922545
russia_u000,russia_0008,0.7279405839442261
russia_u000,russia_0101,1.4805715624416926
russia_u000,russia_0088,0.9845236158113396
russia_u000,russia_0009,1.750947513243238
russia_u000,russia_0103,1.8647303826928439
russia_u000,russia_0051,2.0380458652149605
russia_u000,russia_0104,2.286882011385416
russia_u000,russia_0080,1.3673869949018251
russia_u000,russia_0087,1.7317753696826343
russia_u000,russia_0094,0.6067809105349099
russia_u000,russia_0097,2.136275132453214
russia_u000,russia_0007,1.6371569260367986
russia_u000,russia_0057,1.3018200892463339
russia_u000,russia_0085,1.3241894812621224
russia_u000,russia_0096,1.8825424899716823
russia_u000,russia_0002,2.012735756099417
russia_u000,russia_0001,1.9686338416431193
russia_u000,russia_0056,1.4557585265061157
russia_u000,russia_0077,1.2152279498048546
russia_u000,russia_0095,2.2060553984417988
russia_u000,russia_0028,1.668994180228612
russia_u000,russia_0029,1.5128021305150148
russia_u000,russia_0069,1.6071001577488047
russia_u000,indonesia_fma_0000,1.3003197860514817
russia_u000,indonesia_fma_0001,1.4126483935443204
russia_u000,indonesia_fma_0013,1.196799338305574
russia_u000,indonesia_fma_0002,1.6317297285175962
russia_u000,indonesia_fma_0015,1.6106141892695167
russia_u000,indonesia_fma_0007,1.0470479552813305
russia_u000,indonesia_fma_0006,0.6775237513694744
russia_u000,indonesia_fma_0009,1.2284852135909863
russia_u000,great_britain_0037,1.287998354877096
russia_u000,great_britain_0077,1.1565624248375426
russia_u000,great_britain_0099,1.6522800479198545
russia_u000,great_britain_0034,0.575577346982894
russia_u000,great_britain_0041,0.8380149815275206
russia_u000,great_britain_0031,1.6188162925355352
russia_u000,great_britain_0029,1.7182079725799775
russia_u000,great_britain_0020,1.0249988508484678
russia_u001,russia_0041,1.6726469614359223
russia_u001,russia_0003,0.6583945078221055
russia_u001,russia_0013,1.2506953112548131
russia_u001,russia_0065,0.8728826873684211
russia_u001,russia_0032,1.6202361434854935
russia_u001,russia_0004,1.1213558917315871
russia_u001,russia_0011,1.9058937654923924
russia_u001,russia_0064,0.7726752717417815
russia_u001,russia_0042,1.534467540435693
russia_u001,russia_0043,1.5990943135743545
russia_u001,russia_0054,0.6131295720171137
russia_u001,russia_0039,0.6370753512171101
russia_u001,russia_0031,1.1067142972658317
russia_u001,russia_0014,1.6256551329855484
russia_u001,russia_0015,2.2355367416548058
russia_u001,russia_0053,0.7316015547304437
russia_u001,russia_0063,1.7879557837886397
russia_u001,russia_0061,1.76993531066179
russia_u001,russia_0018,1.7298430700434972
russia_u001,russia_0046,1.4653541641430479
russia_u001,france_0097,1.7552150333236942
russia_u001,france_0094,1.12739643695972
russia_u001,france_0033,1.5817010569189305
russia_u001,france_0013,0.8044028138807962
russia_u001,france_0080,1.5385164740642545
russia_u001,france_0053,1.79533674081756
russia_u001,france_0016,1.678616083494576
russia_u001,france_0015,0.8604968203151262
russia_u001,italy_0016,1.5923125923953392
russia_u001,italy_0018,0.5785971160887717
russia_u001,italy_0056,1.3649052054776212
russia_u001,italy_0048,0.9118974145320269
russia_u001,italy_0015,1.3392046209540573
russia_u001,italy_0032,1.0065361602322784
russia_u001,italy_0063,0.4621947522641853
russia_u001,italy_0017,0.7622233479647339
russia_u002,russia_0063,2.002150330070793
russia_u002,russia_0031,0.808576189816584
russia_u002,russia_0053,2.1449120570345537
russia_u002,russia_0013,1.1940676582159802
russia_u002,russia_0064,1.3085686812484174
russia_u002,russia_0061,2.1179321184812725
russia_u002,russia_0018,2.121111376804426
russia_u002,russia_0011,1.4803815626724617
russia_u002,russia_0043,1.0524195291820129
russia_u002,russia_0039,0.8715955897833534
russia_u002,russia_0054,1.0434755818176926
russia_u002,russia_0014,1.9215822609033404
russia_u002,russia_0004,1.1349191338185454
russia_u002,russia_0015,1.77311852028194
russia_u002,russia_0042,0.9117214184323049
russia_u002,russia_0032,1.4004187663883518
russia_u002,russia_0041,1.1823832227014681
russia_u002,russia_0065,1.4437312577273977
russia_u002,russia_0046,1.5581556268373045
russia_u002,russia_0003,2.284362813994418
russia_u002,modern_english_pop_0030,1.664858313705423
russia_u002,modern_english_pop_0084,1.3894197446576577
russia_u002,modern_english_pop_0022,0.6575536852160653
russia_u002,modern_english_pop_0068,1.6906885510579448
russia_u002,modern_english_pop_0001,1.6549911954557996
russia_u002,modern_english_pop_0061,1.6470496306002225
russia_u002,modern_english_pop_0055,1.0966727668766254
russia_u002,modern_english_pop_0042,0.6804540599324268
russia_u002,china_opencpop_0039,1.468444340208044
russia_u002,china_opencpop_0020,0.9744953026370718
russia_u002,china_opencpop_0021,0.9151671910845173
russia_u002,china_opencpop_0006,0.9775557169550244
russia_u002,china_opencpop_0041,1.2047452525788467
russia_u002,china_opencpop_0037,0.9002504215046147
russia_u002,china_opencpop_0004,1.3813928248474598
russia_u002,china_opencpop_0008,1.3244271242539445
russia_u003,russia_0016,1.2614536025500092
russia_u003,russia_0048,1.134905429084969
russia_u003,russia_0047,1.7918485060578104
russia_u003,russia_0019,1.5891025132128969
russia_u003,russia_0044,2.0381188408992834
russia_u003,russia_0020,1.5298922476983206
russia_u003,russia_0066,1.5795216479773733
russia_u003,turkey_modern_0015,1.0944312680382935
russia_u003,turkey_modern_0025,1.47953827749294
russia_u003,turkey_modern_0149,1.0102394377329997
russia_u003,turkey_modern_0002,1.6001184663853851
russia_u003,turkey_modern_0057,0.89151042755898
russia_u003,turkey_modern_0139,1.3850438126143034
russia_u003,turkey_modern_0053,1.6555107137845306
russia_u003,turkey_modern_0127,1.4882497159897636
russia_u003,india_saraga_0054,0.9125209923965343
russia_u003,india_saraga_0000,1.4035576539835435
russia_u003,india_saraga_0033,0.7294294997234645
russia_u003,india_saraga_0098,0.5285228572599426
russia_u003,india_saraga_0048,1.5183653485205488
russia_u003,india_saraga_0046,1.5408123055627485
russia_u003,india_saraga_0079,0.4809567675360567
russia_u003,india_saraga_0063,1.7295232687244644
russia_u004,russia_0021,1.0842988394565731
russia_u004,russia_0024,0.61664281526194
russia_u004,russia_0049,1.3188290593201972
russia_u004,russia_0027,0.8682509215729907
russia_u004,russia_0026,1.9870006134638059
russia_u004,great_britain_0050,0.8024813253231609
russia_u004,great_britain_0026,1.7239852699378118
russia_u004,great_britain_0102,1.7619420974538003
russia_u004,great_britain_0017,1.676928497495123
russia_u004,great_britain_0054,1.2594795449033354
russia_u004,great_britain_0082,0.8110278053809866
russia_u004,great_britain_0006,1.5397988600245984
russia_u004,great_britain_0040,1.3971537646308194
russia_u004,france_0102,1.7691772685178544
russia_u004,france_0079,0.9592902098769218
russia_u004,france_0070,0.5293367988764222
russia_u004,france_0047,1.7978215439325775
russia_u004,france_0103,1.581655913242482
russia_u004,france_0029,0.7490110792030413
russia_u004,france_0023,1.4295976189645327
russia_u004,france_0077,0.45093173633745054
russia_u005,russia_0060,1.9485805111832204
russia_u005,russia_0023,1.2921952562668555
russia_u005,russia_0010,1.2266347011901695
russia_u005,russia_0068,1.077911250973131
russia_u005,russia_0038,1.2081845794413524
russia_u005,russia_0022,1.99049474159155
russia_u005,modern_english_pop_0083,1.3970254336450787
russia_u005,modern_english_pop_0112,0.787336892381328
russia_u005,modern_english_pop_0031,1.4105724235867128
russia_u005,modern_english_pop_0066,0.9621838791539893
russia_u005,modern_english_pop_0039,1.2029928844994713
russia_u005,modern_english_pop_0037,0.9499985182386175
russia_u005,modern_english_pop_0053,1.1541996263958842
russia_u005,modern_english_pop_0081,1.4352352583749355
russia_u005,india_saraga_0088,1.4370263783376735
russia_u005,india_saraga_0066,1.466796482056478
russia_u005,india_saraga_0104,0.9779023739117647
russia_u005,india_saraga_0095,1.3821688479330279
russia_u005,india_saraga_0041,0.7722607024535616
russia_u005,india_saraga_0067,1.0945283675668185
russia_u005,india_saraga_0100,1.2371943376844232
russia_u005,india_saraga_0018,1.3767509528172346
russia_u006,russia_0094,1.187742772177623
russia_u006,russia_0102,1.3142135898591536
russia_u006,russia_0007,1.5744294735982383
russia_u006,russia_0081,1.437284542675199
russia_u006,russia_0029,0.7612119461282719
russia_u006,russia_0071,1.161454555663774
russia_u006,russia_0093,1.2239337333378117
russia_u006,russia_0077,1.794447289820084
russia_u006,russia_0101,1.149238845513159
russia_u006,russia_0035,0.5887237818835002
russia_u006,russia_0000,0.7204806752443217
russia_u006,russia_0086,1.4323222709986465
russia_u006,russia_0008,0.9001547448698393
russia_u006,russia_0096,1.4282236594566764
russia_u006,russia_0069,1.565504266848561
russia_u006,russia_0037,2.1851803819321365
russia_u006,russia_0052,1.705875369501714
russia_u006,russia_0002,0.6285452465426714
russia_u006,russia_0099,1.2317601440413566
russia_u006,russia_0090,1.9437132745981538
russia_u006,russia_0098,1.024470236582626
russia_u006,russia_0079,2.1705785483379154
russia_u006,russia_0059,1.4875434722722751
russia_u006,russia_0097,0.734472268393305
russia_u006,turkey_modern_0043,0.7762552292433784
russia_u006,turkey_modern_0056,1.6735039187696943
russia_u006,turkey_modern_0029,1.7884706640859933
russia_u006,turkey_modern_0083,1.6150714549659273
russia_u006,turkey_modern_0065,0.8829135242800937
russia_u006,turkey_modern_0147,1.487905666888633
russia_u006,turkey_modern_0109,0.7500073188549452
russia_u006,turkey_modern_0146,0.9691050880549724
russia_u006,modern_english_pop_0089,1.3911769736109414
russia_u006,modern_english_pop_0081,1.7580168078991583
russia_u006,modern_english_pop_0084,1.0429176736548997
russia_u006,modern_english_pop_0059,1.1193791683950043
russia_u006,modern_english_pop_0053,0.7472275140839235
russia_u006,modern_english_pop_0006,0.9943507027116429
russia_u006,modern_english_pop_0083,0.5350751203891199
russia_u006,modern_english_pop_0063,1.6090909590962323
russia_u007,russia_0061,0.6627948246157456
russia_u007,russia_0003,1.2718684558964866
russia_u007,russia_0065,1.9210496851428667
russia_u007,russia_0064,1.8580803405570532
russia_u007,russia_0042,2.044049383077157
russia_u007,russia_0013,1.850448327320832
russia_u007,russia_0032,2.2087339573165354
russia_u007,russia_0046,1.4344977329788289
russia_u007,russia_0041,1.651899968571927
russia_u007,russia_0054,2.0372924335163907
russia_u007,russia_0039,1.7854168885021988
russia_u007,russia_0011,0.7510478400570793
russia_u007,russia_0053,1.2080688807260154
russia_u007,russia_0004,1.5282191271224792
russia_u007,russia_0043,1.876887763161206
russia_u007,russia_0015,1.512654056212039
russia_u007,russia_0014,1.916272441387041
russia_u007,russia_0031,2.019876346898516
russia_u007,russia_0063,1.0323462662591871
russia_u007,russia_0018,1.6377693487046456
russia_u007,india_saraga_0083,1.2020990095990571
russia_u007,india_saraga_0025,0.7568782910840715
russia_u007,india_saraga_0002,1.1113354204697226
russia_u007,india_saraga_0036,1.1905671841677685
russia_u007,india_saraga_0098,1.553408831527917
russia_u007,india_saraga_0088,1.0723356557670785
russia_u007,india_saraga_0054,0.5592365763425318
russia_u007,india_saraga_0004,1.1078495436134799
russia_u007,china_jingju_0066,1.5812337749081842
russia_u007,china_jingju_0002,1.2211948606421867
russia_u007,china_jingju_0052,0.8804680573979942
russia_u007,china_jingju_0057,1.693310779778749
russia_u007,china_jingju_0024,0.6601293692451834
russia_u007,china_jingju_0008,0.8912848308659581
russia_u007,china_jingju_0019,1.040131832349933
russia_u007,china_jingju_0049,1.4462701486999332
russia_u008,russia_0021,1.4720813586428754
russia_u008,russia_0049,0.7244166615836757
russia_u008,russia_0024,1.0372276002941363
russia_u008,russia_0027,1.134002809866567
russia_u008,russia_0026,1.1288331951842616
russia_u008,germany_0019,1.634858211782923
russia_u008,germany_0011,1.343749217433356
russia_u008,germany_0009,1.4421383257981661
russia_u008,germany_0076,0.46831961999954463
russia_u008,germany_0066,1.0271412039965828
russia_u008,germany_0068,0.8790578478884613
russia_u008,germany_0054,1.6000992930242346
russia_u008,germany_0063,1.7377240327917998
russia_u008,italy_0048,1.021510146942457
russia_u008,italy_0015,1.7636318296712532
russia_u008,italy_0056,0.46938492545908694
russia_u008,italy_0061,0.8897211956816178
russia_u008,italy_0060,1.4961570902054324
russia_u008,italy_0063,0.9361345011412946
russia_u008,italy_0020,1.693299146010187
russia_u008,italy_0064,0.7449276048724762
russia_u009,russia_0025,2.141313462442567
russia_u009,russia_0067,2.213817633206239
russia_u009,russia_0033,0.5792460589073648
russia_u009,russia_0040,1.3647367638162338
russia_u009,russia_0012,1.288842846911704
russia_u009,russia_0055,2.0272487889611486
russia_u009,russia_0017,1.5077447450326384
russia_u009,russia_0005,1.6296054356396876
russia_u009,russia_0062,0.9243228553240787
russia_u009,russia_0045,0.7079365522949645
russia_u009,indonesia_gamelan_0016,1.384646981196544
russia_u009,indonesia_gamelan_0005,1.2879125891587284
russia_u009,indonesia_gamelan_0031,1.5736437908774252
russia_u009,indonesia_gamelan_0053,1.5903226540467748
russia_u009,indonesia_gamelan_0035,1.3018976198634644
russia_u009,indonesia_gamelan_0011,1.176787866982889
russia_u009,indonesia_gamelan_0034,1.683911163165999
russia_u009,indonesia_gamelan_0050,1.5317065834006285
russia_u009,italy_0009,1.6412737432062305
russia_u009,italy_0030,1.7943852126698903
russia_u009,italy_0046,0.9947328134847918
russia_u010,russia_0068,1.2043544461009308
russia_u010,russia_0010,0.7384045046396513
russia_u010,russia_0022,1.542603610510216
russia_u010,russia_0038,2.226311554203459
russia_u010,russia_0023,1.7082419159291824
russia_u010,russia_0060,1.6549804399265913
russia_u010,modern_english_pop_0063,0.8255141535282368
russia_u010,modern_english_pop_0117,1.7069941241412143
russia_u010,modern_english_pop_0081,1.0865719594471879
russia_u010,modern_english_pop_0020,0.8104527716118559
russia_u010,modern_english_pop_0116,1.7833949735845602
russia_u010,modern_english_pop_0023,1.021217310622898
russia_u010,modern_english_pop_0085,0.9515236262528846
russia_u010,modern_english_pop_0079,0.49719771085342646
russia_u010,italy_0102,0.6906982137453215
russia_u010,italy_0039,1.5424083293475785
russia_u010,italy_0036,1.1016383912129029
russia_u010,italy_0041,1.7390808813490113
russia_u010,italy_0029,0.5632458343518347
russia_u010,italy_0026,1.281523647237883
russia_u010,italy_0095,1.4219785991834757
russia_u010,italy_0079,1.2885972207272147
russia_u011,russia_0019,1.241387659841022
russia_u011,russia_0047,1.164749109346284
russia_u011,russia_0016,1.2449782173565147
russia_u011,russia_0048,0.5941780504608092
russia_u011,russia_0044,2.1037996525097333
russia_u011,russia_0020,2.2609232255989915
russia_u011,russia_0066,2.0628059301928383
russia_u011,india_saraga_0100,0.45775206997322626
russia_u011,india_saraga_0018,1.4636954880377397
russia_u011,india_saraga_0048,1.2236852329920633
russia_u011,india_saraga_0080,0.5771361298604629
russia_u011,india_saraga_0025,1.7093598320874568
russia_u011,india_saraga_0020,1.4978931244505598
russia_u011,india_saraga_0101,0.6461499867049264
russia_u011,india_saraga_0032,1.7514559300862198
russia_u011,france_0053,0.6203683162943642
russia_u011,france_0004,1.0638178359875328
russia_u011,france_0083,0.6646172390898836
russia_u011,france_0097,0.652757573328171
russia_u011,france_0042,1.7565377468057237
russia_u011,france_0033,1.2223657548796591
russia_u011,france_0085,0.7998861388855534
russia_u011,france_0101,1.49813915066982
russia_u012,russia_0033,1.343087368171339
russia_u012,russia_0025,2.116192368685513
russia_u012,russia_0055,1.8472700973530007
russia_u012,russia_0017,0.9535394314959278
russia_u012,russia_0045,1.7086122065000748
russia_u012,russia_0012,0.8031404244188094
russia_u012,russia_0005,0.9097601720449469
russia_u012,russia_0040,1.8069074402634493
russia_u012,russia_0067,0.7921609714810732
russia_u012,russia_0062,1.0583345661149368
russia_u012,modern_english_pop_0113,1.662381361777778
russia_u012,modern_english_pop_0032,1.4467258956800868
russia_u012,modern_english_pop_0018,1.704770348815377
russia_u012,modern_english_pop_0058,1.6404750116476245
russia_u012,modern_english_pop_0016,0.871982219666672
russia_u012,modern_english_pop_0070,1.3037095365493994
russia_u012,modern_english_pop_0009,0.9612391654643939
russia_u012,modern_english_pop_0105,1.391090847695248
russia_u012,china_jingju_0022,0.9204169792287326
russia_u012,china_jingju_0077,0.4517784520380799
russia_u012,china_jingju_0038,0.5768165904819105
russia_u012,china_jingju_0080,1.490866640400745
russia_u012,china_jingju_0052,0.5634070804425524
russia_u012,china_jingju_0002,1.2592206223743274
russia_u012,china_jingju_0030,1.6080009916849098
russia_u012,china_jingju_0044,1.4504866697368521
russia_u013,russia_0066,0.7915118001818473
russia_u013,russia_0044,0.8678110697079919
russia_u013,russia_0020,1.6349468209088653
russia_u013,russia_0016,1.1559308230968721
russia_u013,russia_0047,1.7890171761213194
russia_u013,russia_0048,1.7569000260696357
russia_u013,russia_0019,1.64731863319001
russia_u013,india_saraga_0042,1.436229730666329
russia_u013,india_saraga_0071,1.5218125748959461
russia_u013,india_saraga_0028,1.6804214313369625
russia_u013,india_saraga_0011,0.5586963698003762
russia_u013,india_saraga_0012,1.2215911699509072
russia_u013,india_saraga_0085,1.4608487253875413
russia_u013,india_saraga_0049,0.7428709665043344
russia_u013,india_saraga_0075,0.805888543018877
russia_u013,great_britain_0074,0.8104018648528182
russia_u013,great_britain_0066,1.2226495114905997
russia_u013,great_britain_0049,0.9443302674286407
russia_u013,great_britain_0035,1.3492278991641589
russia_u013,great_britain_0064,1.273823570656714
russia_u013,great_britain_0043,1.3371009746891156
russia_u013,great_britain_0069,0.7906287826924556
russia_u013,great_britain_0065,1.4859513573610457
russia_u014,russia_0020,1.112285837614428
russia_u014,russia_0047,0.7359550992545735
russia_u014,russia_0016,1.8958347264263817
russia_u014,russia_0044,1.7911560150376657
russia_u014,russia_0048,2.0993475744156576
russia_u014,russia_0019,2.113828935879039
russia_u014,russia_0066,1.055456978403221
russia_u014,indonesia_fma_0016,1.315839746544057
russia_u014,indonesia_fma_0009,1.7988160448321893
russia_u014,indonesia_fma_0000,0.7791388404224473
russia_u014,indonesia_fma_0001,1.0883835025541344
russia_u014,indonesia_fma_0005,1.6787245922646865
russia_u014,indonesia_fma_0011,0.589157516060905
russia_u014,indonesia_fma_0014,1.7031373617008632
russia_u014,indonesia_fma_0006,1.1090100526583981
russia_u014,modern_english_pop_0024,1.6556050645722022
russia_u014,modern_english_pop_0082,1.2888514046162882
russia_u014,modern_english_pop_0080,1.3564379884811557
russia_u014,modern_english_pop_0088,1.4935307644277909
russia_u014,modern_english_pop_0032,0.5406337241786269
russia_u014,modern_english_pop_0027,1.2974872577035133
russia_u014,modern_english_pop_0077,1.6973152804420093
russia_u014,modern_english_pop_0099,1.740767027345942
russia_u015,russia_0068,2.149781298446216
russia_u015,russia_0010,1.6331284088169815
russia_u015,russia_0060,1.1953282087010615
russia_u015,russia_0023,2.273505090138558
russia_u015,russia_0022,2.219260505413476
russia_u015,russia_0038,1.9181112809083702
russia_u015,modern_english_pop_0117,1.518772961843507
russia_u015,modern_english_pop_0035,1.7693146775580613
russia_u015,modern_english_pop_0037,1.2606159005639466
russia_u015,modern_english_pop_0072,1.6380267965980035
russia_u015,modern_english_pop_0036,0.5375174251049875
russia_u015,modern_english_pop_0071,1.1979844012633352
russia_u015,modern_english_pop_0010,1.1283970582822382
russia_u015,modern_english_pop_0103,0.5009272139981461
russia_u015,france_0076,0.5673851801875797
russia_u015,france_0027,0.4794825474227788
russia_u015,france_0025,0.8469202560567026
russia_u015,france_0056,0.5222401598469731
russia_u015,france_0010,1.0212655744270822
russia_u015,france_0061,1.5472076553534386
russia_u015,france_0075,1.2786702413892517
russia_u015,france_0052,1.3596163816004567
russia_u016,russia_0018,2.1541759789849197
russia_u016,russia_0061,0.8104698174917295
russia_u016,russia_0041,1.7039503267701523
russia_u016,russia_0015,0.9171846992124041
russia_u016,russia_0032,1.0527706710774731
russia_u016,russia_0003,1.4768700910969585
russia_u016,russia_0042,1.8549280391008982
russia_u016,russia_0046,1.819577277987199
russia_u016,russia_0064,2.0748173648758996
russia_u016,russia_0039,1.5397491199183626
russia_u016,russia_0013,2.172941077097015
russia_u016,russia_0031,2.106607827560063
russia_u016,russia_0043,2.039624169353846
russia_u016,russia_0063,0.9709221859625023
russia_u016,russia_0053,1.491747788247914
russia_u016,russia_0054,1.8450081299001702
russia_u016,russia_0065,2.258776826031917
russia_u016,russia_0004,0.5950915471965151
russia_u016,russia_0011,1.1392725710552951
russia_u016,russia_0014,1.1655541857105887
russia_u016,china_ctis_0061,0.8395216692055067
russia_u016,china_ctis_0049,1.553522804679976
russia_u016,china_ctis_0006,0.5108464394685954
russia_u016,china_ctis_0017,0.9352369125114255
russia_u016,china_ctis_0054,1.4107742211726475
russia_u016,china_ctis_0004,0.9990986207944276
russia_u016,china_ctis_0050,0.6444858379845367
russia_u016,china_ctis_0037,1.274650838224768
russia_u016,indonesia_gamelan_0022,1.1555238191313855
russia_u016,indonesia_gamelan_0053,1.7754824287564228
russia_u016,indonesia_gamelan_0016,1.4605103958136325
russia_u016,indonesia_gamelan_0035,1.7813375835916734
russia_u016,indonesia_gamelan_0052,0.7015760655066023
russia_u016,indonesia_gamelan_0007,1.4781532625251683
russia_u016,indonesia_gamelan_0037,1.1947115965948876
russia_u016,indonesia_gamelan_0015,1.4118878239216437
russia_u017,russia_0095,1.3684400438210795
russia_u017,russia_0009,0.911692495565715
russia_u017,russia_0100,1.5051544313398795
russia_u017,russia_0070,1.3697047821705666
russia_u017,russia_0103,2.2181015038323233
russia_u017,russia_0028,0.7274443967349585
russia_u017,russia_0088,1.5698627832632495
russia_u017,russia_0081,1.8176893266358718
russia_u017,russia_0079,0.795156590621352
russia_u017,russia_0080,1.6728971703815176
russia_u017,russia_0075,2.0658123684429497
russia_u017,russia_0091,1.933533484913569
russia_u017,russia_0008,2.1881694409901247
russia_u017,russia_0090,1.8180103268781298
russia_u017,russia_0074,1.2546272811847474
russia_u017,russia_0093,2.1627786384191485
russia_u017,russia_0076,0.9637404241355312
russia_u017,russia_0051,1.5818864304556493
russia_u017,russia_0082,1.8957599552883044
russia_u017,russia_0001,2.0796850130672015
russia_u017,russia_0085,2.156035176136995
russia_u017,russia_0104,0.7215829953570764
russia_u017,russia_0071,1.8274520673084866
russia_u017,russia_0096,0.9270799061857515
russia_u017,indonesia_gamelan_0044,1.501811246007248
russia_u017,indonesia_gamelan_0003,1.3959311381103718
russia_u017,indonesia_gamelan_0017,0.6948256841104189
russia_u017,indonesia_gamelan_0051,1.5743207327663633
russia_u017,indonesia_gamelan_0014,1.0734148854250583
russia_u017,indonesia_gamelan_0002,1.184205805066409
russia_u017,indonesia_gamelan_0052,1.7613950672836802
russia_u017,indonesia_gamelan_0005,1.3364445431510534
russia_u017,india_saraga_0080,1.2445602457834495
russia_u017,india_saraga_0052,0.47262974269108643
russia_u017,india_saraga_0069,0.7189400273768184
russia_u017,india_saraga_0053,0.485863318417416
russia_u017,india_saraga_0016,0.8999717747168018
russia_u017,india_saraga_0001,0.9150862765868871
russia_u017,india_saraga_0067,1.1659455950289894
russia_u017,india_saraga_0019,1.3811874034398983
russia_u018,russia_0061,1.1928735629768397
russia_u018,russia_0031,1.3769857071922957
russia_u018,russia_0004,2.2263995434995447
russia_u018,russia_0018,2.119227581019506
russia_u018,russia_0015,0.9047950524191872
russia_u018,russia_0054,1.0481741116202767
russia_u018,russia_0046,1.2036253958994017
russia_u018,russia_0013,2.092739587348234
russia_u018,russia_0065,2.1747948630193306
russia_u018,russia_0041,1.9590369153844835
russia_u018,russia_0042,1.0505970694539521
russia_u018,russia_0032,2.1051867914457745
russia_u018,russia_0011,0.6317199422477048
russia_u018,russia_0003,1.3043360045361436
russia_u018,russia_0039,1.2264093907722473
russia_u018,russia_0053,1.4982883201853896
russia_u018,russia_0043,1.5421049612300797
russia_u018,russia_0064,0.9638227398049665
russia_u018,russia_0014,0.9278585873054292
russia_u018,russia_0063,1.9611523708414675
russia_u018,modern_english_pop_0016,0.5528656770837889
russia_u018,modern_english_pop_0019,1.1159361592137613
russia_u018,modern_english_pop_0110,0.7087226489068665
russia_u018,modern_english_pop_0025,0.8814157539133199
russia_u018,modern_english_pop_0084,0.824347465882211
russia_u018,modern_english_pop_0088,1.4065050050287253
russia_u018,modern_english_pop_0087,1.0656278144476417
russia_u018,modern_english_pop_0092,0.8542464765022401
russia_u018,france_0020,1.572325197273277
russia_u018,france_0034,0.5658234407425827
russia_u018,france_0099,1.4845868713894144
russia_u018,france_0038,0.785222223165402
russia_u018,france_0067,1.6893259505461566
russia_u018,france_0048,0.45750476524889094
russia_u018,france_0037,1.2014955054351082
russia_u018,france_0087,1.2900577284372516
russia_u019,russia_0072,2.1432552610644455
russia_u019,russia_0093,1.4031021593990012
russia_u019,russia_0103,1.8953960458988635
russia_u019,russia_0001,2.038163161170695
russia_u019,russia_0076,0.7445288801441261
russia_u019,russia_0069,1.335459880879522
russia_u019,russia_0085,2.116662568496238
russia_u019,russia_0104,1.3071853896014678
russia_u019,russia_0094,1.5498911277687395
russia_u019,russia_0006,2.081104309090512
russia_u019,russia_0092,0.9762239370398923
russia_u019,russia_0084,2.118153368370474
russia_u019,russia_0002,1.2598740265520865
russia_u019,russia_0009,1.5979824919368872
russia_u019,russia_0056,1.1408681065635966
russia_u019,russia_0081,1.4842803677352927
russia_u019,russia_0070,0.6600180102138168
russia_u019,russia_0098,0.6875734572868668
russia_u019,russia_0086,1.290396764342335
russia_u019,russia_0051,1.1527920679229227
russia_u019,russia_0083,1.6372408727245615
russia_u019,russia_0057,0.6403950381505658
russia_u019,russia_0073,0.8642284552961376
russia_u019,russia_0099,0.9365460173669914
russia_u019,india_saraga_0081,1.0446638875152305
russia_u019,india_saraga_0099,0.7832269292115863
russia_u019,india_saraga_0036,0.6358446258404363
russia_u019,india_saraga_0000,1.2567244596062912
russia_u019,india_saraga_0051,1.4542271700343496
russia_u019,india_saraga_0086,1.3751118901762494
russia_u019,india_saraga_0104,0.8228431285571537
russia_u019,india_saraga_0059,1.6035005290954014
russia_u019,italy_0015,1.275959942226993
russia_u019,italy_0063,1.279800046360022
russia_u019,italy_0018,0.7373454098172173
russia_u019,italy_0060,0.7769873979038073
russia_u019,italy_0016,1.0909127935414416
russia_u019,italy_0017,0.7710583919047891
russia_u019,italy_0061,1.3789049442552583
russia_u019,italy_0032,0.8665485915452736
russia_u020,russia_0049,1.764424940944574
russia_u020,russia_0026,1.5442828981057002
russia_u020,russia_0024,1.990509457425084
russia_u020,russia_0021,2.0436106810329915
russia_u020,russia_0027,1.3642086410070946
russia_u020,indonesia_fma_0009,1.7950032275236256
russia_u020,indonesia_fma_0016,0.9327329185127948
russia_u020,indonesia_fma_0019,0.6815354849380777
russia_u020,indonesia_fma_0006,1.5920681982118536
russia_u020,indonesia_fma_0003,1.0110198774050958
russia_u020,indonesia_fma_0007,1.6305745291586293
russia_u020,indonesia_fma_0010,0.5325745650620455
russia_u020,indonesia_fma_0015,0.5999203505339662
russia_u020,france_0057,0.5043680926523493
russia_u020,france_0010,1.2627147964082537
russia_u020,france_0007,1.5730166445072746
russia_u020,france_0028,0.9935920578717069
russia_u020,france_0027,0.572438857055882
russia_u020,france_0036,0.9541829170317871
russia_u020,france_0072,0.9198622786586355
russia_u020,france_0005,1.3186870984315548
russia_u021,russia_0083,1.9765360682792619
russia_u021,russia_0075,1.3166769131879825
russia_u021,russia_0001,1.8832883870779866
russia_u021,russia_0092,1.7920321508218489
russia_u021,russia_0080,1.3631737474085412
russia_u021,russia_0058,1.1326624591688965
russia_u021,russia_0102,1.8282815026947195
russia_u021,russia_0057,1.2113842705986801
russia_u021,russia_0074,0.868400259106924
russia_u021,russia_0029,1.1284887811357645
russia_u021,russia_0034,2.087547607800883
russia_u021,russia_0104,1.0638462184369901
russia_u021,russia_0008,0.9803069226071697
russia_u021,russia_0096,0.8051496220102197
russia_u021,russia_0050,0.6701817818793239
russia_u021,russia_0087,2.2597943109943643
russia_u021,russia_0073,1.500940027024553
russia_u021,russia_0000,1.8336366945707032
russia_u021,russia_0052,1.9083791958485163
russia_u021,russia_0071,1.1827468158928152
russia_u021,russia_0081,1.9531126950281061
russia_u021,russia_0037,2.233560321624584
russia_u021,russia_0051,1.8545391916649212
russia_u021,russia_0070,1.8027396434932936
russia_u021,germany_0044,1.0335156118857272
russia_u021,germany_0063,1.5857821698418728
russia_u021,germany_0046,0.5699304564165221
russia_u021,germany_0068,1.4620730115266305
russia_u021,germany_0076,0.9386912818928571
russia_u021,germany_0066,1.2140647863270182
russia_u021,germany_0006,1.655501089360987
russia_u021,germany_0011,1.2667764059385416
russia_u021,indonesia_fma_0014,0.4845350659893292
russia_u021,indonesia_fma_0001,1.42551654145618
russia_u021,indonesia_fma_0015,1.7041830833749132
russia_u021,indonesia_fma_0007,1.316716126169255
russia_u021,indonesia_fma_0003,1.6129171045704245
russia_u021,indonesia_fma_0000,1.5641492697116113
russia_u021,indonesia_fma_0012,1.6127445820283495
russia_u021,indonesia_fma_0002,0.9145355436345711
russia_u022,russia_0033,1.326235428176758
russia_u022,russia_0012,2.1165501522210395
russia_u022,russia_0040,1.2309466319333684
russia_u022,russia_0025,2.065968525192836
russia_u022,russia_0067,0.629450574758612
russia_u022,russia_0055,1.173972250646251
russia_u022,russia_0062,2.0499931245842156
russia_u022,russia_0005,2.129758993543216
russia_u022,russia_0045,1.8798314711051594
russia_u022,russia_0017,1.7305185341450835
russia_u022,india_saraga_0024,1.550931627774104
russia_u022,india_saraga_0030,1.4052035540998749
russia_u022,india_saraga_0091,0.7931982885279908
russia_u022,india_saraga_0075,1.0794198159380666
russia_u022,india_saraga_0107,1.3419517471463154
russia_u022,india_saraga_0011,1.243533722109711
russia_u022,india_saraga_0036,1.6448817696161315
russia_u022,india_saraga_0088,1.0896902645235684
russia_u022,modern_english_pop_0110,0.6902829603313285
russia_u022,modern_english_pop_0101,0.7396857505073902
russia_u022,modern_english_pop_0031,1.5921763544600425
russia_u022,modern_english_pop_0075,0.4617732882012013
russia_u022,modern_english_pop_0050,1.6233259886957256
russia_u022,modern_english_pop_0052,0.5250439155653794
russia_u022,modern_english_pop_0035,0.9787389319206973
russia_u022,modern_english_pop_0039,1.5302379070515992
russia_u023,russia_0086,1.655039691389962
russia_u023,russia_0057,0.7307679256796545
russia_u023,russia_0093,1.2076747154878342
russia_u023,russia_0075,1.5178736769872745
russia_u023,russia_0096,1.1359655596743554
russia_u023,russia_0091,1.8865707762918746
russia_u023,russia_0085,1.1233735584698608
russia_u023,russia_0009,2.004480200672743
russia_u023,russia_0058,0.8281156686930594
russia_u023,russia_0099,1.902202174600634
russia_u023,russia_0002,0.8914778853544508
russia_u023,russia_0076,1.4858263587109801
russia_u023,russia_0079,1.1279045433627666
russia_u023,russia_0051,1.674401902060393
russia_u023,russia_0035,0.9419772069767555
russia_u023,russia_0077,1.9470817900320148
russia_u023,russia_0071,1.5644321694821093
russia_u023,russia_0095,2.2262961908098626
russia_u023,russia_0006,1.802803817379746
russia_u023,russia_0070,1.622757305643108
russia_u023,russia_0094,2.0052987410199385
russia_u023,russia_0092,0.9539524293890647
russia_u023,russia_0007,1.6664807449911887
russia_u023,russia_0036,1.2484466405511192
russia_u023,great_britain_0068,1.4541178218476918
russia_u023,great_britain_0084,0.4830337028132089
russia_u023,great_britain_0008,1.0274113303113341
russia_u023,great_britain_0018,1.3297975674744411
russia_u023,great_britain_0093,1.0718631041969164
russia_u023,italy_0060,0.7712616542135637
russia_u023,italy_0016,1.0768714897672385
russia_u023,italy_0064,1.5971551094108605
russia_u023,italy_0018,0.7292326733524783
russia_u023,italy_0063,0.9456824209000184
russia_u023,italy_0048,1.7869529540251723
russia_u023,italy_0055,1.6823031780021067
russia_u023,italy_0013,0.49585726187098517
turkey_u000,turkey_modern_0085,1.9520664000870473
turkey_u000,turkey_modern_0120,1.1257907129134188
turkey_u000,turkey_modern_0037,1.185221841360131
turkey_u000,turkey_modern_0020,1.6599780378977982
turkey_u000,turkey_modern_0124,0.8287372378601802
turkey_u000,turkey_modern_0108,0.7789133017711548
turkey_u000,turkey_modern_0081,1.005914104756007
turkey_u000,turkey_modern_0073,1.8536730607236287
turkey_u000,turkey_modern_0058,1.207383665559935
turkey_u000,turkey_modern_0093,1.4501929323493452
turkey_u000,turkey_modern_0070,0.9121522104929938
turkey_u000,turkey_modern_0113,0.9098322761780114
turkey_u000,turkey_modern_0040,1.6970284221800471
turkey_u000,turkey_modern_0017,0.7619473094730826
turkey_u000,turkey_modern_0078,1.7270252544483005
turkey_u000,turkey_modern_0027,1.266210695301863
turkey_u000,turkey_modern_0005,1.7329423259904038
turkey_u000,turkey_modern_0030,1.233483347851718
turkey_u000,turkey_modern_0038,2.034440016795384
turkey_u000,turkey_modern_0056,0.6708343918970036
turkey_u000,turkey_modern_0043,2.115937862876005
turkey_u000,turkey_modern_0008,1.0384405307357143
turkey_u000,turkey_modern_0091,0.6483853121904558
turkey_u000,turkey_modern_0082,1.5451476277467648
turkey_u000,indonesia_fma_0000,0.7528782110144802
turkey_u000,indonesia_fma_0019,1.0699242162985616
turkey_u000,indonesia_fma_0004,1.53312417818384
turkey_u000,indonesia_fma_0011,1.5185881270100048
turkey_u000,indonesia_fma_0007,1.26052058198261
turkey_u000,indonesia_fma_0013,1.7701270766878239
turkey_u000,indonesia_fma_0009,1.0760639785820958
turkey_u000,indonesia_fma_0015,0.503174326978998
turkey_u000,modern_english_pop_0056,1.5562239522441395
turkey_u000,modern_english_pop_0035,0.7487467245767621
turkey_u000,modern_english_pop_0004,0.687922392145983
turkey_u000,modern_english_pop_0108,0.5445133946547637
turkey_u000,modern_english_pop_0110,0.8926649239121625
turkey_u000,modern_english_pop_0066,0.8903146055231538
turkey_u000,modern_english_pop_0038,0.8587415681547107
turkey_u000,modern_english_pop_0032,1.2508104686877148
turkey_u001,turkey_modern_0094,1.4481588643829517
turkey_u001,turkey_modern_0065,0.6422569073879251
turkey_u001,turkey_modern_0015,2.1490738419695044
turkey_u001,turkey_modern_0147,1.740050269671548
turkey_u001,turkey_modern_0078,1.6494598046482367
turkey_u001,turkey_modern_0092,1.8388888717018903
turkey_u001,turkey_modern_0012,1.0654672779099037
turkey_u001,turkey_modern_0115,1.616658963597604
turkey_u001,turkey_modern_0013,1.9565902954490477
turkey_u001,turkey_modern_0050,0.7307579171145107
turkey_u001,turkey_modern_0143,2.2289591340257657
turkey_u001,turkey_modern_0086,2.1135047343147733
turkey_u001,turkey_modern_0058,2.236207488488219
turkey_u001,turkey_modern_0042,1.9694011780795173
turkey_u001,turkey_modern_0119,1.0826866344578274
turkey_u001,turkey_modern_0131,1.5781831816697787
turkey_u001,turkey_modern_0110,0.7822801783612378
turkey_u001,turkey_modern_0096,1.8759376121239464
turkey_u001,turkey_modern_0019,0.8400284238376036
turkey_u001,turkey_modern_0128,2.0702712877443004
turkey_u001,turkey_modern_0076,0.9899607430845994
turkey_u001,turkey_modern_0031,0.8517105400630499
turkey_u001,turkey_modern_0141,0.6973100273669276
turkey_u001,turkey_modern_0037,1.8021048458876499
turkey_u001,italy_0015,0.7013750988217815
turkey_u001,italy_0064,0.7168515462833219
turkey_u001,italy_0063,0.6790904152147507
turkey_u001,italy_0061,0.8628234153324673
turkey_u001,italy_0032,1.7206354360733316
turkey_u001,italy_0017,1.106939265197835
turkey_u001,italy_0020,0.8021852180627851
turkey_u001,italy_0048,0.6800275256010195
turkey_u001,russia_0024,0.47551691660234136
turkey_u001,russia_0021,0.9427400735422691
turkey_u001,russia_0049,0.5985829902052109
turkey_u001,russia_0026,0.4864661941533695
turkey_u001,russia_0027,0.5890226030133745
turkey_u002,turkey_modern_0118,2.0162015403055387
turkey_u002,turkey_modern_0022,1.6760146212679783
turkey_u002,turkey_modern_0096,1.0721703869707226
turkey_u002,turkey_modern_0140,1.606417650443976
turkey_u002,turkey_modern_0025,2.0696462971701144
turkey_u002,turkey_modern_0110,1.2037331069529966
turkey_u002,turkey_modern_0054,1.8454119946293026
turkey_u002,turkey_modern_0018,1.2923118911505902
turkey_u002,turkey_modern_0130,1.511801611167912
turkey_u002,turkey_modern_0119,1.8406325479519585
turkey_u002,turkey_modern_0146,0.6794097155094807
turkey_u002,turkey_modern_0089,1.359787926039417
turkey_u002,turkey_modern_0037,0.7392433150872686
turkey_u002,turkey_modern_0111,1.8256345642143608
turkey_u002,turkey_modern_0072,1.6234658074443649
turkey_u002,turkey_modern_0006,1.1389536641715052
turkey_u002,turkey_modern_0122,0.7065856106026411
turkey_u002,turkey_modern_0117,2.172009247001608
turkey_u002,turkey_modern_0008,1.118381417944717
turkey_u002,turkey_modern_0094,1.0500249410093767
turkey_u002,turkey_modern_0023,0.7492335748328317
turkey_u002,turkey_modern_0142,1.570934285691601
turkey_u002,turkey_modern_0129,1.0332522105470832
turkey_u002,turkey_modern_0083,2.028921566815317
turkey_u002,russia_0026,1.371735157896201
turkey_u002,russia_0027,0.45528512284269906
turkey_u002,russia_0024,1.2136607257491385
turkey_u002,russia_0021,0.7629768137066343
turkey_u002,russia_0049,0.4707456120375299
turkey_u002,germany_0015,1.286145670033052
turkey_u002,germany_0065,0.7266343862773261
turkey_u002,germany_0051,1.6645083434368595
turkey_u002,germany_0010,1.2240640002870045
turkey_u002,germany_0052,0.7323998981220489
turkey_u002,germany_0067,1.771822043577776
turkey_u002,germany_0061,1.187696114925006
turkey_u002,germany_0018,0.6733874323706066
turkey_u003,turkey_modern_0012,0.7574553118862715
turkey_u003,turkey_modern_0098,1.5758103445246228
turkey_u003,turkey_modern_0147,0.9603566998863716
turkey_u003,turkey_modern_0037,0.94611351879438
turkey_u003,turkey_modern_0011,1.636571877408645
turkey_u003,turkey_modern_0055,0.7886691331846466
turkey_u003,turkey_modern_0115,1.3853687767301335
turkey_u003,turkey_modern_0013,1.016292491603468
turkey_u003,turkey_modern_0054,2.0480162651959413
turkey_u003,turkey_modern_0061,1.5315025508350277
turkey_u003,turkey_modern_0080,0.9460627339262861
turkey_u003,turkey_modern_0022,2.173153250945114
turkey_u003,turkey_modern_0121,1.9944965149516467
turkey_u003,turkey_modern_0006,1.0326290973812011
turkey_u003,turkey_modern_0144,2.2328128159620926
turkey_u003,turkey_modern_0075,1.0368496320700296
turkey_u003,turkey_modern_0137,1.0798093855310342
turkey_u003,turkey_modern_0141,1.2407867861757416
turkey_u003,turkey_modern_0058,0.8592890052841289
turkey_u003,turkey_modern_0035,1.7601028392795246
turkey_u003,turkey_modern_0105,1.5364068870529441
turkey_u003,turkey_modern_0126,2.1179477806770675
turkey_u003,turkey_modern_0000,0.9905097642402697
turkey_u003,turkey_modern_0094,0.8686482793836188
turkey_u003,modern_english_pop_0098,0.9341415801173653
turkey_u003,modern_english_pop_0058,0.6472467227359198
turkey_u003,modern_english_pop_0059,1.7273038880249239
turkey_u003,modern_english_pop_0033,1.4185530407737015
turkey_u003,modern_english_pop_0101,1.5248587337763706
turkey_u003,modern_english_pop_0112,1.4598588915523192
turkey_u003,modern_english_pop_0013,0.7778058859431273
turkey_u003,modern_english_pop_0006,0.6398864613273193
turkey_u003,india_saraga_0091,1.029735337062756
turkey_u003,india_saraga_0037,1.5691758143955499
turkey_u003,india_saraga_0092,0.8961956936110375
turkey_u003,india_saraga_0023,0.46290997200822437
turkey_u003,india_saraga_0056,1.3410819478639853
turkey_u003,india_saraga_0068,0.7200851456517715
turkey_u003,india_saraga_0096,1.182827469228714
turkey_u003,india_saraga_0003,0.47008806753458543
turkey_u004,turkey_modern_0049,0.6751385817730032
turkey_u004,turkey_modern_0003,2.0946800206625524
turkey_u004,turkey_modern_0108,0.6496139009744355
turkey_u004,turkey_modern_0131,0.7955109441284345
turkey_u004,turkey_modern_0015,0.8858180413844077
turkey_u004,turkey_modern_0004,0.9597625991908941
turkey_u004,turkey_modern_0052,1.2680395752181872
turkey_u004,turkey_modern_0113,1.7057064618633047
turkey_u004,turkey_modern_0106,2.1147408337909166
turkey_u004,turkey_modern_0138,1.4797673474854194
turkey_u004,turkey_modern_0094,1.493544802961434
turkey_u004,turkey_modern_0053,1.1258012939632052
turkey_u004,turkey_modern_0086,1.9561737319275891
turkey_u004,turkey_modern_0032,0.7655887435038904
turkey_u004,turkey_modern_0012,1.0944029866353726
turkey_u004,turkey_modern_0102,0.7422929387000219
turkey_u004,turkey_modern_0031,0.9444619124752189
turkey_u004,turkey_modern_0005,1.586881397433727
turkey_u004,turkey_modern_0114,0.7922816692670736
turkey_u004,turkey_modern_0149,0.7485656968295749
turkey_u004,turkey_modern_0070,1.9996961497333043
turkey_u004,turkey_modern_0056,0.7790659959623868
turkey_u004,turkey_modern_0130,1.623892028598464
turkey_u004,turkey_modern_0092,1.1822192904924436
turkey_u004,great_britain_0017,1.6600956143979324
turkey_u004,great_britain_0082,1.4051925496910949
turkey_u004,great_britain_0044,0.5302308125426315
turkey_u004,great_britain_0092,1.6588819491875746
turkey_u004,great_britain_0026,1.0087635076236483
turkey_u004,great_britain_0040,0.8526070561285328
turkey_u004,great_britain_0054,1.3582557291098687
turkey_u004,great_britain_0006,1.419264793664183
turkey_u004,india_saraga_0072,0.8593885487756618
turkey_u004,india_saraga_0063,0.9247363370960113
turkey_u004,india_saraga_0105,0.6610461878340321
turkey_u004,india_saraga_0049,1.2511488124923853
turkey_u004,india_saraga_0053,1.7418272219976894
turkey_u004,india_saraga_0092,1.012443024163581
turkey_u004,india_saraga_0037,1.7948783451524866
turkey_u004,india_saraga_0035,0.688159716069383
turkey_u005,turkey_modern_0085,1.5081322638773396
turkey_u005,turkey_modern_0018,1.9594413035823028
turkey_u005,turkey_modern_0023,0.9463205225417215
turkey_u005,turkey_modern_0039,1.529764664388792
turkey_u005,turkey_modern_0132,1.1867596530284021
turkey_u005,turkey_modern_0053,1.8650793346772323
turkey_u005,turkey_modern_0083,1.786016691876175
turkey_u005,turkey_modern_0072,1.7804121567967965
turkey_u005,turkey_modern_0036,1.2267104056745812
turkey_u005,turkey_modern_0043,1.6087567976240744
turkey_u005,turkey_modern_0140,1.6981219418591647
turkey_u005,turkey_modern_0089,1.7494041023377827
turkey_u005,turkey_modern_0139,1.5673172107148123
turkey_u005,turkey_modern_0144,2.070238188270063
turkey_u005,turkey_modern_0070,1.0041775492407545
turkey_u005,turkey_modern_0099,0.6712667116483744
turkey_u005,turkey_modern_0143,2.235318457932305
turkey_u005,turkey_modern_0104,0.6797656784261732
turkey_u005,turkey_modern_0118,2.1325985062411217
turkey_u005,turkey_modern_0084,1.6311915162460355
turkey_u005,turkey_modern_0141,2.159827164667684
turkey_u005,turkey_modern_0122,1.549545530220552
turkey_u005,turkey_modern_0014,1.991240051475092
turkey_u005,turkey_modern_0011,1.8192257040795703
turkey_u005,italy_0101,1.1589013804419055
turkey_u005,italy_0098,0.940486846437386
turkey_u005,italy_0097,0.45385967792926213
turkey_u005,italy_0100,0.7887221206686589
turkey_u005,italy_0008,1.7348851914398236
turkey_u005,italy_0006,0.8218734946177383
turkey_u005,italy_0005,1.4650007975939705
turkey_u005,italy_0102,1.1364717796173036
turkey_u005,russia_0038,0.8664944192839791
turkey_u005,russia_0010,1.7879761560992138
turkey_u005,russia_0022,0.5134154096584721
turkey_u005,russia_0060,1.2358040937399322
turkey_u005,russia_0068,1.0730495916131104
turkey_u005,russia_0023,0.5533106530977833
turkey_u006,turkey_modern_0079,1.1008331717947444
turkey_u006,turkey_modern_0112,2.1115679646131618
turkey_u006,turkey_modern_0102,1.2768286073702046
turkey_u006,turkey_modern_0144,1.095594327556022
turkey_u006,turkey_modern_0093,1.8535368487419235
turkey_u006,turkey_modern_0105,0.6405330563214331
turkey_u006,turkey_modern_0039,1.5217050320068284
turkey_u006,turkey_modern_0003,1.3515777346065496
turkey_u006,turkey_modern_0077,1.652880413531081
turkey_u006,turkey_modern_0013,1.8361469367709615
turkey_u006,turkey_modern_0148,1.135604965065593
turkey_u006,turkey_modern_0011,1.6728196458900932
turkey_u006,turkey_modern_0104,1.4794670126077156
turkey_u006,turkey_modern_0075,0.8060944729232271
turkey_u006,turkey_modern_0134,2.0959777088166645
turkey_u006,turkey_modern_0071,1.8766680395082247
turkey_u006,turkey_modern_0023,2.164853381545074
turkey_u006,turkey_modern_0083,1.8176979202753991
turkey_u006,turkey_modern_0019,0.9972913168126067
turkey_u006,turkey_modern_0045,1.3176577383595816
turkey_u006,turkey_modern_0076,1.242348033892399
turkey_u006,turkey_modern_0088,0.6367928337904692
turkey_u006,turkey_modern_0143,1.2831955638885795
turkey_u006,turkey_modern_0000,1.1711073081461756
turkey_u006,russia_0021,0.45529711137118783
turkey_u006,russia_0026,1.5936163997732442
turkey_u006,russia_0027,0.6442304737606018
turkey_u006,russia_0049,1.1262854259701065
turkey_u006,russia_0024,1.5093150612309612
turkey_u006,france_0022,1.2660498482847422
turkey_u006,france_0101,0.6786241542665787
turkey_u006,france_0053,1.2845850196479007
turkey_u006,france_0051,1.4727558075057938
turkey_u006,france_0063,1.6039320967946427
turkey_u006,france_0092,0.8801825756456672
turkey_u006,france_0001,0.4957938907236261
turkey_u006,france_0006,1.2707300786979245
turkey_u007,turkey_modern_0101,2.2589019295149226
turkey_u007,turkey_modern_0031,0.6040595959970035
turkey_u007,turkey_modern_0079,1.643648807360233
turkey_u007,turkey_modern_0083,0.7756971982515108
turkey_u007,turkey_modern_0022,2.1453757275434007
turkey_u007,turkey_modern_0034,2.1884049326949517
turkey_u007,turkey_modern_0025,1.097723675539051
turkey_u007,turkey_modern_0089,2.002797223190672
turkey_u007,turkey_modern_0044,1.6622253675430894
turkey_u007,turkey_modern_0102,0.7483431532367253
turkey_u007,turkey_modern_0124,1.6147750748415661
turkey_u007,turkey_modern_0040,2.258698392891978
turkey_u007,turkey_modern_0113,1.1064622345348722
turkey_u007,turkey_modern_0088,0.576967838851854
turkey_u007,turkey_modern_0016,2.2599656431754838
turkey_u007,turkey_modern_0036,1.2891213951021179
turkey_u007,turkey_modern_0046,1.3183590245298353
turkey_u007,turkey_modern_0141,1.8042559019866988
turkey_u007,turkey_modern_0099,1.6175647928241317
turkey_u007,turkey_modern_0059,1.095926906238181
turkey_u007,turkey_modern_0115,0.7474618406815435
turkey_u007,turkey_modern_0069,2.0022003469089125
turkey_u007,turkey_modern_0129,1.4088256291975445
turkey_u007,turkey_modern_0144,1.7350181565405938
turkey_u007,india_saraga_0001,1.6116813451608465
turkey_u007,india_saraga_0065,0.47392521203505017
turkey_u007,india_saraga_0042,1.6101701238726334
turkey_u007,india_saraga_0055,1.4649236006716368
turkey_u007,india_saraga_0085,1.728209362481726
turkey_u007,india_saraga_0023,0.7653475871128581
turkey_u007,india_saraga_0002,0.8852701552171885
turkey_u007,india_saraga_0006,1.3429963025269014
turkey_u007,france_0078,1.699820534692665
turkey_u007,france_0046,1.7901036379566775
turkey_u007,france_0045,1.0125958282906695
turkey_u007,france_0073,1.1779600622230042
turkey_u007,france_0068,0.6802438602785376
turkey_u007,france_0030,1.3868667457721078
turkey_u007,france_0031,1.5804500709054345
turkey_u007,france_0044,1.5281765717999671
turkey_u008,turkey_modern_0083,2.282083261415644
turkey_u008,turkey_modern_0010,1.5769418035041762
turkey_u008,turkey_modern_0120,1.2563637166320927
turkey_u008,turkey_modern_0084,0.6086552077035725
turkey_u008,turkey_modern_0123,1.587269809828389
turkey_u008,turkey_modern_0012,1.4286860504129468
turkey_u008,turkey_modern_0041,0.9464218287475432
turkey_u008,turkey_modern_0122,1.4210219954384384
turkey_u008,turkey_modern_0102,0.5970614804396516
turkey_u008,turkey_modern_0025,2.2990988841996693
turkey_u008,turkey_modern_0078,1.147897411010709
turkey_u008,turkey_modern_0005,1.4033832054055522
turkey_u008,turkey_modern_0103,1.9287423398869514
turkey_u008,turkey_modern_0073,1.8045426426986448
turkey_u008,turkey_modern_0076,2.107764345211124
turkey_u008,turkey_modern_0053,2.1987868960948007
turkey_u008,turkey_modern_0077,0.9013317584169821
turkey_u008,turkey_modern_0052,1.2484397347394611
turkey_u008,turkey_modern_0015,1.7597593111351248
turkey_u008,turkey_modern_0091,0.6526668751174652
turkey_u008,turkey_modern_0064,1.8117299631592887
turkey_u008,turkey_modern_0065,0.5834239340021522
turkey_u008,turkey_modern_0089,2.1518026215614956
turkey_u008,turkey_modern_0072,1.813842300804265
turkey_u008,italy_0078,1.2134238828277266
turkey_u008,italy_0049,1.029016312606654
turkey_u008,italy_0042,1.7838334375376554
turkey_u008,italy_0040,1.4442908400352876
turkey_u008,italy_0036,1.5398454926437544
turkey_u008,italy_0097,1.5642697368169767
turkey_u008,italy_0103,0.47953115993853224
turkey_u008,italy_0033,0.5238239198340507
turkey_u008,great_britain_0001,0.7177927307221574
turkey_u008,great_britain_0096,1.334543754717538
turkey_u008,great_britain_0095,1.2923314148692087
turkey_u008,great_britain_0057,0.8889707989848288
turkey_u008,great_britain_0037,1.7635483302855208
turkey_u008,great_britain_0091,0.5756939668729685
turkey_u008,great_britain_0033,1.4985721657416282
turkey_u008,great_britain_0038,1.0991841115750787
turkey_u009,turkey_modern_0028,1.786170345558238
turkey_u009,turkey_modern_0064,2.27801381733501
turkey_u009,turkey_modern_0018,1.2189296193969976
turkey_u009,turkey_modern_0140,2.095706530260067
turkey_u009,turkey_modern_0068,1.2790446728721834
turkey_u009,turkey_modern_0101,2.250533901223683
turkey_u009,turkey_modern_0071,1.7024451159885352
turkey_u009,turkey_modern_0119,0.7414633330262924
turkey_u009,turkey_modern_0042,1.401353899420725
turkey_u009,turkey_modern_0069,0.660782099611063
turkey_u009,turkey_modern_0086,1.2565056233585363
turkey_u009,turkey_modern_0016,2.1540325943933647
turkey_u009,turkey_modern_0093,0.9755487854803502
turkey_u009,turkey_modern_0137,2.214729417190973
turkey_u009,turkey_modern_0051,0.7473672519956173
turkey_u009,turkey_modern_0105,1.7217999187029456
turkey_u009,turkey_modern_0003,2.2408075843596142
turkey_u009,turkey_modern_0083,1.7034149146898576
turkey_u009,turkey_modern_0088,2.125781820227863
turkey_u009,turkey_modern_0127,2.284527568764001
turkey_u009,turkey_modern_0062,1.6821799271732505
turkey_u009,turkey_modern_0061,1.924405136576297
turkey_u009,turkey_modern_0102,0.6301744592700464
turkey_u009,turkey_modern_0055,1.312110402945351
turkey_u009,germany_0071,0.8391582272316315
turkey_u009,germany_0055,1.5626502008961616
turkey_u009,germany_0074,1.3647303169847629
turkey_u009,germany_0049,1.2794592002132552
turkey_u009,germany_0018,1.7076042285555388
turkey_u009,germany_0015,0.5699715368599471
turkey_u009,germany_0020,1.7376857174896732
turkey_u009,germany_0008,0.5860323546784484
turkey_u009,great_britain_0011,0.9184736882913986
turkey_u009,great_britain_0079,1.3008694474761962
turkey_u009,great_britain_0005,0.9109928752210928
turkey_u009,great_britain_0003,1.3714239756973936
turkey_u009,great_britain_0081,1.4968151359140147
turkey_u009,great_britain_0036,1.568482870420808
turkey_u009,great_britain_0078,0.6921139962203998
turkey_u009,great_britain_0076,0.6958035398549429
turkey_u010,turkey_modern_0128,0.8383492645095386
turkey_u010,turkey_modern_0054,1.2729447876949223
turkey_u010,turkey_modern_0079,1.6877306214287127
turkey_u010,turkey_modern_0140,1.0079141215814802
turkey_u010,turkey_modern_0111,1.7850856804426722
turkey_u010,turkey_modern_0101,0.9779857416124356
turkey_u010,turkey_modern_0123,0.9357455018162805
turkey_u010,turkey_modern_0004,0.5950525216991605
turkey_u010,turkey_modern_0112,1.061289135734454
turkey_u010,turkey_modern_0005,1.0006209662514365
turkey_u010,turkey_modern_0092,1.8935150602736004
turkey_u010,turkey_modern_0017,1.557749588139663
turkey_u010,turkey_modern_0080,0.8817472344377975
turkey_u010,turkey_modern_0146,1.555019887386744
turkey_u010,turkey_modern_0023,0.9638901937414798
turkey_u010,turkey_modern_0062,1.3089914330934869
turkey_u010,turkey_modern_0041,2.1071589064662173
turkey_u010,turkey_modern_0029,1.8157169786659515
turkey_u010,turkey_modern_0147,1.6981475288096095
turkey_u010,turkey_modern_0000,1.0605589500806896
turkey_u010,turkey_modern_0065,0.7899033719465978
turkey_u010,turkey_modern_0100,1.8738369979173868
turkey_u010,turkey_modern_0064,1.5546109133449373
turkey_u010,turkey_modern_0141,1.649261292946809
turkey_u010,russia_0061,1.7664029811618538
turkey_u010,russia_0039,0.9202332422257261
turkey_u010,russia_0054,1.5310091644256076
turkey_u010,russia_0032,1.2045917351775104
turkey_u010,russia_0064,0.7676009270013723
turkey_u010,russia_0053,0.5213992481818988
turkey_u010,russia_0015,1.281614704185097
turkey_u010,russia_0004,0.851781784109724
turkey_u010,china_ctis_0059,1.3888957677491807
turkey_u010,china_ctis_0058,1.3959816683468427
turkey_u010,china_ctis_0052,1.0648716315560922
turkey_u010,china_ctis_0004,1.1741361077334571
turkey_u010,china_ctis_0020,1.2958382578516754
turkey_u010,china_ctis_0015,1.0826166741301007
turkey_u010,china_ctis_0040,1.634450318031247
turkey_u010,china_ctis_0028,0.552511676587178
turkey_u011,turkey_modern_0126,2.2926216550796874
turkey_u011,turkey_modern_0138,0.8872516415810292
turkey_u011,turkey_modern_0091,1.8507760607384014
turkey_u011,turkey_modern_0004,2.21024380702555
turkey_u011,turkey_modern_0100,1.6869010809991576
turkey_u011,turkey_modern_0051,2.236417466810897
turkey_u011,turkey_modern_0125,2.2904106996041778
turkey_u011,turkey_modern_0009,1.957802093055905
turkey_u011,turkey_modern_0011,2.298768192517637
turkey_u011,turkey_modern_0030,1.6545471923058883
turkey_u011,turkey_modern_0043,1.4324210697585935
turkey_u011,turkey_modern_0035,2.1579225387886276
turkey_u011,turkey_modern_0031,2.008398826473624
turkey_u011,turkey_modern_0092,0.764943326517944
turkey_u011,turkey_modern_0081,1.0971965657278695
turkey_u011,turkey_modern_0133,1.024612832741725
turkey_u011,turkey_modern_0066,2.0503263624265475
turkey_u011,turkey_modern_0021,0.9773482361792364
turkey_u011,turkey_modern_0118,1.0994772325178137
turkey_u011,turkey_modern_0144,1.4699104286601488
turkey_u011,turkey_modern_0106,0.7063061145812367
turkey_u011,turkey_modern_0033,2.2331211335504078
turkey_u011,turkey_modern_0117,1.4220832895244375
turkey_u011,turkey_modern_0026,0.9034981739504412
turkey_u011,italy_0071,0.815607996062051
turkey_u011,italy_0007,1.5274130585676684
turkey_u011,italy_0034,1.3059087482408702
turkey_u011,italy_0068,1.077245132701584
turkey_u011,italy_0073,0.8976618459738203
turkey_u011,italy_0077,1.6659238900619622
turkey_u011,italy_0052,1.4929621293944426
turkey_u011,italy_0074,1.4194512504223136
turkey_u011,russia_0048,1.0521006812332647
turkey_u011,russia_0066,1.7745662035257466
turkey_u011,russia_0020,1.4085949006615133
turkey_u011,russia_0044,1.0218933787319895
turkey_u011,russia_0016,1.7467452590374666
turkey_u011,russia_0047,1.6592287453168726
turkey_u011,russia_0019,1.4489530112848503
turkey_u012,turkey_modern_0147,1.2720124949319787
turkey_u012,turkey_modern_0136,2.252081726575749
turkey_u012,turkey_modern_0032,1.7721840132706814
turkey_u012,turkey_modern_0048,1.3923478573372694
turkey_u012,turkey_modern_0132,1.105388589371309
turkey_u012,turkey_modern_0063,1.2064258297597972
turkey_u012,turkey_modern_0060,1.6293685586813422
turkey_u012,turkey_modern_0025,1.013926357994159
turkey_u012,turkey_modern_0004,0.83710948147922
turkey_u012,turkey_modern_0119,1.775994462552793
turkey_u012,turkey_modern_0041,2.074835365530015
turkey_u012,turkey_modern_0006,2.130154617025903
turkey_u012,turkey_modern_0110,2.0264469674895675
turkey_u012,turkey_modern_0054,1.4902844509323605
turkey_u012,turkey_modern_0079,1.9357334215320448
turkey_u012,turkey_modern_0023,2.1729636372987415
turkey_u012,turkey_modern_0047,0.6153004670723065
turkey_u012,turkey_modern_0090,1.285869425546631
turkey_u012,turkey_modern_0096,0.9271164522585861
turkey_u012,turkey_modern_0065,2.294426154857302
turkey_u012,turkey_modern_0083,2.1785013666172257
turkey_u012,turkey_modern_0104,1.9587707656060769
turkey_u012,turkey_modern_0050,1.0853926638426357
turkey_u012,turkey_modern_0071,2.21737640634035
turkey_u012,indonesia_gamelan_0015,0.48948809408389476
turkey_u012,indonesia_gamelan_0042,0.7038536037987271
turkey_u012,indonesia_gamelan_0048,1.2827795682117507
turkey_u012,indonesia_gamelan_0017,1.520559061278716
turkey_u012,indonesia_gamelan_0038,1.64290165170602
turkey_u012,indonesia_gamelan_0018,0.8556866244466994
turkey_u012,indonesia_gamelan_0001,0.9775862114439184
turkey_u012,indonesia_gamelan_0028,1.0640169926375576
turkey_u012,india_saraga_0100,0.4864146550207852
turkey_u012,india_saraga_0106,1.616358491620338
turkey_u012,india_saraga_0003,0.9062303607713452
turkey_u012,india_saraga_0096,0.719025912569743
turkey_u012,india_saraga_0025,1.0024160351849365
turkey_u012,india_saraga_0094,1.4092605561136833
turkey_u012,india_saraga_0018,1.6257360321816445
turkey_u012,india_saraga_0052,0.7407582293910905
turkey_u013,turkey_modern_0035,2.185355042721222
turkey_u013,turkey_modern_0078,2.166789735430181
turkey_u013,turkey_modern_0126,1.850618196170548
turkey_u013,turkey_modern_0087,1.3839046071988428
turkey_u013,turkey_modern_0119,0.6562746356139836
turkey_u013,turkey_modern_0016,0.6238370789863864
turkey_u013,turkey_modern_0130,0.8132817242936718
turkey_u013,turkey_modern_0101,1.6026940966205243
turkey_u013,turkey_modern_0026,1.9517214291280967
turkey_u013,turkey_modern_0012,2.211103436471993
turkey_u013,turkey_modern_0001,0.8774995867513531
turkey_u013,turkey_modern_0098,1.050285594373373
turkey_u013,turkey_modern_0028,0.668322995168866
turkey_u013,turkey_modern_0047,2.281106362869517
turkey_u013,turkey_modern_0092,1.9220785116391008
turkey_u013,turkey_modern_0137,1.4042318728527972
turkey_u013,turkey_modern_0115,1.5678502378967183
turkey_u013,turkey_modern_0103,1.5447508595495834
turkey_u013,turkey_modern_0124,1.0137722991719342
turkey_u013,turkey_modern_0116,0.8947989476561488
turkey_u013,turkey_modern_0030,1.0872831111731776
turkey_u013,turkey_modern_0134,1.0013398733983585
turkey_u013,turkey_modern_0034,1.5367359550160227
turkey_u013,turkey_modern_0071,1.1066498400737532
turkey_u013,france_0030,1.4340754686811628
turkey_u013,france_0035,1.2167186393569982
turkey_u013,france_0026,1.1685560833089639
turkey_u013,france_0100,1.7342465855704827
turkey_u013,france_0073,0.8852528727634337
turkey_u013,france_0039,1.3076143153739028
turkey_u013,france_0068,0.4500683464870287
turkey_u013,france_0045,1.4448469238243136
turkey_u013,germany_0039,1.1284343041726277
turkey_u013,germany_0029,0.7313196923340206
turkey_u013,germany_0092,0.45203925117863325
turkey_u013,germany_0036,1.4043743514050675
turkey_u013,germany_0098,1.3446459497932748
turkey_u013,germany_0090,1.3482996072474154
turkey_u013,germany_0003,1.0405640112126224
turkey_u013,germany_0007,1.3130513897894307
turkey_u014,turkey_modern_0131,0.7131069450333496
turkey_u014,turkey_modern_0141,2.1071401660845663
turkey_u014,turkey_modern_0058,2.229552424291443
turkey_u014,turkey_modern_0083,0.6499824693626477
turkey_u014,turkey_modern_0020,2.2143185050360343
turkey_u014,turkey_modern_0034,1.0570722421972079
turkey_u014,turkey_modern_0073,1.7217143478855035
turkey_u014,turkey_modern_0097,0.8765571622587676
turkey_u014,turkey_modern_0030,1.9851113405679401
turkey_u014,turkey_modern_0146,2.0273005141917313
turkey_u014,turkey_modern_0059,2.262638923963954
turkey_u014,turkey_modern_0136,2.2871202222446865
turkey_u014,turkey_modern_0054,0.7058545459136484
turkey_u014,turkey_modern_0126,1.7099872122046784
turkey_u014,turkey_modern_0109,1.0460046555877043
turkey_u014,turkey_modern_0127,0.7916216802137254
turkey_u014,turkey_modern_0026,0.8316720972835442
turkey_u014,turkey_modern_0040,2.190354237151499
turkey_u014,turkey_modern_0022,1.75429493614572
turkey_u014,turkey_modern_0137,0.662045140421596
turkey_u014,turkey_modern_0066,2.27279688480201
turkey_u014,turkey_modern_0119,1.9684761077222328
turkey_u014,turkey_modern_0053,1.1083343022475005
turkey_u014,turkey_modern_0067,1.3872450464698334
turkey_u014,india_saraga_0102,1.430877571922757
turkey_u014,india_saraga_0027,1.3626433158832527
turkey_u014,india_saraga_0056,1.0751592133992183
turkey_u014,india_saraga_0035,1.1417263659437402
turkey_u014,india_saraga_0007,0.5083303685621839
turkey_u014,india_saraga_0046,1.1258548800573807
turkey_u014,india_saraga_0077,0.9093333038274493
turkey_u014,india_saraga_0042,0.8348191206411911
turkey_u014,indonesia_gamelan_0022,0.8139902734370511
turkey_u014,indonesia_gamelan_0028,1.3260783114312054
turkey_u014,indonesia_gamelan_0003,1.02949778797378
turkey_u014,indonesia_gamelan_0007,1.024833251377698
turkey_u014,indonesia_gamelan_0033,0.6649024383244964
turkey_u014,indonesia_gamelan_0016,1.748515817128883
turkey_u014,indonesia_gamelan_0001,0.7523003733082444
turkey_u014,indonesia_gamelan_0009,0.9982474289110592
turkey_u015,turkey_modern_0115,1.9189880908031096
turkey_u015,turkey_modern_0065,1.8613506559224373
turkey_u015,turkey_modern_0085,1.1446507943620599
turkey_u015,turkey_modern_0136,0.7676952301121485
turkey_u015,turkey_modern_0080,2.1135954755574344
turkey_u015,turkey_modern_0130,1.4389722961536844
turkey_u015,turkey_modern_0009,0.7483812097023347
turkey_u015,turkey_modern_0030,1.497821059452134
turkey_u015,turkey_modern_0102,1.740082668597567
turkey_u015,turkey_modern_0117,1.1268275510640338
turkey_u015,turkey_modern_0056,0.5909544071542717
turkey_u015,turkey_modern_0146,1.6472720097048894
turkey_u015,turkey_modern_0131,0.6441647692908615
turkey_u015,turkey_modern_0054,1.3215684267527978
turkey_u015,turkey_modern_0112,1.9977372685188113
turkey_u015,turkey_modern_0022,2.2980121657907784
turkey_u015,turkey_modern_0134,1.2137725266226886
turkey_u015,turkey_modern_0071,0.6097189482128399
turkey_u015,turkey_modern_0122,1.4252578508443816
turkey_u015,turkey_modern_0147,1.0515750605701866
turkey_u015,turkey_modern_0090,2.115036898441357
turkey_u015,turkey_modern_0103,1.802342934315272
turkey_u015,turkey_modern_0087,1.272457638690268
turkey_u015,turkey_modern_0137,1.8894986983338424
turkey_u015,russia_0060,0.910627923045959
turkey_u015,russia_0023,1.1543808399036164
turkey_u015,russia_0068,1.69576012772888
turkey_u015,russia_0010,0.7202123094199898
turkey_u015,russia_0022,0.8726283025740532
turkey_u015,russia_0038,1.6455511069113953
turkey_u015,italy_0046,1.0735357864190558
turkey_u015,italy_0009,0.8791499187093315
turkey_u015,italy_0030,0.5003532047483197
turkey_u016,turkey_modern_0135,1.537550955870212
turkey_u016,turkey_modern_0049,1.4210960830416421
turkey_u016,turkey_modern_0148,1.0914881592039343
turkey_u016,turkey_modern_0122,1.0995186847610048
turkey_u016,turkey_modern_0113,1.24512777824243
turkey_u016,turkey_modern_0087,1.8920555919719677
turkey_u016,turkey_modern_0055,1.3973642310966676
turkey_u016,turkey_modern_0002,0.8403631070670311
turkey_u016,turkey_modern_0090,1.8857639809163296
turkey_u016,turkey_modern_0091,1.719330479154873
turkey_u016,turkey_modern_0052,2.212436875492013
turkey_u016,turkey_modern_0077,1.488239325293712
turkey_u016,turkey_modern_0024,1.7038781957397122
turkey_u016,turkey_modern_0117,1.4018447205130895
turkey_u016,turkey_modern_0064,1.7493458592794886
turkey_u016,turkey_modern_0007,1.3273019340203165
turkey_u016,turkey_modern_0057,0.812802425819297
turkey_u016,turkey_modern_0018,2.277028582616001
turkey_u016,turkey_modern_0044,1.8176273873228506
turkey_u016,turkey_modern_0036,1.6248795485214935
turkey_u016,turkey_modern_0062,1.405450794070021
turkey_u016,turkey_modern_0050,1.8022150287754475
turkey_u016,turkey_modern_0134,0.7936867406831871
turkey_u016,turkey_modern_0085,1.1375456117944223
turkey_u016,russia_0024,0.6183441235298959
turkey_u016,russia_0026,0.6201338797325756
turkey_u016,russia_0021,0.47881918558422115
turkey_u016,russia_0027,1.4704561104410934
turkey_u016,russia_0049,0.7568666432439919
turkey_u016,modern_english_pop_0065,1.5732104207440776
turkey_u016,modern_english_pop_0031,1.6709865941210384
turkey_u016,modern_english_pop_0027,0.6775641805300552
turkey_u016,modern_english_pop_0068,1.4069664571535203
turkey_u016,modern_english_pop_0037,1.0714127334615822
turkey_u016,modern_english_pop_0101,1.6905975624981688
turkey_u016,modern_english_pop_0048,1.1039632116322309
turkey_u016,modern_english_pop_0032,0.9614797466977489
turkey_u017,turkey_modern_0134,1.9962326898650675
turkey_u017,turkey_modern_0115,1.5517050385312723
turkey_u017,turkey_modern_0026,0.9513049823809894
turkey_u017,turkey_modern_0040,2.248634977186129
turkey_u017,turkey_modern_0094,2.208540276052302
turkey_u017,turkey_modern_0109,1.6441904393993556
turkey_u017,turkey_modern_0085,2.2721947263472613
turkey_u017,turkey_modern_0010,1.4423236112748745
turkey_u017,turkey_modern_0004,1.222710546747406
turkey_u017,turkey_modern_0030,1.369367702202668
turkey_u017,turkey_modern_0029,0.6541896063700047
turkey_u017,turkey_modern_0087,1.522235188130099
turkey_u017,turkey_modern_0017,1.7242509599715155
turkey_u017,turkey_modern_0070,0.7639219546853695
turkey_u017,turkey_modern_0111,1.0159058111758925
turkey_u017,turkey_modern_0062,1.8190425894926543
turkey_u017,turkey_modern_0107,1.9439430576690422
turkey_u017,turkey_modern_0049,2.2756206601191677
turkey_u017,turkey_modern_0014,1.0118108581615455
turkey_u017,turkey_modern_0058,2.026483088621402
turkey_u017,turkey_modern_0022,0.8718776148219373
turkey_u017,turkey_modern_0043,0.8007652320626581
turkey_u017,turkey_modern_0132,1.8328761775279454
turkey_u017,turkey_modern_0080,1.3441298407359905
turkey_u017,russia_0039,1.5217967227684515
turkey_u017,russia_0063,0.8314624737014343
turkey_u017,russia_0011,0.7378117340845931
turkey_u017,russia_0042,1.190878304161118
turkey_u017,russia_0046,0.6056691408057566
turkey_u017,russia_0043,0.82631143888852
turkey_u017,russia_0041,0.6744199654686897
turkey_u017,russia_0031,0.882063846592796
turkey_u017,italy_0094,1.48342325289959
turkey_u017,italy_0092,0.6130021552305924
turkey_u017,italy_0101,1.2760230408813504
turkey_u017,italy_0097,1.2394341951523555
turkey_u017,italy_0104,1.1764763493758363
turkey_u017,italy_0011,1.103734264689308
turkey_u017,italy_0042,1.3462118156541594
turkey_u017,italy_0036,1.5999443848652708
turkey_u018,turkey_modern_0135,1.1921567130885595
turkey_u018,turkey_modern_0029,0.6890225559242615
turkey_u018,turkey_modern_0082,1.4527428185015474
turkey_u018,turkey_modern_0005,2.2606850301809733
turkey_u018,turkey_modern_0126,1.7454791305792625
turkey_u018,turkey_modern_0144,0.8488715453436205
turkey_u018,turkey_modern_0123,1.4621598857287277
turkey_u018,turkey_modern_0072,2.1304712346912624
turkey_u018,turkey_modern_0010,0.6685703254923525
turkey_u018,turkey_modern_0022,1.6753657713195154
turkey_u018,turkey_modern_0114,1.8191959073720483
turkey_u018,turkey_modern_0026,1.7894201813175283
turkey_u018,turkey_modern_0119,0.8340439719937213
turkey_u018,turkey_modern_0088,2.1400554672088257
turkey_u018,turkey_modern_0063,1.13091804893005
turkey_u018,turkey_modern_0100,0.6642549903494838
turkey_u018,turkey_modern_0008,0.7185561119823964
turkey_u018,turkey_modern_0012,1.3643209836044798
turkey_u018,turkey_modern_0068,0.6439689535863562
turkey_u018,turkey_modern_0115,1.9197280931502543
turkey_u018,turkey_modern_0134,2.0685455477987986
turkey_u018,turkey_modern_0104,0.5980687269117508
turkey_u018,turkey_modern_0034,1.9722732932394955
turkey_u018,turkey_modern_0007,2.267581159196461
turkey_u018,india_saraga_0023,0.49099701749276187
turkey_u018,india_saraga_0104,1.4287057802364822
turkey_u018,india_saraga_0050,1.7987770063768098
turkey_u018,india_saraga_0031,1.5261100914968384
turkey_u018,india_saraga_0093,1.132231954097436
turkey_u018,india_saraga_0049,1.6445110122987183
turkey_u018,india_saraga_0037,1.4057087736184235
turkey_u018,india_saraga_0100,0.844809728121535
turkey_u018,italy_0048,0.7528317058043142
turkey_u018,italy_0016,1.1419349301512376
turkey_u018,italy_0064,0.953537207429174
turkey_u018,italy_0032,0.8947817875908024
turkey_u018,italy_0018,0.6901985025812947
turkey_u018,italy_0015,1.5911361042817922
turkey_u018,italy_0055,1.4017695758705835
turkey_u018,italy_0013,0.8972839840393037
turkey_u019,turkey_modern_0017,1.4298923716652998
turkey_u019,turkey_modern_0028,1.7305335908934272
turkey_u019,turkey_modern_0143,1.680534759512901
turkey_u019,turkey_modern_0137,1.1909960581303796
turkey_u019,turkey_modern_0089,1.7912036999312013
turkey_u019,turkey_modern_0098,1.0743623126944213
turkey_u019,turkey_modern_0112,2.0161820312905054
turkey_u019,turkey_modern_0052,2.2385417746304443
turkey_u019,turkey_modern_0055,1.083420728924344
turkey_u019,turkey_modern_0081,1.9285877535289937
turkey_u019,turkey_modern_0014,1.9781595116545794
turkey_u019,turkey_modern_0149,1.4215668210726662
turkey_u019,turkey_modern_0016,0.7263641126015012
turkey_u019,turkey_modern_0038,1.9311637604212648
turkey_u019,turkey_modern_0088,1.2778999609510966
turkey_u019,turkey_modern_0080,0.9339229502405223
turkey_u019,turkey_modern_0005,1.6559716511673446
turkey_u019,turkey_modern_0085,1.328718232299318
turkey_u019,turkey_modern_0120,0.726062473973314
turkey_u019,turkey_modern_0003,2.2718387351400695
turkey_u019,turkey_modern_0025,0.9970417261711505
turkey_u019,turkey_modern_0049,1.4564147207023885
turkey_u019,turkey_modern_0132,1.7260722514860158
turkey_u019,turkey_modern_0129,0.7735291535877429
turkey_u019,indonesia_gamelan_0027,1.4482036267120246
turkey_u019,indonesia_gamelan_0010,1.3251899202828195
turkey_u019,indonesia_gamelan_0005,1.1165664113641822
turkey_u019,indonesia_gamelan_0017,1.1632454887527195
turkey_u019,indonesia_gamelan_0035,1.738973287044442
turkey_u019,indonesia_gamelan_0001,1.6797120803131016
turkey_u019,indonesia_gamelan_0039,0.6011774872262379
turkey_u019,indonesia_gamelan_0012,0.9478152716403158
turkey_u019,germany_0090,1.1476414328889852
turkey_u019,germany_0039,1.691967391967405
turkey_u019,germany_0050,1.552360494762962
turkey_u019,germany_0079,0.971751649042459
turkey_u019,germany_0004,1.6463840474393714
turkey_u019,germany_0036,0.9605130241033665
turkey_u019,germany_0038,0.8161104633358178
turkey_u019,germany_0003,1.2733550458527594
turkey_u020,turkey_modern_0008,0.8468815116292748
turkey_u020,turkey_modern_0084,1.97019548924125
turkey_u020,turkey_modern_0012,1.3197837780975599
turkey_u020,turkey_modern_0062,2.15349633602156
turkey_u020,turkey_modern_0104,0.9086166016890692
turkey_u020,turkey_modern_0052,2.086704154696166
turkey_u020,turkey_modern_0126,1.9824446994558942
turkey_u020,turkey_modern_0146,0.7542547965521982
turkey_u020,turkey_modern_0036,1.4921502694967974
turkey_u020,turkey_modern_0001,1.7026029337526207
turkey_u020,turkey_modern_0123,1.429706785904515
turkey_u020,turkey_modern_0113,1.248203820220739
turkey_u020,turkey_modern_0129,2.2031276697023885
turkey_u020,turkey_modern_0131,1.7839159830553286
turkey_u020,turkey_modern_0108,2.2411255387987468
turkey_u020,turkey_modern_0143,2.0347472862217555
turkey_u020,turkey_modern_0079,1.9845516619228685
turkey_u020,turkey_modern_0022,1.8267157007675163
turkey_u020,turkey_modern_0096,1.6894866927005852
turkey_u020,turkey_modern_0109,2.104837107168824
turkey_u020,turkey_modern_0100,1.6331318578437841
turkey_u020,turkey_modern_0112,0.7048724915959554
turkey_u020,turkey_modern_0098,1.5799220702634449
turkey_u020,turkey_modern_0069,0.7523906364871863
turkey_u020,india_saraga_0096,1.7315564446652758
turkey_u020,india_saraga_0040,1.3230031177367365
turkey_u020,india_saraga_0047,1.2001224826080317
turkey_u020,india_saraga_0058,0.7170585291896685
turkey_u020,india_saraga_0049,1.1462855173309536
turkey_u020,india_saraga_0057,0.9124168551696119
turkey_u020,india_saraga_0066,1.3617713268116654
turkey_u020,india_saraga_0017,1.2659532265701323
turkey_u020,great_britain_0033,1.1240645715095292
turkey_u020,great_britain_0020,0.7912003519498737
turkey_u020,great_britain_0095,1.1597532260415142
turkey_u020,great_britain_0031,1.0732907957560534
turkey_u020,great_britain_0025,1.5992089345741396
turkey_u020,great_britain_0051,1.65735541083976
turkey_u020,great_britain_0088,1.4749863580463527
turkey_u020,great_britain_0015,0.8815139414266198
turkey_u021,turkey_modern_0011,0.804343008868895
turkey_u021,turkey_modern_0084,2.142525479102857
turkey_u021,turkey_modern_0101,1.6528597135819736
turkey_u021,turkey_modern_0126,0.659353671487649
turkey_u021,turkey_modern_0021,1.7117727570657382
turkey_u021,turkey_modern_0013,1.1986121010975346
turkey_u021,turkey_modern_0128,2.178844356556613
turkey_u021,turkey_modern_0009,2.189730214194746
turkey_u021,turkey_modern_0141,2.03422645869616
turkey_u021,turkey_modern_0078,1.5545393559050673
turkey_u021,turkey_modern_0056,2.1605815175014893
turkey_u021,turkey_modern_0091,1.6959191261506812
turkey_u021,turkey_modern_0020,2.0845976206876653
turkey_u021,turkey_modern_0118,0.8510917687427206
turkey_u021,turkey_modern_0077,2.1347110406688263
turkey_u021,turkey_modern_0134,1.7162439481254312
turkey_u021,turkey_modern_0097,1.0981475174142972
turkey_u021,turkey_modern_0139,2.296228334387053
turkey_u021,turkey_modern_0072,1.7598748436864662
turkey_u021,turkey_modern_0096,2.142017700085757
turkey_u021,turkey_modern_0057,0.5846350236853551
turkey_u021,turkey_modern_0053,1.5277837564723453
turkey_u021,turkey_modern_0132,1.8041187756629125
turkey_u021,turkey_modern_0016,0.5986961337297771
turkey_u021,indonesia_fma_0019,1.479454953915847
turkey_u021,indonesia_fma_0010,1.3294550607763234
turkey_u021,indonesia_fma_0011,0.8209255323501401
turkey_u021,indonesia_fma_0018,1.3800756775694605
turkey_u021,indonesia_fma_0003,0.6267164026458741
turkey_u021,indonesia_fma_0006,1.562450218337889
turkey_u021,indonesia_fma_0015,1.6194039082989804
turkey_u021,indonesia_fma_0009,1.1053938558759713
turkey_u021,great_britain_0098,1.135046926730234
turkey_u021,great_britain_0027,0.9927733871695745
turkey_u021,great_britain_0024,0.9162008800251298
turkey_u021,great_britain_0100,1.6284126764521543
turkey_u021,great_britain_0019,0.8615787873131785
turkey_u021,great_britain_0094,0.9938475160034289
turkey_u021,great_britain_0089,0.8548870002000917
turkey_u021,great_britain_0061,1.3365622270701807
turkey_u022,turkey_modern_0055,1.0254761236104712
turkey_u022,turkey_modern_0102,1.759089760952201
turkey_u022,turkey_modern_0000,2.1200848997504895
turkey_u022,turkey_modern_0117,0.7243242848224822
turkey_u022,turkey_modern_0013,1.9313997324094585
turkey_u022,turkey_modern_0149,0.844263970082602
turkey_u022,turkey_modern_0033,1.1432318828843115
turkey_u022,turkey_modern_0025,1.1914551352980505
turkey_u022,turkey_modern_0058,0.9308847310565
turkey_u022,turkey_modern_0086,0.7047792379887396
turkey_u022,turkey_modern_0085,1.900639178453352
turkey_u022,turkey_modern_0133,1.9440075052464
turkey_u022,turkey_modern_0021,2.294537425902091
turkey_u022,turkey_modern_0134,2.187192329516939
turkey_u022,turkey_modern_0142,1.3247581803388184
turkey_u022,turkey_modern_0005,0.8050943250845589
turkey_u022,turkey_modern_0075,0.593457513833681
turkey_u022,turkey_modern_0051,1.4918677539075842
turkey_u022,turkey_modern_0116,2.0594770586866624
turkey_u022,turkey_modern_0007,1.0371339507763975
turkey_u022,turkey_modern_0036,0.9181738597794192
turkey_u022,turkey_modern_0107,1.3321945663046684
turkey_u022,turkey_modern_0090,2.116344081642604
turkey_u022,turkey_modern_0108,1.354137359804017
turkey_u022,indonesia_fma_0012,1.4256624230969144
turkey_u022,indonesia_fma_0009,1.074410383735836
turkey_u022,indonesia_fma_0007,0.9534944899479747
turkey_u022,indonesia_fma_0017,1.0452312735697922
turkey_u022,indonesia_fma_0019,1.4873407191090622
turkey_u022,indonesia_fma_0010,1.4684481754353131
turkey_u022,indonesia_fma_0003,1.0328735411307906
turkey_u022,indonesia_fma_0015,0.8112835243286984
turkey_u022,russia_0081,0.637821502763056
turkey_u022,russia_0096,0.4518490874065628
turkey_u022,russia_0103,0.6028977371489411
turkey_u022,russia_0006,0.6722846080090623
turkey_u022,russia_0052,1.3814160178244697
turkey_u022,russia_0000,1.5541864338538205
turkey_u022,russia_0035,1.4448766494121321
turkey_u022,russia_0036,1.4263642357231796
turkey_u023,turkey_modern_0075,1.839698381493343
turkey_u023,turkey_modern_0090,1.239887805790837
turkey_u023,turkey_modern_0116,1.2538746803154899
turkey_u023,turkey_modern_0074,0.5967653090805364
turkey_u023,turkey_modern_0019,1.5028809892523909
turkey_u023,turkey_modern_0088,1.88737449006342
turkey_u023,turkey_modern_0062,2.2462222859368914
turkey_u023,turkey_modern_0121,2.1140912933217093
turkey_u023,turkey_modern_0014,0.7250596325835023
turkey_u023,turkey_modern_0047,2.2663972076154946
turkey_u023,turkey_modern_0083,0.8328541885264671
turkey_u023,turkey_modern_0020,0.6459221647263432
turkey_u023,turkey_modern_0037,1.8669039661826887
turkey_u023,turkey_modern_0122,2.1376541268177855
turkey_u023,turkey_modern_0034,2.213375512893452
turkey_u023,turkey_modern_0038,1.9980837858967155
turkey_u023,turkey_modern_0112,0.9284632221021312
turkey_u023,turkey_modern_0134,0.840655027502859
turkey_u023,turkey_modern_0004,0.6767206238107562
turkey_u023,turkey_modern_0105,1.5788966628173622
turkey_u023,turkey_modern_0123,1.4154565288812457
turkey_u023,turkey_modern_0016,0.7635142245527409
turkey_u023,turkey_modern_0085,1.376826779708446
turkey_u023,turkey_modern_0086,1.55363319367199
turkey_u023,india_saraga_0031,1.425988768739173
turkey_u023,india_saraga_0054,1.0091667195451182
turkey_u023,india_saraga_0105,0.8797758035558937
turkey_u023,india_saraga_0018,1.3486669175080752
turkey_u023,india_saraga_0086,1.3737019181114862
turkey_u023,india_saraga_0039,0.8150785515042553
turkey_u023,india_saraga_0089,0.4767611610201211
turkey_u023,india_saraga_0104,1.7266822691524013
turkey_u023,russia_0071,1.4696366487198826
turkey_u023,russia_0090,0.7214908515255279
turkey_u023,russia_0099,1.2136486288417176
turkey_u023,russia_0000,1.2531791664126937
turkey_u023,russia_0087,0.620084653194167
turkey_u023,russia_0050,0.7087370679084036
turkey_u023,russia_0030,1.7415537972261137
turkey_u023,russia_0073,1.1358146610282118
