{
  "status": "pass",
  "metadata_csv": "storage\\public\\routeA_phase2_cn\\metadata_merged.csv",
  "out_csv": "reports\\routeA_shared_factors_cn.csv",
  "n_rows_total": 640,
  "n_rows_ok": 640,
  "n_rows_failed": 0,
  "target_sr": 16000,
  "max_seconds": 10.0,
  "factor_distributions": {
    "factor_energy": {
      "high": 214,
      "low": 213,
      "mid": 213
    },
    "factor_brightness": {
      "bright": 214,
      "dark": 213,
      "mid": 213
    },
    "factor_texture": {
      "mixed": 213,
      "noisy": 214,
      "tonal": 213
    },
    "factor_dynamics": {
      "dynamic": 214,
      "mixed": 213,
      "stable": 213
    },
    "factor_percussiveness": {
      "mixed": 213,
      "percussive": 214,
      "smooth": 213
    }
  },
  "bin_edges": {
    "factor_energy_rms": [
      0.003683592425659299,
      0.07805630564689636,
      0.14482858777046204,
      0.6307660341262817
    ],
    "factor_brightness_centroid_hz": [
      336.70037841796875,
      1191.1378173828125,
      1706.8399658203125,
      4170.7587890625
    ],
    "factor_texture_flatness": [
      0.019390307366847992,
      0.1681765615940094,
      0.28364667296409607,
      0.7047739624977112
    ],
    "factor_dynamics_flux": [
      0.010321027599275112,
      0.05798616632819176,
      0.07147608697414398,
      0.13176973164081573
    ],
    "factor_percussiveness_zcr": [
      0.015650097280740738,
      0.08511928468942642,
      0.13373208045959473,
      0.5835383534431458
    ]
  },
  "failures_preview": []
}