track_id,culture,audio_path,source_dataset,source_split,source_index,label,instrument,mood_theme,duration
vtsouval_mtg_jamendo_autotagging_00000000,anglo_pop,audio/vtsouval_mtg_jamendo_autotagging_00000000.mp3,vtsouval/mtg_jamendo_autotagging,train,0,"['downtempo', 'lounge', 'easylistening', 'chillout', 'electronic']",['synthesizer'],['background'],30
vtsouval_mtg_jamendo_autotagging_00000001,anglo_pop,audio/vtsouval_mtg_jamendo_autotagging_00000001.mp3,vtsouval/mtg_jamendo_autotagging,train,1,"['techno', 'lounge', 'easylistening', 'chillout', 'electronic']",['synthesizer'],['background'],30
vtsouval_mtg_jamendo_autotagging_00000002,anglo_pop,audio/vtsouval_mtg_jamendo_autotagging_00000002.mp3,vtsouval/mtg_jamendo_autotagging,train,2,"['techno', 'lounge', 'ambient', 'easylistening', 'electronic']",['synthesizer'],['background'],30
vtsouval_mtg_jamendo_autotagging_00000003,anglo_pop,audio/vtsouval_mtg_jamendo_autotagging_00000003.mp3,vtsouval/mtg_jamendo_autotagging,train,3,['soundtrack'],"['keyboard', 'trombone', 'cello']",['emotional'],30
vtsouval_mtg_jamendo_autotagging_00000004,anglo_pop,audio/vtsouval_mtg_jamendo_autotagging_00000004.mp3,vtsouval/mtg_jamendo_autotagging,train,4,"['soundtrack', 'classical']",['piano'],['documentary'],30
vtsouval_mtg_jamendo_autotagging_00000005,anglo_pop,audio/vtsouval_mtg_jamendo_autotagging_00000005.mp3,vtsouval/mtg_jamendo_autotagging,train,5,['soundtrack'],"['trombone', 'keyboard']","['documentary', 'emotional']",30
vtsouval_mtg_jamendo_autotagging_00000006,anglo_pop,audio/vtsouval_mtg_jamendo_autotagging_00000006.mp3,vtsouval/mtg_jamendo_autotagging,train,6,['soundtrack'],"['trombone', 'keyboard']","['documentary', 'emotional']",30
vtsouval_mtg_jamendo_autotagging_00000007,anglo_pop,audio/vtsouval_mtg_jamendo_autotagging_00000007.mp3,vtsouval/mtg_jamendo_autotagging,train,7,['soundtrack'],"['trombone', 'keyboard']","['documentary', 'emotional']",30
vtsouval_mtg_jamendo_autotagging_00000008,anglo_pop,audio/vtsouval_mtg_jamendo_autotagging_00000008.mp3,vtsouval/mtg_jamendo_autotagging,train,8,['soundtrack'],"['trombone', 'keyboard']","['documentary', 'emotional']",30
vtsouval_mtg_jamendo_autotagging_00000009,anglo_pop,audio/vtsouval_mtg_jamendo_autotagging_00000009.mp3,vtsouval/mtg_jamendo_autotagging,train,9,['soundtrack'],"['horn', 'keyboard', 'trumpet', 'violin', 'doublebass', 'clarinet', 'trombone', 'cello']","['documentary', 'relaxing', 'emotional']",30
vtsouval_mtg_jamendo_autotagging_00000010,anglo_pop,audio/vtsouval_mtg_jamendo_autotagging_00000010.mp3,vtsouval/mtg_jamendo_autotagging,train,10,['soundtrack'],"['horn', 'keyboard', 'trumpet', 'violin', 'doublebass', 'clarinet', 'trombone', 'cello']","['documentary', 'relaxing', 'emotional']",30
vtsouval_mtg_jamendo_autotagging_00000011,anglo_pop,audio/vtsouval_mtg_jamendo_autotagging_00000011.mp3,vtsouval/mtg_jamendo_autotagging,train,11,['soundtrack'],"['horn', 'keyboard', 'trumpet', 'violin', 'doublebass', 'clarinet', 'trombone', 'cello']","['documentary', 'relaxing', 'emotional']",30
vtsouval_mtg_jamendo_autotagging_00000012,anglo_pop,audio/vtsouval_mtg_jamendo_autotagging_00000012.mp3,vtsouval/mtg_jamendo_autotagging,train,12,['soundtrack'],"['horn', 'keyboard', 'trumpet', 'violin', 'doublebass', 'clarinet', 'trombone', 'cello']","['documentary', 'relaxing', 'emotional']",30
vtsouval_mtg_jamendo_autotagging_00000013,anglo_pop,audio/vtsouval_mtg_jamendo_autotagging_00000013.mp3,vtsouval/mtg_jamendo_autotagging,train,13,['soundtrack'],"['horn', 'keyboard', 'trumpet', 'violin', 'doublebass', 'clarinet', 'trombone', 'cello']","['documentary', 'relaxing', 'emotional']",30
vtsouval_mtg_jamendo_autotagging_00000014,anglo_pop,audio/vtsouval_mtg_jamendo_autotagging_00000014.mp3,vtsouval/mtg_jamendo_autotagging,train,14,"['pop', 'dance', 'electronic']",['accordion'],['melodic'],30
vtsouval_mtg_jamendo_autotagging_00000015,anglo_pop,audio/vtsouval_mtg_jamendo_autotagging_00000015.mp3,vtsouval/mtg_jamendo_autotagging,train,15,"['pop', 'dance', 'electronic']",['accordion'],['melodic'],30
vtsouval_mtg_jamendo_autotagging_00000016,anglo_pop,audio/vtsouval_mtg_jamendo_autotagging_00000016.mp3,vtsouval/mtg_jamendo_autotagging,train,16,"['pop', 'dance', 'electronic']",['accordion'],['melodic'],30
vtsouval_mtg_jamendo_autotagging_00000017,anglo_pop,audio/vtsouval_mtg_jamendo_autotagging_00000017.mp3,vtsouval/mtg_jamendo_autotagging,train,17,"['pop', 'dance', 'electronic']",['accordion'],['melodic'],30
vtsouval_mtg_jamendo_autotagging_00000018,anglo_pop,audio/vtsouval_mtg_jamendo_autotagging_00000018.mp3,vtsouval/mtg_jamendo_autotagging,train,18,"['pop', 'dance', 'electronic']",['accordion'],['melodic'],30
vtsouval_mtg_jamendo_autotagging_00000019,anglo_pop,audio/vtsouval_mtg_jamendo_autotagging_00000019.mp3,vtsouval/mtg_jamendo_autotagging,train,19,"['pop', 'dance', 'electronic']",['accordion'],['melodic'],30
vtsouval_mtg_jamendo_autotagging_00000020,anglo_pop,audio/vtsouval_mtg_jamendo_autotagging_00000020.mp3,vtsouval/mtg_jamendo_autotagging,train,20,"['pop', 'rock', 'alternative']",['piano'],['relaxing'],30
vtsouval_mtg_jamendo_autotagging_00000021,anglo_pop,audio/vtsouval_mtg_jamendo_autotagging_00000021.mp3,vtsouval/mtg_jamendo_autotagging,train,21,['pop'],['piano'],['relaxing'],30
vtsouval_mtg_jamendo_autotagging_00000022,anglo_pop,audio/vtsouval_mtg_jamendo_autotagging_00000022.mp3,vtsouval/mtg_jamendo_autotagging,train,22,['pop'],['piano'],['relaxing'],30
vtsouval_mtg_jamendo_autotagging_00000023,anglo_pop,audio/vtsouval_mtg_jamendo_autotagging_00000023.mp3,vtsouval/mtg_jamendo_autotagging,train,23,['pop'],['piano'],['relaxing'],30
vtsouval_mtg_jamendo_autotagging_00000024,anglo_pop,audio/vtsouval_mtg_jamendo_autotagging_00000024.mp3,vtsouval/mtg_jamendo_autotagging,train,24,"['pop', 'minimal']",['piano'],['relaxing'],30
vtsouval_mtg_jamendo_autotagging_00000025,anglo_pop,audio/vtsouval_mtg_jamendo_autotagging_00000025.mp3,vtsouval/mtg_jamendo_autotagging,train,25,['pop'],['piano'],['relaxing'],30
vtsouval_mtg_jamendo_autotagging_00000026,anglo_pop,audio/vtsouval_mtg_jamendo_autotagging_00000026.mp3,vtsouval/mtg_jamendo_autotagging,train,26,"['folk', 'pop']",['piano'],['relaxing'],30
vtsouval_mtg_jamendo_autotagging_00000027,anglo_pop,audio/vtsouval_mtg_jamendo_autotagging_00000027.mp3,vtsouval/mtg_jamendo_autotagging,train,27,"['pop', 'country', 'popfolk']",['piano'],['relaxing'],30
vtsouval_mtg_jamendo_autotagging_00000028,anglo_pop,audio/vtsouval_mtg_jamendo_autotagging_00000028.mp3,vtsouval/mtg_jamendo_autotagging,train,28,"['pop', 'classical']",['piano'],['relaxing'],30
vtsouval_mtg_jamendo_autotagging_00000029,anglo_pop,audio/vtsouval_mtg_jamendo_autotagging_00000029.mp3,vtsouval/mtg_jamendo_autotagging,train,29,['pop'],['piano'],['relaxing'],30
vtsouval_mtg_jamendo_autotagging_00000030,anglo_pop,audio/vtsouval_mtg_jamendo_autotagging_00000030.mp3,vtsouval/mtg_jamendo_autotagging,train,30,"['pop', 'jazz']",['piano'],['relaxing'],30
vtsouval_mtg_jamendo_autotagging_00000031,anglo_pop,audio/vtsouval_mtg_jamendo_autotagging_00000031.mp3,vtsouval/mtg_jamendo_autotagging,train,31,['pop'],['piano'],['relaxing'],30
vtsouval_mtg_jamendo_autotagging_00000032,anglo_pop,audio/vtsouval_mtg_jamendo_autotagging_00000032.mp3,vtsouval/mtg_jamendo_autotagging,train,32,"['pop', 'minimal']",['piano'],['relaxing'],30
vtsouval_mtg_jamendo_autotagging_00000033,anglo_pop,audio/vtsouval_mtg_jamendo_autotagging_00000033.mp3,vtsouval/mtg_jamendo_autotagging,train,33,"['pop', 'minimal']",['piano'],['relaxing'],30
vtsouval_mtg_jamendo_autotagging_00000034,anglo_pop,audio/vtsouval_mtg_jamendo_autotagging_00000034.mp3,vtsouval/mtg_jamendo_autotagging,train,34,"['groove', 'pop']",['piano'],['relaxing'],30
vtsouval_mtg_jamendo_autotagging_00000035,anglo_pop,audio/vtsouval_mtg_jamendo_autotagging_00000035.mp3,vtsouval/mtg_jamendo_autotagging,train,35,"['groove', 'easylistening', 'pop', 'lounge']",['piano'],['relaxing'],30
vtsouval_mtg_jamendo_autotagging_00000036,anglo_pop,audio/vtsouval_mtg_jamendo_autotagging_00000036.mp3,vtsouval/mtg_jamendo_autotagging,train,36,"['groove', 'pop']",['piano'],['relaxing'],30
vtsouval_mtg_jamendo_autotagging_00000037,anglo_pop,audio/vtsouval_mtg_jamendo_autotagging_00000037.mp3,vtsouval/mtg_jamendo_autotagging,train,37,"['groove', 'pop']",['piano'],['relaxing'],30
vtsouval_mtg_jamendo_autotagging_00000038,anglo_pop,audio/vtsouval_mtg_jamendo_autotagging_00000038.mp3,vtsouval/mtg_jamendo_autotagging,train,38,"['groove', 'pop']",['piano'],['relaxing'],30
vtsouval_mtg_jamendo_autotagging_00000039,anglo_pop,audio/vtsouval_mtg_jamendo_autotagging_00000039.mp3,vtsouval/mtg_jamendo_autotagging,train,39,"['groove', 'pop']",['piano'],['relaxing'],30
vtsouval_mtg_jamendo_autotagging_00000040,anglo_pop,audio/vtsouval_mtg_jamendo_autotagging_00000040.mp3,vtsouval/mtg_jamendo_autotagging,train,40,"['groove', 'pop']",['piano'],['relaxing'],30
vtsouval_mtg_jamendo_autotagging_00000041,anglo_pop,audio/vtsouval_mtg_jamendo_autotagging_00000041.mp3,vtsouval/mtg_jamendo_autotagging,train,41,"['chanson', 'pop', 'electronic']","['synthesizer', 'computer', 'drummachine', 'guitar', 'electricguitar', 'bass', 'voice', 'keyboard', 'drums', 'sampler']",['emotional'],30
vtsouval_mtg_jamendo_autotagging_00000042,anglo_pop,audio/vtsouval_mtg_jamendo_autotagging_00000042.mp3,vtsouval/mtg_jamendo_autotagging,train,42,"['downtempo', 'soundtrack', 'easylistening', 'synthpop', 'pop', 'electronic']","['strings', 'synthesizer', 'computer', 'drummachine', 'piano', 'guitar', 'bass', 'keyboard', 'drums', 'acousticguitar', 'sampler']",['melancholic'],30
vtsouval_mtg_jamendo_autotagging_00000043,anglo_pop,audio/vtsouval_mtg_jamendo_autotagging_00000043.mp3,vtsouval/mtg_jamendo_autotagging,train,43,"['synthpop', 'pop', 'rock', 'electronic', 'poprock']","['drums', 'synthesizer', 'computer', 'drummachine', 'guitar', 'bass', 'voice']",['love'],30
vtsouval_mtg_jamendo_autotagging_00000044,anglo_pop,audio/vtsouval_mtg_jamendo_autotagging_00000044.mp3,vtsouval/mtg_jamendo_autotagging,train,44,"['triphop', 'downtempo', 'choir', 'soundtrack', 'symphonic', 'easylistening', 'electronic']","['strings', 'synthesizer', 'computer', 'drummachine', 'violin', 'piano', 'electricguitar', 'keyboard', 'drums', 'cello', 'sampler']",['drama'],30
vtsouval_mtg_jamendo_autotagging_00000045,anglo_pop,audio/vtsouval_mtg_jamendo_autotagging_00000045.mp3,vtsouval/mtg_jamendo_autotagging,train,45,"['soundtrack', 'easylistening', 'pop', 'electronic']","['drums', 'guitar', 'computer', 'drummachine', 'acousticguitar', 'bass', 'sampler']",['adventure'],30
vtsouval_mtg_jamendo_autotagging_00000046,anglo_pop,audio/vtsouval_mtg_jamendo_autotagging_00000046.mp3,vtsouval/mtg_jamendo_autotagging,train,46,"['downtempo', 'soundtrack', 'choir', 'orchestral', 'easylistening', 'pop', 'electronic']","['drums', 'strings', 'computer', 'drummachine', 'keyboard', 'sampler', 'bass', 'cello']",['drama'],30
vtsouval_mtg_jamendo_autotagging_00000047,anglo_pop,audio/vtsouval_mtg_jamendo_autotagging_00000047.mp3,vtsouval/mtg_jamendo_autotagging,train,47,"['soundtrack', 'orchestral', 'easylistening', 'pop', 'electronic']","['drums', 'strings', 'computer', 'drummachine', 'keyboard', 'sampler', 'bass', 'cello']",['drama'],30
vtsouval_mtg_jamendo_autotagging_00000048,anglo_pop,audio/vtsouval_mtg_jamendo_autotagging_00000048.mp3,vtsouval/mtg_jamendo_autotagging,train,48,"['pop', 'indie', 'alternative']","['drums', 'synthesizer', 'piano', 'acousticguitar', 'electricguitar', 'bass']",['melodic'],30
vtsouval_mtg_jamendo_autotagging_00000049,anglo_pop,audio/vtsouval_mtg_jamendo_autotagging_00000049.mp3,vtsouval/mtg_jamendo_autotagging,train,49,"['blues', 'improvisation', 'jazz']",['guitar'],['cool'],30
vtsouval_mtg_jamendo_autotagging_00000050,anglo_pop,audio/vtsouval_mtg_jamendo_autotagging_00000050.mp3,vtsouval/mtg_jamendo_autotagging,train,50,"['blues', 'improvisation', 'jazz']",['guitar'],['cool'],30
vtsouval_mtg_jamendo_autotagging_00000051,anglo_pop,audio/vtsouval_mtg_jamendo_autotagging_00000051.mp3,vtsouval/mtg_jamendo_autotagging,train,51,"['blues', 'improvisation', 'jazz']",['guitar'],['cool'],30
vtsouval_mtg_jamendo_autotagging_00000052,anglo_pop,audio/vtsouval_mtg_jamendo_autotagging_00000052.mp3,vtsouval/mtg_jamendo_autotagging,train,52,"['blues', 'improvisation', 'jazz']",['guitar'],['cool'],30
vtsouval_mtg_jamendo_autotagging_00000053,anglo_pop,audio/vtsouval_mtg_jamendo_autotagging_00000053.mp3,vtsouval/mtg_jamendo_autotagging,train,53,"['blues', 'improvisation', 'jazz']",['guitar'],['cool'],30
vtsouval_mtg_jamendo_autotagging_00000054,anglo_pop,audio/vtsouval_mtg_jamendo_autotagging_00000054.mp3,vtsouval/mtg_jamendo_autotagging,train,54,"['blues', 'improvisation', 'jazz']",['guitar'],['cool'],30
vtsouval_mtg_jamendo_autotagging_00000055,anglo_pop,audio/vtsouval_mtg_jamendo_autotagging_00000055.mp3,vtsouval/mtg_jamendo_autotagging,train,55,"['blues', 'improvisation', 'jazz']",['guitar'],['cool'],30
vtsouval_mtg_jamendo_autotagging_00000056,anglo_pop,audio/vtsouval_mtg_jamendo_autotagging_00000056.mp3,vtsouval/mtg_jamendo_autotagging,train,56,"['blues', 'improvisation', 'jazz']",['guitar'],['cool'],30
vtsouval_mtg_jamendo_autotagging_00000057,anglo_pop,audio/vtsouval_mtg_jamendo_autotagging_00000057.mp3,vtsouval/mtg_jamendo_autotagging,train,57,"['blues', 'improvisation', 'jazz']",['guitar'],['cool'],30
vtsouval_mtg_jamendo_autotagging_00000058,anglo_pop,audio/vtsouval_mtg_jamendo_autotagging_00000058.mp3,vtsouval/mtg_jamendo_autotagging,train,58,"['blues', 'jazz', 'improvisation', 'bossanova']",['guitar'],['cool'],30
vtsouval_mtg_jamendo_autotagging_00000059,anglo_pop,audio/vtsouval_mtg_jamendo_autotagging_00000059.mp3,vtsouval/mtg_jamendo_autotagging,train,59,"['classical', 'contemporary']",['guitar'],"['calm', 'relaxing', 'soft', 'melodic']",30
vtsouval_mtg_jamendo_autotagging_00000060,anglo_pop,audio/vtsouval_mtg_jamendo_autotagging_00000060.mp3,vtsouval/mtg_jamendo_autotagging,train,60,"['classical', 'contemporary']",['guitar'],"['calm', 'relaxing', 'soft', 'melodic']",30
vtsouval_mtg_jamendo_autotagging_00000061,anglo_pop,audio/vtsouval_mtg_jamendo_autotagging_00000061.mp3,vtsouval/mtg_jamendo_autotagging,train,61,"['classical', 'contemporary']",['guitar'],"['calm', 'relaxing', 'soft', 'melodic']",30
vtsouval_mtg_jamendo_autotagging_00000062,anglo_pop,audio/vtsouval_mtg_jamendo_autotagging_00000062.mp3,vtsouval/mtg_jamendo_autotagging,train,62,"['classical', 'contemporary']",['guitar'],"['calm', 'relaxing', 'soft', 'melodic']",30
vtsouval_mtg_jamendo_autotagging_00000063,anglo_pop,audio/vtsouval_mtg_jamendo_autotagging_00000063.mp3,vtsouval/mtg_jamendo_autotagging,train,63,"['classical', 'contemporary']",['guitar'],"['calm', 'relaxing', 'soft', 'melodic']",30
vtsouval_mtg_jamendo_autotagging_00000064,anglo_pop,audio/vtsouval_mtg_jamendo_autotagging_00000064.mp3,vtsouval/mtg_jamendo_autotagging,train,64,"['classical', 'contemporary']",['guitar'],"['calm', 'relaxing', 'soft', 'melodic']",30
vtsouval_mtg_jamendo_autotagging_00000065,anglo_pop,audio/vtsouval_mtg_jamendo_autotagging_00000065.mp3,vtsouval/mtg_jamendo_autotagging,train,65,"['classical', 'contemporary']",['guitar'],"['calm', 'relaxing', 'soft', 'melodic']",30
vtsouval_mtg_jamendo_autotagging_00000066,anglo_pop,audio/vtsouval_mtg_jamendo_autotagging_00000066.mp3,vtsouval/mtg_jamendo_autotagging,train,66,['classical'],['piano'],['relaxing'],30
vtsouval_mtg_jamendo_autotagging_00000067,anglo_pop,audio/vtsouval_mtg_jamendo_autotagging_00000067.mp3,vtsouval/mtg_jamendo_autotagging,train,67,['classical'],['piano'],['relaxing'],30
vtsouval_mtg_jamendo_autotagging_00000068,anglo_pop,audio/vtsouval_mtg_jamendo_autotagging_00000068.mp3,vtsouval/mtg_jamendo_autotagging,train,68,['classical'],['piano'],['relaxing'],30
vtsouval_mtg_jamendo_autotagging_00000069,anglo_pop,audio/vtsouval_mtg_jamendo_autotagging_00000069.mp3,vtsouval/mtg_jamendo_autotagging,train,69,['classical'],['piano'],['relaxing'],30
vtsouval_mtg_jamendo_autotagging_00000070,anglo_pop,audio/vtsouval_mtg_jamendo_autotagging_00000070.mp3,vtsouval/mtg_jamendo_autotagging,train,70,['classical'],['piano'],['relaxing'],30
vtsouval_mtg_jamendo_autotagging_00000071,anglo_pop,audio/vtsouval_mtg_jamendo_autotagging_00000071.mp3,vtsouval/mtg_jamendo_autotagging,train,71,['classical'],['piano'],['relaxing'],30
vtsouval_mtg_jamendo_autotagging_00000072,anglo_pop,audio/vtsouval_mtg_jamendo_autotagging_00000072.mp3,vtsouval/mtg_jamendo_autotagging,train,72,"['instrumentalpop', 'classical']",['piano'],['relaxing'],30
vtsouval_mtg_jamendo_autotagging_00000073,anglo_pop,audio/vtsouval_mtg_jamendo_autotagging_00000073.mp3,vtsouval/mtg_jamendo_autotagging,train,73,['classical'],['piano'],['relaxing'],30
vtsouval_mtg_jamendo_autotagging_00000074,anglo_pop,audio/vtsouval_mtg_jamendo_autotagging_00000074.mp3,vtsouval/mtg_jamendo_autotagging,train,74,['classical'],['piano'],['relaxing'],30
vtsouval_mtg_jamendo_autotagging_00000075,anglo_pop,audio/vtsouval_mtg_jamendo_autotagging_00000075.mp3,vtsouval/mtg_jamendo_autotagging,train,75,['classical'],['piano'],['relaxing'],30
vtsouval_mtg_jamendo_autotagging_00000076,anglo_pop,audio/vtsouval_mtg_jamendo_autotagging_00000076.mp3,vtsouval/mtg_jamendo_autotagging,train,76,['classical'],['piano'],['relaxing'],30
vtsouval_mtg_jamendo_autotagging_00000077,anglo_pop,audio/vtsouval_mtg_jamendo_autotagging_00000077.mp3,vtsouval/mtg_jamendo_autotagging,train,77,['classical'],['piano'],['relaxing'],30
vtsouval_mtg_jamendo_autotagging_00000078,anglo_pop,audio/vtsouval_mtg_jamendo_autotagging_00000078.mp3,vtsouval/mtg_jamendo_autotagging,train,78,['classical'],['piano'],['relaxing'],30
vtsouval_mtg_jamendo_autotagging_00000079,anglo_pop,audio/vtsouval_mtg_jamendo_autotagging_00000079.mp3,vtsouval/mtg_jamendo_autotagging,train,79,"['instrumentalpop', 'classical']",['piano'],['relaxing'],30
vtsouval_mtg_jamendo_autotagging_00000080,anglo_pop,audio/vtsouval_mtg_jamendo_autotagging_00000080.mp3,vtsouval/mtg_jamendo_autotagging,train,80,['classical'],['piano'],['relaxing'],30
vtsouval_mtg_jamendo_autotagging_00000081,anglo_pop,audio/vtsouval_mtg_jamendo_autotagging_00000081.mp3,vtsouval/mtg_jamendo_autotagging,train,81,['classical'],['piano'],['relaxing'],30
vtsouval_mtg_jamendo_autotagging_00000082,anglo_pop,audio/vtsouval_mtg_jamendo_autotagging_00000082.mp3,vtsouval/mtg_jamendo_autotagging,train,82,"['soundtrack', 'triphop', 'easylistening', 'electronic']","['piano', 'electricguitar', 'drummachine', 'violin']",['ballad'],30
vtsouval_mtg_jamendo_autotagging_00000083,anglo_pop,audio/vtsouval_mtg_jamendo_autotagging_00000083.mp3,vtsouval/mtg_jamendo_autotagging,train,83,"['progressive', 'pop', 'rock']","['electricguitar', 'bass']","['ballad', 'advertising']",30
vtsouval_mtg_jamendo_autotagging_00000084,anglo_pop,audio/vtsouval_mtg_jamendo_autotagging_00000084.mp3,vtsouval/mtg_jamendo_autotagging,train,84,"['pop', 'rock', 'instrumentalpop']","['drums', 'synthesizer', 'pipeorgan', 'electricguitar', 'bass']","['emotional', 'ballad']",30
vtsouval_mtg_jamendo_autotagging_00000085,anglo_pop,audio/vtsouval_mtg_jamendo_autotagging_00000085.mp3,vtsouval/mtg_jamendo_autotagging,train,85,"['soundtrack', 'easylistening', 'electronic']","['drums', 'synthesizer']",['epic'],30
vtsouval_mtg_jamendo_autotagging_00000086,anglo_pop,audio/vtsouval_mtg_jamendo_autotagging_00000086.mp3,vtsouval/mtg_jamendo_autotagging,train,86,"['techno', 'soundtrack', 'pop', 'dance', 'electronic']","['synthesizer', 'bass', 'drummachine']",['emotional'],30
vtsouval_mtg_jamendo_autotagging_00000087,anglo_pop,audio/vtsouval_mtg_jamendo_autotagging_00000087.mp3,vtsouval/mtg_jamendo_autotagging,train,87,"['easylistening', 'instrumentalpop', 'chillout', 'electronic', 'pop']","['synthesizer', 'trumpet', 'drummachine', 'violin', 'bass']",['emotional'],30
vtsouval_mtg_jamendo_autotagging_00000088,anglo_pop,audio/vtsouval_mtg_jamendo_autotagging_00000088.mp3,vtsouval/mtg_jamendo_autotagging,train,88,"['soundtrack', 'pop', 'instrumentalpop', 'electronic']","['drums', 'pipeorgan', 'electricguitar', 'bass']",['emotional'],30
vtsouval_mtg_jamendo_autotagging_00000089,anglo_pop,audio/vtsouval_mtg_jamendo_autotagging_00000089.mp3,vtsouval/mtg_jamendo_autotagging,train,89,"['soundtrack', 'triphop', 'pop', 'electronic']","['pipeorgan', 'bass', 'drummachine', 'synthesizer']",['emotional'],30
vtsouval_mtg_jamendo_autotagging_00000090,anglo_pop,audio/vtsouval_mtg_jamendo_autotagging_00000090.mp3,vtsouval/mtg_jamendo_autotagging,train,90,"['soundtrack', 'easylistening', 'electronic']",['cello'],['dark'],30
vtsouval_mtg_jamendo_autotagging_00000091,anglo_pop,audio/vtsouval_mtg_jamendo_autotagging_00000091.mp3,vtsouval/mtg_jamendo_autotagging,train,91,"['jazzfusion', 'jazz']","['drums', 'guitar', 'bass']",['energetic'],30
vtsouval_mtg_jamendo_autotagging_00000092,anglo_pop,audio/vtsouval_mtg_jamendo_autotagging_00000092.mp3,vtsouval/mtg_jamendo_autotagging,train,92,"['jazzfusion', 'fusion', 'jazz']","['drums', 'guitar', 'bass']",['energetic'],30
vtsouval_mtg_jamendo_autotagging_00000093,anglo_pop,audio/vtsouval_mtg_jamendo_autotagging_00000093.mp3,vtsouval/mtg_jamendo_autotagging,train,93,"['jazzfusion', 'jazz']","['drums', 'guitar', 'bass']",['energetic'],30
vtsouval_mtg_jamendo_autotagging_00000094,anglo_pop,audio/vtsouval_mtg_jamendo_autotagging_00000094.mp3,vtsouval/mtg_jamendo_autotagging,train,94,"['jazzfusion', 'fusion', 'jazz']","['drums', 'guitar', 'bass']",['energetic'],30
vtsouval_mtg_jamendo_autotagging_00000095,anglo_pop,audio/vtsouval_mtg_jamendo_autotagging_00000095.mp3,vtsouval/mtg_jamendo_autotagging,train,95,"['jazzfusion', 'fusion', 'jazz']","['drums', 'guitar', 'bass']",['energetic'],30
vtsouval_mtg_jamendo_autotagging_00000096,anglo_pop,audio/vtsouval_mtg_jamendo_autotagging_00000096.mp3,vtsouval/mtg_jamendo_autotagging,train,96,"['lounge', 'ambient', 'soundtrack', 'chillout', 'electronic']","['piano', 'violin']",['love'],30
vtsouval_mtg_jamendo_autotagging_00000097,anglo_pop,audio/vtsouval_mtg_jamendo_autotagging_00000097.mp3,vtsouval/mtg_jamendo_autotagging,train,97,"['chillout', 'electronic']",['synthesizer'],['soft'],30
vtsouval_mtg_jamendo_autotagging_00000098,anglo_pop,audio/vtsouval_mtg_jamendo_autotagging_00000098.mp3,vtsouval/mtg_jamendo_autotagging,train,98,"['ambient', 'electronic']",['synthesizer'],['relaxing'],30
vtsouval_mtg_jamendo_autotagging_00000099,anglo_pop,audio/vtsouval_mtg_jamendo_autotagging_00000099.mp3,vtsouval/mtg_jamendo_autotagging,train,99,"['easylistening', 'ambient']",['synthesizer'],"['soft', 'relaxing']",30
vtsouval_mtg_jamendo_autotagging_00000100,anglo_pop,audio/vtsouval_mtg_jamendo_autotagging_00000100.mp3,vtsouval/mtg_jamendo_autotagging,train,100,"['easylistening', 'newage']",['synthesizer'],['relaxing'],30
vtsouval_mtg_jamendo_autotagging_00000101,anglo_pop,audio/vtsouval_mtg_jamendo_autotagging_00000101.mp3,vtsouval/mtg_jamendo_autotagging,train,101,"['lounge', 'chillout']",['synthesizer'],"['soft', 'relaxing']",30
vtsouval_mtg_jamendo_autotagging_00000102,anglo_pop,audio/vtsouval_mtg_jamendo_autotagging_00000102.mp3,vtsouval/mtg_jamendo_autotagging,train,102,"['jazzfunk', 'ambient', 'pop', 'rock', 'instrumentalpop']","['acousticguitar', 'electricguitar', 'drummachine', 'synthesizer']","['meditative', 'space']",30
vtsouval_mtg_jamendo_autotagging_00000103,anglo_pop,audio/vtsouval_mtg_jamendo_autotagging_00000103.mp3,vtsouval/mtg_jamendo_autotagging,train,103,"['jazzfunk', 'ambient', 'pop', 'rock', 'instrumentalpop']","['acousticguitar', 'electricguitar', 'drummachine', 'synthesizer']","['meditative', 'space']",30
vtsouval_mtg_jamendo_autotagging_00000104,anglo_pop,audio/vtsouval_mtg_jamendo_autotagging_00000104.mp3,vtsouval/mtg_jamendo_autotagging,train,104,"['jazzfunk', 'ambient', 'easylistening', 'rock', 'instrumentalpop', 'pop']","['acousticguitar', 'electricguitar', 'drummachine', 'synthesizer']","['meditative', 'space']",30
vtsouval_mtg_jamendo_autotagging_00000105,anglo_pop,audio/vtsouval_mtg_jamendo_autotagging_00000105.mp3,vtsouval/mtg_jamendo_autotagging,train,105,"['jazzfunk', 'ambient', 'pop', 'rock', 'instrumentalpop']","['acousticguitar', 'electricguitar', 'drummachine', 'synthesizer']","['meditative', 'space']",30
vtsouval_mtg_jamendo_autotagging_00000106,anglo_pop,audio/vtsouval_mtg_jamendo_autotagging_00000106.mp3,vtsouval/mtg_jamendo_autotagging,train,106,"['soundtrack', 'jazz', 'electronic', 'experimental']","['piano', 'acousticbassguitar', 'trumpet', 'saxophone']","['horror', 'drama']",30
vtsouval_mtg_jamendo_autotagging_00000107,anglo_pop,audio/vtsouval_mtg_jamendo_autotagging_00000107.mp3,vtsouval/mtg_jamendo_autotagging,train,107,"['soundtrack', 'easylistening', 'pop', 'poprock']","['piano', 'acousticbassguitar', 'violin']","['nature', 'adventure']",30
vtsouval_mtg_jamendo_autotagging_00000108,anglo_pop,audio/vtsouval_mtg_jamendo_autotagging_00000108.mp3,vtsouval/mtg_jamendo_autotagging,train,108,"['soundtrack', 'jazz', 'grunge', 'experimental']","['piano', 'synthesizer', 'trumpet', 'saxophone']","['emotional', 'horror']",30
vtsouval_mtg_jamendo_autotagging_00000109,anglo_pop,audio/vtsouval_mtg_jamendo_autotagging_00000109.mp3,vtsouval/mtg_jamendo_autotagging,train,109,"['soundtrack', 'rock', 'grunge', 'experimental']","['trumpet', 'violin', 'piano', 'pipeorgan', 'electricguitar']",['horror'],30
vtsouval_mtg_jamendo_autotagging_00000110,anglo_pop,audio/vtsouval_mtg_jamendo_autotagging_00000110.mp3,vtsouval/mtg_jamendo_autotagging,train,110,"['pop', 'alternative']","['drummachine', 'voice', 'electricguitar', 'bass', 'cello']",['melancholic'],30
vtsouval_mtg_jamendo_autotagging_00000111,anglo_pop,audio/vtsouval_mtg_jamendo_autotagging_00000111.mp3,vtsouval/mtg_jamendo_autotagging,train,111,"['hard', 'rock', 'metal', 'hardrock']",['guitar'],['melodic'],30
vtsouval_mtg_jamendo_autotagging_00000112,anglo_pop,audio/vtsouval_mtg_jamendo_autotagging_00000112.mp3,vtsouval/mtg_jamendo_autotagging,train,112,"['hard', 'rock', 'metal', 'hardrock']",['guitar'],['melodic'],30
vtsouval_mtg_jamendo_autotagging_00000113,anglo_pop,audio/vtsouval_mtg_jamendo_autotagging_00000113.mp3,vtsouval/mtg_jamendo_autotagging,train,113,"['hard', 'rock', 'metal', 'hardrock']",['guitar'],['melodic'],30
vtsouval_mtg_jamendo_autotagging_00000114,anglo_pop,audio/vtsouval_mtg_jamendo_autotagging_00000114.mp3,vtsouval/mtg_jamendo_autotagging,train,114,"['hard', 'rock', 'metal', 'hardrock']",['guitar'],['melodic'],30
vtsouval_mtg_jamendo_autotagging_00000115,anglo_pop,audio/vtsouval_mtg_jamendo_autotagging_00000115.mp3,vtsouval/mtg_jamendo_autotagging,train,115,"['hard', 'rock', 'metal', 'hardrock']",['guitar'],['melodic'],30
vtsouval_mtg_jamendo_autotagging_00000116,anglo_pop,audio/vtsouval_mtg_jamendo_autotagging_00000116.mp3,vtsouval/mtg_jamendo_autotagging,train,116,"['hard', 'rock', 'metal', 'hardrock']",['guitar'],['melodic'],30
vtsouval_mtg_jamendo_autotagging_00000117,anglo_pop,audio/vtsouval_mtg_jamendo_autotagging_00000117.mp3,vtsouval/mtg_jamendo_autotagging,train,117,"['hard', 'rock', 'metal', 'hardrock']",['guitar'],['melodic'],30
vtsouval_mtg_jamendo_autotagging_00000118,anglo_pop,audio/vtsouval_mtg_jamendo_autotagging_00000118.mp3,vtsouval/mtg_jamendo_autotagging,train,118,"['hard', 'rock', 'metal', 'hardrock']",['guitar'],['melodic'],30
vtsouval_mtg_jamendo_autotagging_00000119,anglo_pop,audio/vtsouval_mtg_jamendo_autotagging_00000119.mp3,vtsouval/mtg_jamendo_autotagging,train,119,"['hard', 'rock', 'metal', 'hardrock']",['guitar'],['melodic'],30
vtsouval_mtg_jamendo_autotagging_00000120,anglo_pop,audio/vtsouval_mtg_jamendo_autotagging_00000120.mp3,vtsouval/mtg_jamendo_autotagging,train,120,"['dance', 'eurodance', 'electronic']","['strings', 'voice', 'synthesizer', 'keyboard']",['happy'],30
vtsouval_mtg_jamendo_autotagging_00000121,anglo_pop,audio/vtsouval_mtg_jamendo_autotagging_00000121.mp3,vtsouval/mtg_jamendo_autotagging,train,121,['techno'],"['saxophone', 'keyboard']",['summer'],30
vtsouval_mtg_jamendo_autotagging_00000122,anglo_pop,audio/vtsouval_mtg_jamendo_autotagging_00000122.mp3,vtsouval/mtg_jamendo_autotagging,train,122,"['trance', 'techno']","['piano', 'keyboard']","['space', 'dark']",30
vtsouval_mtg_jamendo_autotagging_00000123,anglo_pop,audio/vtsouval_mtg_jamendo_autotagging_00000123.mp3,vtsouval/mtg_jamendo_autotagging,train,123,"['newage', 'electronic']",['piano'],['dream'],30
vtsouval_mtg_jamendo_autotagging_00000124,anglo_pop,audio/vtsouval_mtg_jamendo_autotagging_00000124.mp3,vtsouval/mtg_jamendo_autotagging,train,124,"['soundtrack', 'easylistening', 'synthpop', 'pop', 'electronic']","['drums', 'synthesizer', 'computer', 'drummachine', 'sampler', 'acousticguitar', 'guitar', 'keyboard']",['adventure'],30
vtsouval_mtg_jamendo_autotagging_00000125,anglo_pop,audio/vtsouval_mtg_jamendo_autotagging_00000125.mp3,vtsouval/mtg_jamendo_autotagging,train,125,"['easylistening', 'synthpop', 'pop', 'electronic']","['guitar', 'synthesizer', 'computer', 'drummachine', 'sampler', 'acousticguitar', 'bass', 'keyboard']",['adventure'],30
vtsouval_mtg_jamendo_autotagging_00000126,anglo_pop,audio/vtsouval_mtg_jamendo_autotagging_00000126.mp3,vtsouval/mtg_jamendo_autotagging,train,126,"['soundtrack', 'classical']",['piano'],['calm'],30
vtsouval_mtg_jamendo_autotagging_00000127,anglo_pop,audio/vtsouval_mtg_jamendo_autotagging_00000127.mp3,vtsouval/mtg_jamendo_autotagging,train,127,"['easylistening', 'classical']",['guitar'],['emotional'],30
vtsouval_mtg_jamendo_autotagging_00000128,anglo_pop,audio/vtsouval_mtg_jamendo_autotagging_00000128.mp3,vtsouval/mtg_jamendo_autotagging,train,128,"['soundtrack', 'classical']",['piano'],"['emotional', 'film']",30
vtsouval_mtg_jamendo_autotagging_00000129,anglo_pop,audio/vtsouval_mtg_jamendo_autotagging_00000129.mp3,vtsouval/mtg_jamendo_autotagging,train,129,"['easylistening', 'newage', 'contemporary']",['harp'],['happy'],30
vtsouval_mtg_jamendo_autotagging_00000130,anglo_pop,audio/vtsouval_mtg_jamendo_autotagging_00000130.mp3,vtsouval/mtg_jamendo_autotagging,train,130,"['soundtrack', 'easylistening']",['harp'],"['positive', 'film']",30
vtsouval_mtg_jamendo_autotagging_00000131,anglo_pop,audio/vtsouval_mtg_jamendo_autotagging_00000131.mp3,vtsouval/mtg_jamendo_autotagging,train,131,"['newage', 'classical']",['piano'],['melancholic'],30
vtsouval_mtg_jamendo_autotagging_00000132,anglo_pop,audio/vtsouval_mtg_jamendo_autotagging_00000132.mp3,vtsouval/mtg_jamendo_autotagging,train,132,"['easylistening', 'classical']",['piano'],['romantic'],30
vtsouval_mtg_jamendo_autotagging_00000133,anglo_pop,audio/vtsouval_mtg_jamendo_autotagging_00000133.mp3,vtsouval/mtg_jamendo_autotagging,train,133,"['soundtrack', 'easylistening']",['piano'],['film'],30
vtsouval_mtg_jamendo_autotagging_00000134,anglo_pop,audio/vtsouval_mtg_jamendo_autotagging_00000134.mp3,vtsouval/mtg_jamendo_autotagging,train,134,"['newage', 'classical']",['piano'],"['sad', 'melancholic']",30
vtsouval_mtg_jamendo_autotagging_00000135,anglo_pop,audio/vtsouval_mtg_jamendo_autotagging_00000135.mp3,vtsouval/mtg_jamendo_autotagging,train,135,"['easylistening', 'classical']",['piano'],"['emotional', 'drama']",30
vtsouval_mtg_jamendo_autotagging_00000136,anglo_pop,audio/vtsouval_mtg_jamendo_autotagging_00000136.mp3,vtsouval/mtg_jamendo_autotagging,train,136,"['easylistening', 'classical']",['harp'],['inspiring'],30
vtsouval_mtg_jamendo_autotagging_00000137,anglo_pop,audio/vtsouval_mtg_jamendo_autotagging_00000137.mp3,vtsouval/mtg_jamendo_autotagging,train,137,"['easylistening', 'newage']",['guitar'],['happy'],30
vtsouval_mtg_jamendo_autotagging_00000138,anglo_pop,audio/vtsouval_mtg_jamendo_autotagging_00000138.mp3,vtsouval/mtg_jamendo_autotagging,train,138,"['newage', 'classical']",['piano'],['hopeful'],30
vtsouval_mtg_jamendo_autotagging_00000139,anglo_pop,audio/vtsouval_mtg_jamendo_autotagging_00000139.mp3,vtsouval/mtg_jamendo_autotagging,train,139,"['easylistening', 'classical']",['piano'],"['sad', 'melancholic']",30
vtsouval_mtg_jamendo_autotagging_00000140,anglo_pop,audio/vtsouval_mtg_jamendo_autotagging_00000140.mp3,vtsouval/mtg_jamendo_autotagging,train,140,"['newage', 'classical']",['piano'],['emotional'],30
vtsouval_mtg_jamendo_autotagging_00000141,anglo_pop,audio/vtsouval_mtg_jamendo_autotagging_00000141.mp3,vtsouval/mtg_jamendo_autotagging,train,141,"['easylistening', 'newage', 'classical', 'contemporary']",['guitar'],"['documentary', 'emotional', 'drama']",30
vtsouval_mtg_jamendo_autotagging_00000142,anglo_pop,audio/vtsouval_mtg_jamendo_autotagging_00000142.mp3,vtsouval/mtg_jamendo_autotagging,train,142,"['newage', 'contemporary', 'easylistening', 'instrumentalpop', 'pop']",['guitar'],"['emotional', 'drama']",30
vtsouval_mtg_jamendo_autotagging_00000143,anglo_pop,audio/vtsouval_mtg_jamendo_autotagging_00000143.mp3,vtsouval/mtg_jamendo_autotagging,train,143,"['orchestral', 'soundtrack']",['harp'],['film'],30
vtsouval_mtg_jamendo_autotagging_00000144,anglo_pop,audio/vtsouval_mtg_jamendo_autotagging_00000144.mp3,vtsouval/mtg_jamendo_autotagging,train,144,"['pop', 'electronic']",['synthesizer'],"['romantic', 'slow']",30
vtsouval_mtg_jamendo_autotagging_00000145,anglo_pop,audio/vtsouval_mtg_jamendo_autotagging_00000145.mp3,vtsouval/mtg_jamendo_autotagging,train,145,"['easylistening', 'newage', 'pop', 'postrock']",['guitar'],['inspiring'],30
vtsouval_mtg_jamendo_autotagging_00000146,anglo_pop,audio/vtsouval_mtg_jamendo_autotagging_00000146.mp3,vtsouval/mtg_jamendo_autotagging,train,146,"['easylistening', 'newage', 'pop']",['guitar'],"['documentary', 'romantic', 'emotional']",30
vtsouval_mtg_jamendo_autotagging_00000147,anglo_pop,audio/vtsouval_mtg_jamendo_autotagging_00000147.mp3,vtsouval/mtg_jamendo_autotagging,train,147,"['soundtrack', 'easylistening']",['harp'],"['sad', 'melancholic']",30
vtsouval_mtg_jamendo_autotagging_00000148,anglo_pop,audio/vtsouval_mtg_jamendo_autotagging_00000148.mp3,vtsouval/mtg_jamendo_autotagging,train,148,"['soundtrack', 'classical']",['piano'],"['sad', 'melancholic']",30
vtsouval_mtg_jamendo_autotagging_00000149,anglo_pop,audio/vtsouval_mtg_jamendo_autotagging_00000149.mp3,vtsouval/mtg_jamendo_autotagging,train,149,"['soundtrack', 'pop', 'instrumentalpop', 'lounge']","['piano', 'bass', 'violin']","['emotional', 'soft']",30
vtsouval_mtg_jamendo_autotagging_00000150,anglo_pop,audio/vtsouval_mtg_jamendo_autotagging_00000150.mp3,vtsouval/mtg_jamendo_autotagging,train,150,"['pop', 'rock', 'electronic']","['guitar', 'synthesizer']","['calm', 'motivational', 'happy']",30
vtsouval_mtg_jamendo_autotagging_00000151,anglo_pop,audio/vtsouval_mtg_jamendo_autotagging_00000151.mp3,vtsouval/mtg_jamendo_autotagging,train,151,"['ambient', 'electronic']",['guitar'],['film'],30
vtsouval_mtg_jamendo_autotagging_00000152,anglo_pop,audio/vtsouval_mtg_jamendo_autotagging_00000152.mp3,vtsouval/mtg_jamendo_autotagging,train,152,"['triphop', 'pop', 'electronic']",['synthesizer'],['soft'],30
vtsouval_mtg_jamendo_autotagging_00000153,anglo_pop,audio/vtsouval_mtg_jamendo_autotagging_00000153.mp3,vtsouval/mtg_jamendo_autotagging,train,153,['easylistening'],['piano'],"['emotional', 'relaxing']",30
vtsouval_mtg_jamendo_autotagging_00000154,anglo_pop,audio/vtsouval_mtg_jamendo_autotagging_00000154.mp3,vtsouval/mtg_jamendo_autotagging,train,154,['easylistening'],['piano'],"['emotional', 'relaxing']",30
vtsouval_mtg_jamendo_autotagging_00000155,anglo_pop,audio/vtsouval_mtg_jamendo_autotagging_00000155.mp3,vtsouval/mtg_jamendo_autotagging,train,155,['easylistening'],['piano'],"['emotional', 'relaxing']",30
vtsouval_mtg_jamendo_autotagging_00000156,anglo_pop,audio/vtsouval_mtg_jamendo_autotagging_00000156.mp3,vtsouval/mtg_jamendo_autotagging,train,156,['easylistening'],['piano'],"['emotional', 'relaxing']",30
vtsouval_mtg_jamendo_autotagging_00000157,anglo_pop,audio/vtsouval_mtg_jamendo_autotagging_00000157.mp3,vtsouval/mtg_jamendo_autotagging,train,157,['easylistening'],['piano'],"['emotional', 'relaxing']",30
vtsouval_mtg_jamendo_autotagging_00000158,anglo_pop,audio/vtsouval_mtg_jamendo_autotagging_00000158.mp3,vtsouval/mtg_jamendo_autotagging,train,158,"['jazzfusion', 'jazz']","['drums', 'guitar', 'bass']",['energetic'],30
vtsouval_mtg_jamendo_autotagging_00000159,anglo_pop,audio/vtsouval_mtg_jamendo_autotagging_00000159.mp3,vtsouval/mtg_jamendo_autotagging,train,159,"['jazzfusion', 'jazz']","['drums', 'guitar', 'bass']",['energetic'],30
vtsouval_mtg_jamendo_autotagging_00000160,anglo_pop,audio/vtsouval_mtg_jamendo_autotagging_00000160.mp3,vtsouval/mtg_jamendo_autotagging,train,160,"['jazzfusion', 'jazz']","['drums', 'guitar', 'bass']",['energetic'],30
vtsouval_mtg_jamendo_autotagging_00000161,anglo_pop,audio/vtsouval_mtg_jamendo_autotagging_00000161.mp3,vtsouval/mtg_jamendo_autotagging,train,161,"['jazzfusion', 'jazz']","['drums', 'guitar', 'bass']",['energetic'],30
vtsouval_mtg_jamendo_autotagging_00000162,anglo_pop,audio/vtsouval_mtg_jamendo_autotagging_00000162.mp3,vtsouval/mtg_jamendo_autotagging,train,162,"['triphop', 'pop', 'electronic']","['drums', 'synthesizer', 'electricguitar', 'bass']",['ballad'],30
vtsouval_mtg_jamendo_autotagging_00000163,anglo_pop,audio/vtsouval_mtg_jamendo_autotagging_00000163.mp3,vtsouval/mtg_jamendo_autotagging,train,163,"['triphop', 'pop', 'electronic']","['drums', 'synthesizer', 'bass']",['ballad'],30
vtsouval_mtg_jamendo_autotagging_00000164,anglo_pop,audio/vtsouval_mtg_jamendo_autotagging_00000164.mp3,vtsouval/mtg_jamendo_autotagging,train,164,"['pop', 'electronic']","['drums', 'pipeorgan', 'bass', 'synthesizer']",['ballad'],30
vtsouval_mtg_jamendo_autotagging_00000165,anglo_pop,audio/vtsouval_mtg_jamendo_autotagging_00000165.mp3,vtsouval/mtg_jamendo_autotagging,train,165,"['triphop', 'pop', 'electronic']","['drums', 'synthesizer', 'bass']",['ballad'],30
vtsouval_mtg_jamendo_autotagging_00000166,anglo_pop,audio/vtsouval_mtg_jamendo_autotagging_00000166.mp3,vtsouval/mtg_jamendo_autotagging,train,166,"['triphop', 'newwave', 'electronic']","['drums', 'synthesizer', 'bass']",['ballad'],30
vtsouval_mtg_jamendo_autotagging_00000167,anglo_pop,audio/vtsouval_mtg_jamendo_autotagging_00000167.mp3,vtsouval/mtg_jamendo_autotagging,train,167,"['triphop', 'electronic']","['drums', 'synthesizer', 'pipeorgan', 'acousticguitar', 'bass']",['ballad'],30
vtsouval_mtg_jamendo_autotagging_00000168,anglo_pop,audio/vtsouval_mtg_jamendo_autotagging_00000168.mp3,vtsouval/mtg_jamendo_autotagging,train,168,"['rock', 'instrumentalrock']",['guitar'],['positive'],30
vtsouval_mtg_jamendo_autotagging_00000169,anglo_pop,audio/vtsouval_mtg_jamendo_autotagging_00000169.mp3,vtsouval/mtg_jamendo_autotagging,train,169,"['pop', 'rock', 'instrumentalpop']",['guitar'],"['ballad', 'slow']",30
vtsouval_mtg_jamendo_autotagging_00000170,anglo_pop,audio/vtsouval_mtg_jamendo_autotagging_00000170.mp3,vtsouval/mtg_jamendo_autotagging,train,170,"['rock', 'instrumentalrock']",['guitar'],['positive'],30
vtsouval_mtg_jamendo_autotagging_00000171,anglo_pop,audio/vtsouval_mtg_jamendo_autotagging_00000171.mp3,vtsouval/mtg_jamendo_autotagging,train,171,"['soundtrack', 'easylistening', 'ambient', 'electronic']",['computer'],['calm'],30
vtsouval_mtg_jamendo_autotagging_00000172,anglo_pop,audio/vtsouval_mtg_jamendo_autotagging_00000172.mp3,vtsouval/mtg_jamendo_autotagging,train,172,"['easylistening', 'ambient', 'electronic']",['strings'],['soundscape'],30
vtsouval_mtg_jamendo_autotagging_00000173,anglo_pop,audio/vtsouval_mtg_jamendo_autotagging_00000173.mp3,vtsouval/mtg_jamendo_autotagging,train,173,"['easylistening', 'electronic']","['piano', 'keyboard']","['documentary', 'soft']",30
vtsouval_mtg_jamendo_autotagging_00000174,anglo_pop,audio/vtsouval_mtg_jamendo_autotagging_00000174.mp3,vtsouval/mtg_jamendo_autotagging,train,174,"['classical', 'contemporary']",['guitar'],"['calm', 'relaxing', 'soft', 'melodic']",30
vtsouval_mtg_jamendo_autotagging_00000175,anglo_pop,audio/vtsouval_mtg_jamendo_autotagging_00000175.mp3,vtsouval/mtg_jamendo_autotagging,train,175,"['classical', 'contemporary']",['guitar'],"['calm', 'relaxing', 'soft', 'melodic']",30
vtsouval_mtg_jamendo_autotagging_00000176,anglo_pop,audio/vtsouval_mtg_jamendo_autotagging_00000176.mp3,vtsouval/mtg_jamendo_autotagging,train,176,"['classical', 'contemporary']",['guitar'],"['calm', 'relaxing', 'soft', 'melodic']",30
vtsouval_mtg_jamendo_autotagging_00000177,anglo_pop,audio/vtsouval_mtg_jamendo_autotagging_00000177.mp3,vtsouval/mtg_jamendo_autotagging,train,177,"['classical', 'contemporary']",['guitar'],"['calm', 'relaxing', 'soft', 'melodic']",30
vtsouval_mtg_jamendo_autotagging_00000178,anglo_pop,audio/vtsouval_mtg_jamendo_autotagging_00000178.mp3,vtsouval/mtg_jamendo_autotagging,train,178,"['classical', 'contemporary']",['guitar'],"['calm', 'relaxing', 'soft', 'melodic']",30
vtsouval_mtg_jamendo_autotagging_00000179,anglo_pop,audio/vtsouval_mtg_jamendo_autotagging_00000179.mp3,vtsouval/mtg_jamendo_autotagging,train,179,"['classical', 'contemporary']",['guitar'],"['calm', 'relaxing', 'soft', 'melodic']",30
vtsouval_mtg_jamendo_autotagging_00000180,anglo_pop,audio/vtsouval_mtg_jamendo_autotagging_00000180.mp3,vtsouval/mtg_jamendo_autotagging,train,180,"['classical', 'contemporary']",['guitar'],"['calm', 'relaxing', 'soft', 'melodic']",30
vtsouval_mtg_jamendo_autotagging_00000181,anglo_pop,audio/vtsouval_mtg_jamendo_autotagging_00000181.mp3,vtsouval/mtg_jamendo_autotagging,train,181,"['classical', 'contemporary']",['guitar'],"['calm', 'relaxing', 'soft', 'melodic']",30
vtsouval_mtg_jamendo_autotagging_00000182,anglo_pop,audio/vtsouval_mtg_jamendo_autotagging_00000182.mp3,vtsouval/mtg_jamendo_autotagging,train,182,"['classical', 'contemporary']",['guitar'],"['calm', 'relaxing', 'soft', 'melodic']",30
vtsouval_mtg_jamendo_autotagging_00000183,anglo_pop,audio/vtsouval_mtg_jamendo_autotagging_00000183.mp3,vtsouval/mtg_jamendo_autotagging,train,183,"['classical', 'contemporary']",['guitar'],"['calm', 'relaxing', 'soft', 'melodic']",30
vtsouval_mtg_jamendo_autotagging_00000184,anglo_pop,audio/vtsouval_mtg_jamendo_autotagging_00000184.mp3,vtsouval/mtg_jamendo_autotagging,train,184,"['soundtrack', 'electronic', 'experimental']","['drums', 'synthesizer', 'piano']","['action', 'epic']",30
vtsouval_mtg_jamendo_autotagging_00000185,anglo_pop,audio/vtsouval_mtg_jamendo_autotagging_00000185.mp3,vtsouval/mtg_jamendo_autotagging,train,185,"['soundtrack', 'pop', 'electronic']","['drums', 'synthesizer']","['dramatic', 'epic']",30
vtsouval_mtg_jamendo_autotagging_00000186,anglo_pop,audio/vtsouval_mtg_jamendo_autotagging_00000186.mp3,vtsouval/mtg_jamendo_autotagging,train,186,"['trance', 'techno']",['voice'],['energetic'],30
vtsouval_mtg_jamendo_autotagging_00000187,anglo_pop,audio/vtsouval_mtg_jamendo_autotagging_00000187.mp3,vtsouval/mtg_jamendo_autotagging,train,187,"['dance', 'eurodance']",['piano'],['sport'],30
vtsouval_mtg_jamendo_autotagging_00000188,anglo_pop,audio/vtsouval_mtg_jamendo_autotagging_00000188.mp3,vtsouval/mtg_jamendo_autotagging,train,188,"['medieval', 'ambient']","['guitar', 'flute']",['adventure'],30
vtsouval_mtg_jamendo_autotagging_00000189,anglo_pop,audio/vtsouval_mtg_jamendo_autotagging_00000189.mp3,vtsouval/mtg_jamendo_autotagging,train,189,"['ambient', 'electronic']",['synthesizer'],['space'],30
vtsouval_mtg_jamendo_autotagging_00000190,anglo_pop,audio/vtsouval_mtg_jamendo_autotagging_00000190.mp3,vtsouval/mtg_jamendo_autotagging,train,190,"['ambient', 'electronic']",['synthesizer'],['space'],30
vtsouval_mtg_jamendo_autotagging_00000191,anglo_pop,audio/vtsouval_mtg_jamendo_autotagging_00000191.mp3,vtsouval/mtg_jamendo_autotagging,train,191,"['ambient', 'electronic']",['synthesizer'],['space'],30
vtsouval_mtg_jamendo_autotagging_00000192,anglo_pop,audio/vtsouval_mtg_jamendo_autotagging_00000192.mp3,vtsouval/mtg_jamendo_autotagging,train,192,"['ambient', 'electronic']",['synthesizer'],['space'],30
vtsouval_mtg_jamendo_autotagging_00000193,anglo_pop,audio/vtsouval_mtg_jamendo_autotagging_00000193.mp3,vtsouval/mtg_jamendo_autotagging,train,193,"['ambient', 'electronic']",['synthesizer'],['space'],30
vtsouval_mtg_jamendo_autotagging_00000194,anglo_pop,audio/vtsouval_mtg_jamendo_autotagging_00000194.mp3,vtsouval/mtg_jamendo_autotagging,train,194,"['ambient', 'electronic']",['synthesizer'],['space'],30
vtsouval_mtg_jamendo_autotagging_00000195,anglo_pop,audio/vtsouval_mtg_jamendo_autotagging_00000195.mp3,vtsouval/mtg_jamendo_autotagging,train,195,"['ambient', 'electronic']",['synthesizer'],['space'],30
vtsouval_mtg_jamendo_autotagging_00000196,anglo_pop,audio/vtsouval_mtg_jamendo_autotagging_00000196.mp3,vtsouval/mtg_jamendo_autotagging,train,196,"['ambient', 'electronic']",['synthesizer'],['space'],30
vtsouval_mtg_jamendo_autotagging_00000197,anglo_pop,audio/vtsouval_mtg_jamendo_autotagging_00000197.mp3,vtsouval/mtg_jamendo_autotagging,train,197,"['pop', 'indie', 'alternative', 'rock']","['drums', 'synthesizer', 'voice', 'electricguitar', 'bass']",['ballad'],30
vtsouval_mtg_jamendo_autotagging_00000198,anglo_pop,audio/vtsouval_mtg_jamendo_autotagging_00000198.mp3,vtsouval/mtg_jamendo_autotagging,train,198,"['indie', 'alternative', 'rock']","['piano', 'synthesizer', 'electricguitar']",['sad'],30
vtsouval_mtg_jamendo_autotagging_00000199,anglo_pop,audio/vtsouval_mtg_jamendo_autotagging_00000199.mp3,vtsouval/mtg_jamendo_autotagging,train,199,"['easylistening', 'rock', 'pop', 'ambient']","['piano', 'electricguitar']",['film'],30
vtsouval_mtg_jamendo_autotagging_00000200,anglo_pop,audio/vtsouval_mtg_jamendo_autotagging_00000200.mp3,vtsouval/mtg_jamendo_autotagging,train,200,"['easylistening', 'ambient']","['drums', 'electricguitar', 'bass', 'piano']","['travel', 'film']",30
vtsouval_mtg_jamendo_autotagging_00000201,anglo_pop,audio/vtsouval_mtg_jamendo_autotagging_00000201.mp3,vtsouval/mtg_jamendo_autotagging,train,201,"['ambient', 'minimal']",['piano'],"['dream', 'dark']",30
vtsouval_mtg_jamendo_autotagging_00000202,anglo_pop,audio/vtsouval_mtg_jamendo_autotagging_00000202.mp3,vtsouval/mtg_jamendo_autotagging,train,202,"['ambient', 'minimal']",['piano'],"['dream', 'dark']",30
vtsouval_mtg_jamendo_autotagging_00000203,anglo_pop,audio/vtsouval_mtg_jamendo_autotagging_00000203.mp3,vtsouval/mtg_jamendo_autotagging,train,203,"['folk', 'classical']",['guitar'],['relaxing'],30
vtsouval_mtg_jamendo_autotagging_00000204,anglo_pop,audio/vtsouval_mtg_jamendo_autotagging_00000204.mp3,vtsouval/mtg_jamendo_autotagging,train,204,"['blues', 'pop', 'rock']",['guitar'],['sexy'],30
vtsouval_mtg_jamendo_autotagging_00000205,anglo_pop,audio/vtsouval_mtg_jamendo_autotagging_00000205.mp3,vtsouval/mtg_jamendo_autotagging,train,205,"['ambient', 'jazz']",['guitar'],['relaxing'],30
vtsouval_mtg_jamendo_autotagging_00000206,anglo_pop,audio/vtsouval_mtg_jamendo_autotagging_00000206.mp3,vtsouval/mtg_jamendo_autotagging,train,206,"['ambient', 'jazz']",['guitar'],['relaxing'],30
vtsouval_mtg_jamendo_autotagging_00000207,anglo_pop,audio/vtsouval_mtg_jamendo_autotagging_00000207.mp3,vtsouval/mtg_jamendo_autotagging,train,207,"['ambient', 'jazz']","['acousticguitar', 'electricguitar', 'guitar']",['relaxing'],30
vtsouval_mtg_jamendo_autotagging_00000208,anglo_pop,audio/vtsouval_mtg_jamendo_autotagging_00000208.mp3,vtsouval/mtg_jamendo_autotagging,train,208,"['ambient', 'jazz']",['guitar'],['relaxing'],30
vtsouval_mtg_jamendo_autotagging_00000209,anglo_pop,audio/vtsouval_mtg_jamendo_autotagging_00000209.mp3,vtsouval/mtg_jamendo_autotagging,train,209,"['ambient', 'jazz']",['guitar'],['relaxing'],30
vtsouval_mtg_jamendo_autotagging_00000210,anglo_pop,audio/vtsouval_mtg_jamendo_autotagging_00000210.mp3,vtsouval/mtg_jamendo_autotagging,train,210,"['ambient', 'jazz']",['guitar'],['relaxing'],30
vtsouval_mtg_jamendo_autotagging_00000211,anglo_pop,audio/vtsouval_mtg_jamendo_autotagging_00000211.mp3,vtsouval/mtg_jamendo_autotagging,train,211,"['ambient', 'jazz']","['acousticguitar', 'electricguitar', 'guitar']",['relaxing'],30
vtsouval_mtg_jamendo_autotagging_00000212,anglo_pop,audio/vtsouval_mtg_jamendo_autotagging_00000212.mp3,vtsouval/mtg_jamendo_autotagging,train,212,"['ambient', 'jazz']",['guitar'],['relaxing'],30
vtsouval_mtg_jamendo_autotagging_00000213,anglo_pop,audio/vtsouval_mtg_jamendo_autotagging_00000213.mp3,vtsouval/mtg_jamendo_autotagging,train,213,"['ambient', 'jazz']",['guitar'],['relaxing'],30
vtsouval_mtg_jamendo_autotagging_00000214,anglo_pop,audio/vtsouval_mtg_jamendo_autotagging_00000214.mp3,vtsouval/mtg_jamendo_autotagging,train,214,"['orchestral', 'soundtrack', 'classical']","['drums', 'violin', 'piano', 'cello']","['movie', 'film']",30
vtsouval_mtg_jamendo_autotagging_00000215,anglo_pop,audio/vtsouval_mtg_jamendo_autotagging_00000215.mp3,vtsouval/mtg_jamendo_autotagging,train,215,"['orchestral', 'soundtrack', 'classical']","['drums', 'oboe', 'violin', 'cello']","['movie', 'film']",30
vtsouval_mtg_jamendo_autotagging_00000216,anglo_pop,audio/vtsouval_mtg_jamendo_autotagging_00000216.mp3,vtsouval/mtg_jamendo_autotagging,train,216,"['orchestral', 'soundtrack', 'classical']","['drums', 'computer', 'violin', 'piano', 'cello']","['movie', 'film']",30
vtsouval_mtg_jamendo_autotagging_00000217,anglo_pop,audio/vtsouval_mtg_jamendo_autotagging_00000217.mp3,vtsouval/mtg_jamendo_autotagging,train,217,"['orchestral', 'soundtrack', 'classical']","['piano', 'violin', 'cello']","['movie', 'film']",30
vtsouval_mtg_jamendo_autotagging_00000218,anglo_pop,audio/vtsouval_mtg_jamendo_autotagging_00000218.mp3,vtsouval/mtg_jamendo_autotagging,train,218,"['orchestral', 'soundtrack', 'classical']","['drums', 'violin', 'piano', 'cello']","['movie', 'film']",30
vtsouval_mtg_jamendo_autotagging_00000219,anglo_pop,audio/vtsouval_mtg_jamendo_autotagging_00000219.mp3,vtsouval/mtg_jamendo_autotagging,train,219,"['orchestral', 'soundtrack', 'classical']","['drums', 'violin', 'harp', 'cello']","['movie', 'film']",30
vtsouval_mtg_jamendo_autotagging_00000220,anglo_pop,audio/vtsouval_mtg_jamendo_autotagging_00000220.mp3,vtsouval/mtg_jamendo_autotagging,train,220,"['orchestral', 'soundtrack', 'classical']","['drums', 'violin', 'piano', 'cello']","['movie', 'film']",30
vtsouval_mtg_jamendo_autotagging_00000221,anglo_pop,audio/vtsouval_mtg_jamendo_autotagging_00000221.mp3,vtsouval/mtg_jamendo_autotagging,train,221,"['orchestral', 'soundtrack', 'classical']","['drums', 'violin', 'piano', 'accordion', 'harp', 'cello']","['movie', 'film']",30
vtsouval_mtg_jamendo_autotagging_00000222,anglo_pop,audio/vtsouval_mtg_jamendo_autotagging_00000222.mp3,vtsouval/mtg_jamendo_autotagging,train,222,"['orchestral', 'soundtrack', 'classical']",['piano'],"['movie', 'film']",30
vtsouval_mtg_jamendo_autotagging_00000223,anglo_pop,audio/vtsouval_mtg_jamendo_autotagging_00000223.mp3,vtsouval/mtg_jamendo_autotagging,train,223,"['orchestral', 'soundtrack', 'classical']","['drums', 'violin', 'harp', 'cello']","['movie', 'film']",30
vtsouval_mtg_jamendo_autotagging_00000224,anglo_pop,audio/vtsouval_mtg_jamendo_autotagging_00000224.mp3,vtsouval/mtg_jamendo_autotagging,train,224,"['orchestral', 'soundtrack', 'classical']","['drums', 'trumpet', 'violin', 'piano', 'cello']","['movie', 'film']",30
vtsouval_mtg_jamendo_autotagging_00000225,anglo_pop,audio/vtsouval_mtg_jamendo_autotagging_00000225.mp3,vtsouval/mtg_jamendo_autotagging,train,225,"['orchestral', 'soundtrack', 'classical']","['drums', 'violin', 'piano', 'harp', 'cello']","['movie', 'film']",30
vtsouval_mtg_jamendo_autotagging_00000226,anglo_pop,audio/vtsouval_mtg_jamendo_autotagging_00000226.mp3,vtsouval/mtg_jamendo_autotagging,train,226,"['orchestral', 'soundtrack', 'classical']","['drums', 'violin', 'harp', 'cello']","['movie', 'film']",30
vtsouval_mtg_jamendo_autotagging_00000227,anglo_pop,audio/vtsouval_mtg_jamendo_autotagging_00000227.mp3,vtsouval/mtg_jamendo_autotagging,train,227,"['orchestral', 'soundtrack', 'classical']","['drums', 'trumpet', 'violin', 'piano', 'cello']","['movie', 'film']",30
vtsouval_mtg_jamendo_autotagging_00000228,anglo_pop,audio/vtsouval_mtg_jamendo_autotagging_00000228.mp3,vtsouval/mtg_jamendo_autotagging,train,228,"['orchestral', 'soundtrack', 'classical']","['drums', 'trumpet', 'violin', 'piano']","['movie', 'film']",30
vtsouval_mtg_jamendo_autotagging_00000229,anglo_pop,audio/vtsouval_mtg_jamendo_autotagging_00000229.mp3,vtsouval/mtg_jamendo_autotagging,train,229,"['orchestral', 'soundtrack', 'classical']","['drums', 'electricguitar', 'violin', 'piano']","['movie', 'film']",30
vtsouval_mtg_jamendo_autotagging_00000230,anglo_pop,audio/vtsouval_mtg_jamendo_autotagging_00000230.mp3,vtsouval/mtg_jamendo_autotagging,train,230,"['orchestral', 'soundtrack', 'classical']","['drums', 'trumpet', 'violin', 'piano']","['movie', 'film']",30
vtsouval_mtg_jamendo_autotagging_00000231,anglo_pop,audio/vtsouval_mtg_jamendo_autotagging_00000231.mp3,vtsouval/mtg_jamendo_autotagging,train,231,"['orchestral', 'soundtrack', 'classical']","['drums', 'trumpet', 'violin', 'cello']","['movie', 'film']",30
vtsouval_mtg_jamendo_autotagging_00000232,anglo_pop,audio/vtsouval_mtg_jamendo_autotagging_00000232.mp3,vtsouval/mtg_jamendo_autotagging,train,232,"['orchestral', 'soundtrack', 'classical']","['drums', 'horn', 'trumpet', 'violin', 'piano', 'cello']","['movie', 'film']",30
vtsouval_mtg_jamendo_autotagging_00000233,anglo_pop,audio/vtsouval_mtg_jamendo_autotagging_00000233.mp3,vtsouval/mtg_jamendo_autotagging,train,233,"['orchestral', 'soundtrack', 'classical']","['drums', 'synthesizer', 'violin', 'piano', 'cello']","['movie', 'film']",30
vtsouval_mtg_jamendo_autotagging_00000234,anglo_pop,audio/vtsouval_mtg_jamendo_autotagging_00000234.mp3,vtsouval/mtg_jamendo_autotagging,train,234,"['soundtrack', 'chillout']",['flute'],['calm'],30
vtsouval_mtg_jamendo_autotagging_00000235,anglo_pop,audio/vtsouval_mtg_jamendo_autotagging_00000235.mp3,vtsouval/mtg_jamendo_autotagging,train,235,"['improvisation', 'classical', 'jazz']",['piano'],['melodic'],30
vtsouval_mtg_jamendo_autotagging_00000236,anglo_pop,audio/vtsouval_mtg_jamendo_autotagging_00000236.mp3,vtsouval/mtg_jamendo_autotagging,train,236,"['techno', 'electronic']",['flute'],"['sad', 'hopeful', 'energetic']",30
vtsouval_mtg_jamendo_autotagging_00000237,anglo_pop,audio/vtsouval_mtg_jamendo_autotagging_00000237.mp3,vtsouval/mtg_jamendo_autotagging,train,237,"['folk', 'easylistening', 'pop']","['acousticguitar', 'bass']",['commercial'],30
vtsouval_mtg_jamendo_autotagging_00000238,anglo_pop,audio/vtsouval_mtg_jamendo_autotagging_00000238.mp3,vtsouval/mtg_jamendo_autotagging,train,238,"['folk', 'easylistening', 'pop']","['acousticguitar', 'bass']",['commercial'],30
vtsouval_mtg_jamendo_autotagging_00000239,anglo_pop,audio/vtsouval_mtg_jamendo_autotagging_00000239.mp3,vtsouval/mtg_jamendo_autotagging,train,239,"['soundtrack', 'folk', 'easylistening', 'pop']","['acousticguitar', 'bass']",['drama'],30
vtsouval_mtg_jamendo_autotagging_00000240,anglo_pop,audio/vtsouval_mtg_jamendo_autotagging_00000240.mp3,vtsouval/mtg_jamendo_autotagging,train,240,"['folk', 'easylistening', 'pop']","['acousticguitar', 'bass']",['commercial'],30
vtsouval_mtg_jamendo_autotagging_00000241,anglo_pop,audio/vtsouval_mtg_jamendo_autotagging_00000241.mp3,vtsouval/mtg_jamendo_autotagging,train,241,"['folk', 'pop', 'rock']","['acousticguitar', 'bass']",['commercial'],30
vtsouval_mtg_jamendo_autotagging_00000242,anglo_pop,audio/vtsouval_mtg_jamendo_autotagging_00000242.mp3,vtsouval/mtg_jamendo_autotagging,train,242,"['folk', 'easylistening', 'pop']","['acousticguitar', 'bass']",['commercial'],30
vtsouval_mtg_jamendo_autotagging_00000243,anglo_pop,audio/vtsouval_mtg_jamendo_autotagging_00000243.mp3,vtsouval/mtg_jamendo_autotagging,train,243,"['folk', 'easylistening', 'pop']","['acousticguitar', 'bass']","['emotional', 'drama']",30
vtsouval_mtg_jamendo_autotagging_00000244,anglo_pop,audio/vtsouval_mtg_jamendo_autotagging_00000244.mp3,vtsouval/mtg_jamendo_autotagging,train,244,"['folk', 'easylistening', 'pop']","['acousticguitar', 'bass']",['commercial'],30
vtsouval_mtg_jamendo_autotagging_00000245,anglo_pop,audio/vtsouval_mtg_jamendo_autotagging_00000245.mp3,vtsouval/mtg_jamendo_autotagging,train,245,"['folk', 'easylistening', 'pop']","['acousticguitar', 'bass']",['commercial'],30
vtsouval_mtg_jamendo_autotagging_00000246,anglo_pop,audio/vtsouval_mtg_jamendo_autotagging_00000246.mp3,vtsouval/mtg_jamendo_autotagging,train,246,"['folk', 'easylistening', 'pop']","['acousticguitar', 'bass']","['emotional', 'drama']",30
vtsouval_mtg_jamendo_autotagging_00000247,anglo_pop,audio/vtsouval_mtg_jamendo_autotagging_00000247.mp3,vtsouval/mtg_jamendo_autotagging,train,247,"['pop', 'instrumentalpop']","['electricguitar', 'drummachine']",['dream'],30
vtsouval_mtg_jamendo_autotagging_00000248,anglo_pop,audio/vtsouval_mtg_jamendo_autotagging_00000248.mp3,vtsouval/mtg_jamendo_autotagging,train,248,"['reggae', 'electronic']","['synthesizer', 'electricguitar', 'bass', 'drummachine']",['melodic'],30
vtsouval_mtg_jamendo_autotagging_00000249,anglo_pop,audio/vtsouval_mtg_jamendo_autotagging_00000249.mp3,vtsouval/mtg_jamendo_autotagging,train,249,"['progressive', 'rock', 'instrumentalrock']","['drums', 'guitar']",['dream'],30
vtsouval_mtg_jamendo_autotagging_00000250,anglo_pop,audio/vtsouval_mtg_jamendo_autotagging_00000250.mp3,vtsouval/mtg_jamendo_autotagging,train,250,"['blues', 'pop', 'chanson']",['voice'],['cool'],30
vtsouval_mtg_jamendo_autotagging_00000251,anglo_pop,audio/vtsouval_mtg_jamendo_autotagging_00000251.mp3,vtsouval/mtg_jamendo_autotagging,train,251,"['blues', 'pop', 'chanson']",['voice'],['cool'],30
vtsouval_mtg_jamendo_autotagging_00000252,anglo_pop,audio/vtsouval_mtg_jamendo_autotagging_00000252.mp3,vtsouval/mtg_jamendo_autotagging,train,252,"['blues', 'pop', 'chanson']",['voice'],['cool'],30
vtsouval_mtg_jamendo_autotagging_00000253,anglo_pop,audio/vtsouval_mtg_jamendo_autotagging_00000253.mp3,vtsouval/mtg_jamendo_autotagging,train,253,"['blues', 'pop', 'chanson']",['voice'],['cool'],30
vtsouval_mtg_jamendo_autotagging_00000254,anglo_pop,audio/vtsouval_mtg_jamendo_autotagging_00000254.mp3,vtsouval/mtg_jamendo_autotagging,train,254,"['blues', 'pop', 'chanson']",['voice'],['cool'],30
vtsouval_mtg_jamendo_autotagging_00000255,anglo_pop,audio/vtsouval_mtg_jamendo_autotagging_00000255.mp3,vtsouval/mtg_jamendo_autotagging,train,255,"['chanson', 'folk', 'pop']",['voice'],['cool'],30
vtsouval_mtg_jamendo_autotagging_00000256,anglo_pop,audio/vtsouval_mtg_jamendo_autotagging_00000256.mp3,vtsouval/mtg_jamendo_autotagging,train,256,"['blues', 'pop', 'chanson']",['voice'],['cool'],30
vtsouval_mtg_jamendo_autotagging_00000257,anglo_pop,audio/vtsouval_mtg_jamendo_autotagging_00000257.mp3,vtsouval/mtg_jamendo_autotagging,train,257,"['blues', 'pop', 'chanson']",['voice'],['cool'],30
vtsouval_mtg_jamendo_autotagging_00000258,anglo_pop,audio/vtsouval_mtg_jamendo_autotagging_00000258.mp3,vtsouval/mtg_jamendo_autotagging,train,258,"['blues', 'rock', 'chanson']",['voice'],['cool'],30
vtsouval_mtg_jamendo_autotagging_00000259,anglo_pop,audio/vtsouval_mtg_jamendo_autotagging_00000259.mp3,vtsouval/mtg_jamendo_autotagging,train,259,"['blues', 'pop', 'chanson']",['voice'],['cool'],30
vtsouval_mtg_jamendo_autotagging_00000260,anglo_pop,audio/vtsouval_mtg_jamendo_autotagging_00000260.mp3,vtsouval/mtg_jamendo_autotagging,train,260,"['blues', 'pop', 'country', 'chanson']",['voice'],['cool'],30
vtsouval_mtg_jamendo_autotagging_00000261,anglo_pop,audio/vtsouval_mtg_jamendo_autotagging_00000261.mp3,vtsouval/mtg_jamendo_autotagging,train,261,"['electropop', 'electronic']",['synthesizer'],['space'],30
vtsouval_mtg_jamendo_autotagging_00000262,anglo_pop,audio/vtsouval_mtg_jamendo_autotagging_00000262.mp3,vtsouval/mtg_jamendo_autotagging,train,262,"['electropop', 'electronic']",['synthesizer'],['space'],30
vtsouval_mtg_jamendo_autotagging_00000263,anglo_pop,audio/vtsouval_mtg_jamendo_autotagging_00000263.mp3,vtsouval/mtg_jamendo_autotagging,train,263,"['electropop', 'electronic']",['synthesizer'],['space'],30
vtsouval_mtg_jamendo_autotagging_00000264,anglo_pop,audio/vtsouval_mtg_jamendo_autotagging_00000264.mp3,vtsouval/mtg_jamendo_autotagging,train,264,"['electropop', 'electronic']",['synthesizer'],['space'],30
vtsouval_mtg_jamendo_autotagging_00000265,anglo_pop,audio/vtsouval_mtg_jamendo_autotagging_00000265.mp3,vtsouval/mtg_jamendo_autotagging,train,265,"['indie', 'industrial', 'rock']","['synthesizer', 'electricguitar', 'bass']","['sport', 'energetic']",30
vtsouval_mtg_jamendo_autotagging_00000266,anglo_pop,audio/vtsouval_mtg_jamendo_autotagging_00000266.mp3,vtsouval/mtg_jamendo_autotagging,train,266,"['easylistening', 'rock', 'pop', 'poprock']","['synthesizer', 'electricguitar', 'bass']",['commercial'],30
vtsouval_mtg_jamendo_autotagging_00000267,anglo_pop,audio/vtsouval_mtg_jamendo_autotagging_00000267.mp3,vtsouval/mtg_jamendo_autotagging,train,267,"['pop', 'electronic']","['drums', 'synthesizer', 'bass']",['commercial'],30
vtsouval_mtg_jamendo_autotagging_00000268,anglo_pop,audio/vtsouval_mtg_jamendo_autotagging_00000268.mp3,vtsouval/mtg_jamendo_autotagging,train,268,"['pop', 'rock', 'electronic', 'poprock']","['drums', 'synthesizer', 'electricguitar', 'bass']",['commercial'],30
vtsouval_mtg_jamendo_autotagging_00000269,anglo_pop,audio/vtsouval_mtg_jamendo_autotagging_00000269.mp3,vtsouval/mtg_jamendo_autotagging,train,269,"['pop', 'rock', 'industrial', 'poprock']","['drums', 'synthesizer', 'electricguitar', 'bass']","['sport', 'energetic']",30
vtsouval_mtg_jamendo_autotagging_00000270,anglo_pop,audio/vtsouval_mtg_jamendo_autotagging_00000270.mp3,vtsouval/mtg_jamendo_autotagging,train,270,"['pop', 'rock', 'poprock']","['drums', 'electricguitar', 'bass']",['commercial'],30
vtsouval_mtg_jamendo_autotagging_00000271,anglo_pop,audio/vtsouval_mtg_jamendo_autotagging_00000271.mp3,vtsouval/mtg_jamendo_autotagging,train,271,"['pop', 'rock', 'industrial']","['drums', 'synthesizer', 'electricguitar', 'bass']","['sport', 'energetic']",30
vtsouval_mtg_jamendo_autotagging_00000272,anglo_pop,audio/vtsouval_mtg_jamendo_autotagging_00000272.mp3,vtsouval/mtg_jamendo_autotagging,train,272,"['pop', 'rock', 'industrial']","['drums', 'synthesizer', 'electricguitar', 'bass']",['sport'],30
vtsouval_mtg_jamendo_autotagging_00000273,anglo_pop,audio/vtsouval_mtg_jamendo_autotagging_00000273.mp3,vtsouval/mtg_jamendo_autotagging,train,273,"['pop', 'rock', 'industrial']","['synthesizer', 'electricguitar', 'bass']",['sport'],30
vtsouval_mtg_jamendo_autotagging_00000274,anglo_pop,audio/vtsouval_mtg_jamendo_autotagging_00000274.mp3,vtsouval/mtg_jamendo_autotagging,train,274,"['postrock', 'rock', 'instrumentalrock', 'alternative']","['drums', 'guitar']",['space'],30
vtsouval_mtg_jamendo_autotagging_00000275,anglo_pop,audio/vtsouval_mtg_jamendo_autotagging_00000275.mp3,vtsouval/mtg_jamendo_autotagging,train,275,"['pop', 'electronic']",['synthesizer'],['romantic'],30
vtsouval_mtg_jamendo_autotagging_00000276,anglo_pop,audio/vtsouval_mtg_jamendo_autotagging_00000276.mp3,vtsouval/mtg_jamendo_autotagging,train,276,"['pop', 'electronic']",['synthesizer'],['romantic'],30
vtsouval_mtg_jamendo_autotagging_00000277,anglo_pop,audio/vtsouval_mtg_jamendo_autotagging_00000277.mp3,vtsouval/mtg_jamendo_autotagging,train,277,"['folk', 'instrumentalpop']",['guitar'],['calm'],30
vtsouval_mtg_jamendo_autotagging_00000278,anglo_pop,audio/vtsouval_mtg_jamendo_autotagging_00000278.mp3,vtsouval/mtg_jamendo_autotagging,train,278,"['folk', 'instrumentalpop']",['guitar'],['calm'],30
vtsouval_mtg_jamendo_autotagging_00000279,anglo_pop,audio/vtsouval_mtg_jamendo_autotagging_00000279.mp3,vtsouval/mtg_jamendo_autotagging,train,279,"['folk', 'instrumentalpop']",['guitar'],['calm'],30
vtsouval_mtg_jamendo_autotagging_00000280,anglo_pop,audio/vtsouval_mtg_jamendo_autotagging_00000280.mp3,vtsouval/mtg_jamendo_autotagging,train,280,"['folk', 'instrumentalpop']",['guitar'],['calm'],30
vtsouval_mtg_jamendo_autotagging_00000281,anglo_pop,audio/vtsouval_mtg_jamendo_autotagging_00000281.mp3,vtsouval/mtg_jamendo_autotagging,train,281,"['folk', 'alternative', 'hard', 'indie', 'pop', 'rock']","['drums', 'guitar', 'bass']","['emotional', 'horror', 'drama', 'melodic']",30
vtsouval_mtg_jamendo_autotagging_00000282,anglo_pop,audio/vtsouval_mtg_jamendo_autotagging_00000282.mp3,vtsouval/mtg_jamendo_autotagging,train,282,"['latin', 'rock', 'pop', 'indie', 'electronic', 'jazz']","['drums', 'guitar', 'bass', 'synthesizer']","['emotional', 'adventure', 'drama']",30
vtsouval_mtg_jamendo_autotagging_00000283,anglo_pop,audio/vtsouval_mtg_jamendo_autotagging_00000283.mp3,vtsouval/mtg_jamendo_autotagging,train,283,"['folk', 'pop', 'indie', 'chillout', 'rock']","['drums', 'guitar', 'bass', 'synthesizer']","['dream', 'emotional', 'dark', 'drama']",30
vtsouval_mtg_jamendo_autotagging_00000284,anglo_pop,audio/vtsouval_mtg_jamendo_autotagging_00000284.mp3,vtsouval/mtg_jamendo_autotagging,train,284,"['folk', 'popfolk', 'soundtrack', 'pop', 'indie', 'chillout', 'rock']","['drums', 'guitar', 'bass']","['emotional', 'ballad', 'sad', 'drama']",30
vtsouval_mtg_jamendo_autotagging_00000285,anglo_pop,audio/vtsouval_mtg_jamendo_autotagging_00000285.mp3,vtsouval/mtg_jamendo_autotagging,train,285,"['folk', 'soundtrack', 'pop', 'indie', 'rock']","['drums', 'guitar', 'bass']","['emotional', 'adventure', 'drama']",30
vtsouval_mtg_jamendo_autotagging_00000286,anglo_pop,audio/vtsouval_mtg_jamendo_autotagging_00000286.mp3,vtsouval/mtg_jamendo_autotagging,train,286,"['rock', 'soundtrack', 'hard', 'indie', 'pop', 'hardrock']","['drums', 'guitar', 'bass', 'synthesizer']","['adventure', 'drama']",30
vtsouval_mtg_jamendo_autotagging_00000287,anglo_pop,audio/vtsouval_mtg_jamendo_autotagging_00000287.mp3,vtsouval/mtg_jamendo_autotagging,train,287,"['latin', 'rock', 'pop', 'indie', 'experimental']","['drums', 'guitar', 'bass']","['emotional', 'adventure', 'horror', 'drama']",30
vtsouval_mtg_jamendo_autotagging_00000288,anglo_pop,audio/vtsouval_mtg_jamendo_autotagging_00000288.mp3,vtsouval/mtg_jamendo_autotagging,train,288,"['popfolk', 'soundtrack', 'easylistening', 'indie', 'pop', 'chillout', 'rock']","['drums', 'guitar', 'bass']","['emotional', 'soft', 'ballad', 'drama']",30
vtsouval_mtg_jamendo_autotagging_00000289,anglo_pop,audio/vtsouval_mtg_jamendo_autotagging_00000289.mp3,vtsouval/mtg_jamendo_autotagging,train,289,"['alternative', 'dance', 'soundtrack', 'pop', 'indie', 'rock']","['drums', 'guitar', 'bass']","['travel', 'adventure']",30
vtsouval_mtg_jamendo_autotagging_00000290,anglo_pop,audio/vtsouval_mtg_jamendo_autotagging_00000290.mp3,vtsouval/mtg_jamendo_autotagging,train,290,"['alternative', 'hard', 'indie', 'pop', 'electronic', 'rock']","['drums', 'guitar', 'bass']","['emotional', 'horror', 'drama']",30
vtsouval_mtg_jamendo_autotagging_00000291,anglo_pop,audio/vtsouval_mtg_jamendo_autotagging_00000291.mp3,vtsouval/mtg_jamendo_autotagging,train,291,"['soundtrack', 'indie', 'pop', 'rock', 'experimental']","['drums', 'guitar']","['horror', 'emotional', 'funny', 'dark', 'drama']",30
vtsouval_mtg_jamendo_autotagging_00000292,anglo_pop,audio/vtsouval_mtg_jamendo_autotagging_00000292.mp3,vtsouval/mtg_jamendo_autotagging,train,292,"['pop', 'indie', 'electronic', 'rock']","['drums', 'guitar', 'bass', 'synthesizer']","['funny', 'dark']",30
vtsouval_mtg_jamendo_autotagging_00000293,anglo_pop,audio/vtsouval_mtg_jamendo_autotagging_00000293.mp3,vtsouval/mtg_jamendo_autotagging,train,293,"['folk', 'popfolk', 'pop', 'indie', 'rock']","['drums', 'guitar', 'bass']","['emotional', 'adventure', 'travel', 'drama']",30
vtsouval_mtg_jamendo_autotagging_00000294,anglo_pop,audio/vtsouval_mtg_jamendo_autotagging_00000294.mp3,vtsouval/mtg_jamendo_autotagging,train,294,"['folk', 'soundtrack', 'pop', 'indie', 'rock']","['drums', 'guitar', 'bass']","['travel', 'adventure', 'drama']",30
vtsouval_mtg_jamendo_autotagging_00000295,anglo_pop,audio/vtsouval_mtg_jamendo_autotagging_00000295.mp3,vtsouval/mtg_jamendo_autotagging,train,295,"['folk', 'popfolk', 'singersongwriter', 'soundtrack', 'pop', 'indie', 'chillout', 'rock']",['guitar'],"['emotional', 'soft', 'drama']",30
vtsouval_mtg_jamendo_autotagging_00000296,anglo_pop,audio/vtsouval_mtg_jamendo_autotagging_00000296.mp3,vtsouval/mtg_jamendo_autotagging,train,296,"['folk', 'popfolk', 'soundtrack', 'pop', 'indie', 'country', 'rock']","['drums', 'guitar', 'bass']","['emotional', 'soft']",30
vtsouval_mtg_jamendo_autotagging_00000297,anglo_pop,audio/vtsouval_mtg_jamendo_autotagging_00000297.mp3,vtsouval/mtg_jamendo_autotagging,train,297,"['folk', 'soundtrack', 'pop', 'indie', 'rock']","['drums', 'guitar', 'bass']","['emotional', 'soft']",30
vtsouval_mtg_jamendo_autotagging_00000298,anglo_pop,audio/vtsouval_mtg_jamendo_autotagging_00000298.mp3,vtsouval/mtg_jamendo_autotagging,train,298,"['folk', 'rock', 'soundtrack', 'pop', 'indie', 'hardrock']","['drums', 'guitar', 'bass']","['sport', 'adventure', 'travel']",30
vtsouval_mtg_jamendo_autotagging_00000299,anglo_pop,audio/vtsouval_mtg_jamendo_autotagging_00000299.mp3,vtsouval/mtg_jamendo_autotagging,train,299,"['folk', 'popfolk', 'singersongwriter', 'soundtrack', 'pop', 'indie', 'chillout', 'rock']",['guitar'],"['emotional', 'soft', 'drama']",30
vtsouval_mtg_jamendo_autotagging_00000300,anglo_pop,audio/vtsouval_mtg_jamendo_autotagging_00000300.mp3,vtsouval/mtg_jamendo_autotagging,train,300,"['folk', 'soundtrack', 'singersongwriter', 'country', 'rock', 'popfolk', 'pop', 'indie', 'chillout']",['guitar'],"['emotional', 'soft', 'drama']",30
vtsouval_mtg_jamendo_autotagging_00000301,anglo_pop,audio/vtsouval_mtg_jamendo_autotagging_00000301.mp3,vtsouval/mtg_jamendo_autotagging,train,301,"['folk', 'pop', 'indie', 'rock']","['bass', 'guitar', 'accordion', 'drums']",['adventure'],30
vtsouval_mtg_jamendo_autotagging_00000302,anglo_pop,audio/vtsouval_mtg_jamendo_autotagging_00000302.mp3,vtsouval/mtg_jamendo_autotagging,train,302,"['folk', 'soundtrack', 'pop', 'indie', 'chillout', 'rock']","['drums', 'guitar', 'bass']","['emotional', 'drama']",30
vtsouval_mtg_jamendo_autotagging_00000303,anglo_pop,audio/vtsouval_mtg_jamendo_autotagging_00000303.mp3,vtsouval/mtg_jamendo_autotagging,train,303,['ambient'],['piano'],"['horror', 'dark']",30
vtsouval_mtg_jamendo_autotagging_00000304,anglo_pop,audio/vtsouval_mtg_jamendo_autotagging_00000304.mp3,vtsouval/mtg_jamendo_autotagging,train,304,"['soundtrack', 'ambient', 'electronic']",['piano'],['dark'],30
vtsouval_mtg_jamendo_autotagging_00000305,anglo_pop,audio/vtsouval_mtg_jamendo_autotagging_00000305.mp3,vtsouval/mtg_jamendo_autotagging,train,305,['minimal'],['piano'],"['soft', 'dark']",30
vtsouval_mtg_jamendo_autotagging_00000306,anglo_pop,audio/vtsouval_mtg_jamendo_autotagging_00000306.mp3,vtsouval/mtg_jamendo_autotagging,train,306,['minimal'],['piano'],"['dream', 'soft']",30
vtsouval_mtg_jamendo_autotagging_00000307,anglo_pop,audio/vtsouval_mtg_jamendo_autotagging_00000307.mp3,vtsouval/mtg_jamendo_autotagging,train,307,['electronic'],['piano'],['film'],30
vtsouval_mtg_jamendo_autotagging_00000308,anglo_pop,audio/vtsouval_mtg_jamendo_autotagging_00000308.mp3,vtsouval/mtg_jamendo_autotagging,train,308,['electronic'],['piano'],['film'],30
vtsouval_mtg_jamendo_autotagging_00000309,anglo_pop,audio/vtsouval_mtg_jamendo_autotagging_00000309.mp3,vtsouval/mtg_jamendo_autotagging,train,309,['electronic'],['piano'],['film'],30
vtsouval_mtg_jamendo_autotagging_00000310,anglo_pop,audio/vtsouval_mtg_jamendo_autotagging_00000310.mp3,vtsouval/mtg_jamendo_autotagging,train,310,['electronic'],['piano'],['film'],30
vtsouval_mtg_jamendo_autotagging_00000311,anglo_pop,audio/vtsouval_mtg_jamendo_autotagging_00000311.mp3,vtsouval/mtg_jamendo_autotagging,train,311,['electronic'],['piano'],['film'],30
vtsouval_mtg_jamendo_autotagging_00000312,anglo_pop,audio/vtsouval_mtg_jamendo_autotagging_00000312.mp3,vtsouval/mtg_jamendo_autotagging,train,312,['electronic'],['piano'],['film'],30
vtsouval_mtg_jamendo_autotagging_00000313,anglo_pop,audio/vtsouval_mtg_jamendo_autotagging_00000313.mp3,vtsouval/mtg_jamendo_autotagging,train,313,['electronic'],['piano'],['film'],30
vtsouval_mtg_jamendo_autotagging_00000314,anglo_pop,audio/vtsouval_mtg_jamendo_autotagging_00000314.mp3,vtsouval/mtg_jamendo_autotagging,train,314,['electronic'],['piano'],['film'],30
vtsouval_mtg_jamendo_autotagging_00000315,anglo_pop,audio/vtsouval_mtg_jamendo_autotagging_00000315.mp3,vtsouval/mtg_jamendo_autotagging,train,315,['electronic'],['piano'],['film'],30
vtsouval_mtg_jamendo_autotagging_00000316,anglo_pop,audio/vtsouval_mtg_jamendo_autotagging_00000316.mp3,vtsouval/mtg_jamendo_autotagging,train,316,['electronic'],['piano'],['film'],30
vtsouval_mtg_jamendo_autotagging_00000317,anglo_pop,audio/vtsouval_mtg_jamendo_autotagging_00000317.mp3,vtsouval/mtg_jamendo_autotagging,train,317,['electronic'],['piano'],['film'],30
vtsouval_mtg_jamendo_autotagging_00000318,anglo_pop,audio/vtsouval_mtg_jamendo_autotagging_00000318.mp3,vtsouval/mtg_jamendo_autotagging,train,318,['electronic'],['piano'],['film'],30
vtsouval_mtg_jamendo_autotagging_00000319,anglo_pop,audio/vtsouval_mtg_jamendo_autotagging_00000319.mp3,vtsouval/mtg_jamendo_autotagging,train,319,['electronic'],['piano'],['film'],30
vtsouval_mtg_jamendo_autotagging_00000320,anglo_pop,audio/vtsouval_mtg_jamendo_autotagging_00000320.mp3,vtsouval/mtg_jamendo_autotagging,train,320,['electronic'],['piano'],['film'],30
vtsouval_mtg_jamendo_autotagging_00000321,anglo_pop,audio/vtsouval_mtg_jamendo_autotagging_00000321.mp3,vtsouval/mtg_jamendo_autotagging,train,321,['electronic'],['piano'],['film'],30
vtsouval_mtg_jamendo_autotagging_00000322,anglo_pop,audio/vtsouval_mtg_jamendo_autotagging_00000322.mp3,vtsouval/mtg_jamendo_autotagging,train,322,['electronic'],['piano'],['film'],30
vtsouval_mtg_jamendo_autotagging_00000323,anglo_pop,audio/vtsouval_mtg_jamendo_autotagging_00000323.mp3,vtsouval/mtg_jamendo_autotagging,train,323,"['pop', 'rock']","['drums', 'guitar', 'bass', 'piano']",['love'],30
vtsouval_mtg_jamendo_autotagging_00000324,anglo_pop,audio/vtsouval_mtg_jamendo_autotagging_00000324.mp3,vtsouval/mtg_jamendo_autotagging,train,324,"['pop', 'rock']","['drums', 'guitar', 'bass', 'piano']",['love'],30
vtsouval_mtg_jamendo_autotagging_00000325,anglo_pop,audio/vtsouval_mtg_jamendo_autotagging_00000325.mp3,vtsouval/mtg_jamendo_autotagging,train,325,"['pop', 'rock']","['drums', 'guitar', 'bass', 'piano']",['love'],30
vtsouval_mtg_jamendo_autotagging_00000326,anglo_pop,audio/vtsouval_mtg_jamendo_autotagging_00000326.mp3,vtsouval/mtg_jamendo_autotagging,train,326,"['pop', 'rock']","['drums', 'guitar', 'bass', 'piano']",['love'],30
vtsouval_mtg_jamendo_autotagging_00000327,anglo_pop,audio/vtsouval_mtg_jamendo_autotagging_00000327.mp3,vtsouval/mtg_jamendo_autotagging,train,327,"['pop', 'rock']","['drums', 'guitar', 'bass', 'piano']",['love'],30
vtsouval_mtg_jamendo_autotagging_00000328,anglo_pop,audio/vtsouval_mtg_jamendo_autotagging_00000328.mp3,vtsouval/mtg_jamendo_autotagging,train,328,['pop'],['guitar'],['mellow'],30
vtsouval_mtg_jamendo_autotagging_00000329,anglo_pop,audio/vtsouval_mtg_jamendo_autotagging_00000329.mp3,vtsouval/mtg_jamendo_autotagging,train,329,['pop'],['guitar'],['mellow'],30
vtsouval_mtg_jamendo_autotagging_00000330,anglo_pop,audio/vtsouval_mtg_jamendo_autotagging_00000330.mp3,vtsouval/mtg_jamendo_autotagging,train,330,['pop'],['guitar'],['mellow'],30
vtsouval_mtg_jamendo_autotagging_00000331,anglo_pop,audio/vtsouval_mtg_jamendo_autotagging_00000331.mp3,vtsouval/mtg_jamendo_autotagging,train,331,['pop'],['guitar'],['mellow'],30
vtsouval_mtg_jamendo_autotagging_00000332,anglo_pop,audio/vtsouval_mtg_jamendo_autotagging_00000332.mp3,vtsouval/mtg_jamendo_autotagging,train,332,['pop'],['guitar'],['mellow'],30
vtsouval_mtg_jamendo_autotagging_00000333,anglo_pop,audio/vtsouval_mtg_jamendo_autotagging_00000333.mp3,vtsouval/mtg_jamendo_autotagging,train,333,['pop'],['guitar'],['mellow'],30
vtsouval_mtg_jamendo_autotagging_00000334,anglo_pop,audio/vtsouval_mtg_jamendo_autotagging_00000334.mp3,vtsouval/mtg_jamendo_autotagging,train,334,['pop'],['guitar'],['mellow'],30
vtsouval_mtg_jamendo_autotagging_00000335,anglo_pop,audio/vtsouval_mtg_jamendo_autotagging_00000335.mp3,vtsouval/mtg_jamendo_autotagging,train,335,['pop'],['guitar'],['mellow'],30
vtsouval_mtg_jamendo_autotagging_00000336,anglo_pop,audio/vtsouval_mtg_jamendo_autotagging_00000336.mp3,vtsouval/mtg_jamendo_autotagging,train,336,['pop'],['guitar'],['mellow'],30
vtsouval_mtg_jamendo_autotagging_00000337,anglo_pop,audio/vtsouval_mtg_jamendo_autotagging_00000337.mp3,vtsouval/mtg_jamendo_autotagging,train,337,['pop'],['guitar'],['mellow'],30
vtsouval_mtg_jamendo_autotagging_00000338,anglo_pop,audio/vtsouval_mtg_jamendo_autotagging_00000338.mp3,vtsouval/mtg_jamendo_autotagging,train,338,"['trance', 'ambient']",['bass'],"['dream', 'melodic']",30
vtsouval_mtg_jamendo_autotagging_00000339,anglo_pop,audio/vtsouval_mtg_jamendo_autotagging_00000339.mp3,vtsouval/mtg_jamendo_autotagging,train,339,"['trance', 'ambient']",['bass'],"['dream', 'melodic']",30
vtsouval_mtg_jamendo_autotagging_00000340,anglo_pop,audio/vtsouval_mtg_jamendo_autotagging_00000340.mp3,vtsouval/mtg_jamendo_autotagging,train,340,"['trance', 'ambient']",['bass'],"['dream', 'melodic']",30
vtsouval_mtg_jamendo_autotagging_00000341,anglo_pop,audio/vtsouval_mtg_jamendo_autotagging_00000341.mp3,vtsouval/mtg_jamendo_autotagging,train,341,"['trance', 'ambient']",['bass'],"['dream', 'melodic']",30
vtsouval_mtg_jamendo_autotagging_00000342,anglo_pop,audio/vtsouval_mtg_jamendo_autotagging_00000342.mp3,vtsouval/mtg_jamendo_autotagging,train,342,"['trance', 'ambient']",['bass'],"['dream', 'melodic']",30
vtsouval_mtg_jamendo_autotagging_00000343,anglo_pop,audio/vtsouval_mtg_jamendo_autotagging_00000343.mp3,vtsouval/mtg_jamendo_autotagging,train,343,"['trance', 'ambient']",['bass'],"['dream', 'melodic']",30
vtsouval_mtg_jamendo_autotagging_00000344,anglo_pop,audio/vtsouval_mtg_jamendo_autotagging_00000344.mp3,vtsouval/mtg_jamendo_autotagging,train,344,"['trance', 'ambient']",['bass'],"['dream', 'melodic']",30
vtsouval_mtg_jamendo_autotagging_00000345,anglo_pop,audio/vtsouval_mtg_jamendo_autotagging_00000345.mp3,vtsouval/mtg_jamendo_autotagging,train,345,"['trance', 'ambient']",['bass'],"['dream', 'melodic']",30
vtsouval_mtg_jamendo_autotagging_00000346,anglo_pop,audio/vtsouval_mtg_jamendo_autotagging_00000346.mp3,vtsouval/mtg_jamendo_autotagging,train,346,"['easylistening', 'newage', 'ambient']",['piano'],"['documentary', 'relaxing', 'nature', 'dream', 'meditative', 'emotional']",30
vtsouval_mtg_jamendo_autotagging_00000347,anglo_pop,audio/vtsouval_mtg_jamendo_autotagging_00000347.mp3,vtsouval/mtg_jamendo_autotagging,train,347,"['newage', 'ambient', 'easylistening', 'chillout', 'electronic']","['piano', 'synthesizer', 'drummachine']",['space'],30
vtsouval_mtg_jamendo_autotagging_00000348,anglo_pop,audio/vtsouval_mtg_jamendo_autotagging_00000348.mp3,vtsouval/mtg_jamendo_autotagging,train,348,"['easylistening', 'newage', 'ambient', 'electronic']","['piano', 'synthesizer']",['space'],30
vtsouval_mtg_jamendo_autotagging_00000349,anglo_pop,audio/vtsouval_mtg_jamendo_autotagging_00000349.mp3,vtsouval/mtg_jamendo_autotagging,train,349,"['easylistening', 'newage', 'ambient']","['flute', 'cello']","['documentary', 'relaxing', 'meditative', 'nature']",30
vtsouval_mtg_jamendo_autotagging_00000350,anglo_pop,audio/vtsouval_mtg_jamendo_autotagging_00000350.mp3,vtsouval/mtg_jamendo_autotagging,train,350,"['chillout', 'ambient', 'electronic']","['piano', 'synthesizer']","['space', 'epic']",30
vtsouval_mtg_jamendo_autotagging_00000351,anglo_pop,audio/vtsouval_mtg_jamendo_autotagging_00000351.mp3,vtsouval/mtg_jamendo_autotagging,train,351,"['easylistening', 'newage', 'ambient', 'electronic']","['piano', 'synthesizer']","['dream', 'space', 'soundscape']",30
vtsouval_mtg_jamendo_autotagging_00000352,anglo_pop,audio/vtsouval_mtg_jamendo_autotagging_00000352.mp3,vtsouval/mtg_jamendo_autotagging,train,352,"['easylistening', 'ambient', 'electronic']","['synthesizer', 'harp']","['emotional', 'space', 'epic']",30
vtsouval_mtg_jamendo_autotagging_00000353,anglo_pop,audio/vtsouval_mtg_jamendo_autotagging_00000353.mp3,vtsouval/mtg_jamendo_autotagging,train,353,"['blues', 'pop', 'instrumentalpop']",['guitar'],['calm'],30
vtsouval_mtg_jamendo_autotagging_00000354,anglo_pop,audio/vtsouval_mtg_jamendo_autotagging_00000354.mp3,vtsouval/mtg_jamendo_autotagging,train,354,"['blues', 'pop', 'instrumentalpop']",['guitar'],['calm'],30
vtsouval_mtg_jamendo_autotagging_00000355,anglo_pop,audio/vtsouval_mtg_jamendo_autotagging_00000355.mp3,vtsouval/mtg_jamendo_autotagging,train,355,"['easylistening', 'newage']",['piano'],"['emotional', 'soft']",30
vtsouval_mtg_jamendo_autotagging_00000356,anglo_pop,audio/vtsouval_mtg_jamendo_autotagging_00000356.mp3,vtsouval/mtg_jamendo_autotagging,train,356,"['orchestral', 'classical']",['orchestra'],"['emotional', 'soft']",30
vtsouval_mtg_jamendo_autotagging_00000357,anglo_pop,audio/vtsouval_mtg_jamendo_autotagging_00000357.mp3,vtsouval/mtg_jamendo_autotagging,train,357,"['soundtrack', 'jazz']","['drums', 'piano', 'guitar', 'bass', 'clarinet']","['holiday', 'christmas']",30
vtsouval_mtg_jamendo_autotagging_00000358,anglo_pop,audio/vtsouval_mtg_jamendo_autotagging_00000358.mp3,vtsouval/mtg_jamendo_autotagging,train,358,"['pop', 'rock', 'alternative']",['guitar'],['melodic'],30
vtsouval_mtg_jamendo_autotagging_00000359,anglo_pop,audio/vtsouval_mtg_jamendo_autotagging_00000359.mp3,vtsouval/mtg_jamendo_autotagging,train,359,"['folk', 'pop', 'indie', 'alternative']",['guitar'],['melodic'],30
vtsouval_mtg_jamendo_autotagging_00000360,anglo_pop,audio/vtsouval_mtg_jamendo_autotagging_00000360.mp3,vtsouval/mtg_jamendo_autotagging,train,360,"['pop', 'indie', 'alternative']",['guitar'],"['melodic', 'slow']",30
vtsouval_mtg_jamendo_autotagging_00000361,anglo_pop,audio/vtsouval_mtg_jamendo_autotagging_00000361.mp3,vtsouval/mtg_jamendo_autotagging,train,361,"['pop', 'indie', 'latin', 'alternative']","['piano', 'guitar']",['slow'],30
vtsouval_mtg_jamendo_autotagging_00000362,anglo_pop,audio/vtsouval_mtg_jamendo_autotagging_00000362.mp3,vtsouval/mtg_jamendo_autotagging,train,362,"['pop', 'indie', 'alternative', 'rock']",['piano'],['melodic'],30
vtsouval_mtg_jamendo_autotagging_00000363,anglo_pop,audio/vtsouval_mtg_jamendo_autotagging_00000363.mp3,vtsouval/mtg_jamendo_autotagging,train,363,['electronic'],"['drums', 'synthesizer', 'electricguitar', 'bass', 'sampler']","['documentary', 'adventure', 'energetic']",30
vtsouval_mtg_jamendo_autotagging_00000364,anglo_pop,audio/vtsouval_mtg_jamendo_autotagging_00000364.mp3,vtsouval/mtg_jamendo_autotagging,train,364,"['dance', 'techno', 'experimental']","['drums', 'synthesizer', 'drummachine', 'acousticguitar', 'sampler']",['horror'],30
vtsouval_mtg_jamendo_autotagging_00000365,anglo_pop,audio/vtsouval_mtg_jamendo_autotagging_00000365.mp3,vtsouval/mtg_jamendo_autotagging,train,365,"['soundtrack', 'easylistening', 'electronic']","['synthesizer', 'drummachine', 'harp', 'sampler']","['documentary', 'nature']",30
vtsouval_mtg_jamendo_autotagging_00000366,anglo_pop,audio/vtsouval_mtg_jamendo_autotagging_00000366.mp3,vtsouval/mtg_jamendo_autotagging,train,366,"['rock', 'instrumentalpop']","['drums', 'drummachine', 'acousticguitar', 'bass', 'keyboard']","['sport', 'commercial']",30
vtsouval_mtg_jamendo_autotagging_00000367,anglo_pop,audio/vtsouval_mtg_jamendo_autotagging_00000367.mp3,vtsouval/mtg_jamendo_autotagging,train,367,"['rock', 'electronic', 'experimental']","['synthesizer', 'drummachine', 'sampler']",['horror'],30
vtsouval_mtg_jamendo_autotagging_00000368,anglo_pop,audio/vtsouval_mtg_jamendo_autotagging_00000368.mp3,vtsouval/mtg_jamendo_autotagging,train,368,"['soundtrack', 'rock']","['drums', 'synthesizer', 'electricpiano', 'drummachine']",['children'],30
vtsouval_mtg_jamendo_autotagging_00000369,anglo_pop,audio/vtsouval_mtg_jamendo_autotagging_00000369.mp3,vtsouval/mtg_jamendo_autotagging,train,369,"['newage', 'ambient', 'electronic']",['synthesizer'],['children'],30
vtsouval_mtg_jamendo_autotagging_00000370,anglo_pop,audio/vtsouval_mtg_jamendo_autotagging_00000370.mp3,vtsouval/mtg_jamendo_autotagging,train,370,"['dance', 'electronic', 'rock']","['drums', 'synthesizer', 'drummachine', 'harp']",['horror'],30
vtsouval_mtg_jamendo_autotagging_00000371,anglo_pop,audio/vtsouval_mtg_jamendo_autotagging_00000371.mp3,vtsouval/mtg_jamendo_autotagging,train,371,"['electronic', 'experimental']","['synthesizer', 'drummachine']",['children'],30
vtsouval_mtg_jamendo_autotagging_00000372,anglo_pop,audio/vtsouval_mtg_jamendo_autotagging_00000372.mp3,vtsouval/mtg_jamendo_autotagging,train,372,"['soundtrack', 'trance']","['synthesizer', 'drummachine', 'sampler']","['adventure', 'energetic']",30
vtsouval_mtg_jamendo_autotagging_00000373,anglo_pop,audio/vtsouval_mtg_jamendo_autotagging_00000373.mp3,vtsouval/mtg_jamendo_autotagging,train,373,"['psychedelic', 'dance', 'electronic']","['drums', 'synthesizer', 'drummachine', 'bass', 'harp']",['commercial'],30
vtsouval_mtg_jamendo_autotagging_00000374,anglo_pop,audio/vtsouval_mtg_jamendo_autotagging_00000374.mp3,vtsouval/mtg_jamendo_autotagging,train,374,"['soundtrack', 'pop', 'rock', 'electronic', 'poprock']","['drums', 'synthesizer', 'bass', 'piano']",['drama'],30
vtsouval_mtg_jamendo_autotagging_00000375,anglo_pop,audio/vtsouval_mtg_jamendo_autotagging_00000375.mp3,vtsouval/mtg_jamendo_autotagging,train,375,"['pop', 'rock', 'industrial', 'poprock']","['drums', 'synthesizer', 'bass', 'piano']",['sport'],30
vtsouval_mtg_jamendo_autotagging_00000376,anglo_pop,audio/vtsouval_mtg_jamendo_autotagging_00000376.mp3,vtsouval/mtg_jamendo_autotagging,train,376,"['pop', 'rock', 'electronic', 'poprock']","['drums', 'synthesizer', 'piano', 'electricguitar', 'bass']",['commercial'],30
vtsouval_mtg_jamendo_autotagging_00000377,anglo_pop,audio/vtsouval_mtg_jamendo_autotagging_00000377.mp3,vtsouval/mtg_jamendo_autotagging,train,377,"['soundtrack', 'easylistening', 'pop', 'electronic']","['piano', 'acousticguitar', 'synthesizer']",['drama'],30
vtsouval_mtg_jamendo_autotagging_00000378,anglo_pop,audio/vtsouval_mtg_jamendo_autotagging_00000378.mp3,vtsouval/mtg_jamendo_autotagging,train,378,"['pop', 'rock', 'industrial']","['synthesizer', 'electricguitar']",['sport'],30
vtsouval_mtg_jamendo_autotagging_00000379,anglo_pop,audio/vtsouval_mtg_jamendo_autotagging_00000379.mp3,vtsouval/mtg_jamendo_autotagging,train,379,"['pop', 'rock', 'poprock']","['drums', 'bass', 'piano']",['drama'],30
vtsouval_mtg_jamendo_autotagging_00000380,anglo_pop,audio/vtsouval_mtg_jamendo_autotagging_00000380.mp3,vtsouval/mtg_jamendo_autotagging,train,380,"['pop', 'rock', 'industrial']","['synthesizer', 'electricguitar', 'bass']",['sport'],30
vtsouval_mtg_jamendo_autotagging_00000381,anglo_pop,audio/vtsouval_mtg_jamendo_autotagging_00000381.mp3,vtsouval/mtg_jamendo_autotagging,train,381,"['pop', 'rock', 'industrial']","['drums', 'synthesizer', 'electricguitar', 'bass']",['sport'],30
vtsouval_mtg_jamendo_autotagging_00000382,anglo_pop,audio/vtsouval_mtg_jamendo_autotagging_00000382.mp3,vtsouval/mtg_jamendo_autotagging,train,382,"['90s', 'trance', 'techno']",['piano'],"['dream', 'love']",30
vtsouval_mtg_jamendo_autotagging_00000383,anglo_pop,audio/vtsouval_mtg_jamendo_autotagging_00000383.mp3,vtsouval/mtg_jamendo_autotagging,train,383,['soundtrack'],['piano'],['dark'],30
vtsouval_mtg_jamendo_autotagging_00000384,anglo_pop,audio/vtsouval_mtg_jamendo_autotagging_00000384.mp3,vtsouval/mtg_jamendo_autotagging,train,384,"['soundtrack', 'classical']",['piano'],['soft'],30
vtsouval_mtg_jamendo_autotagging_00000385,anglo_pop,audio/vtsouval_mtg_jamendo_autotagging_00000385.mp3,vtsouval/mtg_jamendo_autotagging,train,385,"['soundtrack', 'ambient']",['piano'],['soft'],30
vtsouval_mtg_jamendo_autotagging_00000386,anglo_pop,audio/vtsouval_mtg_jamendo_autotagging_00000386.mp3,vtsouval/mtg_jamendo_autotagging,train,386,['soundtrack'],"['piano', 'violin']",['hopeful'],30
vtsouval_mtg_jamendo_autotagging_00000387,anglo_pop,audio/vtsouval_mtg_jamendo_autotagging_00000387.mp3,vtsouval/mtg_jamendo_autotagging,train,387,['soundtrack'],"['piano', 'violin']",['soft'],30
vtsouval_mtg_jamendo_autotagging_00000388,anglo_pop,audio/vtsouval_mtg_jamendo_autotagging_00000388.mp3,vtsouval/mtg_jamendo_autotagging,train,388,['soundtrack'],['piano'],['love'],30
vtsouval_mtg_jamendo_autotagging_00000389,anglo_pop,audio/vtsouval_mtg_jamendo_autotagging_00000389.mp3,vtsouval/mtg_jamendo_autotagging,train,389,"['easylistening', 'lounge', 'electronic']","['computer', 'bass', 'piano', 'cello']","['melodic', 'game']",30
vtsouval_mtg_jamendo_autotagging_00000390,anglo_pop,audio/vtsouval_mtg_jamendo_autotagging_00000390.mp3,vtsouval/mtg_jamendo_autotagging,train,390,"['house', 'electronic', 'minimal']","['synthesizer', 'computer', 'drummachine', 'piano', 'bass']",['game'],30
vtsouval_mtg_jamendo_autotagging_00000391,anglo_pop,audio/vtsouval_mtg_jamendo_autotagging_00000391.mp3,vtsouval/mtg_jamendo_autotagging,train,391,"['soundtrack', 'electronic']","['synthesizer', 'computer', 'drummachine', 'viola', 'violin', 'piano', 'cello']","['dramatic', 'game']",30
vtsouval_mtg_jamendo_autotagging_00000392,anglo_pop,audio/vtsouval_mtg_jamendo_autotagging_00000392.mp3,vtsouval/mtg_jamendo_autotagging,train,392,"['lounge', 'electronic']","['computer', 'drummachine', 'piano', 'bass', 'cello']","['slow', 'game', 'dark']",30
vtsouval_mtg_jamendo_autotagging_00000393,anglo_pop,audio/vtsouval_mtg_jamendo_autotagging_00000393.mp3,vtsouval/mtg_jamendo_autotagging,train,393,"['rock', 'instrumentalrock', 'electronic']","['synthesizer', 'computer', 'drummachine', 'viola', 'violin', 'bass']",['happy'],30
vtsouval_mtg_jamendo_autotagging_00000394,anglo_pop,audio/vtsouval_mtg_jamendo_autotagging_00000394.mp3,vtsouval/mtg_jamendo_autotagging,train,394,['classical'],['piano'],"['melodic', 'game']",30
vtsouval_mtg_jamendo_autotagging_00000395,anglo_pop,audio/vtsouval_mtg_jamendo_autotagging_00000395.mp3,vtsouval/mtg_jamendo_autotagging,train,395,"['symphonic', 'easylistening', 'electronic']","['flute', 'computer', 'horn', 'trumpet', 'viola', 'piano', 'trombone', 'cello']",['game'],30
vtsouval_mtg_jamendo_autotagging_00000396,anglo_pop,audio/vtsouval_mtg_jamendo_autotagging_00000396.mp3,vtsouval/mtg_jamendo_autotagging,train,396,['electronic'],"['synthesizer', 'computer', 'drummachine', 'piano', 'bass']","['emotional', 'game', 'melodic']",30
vtsouval_mtg_jamendo_autotagging_00000397,anglo_pop,audio/vtsouval_mtg_jamendo_autotagging_00000397.mp3,vtsouval/mtg_jamendo_autotagging,train,397,"['easylistening', 'electronic']","['synthesizer', 'computer', 'drummachine', 'piano', 'bass']","['game', 'happy']",30
vtsouval_mtg_jamendo_autotagging_00000398,anglo_pop,audio/vtsouval_mtg_jamendo_autotagging_00000398.mp3,vtsouval/mtg_jamendo_autotagging,train,398,"['world', 'electronic']","['computer', 'drummachine', 'viola', 'violin', 'bass']",['game'],30
vtsouval_mtg_jamendo_autotagging_00000399,anglo_pop,audio/vtsouval_mtg_jamendo_autotagging_00000399.mp3,vtsouval/mtg_jamendo_autotagging,train,399,"['progressive', 'classicrock', 'psychedelic', 'rock']","['drums', 'synthesizer', 'violin', 'electricguitar', 'bass']",['epic'],30
vtsouval_mtg_jamendo_autotagging_00000400,anglo_pop,audio/vtsouval_mtg_jamendo_autotagging_00000400.mp3,vtsouval/mtg_jamendo_autotagging,train,400,"['rocknroll', 'country', 'soundtrack']","['acousticguitar', 'electricguitar']",['advertising'],30
vtsouval_mtg_jamendo_autotagging_00000401,anglo_pop,audio/vtsouval_mtg_jamendo_autotagging_00000401.mp3,vtsouval/mtg_jamendo_autotagging,train,401,"['rocknroll', 'country', 'soundtrack']","['acousticguitar', 'electricguitar']",['advertising'],30
vtsouval_mtg_jamendo_autotagging_00000402,anglo_pop,audio/vtsouval_mtg_jamendo_autotagging_00000402.mp3,vtsouval/mtg_jamendo_autotagging,train,402,"['rocknroll', 'country', 'soundtrack']","['acousticguitar', 'electricguitar']",['advertising'],30
vtsouval_mtg_jamendo_autotagging_00000403,anglo_pop,audio/vtsouval_mtg_jamendo_autotagging_00000403.mp3,vtsouval/mtg_jamendo_autotagging,train,403,"['rocknroll', 'country', 'soundtrack']","['acousticguitar', 'electricguitar']",['advertising'],30
vtsouval_mtg_jamendo_autotagging_00000404,anglo_pop,audio/vtsouval_mtg_jamendo_autotagging_00000404.mp3,vtsouval/mtg_jamendo_autotagging,train,404,"['fusion', 'lounge', 'funk', 'easylistening', 'electronic']",['synthesizer'],['background'],30
vtsouval_mtg_jamendo_autotagging_00000405,anglo_pop,audio/vtsouval_mtg_jamendo_autotagging_00000405.mp3,vtsouval/mtg_jamendo_autotagging,train,405,"['ambient', 'lounge', 'easylistening', 'chillout', 'electronic']",['synthesizer'],['background'],30
vtsouval_mtg_jamendo_autotagging_00000406,anglo_pop,audio/vtsouval_mtg_jamendo_autotagging_00000406.mp3,vtsouval/mtg_jamendo_autotagging,train,406,"['lounge', 'downtempo', 'ambient', 'electronic']",['synthesizer'],['melodic'],30
vtsouval_mtg_jamendo_autotagging_00000407,anglo_pop,audio/vtsouval_mtg_jamendo_autotagging_00000407.mp3,vtsouval/mtg_jamendo_autotagging,train,407,"['hard', 'electronic', 'breakbeat']","['drums', 'beat', 'bass']",['sport'],30
vtsouval_mtg_jamendo_autotagging_00000408,anglo_pop,audio/vtsouval_mtg_jamendo_autotagging_00000408.mp3,vtsouval/mtg_jamendo_autotagging,train,408,"['chillout', 'ambient']",['guitar'],['calm'],30
vtsouval_mtg_jamendo_autotagging_00000409,anglo_pop,audio/vtsouval_mtg_jamendo_autotagging_00000409.mp3,vtsouval/mtg_jamendo_autotagging,train,409,['ambient'],['guitar'],"['calm', 'soft']",30
vtsouval_mtg_jamendo_autotagging_00000410,anglo_pop,audio/vtsouval_mtg_jamendo_autotagging_00000410.mp3,vtsouval/mtg_jamendo_autotagging,train,410,"['orchestral', 'soundtrack', 'classical', 'contemporary']",['piano'],['sad'],30
vtsouval_mtg_jamendo_autotagging_00000411,anglo_pop,audio/vtsouval_mtg_jamendo_autotagging_00000411.mp3,vtsouval/mtg_jamendo_autotagging,train,411,"['pop', 'ambient', 'electronic', 'atmospheric']",['guitar'],['melodic'],30
vtsouval_mtg_jamendo_autotagging_00000412,anglo_pop,audio/vtsouval_mtg_jamendo_autotagging_00000412.mp3,vtsouval/mtg_jamendo_autotagging,train,412,"['fusion', 'ambient']","['acousticguitar', 'guitar']",['advertising'],30
vtsouval_mtg_jamendo_autotagging_00000413,anglo_pop,audio/vtsouval_mtg_jamendo_autotagging_00000413.mp3,vtsouval/mtg_jamendo_autotagging,train,413,"['dance', 'ambient', 'electronic']","['piano', 'guitar']","['documentary', 'advertising', 'motivational']",30
vtsouval_mtg_jamendo_autotagging_00000414,anglo_pop,audio/vtsouval_mtg_jamendo_autotagging_00000414.mp3,vtsouval/mtg_jamendo_autotagging,train,414,"['electropop', 'electronic']","['guitar', 'synthesizer']","['energetic', 'happy']",30
vtsouval_mtg_jamendo_autotagging_00000415,anglo_pop,audio/vtsouval_mtg_jamendo_autotagging_00000415.mp3,vtsouval/mtg_jamendo_autotagging,train,415,"['pop', 'synthpop', 'electronic']","['drums', 'strings', 'synthesizer']","['soft', 'energetic']",30
vtsouval_mtg_jamendo_autotagging_00000416,anglo_pop,audio/vtsouval_mtg_jamendo_autotagging_00000416.mp3,vtsouval/mtg_jamendo_autotagging,train,416,['chillout'],"['guitar', 'synthesizer']","['calm', 'relaxing', 'soft', 'uplifting']",30
vtsouval_mtg_jamendo_autotagging_00000417,anglo_pop,audio/vtsouval_mtg_jamendo_autotagging_00000417.mp3,vtsouval/mtg_jamendo_autotagging,train,417,"['pop', 'popfolk', 'electronic']","['guitar', 'synthesizer']","['inspiring', 'relaxing', 'meditative', 'happy']",30
vtsouval_mtg_jamendo_autotagging_00000418,anglo_pop,audio/vtsouval_mtg_jamendo_autotagging_00000418.mp3,vtsouval/mtg_jamendo_autotagging,train,418,"['soundtrack', 'ambient', 'atmospheric']",['piano'],"['dream', 'emotional', 'slow']",30
vtsouval_mtg_jamendo_autotagging_00000419,anglo_pop,audio/vtsouval_mtg_jamendo_autotagging_00000419.mp3,vtsouval/mtg_jamendo_autotagging,train,419,['easylistening'],['piano'],"['emotional', 'relaxing']",30
vtsouval_mtg_jamendo_autotagging_00000420,anglo_pop,audio/vtsouval_mtg_jamendo_autotagging_00000420.mp3,vtsouval/mtg_jamendo_autotagging,train,420,['easylistening'],['piano'],"['emotional', 'relaxing']",30
vtsouval_mtg_jamendo_autotagging_00000421,anglo_pop,audio/vtsouval_mtg_jamendo_autotagging_00000421.mp3,vtsouval/mtg_jamendo_autotagging,train,421,['easylistening'],['piano'],"['emotional', 'relaxing']",30
vtsouval_mtg_jamendo_autotagging_00000422,anglo_pop,audio/vtsouval_mtg_jamendo_autotagging_00000422.mp3,vtsouval/mtg_jamendo_autotagging,train,422,['easylistening'],['piano'],"['emotional', 'relaxing']",30
vtsouval_mtg_jamendo_autotagging_00000423,anglo_pop,audio/vtsouval_mtg_jamendo_autotagging_00000423.mp3,vtsouval/mtg_jamendo_autotagging,train,423,['easylistening'],['piano'],"['emotional', 'relaxing']",30
vtsouval_mtg_jamendo_autotagging_00000424,anglo_pop,audio/vtsouval_mtg_jamendo_autotagging_00000424.mp3,vtsouval/mtg_jamendo_autotagging,train,424,['easylistening'],['piano'],"['emotional', 'relaxing']",30
vtsouval_mtg_jamendo_autotagging_00000425,anglo_pop,audio/vtsouval_mtg_jamendo_autotagging_00000425.mp3,vtsouval/mtg_jamendo_autotagging,train,425,['easylistening'],['piano'],"['emotional', 'relaxing']",30
vtsouval_mtg_jamendo_autotagging_00000426,anglo_pop,audio/vtsouval_mtg_jamendo_autotagging_00000426.mp3,vtsouval/mtg_jamendo_autotagging,train,426,"['triphop', 'pop', 'electronic']",['piano'],['sad'],30
vtsouval_mtg_jamendo_autotagging_00000427,anglo_pop,audio/vtsouval_mtg_jamendo_autotagging_00000427.mp3,vtsouval/mtg_jamendo_autotagging,train,427,['jazz'],['piano'],['melodic'],30
vtsouval_mtg_jamendo_autotagging_00000428,anglo_pop,audio/vtsouval_mtg_jamendo_autotagging_00000428.mp3,vtsouval/mtg_jamendo_autotagging,train,428,['jazz'],['piano'],['melodic'],30
vtsouval_mtg_jamendo_autotagging_00000429,anglo_pop,audio/vtsouval_mtg_jamendo_autotagging_00000429.mp3,vtsouval/mtg_jamendo_autotagging,train,429,['jazz'],['piano'],['melodic'],30
vtsouval_mtg_jamendo_autotagging_00000430,anglo_pop,audio/vtsouval_mtg_jamendo_autotagging_00000430.mp3,vtsouval/mtg_jamendo_autotagging,train,430,['jazz'],['piano'],['melodic'],30
vtsouval_mtg_jamendo_autotagging_00000431,anglo_pop,audio/vtsouval_mtg_jamendo_autotagging_00000431.mp3,vtsouval/mtg_jamendo_autotagging,train,431,['jazz'],['piano'],['melodic'],30
vtsouval_mtg_jamendo_autotagging_00000432,anglo_pop,audio/vtsouval_mtg_jamendo_autotagging_00000432.mp3,vtsouval/mtg_jamendo_autotagging,train,432,['jazz'],['piano'],['melodic'],30
vtsouval_mtg_jamendo_autotagging_00000433,anglo_pop,audio/vtsouval_mtg_jamendo_autotagging_00000433.mp3,vtsouval/mtg_jamendo_autotagging,train,433,"['electronic', 'ambient', 'alternative', 'experimental']",['piano'],['meditative'],30
vtsouval_mtg_jamendo_autotagging_00000434,anglo_pop,audio/vtsouval_mtg_jamendo_autotagging_00000434.mp3,vtsouval/mtg_jamendo_autotagging,train,434,"['electronic', 'ambient', 'alternative', 'experimental']",['piano'],['meditative'],30
vtsouval_mtg_jamendo_autotagging_00000435,anglo_pop,audio/vtsouval_mtg_jamendo_autotagging_00000435.mp3,vtsouval/mtg_jamendo_autotagging,train,435,"['electronic', 'ambient', 'alternative', 'experimental']",['piano'],['meditative'],30
vtsouval_mtg_jamendo_autotagging_00000436,anglo_pop,audio/vtsouval_mtg_jamendo_autotagging_00000436.mp3,vtsouval/mtg_jamendo_autotagging,train,436,"['electronic', 'ambient', 'alternative', 'experimental']",['piano'],['meditative'],30
vtsouval_mtg_jamendo_autotagging_00000437,anglo_pop,audio/vtsouval_mtg_jamendo_autotagging_00000437.mp3,vtsouval/mtg_jamendo_autotagging,train,437,"['electronic', 'ambient', 'alternative', 'experimental']",['piano'],['meditative'],30
vtsouval_mtg_jamendo_autotagging_00000438,anglo_pop,audio/vtsouval_mtg_jamendo_autotagging_00000438.mp3,vtsouval/mtg_jamendo_autotagging,train,438,"['pop', 'electronic']",['synthesizer'],['space'],30
vtsouval_mtg_jamendo_autotagging_00000439,anglo_pop,audio/vtsouval_mtg_jamendo_autotagging_00000439.mp3,vtsouval/mtg_jamendo_autotagging,train,439,"['pop', 'electronic']",['synthesizer'],['space'],30
vtsouval_mtg_jamendo_autotagging_00000440,anglo_pop,audio/vtsouval_mtg_jamendo_autotagging_00000440.mp3,vtsouval/mtg_jamendo_autotagging,train,440,"['pop', 'electronic']",['synthesizer'],['space'],30
vtsouval_mtg_jamendo_autotagging_00000441,anglo_pop,audio/vtsouval_mtg_jamendo_autotagging_00000441.mp3,vtsouval/mtg_jamendo_autotagging,train,441,"['pop', 'electronic']",['synthesizer'],['space'],30
vtsouval_mtg_jamendo_autotagging_00000442,anglo_pop,audio/vtsouval_mtg_jamendo_autotagging_00000442.mp3,vtsouval/mtg_jamendo_autotagging,train,442,"['pop', 'electronic']",['synthesizer'],['space'],30
vtsouval_mtg_jamendo_autotagging_00000443,anglo_pop,audio/vtsouval_mtg_jamendo_autotagging_00000443.mp3,vtsouval/mtg_jamendo_autotagging,train,443,"['pop', 'electronic']",['synthesizer'],['space'],30
vtsouval_mtg_jamendo_autotagging_00000444,anglo_pop,audio/vtsouval_mtg_jamendo_autotagging_00000444.mp3,vtsouval/mtg_jamendo_autotagging,train,444,"['pop', 'electronic']",['synthesizer'],['space'],30
vtsouval_mtg_jamendo_autotagging_00000445,anglo_pop,audio/vtsouval_mtg_jamendo_autotagging_00000445.mp3,vtsouval/mtg_jamendo_autotagging,train,445,"['world', 'jazz']",['saxophone'],"['documentary', 'uplifting']",30
vtsouval_mtg_jamendo_autotagging_00000446,anglo_pop,audio/vtsouval_mtg_jamendo_autotagging_00000446.mp3,vtsouval/mtg_jamendo_autotagging,train,446,['ambient'],['saxophone'],"['sad', 'film']",30
vtsouval_mtg_jamendo_autotagging_00000447,anglo_pop,audio/vtsouval_mtg_jamendo_autotagging_00000447.mp3,vtsouval/mtg_jamendo_autotagging,train,447,"['chanson', 'ambient', 'poprock']","['electricguitar', 'bass']","['emotional', 'melodic']",30
vtsouval_mtg_jamendo_autotagging_00000448,anglo_pop,audio/vtsouval_mtg_jamendo_autotagging_00000448.mp3,vtsouval/mtg_jamendo_autotagging,train,448,"['orchestral', 'newage', 'ambient']","['piano', 'bass', 'drummachine']","['emotional', 'melancholic']",30
vtsouval_mtg_jamendo_autotagging_00000449,anglo_pop,audio/vtsouval_mtg_jamendo_autotagging_00000449.mp3,vtsouval/mtg_jamendo_autotagging,train,449,"['progressive', 'worldfusion', 'ambient', 'electronic', 'psychedelic']","['drums', 'guitar', 'bass', 'synthesizer']",['soundscape'],30
vtsouval_mtg_jamendo_autotagging_00000450,anglo_pop,audio/vtsouval_mtg_jamendo_autotagging_00000450.mp3,vtsouval/mtg_jamendo_autotagging,train,450,"['progressive', 'worldfusion', 'ambient', 'alternative', 'psychedelic', 'experimental']","['drums', 'guitar', 'bass', 'synthesizer']",['soundscape'],30
vtsouval_mtg_jamendo_autotagging_00000451,anglo_pop,audio/vtsouval_mtg_jamendo_autotagging_00000451.mp3,vtsouval/mtg_jamendo_autotagging,train,451,"['progressive', 'worldfusion', 'ambient', 'electronic', 'psychedelic']","['drums', 'guitar', 'bass', 'synthesizer']",['soundscape'],30
vtsouval_mtg_jamendo_autotagging_00000452,anglo_pop,audio/vtsouval_mtg_jamendo_autotagging_00000452.mp3,vtsouval/mtg_jamendo_autotagging,train,452,"['progressive', 'worldfusion', 'ambient', 'easylistening', 'psychedelic']","['drums', 'guitar', 'bass', 'synthesizer']",['soundscape'],30
vtsouval_mtg_jamendo_autotagging_00000453,anglo_pop,audio/vtsouval_mtg_jamendo_autotagging_00000453.mp3,vtsouval/mtg_jamendo_autotagging,train,453,"['progressive', 'worldfusion', 'ambient', 'easylistening', 'psychedelic']","['drums', 'guitar', 'bass', 'synthesizer']",['soundscape'],30
vtsouval_mtg_jamendo_autotagging_00000454,anglo_pop,audio/vtsouval_mtg_jamendo_autotagging_00000454.mp3,vtsouval/mtg_jamendo_autotagging,train,454,"['progressive', 'worldfusion', 'ambient', 'easylistening', 'psychedelic']","['drums', 'guitar', 'bass', 'synthesizer']",['soundscape'],30
vtsouval_mtg_jamendo_autotagging_00000455,anglo_pop,audio/vtsouval_mtg_jamendo_autotagging_00000455.mp3,vtsouval/mtg_jamendo_autotagging,train,455,"['progressive', 'worldfusion', 'ambient', 'easylistening', 'psychedelic']","['drums', 'guitar', 'bass', 'synthesizer']",['soundscape'],30
vtsouval_mtg_jamendo_autotagging_00000456,anglo_pop,audio/vtsouval_mtg_jamendo_autotagging_00000456.mp3,vtsouval/mtg_jamendo_autotagging,train,456,"['progressive', 'worldfusion', 'ambient', 'easylistening', 'psychedelic']","['drums', 'guitar', 'bass', 'synthesizer']",['soundscape'],30
vtsouval_mtg_jamendo_autotagging_00000457,anglo_pop,audio/vtsouval_mtg_jamendo_autotagging_00000457.mp3,vtsouval/mtg_jamendo_autotagging,train,457,"['progressive', 'worldfusion', 'ambient', 'easylistening', 'psychedelic']","['drums', 'guitar', 'bass', 'synthesizer']",['soundscape'],30
vtsouval_mtg_jamendo_autotagging_00000458,anglo_pop,audio/vtsouval_mtg_jamendo_autotagging_00000458.mp3,vtsouval/mtg_jamendo_autotagging,train,458,"['progressive', 'worldfusion', 'ambient', 'easylistening', 'psychedelic']","['drums', 'guitar', 'bass', 'synthesizer']",['soundscape'],30
vtsouval_mtg_jamendo_autotagging_00000459,anglo_pop,audio/vtsouval_mtg_jamendo_autotagging_00000459.mp3,vtsouval/mtg_jamendo_autotagging,train,459,"['progressive', 'worldfusion', 'ambient', 'easylistening', 'psychedelic']","['drums', 'guitar', 'bass', 'synthesizer']",['soundscape'],30
vtsouval_mtg_jamendo_autotagging_00000460,anglo_pop,audio/vtsouval_mtg_jamendo_autotagging_00000460.mp3,vtsouval/mtg_jamendo_autotagging,train,460,"['progressive', 'worldfusion', 'ambient', 'easylistening', 'psychedelic']","['drums', 'guitar', 'bass', 'synthesizer']",['soundscape'],30
vtsouval_mtg_jamendo_autotagging_00000461,anglo_pop,audio/vtsouval_mtg_jamendo_autotagging_00000461.mp3,vtsouval/mtg_jamendo_autotagging,train,461,"['soundtrack', 'symphonic']",['piano'],"['emotional', 'romantic']",30
vtsouval_mtg_jamendo_autotagging_00000462,anglo_pop,audio/vtsouval_mtg_jamendo_autotagging_00000462.mp3,vtsouval/mtg_jamendo_autotagging,train,462,"['blues', 'pop', 'rock', 'instrumentalpop']",['guitar'],['cool'],30
vtsouval_mtg_jamendo_autotagging_00000463,anglo_pop,audio/vtsouval_mtg_jamendo_autotagging_00000463.mp3,vtsouval/mtg_jamendo_autotagging,train,463,"['soundtrack', 'pop', 'rock', 'poprock']","['drums', 'electricguitar', 'bass', 'piano']","['emotional', 'drama']",30
vtsouval_mtg_jamendo_autotagging_00000464,anglo_pop,audio/vtsouval_mtg_jamendo_autotagging_00000464.mp3,vtsouval/mtg_jamendo_autotagging,train,464,"['folk', 'pop', 'rock', 'popfolk']","['drums', 'acousticguitar', 'bass']",['commercial'],30
vtsouval_mtg_jamendo_autotagging_00000465,anglo_pop,audio/vtsouval_mtg_jamendo_autotagging_00000465.mp3,vtsouval/mtg_jamendo_autotagging,train,465,"['pop', 'rock']","['drums', 'electricguitar', 'bass']","['sport', 'energetic']",30
vtsouval_mtg_jamendo_autotagging_00000466,anglo_pop,audio/vtsouval_mtg_jamendo_autotagging_00000466.mp3,vtsouval/mtg_jamendo_autotagging,train,466,"['soundtrack', 'easylistening', 'pop']",['piano'],"['emotional', 'drama']",30
vtsouval_mtg_jamendo_autotagging_00000467,anglo_pop,audio/vtsouval_mtg_jamendo_autotagging_00000467.mp3,vtsouval/mtg_jamendo_autotagging,train,467,"['pop', 'rock']","['drums', 'electricguitar', 'bass']","['sport', 'energetic']",30
vtsouval_mtg_jamendo_autotagging_00000468,anglo_pop,audio/vtsouval_mtg_jamendo_autotagging_00000468.mp3,vtsouval/mtg_jamendo_autotagging,train,468,"['pop', 'rock', 'electronic']","['synthesizer', 'bass']",['sport'],30
vtsouval_mtg_jamendo_autotagging_00000469,anglo_pop,audio/vtsouval_mtg_jamendo_autotagging_00000469.mp3,vtsouval/mtg_jamendo_autotagging,train,469,"['folk', 'popfolk', 'soundtrack', 'easylistening', 'pop']","['acousticguitar', 'bass']",['drama'],30
vtsouval_mtg_jamendo_autotagging_00000470,anglo_pop,audio/vtsouval_mtg_jamendo_autotagging_00000470.mp3,vtsouval/mtg_jamendo_autotagging,train,470,"['pop', 'rock']","['drums', 'electricguitar', 'bass']","['sport', 'energetic']",30
vtsouval_mtg_jamendo_autotagging_00000471,anglo_pop,audio/vtsouval_mtg_jamendo_autotagging_00000471.mp3,vtsouval/mtg_jamendo_autotagging,train,471,"['pop', 'rock', 'poprock']","['drums', 'electricguitar', 'bass']","['sport', 'energetic']",30
vtsouval_mtg_jamendo_autotagging_00000472,anglo_pop,audio/vtsouval_mtg_jamendo_autotagging_00000472.mp3,vtsouval/mtg_jamendo_autotagging,train,472,"['soundtrack', 'easylistening', 'pop']","['piano', 'bass']","['emotional', 'drama']",30
vtsouval_mtg_jamendo_autotagging_00000473,anglo_pop,audio/vtsouval_mtg_jamendo_autotagging_00000473.mp3,vtsouval/mtg_jamendo_autotagging,train,473,"['pop', 'rock', 'industrial', 'electronic']","['drums', 'synthesizer', 'electricguitar']",['sport'],30
vtsouval_mtg_jamendo_autotagging_00000474,anglo_pop,audio/vtsouval_mtg_jamendo_autotagging_00000474.mp3,vtsouval/mtg_jamendo_autotagging,train,474,"['pop', 'rock', 'poprock']","['drums', 'acousticguitar', 'electricguitar', 'bass']",['sport'],30
vtsouval_mtg_jamendo_autotagging_00000475,anglo_pop,audio/vtsouval_mtg_jamendo_autotagging_00000475.mp3,vtsouval/mtg_jamendo_autotagging,train,475,"['soundtrack', 'pop', 'rock', 'poprock']","['drums', 'electricguitar', 'bass']","['emotional', 'drama']",30
vtsouval_mtg_jamendo_autotagging_00000476,anglo_pop,audio/vtsouval_mtg_jamendo_autotagging_00000476.mp3,vtsouval/mtg_jamendo_autotagging,train,476,"['rock', 'industrial', 'electronic']","['synthesizer', 'electricguitar', 'drummachine']","['sport', 'energetic']",30
vtsouval_mtg_jamendo_autotagging_00000477,anglo_pop,audio/vtsouval_mtg_jamendo_autotagging_00000477.mp3,vtsouval/mtg_jamendo_autotagging,train,477,"['soundtrack', 'pop', 'rock', 'poprock']","['drums', 'electricguitar', 'bass']","['emotional', 'drama']",30
vtsouval_mtg_jamendo_autotagging_00000478,anglo_pop,audio/vtsouval_mtg_jamendo_autotagging_00000478.mp3,vtsouval/mtg_jamendo_autotagging,train,478,"['pop', 'rock']","['drums', 'electricguitar', 'bass']","['sport', 'energetic']",30
vtsouval_mtg_jamendo_autotagging_00000479,anglo_pop,audio/vtsouval_mtg_jamendo_autotagging_00000479.mp3,vtsouval/mtg_jamendo_autotagging,train,479,"['folk', 'country', 'singersongwriter']",['guitar'],['sad'],30
vtsouval_mtg_jamendo_autotagging_00000480,anglo_pop,audio/vtsouval_mtg_jamendo_autotagging_00000480.mp3,vtsouval/mtg_jamendo_autotagging,train,480,"['folk', 'country', 'singersongwriter']",['guitar'],"['sad', 'melancholic']",30
vtsouval_mtg_jamendo_autotagging_00000481,anglo_pop,audio/vtsouval_mtg_jamendo_autotagging_00000481.mp3,vtsouval/mtg_jamendo_autotagging,train,481,"['folk', 'country', 'singersongwriter']",['guitar'],['sad'],30
vtsouval_mtg_jamendo_autotagging_00000482,anglo_pop,audio/vtsouval_mtg_jamendo_autotagging_00000482.mp3,vtsouval/mtg_jamendo_autotagging,train,482,"['folk', 'country', 'singersongwriter']",['guitar'],['sad'],30
vtsouval_mtg_jamendo_autotagging_00000483,anglo_pop,audio/vtsouval_mtg_jamendo_autotagging_00000483.mp3,vtsouval/mtg_jamendo_autotagging,train,483,"['folk', 'country', 'singersongwriter']",['guitar'],['sad'],30
vtsouval_mtg_jamendo_autotagging_00000484,anglo_pop,audio/vtsouval_mtg_jamendo_autotagging_00000484.mp3,vtsouval/mtg_jamendo_autotagging,train,484,"['folk', 'country', 'singersongwriter']",['guitar'],['sad'],30
vtsouval_mtg_jamendo_autotagging_00000485,anglo_pop,audio/vtsouval_mtg_jamendo_autotagging_00000485.mp3,vtsouval/mtg_jamendo_autotagging,train,485,"['soundtrack', 'easylistening', 'alternative']","['acousticguitar', 'bongo', 'cello']",['love'],30
vtsouval_mtg_jamendo_autotagging_00000486,anglo_pop,audio/vtsouval_mtg_jamendo_autotagging_00000486.mp3,vtsouval/mtg_jamendo_autotagging,train,486,"['soundtrack', 'easylistening', 'alternative']","['acousticguitar', 'bongo', 'cello']",['love'],30
vtsouval_mtg_jamendo_autotagging_00000487,anglo_pop,audio/vtsouval_mtg_jamendo_autotagging_00000487.mp3,vtsouval/mtg_jamendo_autotagging,train,487,"['soundtrack', 'easylistening', 'alternative']","['acousticguitar', 'bongo', 'cello']",['love'],30
vtsouval_mtg_jamendo_autotagging_00000488,anglo_pop,audio/vtsouval_mtg_jamendo_autotagging_00000488.mp3,vtsouval/mtg_jamendo_autotagging,train,488,"['soundtrack', 'easylistening', 'alternative']","['acousticguitar', 'bongo', 'cello']",['love'],30
vtsouval_mtg_jamendo_autotagging_00000489,anglo_pop,audio/vtsouval_mtg_jamendo_autotagging_00000489.mp3,vtsouval/mtg_jamendo_autotagging,train,489,"['soundtrack', 'easylistening', 'alternative']","['acousticguitar', 'bongo', 'cello']",['love'],30
vtsouval_mtg_jamendo_autotagging_00000490,anglo_pop,audio/vtsouval_mtg_jamendo_autotagging_00000490.mp3,vtsouval/mtg_jamendo_autotagging,train,490,"['soundtrack', 'easylistening', 'alternative']","['acousticguitar', 'bongo', 'cello']",['love'],30
vtsouval_mtg_jamendo_autotagging_00000491,anglo_pop,audio/vtsouval_mtg_jamendo_autotagging_00000491.mp3,vtsouval/mtg_jamendo_autotagging,train,491,"['soundtrack', 'easylistening', 'alternative']","['acousticguitar', 'bongo', 'cello']",['love'],30
vtsouval_mtg_jamendo_autotagging_00000492,anglo_pop,audio/vtsouval_mtg_jamendo_autotagging_00000492.mp3,vtsouval/mtg_jamendo_autotagging,train,492,"['soundtrack', 'easylistening', 'alternative']","['acousticguitar', 'bongo', 'cello']",['love'],30
vtsouval_mtg_jamendo_autotagging_00000493,anglo_pop,audio/vtsouval_mtg_jamendo_autotagging_00000493.mp3,vtsouval/mtg_jamendo_autotagging,train,493,"['soundtrack', 'easylistening', 'alternative']","['acousticguitar', 'bongo', 'cello']",['love'],30
vtsouval_mtg_jamendo_autotagging_00000494,anglo_pop,audio/vtsouval_mtg_jamendo_autotagging_00000494.mp3,vtsouval/mtg_jamendo_autotagging,train,494,"['soundtrack', 'easylistening', 'alternative']","['acousticguitar', 'bongo', 'cello']",['love'],30
vtsouval_mtg_jamendo_autotagging_00000495,anglo_pop,audio/vtsouval_mtg_jamendo_autotagging_00000495.mp3,vtsouval/mtg_jamendo_autotagging,train,495,"['house', 'electronic']",['sampler'],['energetic'],30
vtsouval_mtg_jamendo_autotagging_00000496,anglo_pop,audio/vtsouval_mtg_jamendo_autotagging_00000496.mp3,vtsouval/mtg_jamendo_autotagging,train,496,"['house', 'electronic']",['sampler'],['energetic'],30
vtsouval_mtg_jamendo_autotagging_00000497,anglo_pop,audio/vtsouval_mtg_jamendo_autotagging_00000497.mp3,vtsouval/mtg_jamendo_autotagging,train,497,"['house', 'electronic']",['sampler'],['energetic'],30
vtsouval_mtg_jamendo_autotagging_00000498,anglo_pop,audio/vtsouval_mtg_jamendo_autotagging_00000498.mp3,vtsouval/mtg_jamendo_autotagging,train,498,"['soundtrack', 'grunge', 'techno', 'electronic']","['synthesizer', 'trumpet']",['horror'],30
vtsouval_mtg_jamendo_autotagging_00000499,anglo_pop,audio/vtsouval_mtg_jamendo_autotagging_00000499.mp3,vtsouval/mtg_jamendo_autotagging,train,499,"['classical', 'contemporary']",['guitar'],"['movie', 'film']",30
vtsouval_mtg_jamendo_autotagging_00000500,anglo_pop,audio/vtsouval_mtg_jamendo_autotagging_00000500.mp3,vtsouval/mtg_jamendo_autotagging,train,500,"['folk', 'instrumentalpop']",['guitar'],"['movie', 'film']",30
vtsouval_mtg_jamendo_autotagging_00000501,anglo_pop,audio/vtsouval_mtg_jamendo_autotagging_00000501.mp3,vtsouval/mtg_jamendo_autotagging,train,501,"['pop', 'instrumentalpop']",['guitar'],"['movie', 'love', 'film']",30
vtsouval_mtg_jamendo_autotagging_00000502,anglo_pop,audio/vtsouval_mtg_jamendo_autotagging_00000502.mp3,vtsouval/mtg_jamendo_autotagging,train,502,"['dance', 'electronic', 'idm']",['piano'],['melodic'],30
vtsouval_mtg_jamendo_autotagging_00000503,anglo_pop,audio/vtsouval_mtg_jamendo_autotagging_00000503.mp3,vtsouval/mtg_jamendo_autotagging,train,503,"['dance', 'electronic']","['drums', 'bass']",['melodic'],30
vtsouval_mtg_jamendo_autotagging_00000504,anglo_pop,audio/vtsouval_mtg_jamendo_autotagging_00000504.mp3,vtsouval/mtg_jamendo_autotagging,train,504,"['dance', 'electronic']","['drums', 'bass']",['melodic'],30
vtsouval_mtg_jamendo_autotagging_00000505,anglo_pop,audio/vtsouval_mtg_jamendo_autotagging_00000505.mp3,vtsouval/mtg_jamendo_autotagging,train,505,"['soundtrack', 'folk', 'pop', 'rock']","['drums', 'guitar', 'bass', 'synthesizer']","['adventure', 'drama']",30
vtsouval_mtg_jamendo_autotagging_00000506,anglo_pop,audio/vtsouval_mtg_jamendo_autotagging_00000506.mp3,vtsouval/mtg_jamendo_autotagging,train,506,"['soundtrack', 'folk', 'pop', 'rock']","['drums', 'guitar', 'bass']","['travel', 'adventure']",30
vtsouval_mtg_jamendo_autotagging_00000507,anglo_pop,audio/vtsouval_mtg_jamendo_autotagging_00000507.mp3,vtsouval/mtg_jamendo_autotagging,train,507,"['soundtrack', 'folk', 'pop', 'rock']","['drums', 'bass', 'piano']","['emotional', 'soft', 'drama']",30
vtsouval_mtg_jamendo_autotagging_00000508,anglo_pop,audio/vtsouval_mtg_jamendo_autotagging_00000508.mp3,vtsouval/mtg_jamendo_autotagging,train,508,"['folk', 'pop', 'chillout', 'electronic']","['drums', 'synthesizer', 'bass']","['emotional', 'drama']",30
vtsouval_mtg_jamendo_autotagging_00000509,anglo_pop,audio/vtsouval_mtg_jamendo_autotagging_00000509.mp3,vtsouval/mtg_jamendo_autotagging,train,509,"['folk', 'popfolk', 'soundtrack', 'pop', 'singersongwriter', 'chillout']",['guitar'],"['emotional', 'soft', 'drama']",30
vtsouval_mtg_jamendo_autotagging_00000510,anglo_pop,audio/vtsouval_mtg_jamendo_autotagging_00000510.mp3,vtsouval/mtg_jamendo_autotagging,train,510,"['folk', 'pop', 'rock']","['drums', 'guitar', 'bass']","['travel', 'adventure']",30
vtsouval_mtg_jamendo_autotagging_00000511,anglo_pop,audio/vtsouval_mtg_jamendo_autotagging_00000511.mp3,vtsouval/mtg_jamendo_autotagging,train,511,"['pop', 'rock', 'popfolk', 'experimental']","['drums', 'guitar']",['adventure'],30
vtsouval_mtg_jamendo_autotagging_00000512,anglo_pop,audio/vtsouval_mtg_jamendo_autotagging_00000512.mp3,vtsouval/mtg_jamendo_autotagging,train,512,"['soundtrack', 'easylistening', 'rock', 'pop']","['drums', 'guitar', 'bass']","['emotional', 'drama']",30
vtsouval_mtg_jamendo_autotagging_00000513,anglo_pop,audio/vtsouval_mtg_jamendo_autotagging_00000513.mp3,vtsouval/mtg_jamendo_autotagging,train,513,"['folk', 'classical', 'soundtrack', 'pop', 'chillout', 'experimental']",['piano'],"['emotional', 'soft', 'horror', 'drama']",30
vtsouval_mtg_jamendo_autotagging_00000514,anglo_pop,audio/vtsouval_mtg_jamendo_autotagging_00000514.mp3,vtsouval/mtg_jamendo_autotagging,train,514,"['folk', 'pop', 'rock']",['guitar'],"['nature', 'children']",30
vtsouval_mtg_jamendo_autotagging_00000515,anglo_pop,audio/vtsouval_mtg_jamendo_autotagging_00000515.mp3,vtsouval/mtg_jamendo_autotagging,train,515,"['folk', 'popfolk', 'soundtrack', 'pop', 'singersongwriter', 'chillout']",['guitar'],"['emotional', 'soft', 'drama']",30
vtsouval_mtg_jamendo_autotagging_00000516,anglo_pop,audio/vtsouval_mtg_jamendo_autotagging_00000516.mp3,vtsouval/mtg_jamendo_autotagging,train,516,"['soundtrack', 'folk', 'pop', 'country']",['guitar'],"['emotional', 'adventure', 'nature', 'drama']",30
vtsouval_mtg_jamendo_autotagging_00000517,anglo_pop,audio/vtsouval_mtg_jamendo_autotagging_00000517.mp3,vtsouval/mtg_jamendo_autotagging,train,517,"['folk', 'popfolk', 'soundtrack', 'pop', 'singersongwriter', 'chillout']","['guitar', 'cello']","['emotional', 'soft', 'drama']",30
vtsouval_mtg_jamendo_autotagging_00000518,anglo_pop,audio/vtsouval_mtg_jamendo_autotagging_00000518.mp3,vtsouval/mtg_jamendo_autotagging,train,518,"['folk', 'soundtrack', 'pop', 'singersongwriter', 'chillout']","['guitar', 'cello']","['emotional', 'soft', 'drama']",30
vtsouval_mtg_jamendo_autotagging_00000519,anglo_pop,audio/vtsouval_mtg_jamendo_autotagging_00000519.mp3,vtsouval/mtg_jamendo_autotagging,train,519,"['soundtrack', 'folk', 'pop', 'rock']","['guitar', 'bass']","['emotional', 'adventure', 'travel', 'drama']",30
vtsouval_mtg_jamendo_autotagging_00000520,anglo_pop,audio/vtsouval_mtg_jamendo_autotagging_00000520.mp3,vtsouval/mtg_jamendo_autotagging,train,520,"['folk', 'soundtrack', 'pop', 'singersongwriter', 'chillout']",['guitar'],"['emotional', 'soft', 'nature']",30
vtsouval_mtg_jamendo_autotagging_00000521,anglo_pop,audio/vtsouval_mtg_jamendo_autotagging_00000521.mp3,vtsouval/mtg_jamendo_autotagging,train,521,"['folk', 'pop', 'rock']","['drums', 'guitar', 'bass']","['sport', 'adventure', 'travel', 'drama']",30
vtsouval_mtg_jamendo_autotagging_00000522,anglo_pop,audio/vtsouval_mtg_jamendo_autotagging_00000522.mp3,vtsouval/mtg_jamendo_autotagging,train,522,"['ambient', 'alternative', 'experimental']",['electricguitar'],['soundscape'],30
vtsouval_mtg_jamendo_autotagging_00000523,anglo_pop,audio/vtsouval_mtg_jamendo_autotagging_00000523.mp3,vtsouval/mtg_jamendo_autotagging,train,523,"['folk', 'country', 'alternative']",['acousticguitar'],"['fast', 'energetic']",30
vtsouval_mtg_jamendo_autotagging_00000524,anglo_pop,audio/vtsouval_mtg_jamendo_autotagging_00000524.mp3,vtsouval/mtg_jamendo_autotagging,train,524,"['pop', 'singersongwriter', 'alternative']","['piano', 'acousticguitar']",['melancholic'],30
vtsouval_mtg_jamendo_autotagging_00000525,anglo_pop,audio/vtsouval_mtg_jamendo_autotagging_00000525.mp3,vtsouval/mtg_jamendo_autotagging,train,525,"['blues', 'folk', 'rock', 'popfolk']",['acousticguitar'],"['relaxing', 'ballad']",30
vtsouval_mtg_jamendo_autotagging_00000526,anglo_pop,audio/vtsouval_mtg_jamendo_autotagging_00000526.mp3,vtsouval/mtg_jamendo_autotagging,train,526,"['blues', 'folk', 'rock', 'popfolk']","['acousticguitar', 'harmonica']",['ballad'],30
vtsouval_mtg_jamendo_autotagging_00000527,anglo_pop,audio/vtsouval_mtg_jamendo_autotagging_00000527.mp3,vtsouval/mtg_jamendo_autotagging,train,527,"['reggae', 'popfolk', 'alternative']","['acousticguitar', 'voice', 'keyboard', 'harmonica']",['dream'],30
vtsouval_mtg_jamendo_autotagging_00000528,anglo_pop,audio/vtsouval_mtg_jamendo_autotagging_00000528.mp3,vtsouval/mtg_jamendo_autotagging,train,528,"['blues', 'folk', 'popfolk', 'alternative']",['acousticguitar'],"['sad', 'ballad']",30
vtsouval_mtg_jamendo_autotagging_00000529,anglo_pop,audio/vtsouval_mtg_jamendo_autotagging_00000529.mp3,vtsouval/mtg_jamendo_autotagging,train,529,"['folk', 'popfolk', 'alternative']",['acousticguitar'],['romantic'],30
vtsouval_mtg_jamendo_autotagging_00000530,anglo_pop,audio/vtsouval_mtg_jamendo_autotagging_00000530.mp3,vtsouval/mtg_jamendo_autotagging,train,530,"['blues', 'rock', 'popfolk', 'alternative']",['acousticguitar'],"['melancholic', 'ballad']",30
vtsouval_mtg_jamendo_autotagging_00000531,anglo_pop,audio/vtsouval_mtg_jamendo_autotagging_00000531.mp3,vtsouval/mtg_jamendo_autotagging,train,531,"['pop', 'popfolk']",['guitar'],['cool'],30
vtsouval_mtg_jamendo_autotagging_00000532,anglo_pop,audio/vtsouval_mtg_jamendo_autotagging_00000532.mp3,vtsouval/mtg_jamendo_autotagging,train,532,"['pop', 'popfolk']",['acousticguitar'],"['romantic', 'love']",30
vtsouval_mtg_jamendo_autotagging_00000533,anglo_pop,audio/vtsouval_mtg_jamendo_autotagging_00000533.mp3,vtsouval/mtg_jamendo_autotagging,train,533,"['pop', 'popfolk']","['piano', 'guitar']",['nature'],30
vtsouval_mtg_jamendo_autotagging_00000534,anglo_pop,audio/vtsouval_mtg_jamendo_autotagging_00000534.mp3,vtsouval/mtg_jamendo_autotagging,train,534,"['easylistening', 'ambient', 'electronic']",['piano'],['melodic'],30
vtsouval_mtg_jamendo_autotagging_00000535,anglo_pop,audio/vtsouval_mtg_jamendo_autotagging_00000535.mp3,vtsouval/mtg_jamendo_autotagging,train,535,['electronic'],['piano'],['melodic'],30
vtsouval_mtg_jamendo_autotagging_00000536,anglo_pop,audio/vtsouval_mtg_jamendo_autotagging_00000536.mp3,vtsouval/mtg_jamendo_autotagging,train,536,['electronic'],['guitar'],['melodic'],30
vtsouval_mtg_jamendo_autotagging_00000537,anglo_pop,audio/vtsouval_mtg_jamendo_autotagging_00000537.mp3,vtsouval/mtg_jamendo_autotagging,train,537,['easylistening'],['flute'],['calm'],30
vtsouval_mtg_jamendo_autotagging_00000538,anglo_pop,audio/vtsouval_mtg_jamendo_autotagging_00000538.mp3,vtsouval/mtg_jamendo_autotagging,train,538,"['dance', 'eurodance', 'electronic']",['synthesizer'],['advertising'],30
vtsouval_mtg_jamendo_autotagging_00000539,anglo_pop,audio/vtsouval_mtg_jamendo_autotagging_00000539.mp3,vtsouval/mtg_jamendo_autotagging,train,539,"['dance', 'trance', 'electronic']",['synthesizer'],['travel'],30
vtsouval_mtg_jamendo_autotagging_00000540,anglo_pop,audio/vtsouval_mtg_jamendo_autotagging_00000540.mp3,vtsouval/mtg_jamendo_autotagging,train,540,"['chillout', 'newage', 'ambient']",['piano'],"['romantic', 'motivational']",30
vtsouval_mtg_jamendo_autotagging_00000541,anglo_pop,audio/vtsouval_mtg_jamendo_autotagging_00000541.mp3,vtsouval/mtg_jamendo_autotagging,train,541,['newage'],['piano'],['ambiental'],30
vtsouval_mtg_jamendo_autotagging_00000542,anglo_pop,audio/vtsouval_mtg_jamendo_autotagging_00000542.mp3,vtsouval/mtg_jamendo_autotagging,train,542,['newage'],['piano'],['ambiental'],30
vtsouval_mtg_jamendo_autotagging_00000543,anglo_pop,audio/vtsouval_mtg_jamendo_autotagging_00000543.mp3,vtsouval/mtg_jamendo_autotagging,train,543,['newage'],['piano'],['ambiental'],30
vtsouval_mtg_jamendo_autotagging_00000544,anglo_pop,audio/vtsouval_mtg_jamendo_autotagging_00000544.mp3,vtsouval/mtg_jamendo_autotagging,train,544,['newage'],['piano'],['ambiental'],30
vtsouval_mtg_jamendo_autotagging_00000545,anglo_pop,audio/vtsouval_mtg_jamendo_autotagging_00000545.mp3,vtsouval/mtg_jamendo_autotagging,train,545,['newage'],['piano'],['ambiental'],30
vtsouval_mtg_jamendo_autotagging_00000546,anglo_pop,audio/vtsouval_mtg_jamendo_autotagging_00000546.mp3,vtsouval/mtg_jamendo_autotagging,train,546,['newage'],['piano'],['ambiental'],30
vtsouval_mtg_jamendo_autotagging_00000547,anglo_pop,audio/vtsouval_mtg_jamendo_autotagging_00000547.mp3,vtsouval/mtg_jamendo_autotagging,train,547,['newage'],['piano'],['ambiental'],30
vtsouval_mtg_jamendo_autotagging_00000548,anglo_pop,audio/vtsouval_mtg_jamendo_autotagging_00000548.mp3,vtsouval/mtg_jamendo_autotagging,train,548,['easylistening'],"['pipeorgan', 'synthesizer']","['melancholic', 'children']",30
vtsouval_mtg_jamendo_autotagging_00000549,anglo_pop,audio/vtsouval_mtg_jamendo_autotagging_00000549.mp3,vtsouval/mtg_jamendo_autotagging,train,549,"['chillout', 'techno', 'atmospheric']","['synthesizer', 'computer', 'drummachine']",['soundscape'],30
vtsouval_mtg_jamendo_autotagging_00000550,anglo_pop,audio/vtsouval_mtg_jamendo_autotagging_00000550.mp3,vtsouval/mtg_jamendo_autotagging,train,550,"['improvisation', 'jazz']",['saxophone'],['retro'],30
vtsouval_mtg_jamendo_autotagging_00000551,anglo_pop,audio/vtsouval_mtg_jamendo_autotagging_00000551.mp3,vtsouval/mtg_jamendo_autotagging,train,551,"['soundtrack', 'atmospheric']",['piano'],['funny'],30
vtsouval_mtg_jamendo_autotagging_00000552,anglo_pop,audio/vtsouval_mtg_jamendo_autotagging_00000552.mp3,vtsouval/mtg_jamendo_autotagging,train,552,"['easylistening', 'world', 'ethno']",['piano'],['emotional'],30
vtsouval_mtg_jamendo_autotagging_00000553,anglo_pop,audio/vtsouval_mtg_jamendo_autotagging_00000553.mp3,vtsouval/mtg_jamendo_autotagging,train,553,"['pop', 'electronic']",['computer'],"['retro', 'melodic']",30
vtsouval_mtg_jamendo_autotagging_00000554,anglo_pop,audio/vtsouval_mtg_jamendo_autotagging_00000554.mp3,vtsouval/mtg_jamendo_autotagging,train,554,"['blues', 'folk', 'chillout']","['acousticguitar', 'guitar', 'percussion', 'harmonica']",['meditative'],30
vtsouval_mtg_jamendo_autotagging_00000555,anglo_pop,audio/vtsouval_mtg_jamendo_autotagging_00000555.mp3,vtsouval/mtg_jamendo_autotagging,train,555,"['classical', 'contemporary']",['guitar'],"['summer', 'relaxing', 'movie', 'film']",30
vtsouval_mtg_jamendo_autotagging_00000556,anglo_pop,audio/vtsouval_mtg_jamendo_autotagging_00000556.mp3,vtsouval/mtg_jamendo_autotagging,train,556,"['classical', 'contemporary']",['guitar'],"['relaxing', 'movie', 'film']",30
vtsouval_mtg_jamendo_autotagging_00000557,anglo_pop,audio/vtsouval_mtg_jamendo_autotagging_00000557.mp3,vtsouval/mtg_jamendo_autotagging,train,557,"['classical', 'contemporary']",['guitar'],"['summer', 'movie', 'film', 'happy']",30
vtsouval_mtg_jamendo_autotagging_00000558,anglo_pop,audio/vtsouval_mtg_jamendo_autotagging_00000558.mp3,vtsouval/mtg_jamendo_autotagging,train,558,['classical'],['piano'],['melodic'],30
vtsouval_mtg_jamendo_autotagging_00000559,anglo_pop,audio/vtsouval_mtg_jamendo_autotagging_00000559.mp3,vtsouval/mtg_jamendo_autotagging,train,559,['classical'],['piano'],['melodic'],30
vtsouval_mtg_jamendo_autotagging_00000560,anglo_pop,audio/vtsouval_mtg_jamendo_autotagging_00000560.mp3,vtsouval/mtg_jamendo_autotagging,train,560,['classical'],['piano'],['melodic'],30
vtsouval_mtg_jamendo_autotagging_00000561,anglo_pop,audio/vtsouval_mtg_jamendo_autotagging_00000561.mp3,vtsouval/mtg_jamendo_autotagging,train,561,['classical'],['piano'],['melodic'],30
vtsouval_mtg_jamendo_autotagging_00000562,anglo_pop,audio/vtsouval_mtg_jamendo_autotagging_00000562.mp3,vtsouval/mtg_jamendo_autotagging,train,562,['classical'],['piano'],['melodic'],30
vtsouval_mtg_jamendo_autotagging_00000563,anglo_pop,audio/vtsouval_mtg_jamendo_autotagging_00000563.mp3,vtsouval/mtg_jamendo_autotagging,train,563,['classical'],['piano'],['melodic'],30
vtsouval_mtg_jamendo_autotagging_00000564,anglo_pop,audio/vtsouval_mtg_jamendo_autotagging_00000564.mp3,vtsouval/mtg_jamendo_autotagging,train,564,['classical'],['piano'],['melodic'],30
vtsouval_mtg_jamendo_autotagging_00000565,anglo_pop,audio/vtsouval_mtg_jamendo_autotagging_00000565.mp3,vtsouval/mtg_jamendo_autotagging,train,565,['classical'],['piano'],['melodic'],30
vtsouval_mtg_jamendo_autotagging_00000566,anglo_pop,audio/vtsouval_mtg_jamendo_autotagging_00000566.mp3,vtsouval/mtg_jamendo_autotagging,train,566,['classical'],['piano'],['melodic'],30
vtsouval_mtg_jamendo_autotagging_00000567,anglo_pop,audio/vtsouval_mtg_jamendo_autotagging_00000567.mp3,vtsouval/mtg_jamendo_autotagging,train,567,['classical'],['piano'],['melodic'],30
vtsouval_mtg_jamendo_autotagging_00000568,anglo_pop,audio/vtsouval_mtg_jamendo_autotagging_00000568.mp3,vtsouval/mtg_jamendo_autotagging,train,568,['classical'],['piano'],['melodic'],30
vtsouval_mtg_jamendo_autotagging_00000569,anglo_pop,audio/vtsouval_mtg_jamendo_autotagging_00000569.mp3,vtsouval/mtg_jamendo_autotagging,train,569,"['soundtrack', 'classical', 'contemporary']","['piano', 'violin', 'harp', 'cello']",['ambiental'],30
vtsouval_mtg_jamendo_autotagging_00000570,anglo_pop,audio/vtsouval_mtg_jamendo_autotagging_00000570.mp3,vtsouval/mtg_jamendo_autotagging,train,570,"['soundtrack', 'classical', 'contemporary']","['piano', 'violin', 'harp', 'cello']",['horror'],30
vtsouval_mtg_jamendo_autotagging_00000571,anglo_pop,audio/vtsouval_mtg_jamendo_autotagging_00000571.mp3,vtsouval/mtg_jamendo_autotagging,train,571,"['soundtrack', 'classical', 'contemporary']","['viola', 'violin', 'piano', 'harp', 'cello']",['horror'],30
vtsouval_mtg_jamendo_autotagging_00000572,anglo_pop,audio/vtsouval_mtg_jamendo_autotagging_00000572.mp3,vtsouval/mtg_jamendo_autotagging,train,572,"['soundtrack', 'classical', 'contemporary']","['drums', 'bass', 'piano', 'harp']",['documentary'],30
vtsouval_mtg_jamendo_autotagging_00000573,anglo_pop,audio/vtsouval_mtg_jamendo_autotagging_00000573.mp3,vtsouval/mtg_jamendo_autotagging,train,573,"['orchestral', 'symphonic', 'soundtrack']",['piano'],"['calm', 'dream']",30
vtsouval_mtg_jamendo_autotagging_00000574,anglo_pop,audio/vtsouval_mtg_jamendo_autotagging_00000574.mp3,vtsouval/mtg_jamendo_autotagging,train,574,"['soundtrack', 'electronic', 'classical', 'experimental']",['piano'],['ambiental'],30
vtsouval_mtg_jamendo_autotagging_00000575,anglo_pop,audio/vtsouval_mtg_jamendo_autotagging_00000575.mp3,vtsouval/mtg_jamendo_autotagging,train,575,['electronic'],['piano'],['film'],30
vtsouval_mtg_jamendo_autotagging_00000576,anglo_pop,audio/vtsouval_mtg_jamendo_autotagging_00000576.mp3,vtsouval/mtg_jamendo_autotagging,train,576,['electronic'],['piano'],['film'],30
vtsouval_mtg_jamendo_autotagging_00000577,anglo_pop,audio/vtsouval_mtg_jamendo_autotagging_00000577.mp3,vtsouval/mtg_jamendo_autotagging,train,577,['electronic'],['piano'],['film'],30
vtsouval_mtg_jamendo_autotagging_00000578,anglo_pop,audio/vtsouval_mtg_jamendo_autotagging_00000578.mp3,vtsouval/mtg_jamendo_autotagging,train,578,['electronic'],['piano'],['film'],30
vtsouval_mtg_jamendo_autotagging_00000579,anglo_pop,audio/vtsouval_mtg_jamendo_autotagging_00000579.mp3,vtsouval/mtg_jamendo_autotagging,train,579,['electronic'],['piano'],['film'],30
vtsouval_mtg_jamendo_autotagging_00000580,anglo_pop,audio/vtsouval_mtg_jamendo_autotagging_00000580.mp3,vtsouval/mtg_jamendo_autotagging,train,580,['electronic'],['piano'],['film'],30
vtsouval_mtg_jamendo_autotagging_00000581,anglo_pop,audio/vtsouval_mtg_jamendo_autotagging_00000581.mp3,vtsouval/mtg_jamendo_autotagging,train,581,['electronic'],['piano'],['film'],30
vtsouval_mtg_jamendo_autotagging_00000582,anglo_pop,audio/vtsouval_mtg_jamendo_autotagging_00000582.mp3,vtsouval/mtg_jamendo_autotagging,train,582,['electronic'],['piano'],['film'],30
vtsouval_mtg_jamendo_autotagging_00000583,anglo_pop,audio/vtsouval_mtg_jamendo_autotagging_00000583.mp3,vtsouval/mtg_jamendo_autotagging,train,583,['electronic'],['piano'],['film'],30
vtsouval_mtg_jamendo_autotagging_00000584,anglo_pop,audio/vtsouval_mtg_jamendo_autotagging_00000584.mp3,vtsouval/mtg_jamendo_autotagging,train,584,['electronic'],['piano'],['film'],30
vtsouval_mtg_jamendo_autotagging_00000585,anglo_pop,audio/vtsouval_mtg_jamendo_autotagging_00000585.mp3,vtsouval/mtg_jamendo_autotagging,train,585,['electronic'],['piano'],['film'],30
vtsouval_mtg_jamendo_autotagging_00000586,anglo_pop,audio/vtsouval_mtg_jamendo_autotagging_00000586.mp3,vtsouval/mtg_jamendo_autotagging,train,586,['electronic'],['piano'],['film'],30
vtsouval_mtg_jamendo_autotagging_00000587,anglo_pop,audio/vtsouval_mtg_jamendo_autotagging_00000587.mp3,vtsouval/mtg_jamendo_autotagging,train,587,['electronic'],['piano'],['film'],30
vtsouval_mtg_jamendo_autotagging_00000588,anglo_pop,audio/vtsouval_mtg_jamendo_autotagging_00000588.mp3,vtsouval/mtg_jamendo_autotagging,train,588,['electronic'],['piano'],['film'],30
vtsouval_mtg_jamendo_autotagging_00000589,anglo_pop,audio/vtsouval_mtg_jamendo_autotagging_00000589.mp3,vtsouval/mtg_jamendo_autotagging,train,589,['electronic'],['piano'],['film'],30
vtsouval_mtg_jamendo_autotagging_00000590,anglo_pop,audio/vtsouval_mtg_jamendo_autotagging_00000590.mp3,vtsouval/mtg_jamendo_autotagging,train,590,['soundtrack'],['flute'],"['documentary', 'film']",30
vtsouval_mtg_jamendo_autotagging_00000591,anglo_pop,audio/vtsouval_mtg_jamendo_autotagging_00000591.mp3,vtsouval/mtg_jamendo_autotagging,train,591,['world'],['flute'],"['travel', 'adventure', 'meditative']",30
vtsouval_mtg_jamendo_autotagging_00000592,anglo_pop,audio/vtsouval_mtg_jamendo_autotagging_00000592.mp3,vtsouval/mtg_jamendo_autotagging,train,592,"['chillout', 'easylistening', 'newage', 'ambient']",['synthesizer'],"['inspiring', 'relaxing', 'uplifting', 'commercial', 'meditative']",30
vtsouval_mtg_jamendo_autotagging_00000593,anglo_pop,audio/vtsouval_mtg_jamendo_autotagging_00000593.mp3,vtsouval/mtg_jamendo_autotagging,train,593,"['fusion', 'ambient', 'funk', 'rock', 'experimental']","['drums', 'synthesizer', 'guitar', 'electricguitar', 'bass']","['documentary', 'powerful', 'drama']",30
vtsouval_mtg_jamendo_autotagging_00000594,anglo_pop,audio/vtsouval_mtg_jamendo_autotagging_00000594.mp3,vtsouval/mtg_jamendo_autotagging,train,594,"['newage', 'fusion', 'ambient', 'easylistening', 'electronic', 'experimental']","['drums', 'synthesizer', 'bass']","['documentary', 'drama']",30
vtsouval_mtg_jamendo_autotagging_00000595,anglo_pop,audio/vtsouval_mtg_jamendo_autotagging_00000595.mp3,vtsouval/mtg_jamendo_autotagging,train,595,"['groove', 'fusion', 'reggae', 'funk', 'jazz']","['drums', 'guitar', 'acousticguitar', 'electricguitar', 'bass']",['energetic'],30
vtsouval_mtg_jamendo_autotagging_00000596,anglo_pop,audio/vtsouval_mtg_jamendo_autotagging_00000596.mp3,vtsouval/mtg_jamendo_autotagging,train,596,"['rock', 'dance', 'funk']","['drums', 'synthesizer', 'electricguitar', 'bass']",['energetic'],30
vtsouval_mtg_jamendo_autotagging_00000597,anglo_pop,audio/vtsouval_mtg_jamendo_autotagging_00000597.mp3,vtsouval/mtg_jamendo_autotagging,train,597,"['groove', 'fusion', 'funk', 'rock', 'jazz']","['drums', 'bass']","['inspiring', 'adventure', 'powerful', 'energetic', 'drama']",30
vtsouval_mtg_jamendo_autotagging_00000598,anglo_pop,audio/vtsouval_mtg_jamendo_autotagging_00000598.mp3,vtsouval/mtg_jamendo_autotagging,train,598,"['rocknroll', 'fusion', 'funk', 'rock', 'experimental']","['drums', 'synthesizer', 'guitar', 'electricguitar', 'bass']","['inspiring', 'adventure', 'powerful']",30
vtsouval_mtg_jamendo_autotagging_00000599,anglo_pop,audio/vtsouval_mtg_jamendo_autotagging_00000599.mp3,vtsouval/mtg_jamendo_autotagging,train,599,"['newage', 'drumnbass', 'ambient', 'easylistening', 'electronic']","['drums', 'synthesizer', 'drummachine', 'bell']","['documentary', 'adventure', 'meditative']",30
vtsouval_mtg_jamendo_autotagging_00000600,anglo_pop,audio/vtsouval_mtg_jamendo_autotagging_00000600.mp3,vtsouval/mtg_jamendo_autotagging,train,600,"['fusion', 'funk', 'blues', 'easylistening', 'jazz']","['drums', 'synthesizer', 'guitar', 'electricguitar', 'bass']",['commercial'],30
vtsouval_mtg_jamendo_autotagging_00000601,anglo_pop,audio/vtsouval_mtg_jamendo_autotagging_00000601.mp3,vtsouval/mtg_jamendo_autotagging,train,601,"['chillout', 'easylistening', 'downtempo', 'ambient']","['synthesizer', 'harp']","['emotional', 'relaxing', 'meditative', 'film']",30
vtsouval_mtg_jamendo_autotagging_00000602,anglo_pop,audio/vtsouval_mtg_jamendo_autotagging_00000602.mp3,vtsouval/mtg_jamendo_autotagging,train,602,"['rock', 'indie', 'poprock']","['drums', 'synthesizer', 'voice', 'electricguitar', 'bass']","['emotional', 'energetic']",30
vtsouval_mtg_jamendo_autotagging_00000603,anglo_pop,audio/vtsouval_mtg_jamendo_autotagging_00000603.mp3,vtsouval/mtg_jamendo_autotagging,train,603,"['rock', 'indie', 'poprock']","['drums', 'synthesizer', 'voice', 'electricguitar', 'bass']","['emotional', 'energetic']",30
vtsouval_mtg_jamendo_autotagging_00000604,anglo_pop,audio/vtsouval_mtg_jamendo_autotagging_00000604.mp3,vtsouval/mtg_jamendo_autotagging,train,604,"['rock', 'indie', 'poprock']","['drums', 'synthesizer', 'voice', 'electricguitar', 'bass']","['emotional', 'energetic']",30
vtsouval_mtg_jamendo_autotagging_00000605,anglo_pop,audio/vtsouval_mtg_jamendo_autotagging_00000605.mp3,vtsouval/mtg_jamendo_autotagging,train,605,"['rock', 'indie', 'poprock']","['drums', 'synthesizer', 'voice', 'electricguitar', 'bass']","['emotional', 'energetic']",30
vtsouval_mtg_jamendo_autotagging_00000606,anglo_pop,audio/vtsouval_mtg_jamendo_autotagging_00000606.mp3,vtsouval/mtg_jamendo_autotagging,train,606,"['rock', 'indie', 'poprock']","['drums', 'synthesizer', 'voice', 'electricguitar', 'bass']","['emotional', 'energetic']",30
vtsouval_mtg_jamendo_autotagging_00000607,anglo_pop,audio/vtsouval_mtg_jamendo_autotagging_00000607.mp3,vtsouval/mtg_jamendo_autotagging,train,607,"['rock', 'indie', 'poprock']","['drums', 'synthesizer', 'voice', 'electricguitar', 'bass']","['emotional', 'energetic']",30
vtsouval_mtg_jamendo_autotagging_00000608,anglo_pop,audio/vtsouval_mtg_jamendo_autotagging_00000608.mp3,vtsouval/mtg_jamendo_autotagging,train,608,"['rock', 'indie', 'poprock']","['drums', 'synthesizer', 'voice', 'electricguitar', 'bass']","['emotional', 'energetic']",30
vtsouval_mtg_jamendo_autotagging_00000609,anglo_pop,audio/vtsouval_mtg_jamendo_autotagging_00000609.mp3,vtsouval/mtg_jamendo_autotagging,train,609,"['rock', 'indie', 'poprock']","['drums', 'synthesizer', 'voice', 'electricguitar', 'bass']","['emotional', 'energetic']",30
vtsouval_mtg_jamendo_autotagging_00000610,anglo_pop,audio/vtsouval_mtg_jamendo_autotagging_00000610.mp3,vtsouval/mtg_jamendo_autotagging,train,610,"['rock', 'indie', 'poprock']","['drums', 'synthesizer', 'voice', 'electricguitar', 'bass']","['emotional', 'energetic']",30
vtsouval_mtg_jamendo_autotagging_00000611,anglo_pop,audio/vtsouval_mtg_jamendo_autotagging_00000611.mp3,vtsouval/mtg_jamendo_autotagging,train,611,"['rock', 'indie', 'poprock']","['drums', 'synthesizer', 'voice', 'electricguitar', 'bass']","['emotional', 'energetic']",30
vtsouval_mtg_jamendo_autotagging_00000612,anglo_pop,audio/vtsouval_mtg_jamendo_autotagging_00000612.mp3,vtsouval/mtg_jamendo_autotagging,train,612,"['rock', 'indie', 'poprock']","['drums', 'synthesizer', 'voice', 'electricguitar', 'bass']","['emotional', 'energetic']",30
vtsouval_mtg_jamendo_autotagging_00000613,anglo_pop,audio/vtsouval_mtg_jamendo_autotagging_00000613.mp3,vtsouval/mtg_jamendo_autotagging,train,613,"['rock', 'indie', 'poprock']","['drums', 'synthesizer', 'voice', 'electricguitar', 'bass']","['emotional', 'energetic']",30
vtsouval_mtg_jamendo_autotagging_00000614,anglo_pop,audio/vtsouval_mtg_jamendo_autotagging_00000614.mp3,vtsouval/mtg_jamendo_autotagging,train,614,"['folk', 'pop', 'popfolk']","['drums', 'acousticbassguitar', 'acousticguitar', 'electricguitar', 'harmonica']",['emotional'],30
vtsouval_mtg_jamendo_autotagging_00000615,anglo_pop,audio/vtsouval_mtg_jamendo_autotagging_00000615.mp3,vtsouval/mtg_jamendo_autotagging,train,615,"['folk', 'pop', 'popfolk']","['drums', 'acousticbassguitar', 'acousticguitar', 'electricguitar', 'harmonica']",['emotional'],30
vtsouval_mtg_jamendo_autotagging_00000616,anglo_pop,audio/vtsouval_mtg_jamendo_autotagging_00000616.mp3,vtsouval/mtg_jamendo_autotagging,train,616,"['folk', 'pop', 'popfolk']","['drums', 'acousticbassguitar', 'acousticguitar', 'electricguitar', 'harmonica']",['emotional'],30
vtsouval_mtg_jamendo_autotagging_00000617,anglo_pop,audio/vtsouval_mtg_jamendo_autotagging_00000617.mp3,vtsouval/mtg_jamendo_autotagging,train,617,"['folk', 'pop', 'popfolk']","['drums', 'acousticbassguitar', 'acousticguitar', 'electricguitar', 'harmonica']",['emotional'],30
vtsouval_mtg_jamendo_autotagging_00000618,anglo_pop,audio/vtsouval_mtg_jamendo_autotagging_00000618.mp3,vtsouval/mtg_jamendo_autotagging,train,618,"['folk', 'pop', 'popfolk']","['drums', 'acousticbassguitar', 'acousticguitar', 'electricguitar', 'harmonica']",['emotional'],30
vtsouval_mtg_jamendo_autotagging_00000619,anglo_pop,audio/vtsouval_mtg_jamendo_autotagging_00000619.mp3,vtsouval/mtg_jamendo_autotagging,train,619,"['folk', 'pop', 'popfolk']","['drums', 'acousticbassguitar', 'acousticguitar', 'electricguitar', 'harmonica']",['emotional'],30
vtsouval_mtg_jamendo_autotagging_00000620,anglo_pop,audio/vtsouval_mtg_jamendo_autotagging_00000620.mp3,vtsouval/mtg_jamendo_autotagging,train,620,"['folk', 'pop', 'popfolk']","['drums', 'acousticbassguitar', 'acousticguitar', 'electricguitar', 'harmonica']",['emotional'],30
vtsouval_mtg_jamendo_autotagging_00000621,anglo_pop,audio/vtsouval_mtg_jamendo_autotagging_00000621.mp3,vtsouval/mtg_jamendo_autotagging,train,621,"['folk', 'pop', 'popfolk']","['drums', 'acousticbassguitar', 'acousticguitar', 'electricguitar', 'harmonica']",['emotional'],30
vtsouval_mtg_jamendo_autotagging_00000622,anglo_pop,audio/vtsouval_mtg_jamendo_autotagging_00000622.mp3,vtsouval/mtg_jamendo_autotagging,train,622,"['folk', 'pop', 'popfolk']","['drums', 'acousticbassguitar', 'acousticguitar', 'electricguitar', 'harmonica']",['emotional'],30
vtsouval_mtg_jamendo_autotagging_00000623,anglo_pop,audio/vtsouval_mtg_jamendo_autotagging_00000623.mp3,vtsouval/mtg_jamendo_autotagging,train,623,"['blues', 'indie', 'soundtrack', 'rock']","['drums', 'synthesizer', 'electricguitar', 'bass']",['energetic'],30
vtsouval_mtg_jamendo_autotagging_00000624,anglo_pop,audio/vtsouval_mtg_jamendo_autotagging_00000624.mp3,vtsouval/mtg_jamendo_autotagging,train,624,"['blues', 'indie', 'soundtrack', 'rock']","['drums', 'synthesizer', 'electricguitar', 'bass']",['energetic'],30
vtsouval_mtg_jamendo_autotagging_00000625,anglo_pop,audio/vtsouval_mtg_jamendo_autotagging_00000625.mp3,vtsouval/mtg_jamendo_autotagging,train,625,"['blues', 'indie', 'soundtrack', 'rock']","['drums', 'synthesizer', 'electricguitar', 'bass']",['energetic'],30
vtsouval_mtg_jamendo_autotagging_00000626,anglo_pop,audio/vtsouval_mtg_jamendo_autotagging_00000626.mp3,vtsouval/mtg_jamendo_autotagging,train,626,"['blues', 'indie', 'soundtrack', 'rock']","['drums', 'synthesizer', 'electricguitar', 'bass']",['energetic'],30
vtsouval_mtg_jamendo_autotagging_00000627,anglo_pop,audio/vtsouval_mtg_jamendo_autotagging_00000627.mp3,vtsouval/mtg_jamendo_autotagging,train,627,"['blues', 'indie', 'soundtrack', 'rock']","['drums', 'synthesizer', 'electricguitar', 'bass']",['energetic'],30
vtsouval_mtg_jamendo_autotagging_00000628,anglo_pop,audio/vtsouval_mtg_jamendo_autotagging_00000628.mp3,vtsouval/mtg_jamendo_autotagging,train,628,"['indie', 'electropop', 'rock']","['drums', 'voice', 'electricguitar', 'bass']","['emotional', 'romantic']",30
vtsouval_mtg_jamendo_autotagging_00000629,anglo_pop,audio/vtsouval_mtg_jamendo_autotagging_00000629.mp3,vtsouval/mtg_jamendo_autotagging,train,629,"['indie', 'electropop', 'rock']","['drums', 'voice', 'electricguitar', 'bass']","['emotional', 'romantic']",30
vtsouval_mtg_jamendo_autotagging_00000630,anglo_pop,audio/vtsouval_mtg_jamendo_autotagging_00000630.mp3,vtsouval/mtg_jamendo_autotagging,train,630,"['indie', 'electropop', 'rock']","['drums', 'voice', 'electricguitar', 'bass']","['emotional', 'romantic']",30
vtsouval_mtg_jamendo_autotagging_00000631,anglo_pop,audio/vtsouval_mtg_jamendo_autotagging_00000631.mp3,vtsouval/mtg_jamendo_autotagging,train,631,"['indie', 'electropop', 'rock']","['drums', 'voice', 'electricguitar', 'bass']","['emotional', 'romantic']",30
vtsouval_mtg_jamendo_autotagging_00000632,anglo_pop,audio/vtsouval_mtg_jamendo_autotagging_00000632.mp3,vtsouval/mtg_jamendo_autotagging,train,632,"['indie', 'electropop', 'rock']","['drums', 'voice', 'electricguitar', 'bass']","['emotional', 'romantic']",30
vtsouval_mtg_jamendo_autotagging_00000633,anglo_pop,audio/vtsouval_mtg_jamendo_autotagging_00000633.mp3,vtsouval/mtg_jamendo_autotagging,train,633,"['pop', 'rock']","['piano', 'guitar', 'electricguitar']",['slow'],30
vtsouval_mtg_jamendo_autotagging_00000634,anglo_pop,audio/vtsouval_mtg_jamendo_autotagging_00000634.mp3,vtsouval/mtg_jamendo_autotagging,train,634,['pop'],"['drums', 'electricpiano', 'piano', 'guitar', 'bass']",['happy'],30
vtsouval_mtg_jamendo_autotagging_00000635,anglo_pop,audio/vtsouval_mtg_jamendo_autotagging_00000635.mp3,vtsouval/mtg_jamendo_autotagging,train,635,"['ambient', 'electronic', 'idm']",['synthesizer'],['melodic'],30
vtsouval_mtg_jamendo_autotagging_00000636,anglo_pop,audio/vtsouval_mtg_jamendo_autotagging_00000636.mp3,vtsouval/mtg_jamendo_autotagging,train,636,"['ambient', 'electronic', 'idm']",['synthesizer'],['melodic'],30
vtsouval_mtg_jamendo_autotagging_00000637,anglo_pop,audio/vtsouval_mtg_jamendo_autotagging_00000637.mp3,vtsouval/mtg_jamendo_autotagging,train,637,"['ambient', 'electronic', 'idm']",['synthesizer'],['melodic'],30
vtsouval_mtg_jamendo_autotagging_00000638,anglo_pop,audio/vtsouval_mtg_jamendo_autotagging_00000638.mp3,vtsouval/mtg_jamendo_autotagging,train,638,"['ambient', 'electronic', 'idm']",['synthesizer'],['melodic'],30
vtsouval_mtg_jamendo_autotagging_00000639,anglo_pop,audio/vtsouval_mtg_jamendo_autotagging_00000639.mp3,vtsouval/mtg_jamendo_autotagging,train,639,"['ambient', 'electronic', 'idm']",['synthesizer'],['melodic'],30
vtsouval_mtg_jamendo_autotagging_00000640,anglo_pop,audio/vtsouval_mtg_jamendo_autotagging_00000640.mp3,vtsouval/mtg_jamendo_autotagging,train,640,"['ambient', 'electronic', 'idm']",['synthesizer'],['melodic'],30
vtsouval_mtg_jamendo_autotagging_00000641,anglo_pop,audio/vtsouval_mtg_jamendo_autotagging_00000641.mp3,vtsouval/mtg_jamendo_autotagging,train,641,"['ambient', 'electronic', 'idm']",['synthesizer'],['melodic'],30
vtsouval_mtg_jamendo_autotagging_00000642,anglo_pop,audio/vtsouval_mtg_jamendo_autotagging_00000642.mp3,vtsouval/mtg_jamendo_autotagging,train,642,"['ambient', 'electronic', 'idm']",['synthesizer'],['melodic'],30
vtsouval_mtg_jamendo_autotagging_00000643,anglo_pop,audio/vtsouval_mtg_jamendo_autotagging_00000643.mp3,vtsouval/mtg_jamendo_autotagging,train,643,"['ambient', 'electronic', 'idm']",['synthesizer'],['melodic'],30
vtsouval_mtg_jamendo_autotagging_00000644,anglo_pop,audio/vtsouval_mtg_jamendo_autotagging_00000644.mp3,vtsouval/mtg_jamendo_autotagging,train,644,"['ambient', 'electronic', 'idm']",['synthesizer'],['melodic'],30
vtsouval_mtg_jamendo_autotagging_00000645,anglo_pop,audio/vtsouval_mtg_jamendo_autotagging_00000645.mp3,vtsouval/mtg_jamendo_autotagging,train,645,"['ambient', 'electronic', 'idm']",['synthesizer'],['melodic'],30
vtsouval_mtg_jamendo_autotagging_00000646,anglo_pop,audio/vtsouval_mtg_jamendo_autotagging_00000646.mp3,vtsouval/mtg_jamendo_autotagging,train,646,"['blues', 'indie', 'rock']","['drums', 'synthesizer', 'voice', 'electricguitar', 'bass']",['emotional'],30
vtsouval_mtg_jamendo_autotagging_00000647,anglo_pop,audio/vtsouval_mtg_jamendo_autotagging_00000647.mp3,vtsouval/mtg_jamendo_autotagging,train,647,"['blues', 'indie', 'rock']","['drums', 'synthesizer', 'voice', 'electricguitar', 'bass']",['emotional'],30
vtsouval_mtg_jamendo_autotagging_00000648,anglo_pop,audio/vtsouval_mtg_jamendo_autotagging_00000648.mp3,vtsouval/mtg_jamendo_autotagging,train,648,"['blues', 'indie', 'rock']","['drums', 'synthesizer', 'voice', 'electricguitar', 'bass']",['emotional'],30
vtsouval_mtg_jamendo_autotagging_00000649,anglo_pop,audio/vtsouval_mtg_jamendo_autotagging_00000649.mp3,vtsouval/mtg_jamendo_autotagging,train,649,"['blues', 'indie', 'rock']","['drums', 'synthesizer', 'voice', 'electricguitar', 'bass']",['emotional'],30
vtsouval_mtg_jamendo_autotagging_00000650,anglo_pop,audio/vtsouval_mtg_jamendo_autotagging_00000650.mp3,vtsouval/mtg_jamendo_autotagging,train,650,"['blues', 'indie', 'rock']","['drums', 'synthesizer', 'voice', 'electricguitar', 'bass']",['emotional'],30
vtsouval_mtg_jamendo_autotagging_00000651,anglo_pop,audio/vtsouval_mtg_jamendo_autotagging_00000651.mp3,vtsouval/mtg_jamendo_autotagging,train,651,"['blues', 'indie', 'rock']","['drums', 'synthesizer', 'voice', 'electricguitar', 'bass']",['emotional'],30
vtsouval_mtg_jamendo_autotagging_00000652,anglo_pop,audio/vtsouval_mtg_jamendo_autotagging_00000652.mp3,vtsouval/mtg_jamendo_autotagging,train,652,"['blues', 'indie', 'rock']","['drums', 'synthesizer', 'voice', 'electricguitar', 'bass']",['emotional'],30
vtsouval_mtg_jamendo_autotagging_00000653,anglo_pop,audio/vtsouval_mtg_jamendo_autotagging_00000653.mp3,vtsouval/mtg_jamendo_autotagging,train,653,"['blues', 'indie', 'rock']","['drums', 'synthesizer', 'voice', 'electricguitar', 'bass']",['emotional'],30
vtsouval_mtg_jamendo_autotagging_00000654,anglo_pop,audio/vtsouval_mtg_jamendo_autotagging_00000654.mp3,vtsouval/mtg_jamendo_autotagging,train,654,"['blues', 'indie', 'rock']","['drums', 'synthesizer', 'voice', 'electricguitar', 'bass']",['emotional'],30
vtsouval_mtg_jamendo_autotagging_00000655,anglo_pop,audio/vtsouval_mtg_jamendo_autotagging_00000655.mp3,vtsouval/mtg_jamendo_autotagging,train,655,"['blues', 'indie', 'rock']","['drums', 'synthesizer', 'voice', 'electricguitar', 'bass']",['emotional'],30
vtsouval_mtg_jamendo_autotagging_00000656,anglo_pop,audio/vtsouval_mtg_jamendo_autotagging_00000656.mp3,vtsouval/mtg_jamendo_autotagging,train,656,"['blues', 'indie', 'rock']","['drums', 'synthesizer', 'voice', 'electricguitar', 'bass']",['emotional'],30
vtsouval_mtg_jamendo_autotagging_00000657,anglo_pop,audio/vtsouval_mtg_jamendo_autotagging_00000657.mp3,vtsouval/mtg_jamendo_autotagging,train,657,"['blues', 'indie', 'rock']","['drums', 'synthesizer', 'voice', 'electricguitar', 'bass']",['emotional'],30
vtsouval_mtg_jamendo_autotagging_00000658,anglo_pop,audio/vtsouval_mtg_jamendo_autotagging_00000658.mp3,vtsouval/mtg_jamendo_autotagging,train,658,"['pop', 'rock', 'electronic']","['drums', 'piano', 'cello']","['emotional', 'advertising']",30
vtsouval_mtg_jamendo_autotagging_00000659,anglo_pop,audio/vtsouval_mtg_jamendo_autotagging_00000659.mp3,vtsouval/mtg_jamendo_autotagging,train,659,"['pop', 'dance', 'electronic', 'rock']","['drums', 'synthesizer', 'electricguitar', 'bass']","['dream', 'energetic']",30
vtsouval_mtg_jamendo_autotagging_00000660,anglo_pop,audio/vtsouval_mtg_jamendo_autotagging_00000660.mp3,vtsouval/mtg_jamendo_autotagging,train,660,"['pop', 'electronic']","['drums', 'synthesizer', 'bass']",['ballad'],30
vtsouval_mtg_jamendo_autotagging_00000661,anglo_pop,audio/vtsouval_mtg_jamendo_autotagging_00000661.mp3,vtsouval/mtg_jamendo_autotagging,train,661,"['triphop', 'world', 'ethno']","['drums', 'bass', 'trumpet']","['ballad', 'epic']",30
vtsouval_mtg_jamendo_autotagging_00000662,anglo_pop,audio/vtsouval_mtg_jamendo_autotagging_00000662.mp3,vtsouval/mtg_jamendo_autotagging,train,662,"['soundtrack', 'easylistening', 'instrumentalpop']","['drums', 'acousticguitar', 'bass']",['ballad'],30
vtsouval_mtg_jamendo_autotagging_00000663,anglo_pop,audio/vtsouval_mtg_jamendo_autotagging_00000663.mp3,vtsouval/mtg_jamendo_autotagging,train,663,"['punkrock', 'pop', 'instrumentalpop', 'electronic', 'poprock']","['drums', 'synthesizer', 'acousticbassguitar']",['energetic'],30
vtsouval_mtg_jamendo_autotagging_00000664,anglo_pop,audio/vtsouval_mtg_jamendo_autotagging_00000664.mp3,vtsouval/mtg_jamendo_autotagging,train,664,"['dance', 'electronic', 'jazz']","['synthesizer', 'trumpet', 'drummachine']","['advertising', 'energetic']",30
vtsouval_mtg_jamendo_autotagging_00000665,anglo_pop,audio/vtsouval_mtg_jamendo_autotagging_00000665.mp3,vtsouval/mtg_jamendo_autotagging,train,665,"['easylistening', 'pop']","['drums', 'cello']","['emotional', 'advertising']",30
vtsouval_mtg_jamendo_autotagging_00000666,anglo_pop,audio/vtsouval_mtg_jamendo_autotagging_00000666.mp3,vtsouval/mtg_jamendo_autotagging,train,666,['classical'],['piano'],['romantic'],30
vtsouval_mtg_jamendo_autotagging_00000667,anglo_pop,audio/vtsouval_mtg_jamendo_autotagging_00000667.mp3,vtsouval/mtg_jamendo_autotagging,train,667,['classical'],['piano'],['romantic'],30
vtsouval_mtg_jamendo_autotagging_00000668,anglo_pop,audio/vtsouval_mtg_jamendo_autotagging_00000668.mp3,vtsouval/mtg_jamendo_autotagging,train,668,['classical'],['piano'],['romantic'],30
vtsouval_mtg_jamendo_autotagging_00000669,anglo_pop,audio/vtsouval_mtg_jamendo_autotagging_00000669.mp3,vtsouval/mtg_jamendo_autotagging,train,669,['classical'],['piano'],['romantic'],30
vtsouval_mtg_jamendo_autotagging_00000670,anglo_pop,audio/vtsouval_mtg_jamendo_autotagging_00000670.mp3,vtsouval/mtg_jamendo_autotagging,train,670,"['metal', 'rock', 'world']",['guitar'],['dark'],30
vtsouval_mtg_jamendo_autotagging_00000671,anglo_pop,audio/vtsouval_mtg_jamendo_autotagging_00000671.mp3,vtsouval/mtg_jamendo_autotagging,train,671,"['folk', 'pop', 'singersongwriter', 'popfolk']","['piano', 'acousticguitar', 'violin', 'cello']",['dream'],30
vtsouval_mtg_jamendo_autotagging_00000672,anglo_pop,audio/vtsouval_mtg_jamendo_autotagging_00000672.mp3,vtsouval/mtg_jamendo_autotagging,train,672,"['folk', 'pop', 'singersongwriter', 'popfolk']","['piano', 'acousticguitar', 'violin', 'cello']",['dream'],30
vtsouval_mtg_jamendo_autotagging_00000673,anglo_pop,audio/vtsouval_mtg_jamendo_autotagging_00000673.mp3,vtsouval/mtg_jamendo_autotagging,train,673,"['folk', 'pop', 'singersongwriter', 'popfolk']","['piano', 'acousticguitar', 'violin', 'cello']",['dream'],30
vtsouval_mtg_jamendo_autotagging_00000674,anglo_pop,audio/vtsouval_mtg_jamendo_autotagging_00000674.mp3,vtsouval/mtg_jamendo_autotagging,train,674,"['folk', 'pop', 'singersongwriter', 'popfolk']","['piano', 'acousticguitar', 'violin', 'cello']",['dream'],30
vtsouval_mtg_jamendo_autotagging_00000675,anglo_pop,audio/vtsouval_mtg_jamendo_autotagging_00000675.mp3,vtsouval/mtg_jamendo_autotagging,train,675,"['folk', 'pop', 'singersongwriter', 'popfolk']","['piano', 'acousticguitar', 'violin', 'cello']",['dream'],30
vtsouval_mtg_jamendo_autotagging_00000676,anglo_pop,audio/vtsouval_mtg_jamendo_autotagging_00000676.mp3,vtsouval/mtg_jamendo_autotagging,train,676,"['folk', 'pop', 'singersongwriter', 'popfolk']","['piano', 'acousticguitar', 'violin', 'cello']",['dream'],30
vtsouval_mtg_jamendo_autotagging_00000677,anglo_pop,audio/vtsouval_mtg_jamendo_autotagging_00000677.mp3,vtsouval/mtg_jamendo_autotagging,train,677,"['folk', 'pop', 'singersongwriter', 'popfolk']","['piano', 'acousticguitar', 'violin', 'cello']",['dream'],30
vtsouval_mtg_jamendo_autotagging_00000678,anglo_pop,audio/vtsouval_mtg_jamendo_autotagging_00000678.mp3,vtsouval/mtg_jamendo_autotagging,train,678,"['folk', 'pop', 'singersongwriter', 'popfolk']","['piano', 'acousticguitar', 'violin', 'cello']",['dream'],30
vtsouval_mtg_jamendo_autotagging_00000679,anglo_pop,audio/vtsouval_mtg_jamendo_autotagging_00000679.mp3,vtsouval/mtg_jamendo_autotagging,train,679,"['folk', 'pop', 'singersongwriter', 'popfolk']","['piano', 'acousticguitar', 'violin', 'cello']",['dream'],30
vtsouval_mtg_jamendo_autotagging_00000680,anglo_pop,audio/vtsouval_mtg_jamendo_autotagging_00000680.mp3,vtsouval/mtg_jamendo_autotagging,train,680,"['folk', 'pop', 'singersongwriter', 'popfolk']","['piano', 'acousticguitar', 'violin', 'cello']",['dream'],30
vtsouval_mtg_jamendo_autotagging_00000681,anglo_pop,audio/vtsouval_mtg_jamendo_autotagging_00000681.mp3,vtsouval/mtg_jamendo_autotagging,train,681,"['folk', 'pop', 'singersongwriter', 'popfolk']","['piano', 'acousticguitar', 'violin', 'cello']",['dream'],30
vtsouval_mtg_jamendo_autotagging_00000682,anglo_pop,audio/vtsouval_mtg_jamendo_autotagging_00000682.mp3,vtsouval/mtg_jamendo_autotagging,train,682,"['folk', 'pop', 'singersongwriter', 'popfolk']","['piano', 'acousticguitar', 'violin', 'cello']",['dream'],30
vtsouval_mtg_jamendo_autotagging_00000683,anglo_pop,audio/vtsouval_mtg_jamendo_autotagging_00000683.mp3,vtsouval/mtg_jamendo_autotagging,train,683,"['soundtrack', 'electronic', 'classical']",['piano'],"['documentary', 'action', 'emotional']",30
vtsouval_mtg_jamendo_autotagging_00000684,anglo_pop,audio/vtsouval_mtg_jamendo_autotagging_00000684.mp3,vtsouval/mtg_jamendo_autotagging,train,684,"['soundtrack', 'electronic', 'classical']",['piano'],"['documentary', 'action', 'emotional']",30
vtsouval_mtg_jamendo_autotagging_00000685,anglo_pop,audio/vtsouval_mtg_jamendo_autotagging_00000685.mp3,vtsouval/mtg_jamendo_autotagging,train,685,"['folk', 'pop', 'singersongwriter', 'popfolk']","['piano', 'acousticguitar', 'violin', 'cello']",['dream'],30
vtsouval_mtg_jamendo_autotagging_00000686,anglo_pop,audio/vtsouval_mtg_jamendo_autotagging_00000686.mp3,vtsouval/mtg_jamendo_autotagging,train,686,"['folk', 'pop', 'singersongwriter', 'popfolk']","['piano', 'acousticguitar', 'violin', 'cello']",['dream'],30
vtsouval_mtg_jamendo_autotagging_00000687,anglo_pop,audio/vtsouval_mtg_jamendo_autotagging_00000687.mp3,vtsouval/mtg_jamendo_autotagging,train,687,"['rock', 'alternative']",['guitar'],['melodic'],30
vtsouval_mtg_jamendo_autotagging_00000688,anglo_pop,audio/vtsouval_mtg_jamendo_autotagging_00000688.mp3,vtsouval/mtg_jamendo_autotagging,train,688,"['easylistening', 'lounge', 'electronic']",['piano'],['ambiental'],30
vtsouval_mtg_jamendo_autotagging_00000689,anglo_pop,audio/vtsouval_mtg_jamendo_autotagging_00000689.mp3,vtsouval/mtg_jamendo_autotagging,train,689,"['easylistening', 'classical']",['piano'],['inspiring'],30
vtsouval_mtg_jamendo_autotagging_00000690,anglo_pop,audio/vtsouval_mtg_jamendo_autotagging_00000690.mp3,vtsouval/mtg_jamendo_autotagging,train,690,"['newage', 'classical']",['piano'],['film'],30
vtsouval_mtg_jamendo_autotagging_00000691,anglo_pop,audio/vtsouval_mtg_jamendo_autotagging_00000691.mp3,vtsouval/mtg_jamendo_autotagging,train,691,"['easylistening', 'classical']",['piano'],['emotional'],30
vtsouval_mtg_jamendo_autotagging_00000692,anglo_pop,audio/vtsouval_mtg_jamendo_autotagging_00000692.mp3,vtsouval/mtg_jamendo_autotagging,train,692,"['easylistening', 'classical']",['piano'],['emotional'],30
vtsouval_mtg_jamendo_autotagging_00000693,anglo_pop,audio/vtsouval_mtg_jamendo_autotagging_00000693.mp3,vtsouval/mtg_jamendo_autotagging,train,693,"['soundtrack', 'classical']",['piano'],"['inspiring', 'uplifting']",30
vtsouval_mtg_jamendo_autotagging_00000694,anglo_pop,audio/vtsouval_mtg_jamendo_autotagging_00000694.mp3,vtsouval/mtg_jamendo_autotagging,train,694,"['easylistening', 'classical']",['piano'],"['film', 'drama']",30
vtsouval_mtg_jamendo_autotagging_00000695,anglo_pop,audio/vtsouval_mtg_jamendo_autotagging_00000695.mp3,vtsouval/mtg_jamendo_autotagging,train,695,"['easylistening', 'newage', 'classical']",['piano'],['sad'],30
vtsouval_mtg_jamendo_autotagging_00000696,anglo_pop,audio/vtsouval_mtg_jamendo_autotagging_00000696.mp3,vtsouval/mtg_jamendo_autotagging,train,696,"['easylistening', 'classical']",['piano'],['sad'],30
vtsouval_mtg_jamendo_autotagging_00000697,anglo_pop,audio/vtsouval_mtg_jamendo_autotagging_00000697.mp3,vtsouval/mtg_jamendo_autotagging,train,697,"['oriental', 'world', 'electronic']","['synthesizer', 'computer']",['film'],30
vtsouval_mtg_jamendo_autotagging_00000698,anglo_pop,audio/vtsouval_mtg_jamendo_autotagging_00000698.mp3,vtsouval/mtg_jamendo_autotagging,train,698,['electronic'],"['drums', 'strings', 'synthesizer', 'bass', 'sampler']","['sad', 'deep']",30
vtsouval_mtg_jamendo_autotagging_00000699,anglo_pop,audio/vtsouval_mtg_jamendo_autotagging_00000699.mp3,vtsouval/mtg_jamendo_autotagging,train,699,"['hiphop', 'electronic']","['synthesizer', 'sampler']",['sad'],30
vtsouval_mtg_jamendo_autotagging_00000700,anglo_pop,audio/vtsouval_mtg_jamendo_autotagging_00000700.mp3,vtsouval/mtg_jamendo_autotagging,train,700,"['ambient', 'electronic']","['piano', 'synthesizer', 'sampler']",['sad'],30
vtsouval_mtg_jamendo_autotagging_00000701,anglo_pop,audio/vtsouval_mtg_jamendo_autotagging_00000701.mp3,vtsouval/mtg_jamendo_autotagging,train,701,"['hiphop', 'electronic']","['drums', 'beat', 'synthesizer', 'sampler']",['sad'],30
vtsouval_mtg_jamendo_autotagging_00000702,anglo_pop,audio/vtsouval_mtg_jamendo_autotagging_00000702.mp3,vtsouval/mtg_jamendo_autotagging,train,702,"['lounge', 'easylistening', 'chillout', 'electronic', 'atmospheric']","['drums', 'synthesizer', 'harp']","['relaxing', 'meditative']",30
vtsouval_mtg_jamendo_autotagging_00000703,anglo_pop,audio/vtsouval_mtg_jamendo_autotagging_00000703.mp3,vtsouval/mtg_jamendo_autotagging,train,703,"['easylistening', 'fusion', 'latin', 'atmospheric']","['drums', 'guitar', 'bass', 'classicalguitar']","['inspiring', 'summer', 'happy', 'travel', 'uplifting']",30
vtsouval_mtg_jamendo_autotagging_00000704,anglo_pop,audio/vtsouval_mtg_jamendo_autotagging_00000704.mp3,vtsouval/mtg_jamendo_autotagging,train,704,"['acidjazz', 'electronic', 'jazzfusion']",['synthesizer'],"['adventure', 'drama']",30
vtsouval_mtg_jamendo_autotagging_00000705,anglo_pop,audio/vtsouval_mtg_jamendo_autotagging_00000705.mp3,vtsouval/mtg_jamendo_autotagging,train,705,"['jazz', 'easylistening', 'lounge', 'funk']","['guitar', 'bass', 'rhodes']",['sexy'],30
vtsouval_mtg_jamendo_autotagging_00000706,anglo_pop,audio/vtsouval_mtg_jamendo_autotagging_00000706.mp3,vtsouval/mtg_jamendo_autotagging,train,706,"['easylistening', 'lounge', 'atmospheric']","['bass', 'rhodes']",['sexy'],30
vtsouval_mtg_jamendo_autotagging_00000707,anglo_pop,audio/vtsouval_mtg_jamendo_autotagging_00000707.mp3,vtsouval/mtg_jamendo_autotagging,train,707,"['acidjazz', 'dance', 'funk', 'atmospheric']",['synthesizer'],"['documentary', 'commercial']",30
vtsouval_mtg_jamendo_autotagging_00000708,anglo_pop,audio/vtsouval_mtg_jamendo_autotagging_00000708.mp3,vtsouval/mtg_jamendo_autotagging,train,708,"['folk', 'country', 'singersongwriter']","['piano', 'harmonica']",['ballad'],30
vtsouval_mtg_jamendo_autotagging_00000709,anglo_pop,audio/vtsouval_mtg_jamendo_autotagging_00000709.mp3,vtsouval/mtg_jamendo_autotagging,train,709,"['pop', 'singersongwriter', 'popfolk']",['acousticguitar'],['emotional'],30
vtsouval_mtg_jamendo_autotagging_00000710,anglo_pop,audio/vtsouval_mtg_jamendo_autotagging_00000710.mp3,vtsouval/mtg_jamendo_autotagging,train,710,"['folk', 'singersongwriter', 'popfolk']",['acousticguitar'],['emotional'],30
vtsouval_mtg_jamendo_autotagging_00000711,anglo_pop,audio/vtsouval_mtg_jamendo_autotagging_00000711.mp3,vtsouval/mtg_jamendo_autotagging,train,711,"['pop', 'singersongwriter', 'popfolk']",['acousticguitar'],"['emotional', 'adventure']",30
vtsouval_mtg_jamendo_autotagging_00000712,anglo_pop,audio/vtsouval_mtg_jamendo_autotagging_00000712.mp3,vtsouval/mtg_jamendo_autotagging,train,712,"['pop', 'singersongwriter', 'popfolk']",['acousticguitar'],['emotional'],30
vtsouval_mtg_jamendo_autotagging_00000713,anglo_pop,audio/vtsouval_mtg_jamendo_autotagging_00000713.mp3,vtsouval/mtg_jamendo_autotagging,train,713,"['folk', 'singersongwriter', 'popfolk']",['acousticguitar'],['adventure'],30
vtsouval_mtg_jamendo_autotagging_00000714,anglo_pop,audio/vtsouval_mtg_jamendo_autotagging_00000714.mp3,vtsouval/mtg_jamendo_autotagging,train,714,"['orchestral', 'symphonic', 'classical']","['horn', 'violin', 'doublebass', 'harp', 'cello']","['game', 'film']",30
vtsouval_mtg_jamendo_autotagging_00000715,anglo_pop,audio/vtsouval_mtg_jamendo_autotagging_00000715.mp3,vtsouval/mtg_jamendo_autotagging,train,715,"['orchestral', 'symphonic', 'classical']","['horn', 'violin', 'doublebass', 'harp', 'cello']","['game', 'film']",30
vtsouval_mtg_jamendo_autotagging_00000716,anglo_pop,audio/vtsouval_mtg_jamendo_autotagging_00000716.mp3,vtsouval/mtg_jamendo_autotagging,train,716,"['orchestral', 'symphonic', 'classical']","['horn', 'violin', 'doublebass', 'harp', 'cello']","['game', 'film']",30
vtsouval_mtg_jamendo_autotagging_00000717,anglo_pop,audio/vtsouval_mtg_jamendo_autotagging_00000717.mp3,vtsouval/mtg_jamendo_autotagging,train,717,"['orchestral', 'symphonic', 'classical']","['horn', 'violin', 'doublebass', 'harp', 'cello']","['game', 'film']",30
vtsouval_mtg_jamendo_autotagging_00000718,anglo_pop,audio/vtsouval_mtg_jamendo_autotagging_00000718.mp3,vtsouval/mtg_jamendo_autotagging,train,718,"['orchestral', 'symphonic', 'classical']","['horn', 'violin', 'doublebass', 'harp', 'cello']","['game', 'film']",30
vtsouval_mtg_jamendo_autotagging_00000719,anglo_pop,audio/vtsouval_mtg_jamendo_autotagging_00000719.mp3,vtsouval/mtg_jamendo_autotagging,train,719,"['orchestral', 'symphonic', 'classical']","['horn', 'violin', 'doublebass', 'harp', 'cello']","['game', 'film']",30
vtsouval_mtg_jamendo_autotagging_00000720,anglo_pop,audio/vtsouval_mtg_jamendo_autotagging_00000720.mp3,vtsouval/mtg_jamendo_autotagging,train,720,"['orchestral', 'symphonic', 'classical']","['horn', 'violin', 'doublebass', 'harp', 'cello']","['game', 'film']",30
vtsouval_mtg_jamendo_autotagging_00000721,anglo_pop,audio/vtsouval_mtg_jamendo_autotagging_00000721.mp3,vtsouval/mtg_jamendo_autotagging,train,721,"['orchestral', 'symphonic', 'classical']","['horn', 'violin', 'doublebass', 'harp', 'cello']","['game', 'film']",30
vtsouval_mtg_jamendo_autotagging_00000722,anglo_pop,audio/vtsouval_mtg_jamendo_autotagging_00000722.mp3,vtsouval/mtg_jamendo_autotagging,train,722,"['dance', 'electronic']","['synthesizer', 'accordion']","['game', 'happy']",30
vtsouval_mtg_jamendo_autotagging_00000723,anglo_pop,audio/vtsouval_mtg_jamendo_autotagging_00000723.mp3,vtsouval/mtg_jamendo_autotagging,train,723,"['newage', 'electronic']",['piano'],"['summer', 'romantic', 'love', 'slow']",30
vtsouval_mtg_jamendo_autotagging_00000724,anglo_pop,audio/vtsouval_mtg_jamendo_autotagging_00000724.mp3,vtsouval/mtg_jamendo_autotagging,train,724,['newage'],"['piano', 'synthesizer']","['romantic', 'slow']",30
vtsouval_mtg_jamendo_autotagging_00000725,anglo_pop,audio/vtsouval_mtg_jamendo_autotagging_00000725.mp3,vtsouval/mtg_jamendo_autotagging,train,725,"['techno', 'industrial', 'electronic']",['synthesizer'],['energetic'],30
vtsouval_mtg_jamendo_autotagging_00000726,anglo_pop,audio/vtsouval_mtg_jamendo_autotagging_00000726.mp3,vtsouval/mtg_jamendo_autotagging,train,726,"['techno', 'electronic']",['synthesizer'],"['space', 'energetic']",30
vtsouval_mtg_jamendo_autotagging_00000727,anglo_pop,audio/vtsouval_mtg_jamendo_autotagging_00000727.mp3,vtsouval/mtg_jamendo_autotagging,train,727,"['ambient', 'electronic']",['synthesizer'],"['relaxing', 'melodic', 'space']",30
vtsouval_mtg_jamendo_autotagging_00000728,anglo_pop,audio/vtsouval_mtg_jamendo_autotagging_00000728.mp3,vtsouval/mtg_jamendo_autotagging,train,728,['electronic'],['synthesizer'],['melancholic'],30
vtsouval_mtg_jamendo_autotagging_00000729,anglo_pop,audio/vtsouval_mtg_jamendo_autotagging_00000729.mp3,vtsouval/mtg_jamendo_autotagging,train,729,"['dance', 'trance', 'lounge', 'electronic']","['beat', 'electricpiano', 'computer', 'drummachine', 'synthesizer']",['mellow'],30
vtsouval_mtg_jamendo_autotagging_00000730,anglo_pop,audio/vtsouval_mtg_jamendo_autotagging_00000730.mp3,vtsouval/mtg_jamendo_autotagging,train,730,"['lounge', 'soundtrack', 'easylistening', 'chillout', 'electronic']","['synthesizer', 'electricpiano', 'computer', 'drummachine']",['film'],30
vtsouval_mtg_jamendo_autotagging_00000731,anglo_pop,audio/vtsouval_mtg_jamendo_autotagging_00000731.mp3,vtsouval/mtg_jamendo_autotagging,train,731,"['newage', 'classicrock', 'classical']",['piano'],['dramatic'],30
vtsouval_mtg_jamendo_autotagging_00000732,anglo_pop,audio/vtsouval_mtg_jamendo_autotagging_00000732.mp3,vtsouval/mtg_jamendo_autotagging,train,732,"['classical', 'contemporary']",['guitar'],"['relaxing', 'melodic']",30
vtsouval_mtg_jamendo_autotagging_00000733,anglo_pop,audio/vtsouval_mtg_jamendo_autotagging_00000733.mp3,vtsouval/mtg_jamendo_autotagging,train,733,"['classical', 'contemporary']","['piano', 'guitar']","['relaxing', 'melodic']",30
vtsouval_mtg_jamendo_autotagging_00000734,anglo_pop,audio/vtsouval_mtg_jamendo_autotagging_00000734.mp3,vtsouval/mtg_jamendo_autotagging,train,734,"['classical', 'contemporary']","['guitar', 'rhodes']","['relaxing', 'melodic']",30
vtsouval_mtg_jamendo_autotagging_00000735,anglo_pop,audio/vtsouval_mtg_jamendo_autotagging_00000735.mp3,vtsouval/mtg_jamendo_autotagging,train,735,"['newage', 'classicrock', 'classical']",['piano'],['romantic'],30
vtsouval_mtg_jamendo_autotagging_00000736,anglo_pop,audio/vtsouval_mtg_jamendo_autotagging_00000736.mp3,vtsouval/mtg_jamendo_autotagging,train,736,"['classicrock', 'classical', 'minimal']",['piano'],['romantic'],30
vtsouval_mtg_jamendo_autotagging_00000737,anglo_pop,audio/vtsouval_mtg_jamendo_autotagging_00000737.mp3,vtsouval/mtg_jamendo_autotagging,train,737,"['newage', 'classicrock', 'classical']",['piano'],['dramatic'],30
vtsouval_mtg_jamendo_autotagging_00000738,anglo_pop,audio/vtsouval_mtg_jamendo_autotagging_00000738.mp3,vtsouval/mtg_jamendo_autotagging,train,738,"['classicrock', 'chillout', 'classical']",['piano'],['dramatic'],30
vtsouval_mtg_jamendo_autotagging_00000739,anglo_pop,audio/vtsouval_mtg_jamendo_autotagging_00000739.mp3,vtsouval/mtg_jamendo_autotagging,train,739,"['newage', 'classicrock', 'classical']",['piano'],['emotional'],30
vtsouval_mtg_jamendo_autotagging_00000740,anglo_pop,audio/vtsouval_mtg_jamendo_autotagging_00000740.mp3,vtsouval/mtg_jamendo_autotagging,train,740,"['newage', 'classicrock', 'classical']",['piano'],['dramatic'],30
vtsouval_mtg_jamendo_autotagging_00000741,anglo_pop,audio/vtsouval_mtg_jamendo_autotagging_00000741.mp3,vtsouval/mtg_jamendo_autotagging,train,741,"['lounge', 'downtempo', 'ambient']","['guitar', 'rhodes']",['melodic'],30
vtsouval_mtg_jamendo_autotagging_00000742,anglo_pop,audio/vtsouval_mtg_jamendo_autotagging_00000742.mp3,vtsouval/mtg_jamendo_autotagging,train,742,"['progressive', 'dance', 'electronic']",['piano'],['melodic'],30
vtsouval_mtg_jamendo_autotagging_00000743,anglo_pop,audio/vtsouval_mtg_jamendo_autotagging_00000743.mp3,vtsouval/mtg_jamendo_autotagging,train,743,['classical'],['piano'],['romantic'],30
vtsouval_mtg_jamendo_autotagging_00000744,anglo_pop,audio/vtsouval_mtg_jamendo_autotagging_00000744.mp3,vtsouval/mtg_jamendo_autotagging,train,744,"['soundtrack', 'ambient']",['piano'],['film'],30
vtsouval_mtg_jamendo_autotagging_00000745,anglo_pop,audio/vtsouval_mtg_jamendo_autotagging_00000745.mp3,vtsouval/mtg_jamendo_autotagging,train,745,"['soundtrack', 'ambient']",['piano'],['film'],30
vtsouval_mtg_jamendo_autotagging_00000746,anglo_pop,audio/vtsouval_mtg_jamendo_autotagging_00000746.mp3,vtsouval/mtg_jamendo_autotagging,train,746,"['soundtrack', 'ambient', 'classical']","['piano', 'pipeorgan']",['dream'],30
vtsouval_mtg_jamendo_autotagging_00000747,anglo_pop,audio/vtsouval_mtg_jamendo_autotagging_00000747.mp3,vtsouval/mtg_jamendo_autotagging,train,747,"['soundtrack', 'rock', 'instrumentalrock']","['drums', 'synthesizer', 'electricguitar', 'bass']","['movie', 'energetic']",30
vtsouval_mtg_jamendo_autotagging_00000748,anglo_pop,audio/vtsouval_mtg_jamendo_autotagging_00000748.mp3,vtsouval/mtg_jamendo_autotagging,train,748,"['soundtrack', 'rock', 'instrumentalrock']","['drums', 'synthesizer', 'electricguitar', 'bass']","['movie', 'energetic']",30
vtsouval_mtg_jamendo_autotagging_00000749,anglo_pop,audio/vtsouval_mtg_jamendo_autotagging_00000749.mp3,vtsouval/mtg_jamendo_autotagging,train,749,"['soundtrack', 'rock', 'instrumentalrock']","['drums', 'synthesizer', 'electricguitar', 'bass']","['movie', 'energetic']",30
vtsouval_mtg_jamendo_autotagging_00000750,anglo_pop,audio/vtsouval_mtg_jamendo_autotagging_00000750.mp3,vtsouval/mtg_jamendo_autotagging,train,750,"['soundtrack', 'rock', 'instrumentalrock']","['drums', 'synthesizer', 'electricguitar', 'bass']","['movie', 'energetic']",30
vtsouval_mtg_jamendo_autotagging_00000751,anglo_pop,audio/vtsouval_mtg_jamendo_autotagging_00000751.mp3,vtsouval/mtg_jamendo_autotagging,train,751,"['soundtrack', 'rock', 'instrumentalrock']","['drums', 'synthesizer', 'electricguitar', 'bass']","['movie', 'energetic']",30
vtsouval_mtg_jamendo_autotagging_00000752,anglo_pop,audio/vtsouval_mtg_jamendo_autotagging_00000752.mp3,vtsouval/mtg_jamendo_autotagging,train,752,"['soundtrack', 'rock', 'instrumentalrock']","['drums', 'synthesizer', 'electricguitar', 'bass']","['movie', 'energetic']",30
vtsouval_mtg_jamendo_autotagging_00000753,anglo_pop,audio/vtsouval_mtg_jamendo_autotagging_00000753.mp3,vtsouval/mtg_jamendo_autotagging,train,753,"['soundtrack', 'lounge', 'minimal', 'jazz']","['drums', 'piano']",['melodic'],30
vtsouval_mtg_jamendo_autotagging_00000754,anglo_pop,audio/vtsouval_mtg_jamendo_autotagging_00000754.mp3,vtsouval/mtg_jamendo_autotagging,train,754,"['reggae', 'popfolk', 'alternative', 'indie', 'chillout']","['drums', 'acousticguitar']","['relaxing', 'melodic']",30
vtsouval_mtg_jamendo_autotagging_00000755,anglo_pop,audio/vtsouval_mtg_jamendo_autotagging_00000755.mp3,vtsouval/mtg_jamendo_autotagging,train,755,"['popfolk', 'rock', 'blues', 'indie', 'rnb']","['acousticguitar', 'electricguitar', 'harmonica']",['energetic'],30
vtsouval_mtg_jamendo_autotagging_00000756,anglo_pop,audio/vtsouval_mtg_jamendo_autotagging_00000756.mp3,vtsouval/mtg_jamendo_autotagging,train,756,"['blues', 'indie', 'alternative', 'rocknroll']","['drums', 'acousticguitar']",['relaxing'],30
vtsouval_mtg_jamendo_autotagging_00000757,anglo_pop,audio/vtsouval_mtg_jamendo_autotagging_00000757.mp3,vtsouval/mtg_jamendo_autotagging,train,757,"['world', 'classical']",['piano'],"['inspiring', 'relaxing']",30
vtsouval_mtg_jamendo_autotagging_00000758,anglo_pop,audio/vtsouval_mtg_jamendo_autotagging_00000758.mp3,vtsouval/mtg_jamendo_autotagging,train,758,"['progressive', 'jazz']",['piano'],['melodic'],30
vtsouval_mtg_jamendo_autotagging_00000759,anglo_pop,audio/vtsouval_mtg_jamendo_autotagging_00000759.mp3,vtsouval/mtg_jamendo_autotagging,train,759,['jazz'],['piano'],['ballad'],30
vtsouval_mtg_jamendo_autotagging_00000760,anglo_pop,audio/vtsouval_mtg_jamendo_autotagging_00000760.mp3,vtsouval/mtg_jamendo_autotagging,train,760,['jazz'],"['piano', 'saxophone']",['ballad'],30
vtsouval_mtg_jamendo_autotagging_00000761,anglo_pop,audio/vtsouval_mtg_jamendo_autotagging_00000761.mp3,vtsouval/mtg_jamendo_autotagging,train,761,['jazz'],['piano'],['ballad'],30
vtsouval_mtg_jamendo_autotagging_00000762,anglo_pop,audio/vtsouval_mtg_jamendo_autotagging_00000762.mp3,vtsouval/mtg_jamendo_autotagging,train,762,['jazz'],['piano'],['ballad'],30
vtsouval_mtg_jamendo_autotagging_00000763,anglo_pop,audio/vtsouval_mtg_jamendo_autotagging_00000763.mp3,vtsouval/mtg_jamendo_autotagging,train,763,"['easylistening', 'newage', 'medieval']",['flute'],"['love', 'romantic', 'ballad']",30
vtsouval_mtg_jamendo_autotagging_00000764,anglo_pop,audio/vtsouval_mtg_jamendo_autotagging_00000764.mp3,vtsouval/mtg_jamendo_autotagging,train,764,"['folk', 'singersongwriter', 'popfolk']",['acousticguitar'],['emotional'],30
vtsouval_mtg_jamendo_autotagging_00000765,anglo_pop,audio/vtsouval_mtg_jamendo_autotagging_00000765.mp3,vtsouval/mtg_jamendo_autotagging,train,765,"['folk', 'singersongwriter', 'popfolk']",['acousticguitar'],['emotional'],30
vtsouval_mtg_jamendo_autotagging_00000766,anglo_pop,audio/vtsouval_mtg_jamendo_autotagging_00000766.mp3,vtsouval/mtg_jamendo_autotagging,train,766,"['folk', 'singersongwriter', 'popfolk']",['acousticguitar'],['emotional'],30
vtsouval_mtg_jamendo_autotagging_00000767,anglo_pop,audio/vtsouval_mtg_jamendo_autotagging_00000767.mp3,vtsouval/mtg_jamendo_autotagging,train,767,"['folk', 'singersongwriter', 'popfolk']",['acousticguitar'],"['emotional', 'love']",30
vtsouval_mtg_jamendo_autotagging_00000768,anglo_pop,audio/vtsouval_mtg_jamendo_autotagging_00000768.mp3,vtsouval/mtg_jamendo_autotagging,train,768,['classical'],['piano'],"['dream', 'melodic']",30
vtsouval_mtg_jamendo_autotagging_00000769,anglo_pop,audio/vtsouval_mtg_jamendo_autotagging_00000769.mp3,vtsouval/mtg_jamendo_autotagging,train,769,['classical'],['piano'],"['dream', 'love', 'melodic']",30
vtsouval_mtg_jamendo_autotagging_00000770,anglo_pop,audio/vtsouval_mtg_jamendo_autotagging_00000770.mp3,vtsouval/mtg_jamendo_autotagging,train,770,"['blues', 'rock', 'ambient']","['guitar', 'electricguitar']",['soft'],30
vtsouval_mtg_jamendo_autotagging_00000771,anglo_pop,audio/vtsouval_mtg_jamendo_autotagging_00000771.mp3,vtsouval/mtg_jamendo_autotagging,train,771,"['blues', 'rock']","['guitar', 'electricguitar']",['soft'],30
vtsouval_mtg_jamendo_autotagging_00000772,anglo_pop,audio/vtsouval_mtg_jamendo_autotagging_00000772.mp3,vtsouval/mtg_jamendo_autotagging,train,772,"['blues', 'rock', 'instrumentalrock']","['guitar', 'electricguitar']",['soft'],30
vtsouval_mtg_jamendo_autotagging_00000773,anglo_pop,audio/vtsouval_mtg_jamendo_autotagging_00000773.mp3,vtsouval/mtg_jamendo_autotagging,train,773,['easylistening'],['piano'],"['calm', 'mellow', 'hopeful']",30
vtsouval_mtg_jamendo_autotagging_00000774,anglo_pop,audio/vtsouval_mtg_jamendo_autotagging_00000774.mp3,vtsouval/mtg_jamendo_autotagging,train,774,"['folk', 'instrumentalpop']",['guitar'],"['mellow', 'hopeful']",30
vtsouval_mtg_jamendo_autotagging_00000775,anglo_pop,audio/vtsouval_mtg_jamendo_autotagging_00000775.mp3,vtsouval/mtg_jamendo_autotagging,train,775,"['instrumentalrock', 'pop', 'indie', 'chillout']",['piano'],['happy'],30
vtsouval_mtg_jamendo_autotagging_00000776,anglo_pop,audio/vtsouval_mtg_jamendo_autotagging_00000776.mp3,vtsouval/mtg_jamendo_autotagging,train,776,"['easylistening', 'instrumentalpop']",['violin'],"['calm', 'mellow', 'melancholic']",30
vtsouval_mtg_jamendo_autotagging_00000777,anglo_pop,audio/vtsouval_mtg_jamendo_autotagging_00000777.mp3,vtsouval/mtg_jamendo_autotagging,train,777,"['newage', 'downtempo', 'classical', 'contemporary', 'instrumentalpop', 'chillout']",['violin'],['melancholic'],30
vtsouval_mtg_jamendo_autotagging_00000778,anglo_pop,audio/vtsouval_mtg_jamendo_autotagging_00000778.mp3,vtsouval/mtg_jamendo_autotagging,train,778,"['chillout', 'easylistening', 'instrumentalpop', 'ambient']",['piano'],"['hopeful', 'happy']",30
vtsouval_mtg_jamendo_autotagging_00000779,anglo_pop,audio/vtsouval_mtg_jamendo_autotagging_00000779.mp3,vtsouval/mtg_jamendo_autotagging,train,779,"['dance', 'electronic']",['beat'],['melodic'],30
vtsouval_mtg_jamendo_autotagging_00000780,anglo_pop,audio/vtsouval_mtg_jamendo_autotagging_00000780.mp3,vtsouval/mtg_jamendo_autotagging,train,780,"['soundtrack', 'classical']","['flute', 'harp', 'cello']","['adventure', 'film', 'corporate']",30
vtsouval_mtg_jamendo_autotagging_00000781,anglo_pop,audio/vtsouval_mtg_jamendo_autotagging_00000781.mp3,vtsouval/mtg_jamendo_autotagging,train,781,"['soundtrack', 'classical']","['flute', 'harp', 'cello']","['adventure', 'film', 'corporate']",30
vtsouval_mtg_jamendo_autotagging_00000782,anglo_pop,audio/vtsouval_mtg_jamendo_autotagging_00000782.mp3,vtsouval/mtg_jamendo_autotagging,train,782,"['soundtrack', 'classical']","['flute', 'harp', 'cello']","['adventure', 'film', 'corporate']",30
vtsouval_mtg_jamendo_autotagging_00000783,anglo_pop,audio/vtsouval_mtg_jamendo_autotagging_00000783.mp3,vtsouval/mtg_jamendo_autotagging,train,783,"['soundtrack', 'classical']","['flute', 'harp', 'cello']","['adventure', 'film', 'corporate']",30
vtsouval_mtg_jamendo_autotagging_00000784,anglo_pop,audio/vtsouval_mtg_jamendo_autotagging_00000784.mp3,vtsouval/mtg_jamendo_autotagging,train,784,"['soundtrack', 'classical']","['flute', 'harp', 'cello']","['adventure', 'film', 'corporate']",30
vtsouval_mtg_jamendo_autotagging_00000785,anglo_pop,audio/vtsouval_mtg_jamendo_autotagging_00000785.mp3,vtsouval/mtg_jamendo_autotagging,train,785,"['soundtrack', 'classical']","['flute', 'harp', 'cello']","['adventure', 'film', 'corporate']",30
vtsouval_mtg_jamendo_autotagging_00000786,anglo_pop,audio/vtsouval_mtg_jamendo_autotagging_00000786.mp3,vtsouval/mtg_jamendo_autotagging,train,786,"['soundtrack', 'classical']","['flute', 'harp', 'cello']","['adventure', 'film', 'corporate']",30
vtsouval_mtg_jamendo_autotagging_00000787,anglo_pop,audio/vtsouval_mtg_jamendo_autotagging_00000787.mp3,vtsouval/mtg_jamendo_autotagging,train,787,"['soundtrack', 'classical']","['flute', 'harp', 'cello']","['adventure', 'film', 'corporate']",30
vtsouval_mtg_jamendo_autotagging_00000788,anglo_pop,audio/vtsouval_mtg_jamendo_autotagging_00000788.mp3,vtsouval/mtg_jamendo_autotagging,train,788,"['soundtrack', 'classical']","['flute', 'harp', 'cello']","['adventure', 'film', 'corporate']",30
vtsouval_mtg_jamendo_autotagging_00000789,anglo_pop,audio/vtsouval_mtg_jamendo_autotagging_00000789.mp3,vtsouval/mtg_jamendo_autotagging,train,789,"['soundtrack', 'classical']","['flute', 'harp', 'cello']","['adventure', 'film', 'corporate']",30
vtsouval_mtg_jamendo_autotagging_00000790,anglo_pop,audio/vtsouval_mtg_jamendo_autotagging_00000790.mp3,vtsouval/mtg_jamendo_autotagging,train,790,"['soundtrack', 'classical']","['flute', 'harp', 'cello']","['adventure', 'film', 'corporate']",30
vtsouval_mtg_jamendo_autotagging_00000791,anglo_pop,audio/vtsouval_mtg_jamendo_autotagging_00000791.mp3,vtsouval/mtg_jamendo_autotagging,train,791,"['soundtrack', 'classical']","['flute', 'harp', 'cello']","['adventure', 'film', 'corporate']",30
vtsouval_mtg_jamendo_autotagging_00000792,anglo_pop,audio/vtsouval_mtg_jamendo_autotagging_00000792.mp3,vtsouval/mtg_jamendo_autotagging,train,792,"['soundtrack', 'classical']","['flute', 'harp', 'cello']","['adventure', 'film', 'corporate']",30
vtsouval_mtg_jamendo_autotagging_00000793,anglo_pop,audio/vtsouval_mtg_jamendo_autotagging_00000793.mp3,vtsouval/mtg_jamendo_autotagging,train,793,['chanson'],['accordion'],['romantic'],30
vtsouval_mtg_jamendo_autotagging_00000794,anglo_pop,audio/vtsouval_mtg_jamendo_autotagging_00000794.mp3,vtsouval/mtg_jamendo_autotagging,train,794,"['ambient', 'jazz']",['piano'],"['ballad', 'cool']",30
vtsouval_mtg_jamendo_autotagging_00000795,anglo_pop,audio/vtsouval_mtg_jamendo_autotagging_00000795.mp3,vtsouval/mtg_jamendo_autotagging,train,795,"['soundtrack', 'indie', 'rock']","['drums', 'horn', 'pipeorgan', 'electricguitar', 'bass', 'saxophone', 'voice']",['dark'],30
vtsouval_mtg_jamendo_autotagging_00000796,anglo_pop,audio/vtsouval_mtg_jamendo_autotagging_00000796.mp3,vtsouval/mtg_jamendo_autotagging,train,796,"['indie', 'alternative', 'rock']","['drums', 'pipeorgan', 'electricguitar', 'bass', 'saxophone', 'voice']","['fast', 'energetic']",30
vtsouval_mtg_jamendo_autotagging_00000797,anglo_pop,audio/vtsouval_mtg_jamendo_autotagging_00000797.mp3,vtsouval/mtg_jamendo_autotagging,train,797,"['jazzfusion', 'dance', 'instrumentalpop', 'jazz']","['bass', 'saxophone']",['cool'],30
vtsouval_mtg_jamendo_autotagging_00000798,anglo_pop,audio/vtsouval_mtg_jamendo_autotagging_00000798.mp3,vtsouval/mtg_jamendo_autotagging,train,798,['jazz'],['piano'],['melodic'],30
vtsouval_mtg_jamendo_autotagging_00000799,anglo_pop,audio/vtsouval_mtg_jamendo_autotagging_00000799.mp3,vtsouval/mtg_jamendo_autotagging,train,799,"['ambient', 'classical', 'jazz']",['piano'],"['meditative', 'slow']",30
vtsouval_mtg_jamendo_autotagging_00000800,anglo_pop,audio/vtsouval_mtg_jamendo_autotagging_00000800.mp3,vtsouval/mtg_jamendo_autotagging,train,800,"['jazz', 'bossanova']",['saxophone'],"['cool', 'slow']",30
vtsouval_mtg_jamendo_autotagging_00000801,anglo_pop,audio/vtsouval_mtg_jamendo_autotagging_00000801.mp3,vtsouval/mtg_jamendo_autotagging,train,801,"['easylistening', 'dance', 'instrumentalpop', 'lounge']",['flute'],['cool'],30
vtsouval_mtg_jamendo_autotagging_00000802,anglo_pop,audio/vtsouval_mtg_jamendo_autotagging_00000802.mp3,vtsouval/mtg_jamendo_autotagging,train,802,['jazz'],['piano'],"['melodic', 'cool']",30
vtsouval_mtg_jamendo_autotagging_00000803,anglo_pop,audio/vtsouval_mtg_jamendo_autotagging_00000803.mp3,vtsouval/mtg_jamendo_autotagging,train,803,['ambient'],['piano'],['melodic'],30
vtsouval_mtg_jamendo_autotagging_00000804,anglo_pop,audio/vtsouval_mtg_jamendo_autotagging_00000804.mp3,vtsouval/mtg_jamendo_autotagging,train,804,"['folk', 'pop', 'country']",['harmonica'],['emotional'],30
vtsouval_mtg_jamendo_autotagging_00000805,anglo_pop,audio/vtsouval_mtg_jamendo_autotagging_00000805.mp3,vtsouval/mtg_jamendo_autotagging,train,805,"['folk', 'pop', 'popfolk']","['drums', 'acousticguitar', 'acousticbassguitar', 'harmonica']","['emotional', 'soft']",30
vtsouval_mtg_jamendo_autotagging_00000806,anglo_pop,audio/vtsouval_mtg_jamendo_autotagging_00000806.mp3,vtsouval/mtg_jamendo_autotagging,train,806,"['folk', 'pop', 'popfolk']","['drums', 'acousticguitar', 'acousticbassguitar', 'harmonica']","['emotional', 'soft']",30
vtsouval_mtg_jamendo_autotagging_00000807,anglo_pop,audio/vtsouval_mtg_jamendo_autotagging_00000807.mp3,vtsouval/mtg_jamendo_autotagging,train,807,"['folk', 'pop', 'popfolk']","['drums', 'acousticguitar', 'acousticbassguitar', 'harmonica']","['emotional', 'soft']",30
vtsouval_mtg_jamendo_autotagging_00000808,anglo_pop,audio/vtsouval_mtg_jamendo_autotagging_00000808.mp3,vtsouval/mtg_jamendo_autotagging,train,808,"['folk', 'pop', 'popfolk']","['drums', 'acousticguitar', 'acousticbassguitar', 'harmonica']","['emotional', 'soft']",30
vtsouval_mtg_jamendo_autotagging_00000809,anglo_pop,audio/vtsouval_mtg_jamendo_autotagging_00000809.mp3,vtsouval/mtg_jamendo_autotagging,train,809,"['folk', 'pop', 'popfolk']","['drums', 'acousticguitar', 'acousticbassguitar', 'harmonica']","['emotional', 'soft']",30
vtsouval_mtg_jamendo_autotagging_00000810,anglo_pop,audio/vtsouval_mtg_jamendo_autotagging_00000810.mp3,vtsouval/mtg_jamendo_autotagging,train,810,"['folk', 'pop', 'popfolk']","['drums', 'acousticguitar', 'acousticbassguitar', 'harmonica']","['emotional', 'soft']",30
vtsouval_mtg_jamendo_autotagging_00000811,anglo_pop,audio/vtsouval_mtg_jamendo_autotagging_00000811.mp3,vtsouval/mtg_jamendo_autotagging,train,811,"['folk', 'pop', 'popfolk']","['drums', 'acousticguitar', 'acousticbassguitar', 'harmonica']","['emotional', 'soft']",30
vtsouval_mtg_jamendo_autotagging_00000812,anglo_pop,audio/vtsouval_mtg_jamendo_autotagging_00000812.mp3,vtsouval/mtg_jamendo_autotagging,train,812,"['folk', 'pop', 'popfolk']","['drums', 'acousticguitar', 'acousticbassguitar', 'harmonica']","['emotional', 'soft']",30
vtsouval_mtg_jamendo_autotagging_00000813,anglo_pop,audio/vtsouval_mtg_jamendo_autotagging_00000813.mp3,vtsouval/mtg_jamendo_autotagging,train,813,"['folk', 'pop', 'popfolk']","['drums', 'acousticguitar', 'acousticbassguitar', 'harmonica']","['emotional', 'soft']",30
vtsouval_mtg_jamendo_autotagging_00000814,anglo_pop,audio/vtsouval_mtg_jamendo_autotagging_00000814.mp3,vtsouval/mtg_jamendo_autotagging,train,814,['indie'],"['drums', 'voice', 'electricguitar', 'bass', 'saxophone']",['love'],30
vtsouval_mtg_jamendo_autotagging_00000815,anglo_pop,audio/vtsouval_mtg_jamendo_autotagging_00000815.mp3,vtsouval/mtg_jamendo_autotagging,train,815,"['folk', 'pop', 'popfolk']","['drums', 'acousticguitar', 'acousticbassguitar', 'harmonica']","['emotional', 'soft']",30
vtsouval_mtg_jamendo_autotagging_00000816,anglo_pop,audio/vtsouval_mtg_jamendo_autotagging_00000816.mp3,vtsouval/mtg_jamendo_autotagging,train,816,"['pop', 'rock']","['drums', 'electricpiano', 'voice', 'electricguitar', 'bass', 'saxophone', 'clarinet']","['sad', 'love']",30
vtsouval_mtg_jamendo_autotagging_00000817,anglo_pop,audio/vtsouval_mtg_jamendo_autotagging_00000817.mp3,vtsouval/mtg_jamendo_autotagging,train,817,"['pop', 'rock']","['drums', 'electricpiano', 'voice', 'electricguitar', 'bass', 'saxophone', 'clarinet']","['sad', 'love']",30
vtsouval_mtg_jamendo_autotagging_00000818,anglo_pop,audio/vtsouval_mtg_jamendo_autotagging_00000818.mp3,vtsouval/mtg_jamendo_autotagging,train,818,"['easylistening', 'ambient']",['synthesizer'],['emotional'],30
vtsouval_mtg_jamendo_autotagging_00000819,anglo_pop,audio/vtsouval_mtg_jamendo_autotagging_00000819.mp3,vtsouval/mtg_jamendo_autotagging,train,819,"['newage', 'ambient']",['synthesizer'],['emotional'],30
vtsouval_mtg_jamendo_autotagging_00000820,anglo_pop,audio/vtsouval_mtg_jamendo_autotagging_00000820.mp3,vtsouval/mtg_jamendo_autotagging,train,820,['classical'],['piano'],['romantic'],30
vtsouval_mtg_jamendo_autotagging_00000821,anglo_pop,audio/vtsouval_mtg_jamendo_autotagging_00000821.mp3,vtsouval/mtg_jamendo_autotagging,train,821,['classical'],['piano'],['romantic'],30
vtsouval_mtg_jamendo_autotagging_00000822,anglo_pop,audio/vtsouval_mtg_jamendo_autotagging_00000822.mp3,vtsouval/mtg_jamendo_autotagging,train,822,"['classical', 'contemporary']",['piano'],['romantic'],30
vtsouval_mtg_jamendo_autotagging_00000823,anglo_pop,audio/vtsouval_mtg_jamendo_autotagging_00000823.mp3,vtsouval/mtg_jamendo_autotagging,train,823,['classical'],['piano'],['romantic'],30
vtsouval_mtg_jamendo_autotagging_00000824,anglo_pop,audio/vtsouval_mtg_jamendo_autotagging_00000824.mp3,vtsouval/mtg_jamendo_autotagging,train,824,"['easylistening', 'newage', 'ambient', 'electronic']",['synthesizer'],"['documentary', 'commercial', 'inspiring']",30
vtsouval_mtg_jamendo_autotagging_00000825,anglo_pop,audio/vtsouval_mtg_jamendo_autotagging_00000825.mp3,vtsouval/mtg_jamendo_autotagging,train,825,"['jazzfusion', 'easylistening', 'electronic', 'funk']","['drums', 'bass', 'piano']","['documentary', 'drama']",30
vtsouval_mtg_jamendo_autotagging_00000826,anglo_pop,audio/vtsouval_mtg_jamendo_autotagging_00000826.mp3,vtsouval/mtg_jamendo_autotagging,train,826,"['ambient', 'funk', 'rock', 'instrumentalrock', 'electronic']","['drums', 'bass']","['documentary', 'commercial']",30
vtsouval_mtg_jamendo_autotagging_00000827,anglo_pop,audio/vtsouval_mtg_jamendo_autotagging_00000827.mp3,vtsouval/mtg_jamendo_autotagging,train,827,"['jazz', 'ambient', 'electronic', 'funk']","['drums', 'synthesizer', 'bass']","['adventure', 'drama']",30
vtsouval_mtg_jamendo_autotagging_00000828,anglo_pop,audio/vtsouval_mtg_jamendo_autotagging_00000828.mp3,vtsouval/mtg_jamendo_autotagging,train,828,"['easylistening', 'ambient', 'electronic', 'darkambient']","['drums', 'synthesizer']",['adventure'],30
vtsouval_mtg_jamendo_autotagging_00000829,anglo_pop,audio/vtsouval_mtg_jamendo_autotagging_00000829.mp3,vtsouval/mtg_jamendo_autotagging,train,829,"['ambient', 'jazzfusion', 'easylistening', 'dance', 'electronic']",['drums'],"['documentary', 'travel']",30
vtsouval_mtg_jamendo_autotagging_00000830,anglo_pop,audio/vtsouval_mtg_jamendo_autotagging_00000830.mp3,vtsouval/mtg_jamendo_autotagging,train,830,"['latin', 'ambient', 'easylistening', 'pop', 'electronic']",['guitar'],"['documentary', 'commercial', 'travel', 'summer']",30
vtsouval_mtg_jamendo_autotagging_00000831,anglo_pop,audio/vtsouval_mtg_jamendo_autotagging_00000831.mp3,vtsouval/mtg_jamendo_autotagging,train,831,"['indie', 'newwave', 'alternativerock', 'rock']",['guitar'],['fun'],30
vtsouval_mtg_jamendo_autotagging_00000832,anglo_pop,audio/vtsouval_mtg_jamendo_autotagging_00000832.mp3,vtsouval/mtg_jamendo_autotagging,train,832,"['soundtrack', 'classical']",['piano'],['film'],30
vtsouval_mtg_jamendo_autotagging_00000833,anglo_pop,audio/vtsouval_mtg_jamendo_autotagging_00000833.mp3,vtsouval/mtg_jamendo_autotagging,train,833,"['improvisation', 'classical']",['piano'],['movie'],30
vtsouval_mtg_jamendo_autotagging_00000834,anglo_pop,audio/vtsouval_mtg_jamendo_autotagging_00000834.mp3,vtsouval/mtg_jamendo_autotagging,train,834,"['soundtrack', 'classical']",['piano'],['melodic'],30
vtsouval_mtg_jamendo_autotagging_00000835,anglo_pop,audio/vtsouval_mtg_jamendo_autotagging_00000835.mp3,vtsouval/mtg_jamendo_autotagging,train,835,"['pop', 'classical']",['piano'],['movie'],30
vtsouval_mtg_jamendo_autotagging_00000836,anglo_pop,audio/vtsouval_mtg_jamendo_autotagging_00000836.mp3,vtsouval/mtg_jamendo_autotagging,train,836,"['pop', 'classical']",['piano'],['movie'],30
vtsouval_mtg_jamendo_autotagging_00000837,anglo_pop,audio/vtsouval_mtg_jamendo_autotagging_00000837.mp3,vtsouval/mtg_jamendo_autotagging,train,837,['classical'],['piano'],"['emotional', 'film']",30
vtsouval_mtg_jamendo_autotagging_00000838,anglo_pop,audio/vtsouval_mtg_jamendo_autotagging_00000838.mp3,vtsouval/mtg_jamendo_autotagging,train,838,"['soundtrack', 'classical']",['piano'],"['mellow', 'movie', 'melodic']",30
vtsouval_mtg_jamendo_autotagging_00000839,anglo_pop,audio/vtsouval_mtg_jamendo_autotagging_00000839.mp3,vtsouval/mtg_jamendo_autotagging,train,839,"['soundtrack', 'classical']",['piano'],['melodic'],30
vtsouval_mtg_jamendo_autotagging_00000840,anglo_pop,audio/vtsouval_mtg_jamendo_autotagging_00000840.mp3,vtsouval/mtg_jamendo_autotagging,train,840,"['soundtrack', 'classical']",['piano'],"['movie', 'film']",30
vtsouval_mtg_jamendo_autotagging_00000841,anglo_pop,audio/vtsouval_mtg_jamendo_autotagging_00000841.mp3,vtsouval/mtg_jamendo_autotagging,train,841,['classical'],['piano'],"['dream', 'nature']",30
vtsouval_mtg_jamendo_autotagging_00000842,anglo_pop,audio/vtsouval_mtg_jamendo_autotagging_00000842.mp3,vtsouval/mtg_jamendo_autotagging,train,842,['soundtrack'],"['piano', 'flute']",['romantic'],30
vtsouval_mtg_jamendo_autotagging_00000843,anglo_pop,audio/vtsouval_mtg_jamendo_autotagging_00000843.mp3,vtsouval/mtg_jamendo_autotagging,train,843,"['folk', 'popfolk', 'easylistening', 'singersongwriter', 'pop']","['piano', 'acousticguitar', 'violin']",['dream'],30
vtsouval_mtg_jamendo_autotagging_00000844,anglo_pop,audio/vtsouval_mtg_jamendo_autotagging_00000844.mp3,vtsouval/mtg_jamendo_autotagging,train,844,"['folk', 'popfolk', 'easylistening', 'singersongwriter', 'pop']","['piano', 'acousticguitar', 'violin']",['dream'],30
vtsouval_mtg_jamendo_autotagging_00000845,anglo_pop,audio/vtsouval_mtg_jamendo_autotagging_00000845.mp3,vtsouval/mtg_jamendo_autotagging,train,845,"['folk', 'popfolk', 'easylistening', 'singersongwriter', 'pop']","['piano', 'acousticguitar', 'violin']",['dream'],30
vtsouval_mtg_jamendo_autotagging_00000846,anglo_pop,audio/vtsouval_mtg_jamendo_autotagging_00000846.mp3,vtsouval/mtg_jamendo_autotagging,train,846,"['folk', 'popfolk', 'easylistening', 'singersongwriter', 'pop']","['piano', 'acousticguitar', 'violin']",['dream'],30
vtsouval_mtg_jamendo_autotagging_00000847,anglo_pop,audio/vtsouval_mtg_jamendo_autotagging_00000847.mp3,vtsouval/mtg_jamendo_autotagging,train,847,['jazz'],['piano'],"['cool', 'slow']",30
vtsouval_mtg_jamendo_autotagging_00000848,anglo_pop,audio/vtsouval_mtg_jamendo_autotagging_00000848.mp3,vtsouval/mtg_jamendo_autotagging,train,848,"['rock', 'alternative']","['drums', 'voice', 'electricguitar', 'bass']",['dark'],30
vtsouval_mtg_jamendo_autotagging_00000849,anglo_pop,audio/vtsouval_mtg_jamendo_autotagging_00000849.mp3,vtsouval/mtg_jamendo_autotagging,train,849,"['indie', 'rock']","['drums', 'voice', 'electricguitar', 'bass']",['party'],30
vtsouval_mtg_jamendo_autotagging_00000850,anglo_pop,audio/vtsouval_mtg_jamendo_autotagging_00000850.mp3,vtsouval/mtg_jamendo_autotagging,train,850,"['indie', 'alternative']","['drums', 'electricguitar', 'acousticbassguitar', 'voice']",['dark'],30
vtsouval_mtg_jamendo_autotagging_00000851,anglo_pop,audio/vtsouval_mtg_jamendo_autotagging_00000851.mp3,vtsouval/mtg_jamendo_autotagging,train,851,"['indie', 'rock']","['drums', 'voice', 'electricguitar', 'bass']",['love'],30
vtsouval_mtg_jamendo_autotagging_00000852,anglo_pop,audio/vtsouval_mtg_jamendo_autotagging_00000852.mp3,vtsouval/mtg_jamendo_autotagging,train,852,"['indie', 'rock']","['drums', 'voice', 'electricguitar', 'bass']",['dark'],30
vtsouval_mtg_jamendo_autotagging_00000853,anglo_pop,audio/vtsouval_mtg_jamendo_autotagging_00000853.mp3,vtsouval/mtg_jamendo_autotagging,train,853,"['groove', 'indie', 'rock']","['drums', 'voice', 'electricguitar', 'bass']","['slow', 'dark']",30
vtsouval_mtg_jamendo_autotagging_00000854,anglo_pop,audio/vtsouval_mtg_jamendo_autotagging_00000854.mp3,vtsouval/mtg_jamendo_autotagging,train,854,"['indie', 'alternative']","['drums', 'voice', 'electricguitar', 'bass']","['sad', 'slow']",30
vtsouval_mtg_jamendo_autotagging_00000855,anglo_pop,audio/vtsouval_mtg_jamendo_autotagging_00000855.mp3,vtsouval/mtg_jamendo_autotagging,train,855,"['rap', 'indie', 'rock']","['drums', 'voice', 'electricguitar', 'bass', 'saxophone']",['sport'],30
vtsouval_mtg_jamendo_autotagging_00000856,anglo_pop,audio/vtsouval_mtg_jamendo_autotagging_00000856.mp3,vtsouval/mtg_jamendo_autotagging,train,856,['metal'],"['drums', 'electricguitar', 'bass']",['heavy'],30
vtsouval_mtg_jamendo_autotagging_00000857,anglo_pop,audio/vtsouval_mtg_jamendo_autotagging_00000857.mp3,vtsouval/mtg_jamendo_autotagging,train,857,"['ambient', 'electronic']",['synthesizer'],"['documentary', 'soft']",30
vtsouval_mtg_jamendo_autotagging_00000858,anglo_pop,audio/vtsouval_mtg_jamendo_autotagging_00000858.mp3,vtsouval/mtg_jamendo_autotagging,train,858,"['easylistening', 'newage', 'ambient']","['piano', 'synthesizer']",['inspiring'],30
vtsouval_mtg_jamendo_autotagging_00000859,anglo_pop,audio/vtsouval_mtg_jamendo_autotagging_00000859.mp3,vtsouval/mtg_jamendo_autotagging,train,859,['metal'],"['drums', 'electricguitar', 'bass']",['heavy'],30
vtsouval_mtg_jamendo_autotagging_00000860,anglo_pop,audio/vtsouval_mtg_jamendo_autotagging_00000860.mp3,vtsouval/mtg_jamendo_autotagging,train,860,['metal'],"['drums', 'electricguitar', 'bass']",['heavy'],30
vtsouval_mtg_jamendo_autotagging_00000861,anglo_pop,audio/vtsouval_mtg_jamendo_autotagging_00000861.mp3,vtsouval/mtg_jamendo_autotagging,train,861,['metal'],"['drums', 'electricguitar', 'bass']",['heavy'],30
vtsouval_mtg_jamendo_autotagging_00000862,anglo_pop,audio/vtsouval_mtg_jamendo_autotagging_00000862.mp3,vtsouval/mtg_jamendo_autotagging,train,862,['metal'],"['drums', 'electricguitar', 'bass']",['heavy'],30
vtsouval_mtg_jamendo_autotagging_00000863,anglo_pop,audio/vtsouval_mtg_jamendo_autotagging_00000863.mp3,vtsouval/mtg_jamendo_autotagging,train,863,"['easylistening', 'dance', 'instrumentalpop', 'ambient']",['violin'],['commercial'],30
vtsouval_mtg_jamendo_autotagging_00000864,anglo_pop,audio/vtsouval_mtg_jamendo_autotagging_00000864.mp3,vtsouval/mtg_jamendo_autotagging,train,864,"['folk', 'popfolk', 'easylistening', 'singersongwriter', 'pop']","['piano', 'acousticguitar', 'violin']",['dream'],30
vtsouval_mtg_jamendo_autotagging_00000865,anglo_pop,audio/vtsouval_mtg_jamendo_autotagging_00000865.mp3,vtsouval/mtg_jamendo_autotagging,train,865,"['orchestral', 'symphonic', 'soundtrack']",['piano'],"['emotional', 'melancholic', 'hopeful']",30
vtsouval_mtg_jamendo_autotagging_00000866,anglo_pop,audio/vtsouval_mtg_jamendo_autotagging_00000866.mp3,vtsouval/mtg_jamendo_autotagging,train,866,"['folk', 'popfolk', 'easylistening', 'singersongwriter', 'pop']","['piano', 'acousticguitar', 'violin']",['dream'],30
vtsouval_mtg_jamendo_autotagging_00000867,anglo_pop,audio/vtsouval_mtg_jamendo_autotagging_00000867.mp3,vtsouval/mtg_jamendo_autotagging,train,867,"['orchestral', 'symphonic', 'soundtrack']",['piano'],"['emotional', 'melancholic']",30
vtsouval_mtg_jamendo_autotagging_00000868,anglo_pop,audio/vtsouval_mtg_jamendo_autotagging_00000868.mp3,vtsouval/mtg_jamendo_autotagging,train,868,"['orchestral', 'symphonic', 'soundtrack']","['brass', 'strings']","['uplifting', 'epic']",30
vtsouval_mtg_jamendo_autotagging_00000869,anglo_pop,audio/vtsouval_mtg_jamendo_autotagging_00000869.mp3,vtsouval/mtg_jamendo_autotagging,train,869,"['folk', 'popfolk', 'easylistening', 'singersongwriter', 'pop']","['piano', 'acousticguitar', 'violin']",['dream'],30
vtsouval_mtg_jamendo_autotagging_00000870,anglo_pop,audio/vtsouval_mtg_jamendo_autotagging_00000870.mp3,vtsouval/mtg_jamendo_autotagging,train,870,"['folk', 'popfolk', 'easylistening', 'singersongwriter', 'pop']","['piano', 'acousticguitar', 'violin']",['dream'],30
vtsouval_mtg_jamendo_autotagging_00000871,anglo_pop,audio/vtsouval_mtg_jamendo_autotagging_00000871.mp3,vtsouval/mtg_jamendo_autotagging,train,871,"['folk', 'popfolk', 'easylistening', 'singersongwriter', 'pop']","['piano', 'acousticguitar', 'violin']",['dream'],30
vtsouval_mtg_jamendo_autotagging_00000872,anglo_pop,audio/vtsouval_mtg_jamendo_autotagging_00000872.mp3,vtsouval/mtg_jamendo_autotagging,train,872,"['folk', 'popfolk', 'easylistening', 'singersongwriter', 'pop']","['piano', 'acousticguitar', 'violin']",['dream'],30
vtsouval_mtg_jamendo_autotagging_00000873,anglo_pop,audio/vtsouval_mtg_jamendo_autotagging_00000873.mp3,vtsouval/mtg_jamendo_autotagging,train,873,"['folk', 'popfolk', 'easylistening', 'singersongwriter', 'pop']","['piano', 'acousticguitar', 'violin']",['dream'],30
vtsouval_mtg_jamendo_autotagging_00000874,anglo_pop,audio/vtsouval_mtg_jamendo_autotagging_00000874.mp3,vtsouval/mtg_jamendo_autotagging,train,874,"['folk', 'popfolk', 'easylistening', 'singersongwriter', 'pop']","['piano', 'acousticguitar', 'violin']",['dream'],30
vtsouval_mtg_jamendo_autotagging_00000875,anglo_pop,audio/vtsouval_mtg_jamendo_autotagging_00000875.mp3,vtsouval/mtg_jamendo_autotagging,train,875,['metal'],"['drums', 'electricguitar', 'bass']",['heavy'],30
vtsouval_mtg_jamendo_autotagging_00000876,anglo_pop,audio/vtsouval_mtg_jamendo_autotagging_00000876.mp3,vtsouval/mtg_jamendo_autotagging,train,876,"['pop', 'singersongwriter', 'popfolk']",['acousticguitar'],['emotional'],30
vtsouval_mtg_jamendo_autotagging_00000877,anglo_pop,audio/vtsouval_mtg_jamendo_autotagging_00000877.mp3,vtsouval/mtg_jamendo_autotagging,train,877,"['pop', 'singersongwriter', 'popfolk']",['acousticguitar'],"['emotional', 'love']",30
vtsouval_mtg_jamendo_autotagging_00000878,anglo_pop,audio/vtsouval_mtg_jamendo_autotagging_00000878.mp3,vtsouval/mtg_jamendo_autotagging,train,878,"['pop', 'singersongwriter', 'popfolk']",['acousticguitar'],"['emotional', 'love']",30
vtsouval_mtg_jamendo_autotagging_00000879,anglo_pop,audio/vtsouval_mtg_jamendo_autotagging_00000879.mp3,vtsouval/mtg_jamendo_autotagging,train,879,"['pop', 'singersongwriter', 'popfolk']",['acousticguitar'],['adventure'],30
vtsouval_mtg_jamendo_autotagging_00000880,anglo_pop,audio/vtsouval_mtg_jamendo_autotagging_00000880.mp3,vtsouval/mtg_jamendo_autotagging,train,880,"['pop', 'singersongwriter', 'popfolk']",['acousticguitar'],"['emotional', 'love']",30
vtsouval_mtg_jamendo_autotagging_00000881,anglo_pop,audio/vtsouval_mtg_jamendo_autotagging_00000881.mp3,vtsouval/mtg_jamendo_autotagging,train,881,"['orchestral', 'symphonic', 'soundtrack']",['piano'],"['inspiring', 'adventure']",30
vtsouval_mtg_jamendo_autotagging_00000882,anglo_pop,audio/vtsouval_mtg_jamendo_autotagging_00000882.mp3,vtsouval/mtg_jamendo_autotagging,train,882,"['orchestral', 'symphonic', 'soundtrack']",['flute'],"['emotional', 'dramatic', 'powerful', 'epic']",30
vtsouval_mtg_jamendo_autotagging_00000883,anglo_pop,audio/vtsouval_mtg_jamendo_autotagging_00000883.mp3,vtsouval/mtg_jamendo_autotagging,train,883,"['orchestral', 'symphonic', 'soundtrack']","['piano', 'flute']",['inspiring'],30
vtsouval_mtg_jamendo_autotagging_00000884,anglo_pop,audio/vtsouval_mtg_jamendo_autotagging_00000884.mp3,vtsouval/mtg_jamendo_autotagging,train,884,"['swing', 'jazz']",['doublebass'],['retro'],30
vtsouval_mtg_jamendo_autotagging_00000885,anglo_pop,audio/vtsouval_mtg_jamendo_autotagging_00000885.mp3,vtsouval/mtg_jamendo_autotagging,train,885,"['pop', 'rock', 'electronic']","['drums', 'synthesizer', 'piano', 'acousticguitar', 'bass']",['commercial'],30
vtsouval_mtg_jamendo_autotagging_00000886,anglo_pop,audio/vtsouval_mtg_jamendo_autotagging_00000886.mp3,vtsouval/mtg_jamendo_autotagging,train,886,"['pop', 'rock', 'electronic']","['drums', 'acousticguitar', 'bass', 'synthesizer']",['commercial'],30
vtsouval_mtg_jamendo_autotagging_00000887,anglo_pop,audio/vtsouval_mtg_jamendo_autotagging_00000887.mp3,vtsouval/mtg_jamendo_autotagging,train,887,"['pop', 'electronic', 'alternative', 'industrial']","['drums', 'synthesizer', 'bass', 'piano']",['sport'],30
vtsouval_mtg_jamendo_autotagging_00000888,anglo_pop,audio/vtsouval_mtg_jamendo_autotagging_00000888.mp3,vtsouval/mtg_jamendo_autotagging,train,888,"['folk', 'pop', 'rock', 'electronic']","['drums', 'synthesizer', 'acousticguitar', 'electricguitar', 'bass']",['commercial'],30
vtsouval_mtg_jamendo_autotagging_00000889,anglo_pop,audio/vtsouval_mtg_jamendo_autotagging_00000889.mp3,vtsouval/mtg_jamendo_autotagging,train,889,['metal'],"['drums', 'electricguitar', 'bass']",['heavy'],30
vtsouval_mtg_jamendo_autotagging_00000890,anglo_pop,audio/vtsouval_mtg_jamendo_autotagging_00000890.mp3,vtsouval/mtg_jamendo_autotagging,train,890,"['newage', 'lounge', 'ambient', 'soundtrack', 'electronic']",['synthesizer'],['space'],30
vtsouval_mtg_jamendo_autotagging_00000891,anglo_pop,audio/vtsouval_mtg_jamendo_autotagging_00000891.mp3,vtsouval/mtg_jamendo_autotagging,train,891,"['newage', 'lounge', 'ambient', 'soundtrack', 'electronic']",['synthesizer'],['space'],30
vtsouval_mtg_jamendo_autotagging_00000892,anglo_pop,audio/vtsouval_mtg_jamendo_autotagging_00000892.mp3,vtsouval/mtg_jamendo_autotagging,train,892,"['soundtrack', 'classical', 'contemporary']","['piano', 'computer', 'violin']",['calm'],30
vtsouval_mtg_jamendo_autotagging_00000893,anglo_pop,audio/vtsouval_mtg_jamendo_autotagging_00000893.mp3,vtsouval/mtg_jamendo_autotagging,train,893,"['downtempo', 'electronic']",['strings'],['melancholic'],30
vtsouval_mtg_jamendo_autotagging_00000894,anglo_pop,audio/vtsouval_mtg_jamendo_autotagging_00000894.mp3,vtsouval/mtg_jamendo_autotagging,train,894,"['darkwave', 'downtempo', 'electronic']",['piano'],['melancholic'],30
vtsouval_mtg_jamendo_autotagging_00000895,anglo_pop,audio/vtsouval_mtg_jamendo_autotagging_00000895.mp3,vtsouval/mtg_jamendo_autotagging,train,895,['soundtrack'],['piano'],['film'],30
vtsouval_mtg_jamendo_autotagging_00000896,anglo_pop,audio/vtsouval_mtg_jamendo_autotagging_00000896.mp3,vtsouval/mtg_jamendo_autotagging,train,896,"['soundtrack', 'pop', 'instrumentalpop']","['drums', 'guitar', 'electricguitar', 'piano']",['emotional'],30
vtsouval_mtg_jamendo_autotagging_00000897,anglo_pop,audio/vtsouval_mtg_jamendo_autotagging_00000897.mp3,vtsouval/mtg_jamendo_autotagging,train,897,['metal'],"['drums', 'electricguitar', 'bass']",['heavy'],30
vtsouval_mtg_jamendo_autotagging_00000898,anglo_pop,audio/vtsouval_mtg_jamendo_autotagging_00000898.mp3,vtsouval/mtg_jamendo_autotagging,train,898,"['ambient', 'electronic']",['flute'],['deep'],30
vtsouval_mtg_jamendo_autotagging_00000899,anglo_pop,audio/vtsouval_mtg_jamendo_autotagging_00000899.mp3,vtsouval/mtg_jamendo_autotagging,train,899,"['triphop', 'easylistening']",['violin'],['movie'],30
vtsouval_mtg_jamendo_autotagging_00000900,anglo_pop,audio/vtsouval_mtg_jamendo_autotagging_00000900.mp3,vtsouval/mtg_jamendo_autotagging,train,900,"['soundtrack', 'easylistening', 'ambient']",['piano'],['dream'],30
vtsouval_mtg_jamendo_autotagging_00000901,anglo_pop,audio/vtsouval_mtg_jamendo_autotagging_00000901.mp3,vtsouval/mtg_jamendo_autotagging,train,901,"['easylistening', 'chillout', 'electronic']",['piano'],"['calm', 'summer', 'dream']",30
vtsouval_mtg_jamendo_autotagging_00000902,anglo_pop,audio/vtsouval_mtg_jamendo_autotagging_00000902.mp3,vtsouval/mtg_jamendo_autotagging,train,902,"['ambient', 'electronic', 'atmospheric']",['piano'],"['dream', 'deep']",30
vtsouval_mtg_jamendo_autotagging_00000903,anglo_pop,audio/vtsouval_mtg_jamendo_autotagging_00000903.mp3,vtsouval/mtg_jamendo_autotagging,train,903,"['soundtrack', 'electronic']","['synthesizer', 'cello']",['horror'],30
vtsouval_mtg_jamendo_autotagging_00000904,anglo_pop,audio/vtsouval_mtg_jamendo_autotagging_00000904.mp3,vtsouval/mtg_jamendo_autotagging,train,904,"['chillout', 'jazz']",['piano'],"['ballad', 'cool']",30
vtsouval_mtg_jamendo_autotagging_00000905,anglo_pop,audio/vtsouval_mtg_jamendo_autotagging_00000905.mp3,vtsouval/mtg_jamendo_autotagging,train,905,"['blues', 'swing']","['piano', 'harmonica']",['cool'],30
vtsouval_mtg_jamendo_autotagging_00000906,anglo_pop,audio/vtsouval_mtg_jamendo_autotagging_00000906.mp3,vtsouval/mtg_jamendo_autotagging,train,906,"['chillout', 'classical', 'jazz']",['piano'],"['ballad', 'cool']",30
vtsouval_mtg_jamendo_autotagging_00000907,anglo_pop,audio/vtsouval_mtg_jamendo_autotagging_00000907.mp3,vtsouval/mtg_jamendo_autotagging,train,907,"['darkwave', 'ambient', 'easylistening', 'electronic', 'atmospheric']","['piano', 'strings', 'electricpiano', 'pad']",['meditative'],30
vtsouval_mtg_jamendo_autotagging_00000908,anglo_pop,audio/vtsouval_mtg_jamendo_autotagging_00000908.mp3,vtsouval/mtg_jamendo_autotagging,train,908,"['darkwave', 'ambient', 'easylistening', 'electronic', 'atmospheric']","['drums', 'electricpiano', 'oboe', 'piano', 'bass', 'pad']",['meditative'],30
vtsouval_mtg_jamendo_autotagging_00000909,anglo_pop,audio/vtsouval_mtg_jamendo_autotagging_00000909.mp3,vtsouval/mtg_jamendo_autotagging,train,909,['soundtrack'],['piano'],"['documentary', 'melancholic']",30
vtsouval_mtg_jamendo_autotagging_00000910,anglo_pop,audio/vtsouval_mtg_jamendo_autotagging_00000910.mp3,vtsouval/mtg_jamendo_autotagging,train,910,"['synthpop', 'rock', 'electronic']",['synthesizer'],['dream'],30
vtsouval_mtg_jamendo_autotagging_00000911,anglo_pop,audio/vtsouval_mtg_jamendo_autotagging_00000911.mp3,vtsouval/mtg_jamendo_autotagging,train,911,"['easylistening', 'instrumentalpop', 'ambient']",['acousticguitar'],['melodic'],30
vtsouval_mtg_jamendo_autotagging_00000912,anglo_pop,audio/vtsouval_mtg_jamendo_autotagging_00000912.mp3,vtsouval/mtg_jamendo_autotagging,train,912,['synthpop'],['synthesizer'],['dream'],30
vtsouval_mtg_jamendo_autotagging_00000913,anglo_pop,audio/vtsouval_mtg_jamendo_autotagging_00000913.mp3,vtsouval/mtg_jamendo_autotagging,train,913,"['newage', 'ambient', 'electronic']","['synthesizer', 'drummachine', 'violin']","['uplifting', 'advertising', 'space']",30
vtsouval_mtg_jamendo_autotagging_00000914,anglo_pop,audio/vtsouval_mtg_jamendo_autotagging_00000914.mp3,vtsouval/mtg_jamendo_autotagging,train,914,"['newage', 'ambient', 'electronic']","['synthesizer', 'drummachine']",['space'],30
vtsouval_mtg_jamendo_autotagging_00000915,anglo_pop,audio/vtsouval_mtg_jamendo_autotagging_00000915.mp3,vtsouval/mtg_jamendo_autotagging,train,915,"['pop', 'singersongwriter', 'chillout']",['keyboard'],['children'],30
vtsouval_mtg_jamendo_autotagging_00000916,anglo_pop,audio/vtsouval_mtg_jamendo_autotagging_00000916.mp3,vtsouval/mtg_jamendo_autotagging,train,916,"['blues', 'singersongwriter', 'jazz']",['piano'],['love'],30
vtsouval_mtg_jamendo_autotagging_00000917,anglo_pop,audio/vtsouval_mtg_jamendo_autotagging_00000917.mp3,vtsouval/mtg_jamendo_autotagging,train,917,['electronic'],"['synthesizer', 'keyboard']",['space'],30
vtsouval_mtg_jamendo_autotagging_00000918,anglo_pop,audio/vtsouval_mtg_jamendo_autotagging_00000918.mp3,vtsouval/mtg_jamendo_autotagging,train,918,"['soundtrack', 'pop', 'electronic']","['drums', 'guitar']",['slow'],30
vtsouval_mtg_jamendo_autotagging_00000919,anglo_pop,audio/vtsouval_mtg_jamendo_autotagging_00000919.mp3,vtsouval/mtg_jamendo_autotagging,train,919,"['blues', 'jazz', 'experimental']","['piano', 'guitar']",['happy'],30
vtsouval_mtg_jamendo_autotagging_00000920,anglo_pop,audio/vtsouval_mtg_jamendo_autotagging_00000920.mp3,vtsouval/mtg_jamendo_autotagging,train,920,"['hiphop', 'rap']","['piano', 'beat', 'drummachine', 'sampler']",['film'],30
vtsouval_mtg_jamendo_autotagging_00000921,anglo_pop,audio/vtsouval_mtg_jamendo_autotagging_00000921.mp3,vtsouval/mtg_jamendo_autotagging,train,921,"['hiphop', 'rap']","['piano', 'beat', 'drummachine', 'sampler']",['film'],30
vtsouval_mtg_jamendo_autotagging_00000922,anglo_pop,audio/vtsouval_mtg_jamendo_autotagging_00000922.mp3,vtsouval/mtg_jamendo_autotagging,train,922,"['hiphop', 'rap']","['piano', 'beat', 'drummachine', 'sampler']",['film'],30
vtsouval_mtg_jamendo_autotagging_00000923,anglo_pop,audio/vtsouval_mtg_jamendo_autotagging_00000923.mp3,vtsouval/mtg_jamendo_autotagging,train,923,"['hiphop', 'rap']","['piano', 'beat', 'drummachine', 'sampler']",['film'],30
vtsouval_mtg_jamendo_autotagging_00000924,anglo_pop,audio/vtsouval_mtg_jamendo_autotagging_00000924.mp3,vtsouval/mtg_jamendo_autotagging,train,924,"['hiphop', 'rap']","['piano', 'beat', 'drummachine', 'sampler']",['film'],30
vtsouval_mtg_jamendo_autotagging_00000925,anglo_pop,audio/vtsouval_mtg_jamendo_autotagging_00000925.mp3,vtsouval/mtg_jamendo_autotagging,train,925,"['hiphop', 'rap']","['piano', 'beat', 'drummachine', 'sampler']",['film'],30
vtsouval_mtg_jamendo_autotagging_00000926,anglo_pop,audio/vtsouval_mtg_jamendo_autotagging_00000926.mp3,vtsouval/mtg_jamendo_autotagging,train,926,"['hiphop', 'rap']","['piano', 'beat', 'drummachine', 'sampler']",['film'],30
vtsouval_mtg_jamendo_autotagging_00000927,anglo_pop,audio/vtsouval_mtg_jamendo_autotagging_00000927.mp3,vtsouval/mtg_jamendo_autotagging,train,927,"['hiphop', 'rap']","['piano', 'beat', 'drummachine', 'sampler']",['film'],30
vtsouval_mtg_jamendo_autotagging_00000928,anglo_pop,audio/vtsouval_mtg_jamendo_autotagging_00000928.mp3,vtsouval/mtg_jamendo_autotagging,train,928,"['hiphop', 'rap']","['piano', 'beat', 'drummachine', 'sampler']",['film'],30
vtsouval_mtg_jamendo_autotagging_00000929,anglo_pop,audio/vtsouval_mtg_jamendo_autotagging_00000929.mp3,vtsouval/mtg_jamendo_autotagging,train,929,"['hiphop', 'rap']","['piano', 'beat', 'drummachine', 'sampler']",['film'],30
vtsouval_mtg_jamendo_autotagging_00000930,anglo_pop,audio/vtsouval_mtg_jamendo_autotagging_00000930.mp3,vtsouval/mtg_jamendo_autotagging,train,930,"['hiphop', 'rap']","['piano', 'beat', 'drummachine', 'sampler']",['film'],30
vtsouval_mtg_jamendo_autotagging_00000931,anglo_pop,audio/vtsouval_mtg_jamendo_autotagging_00000931.mp3,vtsouval/mtg_jamendo_autotagging,train,931,"['hiphop', 'rap']","['piano', 'beat', 'drummachine', 'sampler']",['film'],30
vtsouval_mtg_jamendo_autotagging_00000932,anglo_pop,audio/vtsouval_mtg_jamendo_autotagging_00000932.mp3,vtsouval/mtg_jamendo_autotagging,train,932,"['hiphop', 'rap']","['piano', 'beat', 'drummachine', 'sampler']",['film'],30
vtsouval_mtg_jamendo_autotagging_00000933,anglo_pop,audio/vtsouval_mtg_jamendo_autotagging_00000933.mp3,vtsouval/mtg_jamendo_autotagging,train,933,"['soundtrack', 'ambient', 'electronic']","['acousticguitar', 'electricguitar', 'synthesizer']",['relaxing'],30
vtsouval_mtg_jamendo_autotagging_00000934,anglo_pop,audio/vtsouval_mtg_jamendo_autotagging_00000934.mp3,vtsouval/mtg_jamendo_autotagging,train,934,"['soundtrack', 'ambient', 'electronic']","['acousticguitar', 'electricguitar', 'synthesizer']",['relaxing'],30
vtsouval_mtg_jamendo_autotagging_00000935,anglo_pop,audio/vtsouval_mtg_jamendo_autotagging_00000935.mp3,vtsouval/mtg_jamendo_autotagging,train,935,"['soundtrack', 'ambient', 'electronic']","['acousticguitar', 'electricguitar', 'synthesizer']",['relaxing'],30
vtsouval_mtg_jamendo_autotagging_00000936,anglo_pop,audio/vtsouval_mtg_jamendo_autotagging_00000936.mp3,vtsouval/mtg_jamendo_autotagging,train,936,"['soundtrack', 'ambient', 'electronic']","['acousticguitar', 'electricguitar', 'synthesizer']",['relaxing'],30
vtsouval_mtg_jamendo_autotagging_00000937,anglo_pop,audio/vtsouval_mtg_jamendo_autotagging_00000937.mp3,vtsouval/mtg_jamendo_autotagging,train,937,"['soundtrack', 'ambient', 'electronic']","['acousticguitar', 'electricguitar', 'synthesizer']",['relaxing'],30
vtsouval_mtg_jamendo_autotagging_00000938,anglo_pop,audio/vtsouval_mtg_jamendo_autotagging_00000938.mp3,vtsouval/mtg_jamendo_autotagging,train,938,"['soundtrack', 'ambient', 'electronic']","['acousticguitar', 'electricguitar', 'synthesizer']",['relaxing'],30
vtsouval_mtg_jamendo_autotagging_00000939,anglo_pop,audio/vtsouval_mtg_jamendo_autotagging_00000939.mp3,vtsouval/mtg_jamendo_autotagging,train,939,"['soundtrack', 'ambient', 'electronic']","['acousticguitar', 'electricguitar', 'synthesizer']",['relaxing'],30
vtsouval_mtg_jamendo_autotagging_00000940,anglo_pop,audio/vtsouval_mtg_jamendo_autotagging_00000940.mp3,vtsouval/mtg_jamendo_autotagging,train,940,"['soundtrack', 'ambient', 'electronic']","['acousticguitar', 'electricguitar', 'synthesizer']",['relaxing'],30
vtsouval_mtg_jamendo_autotagging_00000941,anglo_pop,audio/vtsouval_mtg_jamendo_autotagging_00000941.mp3,vtsouval/mtg_jamendo_autotagging,train,941,"['soundtrack', 'ambient', 'electronic']","['acousticguitar', 'electricguitar', 'synthesizer']",['relaxing'],30
vtsouval_mtg_jamendo_autotagging_00000942,anglo_pop,audio/vtsouval_mtg_jamendo_autotagging_00000942.mp3,vtsouval/mtg_jamendo_autotagging,train,942,"['electronic', 'lounge', 'alternative']",['harp'],['ambiental'],30
vtsouval_mtg_jamendo_autotagging_00000943,anglo_pop,audio/vtsouval_mtg_jamendo_autotagging_00000943.mp3,vtsouval/mtg_jamendo_autotagging,train,943,"['jazz', 'pop', 'funk']",['bass'],"['happy', 'positive', 'groovy']",30
vtsouval_mtg_jamendo_autotagging_00000944,anglo_pop,audio/vtsouval_mtg_jamendo_autotagging_00000944.mp3,vtsouval/mtg_jamendo_autotagging,train,944,"['soundtrack', 'rock', 'instrumentalrock', 'atmospheric']",['electricguitar'],"['dream', 'romantic', 'melancholic', 'love']",30
vtsouval_mtg_jamendo_autotagging_00000945,anglo_pop,audio/vtsouval_mtg_jamendo_autotagging_00000945.mp3,vtsouval/mtg_jamendo_autotagging,train,945,"['heavymetal', 'metal', 'rock', 'instrumentalrock']","['guitar', 'electricguitar']",['powerful'],30
vtsouval_mtg_jamendo_autotagging_00000946,anglo_pop,audio/vtsouval_mtg_jamendo_autotagging_00000946.mp3,vtsouval/mtg_jamendo_autotagging,train,946,"['metal', 'classicrock', 'instrumentalrock', 'rock']",['electricguitar'],"['emotional', 'dramatic', 'powerful', 'dark']",30
vtsouval_mtg_jamendo_autotagging_00000947,anglo_pop,audio/vtsouval_mtg_jamendo_autotagging_00000947.mp3,vtsouval/mtg_jamendo_autotagging,train,947,"['metal', 'classicrock', 'instrumentalrock', 'rock']","['guitar', 'electricguitar']","['emotional', 'inspiring', 'hopeful', 'powerful']",30
vtsouval_mtg_jamendo_autotagging_00000948,anglo_pop,audio/vtsouval_mtg_jamendo_autotagging_00000948.mp3,vtsouval/mtg_jamendo_autotagging,train,948,"['instrumentalrock', 'easylistening', 'postrock', 'chillout']",['electricguitar'],"['emotional', 'uplifting', 'soft', 'inspiring']",30
vtsouval_mtg_jamendo_autotagging_00000949,anglo_pop,audio/vtsouval_mtg_jamendo_autotagging_00000949.mp3,vtsouval/mtg_jamendo_autotagging,train,949,['electronic'],"['synthesizer', 'computer', 'drummachine']",['game'],30
vtsouval_mtg_jamendo_autotagging_00000950,anglo_pop,audio/vtsouval_mtg_jamendo_autotagging_00000950.mp3,vtsouval/mtg_jamendo_autotagging,train,950,"['easylistening', 'classical']",['piano'],"['inspiring', 'hopeful']",30
vtsouval_mtg_jamendo_autotagging_00000951,anglo_pop,audio/vtsouval_mtg_jamendo_autotagging_00000951.mp3,vtsouval/mtg_jamendo_autotagging,train,951,"['easylistening', 'classical']",['piano'],['sad'],30
vtsouval_mtg_jamendo_autotagging_00000952,anglo_pop,audio/vtsouval_mtg_jamendo_autotagging_00000952.mp3,vtsouval/mtg_jamendo_autotagging,train,952,"['soundtrack', 'electronic', 'ambient', 'classical']",['keyboard'],['film'],30
vtsouval_mtg_jamendo_autotagging_00000953,anglo_pop,audio/vtsouval_mtg_jamendo_autotagging_00000953.mp3,vtsouval/mtg_jamendo_autotagging,train,953,"['newage', 'pop', 'classical']",['piano'],['melodic'],30
vtsouval_mtg_jamendo_autotagging_00000954,anglo_pop,audio/vtsouval_mtg_jamendo_autotagging_00000954.mp3,vtsouval/mtg_jamendo_autotagging,train,954,"['newage', 'pop', 'classical']",['piano'],"['emotional', 'melodic']",30
vtsouval_mtg_jamendo_autotagging_00000955,anglo_pop,audio/vtsouval_mtg_jamendo_autotagging_00000955.mp3,vtsouval/mtg_jamendo_autotagging,train,955,"['classical', 'contemporary']",['guitar'],"['romantic', 'love']",30
vtsouval_mtg_jamendo_autotagging_00000956,anglo_pop,audio/vtsouval_mtg_jamendo_autotagging_00000956.mp3,vtsouval/mtg_jamendo_autotagging,train,956,"['classical', 'contemporary']",['guitar'],"['romantic', 'love']",30
vtsouval_mtg_jamendo_autotagging_00000957,anglo_pop,audio/vtsouval_mtg_jamendo_autotagging_00000957.mp3,vtsouval/mtg_jamendo_autotagging,train,957,"['rock', '70s', 'poprock']","['piano', 'electricguitar', 'bass']",['emotional'],30
vtsouval_mtg_jamendo_autotagging_00000958,anglo_pop,audio/vtsouval_mtg_jamendo_autotagging_00000958.mp3,vtsouval/mtg_jamendo_autotagging,train,958,"['easylistening', 'electronic']",['synthesizer'],"['inspiring', 'mellow']",30
vtsouval_mtg_jamendo_autotagging_00000959,anglo_pop,audio/vtsouval_mtg_jamendo_autotagging_00000959.mp3,vtsouval/mtg_jamendo_autotagging,train,959,"['soundtrack', 'ambient', 'alternative', 'experimental']","['trumpet', 'viola', 'violin', 'piano', 'bass', 'trombone', 'cello']","['film', 'soundscape']",30
vtsouval_mtg_jamendo_autotagging_00000960,anglo_pop,audio/vtsouval_mtg_jamendo_autotagging_00000960.mp3,vtsouval/mtg_jamendo_autotagging,train,960,"['soundtrack', 'ambient']","['trumpet', 'viola', 'violin', 'piano', 'bass', 'trombone', 'cello']","['film', 'soundscape']",30
vtsouval_mtg_jamendo_autotagging_00000961,anglo_pop,audio/vtsouval_mtg_jamendo_autotagging_00000961.mp3,vtsouval/mtg_jamendo_autotagging,train,961,"['soundtrack', 'ambient']","['horn', 'violin', 'bass', 'clarinet', 'trumpet', 'viola', 'bell', 'trombone', 'cello']","['movie', 'film']",30
vtsouval_mtg_jamendo_autotagging_00000962,anglo_pop,audio/vtsouval_mtg_jamendo_autotagging_00000962.mp3,vtsouval/mtg_jamendo_autotagging,train,962,"['soundtrack', 'ambient']","['trumpet', 'viola', 'violin', 'piano', 'bass', 'trombone', 'cello']","['film', 'soundscape']",30
vtsouval_mtg_jamendo_autotagging_00000963,anglo_pop,audio/vtsouval_mtg_jamendo_autotagging_00000963.mp3,vtsouval/mtg_jamendo_autotagging,train,963,"['soundtrack', 'ambient']","['trumpet', 'viola', 'violin', 'piano', 'bass', 'trombone', 'cello']","['film', 'soundscape']",30
vtsouval_mtg_jamendo_autotagging_00000964,anglo_pop,audio/vtsouval_mtg_jamendo_autotagging_00000964.mp3,vtsouval/mtg_jamendo_autotagging,train,964,"['soundtrack', 'ambient']","['trumpet', 'viola', 'violin', 'piano', 'bass', 'trombone', 'cello']","['film', 'soundscape']",30
vtsouval_mtg_jamendo_autotagging_00000965,anglo_pop,audio/vtsouval_mtg_jamendo_autotagging_00000965.mp3,vtsouval/mtg_jamendo_autotagging,train,965,"['soundtrack', 'ambient']","['trumpet', 'viola', 'violin', 'piano', 'bass', 'trombone', 'cello']","['film', 'soundscape']",30
vtsouval_mtg_jamendo_autotagging_00000966,anglo_pop,audio/vtsouval_mtg_jamendo_autotagging_00000966.mp3,vtsouval/mtg_jamendo_autotagging,train,966,"['soundtrack', 'easylistening', 'pop', 'ambient']","['drums', 'computer', 'viola', 'violin', 'piano', 'bass', 'cello']",['film'],30
vtsouval_mtg_jamendo_autotagging_00000967,anglo_pop,audio/vtsouval_mtg_jamendo_autotagging_00000967.mp3,vtsouval/mtg_jamendo_autotagging,train,967,"['soundtrack', 'ambient']","['trumpet', 'viola', 'violin', 'piano', 'bass', 'trombone', 'cello']","['film', 'soundscape']",30
vtsouval_mtg_jamendo_autotagging_00000968,anglo_pop,audio/vtsouval_mtg_jamendo_autotagging_00000968.mp3,vtsouval/mtg_jamendo_autotagging,train,968,"['pop', 'singersongwriter']",['piano'],"['dramatic', 'romantic', 'ballad']",30
vtsouval_mtg_jamendo_autotagging_00000969,anglo_pop,audio/vtsouval_mtg_jamendo_autotagging_00000969.mp3,vtsouval/mtg_jamendo_autotagging,train,969,"['pop', 'alternative']",['piano'],"['emotional', 'ballad']",30
vtsouval_mtg_jamendo_autotagging_00000970,anglo_pop,audio/vtsouval_mtg_jamendo_autotagging_00000970.mp3,vtsouval/mtg_jamendo_autotagging,train,970,"['pop', 'singersongwriter']",['piano'],"['ballad', 'hopeful', 'motivational']",30
vtsouval_mtg_jamendo_autotagging_00000971,anglo_pop,audio/vtsouval_mtg_jamendo_autotagging_00000971.mp3,vtsouval/mtg_jamendo_autotagging,train,971,"['pop', 'singersongwriter']",['piano'],"['dramatic', 'ballad']",30
vtsouval_mtg_jamendo_autotagging_00000972,anglo_pop,audio/vtsouval_mtg_jamendo_autotagging_00000972.mp3,vtsouval/mtg_jamendo_autotagging,train,972,"['pop', 'singersongwriter']",['piano'],"['emotional', 'ballad']",30
vtsouval_mtg_jamendo_autotagging_00000973,anglo_pop,audio/vtsouval_mtg_jamendo_autotagging_00000973.mp3,vtsouval/mtg_jamendo_autotagging,train,973,"['pop', 'singersongwriter']",['piano'],"['romantic', 'melancholic', 'ballad']",30
vtsouval_mtg_jamendo_autotagging_00000974,anglo_pop,audio/vtsouval_mtg_jamendo_autotagging_00000974.mp3,vtsouval/mtg_jamendo_autotagging,train,974,"['pop', 'singersongwriter']",['piano'],['melancholic'],30
vtsouval_mtg_jamendo_autotagging_00000975,anglo_pop,audio/vtsouval_mtg_jamendo_autotagging_00000975.mp3,vtsouval/mtg_jamendo_autotagging,train,975,"['pop', 'singersongwriter']",['piano'],['melancholic'],30
vtsouval_mtg_jamendo_autotagging_00000976,anglo_pop,audio/vtsouval_mtg_jamendo_autotagging_00000976.mp3,vtsouval/mtg_jamendo_autotagging,train,976,"['pop', 'singersongwriter']",['piano'],"['powerful', 'ballad']",30
vtsouval_mtg_jamendo_autotagging_00000977,anglo_pop,audio/vtsouval_mtg_jamendo_autotagging_00000977.mp3,vtsouval/mtg_jamendo_autotagging,train,977,"['soundtrack', 'rock', 'electronic']","['piano', 'synthesizer', 'accordion', 'drummachine']","['horror', 'drama']",30
vtsouval_mtg_jamendo_autotagging_00000978,anglo_pop,audio/vtsouval_mtg_jamendo_autotagging_00000978.mp3,vtsouval/mtg_jamendo_autotagging,train,978,"['lounge', 'jazz']",['guitar'],"['positive', 'happy']",30
vtsouval_mtg_jamendo_autotagging_00000979,anglo_pop,audio/vtsouval_mtg_jamendo_autotagging_00000979.mp3,vtsouval/mtg_jamendo_autotagging,train,979,['electronic'],['piano'],['film'],30
vtsouval_mtg_jamendo_autotagging_00000980,anglo_pop,audio/vtsouval_mtg_jamendo_autotagging_00000980.mp3,vtsouval/mtg_jamendo_autotagging,train,980,['electronic'],['piano'],['film'],30
vtsouval_mtg_jamendo_autotagging_00000981,anglo_pop,audio/vtsouval_mtg_jamendo_autotagging_00000981.mp3,vtsouval/mtg_jamendo_autotagging,train,981,['electronic'],['piano'],['film'],30
vtsouval_mtg_jamendo_autotagging_00000982,anglo_pop,audio/vtsouval_mtg_jamendo_autotagging_00000982.mp3,vtsouval/mtg_jamendo_autotagging,train,982,['electronic'],['piano'],['film'],30
vtsouval_mtg_jamendo_autotagging_00000983,anglo_pop,audio/vtsouval_mtg_jamendo_autotagging_00000983.mp3,vtsouval/mtg_jamendo_autotagging,train,983,['electronic'],['piano'],['film'],30
vtsouval_mtg_jamendo_autotagging_00000984,anglo_pop,audio/vtsouval_mtg_jamendo_autotagging_00000984.mp3,vtsouval/mtg_jamendo_autotagging,train,984,['electronic'],['piano'],['film'],30
vtsouval_mtg_jamendo_autotagging_00000985,anglo_pop,audio/vtsouval_mtg_jamendo_autotagging_00000985.mp3,vtsouval/mtg_jamendo_autotagging,train,985,['electronic'],['piano'],['film'],30
vtsouval_mtg_jamendo_autotagging_00000986,anglo_pop,audio/vtsouval_mtg_jamendo_autotagging_00000986.mp3,vtsouval/mtg_jamendo_autotagging,train,986,['electronic'],['piano'],['film'],30
vtsouval_mtg_jamendo_autotagging_00000987,anglo_pop,audio/vtsouval_mtg_jamendo_autotagging_00000987.mp3,vtsouval/mtg_jamendo_autotagging,train,987,['electronic'],['piano'],['film'],30
vtsouval_mtg_jamendo_autotagging_00000988,anglo_pop,audio/vtsouval_mtg_jamendo_autotagging_00000988.mp3,vtsouval/mtg_jamendo_autotagging,train,988,['electronic'],['piano'],['film'],30
vtsouval_mtg_jamendo_autotagging_00000989,anglo_pop,audio/vtsouval_mtg_jamendo_autotagging_00000989.mp3,vtsouval/mtg_jamendo_autotagging,train,989,['electronic'],['piano'],['film'],30
vtsouval_mtg_jamendo_autotagging_00000990,anglo_pop,audio/vtsouval_mtg_jamendo_autotagging_00000990.mp3,vtsouval/mtg_jamendo_autotagging,train,990,['electronic'],['piano'],['film'],30
vtsouval_mtg_jamendo_autotagging_00000991,anglo_pop,audio/vtsouval_mtg_jamendo_autotagging_00000991.mp3,vtsouval/mtg_jamendo_autotagging,train,991,['electronic'],['piano'],['film'],30
vtsouval_mtg_jamendo_autotagging_00000992,anglo_pop,audio/vtsouval_mtg_jamendo_autotagging_00000992.mp3,vtsouval/mtg_jamendo_autotagging,train,992,['electronic'],['piano'],['film'],30
vtsouval_mtg_jamendo_autotagging_00000993,anglo_pop,audio/vtsouval_mtg_jamendo_autotagging_00000993.mp3,vtsouval/mtg_jamendo_autotagging,train,993,['electronic'],['piano'],['film'],30
vtsouval_mtg_jamendo_autotagging_00000994,anglo_pop,audio/vtsouval_mtg_jamendo_autotagging_00000994.mp3,vtsouval/mtg_jamendo_autotagging,train,994,['electronic'],['piano'],['film'],30
vtsouval_mtg_jamendo_autotagging_00000995,anglo_pop,audio/vtsouval_mtg_jamendo_autotagging_00000995.mp3,vtsouval/mtg_jamendo_autotagging,train,995,['electronic'],['piano'],['film'],30
vtsouval_mtg_jamendo_autotagging_00000996,anglo_pop,audio/vtsouval_mtg_jamendo_autotagging_00000996.mp3,vtsouval/mtg_jamendo_autotagging,train,996,['electronic'],['piano'],['film'],30
vtsouval_mtg_jamendo_autotagging_00000997,anglo_pop,audio/vtsouval_mtg_jamendo_autotagging_00000997.mp3,vtsouval/mtg_jamendo_autotagging,train,997,"['instrumentalrock', 'easylistening', 'postrock', 'ambient']","['guitar', 'electricguitar']","['meditative', 'dark']",30
vtsouval_mtg_jamendo_autotagging_00000998,anglo_pop,audio/vtsouval_mtg_jamendo_autotagging_00000998.mp3,vtsouval/mtg_jamendo_autotagging,train,998,"['easylistening', 'ambient', 'electronic']",['piano'],"['sad', 'deep']",30
vtsouval_mtg_jamendo_autotagging_00000999,anglo_pop,audio/vtsouval_mtg_jamendo_autotagging_00000999.mp3,vtsouval/mtg_jamendo_autotagging,train,999,"['easylistening', 'electronic']","['piano', 'violin']","['dream', 'sad', 'deep']",30
