task_id,track_id_a,track_id_b,culture_a,culture_b,label_a,label_b,title_a,title_b,audio_path_a,audio_path_b,source_url_a,source_url_b,uncertainty,uncertainty_method,question,similar,rationale,annotator,notes
pal_0001,france_0037,russia_0077,france,russia,"[322, 5]","[107, 18, 1235, 5]",I (the defeat of the personal) - XII. Take this morning (for instance),Birds Walk Away,E:\Desktop\Echo\storage\public\research_dataset_v3\france\audio\france_0037.mp3,E:\Desktop\Echo\storage\public\research_dataset_v3\russia\audio\russia_0077.mp3,,,2.138333320617676,culture_centroid_entropy,请判断这两首曲目是否适合放在同一个歌单或相近的听歌场景里。请根据整体氛围、情绪基调和节奏能量判断它们是否相似；不要根据国家、语言、乐器或标签直接下结论。若相似填 yes，不相似填 no，不确定可留空并在 notes 中说明。,,,,
pal_0002,germany_0005,turkey_modern_0005,germany,turkey,"[18, 1235]",,Trailer Music,,E:\Desktop\Echo\storage\public\research_dataset_v3\germany\audio\germany_0005.mp3,E:\Desktop\Echo\storage\public\research_dataset_v3\turkey\audio\turkey_modern_0005.mp3,,,2.138333320617676,culture_centroid_entropy,请判断这两首曲目是否适合放在同一个歌单或相近的听歌场景里。请根据整体氛围、情绪基调和节奏能量判断它们是否相似；不要根据国家、语言、乐器或标签直接下结论。若相似填 yes，不相似填 no，不确定可留空并在 notes 中说明。,,,,
pal_0003,great_britain_0061,italy_0094,great_britain,italy,[10],[4],In The Sun,Soyuz,E:\Desktop\Echo\storage\public\research_dataset_v3\great_britain\audio\great_britain_0061.mp3,E:\Desktop\Echo\storage\public\research_dataset_v3\italy\audio\italy_0094.mp3,,,2.138333320617676,culture_centroid_entropy,请判断这两首曲目是否适合放在同一个歌单或相近的听歌场景里。请根据整体氛围、情绪基调和节奏能量判断它们是否相似；不要根据国家、语言、乐器或标签直接下结论。若相似填 yes，不相似填 no，不确定可留空并在 notes 中说明。,,,,
pal_0004,france_0019,modern_english_pop_0097,france,modern_english_pop,"[107, 1235]","['folk', 'pop', 'singersongwriter', 'popfolk']",Mouvement 7,,E:\Desktop\Echo\storage\public\research_dataset_v3\france\audio\france_0019.mp3,E:\Desktop\Echo\storage\public\research_dataset_v3\modern_english_pop\audio\modern_english_pop_0097.mp3,,,2.0228090286254883,culture_centroid_entropy,请判断这两首曲目是否适合放在同一个歌单或相近的听歌场景里。请根据整体氛围、情绪基调和节奏能量判断它们是否相似；不要根据国家、语言、乐器或标签直接下结论。若相似填 yes，不相似填 no，不确定可留空并在 notes 中说明。,,,,
pal_0005,france_0035,turkey_modern_0119,france,turkey,[],,nigtfallleague,,E:\Desktop\Echo\storage\public\research_dataset_v3\france\audio\france_0035.mp3,E:\Desktop\Echo\storage\public\research_dataset_v3\turkey\audio\turkey_modern_0119.mp3,,,2.0228090286254883,culture_centroid_entropy,请判断这两首曲目是否适合放在同一个歌单或相近的听歌场景里。请根据整体氛围、情绪基调和节奏能量判断它们是否相似；不要根据国家、语言、乐器或标签直接下结论。若相似填 yes，不相似填 no，不确定可留空并在 notes 中说明。,,,,
pal_0006,germany_0018,indonesia_gamelan_0008,germany,indonesia,"[17, 107, 1235]",orchestra/mixture,Gabriel,,E:\Desktop\Echo\storage\public\research_dataset_v3\germany\audio\germany_0018.mp3,E:\Desktop\Echo\storage\public\research_dataset_v3\indonesia\audio\indonesia_gamelan_0008.wav,,,2.0228090286254883,culture_centroid_entropy,请判断这两首曲目是否适合放在同一个歌单或相近的听歌场景里。请根据整体氛围、情绪基调和节奏能量判断它们是否相似；不要根据国家、语言、乐器或标签直接下结论。若相似填 yes，不相似填 no，不确定可留空并在 notes 中说明。,,,,
pal_0007,germany_0053,italy_0035,germany,italy,"[17, 107, 1235]",[],There Are Voices,Medicine Sound,E:\Desktop\Echo\storage\public\research_dataset_v3\germany\audio\germany_0053.mp3,E:\Desktop\Echo\storage\public\research_dataset_v3\italy\audio\italy_0035.mp3,,,2.0228090286254883,culture_centroid_entropy,请判断这两首曲目是否适合放在同一个歌单或相近的听歌场景里。请根据整体氛围、情绪基调和节奏能量判断它们是否相似；不要根据国家、语言、乐器或标签直接下结论。若相似填 yes，不相似填 no，不确定可留空并在 notes 中说明。,,,,
pal_0008,great_britain_0010,great_britain_0022,great_britain,great_britain,"[18, 1235]","[10, 76]",Withering Trash Receptacle,danse macabre,E:\Desktop\Echo\storage\public\research_dataset_v3\great_britain\audio\great_britain_0010.mp3,E:\Desktop\Echo\storage\public\research_dataset_v3\great_britain\audio\great_britain_0022.mp3,,,2.0228090286254883,culture_centroid_entropy,请判断这两首曲目是否适合放在同一个歌单或相近的听歌场景里。请根据整体氛围、情绪基调和节奏能量判断它们是否相似；不要根据国家、语言、乐器或标签直接下结论。若相似填 yes，不相似填 no，不确定可留空并在 notes 中说明。,,,,
pal_0009,great_britain_0045,italy_0010,great_britain,italy,[],[],Devil's Dream,Radical Leap,E:\Desktop\Echo\storage\public\research_dataset_v3\great_britain\audio\great_britain_0045.mp3,E:\Desktop\Echo\storage\public\research_dataset_v3\italy\audio\italy_0010.mp3,,,2.0228090286254883,culture_centroid_entropy,请判断这两首曲目是否适合放在同一个歌单或相近的听歌场景里。请根据整体氛围、情绪基调和节奏能量判断它们是否相似；不要根据国家、语言、乐器或标签直接下结论。若相似填 yes，不相似填 no，不确定可留空并在 notes 中说明。,,,,
pal_0010,great_britain_0057,great_britain_0023,great_britain,great_britain,"[17, 103]",[17],Noon,Ocean,E:\Desktop\Echo\storage\public\research_dataset_v3\great_britain\audio\great_britain_0057.mp3,E:\Desktop\Echo\storage\public\research_dataset_v3\great_britain\audio\great_britain_0023.mp3,,,2.0228090286254883,culture_centroid_entropy,请判断这两首曲目是否适合放在同一个歌单或相近的听歌场景里。请根据整体氛围、情绪基调和节奏能量判断它们是否相似；不要根据国家、语言、乐器或标签直接下结论。若相似填 yes，不相似填 no，不确定可留空并在 notes 中说明。,,,,
pal_0011,great_britain_0083,germany_0070,great_britain,germany,"[10, 76]","[10, 76]",Over The Lust And Greed,Sheep,E:\Desktop\Echo\storage\public\research_dataset_v3\great_britain\audio\great_britain_0083.mp3,E:\Desktop\Echo\storage\public\research_dataset_v3\germany\audio\germany_0070.mp3,,,2.0228090286254883,culture_centroid_entropy,请判断这两首曲目是否适合放在同一个歌单或相近的听歌场景里。请根据整体氛围、情绪基调和节奏能量判断它们是否相似；不要根据国家、语言、乐器或标签直接下结论。若相似填 yes，不相似填 no，不确定可留空并在 notes 中说明。,,,,
pal_0012,india_saraga_0073,china_jingju_0068,india,china,Raag Kedar,lsxp,Raag Kedar,Jiang_shen_er,E:\Desktop\Echo\storage\public\research_dataset_v3\india\audio\india_saraga_0073.mp3,E:\Desktop\Echo\storage\public\research_dataset_v3\china\audio\china_jingju_0068.wav,,,2.0228090286254883,culture_centroid_entropy,请判断这两首曲目是否适合放在同一个歌单或相近的听歌场景里。请根据整体氛围、情绪基调和节奏能量判断它们是否相似；不要根据国家、语言、乐器或标签直接下结论。若相似填 yes，不相似填 no，不确定可留空并在 notes 中说明。,,,,
pal_0013,italy_0028,italy_0070,italy,italy,"[659, 5, 1235]","[18, 1235]",The Deadly Poppy Field,Goodbye,E:\Desktop\Echo\storage\public\research_dataset_v3\italy\audio\italy_0028.mp3,E:\Desktop\Echo\storage\public\research_dataset_v3\italy\audio\italy_0070.mp3,,,2.0228090286254883,culture_centroid_entropy,请判断这两首曲目是否适合放在同一个歌单或相近的听歌场景里。请根据整体氛围、情绪基调和节奏能量判断它们是否相似；不要根据国家、语言、乐器或标签直接下结论。若相似填 yes，不相似填 no，不确定可留空并在 notes 中说明。,,,,
pal_0014,italy_0029,germany_0011,italy,germany,[4],[1235],Suburban Jive,Skinny Cat,E:\Desktop\Echo\storage\public\research_dataset_v3\italy\audio\italy_0029.mp3,E:\Desktop\Echo\storage\public\research_dataset_v3\germany\audio\germany_0011.mp3,,,2.0228090286254883,culture_centroid_entropy,请判断这两首曲目是否适合放在同一个歌单或相近的听歌场景里。请根据整体氛围、情绪基调和节奏能量判断它们是否相似；不要根据国家、语言、乐器或标签直接下结论。若相似填 yes，不相似填 no，不确定可留空并在 notes 中说明。,,,,
pal_0015,modern_english_pop_0018,italy_0043,modern_english_pop,italy,"['groove', 'pop']",[4],,Daily Damage,E:\Desktop\Echo\storage\public\research_dataset_v3\modern_english_pop\audio\modern_english_pop_0018.mp3,E:\Desktop\Echo\storage\public\research_dataset_v3\italy\audio\italy_0043.mp3,,,2.0228090286254883,culture_centroid_entropy,请判断这两首曲目是否适合放在同一个歌单或相近的听歌场景里。请根据整体氛围、情绪基调和节奏能量判断它们是否相似；不要根据国家、语言、乐器或标签直接下结论。若相似填 yes，不相似填 no，不确定可留空并在 notes 中说明。,,,,
pal_0016,russia_0098,turkey_modern_0072,russia,turkey,"[107, 18, 1235, 5]",,Phoenix,,E:\Desktop\Echo\storage\public\research_dataset_v3\russia\audio\russia_0098.mp3,E:\Desktop\Echo\storage\public\research_dataset_v3\turkey\audio\turkey_modern_0072.mp3,,,2.0228090286254883,culture_centroid_entropy,请判断这两首曲目是否适合放在同一个歌单或相近的听歌场景里。请根据整体氛围、情绪基调和节奏能量判断它们是否相似；不要根据国家、语言、乐器或标签直接下结论。若相似填 yes，不相似填 no，不确定可留空并在 notes 中说明。,,,,
pal_0017,russia_0103,italy_0005,russia,italy,"[107, 18, 1235, 5]",[4],Jump In Infinity,Balzi Mossi (Mozambiguo),E:\Desktop\Echo\storage\public\research_dataset_v3\russia\audio\russia_0103.mp3,E:\Desktop\Echo\storage\public\research_dataset_v3\italy\audio\italy_0005.mp3,,,2.0228090286254883,culture_centroid_entropy,请判断这两首曲目是否适合放在同一个歌单或相近的听歌场景里。请根据整体氛围、情绪基调和节奏能量判断它们是否相似；不要根据国家、语言、乐器或标签直接下结论。若相似填 yes，不相似填 no，不确定可留空并在 notes 中说明。,,,,
pal_0018,china_ctis_0058,china_ctis_0008,china,china,T0260,T0260,中阮,中阮,E:\Desktop\Echo\storage\public\research_dataset_v3\china\audio\china_ctis_0058.wav,E:\Desktop\Echo\storage\public\research_dataset_v3\china\audio\china_ctis_0008.wav,,,1.9792051315307617,culture_centroid_entropy,请判断这两首曲目是否适合放在同一个歌单或相近的听歌场景里。请根据整体氛围、情绪基调和节奏能量判断它们是否相似；不要根据国家、语言、乐器或标签直接下结论。若相似填 yes，不相似填 no，不确定可留空并在 notes 中说明。,,,,
pal_0019,great_britain_0007,france_0089,great_britain,france,"[10, 76]","[10, 76]",Hiway Code,Concerts,E:\Desktop\Echo\storage\public\research_dataset_v3\great_britain\audio\great_britain_0007.mp3,E:\Desktop\Echo\storage\public\research_dataset_v3\france\audio\france_0089.mp3,,,1.9792051315307617,culture_centroid_entropy,请判断这两首曲目是否适合放在同一个歌单或相近的听歌场景里。请根据整体氛围、情绪基调和节奏能量判断它们是否相似；不要根据国家、语言、乐器或标签直接下结论。若相似填 yes，不相似填 no，不确定可留空并在 notes 中说明。,,,,
pal_0020,great_britain_0018,india_saraga_0095,great_britain,india,"[267, 1235]",Raag Bahar,Remembering Past Everything,Raag Bahar,E:\Desktop\Echo\storage\public\research_dataset_v3\great_britain\audio\great_britain_0018.mp3,E:\Desktop\Echo\storage\public\research_dataset_v3\india\audio\india_saraga_0095.mp3,,,1.9792051315307617,culture_centroid_entropy,请判断这两首曲目是否适合放在同一个歌单或相近的听歌场景里。请根据整体氛围、情绪基调和节奏能量判断它们是否相似；不要根据国家、语言、乐器或标签直接下结论。若相似填 yes，不相似填 no，不确定可留空并在 notes 中说明。,,,,
pal_0021,great_britain_0081,russia_0079,great_britain,russia,"[18, 1235]","[107, 18, 1235, 5]",The Rolling Hills of England,The Loneliness,E:\Desktop\Echo\storage\public\research_dataset_v3\great_britain\audio\great_britain_0081.mp3,E:\Desktop\Echo\storage\public\research_dataset_v3\russia\audio\russia_0079.mp3,,,1.9792051315307617,culture_centroid_entropy,请判断这两首曲目是否适合放在同一个歌单或相近的听歌场景里。请根据整体氛围、情绪基调和节奏能量判断它们是否相似；不要根据国家、语言、乐器或标签直接下结论。若相似填 yes，不相似填 no，不确定可留空并在 notes 中说明。,,,,
pal_0022,great_britain_0097,modern_english_pop_0007,great_britain,modern_english_pop,"[17, 103]","['pop', 'classical']",Night & Day,,E:\Desktop\Echo\storage\public\research_dataset_v3\great_britain\audio\great_britain_0097.mp3,E:\Desktop\Echo\storage\public\research_dataset_v3\modern_english_pop\audio\modern_english_pop_0007.mp3,,,1.9792051315307617,culture_centroid_entropy,请判断这两首曲目是否适合放在同一个歌单或相近的听歌场景里。请根据整体氛围、情绪基调和节奏能量判断它们是否相似；不要根据国家、语言、乐器或标签直接下结论。若相似填 yes，不相似填 no，不确定可留空并在 notes 中说明。,,,,
pal_0023,indonesia_gamelan_0047,italy_0052,indonesia,italy,orchestra/target,"[18, 1235, 13]",,Burn me Alive,E:\Desktop\Echo\storage\public\research_dataset_v3\indonesia\audio\indonesia_gamelan_0047.wav,E:\Desktop\Echo\storage\public\research_dataset_v3\italy\audio\italy_0052.mp3,,,1.9792051315307617,culture_centroid_entropy,请判断这两首曲目是否适合放在同一个歌单或相近的听歌场景里。请根据整体氛围、情绪基调和节奏能量判断它们是否相似；不要根据国家、语言、乐器或标签直接下结论。若相似填 yes，不相似填 no，不确定可留空并在 notes 中说明。,,,,
pal_0024,italy_0006,france_0042,italy,france,[4],"[17, 103]",End up,Six Feet Under,E:\Desktop\Echo\storage\public\research_dataset_v3\italy\audio\italy_0006.mp3,E:\Desktop\Echo\storage\public\research_dataset_v3\france\audio\france_0042.mp3,,,1.9792051315307617,culture_centroid_entropy,请判断这两首曲目是否适合放在同一个歌单或相近的听歌场景里。请根据整体氛围、情绪基调和节奏能量判断它们是否相似；不要根据国家、语言、乐器或标签直接下结论。若相似填 yes，不相似填 no，不确定可留空并在 notes 中说明。,,,,
pal_0025,italy_0067,great_britain_0035,italy,great_britain,"[18, 1235]",[],The death of Satellite,Fractal,E:\Desktop\Echo\storage\public\research_dataset_v3\italy\audio\italy_0067.mp3,E:\Desktop\Echo\storage\public\research_dataset_v3\great_britain\audio\great_britain_0035.mp3,,,1.9792051315307617,culture_centroid_entropy,请判断这两首曲目是否适合放在同一个歌单或相近的听歌场景里。请根据整体氛围、情绪基调和节奏能量判断它们是否相似；不要根据国家、语言、乐器或标签直接下结论。若相似填 yes，不相似填 no，不确定可留空并在 notes 中说明。,,,,
pal_0026,modern_english_pop_0108,modern_english_pop_0099,modern_english_pop,modern_english_pop,"['folk', 'pop', 'singersongwriter', 'popfolk']","['folk', 'pop', 'singersongwriter', 'popfolk']",,,E:\Desktop\Echo\storage\public\research_dataset_v3\modern_english_pop\audio\modern_english_pop_0108.mp3,E:\Desktop\Echo\storage\public\research_dataset_v3\modern_english_pop\audio\modern_english_pop_0099.mp3,,,1.9792051315307617,culture_centroid_entropy,请判断这两首曲目是否适合放在同一个歌单或相近的听歌场景里。请根据整体氛围、情绪基调和节奏能量判断它们是否相似；不要根据国家、语言、乐器或标签直接下结论。若相似填 yes，不相似填 no，不确定可留空并在 notes 中说明。,,,,
pal_0027,russia_0002,russia_0048,russia,russia,"[107, 5, 1235]","[10, 76]",Pianochocolate - long long letter,27 (Full Version),E:\Desktop\Echo\storage\public\research_dataset_v3\russia\audio\russia_0002.mp3,E:\Desktop\Echo\storage\public\research_dataset_v3\russia\audio\russia_0048.mp3,,,1.9792051315307617,culture_centroid_entropy,请判断这两首曲目是否适合放在同一个歌单或相近的听歌场景里。请根据整体氛围、情绪基调和节奏能量判断它们是否相似；不要根据国家、语言、乐器或标签直接下结论。若相似填 yes，不相似填 no，不确定可留空并在 notes 中说明。,,,,
pal_0028,turkey_modern_0139,india_saraga_0063,turkey,india,,Raag Bihag,,Raag Bihag,E:\Desktop\Echo\storage\public\research_dataset_v3\turkey\audio\turkey_modern_0139.mp3,E:\Desktop\Echo\storage\public\research_dataset_v3\india\audio\india_saraga_0063.mp3,,,1.9792051315307617,culture_centroid_entropy,请判断这两首曲目是否适合放在同一个歌单或相近的听歌场景里。请根据整体氛围、情绪基调和节奏能量判断它们是否相似；不要根据国家、语言、乐器或标签直接下结论。若相似填 yes，不相似填 no，不确定可留空并在 notes 中说明。,,,,
pal_0029,france_0064,turkey_modern_0080,france,turkey,"[267, 1235]",,Transe animale,,E:\Desktop\Echo\storage\public\research_dataset_v3\france\audio\france_0064.mp3,E:\Desktop\Echo\storage\public\research_dataset_v3\turkey\audio\turkey_modern_0080.mp3,,,1.9792050123214722,culture_centroid_entropy,请判断这两首曲目是否适合放在同一个歌单或相近的听歌场景里。请根据整体氛围、情绪基调和节奏能量判断它们是否相似；不要根据国家、语言、乐器或标签直接下结论。若相似填 yes，不相似填 no，不确定可留空并在 notes 中说明。,,,,
pal_0030,germany_0074,russia_0021,germany,russia,[17],[],Unless You Trade,Blind Alley (feat. Kira Lao),E:\Desktop\Echo\storage\public\research_dataset_v3\germany\audio\germany_0074.mp3,E:\Desktop\Echo\storage\public\research_dataset_v3\russia\audio\russia_0021.mp3,,,1.9792050123214722,culture_centroid_entropy,请判断这两首曲目是否适合放在同一个歌单或相近的听歌场景里。请根据整体氛围、情绪基调和节奏能量判断它们是否相似；不要根据国家、语言、乐器或标签直接下结论。若相似填 yes，不相似填 no，不确定可留空并在 notes 中说明。,,,,
pal_0031,germany_0095,modern_english_pop_0069,germany,modern_english_pop,"[17, 3, 4, 103]","['folk', 'instrumentalpop']",Springtime,,E:\Desktop\Echo\storage\public\research_dataset_v3\germany\audio\germany_0095.mp3,E:\Desktop\Echo\storage\public\research_dataset_v3\modern_english_pop\audio\modern_english_pop_0069.mp3,,,1.9792050123214722,culture_centroid_entropy,请判断这两首曲目是否适合放在同一个歌单或相近的听歌场景里。请根据整体氛围、情绪基调和节奏能量判断它们是否相似；不要根据国家、语言、乐器或标签直接下结论。若相似填 yes，不相似填 no，不确定可留空并在 notes 中说明。,,,,
pal_0032,great_britain_0077,russia_0016,great_britain,russia,"[33, 10, 76, 17]","[10, 76]",Kiss And Tell (breezy bossa nova),Devil Exit From Fashion,E:\Desktop\Echo\storage\public\research_dataset_v3\great_britain\audio\great_britain_0077.mp3,E:\Desktop\Echo\storage\public\research_dataset_v3\russia\audio\russia_0016.mp3,,,1.9792050123214722,culture_centroid_entropy,请判断这两首曲目是否适合放在同一个歌单或相近的听歌场景里。请根据整体氛围、情绪基调和节奏能量判断它们是否相似；不要根据国家、语言、乐器或标签直接下结论。若相似填 yes，不相似填 no，不确定可留空并在 notes 中说明。,,,,
pal_0033,great_britain_0094,germany_0019,great_britain,germany,"[10, 76]","[107, 1235]",Dogs of the World in Colour,IV,E:\Desktop\Echo\storage\public\research_dataset_v3\great_britain\audio\great_britain_0094.mp3,E:\Desktop\Echo\storage\public\research_dataset_v3\germany\audio\germany_0019.mp3,,,1.9792050123214722,culture_centroid_entropy,请判断这两首曲目是否适合放在同一个歌单或相近的听歌场景里。请根据整体氛围、情绪基调和节奏能量判断它们是否相似；不要根据国家、语言、乐器或标签直接下结论。若相似填 yes，不相似填 no，不确定可留空并在 notes 中说明。,,,,
pal_0034,india_saraga_0044,russia_0054,india,russia,Raag Rageshri,"[107, 1235]",Raag Rageshri,Försiktigt,E:\Desktop\Echo\storage\public\research_dataset_v3\india\audio\india_saraga_0044.mp3,E:\Desktop\Echo\storage\public\research_dataset_v3\russia\audio\russia_0054.mp3,,,1.9792050123214722,culture_centroid_entropy,请判断这两首曲目是否适合放在同一个歌单或相近的听歌场景里。请根据整体氛围、情绪基调和节奏能量判断它们是否相似；不要根据国家、语言、乐器或标签直接下结论。若相似填 yes，不相似填 no，不确定可留空并在 notes 中说明。,,,,
pal_0035,india_saraga_0099,india_saraga_0100,india,india,Bhairavi Thumri,Raag Lalit Pancham,Bhairavi Thumri,Raag Lalit Pancham,E:\Desktop\Echo\storage\public\research_dataset_v3\india\audio\india_saraga_0099.mp3,E:\Desktop\Echo\storage\public\research_dataset_v3\india\audio\india_saraga_0100.mp3,,,1.9792050123214722,culture_centroid_entropy,请判断这两首曲目是否适合放在同一个歌单或相近的听歌场景里。请根据整体氛围、情绪基调和节奏能量判断它们是否相似；不要根据国家、语言、乐器或标签直接下结论。若相似填 yes，不相似填 no，不确定可留空并在 notes 中说明。,,,,
pal_0036,india_saraga_0102,turkey_modern_0106,india,turkey,Raag Todi,,Raag Todi,,E:\Desktop\Echo\storage\public\research_dataset_v3\india\audio\india_saraga_0102.mp3,E:\Desktop\Echo\storage\public\research_dataset_v3\turkey\audio\turkey_modern_0106.mp3,,,1.9792050123214722,culture_centroid_entropy,请判断这两首曲目是否适合放在同一个歌单或相近的听歌场景里。请根据整体氛围、情绪基调和节奏能量判断它们是否相似；不要根据国家、语言、乐器或标签直接下结论。若相似填 yes，不相似填 no，不确定可留空并在 notes 中说明。,,,,
pal_0037,india_saraga_0105,india_saraga_0084,india,india,Raga Lalit - Khayal,Raag Marwa,Raga Lalit - Khayal,Raag Marwa,E:\Desktop\Echo\storage\public\research_dataset_v3\india\audio\india_saraga_0105.mp3,E:\Desktop\Echo\storage\public\research_dataset_v3\india\audio\india_saraga_0084.mp3,,,1.9792050123214722,culture_centroid_entropy,请判断这两首曲目是否适合放在同一个歌单或相近的听歌场景里。请根据整体氛围、情绪基调和节奏能量判断它们是否相似；不要根据国家、语言、乐器或标签直接下结论。若相似填 yes，不相似填 no，不确定可留空并在 notes 中说明。,,,,
pal_0038,russia_0072,france_0065,russia,france,"[107, 18, 1235, 5]","[17, 103, 49]",Train,Pretty Girls,E:\Desktop\Echo\storage\public\research_dataset_v3\russia\audio\russia_0072.mp3,E:\Desktop\Echo\storage\public\research_dataset_v3\france\audio\france_0065.mp3,,,1.9792050123214722,culture_centroid_entropy,请判断这两首曲目是否适合放在同一个歌单或相近的听歌场景里。请根据整体氛围、情绪基调和节奏能量判断它们是否相似；不要根据国家、语言、乐器或标签直接下结论。若相似填 yes，不相似填 no，不确定可留空并在 notes 中说明。,,,,
pal_0039,france_0023,france_0102,france,france,"[179, 4]","[179, 4]",Hungaria,Swing 39,E:\Desktop\Echo\storage\public\research_dataset_v3\france\audio\france_0023.mp3,E:\Desktop\Echo\storage\public\research_dataset_v3\france\audio\france_0102.mp3,,,1.9792048931121826,culture_centroid_entropy,请判断这两首曲目是否适合放在同一个歌单或相近的听歌场景里。请根据整体氛围、情绪基调和节奏能量判断它们是否相似；不要根据国家、语言、乐器或标签直接下结论。若相似填 yes，不相似填 no，不确定可留空并在 notes 中说明。,,,,
pal_0040,italy_0070,italy_0028,italy,italy,"[18, 1235]","[659, 5, 1235]",Goodbye,The Deadly Poppy Field,E:\Desktop\Echo\storage\public\research_dataset_v3\italy\audio\italy_0070.mp3,E:\Desktop\Echo\storage\public\research_dataset_v3\italy\audio\italy_0028.mp3,,,1.9792048931121826,culture_centroid_entropy,请判断这两首曲目是否适合放在同一个歌单或相近的听歌场景里。请根据整体氛围、情绪基调和节奏能量判断它们是否相似；不要根据国家、语言、乐器或标签直接下结论。若相似填 yes，不相似填 no，不确定可留空并在 notes 中说明。,,,,
pal_0041,russia_0024,great_britain_0047,russia,great_britain,[8],[],"Orientalische Motive, 1 Teil",Gloria's Euphoria,E:\Desktop\Echo\storage\public\research_dataset_v3\russia\audio\russia_0024.mp3,E:\Desktop\Echo\storage\public\research_dataset_v3\great_britain\audio\great_britain_0047.mp3,,,1.9792048931121826,culture_centroid_entropy,请判断这两首曲目是否适合放在同一个歌单或相近的听歌场景里。请根据整体氛围、情绪基调和节奏能量判断它们是否相似；不要根据国家、语言、乐器或标签直接下结论。若相似填 yes，不相似填 no，不确定可留空并在 notes 中说明。,,,,
pal_0042,russia_0090,russia_0058,russia,russia,"[107, 18, 1235]","[659, 5, 1235]",Now You Are Here,owl's secret,E:\Desktop\Echo\storage\public\research_dataset_v3\russia\audio\russia_0090.mp3,E:\Desktop\Echo\storage\public\research_dataset_v3\russia\audio\russia_0058.mp3,,,1.9792048931121826,culture_centroid_entropy,请判断这两首曲目是否适合放在同一个歌单或相近的听歌场景里。请根据整体氛围、情绪基调和节奏能量判断它们是否相似；不要根据国家、语言、乐器或标签直接下结论。若相似填 yes，不相似填 no，不确定可留空并在 notes 中说明。,,,,
pal_0043,turkey_modern_0125,indonesia_gamelan_0004,turkey,indonesia,,orchestra/mixture,,,E:\Desktop\Echo\storage\public\research_dataset_v3\turkey\audio\turkey_modern_0125.mp3,E:\Desktop\Echo\storage\public\research_dataset_v3\indonesia\audio\indonesia_gamelan_0004.wav,,,1.9792048931121826,culture_centroid_entropy,请判断这两首曲目是否适合放在同一个歌单或相近的听歌场景里。请根据整体氛围、情绪基调和节奏能量判断它们是否相似；不要根据国家、语言、乐器或标签直接下结论。若相似填 yes，不相似填 no，不确定可留空并在 notes 中说明。,,,,
pal_0044,germany_0055,indonesia_gamelan_0031,germany,indonesia,[17],orchestra/target,1st Movement,,E:\Desktop\Echo\storage\public\research_dataset_v3\germany\audio\germany_0055.mp3,E:\Desktop\Echo\storage\public\research_dataset_v3\indonesia\audio\indonesia_gamelan_0031.wav,,,1.935600996017456,culture_centroid_entropy,请判断这两首曲目是否适合放在同一个歌单或相近的听歌场景里。请根据整体氛围、情绪基调和节奏能量判断它们是否相似；不要根据国家、语言、乐器或标签直接下结论。若相似填 yes，不相似填 no，不确定可留空并在 notes 中说明。,,,,
pal_0045,italy_0035,france_0074,italy,france,[],"[19, 14]",Medicine Sound,Ayo,E:\Desktop\Echo\storage\public\research_dataset_v3\italy\audio\italy_0035.mp3,E:\Desktop\Echo\storage\public\research_dataset_v3\france\audio\france_0074.mp3,,,1.935600996017456,culture_centroid_entropy,请判断这两首曲目是否适合放在同一个歌单或相近的听歌场景里。请根据整体氛围、情绪基调和节奏能量判断它们是否相似；不要根据国家、语言、乐器或标签直接下结论。若相似填 yes，不相似填 no，不确定可留空并在 notes 中说明。,,,,
pal_0046,france_0090,indonesia_gamelan_0012,france,indonesia,"[107, 1235]",orchestra/target,Beyond the grey clouds: 曇り空のかなたに,,E:\Desktop\Echo\storage\public\research_dataset_v3\france\audio\france_0090.mp3,E:\Desktop\Echo\storage\public\research_dataset_v3\indonesia\audio\indonesia_gamelan_0012.wav,,,1.9072847366333008,culture_centroid_entropy,请判断这两首曲目是否适合放在同一个歌单或相近的听歌场景里。请根据整体氛围、情绪基调和节奏能量判断它们是否相似；不要根据国家、语言、乐器或标签直接下结论。若相似填 yes，不相似填 no，不确定可留空并在 notes 中说明。,,,,
pal_0047,germany_0057,germany_0004,germany,germany,[],"[538, 18, 1235]",Keep Going,Herein Bitte,E:\Desktop\Echo\storage\public\research_dataset_v3\germany\audio\germany_0057.mp3,E:\Desktop\Echo\storage\public\research_dataset_v3\germany\audio\germany_0004.mp3,,,1.9072847366333008,culture_centroid_entropy,请判断这两首曲目是否适合放在同一个歌单或相近的听歌场景里。请根据整体氛围、情绪基调和节奏能量判断它们是否相似；不要根据国家、语言、乐器或标签直接下结论。若相似填 yes，不相似填 no，不确定可留空并在 notes 中说明。,,,,
pal_0048,germany_0085,turkey_modern_0067,germany,turkey,"[17, 3, 4, 103]",,Indian Summer,,E:\Desktop\Echo\storage\public\research_dataset_v3\germany\audio\germany_0085.mp3,E:\Desktop\Echo\storage\public\research_dataset_v3\turkey\audio\turkey_modern_0067.mp3,,,1.9072847366333008,culture_centroid_entropy,请判断这两首曲目是否适合放在同一个歌单或相近的听歌场景里。请根据整体氛围、情绪基调和节奏能量判断它们是否相似；不要根据国家、语言、乐器或标签直接下结论。若相似填 yes，不相似填 no，不确定可留空并在 notes 中说明。,,,,
pal_0049,great_britain_0079,italy_0018,great_britain,italy,"[107, 18, 1235]",[10],Great Aunt Henrietta,"""Outsider girl""",E:\Desktop\Echo\storage\public\research_dataset_v3\great_britain\audio\great_britain_0079.mp3,E:\Desktop\Echo\storage\public\research_dataset_v3\italy\audio\italy_0018.mp3,,,1.9072847366333008,culture_centroid_entropy,请判断这两首曲目是否适合放在同一个歌单或相近的听歌场景里。请根据整体氛围、情绪基调和节奏能量判断它们是否相似；不要根据国家、语言、乐器或标签直接下结论。若相似填 yes，不相似填 no，不确定可留空并在 notes 中说明。,,,,
pal_0050,italy_0076,italy_0100,italy,italy,"[18, 1235]",[4],In shadows,04 A Man At The Clock,E:\Desktop\Echo\storage\public\research_dataset_v3\italy\audio\italy_0076.mp3,E:\Desktop\Echo\storage\public\research_dataset_v3\italy\audio\italy_0100.mp3,,,1.9072847366333008,culture_centroid_entropy,请判断这两首曲目是否适合放在同一个歌单或相近的听歌场景里。请根据整体氛围、情绪基调和节奏能量判断它们是否相似；不要根据国家、语言、乐器或标签直接下结论。若相似填 yes，不相似填 no，不确定可留空并在 notes 中说明。,,,,
pal_0051,russia_0009,turkey_modern_0128,russia,turkey,"[18, 1235, 659, 5]",,The Spirit of Russian Love (violin) by Zinaida Trokai,,E:\Desktop\Echo\storage\public\research_dataset_v3\russia\audio\russia_0009.mp3,E:\Desktop\Echo\storage\public\research_dataset_v3\turkey\audio\turkey_modern_0128.mp3,,,1.9072847366333008,culture_centroid_entropy,请判断这两首曲目是否适合放在同一个歌单或相近的听歌场景里。请根据整体氛围、情绪基调和节奏能量判断它们是否相似；不要根据国家、语言、乐器或标签直接下结论。若相似填 yes，不相似填 no，不确定可留空并在 notes 中说明。,,,,
pal_0052,russia_0013,france_0085,russia,france,"[107, 1235]","[17, 103]",Ballet In A Box,Le diable,E:\Desktop\Echo\storage\public\research_dataset_v3\russia\audio\russia_0013.mp3,E:\Desktop\Echo\storage\public\research_dataset_v3\france\audio\france_0085.mp3,,,1.9072847366333008,culture_centroid_entropy,请判断这两首曲目是否适合放在同一个歌单或相近的听歌场景里。请根据整体氛围、情绪基调和节奏能量判断它们是否相似；不要根据国家、语言、乐器或标签直接下结论。若相似填 yes，不相似填 no，不确定可留空并在 notes 中说明。,,,,
pal_0053,russia_0026,modern_english_pop_0095,russia,modern_english_pop,[],"['easylistening', 'pop']",Trails,,E:\Desktop\Echo\storage\public\research_dataset_v3\russia\audio\russia_0026.mp3,E:\Desktop\Echo\storage\public\research_dataset_v3\modern_english_pop\audio\modern_english_pop_0095.mp3,,,1.9072847366333008,culture_centroid_entropy,请判断这两首曲目是否适合放在同一个歌单或相近的听歌场景里。请根据整体氛围、情绪基调和节奏能量判断它们是否相似；不要根据国家、语言、乐器或标签直接下结论。若相似填 yes，不相似填 no，不确定可留空并在 notes 中说明。,,,,
pal_0054,russia_0100,russia_0050,russia,russia,"[18, 1235]","[18, 1235]",Drown in Mirrors,Crystal Echoes,E:\Desktop\Echo\storage\public\research_dataset_v3\russia\audio\russia_0100.mp3,E:\Desktop\Echo\storage\public\research_dataset_v3\russia\audio\russia_0050.mp3,,,1.9072847366333008,culture_centroid_entropy,请判断这两首曲目是否适合放在同一个歌单或相近的听歌场景里。请根据整体氛围、情绪基调和节奏能量判断它们是否相似；不要根据国家、语言、乐器或标签直接下结论。若相似填 yes，不相似填 no，不确定可留空并在 notes 中说明。,,,,
pal_0055,turkey_modern_0102,turkey_modern_0062,turkey,turkey,,,,,E:\Desktop\Echo\storage\public\research_dataset_v3\turkey\audio\turkey_modern_0102.mp3,E:\Desktop\Echo\storage\public\research_dataset_v3\turkey\audio\turkey_modern_0062.mp3,,,1.9072847366333008,culture_centroid_entropy,请判断这两首曲目是否适合放在同一个歌单或相近的听歌场景里。请根据整体氛围、情绪基调和节奏能量判断它们是否相似；不要根据国家、语言、乐器或标签直接下结论。若相似填 yes，不相似填 no，不确定可留空并在 notes 中说明。,,,,
pal_0056,germany_0086,germany_0083,germany,germany,"[17, 3, 4, 103]","[17, 1235, 4]",Can't let her go,Flowery Meadow,E:\Desktop\Echo\storage\public\research_dataset_v3\germany\audio\germany_0086.mp3,E:\Desktop\Echo\storage\public\research_dataset_v3\germany\audio\germany_0083.mp3,,,1.9072846174240112,culture_centroid_entropy,请判断这两首曲目是否适合放在同一个歌单或相近的听歌场景里。请根据整体氛围、情绪基调和节奏能量判断它们是否相似；不要根据国家、语言、乐器或标签直接下结论。若相似填 yes，不相似填 no，不确定可留空并在 notes 中说明。,,,,
pal_0057,germany_0002,france_0018,germany,france,[5],"[17, 103, 49]",Aria,Pie Bwa,E:\Desktop\Echo\storage\public\research_dataset_v3\germany\audio\germany_0002.mp3,E:\Desktop\Echo\storage\public\research_dataset_v3\france\audio\france_0018.mp3,,,1.9072844982147217,culture_centroid_entropy,请判断这两首曲目是否适合放在同一个歌单或相近的听歌场景里。请根据整体氛围、情绪基调和节奏能量判断它们是否相似；不要根据国家、语言、乐器或标签直接下结论。若相似填 yes，不相似填 no，不确定可留空并在 notes 中说明。,,,,
pal_0058,great_britain_0064,russia_0018,great_britain,russia,[],"[107, 1235]",Monachine,Falling Garden,E:\Desktop\Echo\storage\public\research_dataset_v3\great_britain\audio\great_britain_0064.mp3,E:\Desktop\Echo\storage\public\research_dataset_v3\russia\audio\russia_0018.mp3,,,1.9072844982147217,culture_centroid_entropy,请判断这两首曲目是否适合放在同一个歌单或相近的听歌场景里。请根据整体氛围、情绪基调和节奏能量判断它们是否相似；不要根据国家、语言、乐器或标签直接下结论。若相似填 yes，不相似填 no，不确定可留空并在 notes 中说明。,,,,
pal_0059,india_saraga_0050,france_0086,india,france,Raag Gaud Malhar,[10],Raag Gaud Malhar,L'amour & ...,E:\Desktop\Echo\storage\public\research_dataset_v3\india\audio\india_saraga_0050.mp3,E:\Desktop\Echo\storage\public\research_dataset_v3\france\audio\france_0086.mp3,,,1.9072844982147217,culture_centroid_entropy,请判断这两首曲目是否适合放在同一个歌单或相近的听歌场景里。请根据整体氛围、情绪基调和节奏能量判断它们是否相似；不要根据国家、语言、乐器或标签直接下结论。若相似填 yes，不相似填 no，不确定可留空并在 notes 中说明。,,,,
pal_0060,india_saraga_0058,india_saraga_0059,india,india,Raag Bhoopali,Raag Gavti,Raag Bhoopali,Raag Gavti,E:\Desktop\Echo\storage\public\research_dataset_v3\india\audio\india_saraga_0058.mp3,E:\Desktop\Echo\storage\public\research_dataset_v3\india\audio\india_saraga_0059.mp3,,,1.9072844982147217,culture_centroid_entropy,请判断这两首曲目是否适合放在同一个歌单或相近的听歌场景里。请根据整体氛围、情绪基调和节奏能量判断它们是否相似；不要根据国家、语言、乐器或标签直接下结论。若相似填 yes，不相似填 no，不确定可留空并在 notes 中说明。,,,,
pal_0061,indonesia_gamelan_0030,indonesia_gamelan_0032,indonesia,indonesia,orchestra/target,orchestra/target,,,E:\Desktop\Echo\storage\public\research_dataset_v3\indonesia\audio\indonesia_gamelan_0030.wav,E:\Desktop\Echo\storage\public\research_dataset_v3\indonesia\audio\indonesia_gamelan_0032.wav,,,1.9072844982147217,culture_centroid_entropy,请判断这两首曲目是否适合放在同一个歌单或相近的听歌场景里。请根据整体氛围、情绪基调和节奏能量判断它们是否相似；不要根据国家、语言、乐器或标签直接下结论。若相似填 yes，不相似填 no，不确定可留空并在 notes 中说明。,,,,
pal_0062,italy_0047,italy_0092,italy,italy,[5],[4],Forever blue (March Rosetta re-imagined version),Funeral March For A Bar Of Soap,E:\Desktop\Echo\storage\public\research_dataset_v3\italy\audio\italy_0047.mp3,E:\Desktop\Echo\storage\public\research_dataset_v3\italy\audio\italy_0092.mp3,,,1.9072844982147217,culture_centroid_entropy,请判断这两首曲目是否适合放在同一个歌单或相近的听歌场景里。请根据整体氛围、情绪基调和节奏能量判断它们是否相似；不要根据国家、语言、乐器或标签直接下结论。若相似填 yes，不相似填 no，不确定可留空并在 notes 中说明。,,,,
pal_0063,modern_english_pop_0074,modern_english_pop_0065,modern_english_pop,modern_english_pop,"['folk', 'popfolk', 'soundtrack', 'pop', 'singersongwriter', 'chillout']","['pop', 'indie', 'latin', 'alternative']",,,E:\Desktop\Echo\storage\public\research_dataset_v3\modern_english_pop\audio\modern_english_pop_0074.mp3,E:\Desktop\Echo\storage\public\research_dataset_v3\modern_english_pop\audio\modern_english_pop_0065.mp3,,,1.9072844982147217,culture_centroid_entropy,请判断这两首曲目是否适合放在同一个歌单或相近的听歌场景里。请根据整体氛围、情绪基调和节奏能量判断它们是否相似；不要根据国家、语言、乐器或标签直接下结论。若相似填 yes，不相似填 no，不确定可留空并在 notes 中说明。,,,,
pal_0064,russia_0089,china_ctis_0022,russia,china,"[107, 18, 1235, 5]",T0255,Seven Lights,古筝,E:\Desktop\Echo\storage\public\research_dataset_v3\russia\audio\russia_0089.mp3,E:\Desktop\Echo\storage\public\research_dataset_v3\china\audio\china_ctis_0022.wav,,,1.9072844982147217,culture_centroid_entropy,请判断这两首曲目是否适合放在同一个歌单或相近的听歌场景里。请根据整体氛围、情绪基调和节奏能量判断它们是否相似；不要根据国家、语言、乐器或标签直接下结论。若相似填 yes，不相似填 no，不确定可留空并在 notes 中说明。,,,,
pal_0065,turkey_modern_0116,turkey_modern_0112,turkey,turkey,,,,,E:\Desktop\Echo\storage\public\research_dataset_v3\turkey\audio\turkey_modern_0116.mp3,E:\Desktop\Echo\storage\public\research_dataset_v3\turkey\audio\turkey_modern_0112.mp3,,,1.9072844982147217,culture_centroid_entropy,请判断这两首曲目是否适合放在同一个歌单或相近的听歌场景里。请根据整体氛围、情绪基调和节奏能量判断它们是否相似；不要根据国家、语言、乐器或标签直接下结论。若相似填 yes，不相似填 no，不确定可留空并在 notes 中说明。,,,,
pal_0066,china_ctis_0006,india_saraga_0095,china,india,D0241,Raag Bahar,编钟,Raag Bahar,E:\Desktop\Echo\storage\public\research_dataset_v3\china\audio\china_ctis_0006.wav,E:\Desktop\Echo\storage\public\research_dataset_v3\india\audio\india_saraga_0095.mp3,,,1.8636808395385742,culture_centroid_entropy,请判断这两首曲目是否适合放在同一个歌单或相近的听歌场景里。请根据整体氛围、情绪基调和节奏能量判断它们是否相似；不要根据国家、语言、乐器或标签直接下结论。若相似填 yes，不相似填 no，不确定可留空并在 notes 中说明。,,,,
pal_0067,china_jingju_0077,germany_0018,china,germany,lsxp,"[17, 107, 1235]",Wo_zheng_zai,Gabriel,E:\Desktop\Echo\storage\public\research_dataset_v3\china\audio\china_jingju_0077.wav,E:\Desktop\Echo\storage\public\research_dataset_v3\germany\audio\germany_0018.mp3,,,1.8636808395385742,culture_centroid_entropy,请判断这两首曲目是否适合放在同一个歌单或相近的听歌场景里。请根据整体氛围、情绪基调和节奏能量判断它们是否相似；不要根据国家、语言、乐器或标签直接下结论。若相似填 yes，不相似填 no，不确定可留空并在 notes 中说明。,,,,
pal_0068,france_0054,great_britain_0043,france,great_britain,[10],[],Séducteur loser,Smallville,E:\Desktop\Echo\storage\public\research_dataset_v3\france\audio\france_0054.mp3,E:\Desktop\Echo\storage\public\research_dataset_v3\great_britain\audio\great_britain_0043.mp3,,,1.8636808395385742,culture_centroid_entropy,请判断这两首曲目是否适合放在同一个歌单或相近的听歌场景里。请根据整体氛围、情绪基调和节奏能量判断它们是否相似；不要根据国家、语言、乐器或标签直接下结论。若相似填 yes，不相似填 no，不确定可留空并在 notes 中说明。,,,,
pal_0069,france_0086,china_opencpop_0013,france,china,[10],mandarin_pop,L'amour & ...,大鱼,E:\Desktop\Echo\storage\public\research_dataset_v3\france\audio\france_0086.mp3,E:\Desktop\Echo\storage\public\research_dataset_v3\china\audio\china_opencpop_0013.wav,,,1.8636808395385742,culture_centroid_entropy,请判断这两首曲目是否适合放在同一个歌单或相近的听歌场景里。请根据整体氛围、情绪基调和节奏能量判断它们是否相似；不要根据国家、语言、乐器或标签直接下结论。若相似填 yes，不相似填 no，不确定可留空并在 notes 中说明。,,,,
pal_0070,china_jingju_0066,china_jingju_0068,china,china,lsxp,lsxp,Jiang_shen_er,Jiang_shen_er,E:\Desktop\Echo\storage\public\research_dataset_v3\china\audio\china_jingju_0066.wav,E:\Desktop\Echo\storage\public\research_dataset_v3\china\audio\china_jingju_0068.wav,,,1.8636807203292847,culture_centroid_entropy,请判断这两首曲目是否适合放在同一个歌单或相近的听歌场景里。请根据整体氛围、情绪基调和节奏能量判断它们是否相似；不要根据国家、语言、乐器或标签直接下结论。若相似填 yes，不相似填 no，不确定可留空并在 notes 中说明。,,,,
pal_0071,germany_0038,germany_0059,germany,germany,[5],[5],Variatio 14 a 2 Clav.,Variatio 1 a 1 Clav.,E:\Desktop\Echo\storage\public\research_dataset_v3\germany\audio\germany_0038.mp3,E:\Desktop\Echo\storage\public\research_dataset_v3\germany\audio\germany_0059.mp3,,,1.8636807203292847,culture_centroid_entropy,请判断这两首曲目是否适合放在同一个歌单或相近的听歌场景里。请根据整体氛围、情绪基调和节奏能量判断它们是否相似；不要根据国家、语言、乐器或标签直接下结论。若相似填 yes，不相似填 no，不确定可留空并在 notes 中说明。,,,,
pal_0072,germany_0066,india_saraga_0037,germany,india,"[107, 1235]",Irani Bhairavi Thumri,Island,Irani Bhairavi Thumri,E:\Desktop\Echo\storage\public\research_dataset_v3\germany\audio\germany_0066.mp3,E:\Desktop\Echo\storage\public\research_dataset_v3\india\audio\india_saraga_0037.mp3,,,1.8636807203292847,culture_centroid_entropy,请判断这两首曲目是否适合放在同一个歌单或相近的听歌场景里。请根据整体氛围、情绪基调和节奏能量判断它们是否相似；不要根据国家、语言、乐器或标签直接下结论。若相似填 yes，不相似填 no，不确定可留空并在 notes 中说明。,,,,
pal_0073,great_britain_0003,italy_0087,great_britain,italy,"[107, 18, 1235]","[137, 9]",Swan ride,Io Non Uso La Schiuma,E:\Desktop\Echo\storage\public\research_dataset_v3\great_britain\audio\great_britain_0003.mp3,E:\Desktop\Echo\storage\public\research_dataset_v3\italy\audio\italy_0087.mp3,,,1.8636807203292847,culture_centroid_entropy,请判断这两首曲目是否适合放在同一个歌单或相近的听歌场景里。请根据整体氛围、情绪基调和节奏能量判断它们是否相似；不要根据国家、语言、乐器或标签直接下结论。若相似填 yes，不相似填 no，不确定可留空并在 notes 中说明。,,,,
pal_0074,great_britain_0035,russia_0063,great_britain,russia,[],"[107, 1235]",Fractal,Train Travel,E:\Desktop\Echo\storage\public\research_dataset_v3\great_britain\audio\great_britain_0035.mp3,E:\Desktop\Echo\storage\public\research_dataset_v3\russia\audio\russia_0063.mp3,,,1.8636807203292847,culture_centroid_entropy,请判断这两首曲目是否适合放在同一个歌单或相近的听歌场景里。请根据整体氛围、情绪基调和节奏能量判断它们是否相似；不要根据国家、语言、乐器或标签直接下结论。若相似填 yes，不相似填 no，不确定可留空并在 notes 中说明。,,,,
pal_0075,india_saraga_0024,india_saraga_0018,india,india,Shrutinandan Concept - an Introduction by Pandit Ajoy Chakrabarty,Lyrics of all the Bandishes,Shrutinandan Concept - an Introduction by Pandit Ajoy Chakrabarty,Lyrics of all the Bandishes,E:\Desktop\Echo\storage\public\research_dataset_v3\india\audio\india_saraga_0024.mp3,E:\Desktop\Echo\storage\public\research_dataset_v3\india\audio\india_saraga_0018.mp3,,,1.8636807203292847,culture_centroid_entropy,请判断这两首曲目是否适合放在同一个歌单或相近的听歌场景里。请根据整体氛围、情绪基调和节奏能量判断它们是否相似；不要根据国家、语言、乐器或标签直接下结论。若相似填 yes，不相似填 no，不确定可留空并在 notes 中说明。,,,,
pal_0076,india_saraga_0106,india_saraga_0063,india,india,Raga Shree - Khayal,Raag Bihag,Raga Shree - Khayal,Raag Bihag,E:\Desktop\Echo\storage\public\research_dataset_v3\india\audio\india_saraga_0106.mp3,E:\Desktop\Echo\storage\public\research_dataset_v3\india\audio\india_saraga_0063.mp3,,,1.8636807203292847,culture_centroid_entropy,请判断这两首曲目是否适合放在同一个歌单或相近的听歌场景里。请根据整体氛围、情绪基调和节奏能量判断它们是否相似；不要根据国家、语言、乐器或标签直接下结论。若相似填 yes，不相似填 no，不确定可留空并在 notes 中说明。,,,,
pal_0077,indonesia_fma_0009,indonesia_fma_0012,indonesia,indonesia,"[""Free-Folk"", ""Pop"", ""Folk""]","[""Free-Folk"", ""Pop"", ""Folk""]",Cinta Itu Sengit,Untuk Anakku Dan Anak Dari Anak-Anakku,E:\Desktop\Echo\storage\public\research_dataset_v3\indonesia\audio\indonesia_fma_0009.mp3,E:\Desktop\Echo\storage\public\research_dataset_v3\indonesia\audio\indonesia_fma_0012.mp3,,,1.8636807203292847,culture_centroid_entropy,请判断这两首曲目是否适合放在同一个歌单或相近的听歌场景里。请根据整体氛围、情绪基调和节奏能量判断它们是否相似；不要根据国家、语言、乐器或标签直接下结论。若相似填 yes，不相似填 no，不确定可留空并在 notes 中说明。,,,,
pal_0078,italy_0066,great_britain_0044,italy,great_britain,"[18, 1235]",[3],Stars ice cold,Dog With the No-Bone Blues,E:\Desktop\Echo\storage\public\research_dataset_v3\italy\audio\italy_0066.mp3,E:\Desktop\Echo\storage\public\research_dataset_v3\great_britain\audio\great_britain_0044.mp3,,,1.8636807203292847,culture_centroid_entropy,请判断这两首曲目是否适合放在同一个歌单或相近的听歌场景里。请根据整体氛围、情绪基调和节奏能量判断它们是否相似；不要根据国家、语言、乐器或标签直接下结论。若相似填 yes，不相似填 no，不确定可留空并在 notes 中说明。,,,,
pal_0079,italy_0097,russia_0033,italy,russia,[4],"[74, 4]",03 Ballata Del Felipe,VII,E:\Desktop\Echo\storage\public\research_dataset_v3\italy\audio\italy_0097.mp3,E:\Desktop\Echo\storage\public\research_dataset_v3\russia\audio\russia_0033.mp3,,,1.8636807203292847,culture_centroid_entropy,请判断这两首曲目是否适合放在同一个歌单或相近的听歌场景里。请根据整体氛围、情绪基调和节奏能量判断它们是否相似；不要根据国家、语言、乐器或标签直接下结论。若相似填 yes，不相似填 no，不确定可留空并在 notes 中说明。,,,,
pal_0080,russia_0025,modern_english_pop_0102,russia,modern_english_pop,"[33, 3, 810, 13, 17]","['folk', 'pop', 'singersongwriter', 'popfolk']",I'm changing myself,,E:\Desktop\Echo\storage\public\research_dataset_v3\russia\audio\russia_0025.mp3,E:\Desktop\Echo\storage\public\research_dataset_v3\modern_english_pop\audio\modern_english_pop_0102.mp3,,,1.8636807203292847,culture_centroid_entropy,请判断这两首曲目是否适合放在同一个歌单或相近的听歌场景里。请根据整体氛围、情绪基调和节奏能量判断它们是否相似；不要根据国家、语言、乐器或标签直接下结论。若相似填 yes，不相似填 no，不确定可留空并在 notes 中说明。,,,,
pal_0081,russia_0040,italy_0095,russia,italy,[4],[4],Baritone Saxophone,Head Bone,E:\Desktop\Echo\storage\public\research_dataset_v3\russia\audio\russia_0040.mp3,E:\Desktop\Echo\storage\public\research_dataset_v3\italy\audio\italy_0095.mp3,,,1.8636807203292847,culture_centroid_entropy,请判断这两首曲目是否适合放在同一个歌单或相近的听歌场景里。请根据整体氛围、情绪基调和节奏能量判断它们是否相似；不要根据国家、语言、乐器或标签直接下结论。若相似填 yes，不相似填 no，不确定可留空并在 notes 中说明。,,,,
pal_0082,russia_0093,italy_0030,russia,italy,"[18, 1235, 5]","[267, 1235]",Back to Home,Sunshine After Rain,E:\Desktop\Echo\storage\public\research_dataset_v3\russia\audio\russia_0093.mp3,E:\Desktop\Echo\storage\public\research_dataset_v3\italy\audio\italy_0030.mp3,,,1.8636807203292847,culture_centroid_entropy,请判断这两首曲目是否适合放在同一个歌单或相近的听歌场景里。请根据整体氛围、情绪基调和节奏能量判断它们是否相似；不要根据国家、语言、乐器或标签直接下结论。若相似填 yes，不相似填 no，不确定可留空并在 notes 中说明。,,,,
pal_0083,china_ctis_0064,china_jingju_0068,china,china,C0308,lsxp,吐良,Jiang_shen_er,E:\Desktop\Echo\storage\public\research_dataset_v3\china\audio\china_ctis_0064.wav,E:\Desktop\Echo\storage\public\research_dataset_v3\china\audio\china_jingju_0068.wav,,,1.8636806011199951,culture_centroid_entropy,请判断这两首曲目是否适合放在同一个歌单或相近的听歌场景里。请根据整体氛围、情绪基调和节奏能量判断它们是否相似；不要根据国家、语言、乐器或标签直接下结论。若相似填 yes，不相似填 no，不确定可留空并在 notes 中说明。,,,,
pal_0084,china_jingju_0035,germany_0070,china,germany,daxp,"[10, 76]",Wo_Hong_niang,Sheep,E:\Desktop\Echo\storage\public\research_dataset_v3\china\audio\china_jingju_0035.wav,E:\Desktop\Echo\storage\public\research_dataset_v3\germany\audio\germany_0070.mp3,,,1.8636806011199951,culture_centroid_entropy,请判断这两首曲目是否适合放在同一个歌单或相近的听歌场景里。请根据整体氛围、情绪基调和节奏能量判断它们是否相似；不要根据国家、语言、乐器或标签直接下结论。若相似填 yes，不相似填 no，不确定可留空并在 notes 中说明。,,,,
pal_0085,france_0002,great_britain_0052,france,great_britain,[1235],[],opening credits,Yuzhmash,E:\Desktop\Echo\storage\public\research_dataset_v3\france\audio\france_0002.mp3,E:\Desktop\Echo\storage\public\research_dataset_v3\great_britain\audio\great_britain_0052.mp3,,,1.8636806011199951,culture_centroid_entropy,请判断这两首曲目是否适合放在同一个歌单或相近的听歌场景里。请根据整体氛围、情绪基调和节奏能量判断它们是否相似；不要根据国家、语言、乐器或标签直接下结论。若相似填 yes，不相似填 no，不确定可留空并在 notes 中说明。,,,,
pal_0086,france_0015,france_0026,france,france,[17],"[19, 14]",12 _ i am not dying slowly,Be Africa,E:\Desktop\Echo\storage\public\research_dataset_v3\france\audio\france_0015.mp3,E:\Desktop\Echo\storage\public\research_dataset_v3\france\audio\france_0026.mp3,,,1.8636806011199951,culture_centroid_entropy,请判断这两首曲目是否适合放在同一个歌单或相近的听歌场景里。请根据整体氛围、情绪基调和节奏能量判断它们是否相似；不要根据国家、语言、乐器或标签直接下结论。若相似填 yes，不相似填 no，不确定可留空并在 notes 中说明。,,,,
pal_0087,france_0046,great_britain_0046,france,great_britain,[],[],Dil - Live at Cafe OTO,Man Eating Badgers Of Basra,E:\Desktop\Echo\storage\public\research_dataset_v3\france\audio\france_0046.mp3,E:\Desktop\Echo\storage\public\research_dataset_v3\great_britain\audio\great_britain_0046.mp3,,,1.8636806011199951,culture_centroid_entropy,请判断这两首曲目是否适合放在同一个歌单或相近的听歌场景里。请根据整体氛围、情绪基调和节奏能量判断它们是否相似；不要根据国家、语言、乐器或标签直接下结论。若相似填 yes，不相似填 no，不确定可留空并在 notes 中说明。,,,,
pal_0088,france_0048,italy_0000,france,italy,"[17, 18, 1235]","[18, 1235, 13]",Free To Use 9,Rebirth of the Golden Sun,E:\Desktop\Echo\storage\public\research_dataset_v3\france\audio\france_0048.mp3,E:\Desktop\Echo\storage\public\research_dataset_v3\italy\audio\italy_0000.mp3,,,1.8636806011199951,culture_centroid_entropy,请判断这两首曲目是否适合放在同一个歌单或相近的听歌场景里。请根据整体氛围、情绪基调和节奏能量判断它们是否相似；不要根据国家、语言、乐器或标签直接下结论。若相似填 yes，不相似填 no，不确定可留空并在 notes 中说明。,,,,
pal_0089,france_0062,modern_english_pop_0003,france,modern_english_pop,[17],"['pop', 'minimal']",Instrumentale I,,E:\Desktop\Echo\storage\public\research_dataset_v3\france\audio\france_0062.mp3,E:\Desktop\Echo\storage\public\research_dataset_v3\modern_english_pop\audio\modern_english_pop_0003.mp3,,,1.8636806011199951,culture_centroid_entropy,请判断这两首曲目是否适合放在同一个歌单或相近的听歌场景里。请根据整体氛围、情绪基调和节奏能量判断它们是否相似；不要根据国家、语言、乐器或标签直接下结论。若相似填 yes，不相似填 no，不确定可留空并在 notes 中说明。,,,,
pal_0090,france_0084,france_0016,france,france,"[10, 76]",[17],Lounge Light,High Tide/Low Tide,E:\Desktop\Echo\storage\public\research_dataset_v3\france\audio\france_0084.mp3,E:\Desktop\Echo\storage\public\research_dataset_v3\france\audio\france_0016.mp3,,,1.8636806011199951,culture_centroid_entropy,请判断这两首曲目是否适合放在同一个歌单或相近的听歌场景里。请根据整体氛围、情绪基调和节奏能量判断它们是否相似；不要根据国家、语言、乐器或标签直接下结论。若相似填 yes，不相似填 no，不确定可留空并在 notes 中说明。,,,,
pal_0091,germany_0012,turkey_modern_0128,germany,turkey,"[17, 33]",,Old Wedding Song,,E:\Desktop\Echo\storage\public\research_dataset_v3\germany\audio\germany_0012.mp3,E:\Desktop\Echo\storage\public\research_dataset_v3\turkey\audio\turkey_modern_0128.mp3,,,1.8636806011199951,culture_centroid_entropy,请判断这两首曲目是否适合放在同一个歌单或相近的听歌场景里。请根据整体氛围、情绪基调和节奏能量判断它们是否相似；不要根据国家、语言、乐器或标签直接下结论。若相似填 yes，不相似填 no，不确定可留空并在 notes 中说明。,,,,
pal_0092,germany_0030,italy_0076,germany,italy,[],"[18, 1235]",Hilot Lilanth (DE) & Evolution Control Committee (USA),In shadows,E:\Desktop\Echo\storage\public\research_dataset_v3\germany\audio\germany_0030.mp3,E:\Desktop\Echo\storage\public\research_dataset_v3\italy\audio\italy_0076.mp3,,,1.8636806011199951,culture_centroid_entropy,请判断这两首曲目是否适合放在同一个歌单或相近的听歌场景里。请根据整体氛围、情绪基调和节奏能量判断它们是否相似；不要根据国家、语言、乐器或标签直接下结论。若相似填 yes，不相似填 no，不确定可留空并在 notes 中说明。,,,,
pal_0093,germany_0060,germany_0003,germany,germany,"[322, 4, 5]","[322, 4, 5]",glonn,when,E:\Desktop\Echo\storage\public\research_dataset_v3\germany\audio\germany_0060.mp3,E:\Desktop\Echo\storage\public\research_dataset_v3\germany\audio\germany_0003.mp3,,,1.8636806011199951,culture_centroid_entropy,请判断这两首曲目是否适合放在同一个歌单或相近的听歌场景里。请根据整体氛围、情绪基调和节奏能量判断它们是否相似；不要根据国家、语言、乐器或标签直接下结论。若相似填 yes，不相似填 no，不确定可留空并在 notes 中说明。,,,,
pal_0094,germany_0064,great_britain_0097,germany,great_britain,"[18, 1235]","[17, 103]",Slow Motion,Night & Day,E:\Desktop\Echo\storage\public\research_dataset_v3\germany\audio\germany_0064.mp3,E:\Desktop\Echo\storage\public\research_dataset_v3\great_britain\audio\great_britain_0097.mp3,,,1.8636806011199951,culture_centroid_entropy,请判断这两首曲目是否适合放在同一个歌单或相近的听歌场景里。请根据整体氛围、情绪基调和节奏能量判断它们是否相似；不要根据国家、语言、乐器或标签直接下结论。若相似填 yes，不相似填 no，不确定可留空并在 notes 中说明。,,,,
pal_0095,germany_0079,germany_0036,germany,germany,"[1235, 4, 5]","[17, 4, 5, 103]",Hippie House Pianoversion,Beauftiful Memories,E:\Desktop\Echo\storage\public\research_dataset_v3\germany\audio\germany_0079.mp3,E:\Desktop\Echo\storage\public\research_dataset_v3\germany\audio\germany_0036.mp3,,,1.8636806011199951,culture_centroid_entropy,请判断这两首曲目是否适合放在同一个歌单或相近的听歌场景里。请根据整体氛围、情绪基调和节奏能量判断它们是否相似；不要根据国家、语言、乐器或标签直接下结论。若相似填 yes，不相似填 no，不确定可留空并在 notes 中说明。,,,,
pal_0096,germany_0084,russia_0103,germany,russia,"[17, 107, 4, 1235]","[107, 18, 1235, 5]",Isle of the little branches (ID 358),Jump In Infinity,E:\Desktop\Echo\storage\public\research_dataset_v3\germany\audio\germany_0084.mp3,E:\Desktop\Echo\storage\public\research_dataset_v3\russia\audio\russia_0103.mp3,,,1.8636806011199951,culture_centroid_entropy,请判断这两首曲目是否适合放在同一个歌单或相近的听歌场景里。请根据整体氛围、情绪基调和节奏能量判断它们是否相似；不要根据国家、语言、乐器或标签直接下结论。若相似填 yes，不相似填 no，不确定可留空并在 notes 中说明。,,,,
pal_0097,great_britain_0008,china_jingju_0035,great_britain,china,"[107, 1235]",daxp,Hanami (花見),Wo_Hong_niang,E:\Desktop\Echo\storage\public\research_dataset_v3\great_britain\audio\great_britain_0008.mp3,E:\Desktop\Echo\storage\public\research_dataset_v3\china\audio\china_jingju_0035.wav,,,1.8636806011199951,culture_centroid_entropy,请判断这两首曲目是否适合放在同一个歌单或相近的听歌场景里。请根据整体氛围、情绪基调和节奏能量判断它们是否相似；不要根据国家、语言、乐器或标签直接下结论。若相似填 yes，不相似填 no，不确定可留空并在 notes 中说明。,,,,
pal_0098,great_britain_0050,great_britain_0096,great_britain,great_britain,"[74, 4]","[1235, 33, 107, 17]",untitled,COTDcomp3-02,E:\Desktop\Echo\storage\public\research_dataset_v3\great_britain\audio\great_britain_0050.mp3,E:\Desktop\Echo\storage\public\research_dataset_v3\great_britain\audio\great_britain_0096.mp3,,,1.8636806011199951,culture_centroid_entropy,请判断这两首曲目是否适合放在同一个歌单或相近的听歌场景里。请根据整体氛围、情绪基调和节奏能量判断它们是否相似；不要根据国家、语言、乐器或标签直接下结论。若相似填 yes，不相似填 no，不确定可留空并在 notes 中说明。,,,,
pal_0099,great_britain_0053,turkey_modern_0071,great_britain,turkey,"[10, 76]",,Silk Wheels,,E:\Desktop\Echo\storage\public\research_dataset_v3\great_britain\audio\great_britain_0053.mp3,E:\Desktop\Echo\storage\public\research_dataset_v3\turkey\audio\turkey_modern_0071.mp3,,,1.8636806011199951,culture_centroid_entropy,请判断这两首曲目是否适合放在同一个歌单或相近的听歌场景里。请根据整体氛围、情绪基调和节奏能量判断它们是否相似；不要根据国家、语言、乐器或标签直接下结论。若相似填 yes，不相似填 no，不确定可留空并在 notes 中说明。,,,,
pal_0100,great_britain_0096,germany_0024,great_britain,germany,"[1235, 33, 107, 17]",[],COTDcomp3-02,Keep On Struggle,E:\Desktop\Echo\storage\public\research_dataset_v3\great_britain\audio\great_britain_0096.mp3,E:\Desktop\Echo\storage\public\research_dataset_v3\germany\audio\germany_0024.mp3,,,1.8636806011199951,culture_centroid_entropy,请判断这两首曲目是否适合放在同一个歌单或相近的听歌场景里。请根据整体氛围、情绪基调和节奏能量判断它们是否相似；不要根据国家、语言、乐器或标签直接下结论。若相似填 yes，不相似填 no，不确定可留空并在 notes 中说明。,,,,
pal_0101,india_saraga_0001,india_saraga_0004,india,india,Raag Dagori_Deepki,Raag Jogiya,Raag Dagori_Deepki,Raag Jogiya,E:\Desktop\Echo\storage\public\research_dataset_v3\india\audio\india_saraga_0001.mp3,E:\Desktop\Echo\storage\public\research_dataset_v3\india\audio\india_saraga_0004.mp3,,,1.8636806011199951,culture_centroid_entropy,请判断这两首曲目是否适合放在同一个歌单或相近的听歌场景里。请根据整体氛围、情绪基调和节奏能量判断它们是否相似；不要根据国家、语言、乐器或标签直接下结论。若相似填 yes，不相似填 no，不确定可留空并在 notes 中说明。,,,,
pal_0102,india_saraga_0011,india_saraga_0006,india,india,Raag Sohani,Raag Khokar,Raag Sohani,Raag Khokar,E:\Desktop\Echo\storage\public\research_dataset_v3\india\audio\india_saraga_0011.mp3,E:\Desktop\Echo\storage\public\research_dataset_v3\india\audio\india_saraga_0006.mp3,,,1.8636806011199951,culture_centroid_entropy,请判断这两首曲目是否适合放在同一个歌单或相近的听歌场景里。请根据整体氛围、情绪基调和节奏能量判断它们是否相似；不要根据国家、语言、乐器或标签直接下结论。若相似填 yes，不相似填 no，不确定可留空并在 notes 中说明。,,,,
pal_0103,india_saraga_0012,india_saraga_0013,india,india,Raag Sooha Kanada,Raag Triveni,Raag Sooha Kanada,Raag Triveni,E:\Desktop\Echo\storage\public\research_dataset_v3\india\audio\india_saraga_0012.mp3,E:\Desktop\Echo\storage\public\research_dataset_v3\india\audio\india_saraga_0013.mp3,,,1.8636806011199951,culture_centroid_entropy,请判断这两首曲目是否适合放在同一个歌单或相近的听歌场景里。请根据整体氛围、情绪基调和节奏能量判断它们是否相似；不要根据国家、语言、乐器或标签直接下结论。若相似填 yes，不相似填 no，不确定可留空并在 notes 中说明。,,,,
pal_0104,india_saraga_0013,india_saraga_0099,india,india,Raag Triveni,Bhairavi Thumri,Raag Triveni,Bhairavi Thumri,E:\Desktop\Echo\storage\public\research_dataset_v3\india\audio\india_saraga_0013.mp3,E:\Desktop\Echo\storage\public\research_dataset_v3\india\audio\india_saraga_0099.mp3,,,1.8636806011199951,culture_centroid_entropy,请判断这两首曲目是否适合放在同一个歌单或相近的听歌场景里。请根据整体氛围、情绪基调和节奏能量判断它们是否相似；不要根据国家、语言、乐器或标签直接下结论。若相似填 yes，不相似填 no，不确定可留空并在 notes 中说明。,,,,
pal_0105,india_saraga_0049,india_saraga_0074,india,india,Raag Bahar,Raag Kedar,Raag Bahar,Raag Kedar,E:\Desktop\Echo\storage\public\research_dataset_v3\india\audio\india_saraga_0049.mp3,E:\Desktop\Echo\storage\public\research_dataset_v3\india\audio\india_saraga_0074.mp3,,,1.8636806011199951,culture_centroid_entropy,请判断这两首曲目是否适合放在同一个歌单或相近的听歌场景里。请根据整体氛围、情绪基调和节奏能量判断它们是否相似；不要根据国家、语言、乐器或标签直接下结论。若相似填 yes，不相似填 no，不确定可留空并在 notes 中说明。,,,,
pal_0106,india_saraga_0083,turkey_modern_0146,india,turkey,Raag Hameer,,Raag Hameer,,E:\Desktop\Echo\storage\public\research_dataset_v3\india\audio\india_saraga_0083.mp3,E:\Desktop\Echo\storage\public\research_dataset_v3\turkey\audio\turkey_modern_0146.mp3,,,1.8636806011199951,culture_centroid_entropy,请判断这两首曲目是否适合放在同一个歌单或相近的听歌场景里。请根据整体氛围、情绪基调和节奏能量判断它们是否相似；不要根据国家、语言、乐器或标签直接下结论。若相似填 yes，不相似填 no，不确定可留空并在 notes 中说明。,,,,
pal_0107,india_saraga_0100,india_saraga_0099,india,india,Raag Lalit Pancham,Bhairavi Thumri,Raag Lalit Pancham,Bhairavi Thumri,E:\Desktop\Echo\storage\public\research_dataset_v3\india\audio\india_saraga_0100.mp3,E:\Desktop\Echo\storage\public\research_dataset_v3\india\audio\india_saraga_0099.mp3,,,1.8636806011199951,culture_centroid_entropy,请判断这两首曲目是否适合放在同一个歌单或相近的听歌场景里。请根据整体氛围、情绪基调和节奏能量判断它们是否相似；不要根据国家、语言、乐器或标签直接下结论。若相似填 yes，不相似填 no，不确定可留空并在 notes 中说明。,,,,
pal_0108,indonesia_fma_0013,france_0055,indonesia,france,[],"[3, 443, 5, 567]",By Thousand Years You Can See The Stars Shine Again,Let us break bread (Negro Spiritual),E:\Desktop\Echo\storage\public\research_dataset_v3\indonesia\audio\indonesia_fma_0013.mp3,E:\Desktop\Echo\storage\public\research_dataset_v3\france\audio\france_0055.mp3,,,1.8636806011199951,culture_centroid_entropy,请判断这两首曲目是否适合放在同一个歌单或相近的听歌场景里。请根据整体氛围、情绪基调和节奏能量判断它们是否相似；不要根据国家、语言、乐器或标签直接下结论。若相似填 yes，不相似填 no，不确定可留空并在 notes 中说明。,,,,
pal_0109,indonesia_gamelan_0006,italy_0052,indonesia,italy,orchestra/mixture,"[18, 1235, 13]",,Burn me Alive,E:\Desktop\Echo\storage\public\research_dataset_v3\indonesia\audio\indonesia_gamelan_0006.wav,E:\Desktop\Echo\storage\public\research_dataset_v3\italy\audio\italy_0052.mp3,,,1.8636806011199951,culture_centroid_entropy,请判断这两首曲目是否适合放在同一个歌单或相近的听歌场景里。请根据整体氛围、情绪基调和节奏能量判断它们是否相似；不要根据国家、语言、乐器或标签直接下结论。若相似填 yes，不相似填 no，不确定可留空并在 notes 中说明。,,,,
pal_0110,indonesia_gamelan_0009,indonesia_gamelan_0008,indonesia,indonesia,orchestra/mixture,orchestra/mixture,,,E:\Desktop\Echo\storage\public\research_dataset_v3\indonesia\audio\indonesia_gamelan_0009.wav,E:\Desktop\Echo\storage\public\research_dataset_v3\indonesia\audio\indonesia_gamelan_0008.wav,,,1.8636806011199951,culture_centroid_entropy,请判断这两首曲目是否适合放在同一个歌单或相近的听歌场景里。请根据整体氛围、情绪基调和节奏能量判断它们是否相似；不要根据国家、语言、乐器或标签直接下结论。若相似填 yes，不相似填 no，不确定可留空并在 notes 中说明。,,,,
pal_0111,italy_0027,turkey_modern_0034,italy,turkey,[4],,The Flute in a Barrel,,E:\Desktop\Echo\storage\public\research_dataset_v3\italy\audio\italy_0027.mp3,E:\Desktop\Echo\storage\public\research_dataset_v3\turkey\audio\turkey_modern_0034.mp3,,,1.8636806011199951,culture_centroid_entropy,请判断这两首曲目是否适合放在同一个歌单或相近的听歌场景里。请根据整体氛围、情绪基调和节奏能量判断它们是否相似；不要根据国家、语言、乐器或标签直接下结论。若相似填 yes，不相似填 no，不确定可留空并在 notes 中说明。,,,,
pal_0112,italy_0030,russia_0093,italy,russia,"[267, 1235]","[18, 1235, 5]",Sunshine After Rain,Back to Home,E:\Desktop\Echo\storage\public\research_dataset_v3\italy\audio\italy_0030.mp3,E:\Desktop\Echo\storage\public\research_dataset_v3\russia\audio\russia_0093.mp3,,,1.8636806011199951,culture_centroid_entropy,请判断这两首曲目是否适合放在同一个歌单或相近的听歌场景里。请根据整体氛围、情绪基调和节奏能量判断它们是否相似；不要根据国家、语言、乐器或标签直接下结论。若相似填 yes，不相似填 no，不确定可留空并在 notes 中说明。,,,,
pal_0113,italy_0034,italy_0012,italy,italy,"[1235, 5]","[1235, 5]",Born and Died in Florence,In Her Name,E:\Desktop\Echo\storage\public\research_dataset_v3\italy\audio\italy_0034.mp3,E:\Desktop\Echo\storage\public\research_dataset_v3\italy\audio\italy_0012.mp3,,,1.8636806011199951,culture_centroid_entropy,请判断这两首曲目是否适合放在同一个歌单或相近的听歌场景里。请根据整体氛围、情绪基调和节奏能量判断它们是否相似；不要根据国家、语言、乐器或标签直接下结论。若相似填 yes，不相似填 no，不确定可留空并在 notes 中说明。,,,,
pal_0114,italy_0058,russia_0050,italy,russia,"[18, 1235, 13]","[18, 1235]",Monochromatic Journey,Crystal Echoes,E:\Desktop\Echo\storage\public\research_dataset_v3\italy\audio\italy_0058.mp3,E:\Desktop\Echo\storage\public\research_dataset_v3\russia\audio\russia_0050.mp3,,,1.8636806011199951,culture_centroid_entropy,请判断这两首曲目是否适合放在同一个歌单或相近的听歌场景里。请根据整体氛围、情绪基调和节奏能量判断它们是否相似；不要根据国家、语言、乐器或标签直接下结论。若相似填 yes，不相似填 no，不确定可留空并在 notes 中说明。,,,,
pal_0115,italy_0102,germany_0026,italy,germany,[4],"[810, 13]",01 Savarnah,Whaledive,E:\Desktop\Echo\storage\public\research_dataset_v3\italy\audio\italy_0102.mp3,E:\Desktop\Echo\storage\public\research_dataset_v3\germany\audio\germany_0026.mp3,,,1.8636806011199951,culture_centroid_entropy,请判断这两首曲目是否适合放在同一个歌单或相近的听歌场景里。请根据整体氛围、情绪基调和节奏能量判断它们是否相似；不要根据国家、语言、乐器或标签直接下结论。若相似填 yes，不相似填 no，不确定可留空并在 notes 中说明。,,,,
pal_0116,modern_english_pop_0015,france_0084,modern_english_pop,france,"['groove', 'pop']","[10, 76]",,Lounge Light,E:\Desktop\Echo\storage\public\research_dataset_v3\modern_english_pop\audio\modern_english_pop_0015.mp3,E:\Desktop\Echo\storage\public\research_dataset_v3\france\audio\france_0084.mp3,,,1.8636806011199951,culture_centroid_entropy,请判断这两首曲目是否适合放在同一个歌单或相近的听歌场景里。请根据整体氛围、情绪基调和节奏能量判断它们是否相似；不要根据国家、语言、乐器或标签直接下结论。若相似填 yes，不相似填 no，不确定可留空并在 notes 中说明。,,,,
pal_0117,modern_english_pop_0017,russia_0018,modern_english_pop,russia,"['groove', 'pop']","[107, 1235]",,Falling Garden,E:\Desktop\Echo\storage\public\research_dataset_v3\modern_english_pop\audio\modern_english_pop_0017.mp3,E:\Desktop\Echo\storage\public\research_dataset_v3\russia\audio\russia_0018.mp3,,,1.8636806011199951,culture_centroid_entropy,请判断这两首曲目是否适合放在同一个歌单或相近的听歌场景里。请根据整体氛围、情绪基调和节奏能量判断它们是否相似；不要根据国家、语言、乐器或标签直接下结论。若相似填 yes，不相似填 no，不确定可留空并在 notes 中说明。,,,,
pal_0118,modern_english_pop_0023,france_0084,modern_english_pop,france,"['pop', 'alternative']","[10, 76]",,Lounge Light,E:\Desktop\Echo\storage\public\research_dataset_v3\modern_english_pop\audio\modern_english_pop_0023.mp3,E:\Desktop\Echo\storage\public\research_dataset_v3\france\audio\france_0084.mp3,,,1.8636806011199951,culture_centroid_entropy,请判断这两首曲目是否适合放在同一个歌单或相近的听歌场景里。请根据整体氛围、情绪基调和节奏能量判断它们是否相似；不要根据国家、语言、乐器或标签直接下结论。若相似填 yes，不相似填 no，不确定可留空并在 notes 中说明。,,,,
pal_0119,modern_english_pop_0069,germany_0095,modern_english_pop,germany,"['folk', 'instrumentalpop']","[17, 3, 4, 103]",,Springtime,E:\Desktop\Echo\storage\public\research_dataset_v3\modern_english_pop\audio\modern_english_pop_0069.mp3,E:\Desktop\Echo\storage\public\research_dataset_v3\germany\audio\germany_0095.mp3,,,1.8636806011199951,culture_centroid_entropy,请判断这两首曲目是否适合放在同一个歌单或相近的听歌场景里。请根据整体氛围、情绪基调和节奏能量判断它们是否相似；不要根据国家、语言、乐器或标签直接下结论。若相似填 yes，不相似填 no，不确定可留空并在 notes 中说明。,,,,
pal_0120,russia_0008,russia_0036,russia,russia,"[659, 5, 1235]","[659, 5, 1235]",rainy sun,la dance nostalgique,E:\Desktop\Echo\storage\public\research_dataset_v3\russia\audio\russia_0008.mp3,E:\Desktop\Echo\storage\public\research_dataset_v3\russia\audio\russia_0036.mp3,,,1.8636806011199951,culture_centroid_entropy,请判断这两首曲目是否适合放在同一个歌单或相近的听歌场景里。请根据整体氛围、情绪基调和节奏能量判断它们是否相似；不要根据国家、语言、乐器或标签直接下结论。若相似填 yes，不相似填 no，不确定可留空并在 notes 中说明。,,,,
pal_0121,russia_0036,germany_0003,russia,germany,"[659, 5, 1235]","[322, 4, 5]",la dance nostalgique,when,E:\Desktop\Echo\storage\public\research_dataset_v3\russia\audio\russia_0036.mp3,E:\Desktop\Echo\storage\public\research_dataset_v3\germany\audio\germany_0003.mp3,,,1.8636806011199951,culture_centroid_entropy,请判断这两首曲目是否适合放在同一个歌单或相近的听歌场景里。请根据整体氛围、情绪基调和节奏能量判断它们是否相似；不要根据国家、语言、乐器或标签直接下结论。若相似填 yes，不相似填 no，不确定可留空并在 notes 中说明。,,,,
pal_0122,russia_0064,great_britain_0053,russia,great_britain,"[107, 1235]","[10, 76]",Dead Voices,Silk Wheels,E:\Desktop\Echo\storage\public\research_dataset_v3\russia\audio\russia_0064.mp3,E:\Desktop\Echo\storage\public\research_dataset_v3\great_britain\audio\great_britain_0053.mp3,,,1.8636806011199951,culture_centroid_entropy,请判断这两首曲目是否适合放在同一个歌单或相近的听歌场景里。请根据整体氛围、情绪基调和节奏能量判断它们是否相似；不要根据国家、语言、乐器或标签直接下结论。若相似填 yes，不相似填 no，不确定可留空并在 notes 中说明。,,,,
pal_0123,russia_0091,france_0018,russia,france,"[107, 5, 1235]","[17, 103, 49]",Dance With Me,Pie Bwa,E:\Desktop\Echo\storage\public\research_dataset_v3\russia\audio\russia_0091.mp3,E:\Desktop\Echo\storage\public\research_dataset_v3\france\audio\france_0018.mp3,,,1.8636806011199951,culture_centroid_entropy,请判断这两首曲目是否适合放在同一个歌单或相近的听歌场景里。请根据整体氛围、情绪基调和节奏能量判断它们是否相似；不要根据国家、语言、乐器或标签直接下结论。若相似填 yes，不相似填 no，不确定可留空并在 notes 中说明。,,,,
pal_0124,turkey_modern_0054,modern_english_pop_0050,turkey,modern_english_pop,,"['folk', 'instrumentalpop']",,,E:\Desktop\Echo\storage\public\research_dataset_v3\turkey\audio\turkey_modern_0054.mp3,E:\Desktop\Echo\storage\public\research_dataset_v3\modern_english_pop\audio\modern_english_pop_0050.mp3,,,1.8636806011199951,culture_centroid_entropy,请判断这两首曲目是否适合放在同一个歌单或相近的听歌场景里。请根据整体氛围、情绪基调和节奏能量判断它们是否相似；不要根据国家、语言、乐器或标签直接下结论。若相似填 yes，不相似填 no，不确定可留空并在 notes 中说明。,,,,
pal_0125,turkey_modern_0065,turkey_modern_0016,turkey,turkey,,,,,E:\Desktop\Echo\storage\public\research_dataset_v3\turkey\audio\turkey_modern_0065.mp3,E:\Desktop\Echo\storage\public\research_dataset_v3\turkey\audio\turkey_modern_0016.mp3,,,1.8636806011199951,culture_centroid_entropy,请判断这两首曲目是否适合放在同一个歌单或相近的听歌场景里。请根据整体氛围、情绪基调和节奏能量判断它们是否相似；不要根据国家、语言、乐器或标签直接下结论。若相似填 yes，不相似填 no，不确定可留空并在 notes 中说明。,,,,
pal_0126,turkey_modern_0085,india_saraga_0063,turkey,india,,Raag Bihag,,Raag Bihag,E:\Desktop\Echo\storage\public\research_dataset_v3\turkey\audio\turkey_modern_0085.mp3,E:\Desktop\Echo\storage\public\research_dataset_v3\india\audio\india_saraga_0063.mp3,,,1.8636806011199951,culture_centroid_entropy,请判断这两首曲目是否适合放在同一个歌单或相近的听歌场景里。请根据整体氛围、情绪基调和节奏能量判断它们是否相似；不要根据国家、语言、乐器或标签直接下结论。若相似填 yes，不相似填 no，不确定可留空并在 notes 中说明。,,,,
pal_0127,turkey_modern_0088,italy_0098,turkey,italy,,[4],,08 Felipe vers. cubana,E:\Desktop\Echo\storage\public\research_dataset_v3\turkey\audio\turkey_modern_0088.mp3,E:\Desktop\Echo\storage\public\research_dataset_v3\italy\audio\italy_0098.mp3,,,1.8636806011199951,culture_centroid_entropy,请判断这两首曲目是否适合放在同一个歌单或相近的听歌场景里。请根据整体氛围、情绪基调和节奏能量判断它们是否相似；不要根据国家、语言、乐器或标签直接下结论。若相似填 yes，不相似填 no，不确定可留空并在 notes 中说明。,,,,
pal_0128,china_ctis_0024,france_0017,china,france,C0098,"[267, 1235]",低音筚篥,Aurora,E:\Desktop\Echo\storage\public\research_dataset_v3\china\audio\china_ctis_0024.wav,E:\Desktop\Echo\storage\public\research_dataset_v3\france\audio\france_0017.mp3,,,1.8200767040252686,culture_centroid_entropy,请判断这两首曲目是否适合放在同一个歌单或相近的听歌场景里。请根据整体氛围、情绪基调和节奏能量判断它们是否相似；不要根据国家、语言、乐器或标签直接下结论。若相似填 yes，不相似填 no，不确定可留空并在 notes 中说明。,,,,
pal_0129,china_ctis_0036,china_ctis_0029,china,china,C0117,C0263,南音洞箫,中音笙,E:\Desktop\Echo\storage\public\research_dataset_v3\china\audio\china_ctis_0036.wav,E:\Desktop\Echo\storage\public\research_dataset_v3\china\audio\china_ctis_0029.wav,,,1.8200767040252686,culture_centroid_entropy,请判断这两首曲目是否适合放在同一个歌单或相近的听歌场景里。请根据整体氛围、情绪基调和节奏能量判断它们是否相似；不要根据国家、语言、乐器或标签直接下结论。若相似填 yes，不相似填 no，不确定可留空并在 notes 中说明。,,,,
pal_0130,france_0008,france_0055,france,france,"[443, 5]","[3, 443, 5, 567]",L'immensité du firmament (Benedetto Marcello),Let us break bread (Negro Spiritual),E:\Desktop\Echo\storage\public\research_dataset_v3\france\audio\france_0008.mp3,E:\Desktop\Echo\storage\public\research_dataset_v3\france\audio\france_0055.mp3,,,1.8200767040252686,culture_centroid_entropy,请判断这两首曲目是否适合放在同一个歌单或相近的听歌场景里。请根据整体氛围、情绪基调和节奏能量判断它们是否相似；不要根据国家、语言、乐器或标签直接下结论。若相似填 yes，不相似填 no，不确定可留空并在 notes 中说明。,,,,
pal_0131,france_0020,germany_0000,france,germany,"[442, 5]","[17, 3, 4]",Johann Pachelbel - Kanon in D Dur,By By River,E:\Desktop\Echo\storage\public\research_dataset_v3\france\audio\france_0020.mp3,E:\Desktop\Echo\storage\public\research_dataset_v3\germany\audio\germany_0000.mp3,,,1.8200767040252686,culture_centroid_entropy,请判断这两首曲目是否适合放在同一个歌单或相近的听歌场景里。请根据整体氛围、情绪基调和节奏能量判断它们是否相似；不要根据国家、语言、乐器或标签直接下结论。若相似填 yes，不相似填 no，不确定可留空并在 notes 中说明。,,,,
pal_0132,france_0024,france_0071,france,france,[4],[4],Sandu,Dewey Square,E:\Desktop\Echo\storage\public\research_dataset_v3\france\audio\france_0024.mp3,E:\Desktop\Echo\storage\public\research_dataset_v3\france\audio\france_0071.mp3,,,1.8200767040252686,culture_centroid_entropy,请判断这两首曲目是否适合放在同一个歌单或相近的听歌场景里。请根据整体氛围、情绪基调和节奏能量判断它们是否相似；不要根据国家、语言、乐器或标签直接下结论。若相似填 yes，不相似填 no，不确定可留空并在 notes 中说明。,,,,
pal_0133,france_0104,france_0032,france,france,"[10, 76]",[],Vous nous prennent de trave,1000 bouches-face B,E:\Desktop\Echo\storage\public\research_dataset_v3\france\audio\france_0104.mp3,E:\Desktop\Echo\storage\public\research_dataset_v3\france\audio\france_0032.mp3,,,1.8200767040252686,culture_centroid_entropy,请判断这两首曲目是否适合放在同一个歌单或相近的听歌场景里。请根据整体氛围、情绪基调和节奏能量判断它们是否相似；不要根据国家、语言、乐器或标签直接下结论。若相似填 yes，不相似填 no，不确定可留空并在 notes 中说明。,,,,
pal_0134,germany_0049,modern_english_pop_0012,germany,modern_english_pop,"[17, 103]","['pop', 'minimal']",Schankeshaus,,E:\Desktop\Echo\storage\public\research_dataset_v3\germany\audio\germany_0049.mp3,E:\Desktop\Echo\storage\public\research_dataset_v3\modern_english_pop\audio\modern_english_pop_0012.mp3,,,1.8200767040252686,culture_centroid_entropy,请判断这两首曲目是否适合放在同一个歌单或相近的听歌场景里。请根据整体氛围、情绪基调和节奏能量判断它们是否相似；不要根据国家、语言、乐器或标签直接下结论。若相似填 yes，不相似填 no，不确定可留空并在 notes 中说明。,,,,
pal_0135,germany_0059,germany_0038,germany,germany,[5],[5],Variatio 1 a 1 Clav.,Variatio 14 a 2 Clav.,E:\Desktop\Echo\storage\public\research_dataset_v3\germany\audio\germany_0059.mp3,E:\Desktop\Echo\storage\public\research_dataset_v3\germany\audio\germany_0038.mp3,,,1.8200767040252686,culture_centroid_entropy,请判断这两首曲目是否适合放在同一个歌单或相近的听歌场景里。请根据整体氛围、情绪基调和节奏能量判断它们是否相似；不要根据国家、语言、乐器或标签直接下结论。若相似填 yes，不相似填 no，不确定可留空并在 notes 中说明。,,,,
pal_0136,germany_0062,germany_0041,germany,germany,"[18, 1235]","[18, 1235]",The Ziggurat,Expedition,E:\Desktop\Echo\storage\public\research_dataset_v3\germany\audio\germany_0062.mp3,E:\Desktop\Echo\storage\public\research_dataset_v3\germany\audio\germany_0041.mp3,,,1.8200767040252686,culture_centroid_entropy,请判断这两首曲目是否适合放在同一个歌单或相近的听歌场景里。请根据整体氛围、情绪基调和节奏能量判断它们是否相似；不要根据国家、语言、乐器或标签直接下结论。若相似填 yes，不相似填 no，不确定可留空并在 notes 中说明。,,,,
pal_0137,germany_0087,russia_0040,germany,russia,"[17, 3, 651, 9]",[4],Hometown Streetlife (ID 397),Baritone Saxophone,E:\Desktop\Echo\storage\public\research_dataset_v3\germany\audio\germany_0087.mp3,E:\Desktop\Echo\storage\public\research_dataset_v3\russia\audio\russia_0040.mp3,,,1.8200767040252686,culture_centroid_entropy,请判断这两首曲目是否适合放在同一个歌单或相近的听歌场景里。请根据整体氛围、情绪基调和节奏能量判断它们是否相似；不要根据国家、语言、乐器或标签直接下结论。若相似填 yes，不相似填 no，不确定可留空并在 notes 中说明。,,,,
pal_0138,germany_0097,india_saraga_0052,germany,india,"[17, 3, 4, 103]",Raag Bhairav,The Commissar,Raag Bhairav,E:\Desktop\Echo\storage\public\research_dataset_v3\germany\audio\germany_0097.mp3,E:\Desktop\Echo\storage\public\research_dataset_v3\india\audio\india_saraga_0052.mp3,,,1.8200767040252686,culture_centroid_entropy,请判断这两首曲目是否适合放在同一个歌单或相近的听歌场景里。请根据整体氛围、情绪基调和节奏能量判断它们是否相似；不要根据国家、语言、乐器或标签直接下结论。若相似填 yes，不相似填 no，不确定可留空并在 notes 中说明。,,,,
pal_0139,great_britain_0009,great_britain_0085,great_britain,great_britain,"[441, 5]","[441, 5]","La Traviata, Brindisi (Verdi)","Prince Igor, Polovetsian Dances (Borodin)",E:\Desktop\Echo\storage\public\research_dataset_v3\great_britain\audio\great_britain_0009.mp3,E:\Desktop\Echo\storage\public\research_dataset_v3\great_britain\audio\great_britain_0085.mp3,,,1.8200767040252686,culture_centroid_entropy,请判断这两首曲目是否适合放在同一个歌单或相近的听歌场景里。请根据整体氛围、情绪基调和节奏能量判断它们是否相似；不要根据国家、语言、乐器或标签直接下结论。若相似填 yes，不相似填 no，不确定可留空并在 notes 中说明。,,,,
pal_0140,great_britain_0040,china_opencpop_0040,great_britain,china,"[97, 4]",mandarin_pop,One,等你下课,E:\Desktop\Echo\storage\public\research_dataset_v3\great_britain\audio\great_britain_0040.mp3,E:\Desktop\Echo\storage\public\research_dataset_v3\china\audio\china_opencpop_0040.wav,,,1.8200767040252686,culture_centroid_entropy,请判断这两首曲目是否适合放在同一个歌单或相近的听歌场景里。请根据整体氛围、情绪基调和节奏能量判断它们是否相似；不要根据国家、语言、乐器或标签直接下结论。若相似填 yes，不相似填 no，不确定可留空并在 notes 中说明。,,,,
pal_0141,great_britain_0048,italy_0019,great_britain,italy,[],[],Loaded,Upghostery,E:\Desktop\Echo\storage\public\research_dataset_v3\great_britain\audio\great_britain_0048.mp3,E:\Desktop\Echo\storage\public\research_dataset_v3\italy\audio\italy_0019.mp3,,,1.8200767040252686,culture_centroid_entropy,请判断这两首曲目是否适合放在同一个歌单或相近的听歌场景里。请根据整体氛围、情绪基调和节奏能量判断它们是否相似；不要根据国家、语言、乐器或标签直接下结论。若相似填 yes，不相似填 no，不确定可留空并在 notes 中说明。,,,,
pal_0142,great_britain_0080,indonesia_fma_0002,great_britain,indonesia,"[17, 18, 1235]","[""Pop""]",Which That Is This?,I'm a Sir,E:\Desktop\Echo\storage\public\research_dataset_v3\great_britain\audio\great_britain_0080.mp3,E:\Desktop\Echo\storage\public\research_dataset_v3\indonesia\audio\indonesia_fma_0002.mp3,,,1.8200767040252686,culture_centroid_entropy,请判断这两首曲目是否适合放在同一个歌单或相近的听歌场景里。请根据整体氛围、情绪基调和节奏能量判断它们是否相似；不要根据国家、语言、乐器或标签直接下结论。若相似填 yes，不相似填 no，不确定可留空并在 notes 中说明。,,,,
pal_0143,india_saraga_0009,india_saraga_0006,india,india,Raag Nat Kamod,Raag Khokar,Raag Nat Kamod,Raag Khokar,E:\Desktop\Echo\storage\public\research_dataset_v3\india\audio\india_saraga_0009.mp3,E:\Desktop\Echo\storage\public\research_dataset_v3\india\audio\india_saraga_0006.mp3,,,1.8200767040252686,culture_centroid_entropy,请判断这两首曲目是否适合放在同一个歌单或相近的听歌场景里。请根据整体氛围、情绪基调和节奏能量判断它们是否相似；不要根据国家、语言、乐器或标签直接下结论。若相似填 yes，不相似填 no，不确定可留空并在 notes 中说明。,,,,
pal_0144,india_saraga_0037,germany_0066,india,germany,Irani Bhairavi Thumri,"[107, 1235]",Irani Bhairavi Thumri,Island,E:\Desktop\Echo\storage\public\research_dataset_v3\india\audio\india_saraga_0037.mp3,E:\Desktop\Echo\storage\public\research_dataset_v3\germany\audio\germany_0066.mp3,,,1.8200767040252686,culture_centroid_entropy,请判断这两首曲目是否适合放在同一个歌单或相近的听歌场景里。请根据整体氛围、情绪基调和节奏能量判断它们是否相似；不要根据国家、语言、乐器或标签直接下结论。若相似填 yes，不相似填 no，不确定可留空并在 notes 中说明。,,,,
pal_0145,india_saraga_0052,italy_0021,india,italy,Raag Bhairav,"[18, 1235, 13]",Raag Bhairav,Polychromatic Journey,E:\Desktop\Echo\storage\public\research_dataset_v3\india\audio\india_saraga_0052.mp3,E:\Desktop\Echo\storage\public\research_dataset_v3\italy\audio\italy_0021.mp3,,,1.8200767040252686,culture_centroid_entropy,请判断这两首曲目是否适合放在同一个歌单或相近的听歌场景里。请根据整体氛围、情绪基调和节奏能量判断它们是否相似；不要根据国家、语言、乐器或标签直接下结论。若相似填 yes，不相似填 no，不确定可留空并在 notes 中说明。,,,,
pal_0146,india_saraga_0076,italy_0035,india,italy,Nirgun Bhajan,[],Nirgun Bhajan,Medicine Sound,E:\Desktop\Echo\storage\public\research_dataset_v3\india\audio\india_saraga_0076.mp3,E:\Desktop\Echo\storage\public\research_dataset_v3\italy\audio\italy_0035.mp3,,,1.8200767040252686,culture_centroid_entropy,请判断这两首曲目是否适合放在同一个歌单或相近的听歌场景里。请根据整体氛围、情绪基调和节奏能量判断它们是否相似；不要根据国家、语言、乐器或标签直接下结论。若相似填 yes，不相似填 no，不确定可留空并在 notes 中说明。,,,,
pal_0147,india_saraga_0097,china_ctis_0035,india,china,Raag Shree,T0302,Raag Shree,傈傈族奇奔,E:\Desktop\Echo\storage\public\research_dataset_v3\india\audio\india_saraga_0097.mp3,E:\Desktop\Echo\storage\public\research_dataset_v3\china\audio\china_ctis_0035.wav,,,1.8200767040252686,culture_centroid_entropy,请判断这两首曲目是否适合放在同一个歌单或相近的听歌场景里。请根据整体氛围、情绪基调和节奏能量判断它们是否相似；不要根据国家、语言、乐器或标签直接下结论。若相似填 yes，不相似填 no，不确定可留空并在 notes 中说明。,,,,
pal_0148,indonesia_fma_0014,turkey_modern_0041,indonesia,turkey,[],,Deep Refine Yawned Before Them,,E:\Desktop\Echo\storage\public\research_dataset_v3\indonesia\audio\indonesia_fma_0014.mp3,E:\Desktop\Echo\storage\public\research_dataset_v3\turkey\audio\turkey_modern_0041.mp3,,,1.8200767040252686,culture_centroid_entropy,请判断这两首曲目是否适合放在同一个歌单或相近的听歌场景里。请根据整体氛围、情绪基调和节奏能量判断它们是否相似；不要根据国家、语言、乐器或标签直接下结论。若相似填 yes，不相似填 no，不确定可留空并在 notes 中说明。,,,,
pal_0149,indonesia_fma_0016,indonesia_fma_0017,indonesia,indonesia,"[""Compilation"", ""Soundtrack"", ""Instrumental""]","[""Compilation"", ""Soundtrack"", ""Instrumental""]",For Now,For Now,E:\Desktop\Echo\storage\public\research_dataset_v3\indonesia\audio\indonesia_fma_0016.mp3,E:\Desktop\Echo\storage\public\research_dataset_v3\indonesia\audio\indonesia_fma_0017.mp3,,,1.8200767040252686,culture_centroid_entropy,请判断这两首曲目是否适合放在同一个歌单或相近的听歌场景里。请根据整体氛围、情绪基调和节奏能量判断它们是否相似；不要根据国家、语言、乐器或标签直接下结论。若相似填 yes，不相似填 no，不确定可留空并在 notes 中说明。,,,,
pal_0150,indonesia_fma_0017,indonesia_fma_0016,indonesia,indonesia,"[""Compilation"", ""Soundtrack"", ""Instrumental""]","[""Compilation"", ""Soundtrack"", ""Instrumental""]",For Now,For Now,E:\Desktop\Echo\storage\public\research_dataset_v3\indonesia\audio\indonesia_fma_0017.mp3,E:\Desktop\Echo\storage\public\research_dataset_v3\indonesia\audio\indonesia_fma_0016.mp3,,,1.8200767040252686,culture_centroid_entropy,请判断这两首曲目是否适合放在同一个歌单或相近的听歌场景里。请根据整体氛围、情绪基调和节奏能量判断它们是否相似；不要根据国家、语言、乐器或标签直接下结论。若相似填 yes，不相似填 no，不确定可留空并在 notes 中说明。,,,,
pal_0151,italy_0041,great_britain_0086,italy,great_britain,[4],"[18, 1235]",Pioggia,Eden Bloom,E:\Desktop\Echo\storage\public\research_dataset_v3\italy\audio\italy_0041.mp3,E:\Desktop\Echo\storage\public\research_dataset_v3\great_britain\audio\great_britain_0086.mp3,,,1.8200767040252686,culture_centroid_entropy,请判断这两首曲目是否适合放在同一个歌单或相近的听歌场景里。请根据整体氛围、情绪基调和节奏能量判断它们是否相似；不要根据国家、语言、乐器或标签直接下结论。若相似填 yes，不相似填 no，不确定可留空并在 notes 中说明。,,,,
pal_0152,italy_0056,modern_english_pop_0069,italy,modern_english_pop,[13],"['folk', 'instrumentalpop']",Houdini's Last Trick,,E:\Desktop\Echo\storage\public\research_dataset_v3\italy\audio\italy_0056.mp3,E:\Desktop\Echo\storage\public\research_dataset_v3\modern_english_pop\audio\modern_english_pop_0069.mp3,,,1.8200767040252686,culture_centroid_entropy,请判断这两首曲目是否适合放在同一个歌单或相近的听歌场景里。请根据整体氛围、情绪基调和节奏能量判断它们是否相似；不要根据国家、语言、乐器或标签直接下结论。若相似填 yes，不相似填 no，不确定可留空并在 notes 中说明。,,,,
pal_0153,italy_0086,italy_0081,italy,italy,"[137, 9]","[137, 3, 9]",Notturno,Quando il Fagiano è in Fiore,E:\Desktop\Echo\storage\public\research_dataset_v3\italy\audio\italy_0086.mp3,E:\Desktop\Echo\storage\public\research_dataset_v3\italy\audio\italy_0081.mp3,,,1.8200767040252686,culture_centroid_entropy,请判断这两首曲目是否适合放在同一个歌单或相近的听歌场景里。请根据整体氛围、情绪基调和节奏能量判断它们是否相似；不要根据国家、语言、乐器或标签直接下结论。若相似填 yes，不相似填 no，不确定可留空并在 notes 中说明。,,,,
pal_0154,italy_0087,great_britain_0003,italy,great_britain,"[137, 9]","[107, 18, 1235]",Io Non Uso La Schiuma,Swan ride,E:\Desktop\Echo\storage\public\research_dataset_v3\italy\audio\italy_0087.mp3,E:\Desktop\Echo\storage\public\research_dataset_v3\great_britain\audio\great_britain_0003.mp3,,,1.8200767040252686,culture_centroid_entropy,请判断这两首曲目是否适合放在同一个歌单或相近的听歌场景里。请根据整体氛围、情绪基调和节奏能量判断它们是否相似；不要根据国家、语言、乐器或标签直接下结论。若相似填 yes，不相似填 no，不确定可留空并在 notes 中说明。,,,,
pal_0155,italy_0088,russia_0068,italy,russia,"[137, 9]","[17, 107, 1235, 103]",La Natura Del Ciclismo,Falling Garden,E:\Desktop\Echo\storage\public\research_dataset_v3\italy\audio\italy_0088.mp3,E:\Desktop\Echo\storage\public\research_dataset_v3\russia\audio\russia_0068.mp3,,,1.8200767040252686,culture_centroid_entropy,请判断这两首曲目是否适合放在同一个歌单或相近的听歌场景里。请根据整体氛围、情绪基调和节奏能量判断它们是否相似；不要根据国家、语言、乐器或标签直接下结论。若相似填 yes，不相似填 no，不确定可留空并在 notes 中说明。,,,,
pal_0156,italy_0100,turkey_modern_0108,italy,turkey,[4],,04 A Man At The Clock,,E:\Desktop\Echo\storage\public\research_dataset_v3\italy\audio\italy_0100.mp3,E:\Desktop\Echo\storage\public\research_dataset_v3\turkey\audio\turkey_modern_0108.mp3,,,1.8200767040252686,culture_centroid_entropy,请判断这两首曲目是否适合放在同一个歌单或相近的听歌场景里。请根据整体氛围、情绪基调和节奏能量判断它们是否相似；不要根据国家、语言、乐器或标签直接下结论。若相似填 yes，不相似填 no，不确定可留空并在 notes 中说明。,,,,
pal_0157,modern_english_pop_0119,germany_0075,modern_english_pop,germany,"['folk', 'singersongwriter', 'popfolk']","[17, 107, 1235]",,In The Fading Light,E:\Desktop\Echo\storage\public\research_dataset_v3\modern_english_pop\audio\modern_english_pop_0119.mp3,E:\Desktop\Echo\storage\public\research_dataset_v3\germany\audio\germany_0075.mp3,,,1.8200767040252686,culture_centroid_entropy,请判断这两首曲目是否适合放在同一个歌单或相近的听歌场景里。请根据整体氛围、情绪基调和节奏能量判断它们是否相似；不要根据国家、语言、乐器或标签直接下结论。若相似填 yes，不相似填 no，不确定可留空并在 notes 中说明。,,,,
pal_0158,russia_0062,great_britain_0031,russia,great_britain,[4],[17],Piano & Melodica,Midwinters Dream & Birth of the Bear,E:\Desktop\Echo\storage\public\research_dataset_v3\russia\audio\russia_0062.mp3,E:\Desktop\Echo\storage\public\research_dataset_v3\great_britain\audio\great_britain_0031.mp3,,,1.8200767040252686,culture_centroid_entropy,请判断这两首曲目是否适合放在同一个歌单或相近的听歌场景里。请根据整体氛围、情绪基调和节奏能量判断它们是否相似；不要根据国家、语言、乐器或标签直接下结论。若相似填 yes，不相似填 no，不确定可留空并在 notes 中说明。,,,,
pal_0159,russia_0063,great_britain_0035,russia,great_britain,"[107, 1235]",[],Train Travel,Fractal,E:\Desktop\Echo\storage\public\research_dataset_v3\russia\audio\russia_0063.mp3,E:\Desktop\Echo\storage\public\research_dataset_v3\great_britain\audio\great_britain_0035.mp3,,,1.8200767040252686,culture_centroid_entropy,请判断这两首曲目是否适合放在同一个歌单或相近的听歌场景里。请根据整体氛围、情绪基调和节奏能量判断它们是否相似；不要根据国家、语言、乐器或标签直接下结论。若相似填 yes，不相似填 no，不确定可留空并在 notes 中说明。,,,,
pal_0160,russia_0086,turkey_modern_0076,russia,turkey,"[107, 18, 1235, 5]",,She-Wolf In My Heart (bonus),,E:\Desktop\Echo\storage\public\research_dataset_v3\russia\audio\russia_0086.mp3,E:\Desktop\Echo\storage\public\research_dataset_v3\turkey\audio\turkey_modern_0076.mp3,,,1.8200767040252686,culture_centroid_entropy,请判断这两首曲目是否适合放在同一个歌单或相近的听歌场景里。请根据整体氛围、情绪基调和节奏能量判断它们是否相似；不要根据国家、语言、乐器或标签直接下结论。若相似填 yes，不相似填 no，不确定可留空并在 notes 中说明。,,,,
pal_0161,turkey_modern_0067,germany_0085,turkey,germany,,"[17, 3, 4, 103]",,Indian Summer,E:\Desktop\Echo\storage\public\research_dataset_v3\turkey\audio\turkey_modern_0067.mp3,E:\Desktop\Echo\storage\public\research_dataset_v3\germany\audio\germany_0085.mp3,,,1.8200767040252686,culture_centroid_entropy,请判断这两首曲目是否适合放在同一个歌单或相近的听歌场景里。请根据整体氛围、情绪基调和节奏能量判断它们是否相似；不要根据国家、语言、乐器或标签直接下结论。若相似填 yes，不相似填 no，不确定可留空并在 notes 中说明。,,,,
pal_0162,turkey_modern_0105,modern_english_pop_0016,turkey,modern_english_pop,,"['groove', 'pop']",,,E:\Desktop\Echo\storage\public\research_dataset_v3\turkey\audio\turkey_modern_0105.mp3,E:\Desktop\Echo\storage\public\research_dataset_v3\modern_english_pop\audio\modern_english_pop_0016.mp3,,,1.8200767040252686,culture_centroid_entropy,请判断这两首曲目是否适合放在同一个歌单或相近的听歌场景里。请根据整体氛围、情绪基调和节奏能量判断它们是否相似；不要根据国家、语言、乐器或标签直接下结论。若相似填 yes，不相似填 no，不确定可留空并在 notes 中说明。,,,,
pal_0163,france_0085,great_britain_0102,france,great_britain,"[17, 103]","[9, 3, 17]",Le diable,Devil Do,E:\Desktop\Echo\storage\public\research_dataset_v3\france\audio\france_0085.mp3,E:\Desktop\Echo\storage\public\research_dataset_v3\great_britain\audio\great_britain_0102.mp3,,,1.820076584815979,culture_centroid_entropy,请判断这两首曲目是否适合放在同一个歌单或相近的听歌场景里。请根据整体氛围、情绪基调和节奏能量判断它们是否相似；不要根据国家、语言、乐器或标签直接下结论。若相似填 yes，不相似填 no，不确定可留空并在 notes 中说明。,,,,
pal_0164,germany_0027,turkey_modern_0116,germany,turkey,"[10, 76]",,Supergenug,,E:\Desktop\Echo\storage\public\research_dataset_v3\germany\audio\germany_0027.mp3,E:\Desktop\Echo\storage\public\research_dataset_v3\turkey\audio\turkey_modern_0116.mp3,,,1.820076584815979,culture_centroid_entropy,请判断这两首曲目是否适合放在同一个歌单或相近的听歌场景里。请根据整体氛围、情绪基调和节奏能量判断它们是否相似；不要根据国家、语言、乐器或标签直接下结论。若相似填 yes，不相似填 no，不确定可留空并在 notes 中说明。,,,,
pal_0165,italy_0022,germany_0052,italy,germany,"[18, 1235]",[17],The Moon,At the Carnival,E:\Desktop\Echo\storage\public\research_dataset_v3\italy\audio\italy_0022.mp3,E:\Desktop\Echo\storage\public\research_dataset_v3\germany\audio\germany_0052.mp3,,,1.820076584815979,culture_centroid_entropy,请判断这两首曲目是否适合放在同一个歌单或相近的听歌场景里。请根据整体氛围、情绪基调和节奏能量判断它们是否相似；不要根据国家、语言、乐器或标签直接下结论。若相似填 yes，不相似填 no，不确定可留空并在 notes 中说明。,,,,
pal_0166,italy_0103,turkey_modern_0090,italy,turkey,[4],,Franco Frunky,,E:\Desktop\Echo\storage\public\research_dataset_v3\italy\audio\italy_0103.mp3,E:\Desktop\Echo\storage\public\research_dataset_v3\turkey\audio\turkey_modern_0090.mp3,,,1.820076584815979,culture_centroid_entropy,请判断这两首曲目是否适合放在同一个歌单或相近的听歌场景里。请根据整体氛围、情绪基调和节奏能量判断它们是否相似；不要根据国家、语言、乐器或标签直接下结论。若相似填 yes，不相似填 no，不确定可留空并在 notes 中说明。,,,,
pal_0167,russia_0066,france_0072,russia,france,"[10, 76]","[10, 76]",Polivox Box + Garage,Dites 33,E:\Desktop\Echo\storage\public\research_dataset_v3\russia\audio\russia_0066.mp3,E:\Desktop\Echo\storage\public\research_dataset_v3\france\audio\france_0072.mp3,,,1.820076584815979,culture_centroid_entropy,请判断这两首曲目是否适合放在同一个歌单或相近的听歌场景里。请根据整体氛围、情绪基调和节奏能量判断它们是否相似；不要根据国家、语言、乐器或标签直接下结论。若相似填 yes，不相似填 no，不确定可留空并在 notes 中说明。,,,,
pal_0168,turkey_modern_0030,italy_0101,turkey,italy,,[4],,05 Adkezin,E:\Desktop\Echo\storage\public\research_dataset_v3\turkey\audio\turkey_modern_0030.mp3,E:\Desktop\Echo\storage\public\research_dataset_v3\italy\audio\italy_0101.mp3,,,1.820076584815979,culture_centroid_entropy,请判断这两首曲目是否适合放在同一个歌单或相近的听歌场景里。请根据整体氛围、情绪基调和节奏能量判断它们是否相似；不要根据国家、语言、乐器或标签直接下结论。若相似填 yes，不相似填 no，不确定可留空并在 notes 中说明。,,,,
pal_0169,china_ctis_0017,russia_0098,china,russia,L0053,"[107, 18, 1235, 5]",广西彩调主胡,Phoenix,E:\Desktop\Echo\storage\public\research_dataset_v3\china\audio\china_ctis_0017.wav,E:\Desktop\Echo\storage\public\research_dataset_v3\russia\audio\russia_0098.mp3,,,1.7917602062225342,culture_centroid_entropy,请判断这两首曲目是否适合放在同一个歌单或相近的听歌场景里。请根据整体氛围、情绪基调和节奏能量判断它们是否相似；不要根据国家、语言、乐器或标签直接下结论。若相似填 yes，不相似填 no，不确定可留空并在 notes 中说明。,,,,
pal_0170,france_0009,modern_english_pop_0016,france,modern_english_pop,[10],"['groove', 'pop']",Le Philosophe,,E:\Desktop\Echo\storage\public\research_dataset_v3\france\audio\france_0009.mp3,E:\Desktop\Echo\storage\public\research_dataset_v3\modern_english_pop\audio\modern_english_pop_0016.mp3,,,1.7917602062225342,culture_centroid_entropy,请判断这两首曲目是否适合放在同一个歌单或相近的听歌场景里。请根据整体氛围、情绪基调和节奏能量判断它们是否相似；不要根据国家、语言、乐器或标签直接下结论。若相似填 yes，不相似填 no，不确定可留空并在 notes 中说明。,,,,
pal_0171,france_0032,france_0039,france,france,[],[],1000 bouches-face B,Dead Chamber,E:\Desktop\Echo\storage\public\research_dataset_v3\france\audio\france_0032.mp3,E:\Desktop\Echo\storage\public\research_dataset_v3\france\audio\france_0039.mp3,,,1.7917602062225342,culture_centroid_entropy,请判断这两首曲目是否适合放在同一个歌单或相近的听歌场景里。请根据整体氛围、情绪基调和节奏能量判断它们是否相似；不要根据国家、语言、乐器或标签直接下结论。若相似填 yes，不相似填 no，不确定可留空并在 notes 中说明。,,,,
pal_0172,france_0039,france_0032,france,france,[],[],Dead Chamber,1000 bouches-face B,E:\Desktop\Echo\storage\public\research_dataset_v3\france\audio\france_0039.mp3,E:\Desktop\Echo\storage\public\research_dataset_v3\france\audio\france_0032.mp3,,,1.7917602062225342,culture_centroid_entropy,请判断这两首曲目是否适合放在同一个歌单或相近的听歌场景里。请根据整体氛围、情绪基调和节奏能量判断它们是否相似；不要根据国家、语言、乐器或标签直接下结论。若相似填 yes，不相似填 no，不确定可留空并在 notes 中说明。,,,,
pal_0173,france_0078,russia_0081,france,russia,[],"[107, 18, 1235, 5]",dynamique hormonale,Search and fight,E:\Desktop\Echo\storage\public\research_dataset_v3\france\audio\france_0078.mp3,E:\Desktop\Echo\storage\public\research_dataset_v3\russia\audio\russia_0081.mp3,,,1.7917602062225342,culture_centroid_entropy,请判断这两首曲目是否适合放在同一个歌单或相近的听歌场景里。请根据整体氛围、情绪基调和节奏能量判断它们是否相似；不要根据国家、语言、乐器或标签直接下结论。若相似填 yes，不相似填 no，不确定可留空并在 notes 中说明。,,,,
pal_0174,france_0082,italy_0088,france,italy,"[17, 10, 103]","[137, 9]",Cannonball,La Natura Del Ciclismo,E:\Desktop\Echo\storage\public\research_dataset_v3\france\audio\france_0082.mp3,E:\Desktop\Echo\storage\public\research_dataset_v3\italy\audio\italy_0088.mp3,,,1.7917602062225342,culture_centroid_entropy,请判断这两首曲目是否适合放在同一个歌单或相近的听歌场景里。请根据整体氛围、情绪基调和节奏能量判断它们是否相似；不要根据国家、语言、乐器或标签直接下结论。若相似填 yes，不相似填 no，不确定可留空并在 notes 中说明。,,,,
pal_0175,germany_0024,great_britain_0096,germany,great_britain,[],"[1235, 33, 107, 17]",Keep On Struggle,COTDcomp3-02,E:\Desktop\Echo\storage\public\research_dataset_v3\germany\audio\germany_0024.mp3,E:\Desktop\Echo\storage\public\research_dataset_v3\great_britain\audio\great_britain_0096.mp3,,,1.7917602062225342,culture_centroid_entropy,请判断这两首曲目是否适合放在同一个歌单或相近的听歌场景里。请根据整体氛围、情绪基调和节奏能量判断它们是否相似；不要根据国家、语言、乐器或标签直接下结论。若相似填 yes，不相似填 no，不确定可留空并在 notes 中说明。,,,,
pal_0176,great_britain_0093,russia_0013,great_britain,russia,"[267, 1235]","[107, 1235]",20/20 Vision,Ballet In A Box,E:\Desktop\Echo\storage\public\research_dataset_v3\great_britain\audio\great_britain_0093.mp3,E:\Desktop\Echo\storage\public\research_dataset_v3\russia\audio\russia_0013.mp3,,,1.7917602062225342,culture_centroid_entropy,请判断这两首曲目是否适合放在同一个歌单或相近的听歌场景里。请根据整体氛围、情绪基调和节奏能量判断它们是否相似；不要根据国家、语言、乐器或标签直接下结论。若相似填 yes，不相似填 no，不确定可留空并在 notes 中说明。,,,,
pal_0177,india_saraga_0030,india_saraga_0037,india,india,Raag Desh,Irani Bhairavi Thumri,Raag Desh,Irani Bhairavi Thumri,E:\Desktop\Echo\storage\public\research_dataset_v3\india\audio\india_saraga_0030.mp3,E:\Desktop\Echo\storage\public\research_dataset_v3\india\audio\india_saraga_0037.mp3,,,1.7917602062225342,culture_centroid_entropy,请判断这两首曲目是否适合放在同一个歌单或相近的听歌场景里。请根据整体氛围、情绪基调和节奏能量判断它们是否相似；不要根据国家、语言、乐器或标签直接下结论。若相似填 yes，不相似填 no，不确定可留空并在 notes 中说明。,,,,
pal_0178,india_saraga_0039,germany_0042,india,germany,Raag Saraswati,"[18, 1235]",Raag Saraswati,Yes She Can,E:\Desktop\Echo\storage\public\research_dataset_v3\india\audio\india_saraga_0039.mp3,E:\Desktop\Echo\storage\public\research_dataset_v3\germany\audio\germany_0042.mp3,,,1.7917602062225342,culture_centroid_entropy,请判断这两首曲目是否适合放在同一个歌单或相近的听歌场景里。请根据整体氛围、情绪基调和节奏能量判断它们是否相似；不要根据国家、语言、乐器或标签直接下结论。若相似填 yes，不相似填 no，不确定可留空并在 notes 中说明。,,,,
pal_0179,india_saraga_0048,india_saraga_0089,india,india,Raag Bageshree,Raag Mian Malhar,Raag Bageshree,Raag Mian Malhar,E:\Desktop\Echo\storage\public\research_dataset_v3\india\audio\india_saraga_0048.mp3,E:\Desktop\Echo\storage\public\research_dataset_v3\india\audio\india_saraga_0089.mp3,,,1.7917602062225342,culture_centroid_entropy,请判断这两首曲目是否适合放在同一个歌单或相近的听歌场景里。请根据整体氛围、情绪基调和节奏能量判断它们是否相似；不要根据国家、语言、乐器或标签直接下结论。若相似填 yes，不相似填 no，不确定可留空并在 notes 中说明。,,,,
pal_0180,india_saraga_0079,india_saraga_0078,india,india,Raag Lalit,Raag Bibhas,Raag Lalit,Raag Bibhas,E:\Desktop\Echo\storage\public\research_dataset_v3\india\audio\india_saraga_0079.mp3,E:\Desktop\Echo\storage\public\research_dataset_v3\india\audio\india_saraga_0078.mp3,,,1.7917602062225342,culture_centroid_entropy,请判断这两首曲目是否适合放在同一个歌单或相近的听歌场景里。请根据整体氛围、情绪基调和节奏能量判断它们是否相似；不要根据国家、语言、乐器或标签直接下结论。若相似填 yes，不相似填 no，不确定可留空并在 notes 中说明。,,,,
pal_0181,indonesia_fma_0003,great_britain_0028,indonesia,great_britain,"[""Pop""]","[17, 180, 103]",Mesin Penenun Hujan,La Jardinera,E:\Desktop\Echo\storage\public\research_dataset_v3\indonesia\audio\indonesia_fma_0003.mp3,E:\Desktop\Echo\storage\public\research_dataset_v3\great_britain\audio\great_britain_0028.mp3,,,1.7917602062225342,culture_centroid_entropy,请判断这两首曲目是否适合放在同一个歌单或相近的听歌场景里。请根据整体氛围、情绪基调和节奏能量判断它们是否相似；不要根据国家、语言、乐器或标签直接下结论。若相似填 yes，不相似填 no，不确定可留空并在 notes 中说明。,,,,
pal_0182,indonesia_gamelan_0008,germany_0018,indonesia,germany,orchestra/mixture,"[17, 107, 1235]",,Gabriel,E:\Desktop\Echo\storage\public\research_dataset_v3\indonesia\audio\indonesia_gamelan_0008.wav,E:\Desktop\Echo\storage\public\research_dataset_v3\germany\audio\germany_0018.mp3,,,1.7917602062225342,culture_centroid_entropy,请判断这两首曲目是否适合放在同一个歌单或相近的听歌场景里。请根据整体氛围、情绪基调和节奏能量判断它们是否相似；不要根据国家、语言、乐器或标签直接下结论。若相似填 yes，不相似填 no，不确定可留空并在 notes 中说明。,,,,
pal_0183,modern_english_pop_0013,modern_english_pop_0041,modern_english_pop,modern_english_pop,"['groove', 'pop']","['blues', 'pop', 'chanson']",,,E:\Desktop\Echo\storage\public\research_dataset_v3\modern_english_pop\audio\modern_english_pop_0013.mp3,E:\Desktop\Echo\storage\public\research_dataset_v3\modern_english_pop\audio\modern_english_pop_0041.mp3,,,1.7917602062225342,culture_centroid_entropy,请判断这两首曲目是否适合放在同一个歌单或相近的听歌场景里。请根据整体氛围、情绪基调和节奏能量判断它们是否相似；不要根据国家、语言、乐器或标签直接下结论。若相似填 yes，不相似填 no，不确定可留空并在 notes 中说明。,,,,
pal_0184,modern_english_pop_0062,turkey_modern_0146,modern_english_pop,turkey,"['blues', 'pop', 'instrumentalpop']",,,,E:\Desktop\Echo\storage\public\research_dataset_v3\modern_english_pop\audio\modern_english_pop_0062.mp3,E:\Desktop\Echo\storage\public\research_dataset_v3\turkey\audio\turkey_modern_0146.mp3,,,1.7917602062225342,culture_centroid_entropy,请判断这两首曲目是否适合放在同一个歌单或相近的听歌场景里。请根据整体氛围、情绪基调和节奏能量判断它们是否相似；不要根据国家、语言、乐器或标签直接下结论。若相似填 yes，不相似填 no，不确定可留空并在 notes 中说明。,,,,
pal_0185,modern_english_pop_0066,italy_0030,modern_english_pop,italy,"['soundtrack', 'easylistening', 'pop']","[267, 1235]",,Sunshine After Rain,E:\Desktop\Echo\storage\public\research_dataset_v3\modern_english_pop\audio\modern_english_pop_0066.mp3,E:\Desktop\Echo\storage\public\research_dataset_v3\italy\audio\italy_0030.mp3,,,1.7917602062225342,culture_centroid_entropy,请判断这两首曲目是否适合放在同一个歌单或相近的听歌场景里。请根据整体氛围、情绪基调和节奏能量判断它们是否相似；不要根据国家、语言、乐器或标签直接下结论。若相似填 yes，不相似填 no，不确定可留空并在 notes 中说明。,,,,
pal_0186,russia_0056,france_0072,russia,france,"[107, 18, 1235]","[10, 76]",Finale,Dites 33,E:\Desktop\Echo\storage\public\research_dataset_v3\russia\audio\russia_0056.mp3,E:\Desktop\Echo\storage\public\research_dataset_v3\france\audio\france_0072.mp3,,,1.7917602062225342,culture_centroid_entropy,请判断这两首曲目是否适合放在同一个歌单或相近的听歌场景里。请根据整体氛围、情绪基调和节奏能量判断它们是否相似；不要根据国家、语言、乐器或标签直接下结论。若相似填 yes，不相似填 no，不确定可留空并在 notes 中说明。,,,,
pal_0187,russia_0077,modern_english_pop_0049,russia,modern_english_pop,"[107, 18, 1235, 5]","['folk', 'instrumentalpop']",Birds Walk Away,,E:\Desktop\Echo\storage\public\research_dataset_v3\russia\audio\russia_0077.mp3,E:\Desktop\Echo\storage\public\research_dataset_v3\modern_english_pop\audio\modern_english_pop_0049.mp3,,,1.7917602062225342,culture_centroid_entropy,请判断这两首曲目是否适合放在同一个歌单或相近的听歌场景里。请根据整体氛围、情绪基调和节奏能量判断它们是否相似；不要根据国家、语言、乐器或标签直接下结论。若相似填 yes，不相似填 no，不确定可留空并在 notes 中说明。,,,,
pal_0188,russia_0099,france_0050,russia,france,"[18, 1235]","[17, 10, 103]",Mindship,Run for your Life,E:\Desktop\Echo\storage\public\research_dataset_v3\russia\audio\russia_0099.mp3,E:\Desktop\Echo\storage\public\research_dataset_v3\france\audio\france_0050.mp3,,,1.7917602062225342,culture_centroid_entropy,请判断这两首曲目是否适合放在同一个歌单或相近的听歌场景里。请根据整体氛围、情绪基调和节奏能量判断它们是否相似；不要根据国家、语言、乐器或标签直接下结论。若相似填 yes，不相似填 no，不确定可留空并在 notes 中说明。,,,,
pal_0189,turkey_modern_0101,turkey_modern_0119,turkey,turkey,,,,,E:\Desktop\Echo\storage\public\research_dataset_v3\turkey\audio\turkey_modern_0101.mp3,E:\Desktop\Echo\storage\public\research_dataset_v3\turkey\audio\turkey_modern_0119.mp3,,,1.7917602062225342,culture_centroid_entropy,请判断这两首曲目是否适合放在同一个歌单或相近的听歌场景里。请根据整体氛围、情绪基调和节奏能量判断它们是否相似；不要根据国家、语言、乐器或标签直接下结论。若相似填 yes，不相似填 no，不确定可留空并在 notes 中说明。,,,,
pal_0190,turkey_modern_0149,turkey_modern_0101,turkey,turkey,,,,,E:\Desktop\Echo\storage\public\research_dataset_v3\turkey\audio\turkey_modern_0149.mp3,E:\Desktop\Echo\storage\public\research_dataset_v3\turkey\audio\turkey_modern_0101.mp3,,,1.7917602062225342,culture_centroid_entropy,请判断这两首曲目是否适合放在同一个歌单或相近的听歌场景里。请根据整体氛围、情绪基调和节奏能量判断它们是否相似；不要根据国家、语言、乐器或标签直接下结论。若相似填 yes，不相似填 no，不确定可留空并在 notes 中说明。,,,,
pal_0191,china_ctis_0062,china_ctis_0040,china,china,C0311,C0311,俄比,俄比,E:\Desktop\Echo\storage\public\research_dataset_v3\china\audio\china_ctis_0062.wav,E:\Desktop\Echo\storage\public\research_dataset_v3\china\audio\china_ctis_0040.wav,,,1.7917600870132446,culture_centroid_entropy,请判断这两首曲目是否适合放在同一个歌单或相近的听歌场景里。请根据整体氛围、情绪基调和节奏能量判断它们是否相似；不要根据国家、语言、乐器或标签直接下结论。若相似填 yes，不相似填 no，不确定可留空并在 notes 中说明。,,,,
pal_0192,germany_0013,germany_0076,germany,germany,"[10, 76]","[107, 1235]",Flying,II,E:\Desktop\Echo\storage\public\research_dataset_v3\germany\audio\germany_0013.mp3,E:\Desktop\Echo\storage\public\research_dataset_v3\germany\audio\germany_0076.mp3,,,1.7917600870132446,culture_centroid_entropy,请判断这两首曲目是否适合放在同一个歌单或相近的听歌场景里。请根据整体氛围、情绪基调和节奏能量判断它们是否相似；不要根据国家、语言、乐器或标签直接下结论。若相似填 yes，不相似填 no，不确定可留空并在 notes 中说明。,,,,
pal_0193,germany_0032,turkey_modern_0112,germany,turkey,[],,zero111-OM#23-solo-part-6,,E:\Desktop\Echo\storage\public\research_dataset_v3\germany\audio\germany_0032.mp3,E:\Desktop\Echo\storage\public\research_dataset_v3\turkey\audio\turkey_modern_0112.mp3,,,1.7917600870132446,culture_centroid_entropy,请判断这两首曲目是否适合放在同一个歌单或相近的听歌场景里。请根据整体氛围、情绪基调和节奏能量判断它们是否相似；不要根据国家、语言、乐器或标签直接下结论。若相似填 yes，不相似填 no，不确定可留空并在 notes 中说明。,,,,
pal_0194,germany_0069,modern_english_pop_0014,germany,modern_english_pop,"[17, 33]","['groove', 'easylistening', 'pop', 'lounge']",Haystacks,,E:\Desktop\Echo\storage\public\research_dataset_v3\germany\audio\germany_0069.mp3,E:\Desktop\Echo\storage\public\research_dataset_v3\modern_english_pop\audio\modern_english_pop_0014.mp3,,,1.7917600870132446,culture_centroid_entropy,请判断这两首曲目是否适合放在同一个歌单或相近的听歌场景里。请根据整体氛围、情绪基调和节奏能量判断它们是否相似；不要根据国家、语言、乐器或标签直接下结论。若相似填 yes，不相似填 no，不确定可留空并在 notes 中说明。,,,,
pal_0195,great_britain_0012,germany_0046,great_britain,germany,"[17, 94]",[1235],together we are beautiful,Animal Farm Tango,E:\Desktop\Echo\storage\public\research_dataset_v3\great_britain\audio\great_britain_0012.mp3,E:\Desktop\Echo\storage\public\research_dataset_v3\germany\audio\germany_0046.mp3,,,1.7917600870132446,culture_centroid_entropy,请判断这两首曲目是否适合放在同一个歌单或相近的听歌场景里。请根据整体氛围、情绪基调和节奏能量判断它们是否相似；不要根据国家、语言、乐器或标签直接下结论。若相似填 yes，不相似填 no，不确定可留空并在 notes 中说明。,,,,
pal_0196,great_britain_0085,india_saraga_0083,great_britain,india,"[441, 5]",Raag Hameer,"Prince Igor, Polovetsian Dances (Borodin)",Raag Hameer,E:\Desktop\Echo\storage\public\research_dataset_v3\great_britain\audio\great_britain_0085.mp3,E:\Desktop\Echo\storage\public\research_dataset_v3\india\audio\india_saraga_0083.mp3,,,1.7917600870132446,culture_centroid_entropy,请判断这两首曲目是否适合放在同一个歌单或相近的听歌场景里。请根据整体氛围、情绪基调和节奏能量判断它们是否相似；不要根据国家、语言、乐器或标签直接下结论。若相似填 yes，不相似填 no，不确定可留空并在 notes 中说明。,,,,
pal_0197,indonesia_fma_0018,germany_0075,indonesia,germany,"[""Compilation"", ""Soundtrack"", ""Instrumental""]","[17, 107, 1235]",My Love,In The Fading Light,E:\Desktop\Echo\storage\public\research_dataset_v3\indonesia\audio\indonesia_fma_0018.mp3,E:\Desktop\Echo\storage\public\research_dataset_v3\germany\audio\germany_0075.mp3,,,1.7917600870132446,culture_centroid_entropy,请判断这两首曲目是否适合放在同一个歌单或相近的听歌场景里。请根据整体氛围、情绪基调和节奏能量判断它们是否相似；不要根据国家、语言、乐器或标签直接下结论。若相似填 yes，不相似填 no，不确定可留空并在 notes 中说明。,,,,
pal_0198,italy_0019,turkey_modern_0144,italy,turkey,[],,Upghostery,,E:\Desktop\Echo\storage\public\research_dataset_v3\italy\audio\italy_0019.mp3,E:\Desktop\Echo\storage\public\research_dataset_v3\turkey\audio\turkey_modern_0144.mp3,,,1.7917600870132446,culture_centroid_entropy,请判断这两首曲目是否适合放在同一个歌单或相近的听歌场景里。请根据整体氛围、情绪基调和节奏能量判断它们是否相似；不要根据国家、语言、乐器或标签直接下结论。若相似填 yes，不相似填 no，不确定可留空并在 notes 中说明。,,,,
pal_0199,italy_0031,italy_0008,italy,italy,[5],[4],Veloma,The Lady And The Traveler,E:\Desktop\Echo\storage\public\research_dataset_v3\italy\audio\italy_0031.mp3,E:\Desktop\Echo\storage\public\research_dataset_v3\italy\audio\italy_0008.mp3,,,1.7917600870132446,culture_centroid_entropy,请判断这两首曲目是否适合放在同一个歌单或相近的听歌场景里。请根据整体氛围、情绪基调和节奏能量判断它们是否相似；不要根据国家、语言、乐器或标签直接下结论。若相似填 yes，不相似填 no，不确定可留空并在 notes 中说明。,,,,
pal_0200,modern_english_pop_0049,russia_0077,modern_english_pop,russia,"['folk', 'instrumentalpop']","[107, 18, 1235, 5]",,Birds Walk Away,E:\Desktop\Echo\storage\public\research_dataset_v3\modern_english_pop\audio\modern_english_pop_0049.mp3,E:\Desktop\Echo\storage\public\research_dataset_v3\russia\audio\russia_0077.mp3,,,1.7917600870132446,culture_centroid_entropy,请判断这两首曲目是否适合放在同一个歌单或相近的听歌场景里。请根据整体氛围、情绪基调和节奏能量判断它们是否相似；不要根据国家、语言、乐器或标签直接下结论。若相似填 yes，不相似填 no，不确定可留空并在 notes 中说明。,,,,
pal_0201,russia_0058,india_saraga_0048,russia,india,"[659, 5, 1235]",Raag Bageshree,owl's secret,Raag Bageshree,E:\Desktop\Echo\storage\public\research_dataset_v3\russia\audio\russia_0058.mp3,E:\Desktop\Echo\storage\public\research_dataset_v3\india\audio\india_saraga_0048.mp3,,,1.7917600870132446,culture_centroid_entropy,请判断这两首曲目是否适合放在同一个歌单或相近的听歌场景里。请根据整体氛围、情绪基调和节奏能量判断它们是否相似；不要根据国家、语言、乐器或标签直接下结论。若相似填 yes，不相似填 no，不确定可留空并在 notes 中说明。,,,,
pal_0202,turkey_modern_0013,france_0082,turkey,france,,"[17, 10, 103]",,Cannonball,E:\Desktop\Echo\storage\public\research_dataset_v3\turkey\audio\turkey_modern_0013.mp3,E:\Desktop\Echo\storage\public\research_dataset_v3\france\audio\france_0082.mp3,,,1.7917600870132446,culture_centroid_entropy,请判断这两首曲目是否适合放在同一个歌单或相近的听歌场景里。请根据整体氛围、情绪基调和节奏能量判断它们是否相似；不要根据国家、语言、乐器或标签直接下结论。若相似填 yes，不相似填 no，不确定可留空并在 notes 中说明。,,,,
pal_0203,turkey_modern_0026,turkey_modern_0128,turkey,turkey,,,,,E:\Desktop\Echo\storage\public\research_dataset_v3\turkey\audio\turkey_modern_0026.mp3,E:\Desktop\Echo\storage\public\research_dataset_v3\turkey\audio\turkey_modern_0128.mp3,,,1.7917600870132446,culture_centroid_entropy,请判断这两首曲目是否适合放在同一个歌单或相近的听歌场景里。请根据整体氛围、情绪基调和节奏能量判断它们是否相似；不要根据国家、语言、乐器或标签直接下结论。若相似填 yes，不相似填 no，不确定可留空并在 notes 中说明。,,,,
pal_0204,turkey_modern_0148,turkey_modern_0027,turkey,turkey,,,,,E:\Desktop\Echo\storage\public\research_dataset_v3\turkey\audio\turkey_modern_0148.mp3,E:\Desktop\Echo\storage\public\research_dataset_v3\turkey\audio\turkey_modern_0027.mp3,,,1.7917600870132446,culture_centroid_entropy,请判断这两首曲目是否适合放在同一个歌单或相近的听歌场景里。请根据整体氛围、情绪基调和节奏能量判断它们是否相似；不要根据国家、语言、乐器或标签直接下结论。若相似填 yes，不相似填 no，不确定可留空并在 notes 中说明。,,,,
pal_0205,germany_0017,france_0057,germany,france,[17],"[10, 76]",Ships,Métal Province,E:\Desktop\Echo\storage\public\research_dataset_v3\germany\audio\germany_0017.mp3,E:\Desktop\Echo\storage\public\research_dataset_v3\france\audio\france_0057.mp3,,,1.7481564283370972,culture_centroid_entropy,请判断这两首曲目是否适合放在同一个歌单或相近的听歌场景里。请根据整体氛围、情绪基调和节奏能量判断它们是否相似；不要根据国家、语言、乐器或标签直接下结论。若相似填 yes，不相似填 no，不确定可留空并在 notes 中说明。,,,,
pal_0206,great_britain_0051,italy_0014,great_britain,italy,"[17, 33]","[17, 3]",Revolution,Spirit Songs,E:\Desktop\Echo\storage\public\research_dataset_v3\great_britain\audio\great_britain_0051.mp3,E:\Desktop\Echo\storage\public\research_dataset_v3\italy\audio\italy_0014.mp3,,,1.7481564283370972,culture_centroid_entropy,请判断这两首曲目是否适合放在同一个歌单或相近的听歌场景里。请根据整体氛围、情绪基调和节奏能量判断它们是否相似；不要根据国家、语言、乐器或标签直接下结论。若相似填 yes，不相似填 no，不确定可留空并在 notes 中说明。,,,,
pal_0207,russia_0065,china_opencpop_0036,russia,china,"[107, 1235]",mandarin_pop,The cinnamon caesar (live),红尘客栈,E:\Desktop\Echo\storage\public\research_dataset_v3\russia\audio\russia_0065.mp3,E:\Desktop\Echo\storage\public\research_dataset_v3\china\audio\china_opencpop_0036.wav,,,1.7481564283370972,culture_centroid_entropy,请判断这两首曲目是否适合放在同一个歌单或相近的听歌场景里。请根据整体氛围、情绪基调和节奏能量判断它们是否相似；不要根据国家、语言、乐器或标签直接下结论。若相似填 yes，不相似填 no，不确定可留空并在 notes 中说明。,,,,
pal_0208,france_0003,germany_0009,france,germany,"[17, 10, 103]","[107, 1235]",All in the Name of Love,Flüchtig,E:\Desktop\Echo\storage\public\research_dataset_v3\france\audio\france_0003.mp3,E:\Desktop\Echo\storage\public\research_dataset_v3\germany\audio\germany_0009.mp3,,,1.7481563091278076,culture_centroid_entropy,请判断这两首曲目是否适合放在同一个歌单或相近的听歌场景里。请根据整体氛围、情绪基调和节奏能量判断它们是否相似；不要根据国家、语言、乐器或标签直接下结论。若相似填 yes，不相似填 no，不确定可留空并在 notes 中说明。,,,,
pal_0209,france_0057,turkey_modern_0101,france,turkey,"[10, 76]",,Métal Province,,E:\Desktop\Echo\storage\public\research_dataset_v3\france\audio\france_0057.mp3,E:\Desktop\Echo\storage\public\research_dataset_v3\turkey\audio\turkey_modern_0101.mp3,,,1.7481563091278076,culture_centroid_entropy,请判断这两首曲目是否适合放在同一个歌单或相近的听歌场景里。请根据整体氛围、情绪基调和节奏能量判断它们是否相似；不要根据国家、语言、乐器或标签直接下结论。若相似填 yes，不相似填 no，不确定可留空并在 notes 中说明。,,,,
pal_0210,germany_0090,france_0006,germany,france,"[1235, 4, 5]","[17, 103]",Dance of Love,Babel,E:\Desktop\Echo\storage\public\research_dataset_v3\germany\audio\germany_0090.mp3,E:\Desktop\Echo\storage\public\research_dataset_v3\france\audio\france_0006.mp3,,,1.7481563091278076,culture_centroid_entropy,请判断这两首曲目是否适合放在同一个歌单或相近的听歌场景里。请根据整体氛围、情绪基调和节奏能量判断它们是否相似；不要根据国家、语言、乐器或标签直接下结论。若相似填 yes，不相似填 no，不确定可留空并在 notes 中说明。,,,,
pal_0211,germany_0096,china_jingju_0063,germany,china,"[17, 3, 9, 63]",lsxp,Dirty Old Frogg (ID 359),Guo_liao_yi,E:\Desktop\Echo\storage\public\research_dataset_v3\germany\audio\germany_0096.mp3,E:\Desktop\Echo\storage\public\research_dataset_v3\china\audio\china_jingju_0063.wav,,,1.7481563091278076,culture_centroid_entropy,请判断这两首曲目是否适合放在同一个歌单或相近的听歌场景里。请根据整体氛围、情绪基调和节奏能量判断它们是否相似；不要根据国家、语言、乐器或标签直接下结论。若相似填 yes，不相似填 no，不确定可留空并在 notes 中说明。,,,,
pal_0212,germany_0099,china_opencpop_0031,germany,china,"[17, 107, 4, 1235]",mandarin_pop,Waiting for You,世界那么大还是遇见你,E:\Desktop\Echo\storage\public\research_dataset_v3\germany\audio\germany_0099.mp3,E:\Desktop\Echo\storage\public\research_dataset_v3\china\audio\china_opencpop_0031.wav,,,1.7481563091278076,culture_centroid_entropy,请判断这两首曲目是否适合放在同一个歌单或相近的听歌场景里。请根据整体氛围、情绪基调和节奏能量判断它们是否相似；不要根据国家、语言、乐器或标签直接下结论。若相似填 yes，不相似填 no，不确定可留空并在 notes 中说明。,,,,
pal_0213,great_britain_0013,great_britain_0045,great_britain,great_britain,"[10, 76]",[],Ice cold brew acapella,Devil's Dream,E:\Desktop\Echo\storage\public\research_dataset_v3\great_britain\audio\great_britain_0013.mp3,E:\Desktop\Echo\storage\public\research_dataset_v3\great_britain\audio\great_britain_0045.mp3,,,1.7481563091278076,culture_centroid_entropy,请判断这两首曲目是否适合放在同一个歌单或相近的听歌场景里。请根据整体氛围、情绪基调和节奏能量判断它们是否相似；不要根据国家、语言、乐器或标签直接下结论。若相似填 yes，不相似填 no，不确定可留空并在 notes 中说明。,,,,
pal_0214,great_britain_0044,france_0016,great_britain,france,[3],[17],Dog With the No-Bone Blues,High Tide/Low Tide,E:\Desktop\Echo\storage\public\research_dataset_v3\great_britain\audio\great_britain_0044.mp3,E:\Desktop\Echo\storage\public\research_dataset_v3\france\audio\france_0016.mp3,,,1.7481563091278076,culture_centroid_entropy,请判断这两首曲目是否适合放在同一个歌单或相近的听歌场景里。请根据整体氛围、情绪基调和节奏能量判断它们是否相似；不要根据国家、语言、乐器或标签直接下结论。若相似填 yes，不相似填 no，不确定可留空并在 notes 中说明。,,,,
pal_0215,india_saraga_0059,india_saraga_0058,india,india,Raag Gavti,Raag Bhoopali,Raag Gavti,Raag Bhoopali,E:\Desktop\Echo\storage\public\research_dataset_v3\india\audio\india_saraga_0059.mp3,E:\Desktop\Echo\storage\public\research_dataset_v3\india\audio\india_saraga_0058.mp3,,,1.7481563091278076,culture_centroid_entropy,请判断这两首曲目是否适合放在同一个歌单或相近的听歌场景里。请根据整体氛围、情绪基调和节奏能量判断它们是否相似；不要根据国家、语言、乐器或标签直接下结论。若相似填 yes，不相似填 no，不确定可留空并在 notes 中说明。,,,,
pal_0216,indonesia_fma_0019,france_0045,indonesia,france,[],[],GUGO,"7' 34""",E:\Desktop\Echo\storage\public\research_dataset_v3\indonesia\audio\indonesia_fma_0019.mp3,E:\Desktop\Echo\storage\public\research_dataset_v3\france\audio\france_0045.mp3,,,1.7481563091278076,culture_centroid_entropy,请判断这两首曲目是否适合放在同一个歌单或相近的听歌场景里。请根据整体氛围、情绪基调和节奏能量判断它们是否相似；不要根据国家、语言、乐器或标签直接下结论。若相似填 yes，不相似填 no，不确定可留空并在 notes 中说明。,,,,
pal_0217,modern_english_pop_0048,russia_0015,modern_english_pop,russia,"['folk', 'instrumentalpop']","[107, 1235]",,At dawn (the lilac sun),E:\Desktop\Echo\storage\public\research_dataset_v3\modern_english_pop\audio\modern_english_pop_0048.mp3,E:\Desktop\Echo\storage\public\research_dataset_v3\russia\audio\russia_0015.mp3,,,1.7481563091278076,culture_centroid_entropy,请判断这两首曲目是否适合放在同一个歌单或相近的听歌场景里。请根据整体氛围、情绪基调和节奏能量判断它们是否相似；不要根据国家、语言、乐器或标签直接下结论。若相似填 yes，不相似填 no，不确定可留空并在 notes 中说明。,,,,
pal_0218,modern_english_pop_0075,modern_english_pop_0047,modern_english_pop,modern_english_pop,"['folk', 'soundtrack', 'pop', 'singersongwriter', 'chillout']","['folk', 'instrumentalpop']",,,E:\Desktop\Echo\storage\public\research_dataset_v3\modern_english_pop\audio\modern_english_pop_0075.mp3,E:\Desktop\Echo\storage\public\research_dataset_v3\modern_english_pop\audio\modern_english_pop_0047.mp3,,,1.7481563091278076,culture_centroid_entropy,请判断这两首曲目是否适合放在同一个歌单或相近的听歌场景里。请根据整体氛围、情绪基调和节奏能量判断它们是否相似；不要根据国家、语言、乐器或标签直接下结论。若相似填 yes，不相似填 no，不确定可留空并在 notes 中说明。,,,,
pal_0219,russia_0017,great_britain_0020,russia,great_britain,"[19, 11, 4, 14]","[1235, 33, 107, 17]",Hot Funky Body,COTDcomp3-06,E:\Desktop\Echo\storage\public\research_dataset_v3\russia\audio\russia_0017.mp3,E:\Desktop\Echo\storage\public\research_dataset_v3\great_britain\audio\great_britain_0020.mp3,,,1.7481563091278076,culture_centroid_entropy,请判断这两首曲目是否适合放在同一个歌单或相近的听歌场景里。请根据整体氛围、情绪基调和节奏能量判断它们是否相似；不要根据国家、语言、乐器或标签直接下结论。若相似填 yes，不相似填 no，不确定可留空并在 notes 中说明。,,,,
pal_0220,russia_0018,russia_0068,russia,russia,"[107, 1235]","[17, 107, 1235, 103]",Falling Garden,Falling Garden,E:\Desktop\Echo\storage\public\research_dataset_v3\russia\audio\russia_0018.mp3,E:\Desktop\Echo\storage\public\research_dataset_v3\russia\audio\russia_0068.mp3,,,1.7481563091278076,culture_centroid_entropy,请判断这两首曲目是否适合放在同一个歌单或相近的听歌场景里。请根据整体氛围、情绪基调和节奏能量判断它们是否相似；不要根据国家、语言、乐器或标签直接下结论。若相似填 yes，不相似填 no，不确定可留空并在 notes 中说明。,,,,
pal_0221,russia_0068,russia_0018,russia,russia,"[17, 107, 1235, 103]","[107, 1235]",Falling Garden,Falling Garden,E:\Desktop\Echo\storage\public\research_dataset_v3\russia\audio\russia_0068.mp3,E:\Desktop\Echo\storage\public\research_dataset_v3\russia\audio\russia_0018.mp3,,,1.7481563091278076,culture_centroid_entropy,请判断这两首曲目是否适合放在同一个歌单或相近的听歌场景里。请根据整体氛围、情绪基调和节奏能量判断它们是否相似；不要根据国家、语言、乐器或标签直接下结论。若相似填 yes，不相似填 no，不确定可留空并在 notes 中说明。,,,,
pal_0222,russia_0087,russia_0045,russia,russia,"[18, 1235, 5]","[19, 11, 4, 14]",Northern City's Secret,Fluteman (Original Disco Funk Mix),E:\Desktop\Echo\storage\public\research_dataset_v3\russia\audio\russia_0087.mp3,E:\Desktop\Echo\storage\public\research_dataset_v3\russia\audio\russia_0045.mp3,,,1.7481563091278076,culture_centroid_entropy,请判断这两首曲目是否适合放在同一个歌单或相近的听歌场景里。请根据整体氛围、情绪基调和节奏能量判断它们是否相似；不要根据国家、语言、乐器或标签直接下结论。若相似填 yes，不相似填 no，不确定可留空并在 notes 中说明。,,,,
pal_0223,turkey_modern_0002,germany_0056,turkey,germany,,[],,Highty Hangtime,E:\Desktop\Echo\storage\public\research_dataset_v3\turkey\audio\turkey_modern_0002.mp3,E:\Desktop\Echo\storage\public\research_dataset_v3\germany\audio\germany_0056.mp3,,,1.7481563091278076,culture_centroid_entropy,请判断这两首曲目是否适合放在同一个歌单或相近的听歌场景里。请根据整体氛围、情绪基调和节奏能量判断它们是否相似；不要根据国家、语言、乐器或标签直接下结论。若相似填 yes，不相似填 no，不确定可留空并在 notes 中说明。,,,,
pal_0224,turkey_modern_0043,turkey_modern_0096,turkey,turkey,,,,,E:\Desktop\Echo\storage\public\research_dataset_v3\turkey\audio\turkey_modern_0043.mp3,E:\Desktop\Echo\storage\public\research_dataset_v3\turkey\audio\turkey_modern_0096.mp3,,,1.7481563091278076,culture_centroid_entropy,请判断这两首曲目是否适合放在同一个歌单或相近的听歌场景里。请根据整体氛围、情绪基调和节奏能量判断它们是否相似；不要根据国家、语言、乐器或标签直接下结论。若相似填 yes，不相似填 no，不确定可留空并在 notes 中说明。,,,,
pal_0225,turkey_modern_0051,germany_0011,turkey,germany,,[1235],,Skinny Cat,E:\Desktop\Echo\storage\public\research_dataset_v3\turkey\audio\turkey_modern_0051.mp3,E:\Desktop\Echo\storage\public\research_dataset_v3\germany\audio\germany_0011.mp3,,,1.7481563091278076,culture_centroid_entropy,请判断这两首曲目是否适合放在同一个歌单或相近的听歌场景里。请根据整体氛围、情绪基调和节奏能量判断它们是否相似；不要根据国家、语言、乐器或标签直接下结论。若相似填 yes，不相似填 no，不确定可留空并在 notes 中说明。,,,,
pal_0226,turkey_modern_0090,italy_0103,turkey,italy,,[4],,Franco Frunky,E:\Desktop\Echo\storage\public\research_dataset_v3\turkey\audio\turkey_modern_0090.mp3,E:\Desktop\Echo\storage\public\research_dataset_v3\italy\audio\italy_0103.mp3,,,1.7481563091278076,culture_centroid_entropy,请判断这两首曲目是否适合放在同一个歌单或相近的听歌场景里。请根据整体氛围、情绪基调和节奏能量判断它们是否相似；不要根据国家、语言、乐器或标签直接下结论。若相似填 yes，不相似填 no，不确定可留空并在 notes 中说明。,,,,
pal_0227,france_0087,germany_0003,france,germany,"[443, 5]","[322, 4, 5]",Nocturnes (W.A. Mozart),when,E:\Desktop\Echo\storage\public\research_dataset_v3\france\audio\france_0087.mp3,E:\Desktop\Echo\storage\public\research_dataset_v3\germany\audio\germany_0003.mp3,,,1.748156189918518,culture_centroid_entropy,请判断这两首曲目是否适合放在同一个歌单或相近的听歌场景里。请根据整体氛围、情绪基调和节奏能量判断它们是否相似；不要根据国家、语言、乐器或标签直接下结论。若相似填 yes，不相似填 no，不确定可留空并在 notes 中说明。,,,,
pal_0228,indonesia_gamelan_0027,indonesia_gamelan_0029,indonesia,indonesia,orchestra/target,orchestra/target,,,E:\Desktop\Echo\storage\public\research_dataset_v3\indonesia\audio\indonesia_gamelan_0027.wav,E:\Desktop\Echo\storage\public\research_dataset_v3\indonesia\audio\indonesia_gamelan_0029.wav,,,1.748156189918518,culture_centroid_entropy,请判断这两首曲目是否适合放在同一个歌单或相近的听歌场景里。请根据整体氛围、情绪基调和节奏能量判断它们是否相似；不要根据国家、语言、乐器或标签直接下结论。若相似填 yes，不相似填 no，不确定可留空并在 notes 中说明。,,,,
pal_0229,russia_0001,russia_0089,russia,russia,[5],"[107, 18, 1235, 5]",Snowing,Seven Lights,E:\Desktop\Echo\storage\public\research_dataset_v3\russia\audio\russia_0001.mp3,E:\Desktop\Echo\storage\public\research_dataset_v3\russia\audio\russia_0089.mp3,,,1.748156189918518,culture_centroid_entropy,请判断这两首曲目是否适合放在同一个歌单或相近的听歌场景里。请根据整体氛围、情绪基调和节奏能量判断它们是否相似；不要根据国家、语言、乐器或标签直接下结论。若相似填 yes，不相似填 no，不确定可留空并在 notes 中说明。,,,,
pal_0230,russia_0006,russia_0068,russia,russia,"[107, 18, 1235]","[17, 107, 1235, 103]",Dream,Falling Garden,E:\Desktop\Echo\storage\public\research_dataset_v3\russia\audio\russia_0006.mp3,E:\Desktop\Echo\storage\public\research_dataset_v3\russia\audio\russia_0068.mp3,,,1.748156189918518,culture_centroid_entropy,请判断这两首曲目是否适合放在同一个歌单或相近的听歌场景里。请根据整体氛围、情绪基调和节奏能量判断它们是否相似；不要根据国家、语言、乐器或标签直接下结论。若相似填 yes，不相似填 no，不确定可留空并在 notes 中说明。,,,,
pal_0231,russia_0088,italy_0004,russia,italy,"[107, 5, 1235]",[4],New Worlds,09 Saltimbanco,E:\Desktop\Echo\storage\public\research_dataset_v3\russia\audio\russia_0088.mp3,E:\Desktop\Echo\storage\public\research_dataset_v3\italy\audio\italy_0004.mp3,,,1.748156189918518,culture_centroid_entropy,请判断这两首曲目是否适合放在同一个歌单或相近的听歌场景里。请根据整体氛围、情绪基调和节奏能量判断它们是否相似；不要根据国家、语言、乐器或标签直接下结论。若相似填 yes，不相似填 no，不确定可留空并在 notes 中说明。,,,,
pal_0232,turkey_modern_0077,france_0025,turkey,france,,"[10, 76]",,Résultat clinique,E:\Desktop\Echo\storage\public\research_dataset_v3\turkey\audio\turkey_modern_0077.mp3,E:\Desktop\Echo\storage\public\research_dataset_v3\france\audio\france_0025.mp3,,,1.748156189918518,culture_centroid_entropy,请判断这两首曲目是否适合放在同一个歌单或相近的听歌场景里。请根据整体氛围、情绪基调和节奏能量判断它们是否相似；不要根据国家、语言、乐器或标签直接下结论。若相似填 yes，不相似填 no，不确定可留空并在 notes 中说明。,,,,
pal_0233,germany_0023,great_britain_0063,germany,great_britain,[],[],(Footplate + Signalbox),"anTrgor rEiz (Cafe OTO, 20 May 2013)",E:\Desktop\Echo\storage\public\research_dataset_v3\germany\audio\germany_0023.mp3,E:\Desktop\Echo\storage\public\research_dataset_v3\great_britain\audio\great_britain_0063.mp3,,,1.7481560707092285,culture_centroid_entropy,请判断这两首曲目是否适合放在同一个歌单或相近的听歌场景里。请根据整体氛围、情绪基调和节奏能量判断它们是否相似；不要根据国家、语言、乐器或标签直接下结论。若相似填 yes，不相似填 no，不确定可留空并在 notes 中说明。,,,,
pal_0234,france_0001,germany_0090,france,germany,"[17, 1235]","[1235, 4, 5]",Waves,Dance of Love,E:\Desktop\Echo\storage\public\research_dataset_v3\france\audio\france_0001.mp3,E:\Desktop\Echo\storage\public\research_dataset_v3\germany\audio\germany_0090.mp3,,,1.704552412033081,culture_centroid_entropy,请判断这两首曲目是否适合放在同一个歌单或相近的听歌场景里。请根据整体氛围、情绪基调和节奏能量判断它们是否相似；不要根据国家、语言、乐器或标签直接下结论。若相似填 yes，不相似填 no，不确定可留空并在 notes 中说明。,,,,
pal_0235,france_0013,italy_0083,france,italy,[17],"[137, 9]",Wedding,Il Figlio Calvo,E:\Desktop\Echo\storage\public\research_dataset_v3\france\audio\france_0013.mp3,E:\Desktop\Echo\storage\public\research_dataset_v3\italy\audio\italy_0083.mp3,,,1.704552412033081,culture_centroid_entropy,请判断这两首曲目是否适合放在同一个歌单或相近的听歌场景里。请根据整体氛围、情绪基调和节奏能量判断它们是否相似；不要根据国家、语言、乐器或标签直接下结论。若相似填 yes，不相似填 no，不确定可留空并在 notes 中说明。,,,,
pal_0236,france_0027,italy_0041,france,italy,"[10, 76]",[4],mamido,Pioggia,E:\Desktop\Echo\storage\public\research_dataset_v3\france\audio\france_0027.mp3,E:\Desktop\Echo\storage\public\research_dataset_v3\italy\audio\italy_0041.mp3,,,1.704552412033081,culture_centroid_entropy,请判断这两首曲目是否适合放在同一个歌单或相近的听歌场景里。请根据整体氛围、情绪基调和节奏能量判断它们是否相似；不要根据国家、语言、乐器或标签直接下结论。若相似填 yes，不相似填 no，不确定可留空并在 notes 中说明。,,,,
pal_0237,france_0055,france_0008,france,france,"[3, 443, 5, 567]","[443, 5]",Let us break bread (Negro Spiritual),L'immensité du firmament (Benedetto Marcello),E:\Desktop\Echo\storage\public\research_dataset_v3\france\audio\france_0055.mp3,E:\Desktop\Echo\storage\public\research_dataset_v3\france\audio\france_0008.mp3,,,1.704552412033081,culture_centroid_entropy,请判断这两首曲目是否适合放在同一个歌单或相近的听歌场景里。请根据整体氛围、情绪基调和节奏能量判断它们是否相似；不要根据国家、语言、乐器或标签直接下结论。若相似填 yes，不相似填 no，不确定可留空并在 notes 中说明。,,,,
pal_0238,france_0075,germany_0058,france,germany,"[10, 76]","[17, 3, 4, 103]",judy oh,Buzzard,E:\Desktop\Echo\storage\public\research_dataset_v3\france\audio\france_0075.mp3,E:\Desktop\Echo\storage\public\research_dataset_v3\germany\audio\germany_0058.mp3,,,1.704552412033081,culture_centroid_entropy,请判断这两首曲目是否适合放在同一个歌单或相近的听歌场景里。请根据整体氛围、情绪基调和节奏能量判断它们是否相似；不要根据国家、语言、乐器或标签直接下结论。若相似填 yes，不相似填 no，不确定可留空并在 notes 中说明。,,,,
pal_0239,france_0077,france_0035,france,france,[3],[],Friedrich & John,nigtfallleague,E:\Desktop\Echo\storage\public\research_dataset_v3\france\audio\france_0077.mp3,E:\Desktop\Echo\storage\public\research_dataset_v3\france\audio\france_0035.mp3,,,1.704552412033081,culture_centroid_entropy,请判断这两首曲目是否适合放在同一个歌单或相近的听歌场景里。请根据整体氛围、情绪基调和节奏能量判断它们是否相似；不要根据国家、语言、乐器或标签直接下结论。若相似填 yes，不相似填 no，不确定可留空并在 notes 中说明。,,,,
pal_0240,france_0083,italy_0012,france,italy,"[17, 10, 103]","[1235, 5]",To think of time,In Her Name,E:\Desktop\Echo\storage\public\research_dataset_v3\france\audio\france_0083.mp3,E:\Desktop\Echo\storage\public\research_dataset_v3\italy\audio\italy_0012.mp3,,,1.704552412033081,culture_centroid_entropy,请判断这两首曲目是否适合放在同一个歌单或相近的听歌场景里。请根据整体氛围、情绪基调和节奏能量判断它们是否相似；不要根据国家、语言、乐器或标签直接下结论。若相似填 yes，不相似填 no，不确定可留空并在 notes 中说明。,,,,
pal_0241,germany_0008,great_britain_0028,germany,great_britain,[17],"[17, 180, 103]",Even If It's True,La Jardinera,E:\Desktop\Echo\storage\public\research_dataset_v3\germany\audio\germany_0008.mp3,E:\Desktop\Echo\storage\public\research_dataset_v3\great_britain\audio\great_britain_0028.mp3,,,1.704552412033081,culture_centroid_entropy,请判断这两首曲目是否适合放在同一个歌单或相近的听歌场景里。请根据整体氛围、情绪基调和节奏能量判断它们是否相似；不要根据国家、语言、乐器或标签直接下结论。若相似填 yes，不相似填 no，不确定可留空并在 notes 中说明。,,,,
pal_0242,germany_0041,germany_0062,germany,germany,"[18, 1235]","[18, 1235]",Expedition,The Ziggurat,E:\Desktop\Echo\storage\public\research_dataset_v3\germany\audio\germany_0041.mp3,E:\Desktop\Echo\storage\public\research_dataset_v3\germany\audio\germany_0062.mp3,,,1.704552412033081,culture_centroid_entropy,请判断这两首曲目是否适合放在同一个歌单或相近的听歌场景里。请根据整体氛围、情绪基调和节奏能量判断它们是否相似；不要根据国家、语言、乐器或标签直接下结论。若相似填 yes，不相似填 no，不确定可留空并在 notes 中说明。,,,,
pal_0243,great_britain_0028,france_0003,great_britain,france,"[17, 180, 103]","[17, 10, 103]",La Jardinera,All in the Name of Love,E:\Desktop\Echo\storage\public\research_dataset_v3\great_britain\audio\great_britain_0028.mp3,E:\Desktop\Echo\storage\public\research_dataset_v3\france\audio\france_0003.mp3,,,1.704552412033081,culture_centroid_entropy,请判断这两首曲目是否适合放在同一个歌单或相近的听歌场景里。请根据整体氛围、情绪基调和节奏能量判断它们是否相似；不要根据国家、语言、乐器或标签直接下结论。若相似填 yes，不相似填 no，不确定可留空并在 notes 中说明。,,,,
pal_0244,great_britain_0054,italy_0012,great_britain,italy,"[4, 37, 103, 13, 17, 311]","[1235, 5]",Games,In Her Name,E:\Desktop\Echo\storage\public\research_dataset_v3\great_britain\audio\great_britain_0054.mp3,E:\Desktop\Echo\storage\public\research_dataset_v3\italy\audio\italy_0012.mp3,,,1.704552412033081,culture_centroid_entropy,请判断这两首曲目是否适合放在同一个歌单或相近的听歌场景里。请根据整体氛围、情绪基调和节奏能量判断它们是否相似；不要根据国家、语言、乐器或标签直接下结论。若相似填 yes，不相似填 no，不确定可留空并在 notes 中说明。,,,,
pal_0245,great_britain_0074,germany_0027,great_britain,germany,[],"[10, 76]",Chiller High Life,Supergenug,E:\Desktop\Echo\storage\public\research_dataset_v3\great_britain\audio\great_britain_0074.mp3,E:\Desktop\Echo\storage\public\research_dataset_v3\germany\audio\germany_0027.mp3,,,1.704552412033081,culture_centroid_entropy,请判断这两首曲目是否适合放在同一个歌单或相近的听歌场景里。请根据整体氛围、情绪基调和节奏能量判断它们是否相似；不要根据国家、语言、乐器或标签直接下结论。若相似填 yes，不相似填 no，不确定可留空并在 notes 中说明。,,,,
pal_0246,great_britain_0102,germany_0041,great_britain,germany,"[9, 3, 17]","[18, 1235]",Devil Do,Expedition,E:\Desktop\Echo\storage\public\research_dataset_v3\great_britain\audio\great_britain_0102.mp3,E:\Desktop\Echo\storage\public\research_dataset_v3\germany\audio\germany_0041.mp3,,,1.704552412033081,culture_centroid_entropy,请判断这两首曲目是否适合放在同一个歌单或相近的听歌场景里。请根据整体氛围、情绪基调和节奏能量判断它们是否相似；不要根据国家、语言、乐器或标签直接下结论。若相似填 yes，不相似填 no，不确定可留空并在 notes 中说明。,,,,
pal_0247,india_saraga_0006,india_saraga_0009,india,india,Raag Khokar,Raag Nat Kamod,Raag Khokar,Raag Nat Kamod,E:\Desktop\Echo\storage\public\research_dataset_v3\india\audio\india_saraga_0006.mp3,E:\Desktop\Echo\storage\public\research_dataset_v3\india\audio\india_saraga_0009.mp3,,,1.704552412033081,culture_centroid_entropy,请判断这两首曲目是否适合放在同一个歌单或相近的听歌场景里。请根据整体氛围、情绪基调和节奏能量判断它们是否相似；不要根据国家、语言、乐器或标签直接下结论。若相似填 yes，不相似填 no，不确定可留空并在 notes 中说明。,,,,
pal_0248,india_saraga_0085,france_0012,india,france,Raag Marwa,[17],Raag Marwa,Comic Topic,E:\Desktop\Echo\storage\public\research_dataset_v3\india\audio\india_saraga_0085.mp3,E:\Desktop\Echo\storage\public\research_dataset_v3\france\audio\france_0012.mp3,,,1.704552412033081,culture_centroid_entropy,请判断这两首曲目是否适合放在同一个歌单或相近的听歌场景里。请根据整体氛围、情绪基调和节奏能量判断它们是否相似；不要根据国家、语言、乐器或标签直接下结论。若相似填 yes，不相似填 no，不确定可留空并在 notes 中说明。,,,,
pal_0249,india_saraga_0093,russia_0047,india,russia,Raag Bhimpalasi,"[10, 76]",Raag Bhimpalasi,New Years Party by Toptygin (live),E:\Desktop\Echo\storage\public\research_dataset_v3\india\audio\india_saraga_0093.mp3,E:\Desktop\Echo\storage\public\research_dataset_v3\russia\audio\russia_0047.mp3,,,1.704552412033081,culture_centroid_entropy,请判断这两首曲目是否适合放在同一个歌单或相近的听歌场景里。请根据整体氛围、情绪基调和节奏能量判断它们是否相似；不要根据国家、语言、乐器或标签直接下结论。若相似填 yes，不相似填 no，不确定可留空并在 notes 中说明。,,,,
pal_0250,italy_0033,great_britain_0005,italy,great_britain,[4],"[18, 1235]",New Lunacy,Piano song,E:\Desktop\Echo\storage\public\research_dataset_v3\italy\audio\italy_0033.mp3,E:\Desktop\Echo\storage\public\research_dataset_v3\great_britain\audio\great_britain_0005.mp3,,,1.704552412033081,culture_centroid_entropy,请判断这两首曲目是否适合放在同一个歌单或相近的听歌场景里。请根据整体氛围、情绪基调和节奏能量判断它们是否相似；不要根据国家、语言、乐器或标签直接下结论。若相似填 yes，不相似填 no，不确定可留空并在 notes 中说明。,,,,
pal_0251,italy_0042,italy_0104,italy,italy,[4],[4],Boom Boom Baby,To Be a Master P.,E:\Desktop\Echo\storage\public\research_dataset_v3\italy\audio\italy_0042.mp3,E:\Desktop\Echo\storage\public\research_dataset_v3\italy\audio\italy_0104.mp3,,,1.704552412033081,culture_centroid_entropy,请判断这两首曲目是否适合放在同一个歌单或相近的听歌场景里。请根据整体氛围、情绪基调和节奏能量判断它们是否相似；不要根据国家、语言、乐器或标签直接下结论。若相似填 yes，不相似填 no，不确定可留空并在 notes 中说明。,,,,
pal_0252,italy_0082,germany_0009,italy,germany,"[137, 9]","[107, 1235]",Le Pulci Pesano Sul Cuore Come Elefanti,Flüchtig,E:\Desktop\Echo\storage\public\research_dataset_v3\italy\audio\italy_0082.mp3,E:\Desktop\Echo\storage\public\research_dataset_v3\germany\audio\germany_0009.mp3,,,1.704552412033081,culture_centroid_entropy,请判断这两首曲目是否适合放在同一个歌单或相近的听歌场景里。请根据整体氛围、情绪基调和节奏能量判断它们是否相似；不要根据国家、语言、乐器或标签直接下结论。若相似填 yes，不相似填 no，不确定可留空并在 notes 中说明。,,,,
pal_0253,modern_english_pop_0061,modern_english_pop_0052,modern_english_pop,modern_english_pop,"['blues', 'pop', 'instrumentalpop']",['pop'],,,E:\Desktop\Echo\storage\public\research_dataset_v3\modern_english_pop\audio\modern_english_pop_0061.mp3,E:\Desktop\Echo\storage\public\research_dataset_v3\modern_english_pop\audio\modern_english_pop_0052.mp3,,,1.704552412033081,culture_centroid_entropy,请判断这两首曲目是否适合放在同一个歌单或相近的听歌场景里。请根据整体氛围、情绪基调和节奏能量判断它们是否相似；不要根据国家、语言、乐器或标签直接下结论。若相似填 yes，不相似填 no，不确定可留空并在 notes 中说明。,,,,
pal_0254,russia_0076,india_saraga_0082,russia,india,"[107, 5, 1235]",Raag Malkauns,Pulsar,Raag Malkauns,E:\Desktop\Echo\storage\public\research_dataset_v3\russia\audio\russia_0076.mp3,E:\Desktop\Echo\storage\public\research_dataset_v3\india\audio\india_saraga_0082.mp3,,,1.704552412033081,culture_centroid_entropy,请判断这两首曲目是否适合放在同一个歌单或相近的听歌场景里。请根据整体氛围、情绪基调和节奏能量判断它们是否相似；不要根据国家、语言、乐器或标签直接下结论。若相似填 yes，不相似填 no，不确定可留空并在 notes 中说明。,,,,
pal_0255,turkey_modern_0021,germany_0051,turkey,germany,,"[17, 10]",,Heaven Emerald,E:\Desktop\Echo\storage\public\research_dataset_v3\turkey\audio\turkey_modern_0021.mp3,E:\Desktop\Echo\storage\public\research_dataset_v3\germany\audio\germany_0051.mp3,,,1.704552412033081,culture_centroid_entropy,请判断这两首曲目是否适合放在同一个歌单或相近的听歌场景里。请根据整体氛围、情绪基调和节奏能量判断它们是否相似；不要根据国家、语言、乐器或标签直接下结论。若相似填 yes，不相似填 no，不确定可留空并在 notes 中说明。,,,,
pal_0256,turkey_modern_0068,turkey_modern_0118,turkey,turkey,,,,,E:\Desktop\Echo\storage\public\research_dataset_v3\turkey\audio\turkey_modern_0068.mp3,E:\Desktop\Echo\storage\public\research_dataset_v3\turkey\audio\turkey_modern_0118.mp3,,,1.704552412033081,culture_centroid_entropy,请判断这两首曲目是否适合放在同一个歌单或相近的听歌场景里。请根据整体氛围、情绪基调和节奏能量判断它们是否相似；不要根据国家、语言、乐器或标签直接下结论。若相似填 yes，不相似填 no，不确定可留空并在 notes 中说明。,,,,
pal_0257,turkey_modern_0087,france_0044,turkey,france,,[],,untitled track,E:\Desktop\Echo\storage\public\research_dataset_v3\turkey\audio\turkey_modern_0087.mp3,E:\Desktop\Echo\storage\public\research_dataset_v3\france\audio\france_0044.mp3,,,1.704552412033081,culture_centroid_entropy,请判断这两首曲目是否适合放在同一个歌单或相近的听歌场景里。请根据整体氛围、情绪基调和节奏能量判断它们是否相似；不要根据国家、语言、乐器或标签直接下结论。若相似填 yes，不相似填 no，不确定可留空并在 notes 中说明。,,,,
pal_0258,china_jingju_0002,china_jingju_0000,china,china,daeh,daeh,Yi_sha_shi,Bie_yuan_zhong,E:\Desktop\Echo\storage\public\research_dataset_v3\china\audio\china_jingju_0002.wav,E:\Desktop\Echo\storage\public\research_dataset_v3\china\audio\china_jingju_0000.wav,,,1.7045522928237915,culture_centroid_entropy,请判断这两首曲目是否适合放在同一个歌单或相近的听歌场景里。请根据整体氛围、情绪基调和节奏能量判断它们是否相似；不要根据国家、语言、乐器或标签直接下结论。若相似填 yes，不相似填 no，不确定可留空并在 notes 中说明。,,,,
pal_0259,france_0073,turkey_modern_0099,france,turkey,[],,aux pieds de leon trotsky,,E:\Desktop\Echo\storage\public\research_dataset_v3\france\audio\france_0073.mp3,E:\Desktop\Echo\storage\public\research_dataset_v3\turkey\audio\turkey_modern_0099.mp3,,,1.7045522928237915,culture_centroid_entropy,请判断这两首曲目是否适合放在同一个歌单或相近的听歌场景里。请根据整体氛围、情绪基调和节奏能量判断它们是否相似；不要根据国家、语言、乐器或标签直接下结论。若相似填 yes，不相似填 no，不确定可留空并在 notes 中说明。,,,,
pal_0260,germany_0003,germany_0060,germany,germany,"[322, 4, 5]","[322, 4, 5]",when,glonn,E:\Desktop\Echo\storage\public\research_dataset_v3\germany\audio\germany_0003.mp3,E:\Desktop\Echo\storage\public\research_dataset_v3\germany\audio\germany_0060.mp3,,,1.7045522928237915,culture_centroid_entropy,请判断这两首曲目是否适合放在同一个歌单或相近的听歌场景里。请根据整体氛围、情绪基调和节奏能量判断它们是否相似；不要根据国家、语言、乐器或标签直接下结论。若相似填 yes，不相似填 no，不确定可留空并在 notes 中说明。,,,,
pal_0261,germany_0028,germany_0062,germany,germany,[],"[18, 1235]",Happy Birthday,The Ziggurat,E:\Desktop\Echo\storage\public\research_dataset_v3\germany\audio\germany_0028.mp3,E:\Desktop\Echo\storage\public\research_dataset_v3\germany\audio\germany_0062.mp3,,,1.7045522928237915,culture_centroid_entropy,请判断这两首曲目是否适合放在同一个歌单或相近的听歌场景里。请根据整体氛围、情绪基调和节奏能量判断它们是否相似；不要根据国家、语言、乐器或标签直接下结论。若相似填 yes，不相似填 no，不确定可留空并在 notes 中说明。,,,,
pal_0262,germany_0098,great_britain_0104,germany,great_britain,"[4, 5, 13, 1235, 311]","[17, 180, 103]",Awakening Spring (ID 376),The King's Horses,E:\Desktop\Echo\storage\public\research_dataset_v3\germany\audio\germany_0098.mp3,E:\Desktop\Echo\storage\public\research_dataset_v3\great_britain\audio\great_britain_0104.mp3,,,1.7045522928237915,culture_centroid_entropy,请判断这两首曲目是否适合放在同一个歌单或相近的听歌场景里。请根据整体氛围、情绪基调和节奏能量判断它们是否相似；不要根据国家、语言、乐器或标签直接下结论。若相似填 yes，不相似填 no，不确定可留空并在 notes 中说明。,,,,
pal_0263,great_britain_0001,italy_0041,great_britain,italy,"[33, 10, 76, 17]",[4],Like Home,Pioggia,E:\Desktop\Echo\storage\public\research_dataset_v3\great_britain\audio\great_britain_0001.mp3,E:\Desktop\Echo\storage\public\research_dataset_v3\italy\audio\italy_0041.mp3,,,1.7045522928237915,culture_centroid_entropy,请判断这两首曲目是否适合放在同一个歌单或相近的听歌场景里。请根据整体氛围、情绪基调和节奏能量判断它们是否相似；不要根据国家、语言、乐器或标签直接下结论。若相似填 yes，不相似填 no，不确定可留空并在 notes 中说明。,,,,
pal_0264,great_britain_0021,germany_0000,great_britain,germany,"[17, 103]","[17, 3, 4]",Uncharted Lands,By By River,E:\Desktop\Echo\storage\public\research_dataset_v3\great_britain\audio\great_britain_0021.mp3,E:\Desktop\Echo\storage\public\research_dataset_v3\germany\audio\germany_0000.mp3,,,1.7045522928237915,culture_centroid_entropy,请判断这两首曲目是否适合放在同一个歌单或相近的听歌场景里。请根据整体氛围、情绪基调和节奏能量判断它们是否相似；不要根据国家、语言、乐器或标签直接下结论。若相似填 yes，不相似填 no，不确定可留空并在 notes 中说明。,,,,
pal_0265,great_britain_0059,modern_english_pop_0015,great_britain,modern_english_pop,[],"['groove', 'pop']",Muse Hack (integral),,E:\Desktop\Echo\storage\public\research_dataset_v3\great_britain\audio\great_britain_0059.mp3,E:\Desktop\Echo\storage\public\research_dataset_v3\modern_english_pop\audio\modern_english_pop_0015.mp3,,,1.7045522928237915,culture_centroid_entropy,请判断这两首曲目是否适合放在同一个歌单或相近的听歌场景里。请根据整体氛围、情绪基调和节奏能量判断它们是否相似；不要根据国家、语言、乐器或标签直接下结论。若相似填 yes，不相似填 no，不确定可留空并在 notes 中说明。,,,,
pal_0266,great_britain_0068,china_jingju_0013,great_britain,china,"[107, 1235]",danbz,One Minute For The Sun,Kan_dai_wang,E:\Desktop\Echo\storage\public\research_dataset_v3\great_britain\audio\great_britain_0068.mp3,E:\Desktop\Echo\storage\public\research_dataset_v3\china\audio\china_jingju_0013.wav,,,1.7045522928237915,culture_centroid_entropy,请判断这两首曲目是否适合放在同一个歌单或相近的听歌场景里。请根据整体氛围、情绪基调和节奏能量判断它们是否相似；不要根据国家、语言、乐器或标签直接下结论。若相似填 yes，不相似填 no，不确定可留空并在 notes 中说明。,,,,
pal_0267,india_saraga_0104,india_saraga_0103,india,india,Introductory speech by Ajoy Chakrabarty,Introduction about Ajoy Chakrabarty,Introductory speech by Ajoy Chakrabarty,Introduction about Ajoy Chakrabarty,E:\Desktop\Echo\storage\public\research_dataset_v3\india\audio\india_saraga_0104.mp3,E:\Desktop\Echo\storage\public\research_dataset_v3\india\audio\india_saraga_0103.mp3,,,1.7045522928237915,culture_centroid_entropy,请判断这两首曲目是否适合放在同一个歌单或相近的听歌场景里。请根据整体氛围、情绪基调和节奏能量判断它们是否相似；不要根据国家、语言、乐器或标签直接下结论。若相似填 yes，不相似填 no，不确定可留空并在 notes 中说明。,,,,
pal_0268,indonesia_fma_0006,indonesia_fma_0004,indonesia,indonesia,"[""Pop""]","[""Compilation"", ""Soundtrack"", ""Instrumental""]","Salahku, Sahabatku",Rat and Cat,E:\Desktop\Echo\storage\public\research_dataset_v3\indonesia\audio\indonesia_fma_0006.mp3,E:\Desktop\Echo\storage\public\research_dataset_v3\indonesia\audio\indonesia_fma_0004.mp3,,,1.7045522928237915,culture_centroid_entropy,请判断这两首曲目是否适合放在同一个歌单或相近的听歌场景里。请根据整体氛围、情绪基调和节奏能量判断它们是否相似；不要根据国家、语言、乐器或标签直接下结论。若相似填 yes，不相似填 no，不确定可留空并在 notes 中说明。,,,,
pal_0269,indonesia_gamelan_0052,indonesia_gamelan_0051,indonesia,indonesia,orchestra/target,orchestra/target,,,E:\Desktop\Echo\storage\public\research_dataset_v3\indonesia\audio\indonesia_gamelan_0052.wav,E:\Desktop\Echo\storage\public\research_dataset_v3\indonesia\audio\indonesia_gamelan_0051.wav,,,1.7045522928237915,culture_centroid_entropy,请判断这两首曲目是否适合放在同一个歌单或相近的听歌场景里。请根据整体氛围、情绪基调和节奏能量判断它们是否相似；不要根据国家、语言、乐器或标签直接下结论。若相似填 yes，不相似填 no，不确定可留空并在 notes 中说明。,,,,
pal_0270,italy_0038,france_0079,italy,france,"[18, 1235]","[9, 4, 37]",The secret side,The Dice Man,E:\Desktop\Echo\storage\public\research_dataset_v3\italy\audio\italy_0038.mp3,E:\Desktop\Echo\storage\public\research_dataset_v3\france\audio\france_0079.mp3,,,1.7045522928237915,culture_centroid_entropy,请判断这两首曲目是否适合放在同一个歌单或相近的听歌场景里。请根据整体氛围、情绪基调和节奏能量判断它们是否相似；不要根据国家、语言、乐器或标签直接下结论。若相似填 yes，不相似填 no，不确定可留空并在 notes 中说明。,,,,
pal_0271,italy_0104,modern_english_pop_0016,italy,modern_english_pop,[4],"['groove', 'pop']",To Be a Master P.,,E:\Desktop\Echo\storage\public\research_dataset_v3\italy\audio\italy_0104.mp3,E:\Desktop\Echo\storage\public\research_dataset_v3\modern_english_pop\audio\modern_english_pop_0016.mp3,,,1.7045522928237915,culture_centroid_entropy,请判断这两首曲目是否适合放在同一个歌单或相近的听歌场景里。请根据整体氛围、情绪基调和节奏能量判断它们是否相似；不要根据国家、语言、乐器或标签直接下结论。若相似填 yes，不相似填 no，不确定可留空并在 notes 中说明。,,,,
pal_0272,modern_english_pop_0007,great_britain_0097,modern_english_pop,great_britain,"['pop', 'classical']","[17, 103]",,Night & Day,E:\Desktop\Echo\storage\public\research_dataset_v3\modern_english_pop\audio\modern_english_pop_0007.mp3,E:\Desktop\Echo\storage\public\research_dataset_v3\great_britain\audio\great_britain_0097.mp3,,,1.7045522928237915,culture_centroid_entropy,请判断这两首曲目是否适合放在同一个歌单或相近的听歌场景里。请根据整体氛围、情绪基调和节奏能量判断它们是否相似；不要根据国家、语言、乐器或标签直接下结论。若相似填 yes，不相似填 no，不确定可留空并在 notes 中说明。,,,,
pal_0273,russia_0016,great_britain_0077,russia,great_britain,"[10, 76]","[33, 10, 76, 17]",Devil Exit From Fashion,Kiss And Tell (breezy bossa nova),E:\Desktop\Echo\storage\public\research_dataset_v3\russia\audio\russia_0016.mp3,E:\Desktop\Echo\storage\public\research_dataset_v3\great_britain\audio\great_britain_0077.mp3,,,1.7045522928237915,culture_centroid_entropy,请判断这两首曲目是否适合放在同一个歌单或相近的听歌场景里。请根据整体氛围、情绪基调和节奏能量判断它们是否相似；不要根据国家、语言、乐器或标签直接下结论。若相似填 yes，不相似填 no，不确定可留空并在 notes 中说明。,,,,
pal_0274,russia_0054,india_saraga_0044,russia,india,"[107, 1235]",Raag Rageshri,Försiktigt,Raag Rageshri,E:\Desktop\Echo\storage\public\research_dataset_v3\russia\audio\russia_0054.mp3,E:\Desktop\Echo\storage\public\research_dataset_v3\india\audio\india_saraga_0044.mp3,,,1.7045522928237915,culture_centroid_entropy,请判断这两首曲目是否适合放在同一个歌单或相近的听歌场景里。请根据整体氛围、情绪基调和节奏能量判断它们是否相似；不要根据国家、语言、乐器或标签直接下结论。若相似填 yes，不相似填 no，不确定可留空并在 notes 中说明。,,,,
pal_0275,russia_0059,india_saraga_0060,russia,india,"[18, 1235]",Raag Bhoopali,I - В ГЛУШИ by Kosta T,Raag Bhoopali,E:\Desktop\Echo\storage\public\research_dataset_v3\russia\audio\russia_0059.mp3,E:\Desktop\Echo\storage\public\research_dataset_v3\india\audio\india_saraga_0060.mp3,,,1.7045522928237915,culture_centroid_entropy,请判断这两首曲目是否适合放在同一个歌单或相近的听歌场景里。请根据整体氛围、情绪基调和节奏能量判断它们是否相似；不要根据国家、语言、乐器或标签直接下结论。若相似填 yes，不相似填 no，不确定可留空并在 notes 中说明。,,,,
pal_0276,turkey_modern_0096,great_britain_0012,turkey,great_britain,,"[17, 94]",,together we are beautiful,E:\Desktop\Echo\storage\public\research_dataset_v3\turkey\audio\turkey_modern_0096.mp3,E:\Desktop\Echo\storage\public\research_dataset_v3\great_britain\audio\great_britain_0012.mp3,,,1.7045522928237915,culture_centroid_entropy,请判断这两首曲目是否适合放在同一个歌单或相近的听歌场景里。请根据整体氛围、情绪基调和节奏能量判断它们是否相似；不要根据国家、语言、乐器或标签直接下结论。若相似填 yes，不相似填 no，不确定可留空并在 notes 中说明。,,,,
pal_0277,turkey_modern_0132,turkey_modern_0024,turkey,turkey,,,,,E:\Desktop\Echo\storage\public\research_dataset_v3\turkey\audio\turkey_modern_0132.mp3,E:\Desktop\Echo\storage\public\research_dataset_v3\turkey\audio\turkey_modern_0024.mp3,,,1.7045522928237915,culture_centroid_entropy,请判断这两首曲目是否适合放在同一个歌单或相近的听歌场景里。请根据整体氛围、情绪基调和节奏能量判断它们是否相似；不要根据国家、语言、乐器或标签直接下结论。若相似填 yes，不相似填 no，不确定可留空并在 notes 中说明。,,,,
pal_0278,turkey_modern_0142,great_britain_0091,turkey,great_britain,,[17],,Yew Pine Mountain,E:\Desktop\Echo\storage\public\research_dataset_v3\turkey\audio\turkey_modern_0142.mp3,E:\Desktop\Echo\storage\public\research_dataset_v3\great_britain\audio\great_britain_0091.mp3,,,1.7045522928237915,culture_centroid_entropy,请判断这两首曲目是否适合放在同一个歌单或相近的听歌场景里。请根据整体氛围、情绪基调和节奏能量判断它们是否相似；不要根据国家、语言、乐器或标签直接下结论。若相似填 yes，不相似填 no，不确定可留空并在 notes 中说明。,,,,
pal_0279,turkey_modern_0147,turkey_modern_0126,turkey,turkey,,,,,E:\Desktop\Echo\storage\public\research_dataset_v3\turkey\audio\turkey_modern_0147.mp3,E:\Desktop\Echo\storage\public\research_dataset_v3\turkey\audio\turkey_modern_0126.mp3,,,1.7045522928237915,culture_centroid_entropy,请判断这两首曲目是否适合放在同一个歌单或相近的听歌场景里。请根据整体氛围、情绪基调和节奏能量判断它们是否相似；不要根据国家、语言、乐器或标签直接下结论。若相似填 yes，不相似填 no，不确定可留空并在 notes 中说明。,,,,
pal_0280,france_0025,turkey_modern_0077,france,turkey,"[10, 76]",,Résultat clinique,,E:\Desktop\Echo\storage\public\research_dataset_v3\france\audio\france_0025.mp3,E:\Desktop\Echo\storage\public\research_dataset_v3\turkey\audio\turkey_modern_0077.mp3,,,1.704552173614502,culture_centroid_entropy,请判断这两首曲目是否适合放在同一个歌单或相近的听歌场景里。请根据整体氛围、情绪基调和节奏能量判断它们是否相似；不要根据国家、语言、乐器或标签直接下结论。若相似填 yes，不相似填 no，不确定可留空并在 notes 中说明。,,,,
pal_0281,france_0028,turkey_modern_0048,france,turkey,"[10, 76]",,Rock'n Roll Boy,,E:\Desktop\Echo\storage\public\research_dataset_v3\france\audio\france_0028.mp3,E:\Desktop\Echo\storage\public\research_dataset_v3\turkey\audio\turkey_modern_0048.mp3,,,1.704552173614502,culture_centroid_entropy,请判断这两首曲目是否适合放在同一个歌单或相近的听歌场景里。请根据整体氛围、情绪基调和节奏能量判断它们是否相似；不要根据国家、语言、乐器或标签直接下结论。若相似填 yes，不相似填 no，不确定可留空并在 notes 中说明。,,,,
pal_0282,france_0051,great_britain_0007,france,great_britain,"[17, 10, 103]","[10, 76]",I am of old and young,Hiway Code,E:\Desktop\Echo\storage\public\research_dataset_v3\france\audio\france_0051.mp3,E:\Desktop\Echo\storage\public\research_dataset_v3\great_britain\audio\great_britain_0007.mp3,,,1.704552173614502,culture_centroid_entropy,请判断这两首曲目是否适合放在同一个歌单或相近的听歌场景里。请根据整体氛围、情绪基调和节奏能量判断它们是否相似；不要根据国家、语言、乐器或标签直接下结论。若相似填 yes，不相似填 no，不确定可留空并在 notes 中说明。,,,,
pal_0283,france_0066,russia_0034,france,russia,"[107, 1235]","[107, 18, 1235]",Mouvement 5,In The House,E:\Desktop\Echo\storage\public\research_dataset_v3\france\audio\france_0066.mp3,E:\Desktop\Echo\storage\public\research_dataset_v3\russia\audio\russia_0034.mp3,,,1.704552173614502,culture_centroid_entropy,请判断这两首曲目是否适合放在同一个歌单或相近的听歌场景里。请根据整体氛围、情绪基调和节奏能量判断它们是否相似；不要根据国家、语言、乐器或标签直接下结论。若相似填 yes，不相似填 no，不确定可留空并在 notes 中说明。,,,,
pal_0284,france_0099,italy_0089,france,italy,"[442, 5]",[4],Camille Saint Saens - Carnaval des animaux - VII Aquarium,Requiem,E:\Desktop\Echo\storage\public\research_dataset_v3\france\audio\france_0099.mp3,E:\Desktop\Echo\storage\public\research_dataset_v3\italy\audio\italy_0089.mp3,,,1.704552173614502,culture_centroid_entropy,请判断这两首曲目是否适合放在同一个歌单或相近的听歌场景里。请根据整体氛围、情绪基调和节奏能量判断它们是否相似；不要根据国家、语言、乐器或标签直接下结论。若相似填 yes，不相似填 no，不确定可留空并在 notes 中说明。,,,,
pal_0285,germany_0072,great_britain_0025,germany,great_britain,"[18, 1235]","[17, 103]",Warmer,I Had A Lover I Thought Was My Own,E:\Desktop\Echo\storage\public\research_dataset_v3\germany\audio\germany_0072.mp3,E:\Desktop\Echo\storage\public\research_dataset_v3\great_britain\audio\great_britain_0025.mp3,,,1.704552173614502,culture_centroid_entropy,请判断这两首曲目是否适合放在同一个歌单或相近的听歌场景里。请根据整体氛围、情绪基调和节奏能量判断它们是否相似；不要根据国家、语言、乐器或标签直接下结论。若相似填 yes，不相似填 no，不确定可留空并在 notes 中说明。,,,,
pal_0286,germany_0101,germany_0023,germany,germany,"[17, 107, 5, 1235]",[],Summoner of Winter (ID 439),(Footplate + Signalbox),E:\Desktop\Echo\storage\public\research_dataset_v3\germany\audio\germany_0101.mp3,E:\Desktop\Echo\storage\public\research_dataset_v3\germany\audio\germany_0023.mp3,,,1.704552173614502,culture_centroid_entropy,请判断这两首曲目是否适合放在同一个歌单或相近的听歌场景里。请根据整体氛围、情绪基调和节奏能量判断它们是否相似；不要根据国家、语言、乐器或标签直接下结论。若相似填 yes，不相似填 no，不确定可留空并在 notes 中说明。,,,,
pal_0287,india_saraga_0098,germany_0044,india,germany,Raag Shree,"[107, 1235]",Raag Shree,Salam'ander,E:\Desktop\Echo\storage\public\research_dataset_v3\india\audio\india_saraga_0098.mp3,E:\Desktop\Echo\storage\public\research_dataset_v3\germany\audio\germany_0044.mp3,,,1.704552173614502,culture_centroid_entropy,请判断这两首曲目是否适合放在同一个歌单或相近的听歌场景里。请根据整体氛围、情绪基调和节奏能量判断它们是否相似；不要根据国家、语言、乐器或标签直接下结论。若相似填 yes，不相似填 no，不确定可留空并在 notes 中说明。,,,,
pal_0288,indonesia_gamelan_0005,italy_0041,indonesia,italy,orchestra/mixture,[4],,Pioggia,E:\Desktop\Echo\storage\public\research_dataset_v3\indonesia\audio\indonesia_gamelan_0005.wav,E:\Desktop\Echo\storage\public\research_dataset_v3\italy\audio\italy_0041.mp3,,,1.704552173614502,culture_centroid_entropy,请判断这两首曲目是否适合放在同一个歌单或相近的听歌场景里。请根据整体氛围、情绪基调和节奏能量判断它们是否相似；不要根据国家、语言、乐器或标签直接下结论。若相似填 yes，不相似填 no，不确定可留空并在 notes 中说明。,,,,
pal_0289,italy_0000,france_0048,italy,france,"[18, 1235, 13]","[17, 18, 1235]",Rebirth of the Golden Sun,Free To Use 9,E:\Desktop\Echo\storage\public\research_dataset_v3\italy\audio\italy_0000.mp3,E:\Desktop\Echo\storage\public\research_dataset_v3\france\audio\france_0048.mp3,,,1.704552173614502,culture_centroid_entropy,请判断这两首曲目是否适合放在同一个歌单或相近的听歌场景里。请根据整体氛围、情绪基调和节奏能量判断它们是否相似；不要根据国家、语言、乐器或标签直接下结论。若相似填 yes，不相似填 no，不确定可留空并在 notes 中说明。,,,,
pal_0290,italy_0004,russia_0088,italy,russia,[4],"[107, 5, 1235]",09 Saltimbanco,New Worlds,E:\Desktop\Echo\storage\public\research_dataset_v3\italy\audio\italy_0004.mp3,E:\Desktop\Echo\storage\public\research_dataset_v3\russia\audio\russia_0088.mp3,,,1.704552173614502,culture_centroid_entropy,请判断这两首曲目是否适合放在同一个歌单或相近的听歌场景里。请根据整体氛围、情绪基调和节奏能量判断它们是否相似；不要根据国家、语言、乐器或标签直接下结论。若相似填 yes，不相似填 no，不确定可留空并在 notes 中说明。,,,,
pal_0291,italy_0007,indonesia_fma_0015,italy,indonesia,"[659, 5, 1235]","[""Compilation"", ""Soundtrack"", ""Instrumental""]",The Cyclone,Sekar Jupun Remix + Gadis Pujaan,E:\Desktop\Echo\storage\public\research_dataset_v3\italy\audio\italy_0007.mp3,E:\Desktop\Echo\storage\public\research_dataset_v3\indonesia\audio\indonesia_fma_0015.mp3,,,1.704552173614502,culture_centroid_entropy,请判断这两首曲目是否适合放在同一个歌单或相近的听歌场景里。请根据整体氛围、情绪基调和节奏能量判断它们是否相似；不要根据国家、语言、乐器或标签直接下结论。若相似填 yes，不相似填 no，不确定可留空并在 notes 中说明。,,,,
pal_0292,italy_0024,russia_0045,italy,russia,[4],"[19, 11, 4, 14]",Zimbabwe,Fluteman (Original Disco Funk Mix),E:\Desktop\Echo\storage\public\research_dataset_v3\italy\audio\italy_0024.mp3,E:\Desktop\Echo\storage\public\research_dataset_v3\russia\audio\russia_0045.mp3,,,1.704552173614502,culture_centroid_entropy,请判断这两首曲目是否适合放在同一个歌单或相近的听歌场景里。请根据整体氛围、情绪基调和节奏能量判断它们是否相似；不要根据国家、语言、乐器或标签直接下结论。若相似填 yes，不相似填 no，不确定可留空并在 notes 中说明。,,,,
pal_0293,italy_0071,france_0101,italy,france,"[18, 1235]","[33, 17, 94]",Sensation,10 Acres of the Finest Sand,E:\Desktop\Echo\storage\public\research_dataset_v3\italy\audio\italy_0071.mp3,E:\Desktop\Echo\storage\public\research_dataset_v3\france\audio\france_0101.mp3,,,1.704552173614502,culture_centroid_entropy,请判断这两首曲目是否适合放在同一个歌单或相近的听歌场景里。请根据整体氛围、情绪基调和节奏能量判断它们是否相似；不要根据国家、语言、乐器或标签直接下结论。若相似填 yes，不相似填 no，不确定可留空并在 notes 中说明。,,,,
pal_0294,italy_0072,russia_0088,italy,russia,"[18, 1235]","[107, 5, 1235]",A light,New Worlds,E:\Desktop\Echo\storage\public\research_dataset_v3\italy\audio\italy_0072.mp3,E:\Desktop\Echo\storage\public\research_dataset_v3\russia\audio\russia_0088.mp3,,,1.704552173614502,culture_centroid_entropy,请判断这两首曲目是否适合放在同一个歌单或相近的听歌场景里。请根据整体氛围、情绪基调和节奏能量判断它们是否相似；不要根据国家、语言、乐器或标签直接下结论。若相似填 yes，不相似填 no，不确定可留空并在 notes 中说明。,,,,
pal_0295,modern_english_pop_0019,modern_english_pop_0018,modern_english_pop,modern_english_pop,"['groove', 'pop']","['groove', 'pop']",,,E:\Desktop\Echo\storage\public\research_dataset_v3\modern_english_pop\audio\modern_english_pop_0019.mp3,E:\Desktop\Echo\storage\public\research_dataset_v3\modern_english_pop\audio\modern_english_pop_0018.mp3,,,1.704552173614502,culture_centroid_entropy,请判断这两首曲目是否适合放在同一个歌单或相近的听歌场景里。请根据整体氛围、情绪基调和节奏能量判断它们是否相似；不要根据国家、语言、乐器或标签直接下结论。若相似填 yes，不相似填 no，不确定可留空并在 notes 中说明。,,,,
pal_0296,modern_english_pop_0026,russia_0093,modern_english_pop,russia,"['soundtrack', 'pop', 'instrumentalpop', 'lounge']","[18, 1235, 5]",,Back to Home,E:\Desktop\Echo\storage\public\research_dataset_v3\modern_english_pop\audio\modern_english_pop_0026.mp3,E:\Desktop\Echo\storage\public\research_dataset_v3\russia\audio\russia_0093.mp3,,,1.704552173614502,culture_centroid_entropy,请判断这两首曲目是否适合放在同一个歌单或相近的听歌场景里。请根据整体氛围、情绪基调和节奏能量判断它们是否相似；不要根据国家、语言、乐器或标签直接下结论。若相似填 yes，不相似填 no，不确定可留空并在 notes 中说明。,,,,
pal_0297,modern_english_pop_0047,france_0094,modern_english_pop,france,"['folk', 'instrumentalpop']",[17],,An ordinary man,E:\Desktop\Echo\storage\public\research_dataset_v3\modern_english_pop\audio\modern_english_pop_0047.mp3,E:\Desktop\Echo\storage\public\research_dataset_v3\france\audio\france_0094.mp3,,,1.704552173614502,culture_centroid_entropy,请判断这两首曲目是否适合放在同一个歌单或相近的听歌场景里。请根据整体氛围、情绪基调和节奏能量判断它们是否相似；不要根据国家、语言、乐器或标签直接下结论。若相似填 yes，不相似填 no，不确定可留空并在 notes 中说明。,,,,
pal_0298,turkey_modern_0005,india_saraga_0084,turkey,india,,Raag Marwa,,Raag Marwa,E:\Desktop\Echo\storage\public\research_dataset_v3\turkey\audio\turkey_modern_0005.mp3,E:\Desktop\Echo\storage\public\research_dataset_v3\india\audio\india_saraga_0084.mp3,,,1.704552173614502,culture_centroid_entropy,请判断这两首曲目是否适合放在同一个歌单或相近的听歌场景里。请根据整体氛围、情绪基调和节奏能量判断它们是否相似；不要根据国家、语言、乐器或标签直接下结论。若相似填 yes，不相似填 no，不确定可留空并在 notes 中说明。,,,,
pal_0299,turkey_modern_0048,france_0028,turkey,france,,"[10, 76]",,Rock'n Roll Boy,E:\Desktop\Echo\storage\public\research_dataset_v3\turkey\audio\turkey_modern_0048.mp3,E:\Desktop\Echo\storage\public\research_dataset_v3\france\audio\france_0028.mp3,,,1.704552173614502,culture_centroid_entropy,请判断这两首曲目是否适合放在同一个歌单或相近的听歌场景里。请根据整体氛围、情绪基调和节奏能量判断它们是否相似；不要根据国家、语言、乐器或标签直接下结论。若相似填 yes，不相似填 no，不确定可留空并在 notes 中说明。,,,,
pal_0300,turkey_modern_0071,great_britain_0016,turkey,great_britain,,"[538, 18, 1235]",,San Francisco,E:\Desktop\Echo\storage\public\research_dataset_v3\turkey\audio\turkey_modern_0071.mp3,E:\Desktop\Echo\storage\public\research_dataset_v3\great_britain\audio\great_britain_0016.mp3,,,1.704552173614502,culture_centroid_entropy,请判断这两首曲目是否适合放在同一个歌单或相近的听歌场景里。请根据整体氛围、情绪基调和节奏能量判断它们是否相似；不要根据国家、语言、乐器或标签直接下结论。若相似填 yes，不相似填 no，不确定可留空并在 notes 中说明。,,,,
pal_0301,turkey_modern_0080,turkey_modern_0064,turkey,turkey,,,,,E:\Desktop\Echo\storage\public\research_dataset_v3\turkey\audio\turkey_modern_0080.mp3,E:\Desktop\Echo\storage\public\research_dataset_v3\turkey\audio\turkey_modern_0064.mp3,,,1.704552173614502,culture_centroid_entropy,请判断这两首曲目是否适合放在同一个歌单或相近的听歌场景里。请根据整体氛围、情绪基调和节奏能量判断它们是否相似；不要根据国家、语言、乐器或标签直接下结论。若相似填 yes，不相似填 no，不确定可留空并在 notes 中说明。,,,,
pal_0302,turkey_modern_0092,china_ctis_0048,turkey,china,,D0252,,五音排鼓,E:\Desktop\Echo\storage\public\research_dataset_v3\turkey\audio\turkey_modern_0092.mp3,E:\Desktop\Echo\storage\public\research_dataset_v3\china\audio\china_ctis_0048.wav,,,1.704552173614502,culture_centroid_entropy,请判断这两首曲目是否适合放在同一个歌单或相近的听歌场景里。请根据整体氛围、情绪基调和节奏能量判断它们是否相似；不要根据国家、语言、乐器或标签直接下结论。若相似填 yes，不相似填 no，不确定可留空并在 notes 中说明。,,,,
pal_0303,turkey_modern_0104,turkey_modern_0005,turkey,turkey,,,,,E:\Desktop\Echo\storage\public\research_dataset_v3\turkey\audio\turkey_modern_0104.mp3,E:\Desktop\Echo\storage\public\research_dataset_v3\turkey\audio\turkey_modern_0005.mp3,,,1.704552173614502,culture_centroid_entropy,请判断这两首曲目是否适合放在同一个歌单或相近的听歌场景里。请根据整体氛围、情绪基调和节奏能量判断它们是否相似；不要根据国家、语言、乐器或标签直接下结论。若相似填 yes，不相似填 no，不确定可留空并在 notes 中说明。,,,,
pal_0304,turkey_modern_0144,russia_0052,turkey,russia,,"[107, 5, 1235]",,Pianochocolate - Supernova,E:\Desktop\Echo\storage\public\research_dataset_v3\turkey\audio\turkey_modern_0144.mp3,E:\Desktop\Echo\storage\public\research_dataset_v3\russia\audio\russia_0052.mp3,,,1.704552173614502,culture_centroid_entropy,请判断这两首曲目是否适合放在同一个歌单或相近的听歌场景里。请根据整体氛围、情绪基调和节奏能量判断它们是否相似；不要根据国家、语言、乐器或标签直接下结论。若相似填 yes，不相似填 no，不确定可留空并在 notes 中说明。,,,,
pal_0305,germany_0021,russia_0088,germany,russia,[],"[107, 5, 1235]",Happy Birthday,New Worlds,E:\Desktop\Echo\storage\public\research_dataset_v3\germany\audio\germany_0021.mp3,E:\Desktop\Echo\storage\public\research_dataset_v3\russia\audio\russia_0088.mp3,,,1.6987837553024292,culture_centroid_entropy,请判断这两首曲目是否适合放在同一个歌单或相近的听歌场景里。请根据整体氛围、情绪基调和节奏能量判断它们是否相似；不要根据国家、语言、乐器或标签直接下结论。若相似填 yes，不相似填 no，不确定可留空并在 notes 中说明。,,,,
pal_0306,india_saraga_0053,france_0044,india,france,Raag Dhani,[],Raag Dhani,untitled track,E:\Desktop\Echo\storage\public\research_dataset_v3\india\audio\india_saraga_0053.mp3,E:\Desktop\Echo\storage\public\research_dataset_v3\france\audio\france_0044.mp3,,,1.6987837553024292,culture_centroid_entropy,请判断这两首曲目是否适合放在同一个歌单或相近的听歌场景里。请根据整体氛围、情绪基调和节奏能量判断它们是否相似；不要根据国家、语言、乐器或标签直接下结论。若相似填 yes，不相似填 no，不确定可留空并在 notes 中说明。,,,,
pal_0307,italy_0046,russia_0029,italy,russia,"[267, 1235]",[5],Giochi di luce,5:00 AM,E:\Desktop\Echo\storage\public\research_dataset_v3\italy\audio\italy_0046.mp3,E:\Desktop\Echo\storage\public\research_dataset_v3\russia\audio\russia_0029.mp3,,,1.6987837553024292,culture_centroid_entropy,请判断这两首曲目是否适合放在同一个歌单或相近的听歌场景里。请根据整体氛围、情绪基调和节奏能量判断它们是否相似；不要根据国家、语言、乐器或标签直接下结论。若相似填 yes，不相似填 no，不确定可留空并在 notes 中说明。,,,,
pal_0308,china_ctis_0013,india_saraga_0086,china,india,C0296,Raag Shree,唢呐2,Raag Shree,E:\Desktop\Echo\storage\public\research_dataset_v3\china\audio\china_ctis_0013.wav,E:\Desktop\Echo\storage\public\research_dataset_v3\india\audio\india_saraga_0086.mp3,,,1.6987836360931396,culture_centroid_entropy,请判断这两首曲目是否适合放在同一个歌单或相近的听歌场景里。请根据整体氛围、情绪基调和节奏能量判断它们是否相似；不要根据国家、语言、乐器或标签直接下结论。若相似填 yes，不相似填 no，不确定可留空并在 notes 中说明。,,,,
pal_0309,china_ctis_0038,russia_0088,china,russia,C0100,"[107, 5, 1235]",短箫(传统),New Worlds,E:\Desktop\Echo\storage\public\research_dataset_v3\china\audio\china_ctis_0038.wav,E:\Desktop\Echo\storage\public\research_dataset_v3\russia\audio\russia_0088.mp3,,,1.6987836360931396,culture_centroid_entropy,请判断这两首曲目是否适合放在同一个歌单或相近的听歌场景里。请根据整体氛围、情绪基调和节奏能量判断它们是否相似；不要根据国家、语言、乐器或标签直接下结论。若相似填 yes，不相似填 no，不确定可留空并在 notes 中说明。,,,,
pal_0310,china_jingju_0008,china_jingju_0027,china,china,danbz,daxp,Bei_jiu_chan,Jiao_Zhang_sheng,E:\Desktop\Echo\storage\public\research_dataset_v3\china\audio\china_jingju_0008.wav,E:\Desktop\Echo\storage\public\research_dataset_v3\china\audio\china_jingju_0027.wav,,,1.6987836360931396,culture_centroid_entropy,请判断这两首曲目是否适合放在同一个歌单或相近的听歌场景里。请根据整体氛围、情绪基调和节奏能量判断它们是否相似；不要根据国家、语言、乐器或标签直接下结论。若相似填 yes，不相似填 no，不确定可留空并在 notes 中说明。,,,,
pal_0311,france_0026,italy_0101,france,italy,"[19, 14]",[4],Be Africa,05 Adkezin,E:\Desktop\Echo\storage\public\research_dataset_v3\france\audio\france_0026.mp3,E:\Desktop\Echo\storage\public\research_dataset_v3\italy\audio\italy_0101.mp3,,,1.6987836360931396,culture_centroid_entropy,请判断这两首曲目是否适合放在同一个歌单或相近的听歌场景里。请根据整体氛围、情绪基调和节奏能量判断它们是否相似；不要根据国家、语言、乐器或标签直接下结论。若相似填 yes，不相似填 no，不确定可留空并在 notes 中说明。,,,,
pal_0312,france_0088,china_opencpop_0007,france,china,[10],mandarin_pop,Le Cinéaste,后来,E:\Desktop\Echo\storage\public\research_dataset_v3\france\audio\france_0088.mp3,E:\Desktop\Echo\storage\public\research_dataset_v3\china\audio\china_opencpop_0007.wav,,,1.6987836360931396,culture_centroid_entropy,请判断这两首曲目是否适合放在同一个歌单或相近的听歌场景里。请根据整体氛围、情绪基调和节奏能量判断它们是否相似；不要根据国家、语言、乐器或标签直接下结论。若相似填 yes，不相似填 no，不确定可留空并在 notes 中说明。,,,,
pal_0313,germany_0083,china_opencpop_0013,germany,china,"[17, 1235, 4]",mandarin_pop,Flowery Meadow,大鱼,E:\Desktop\Echo\storage\public\research_dataset_v3\germany\audio\germany_0083.mp3,E:\Desktop\Echo\storage\public\research_dataset_v3\china\audio\china_opencpop_0013.wav,,,1.6987836360931396,culture_centroid_entropy,请判断这两首曲目是否适合放在同一个歌单或相近的听歌场景里。请根据整体氛围、情绪基调和节奏能量判断它们是否相似；不要根据国家、语言、乐器或标签直接下结论。若相似填 yes，不相似填 no，不确定可留空并在 notes 中说明。,,,,
pal_0314,great_britain_0055,france_0043,great_britain,france,[],[],Lights On A Leash,Renard fatigué,E:\Desktop\Echo\storage\public\research_dataset_v3\great_britain\audio\great_britain_0055.mp3,E:\Desktop\Echo\storage\public\research_dataset_v3\france\audio\france_0043.mp3,,,1.6987836360931396,culture_centroid_entropy,请判断这两首曲目是否适合放在同一个歌单或相近的听歌场景里。请根据整体氛围、情绪基调和节奏能量判断它们是否相似；不要根据国家、语言、乐器或标签直接下结论。若相似填 yes，不相似填 no，不确定可留空并在 notes 中说明。,,,,
pal_0315,great_britain_0058,great_britain_0092,great_britain,great_britain,[],[4],Live at Cafe OTO - November 2012,écouter systématiquement son coeur,E:\Desktop\Echo\storage\public\research_dataset_v3\great_britain\audio\great_britain_0058.mp3,E:\Desktop\Echo\storage\public\research_dataset_v3\great_britain\audio\great_britain_0092.mp3,,,1.6987836360931396,culture_centroid_entropy,请判断这两首曲目是否适合放在同一个歌单或相近的听歌场景里。请根据整体氛围、情绪基调和节奏能量判断它们是否相似；不要根据国家、语言、乐器或标签直接下结论。若相似填 yes，不相似填 no，不确定可留空并在 notes 中说明。,,,,
pal_0316,indonesia_gamelan_0004,indonesia_gamelan_0008,indonesia,indonesia,orchestra/mixture,orchestra/mixture,,,E:\Desktop\Echo\storage\public\research_dataset_v3\indonesia\audio\indonesia_gamelan_0004.wav,E:\Desktop\Echo\storage\public\research_dataset_v3\indonesia\audio\indonesia_gamelan_0008.wav,,,1.6987836360931396,culture_centroid_entropy,请判断这两首曲目是否适合放在同一个歌单或相近的听歌场景里。请根据整体氛围、情绪基调和节奏能量判断它们是否相似；不要根据国家、语言、乐器或标签直接下结论。若相似填 yes，不相似填 no，不确定可留空并在 notes 中说明。,,,,
pal_0317,italy_0092,italy_0012,italy,italy,[4],"[1235, 5]",Funeral March For A Bar Of Soap,In Her Name,E:\Desktop\Echo\storage\public\research_dataset_v3\italy\audio\italy_0092.mp3,E:\Desktop\Echo\storage\public\research_dataset_v3\italy\audio\italy_0012.mp3,,,1.6987836360931396,culture_centroid_entropy,请判断这两首曲目是否适合放在同一个歌单或相近的听歌场景里。请根据整体氛围、情绪基调和节奏能量判断它们是否相似；不要根据国家、语言、乐器或标签直接下结论。若相似填 yes，不相似填 no，不确定可留空并在 notes 中说明。,,,,
pal_0318,modern_english_pop_0095,modern_english_pop_0117,modern_english_pop,modern_english_pop,"['easylistening', 'pop']","['folk', 'singersongwriter', 'popfolk']",,,E:\Desktop\Echo\storage\public\research_dataset_v3\modern_english_pop\audio\modern_english_pop_0095.mp3,E:\Desktop\Echo\storage\public\research_dataset_v3\modern_english_pop\audio\modern_english_pop_0117.mp3,,,1.6987836360931396,culture_centroid_entropy,请判断这两首曲目是否适合放在同一个歌单或相近的听歌场景里。请根据整体氛围、情绪基调和节奏能量判断它们是否相似；不要根据国家、语言、乐器或标签直接下结论。若相似填 yes，不相似填 no，不确定可留空并在 notes 中说明。,,,,
pal_0319,turkey_modern_0010,turkey_modern_0110,turkey,turkey,,,,,E:\Desktop\Echo\storage\public\research_dataset_v3\turkey\audio\turkey_modern_0010.mp3,E:\Desktop\Echo\storage\public\research_dataset_v3\turkey\audio\turkey_modern_0110.mp3,,,1.6987836360931396,culture_centroid_entropy,请判断这两首曲目是否适合放在同一个歌单或相近的听歌场景里。请根据整体氛围、情绪基调和节奏能量判断它们是否相似；不要根据国家、语言、乐器或标签直接下结论。若相似填 yes，不相似填 no，不确定可留空并在 notes 中说明。,,,,
pal_0320,china_ctis_0049,italy_0018,china,italy,T0254,[10],箜篌,"""Outsider girl""",E:\Desktop\Echo\storage\public\research_dataset_v3\china\audio\china_ctis_0049.wav,E:\Desktop\Echo\storage\public\research_dataset_v3\italy\audio\italy_0018.mp3,,,1.6762359142303467,culture_centroid_entropy,请判断这两首曲目是否适合放在同一个歌单或相近的听歌场景里。请根据整体氛围、情绪基调和节奏能量判断它们是否相似；不要根据国家、语言、乐器或标签直接下结论。若相似填 yes，不相似填 no，不确定可留空并在 notes 中说明。,,,,
pal_0321,france_0067,france_0003,france,france,"[442, 5]","[17, 10, 103]",Camille Saint Saens - Carnaval des animaux - XII Fossiles,All in the Name of Love,E:\Desktop\Echo\storage\public\research_dataset_v3\france\audio\france_0067.mp3,E:\Desktop\Echo\storage\public\research_dataset_v3\france\audio\france_0003.mp3,,,1.6762359142303467,culture_centroid_entropy,请判断这两首曲目是否适合放在同一个歌单或相近的听歌场景里。请根据整体氛围、情绪基调和节奏能量判断它们是否相似；不要根据国家、语言、乐器或标签直接下结论。若相似填 yes，不相似填 no，不确定可留空并在 notes 中说明。,,,,
pal_0322,germany_0043,china_opencpop_0007,germany,china,[17],mandarin_pop,Mayfly,后来,E:\Desktop\Echo\storage\public\research_dataset_v3\germany\audio\germany_0043.mp3,E:\Desktop\Echo\storage\public\research_dataset_v3\china\audio\china_opencpop_0007.wav,,,1.6762359142303467,culture_centroid_entropy,请判断这两首曲目是否适合放在同一个歌单或相近的听歌场景里。请根据整体氛围、情绪基调和节奏能量判断它们是否相似；不要根据国家、语言、乐器或标签直接下结论。若相似填 yes，不相似填 no，不确定可留空并在 notes 中说明。,,,,
pal_0323,great_britain_0011,russia_0037,great_britain,russia,"[33, 107, 17, 18, 1235]","[18, 1235, 659, 5]",Biology Slides,The Spirit of Russian Love by Zinaida Trokai,E:\Desktop\Echo\storage\public\research_dataset_v3\great_britain\audio\great_britain_0011.mp3,E:\Desktop\Echo\storage\public\research_dataset_v3\russia\audio\russia_0037.mp3,,,1.6762359142303467,culture_centroid_entropy,请判断这两首曲目是否适合放在同一个歌单或相近的听歌场景里。请根据整体氛围、情绪基调和节奏能量判断它们是否相似；不要根据国家、语言、乐器或标签直接下结论。若相似填 yes，不相似填 no，不确定可留空并在 notes 中说明。,,,,
pal_0324,india_saraga_0000,india_saraga_0004,india,india,Raag Basanti Kedar,Raag Jogiya,Raag Basanti Kedar,Raag Jogiya,E:\Desktop\Echo\storage\public\research_dataset_v3\india\audio\india_saraga_0000.mp3,E:\Desktop\Echo\storage\public\research_dataset_v3\india\audio\india_saraga_0004.mp3,,,1.6762359142303467,culture_centroid_entropy,请判断这两首曲目是否适合放在同一个歌单或相近的听歌场景里。请根据整体氛围、情绪基调和节奏能量判断它们是否相似；不要根据国家、语言、乐器或标签直接下结论。若相似填 yes，不相似填 no，不确定可留空并在 notes 中说明。,,,,
pal_0325,india_saraga_0046,russia_0029,india,russia,Raag Todi,[5],Raag Todi,5:00 AM,E:\Desktop\Echo\storage\public\research_dataset_v3\india\audio\india_saraga_0046.mp3,E:\Desktop\Echo\storage\public\research_dataset_v3\russia\audio\russia_0029.mp3,,,1.6762359142303467,culture_centroid_entropy,请判断这两首曲目是否适合放在同一个歌单或相近的听歌场景里。请根据整体氛围、情绪基调和节奏能量判断它们是否相似；不要根据国家、语言、乐器或标签直接下结论。若相似填 yes，不相似填 no，不确定可留空并在 notes 中说明。,,,,
pal_0326,india_saraga_0084,great_britain_0060,india,great_britain,Raag Marwa,[],Raag Marwa,"Solo Violin (Live at Cafe OTO, 25 May 2013)",E:\Desktop\Echo\storage\public\research_dataset_v3\india\audio\india_saraga_0084.mp3,E:\Desktop\Echo\storage\public\research_dataset_v3\great_britain\audio\great_britain_0060.mp3,,,1.6762359142303467,culture_centroid_entropy,请判断这两首曲目是否适合放在同一个歌单或相近的听歌场景里。请根据整体氛围、情绪基调和节奏能量判断它们是否相似；不要根据国家、语言、乐器或标签直接下结论。若相似填 yes，不相似填 no，不确定可留空并在 notes 中说明。,,,,
pal_0327,italy_0026,russia_0102,italy,russia,[4],"[107, 18, 1235, 5]",Talk Samba (Parliamo un pò),City Of Lonely Ghosts,E:\Desktop\Echo\storage\public\research_dataset_v3\italy\audio\italy_0026.mp3,E:\Desktop\Echo\storage\public\research_dataset_v3\russia\audio\russia_0102.mp3,,,1.6762359142303467,culture_centroid_entropy,请判断这两首曲目是否适合放在同一个歌单或相近的听歌场景里。请根据整体氛围、情绪基调和节奏能量判断它们是否相似；不要根据国家、语言、乐器或标签直接下结论。若相似填 yes，不相似填 no，不确定可留空并在 notes 中说明。,,,,
pal_0328,italy_0064,turkey_modern_0050,italy,turkey,[13],,North Pole,,E:\Desktop\Echo\storage\public\research_dataset_v3\italy\audio\italy_0064.mp3,E:\Desktop\Echo\storage\public\research_dataset_v3\turkey\audio\turkey_modern_0050.mp3,,,1.6762359142303467,culture_centroid_entropy,请判断这两首曲目是否适合放在同一个歌单或相近的听歌场景里。请根据整体氛围、情绪基调和节奏能量判断它们是否相似；不要根据国家、语言、乐器或标签直接下结论。若相似填 yes，不相似填 no，不确定可留空并在 notes 中说明。,,,,
pal_0329,italy_0074,germany_0047,italy,germany,"[18, 1235]","[17, 33]",Gas,The Flying Carriage,E:\Desktop\Echo\storage\public\research_dataset_v3\italy\audio\italy_0074.mp3,E:\Desktop\Echo\storage\public\research_dataset_v3\germany\audio\germany_0047.mp3,,,1.6762359142303467,culture_centroid_entropy,请判断这两首曲目是否适合放在同一个歌单或相近的听歌场景里。请根据整体氛围、情绪基调和节奏能量判断它们是否相似；不要根据国家、语言、乐器或标签直接下结论。若相似填 yes，不相似填 no，不确定可留空并在 notes 中说明。,,,,
pal_0330,modern_english_pop_0016,italy_0104,modern_english_pop,italy,"['groove', 'pop']",[4],,To Be a Master P.,E:\Desktop\Echo\storage\public\research_dataset_v3\modern_english_pop\audio\modern_english_pop_0016.mp3,E:\Desktop\Echo\storage\public\research_dataset_v3\italy\audio\italy_0104.mp3,,,1.6762359142303467,culture_centroid_entropy,请判断这两首曲目是否适合放在同一个歌单或相近的听歌场景里。请根据整体氛围、情绪基调和节奏能量判断它们是否相似；不要根据国家、语言、乐器或标签直接下结论。若相似填 yes，不相似填 no，不确定可留空并在 notes 中说明。,,,,
pal_0331,russia_0034,france_0066,russia,france,"[107, 18, 1235]","[107, 1235]",In The House,Mouvement 5,E:\Desktop\Echo\storage\public\research_dataset_v3\russia\audio\russia_0034.mp3,E:\Desktop\Echo\storage\public\research_dataset_v3\france\audio\france_0066.mp3,,,1.6762359142303467,culture_centroid_entropy,请判断这两首曲目是否适合放在同一个歌单或相近的听歌场景里。请根据整体氛围、情绪基调和节奏能量判断它们是否相似；不要根据国家、语言、乐器或标签直接下结论。若相似填 yes，不相似填 no，不确定可留空并在 notes 中说明。,,,,
pal_0332,turkey_modern_0000,france_0072,turkey,france,,"[10, 76]",,Dites 33,E:\Desktop\Echo\storage\public\research_dataset_v3\turkey\audio\turkey_modern_0000.mp3,E:\Desktop\Echo\storage\public\research_dataset_v3\france\audio\france_0072.mp3,,,1.6762359142303467,culture_centroid_entropy,请判断这两首曲目是否适合放在同一个歌单或相近的听歌场景里。请根据整体氛围、情绪基调和节奏能量判断它们是否相似；不要根据国家、语言、乐器或标签直接下结论。若相似填 yes，不相似填 no，不确定可留空并在 notes 中说明。,,,,
pal_0333,turkey_modern_0072,modern_english_pop_0084,turkey,modern_english_pop,,"['folk', 'pop', 'popfolk']",,,E:\Desktop\Echo\storage\public\research_dataset_v3\turkey\audio\turkey_modern_0072.mp3,E:\Desktop\Echo\storage\public\research_dataset_v3\modern_english_pop\audio\modern_english_pop_0084.mp3,,,1.6762359142303467,culture_centroid_entropy,请判断这两首曲目是否适合放在同一个歌单或相近的听歌场景里。请根据整体氛围、情绪基调和节奏能量判断它们是否相似；不要根据国家、语言、乐器或标签直接下结论。若相似填 yes，不相似填 no，不确定可留空并在 notes 中说明。,,,,
pal_0334,france_0014,france_0026,france,france,[],"[19, 14]",Smokey Tape : B1,Be Africa,E:\Desktop\Echo\storage\public\research_dataset_v3\france\audio\france_0014.mp3,E:\Desktop\Echo\storage\public\research_dataset_v3\france\audio\france_0026.mp3,,,1.6762357950210571,culture_centroid_entropy,请判断这两首曲目是否适合放在同一个歌单或相近的听歌场景里。请根据整体氛围、情绪基调和节奏能量判断它们是否相似；不要根据国家、语言、乐器或标签直接下结论。若相似填 yes，不相似填 no，不确定可留空并在 notes 中说明。,,,,
pal_0335,france_0016,italy_0010,france,italy,[17],[],High Tide/Low Tide,Radical Leap,E:\Desktop\Echo\storage\public\research_dataset_v3\france\audio\france_0016.mp3,E:\Desktop\Echo\storage\public\research_dataset_v3\italy\audio\italy_0010.mp3,,,1.6762357950210571,culture_centroid_entropy,请判断这两首曲目是否适合放在同一个歌单或相近的听歌场景里。请根据整体氛围、情绪基调和节奏能量判断它们是否相似；不要根据国家、语言、乐器或标签直接下结论。若相似填 yes，不相似填 no，不确定可留空并在 notes 中说明。,,,,
pal_0336,france_0056,great_britain_0028,france,great_britain,[10],"[17, 180, 103]",Le Dilettante,La Jardinera,E:\Desktop\Echo\storage\public\research_dataset_v3\france\audio\france_0056.mp3,E:\Desktop\Echo\storage\public\research_dataset_v3\great_britain\audio\great_britain_0028.mp3,,,1.6762357950210571,culture_centroid_entropy,请判断这两首曲目是否适合放在同一个歌单或相近的听歌场景里。请根据整体氛围、情绪基调和节奏能量判断它们是否相似；不要根据国家、语言、乐器或标签直接下结论。若相似填 yes，不相似填 no，不确定可留空并在 notes 中说明。,,,,
pal_0337,germany_0007,modern_english_pop_0087,germany,modern_english_pop,"[18, 1235]","['folk', 'pop', 'popfolk']",Improve Yourself,,E:\Desktop\Echo\storage\public\research_dataset_v3\germany\audio\germany_0007.mp3,E:\Desktop\Echo\storage\public\research_dataset_v3\modern_english_pop\audio\modern_english_pop_0087.mp3,,,1.6762357950210571,culture_centroid_entropy,请判断这两首曲目是否适合放在同一个歌单或相近的听歌场景里。请根据整体氛围、情绪基调和节奏能量判断它们是否相似；不要根据国家、语言、乐器或标签直接下结论。若相似填 yes，不相似填 no，不确定可留空并在 notes 中说明。,,,,
pal_0338,germany_0036,great_britain_0023,germany,great_britain,"[17, 4, 5, 103]",[17],Beauftiful Memories,Ocean,E:\Desktop\Echo\storage\public\research_dataset_v3\germany\audio\germany_0036.mp3,E:\Desktop\Echo\storage\public\research_dataset_v3\great_britain\audio\great_britain_0023.mp3,,,1.6762357950210571,culture_centroid_entropy,请判断这两首曲目是否适合放在同一个歌单或相近的听歌场景里。请根据整体氛围、情绪基调和节奏能量判断它们是否相似；不要根据国家、语言、乐器或标签直接下结论。若相似填 yes，不相似填 no，不确定可留空并在 notes 中说明。,,,,
pal_0339,germany_0103,great_britain_0063,germany,great_britain,"[17, 1235, 4]",[],Do You Remember (ID 356),"anTrgor rEiz (Cafe OTO, 20 May 2013)",E:\Desktop\Echo\storage\public\research_dataset_v3\germany\audio\germany_0103.mp3,E:\Desktop\Echo\storage\public\research_dataset_v3\great_britain\audio\great_britain_0063.mp3,,,1.6762357950210571,culture_centroid_entropy,请判断这两首曲目是否适合放在同一个歌单或相近的听歌场景里。请根据整体氛围、情绪基调和节奏能量判断它们是否相似；不要根据国家、语言、乐器或标签直接下结论。若相似填 yes，不相似填 no，不确定可留空并在 notes 中说明。,,,,
pal_0340,great_britain_0029,russia_0069,great_britain,russia,[17],"[107, 18, 1235, 5]",Tee Te Te,Fog,E:\Desktop\Echo\storage\public\research_dataset_v3\great_britain\audio\great_britain_0029.mp3,E:\Desktop\Echo\storage\public\research_dataset_v3\russia\audio\russia_0069.mp3,,,1.6762357950210571,culture_centroid_entropy,请判断这两首曲目是否适合放在同一个歌单或相近的听歌场景里。请根据整体氛围、情绪基调和节奏能量判断它们是否相似；不要根据国家、语言、乐器或标签直接下结论。若相似填 yes，不相似填 no，不确定可留空并在 notes 中说明。,,,,
pal_0341,great_britain_0037,great_britain_0021,great_britain,great_britain,"[17, 10, 103]","[17, 103]",The Morning Sun,Uncharted Lands,E:\Desktop\Echo\storage\public\research_dataset_v3\great_britain\audio\great_britain_0037.mp3,E:\Desktop\Echo\storage\public\research_dataset_v3\great_britain\audio\great_britain_0021.mp3,,,1.6762357950210571,culture_centroid_entropy,请判断这两首曲目是否适合放在同一个歌单或相近的听歌场景里。请根据整体氛围、情绪基调和节奏能量判断它们是否相似；不要根据国家、语言、乐器或标签直接下结论。若相似填 yes，不相似填 no，不确定可留空并在 notes 中说明。,,,,
pal_0342,indonesia_fma_0000,russia_0023,indonesia,russia,"[""Compilation"", ""Soundtrack"", ""Instrumental""]","[17, 107, 1235, 103]",Jakarta Seems Empty Without You Here,1937,E:\Desktop\Echo\storage\public\research_dataset_v3\indonesia\audio\indonesia_fma_0000.mp3,E:\Desktop\Echo\storage\public\research_dataset_v3\russia\audio\russia_0023.mp3,,,1.6762357950210571,culture_centroid_entropy,请判断这两首曲目是否适合放在同一个歌单或相近的听歌场景里。请根据整体氛围、情绪基调和节奏能量判断它们是否相似；不要根据国家、语言、乐器或标签直接下结论。若相似填 yes，不相似填 no，不确定可留空并在 notes 中说明。,,,,
pal_0343,indonesia_gamelan_0025,indonesia_gamelan_0024,indonesia,indonesia,orchestra/target,orchestra/target,,,E:\Desktop\Echo\storage\public\research_dataset_v3\indonesia\audio\indonesia_gamelan_0025.wav,E:\Desktop\Echo\storage\public\research_dataset_v3\indonesia\audio\indonesia_gamelan_0024.wav,,,1.6762357950210571,culture_centroid_entropy,请判断这两首曲目是否适合放在同一个歌单或相近的听歌场景里。请根据整体氛围、情绪基调和节奏能量判断它们是否相似；不要根据国家、语言、乐器或标签直接下结论。若相似填 yes，不相似填 no，不确定可留空并在 notes 中说明。,,,,
pal_0344,italy_0010,france_0016,italy,france,[],[17],Radical Leap,High Tide/Low Tide,E:\Desktop\Echo\storage\public\research_dataset_v3\italy\audio\italy_0010.mp3,E:\Desktop\Echo\storage\public\research_dataset_v3\france\audio\france_0016.mp3,,,1.6762357950210571,culture_centroid_entropy,请判断这两首曲目是否适合放在同一个歌单或相近的听歌场景里。请根据整体氛围、情绪基调和节奏能量判断它们是否相似；不要根据国家、语言、乐器或标签直接下结论。若相似填 yes，不相似填 no，不确定可留空并在 notes 中说明。,,,,
pal_0345,italy_0057,great_britain_0045,italy,great_britain,"[18, 1235, 13]",[],The Army's March,Devil's Dream,E:\Desktop\Echo\storage\public\research_dataset_v3\italy\audio\italy_0057.mp3,E:\Desktop\Echo\storage\public\research_dataset_v3\great_britain\audio\great_britain_0045.mp3,,,1.6762357950210571,culture_centroid_entropy,请判断这两首曲目是否适合放在同一个歌单或相近的听歌场景里。请根据整体氛围、情绪基调和节奏能量判断它们是否相似；不要根据国家、语言、乐器或标签直接下结论。若相似填 yes，不相似填 no，不确定可留空并在 notes 中说明。,,,,
pal_0346,italy_0061,modern_english_pop_0068,italy,modern_english_pop,[13],"['soundtrack', 'easylistening', 'pop']","Untold, unspoken",,E:\Desktop\Echo\storage\public\research_dataset_v3\italy\audio\italy_0061.mp3,E:\Desktop\Echo\storage\public\research_dataset_v3\modern_english_pop\audio\modern_english_pop_0068.mp3,,,1.6762357950210571,culture_centroid_entropy,请判断这两首曲目是否适合放在同一个歌单或相近的听歌场景里。请根据整体氛围、情绪基调和节奏能量判断它们是否相似；不要根据国家、语言、乐器或标签直接下结论。若相似填 yes，不相似填 no，不确定可留空并在 notes 中说明。,,,,
pal_0347,modern_english_pop_0025,russia_0007,modern_english_pop,russia,"['easylistening', 'newage', 'pop']","[1235, 5]",,Into The Wind,E:\Desktop\Echo\storage\public\research_dataset_v3\modern_english_pop\audio\modern_english_pop_0025.mp3,E:\Desktop\Echo\storage\public\research_dataset_v3\russia\audio\russia_0007.mp3,,,1.6762357950210571,culture_centroid_entropy,请判断这两首曲目是否适合放在同一个歌单或相近的听歌场景里。请根据整体氛围、情绪基调和节奏能量判断它们是否相似；不要根据国家、语言、乐器或标签直接下结论。若相似填 yes，不相似填 no，不确定可留空并在 notes 中说明。,,,,
pal_0348,modern_english_pop_0036,france_0016,modern_english_pop,france,"['pop', 'instrumentalpop']",[17],,High Tide/Low Tide,E:\Desktop\Echo\storage\public\research_dataset_v3\modern_english_pop\audio\modern_english_pop_0036.mp3,E:\Desktop\Echo\storage\public\research_dataset_v3\france\audio\france_0016.mp3,,,1.6762357950210571,culture_centroid_entropy,请判断这两首曲目是否适合放在同一个歌单或相近的听歌场景里。请根据整体氛围、情绪基调和节奏能量判断它们是否相似；不要根据国家、语言、乐器或标签直接下结论。若相似填 yes，不相似填 no，不确定可留空并在 notes 中说明。,,,,
pal_0349,modern_english_pop_0053,modern_english_pop_0051,modern_english_pop,modern_english_pop,['pop'],['pop'],,,E:\Desktop\Echo\storage\public\research_dataset_v3\modern_english_pop\audio\modern_english_pop_0053.mp3,E:\Desktop\Echo\storage\public\research_dataset_v3\modern_english_pop\audio\modern_english_pop_0051.mp3,,,1.6762357950210571,culture_centroid_entropy,请判断这两首曲目是否适合放在同一个歌单或相近的听歌场景里。请根据整体氛围、情绪基调和节奏能量判断它们是否相似；不要根据国家、语言、乐器或标签直接下结论。若相似填 yes，不相似填 no，不确定可留空并在 notes 中说明。,,,,
pal_0350,russia_0023,indonesia_fma_0000,russia,indonesia,"[17, 107, 1235, 103]","[""Compilation"", ""Soundtrack"", ""Instrumental""]",1937,Jakarta Seems Empty Without You Here,E:\Desktop\Echo\storage\public\research_dataset_v3\russia\audio\russia_0023.mp3,E:\Desktop\Echo\storage\public\research_dataset_v3\indonesia\audio\indonesia_fma_0000.mp3,,,1.6762357950210571,culture_centroid_entropy,请判断这两首曲目是否适合放在同一个歌单或相近的听歌场景里。请根据整体氛围、情绪基调和节奏能量判断它们是否相似；不要根据国家、语言、乐器或标签直接下结论。若相似填 yes，不相似填 no，不确定可留空并在 notes 中说明。,,,,
pal_0351,russia_0030,turkey_modern_0119,russia,turkey,"[107, 5, 1235]",,Jane Maximova - Rain in my Heart (Pianochocolate Remix),,E:\Desktop\Echo\storage\public\research_dataset_v3\russia\audio\russia_0030.mp3,E:\Desktop\Echo\storage\public\research_dataset_v3\turkey\audio\turkey_modern_0119.mp3,,,1.6762357950210571,culture_centroid_entropy,请判断这两首曲目是否适合放在同一个歌单或相近的听歌场景里。请根据整体氛围、情绪基调和节奏能量判断它们是否相似；不要根据国家、语言、乐器或标签直接下结论。若相似填 yes，不相似填 no，不确定可留空并在 notes 中说明。,,,,
pal_0352,turkey_modern_0034,germany_0044,turkey,germany,,"[107, 1235]",,Salam'ander,E:\Desktop\Echo\storage\public\research_dataset_v3\turkey\audio\turkey_modern_0034.mp3,E:\Desktop\Echo\storage\public\research_dataset_v3\germany\audio\germany_0044.mp3,,,1.6762357950210571,culture_centroid_entropy,请判断这两首曲目是否适合放在同一个歌单或相近的听歌场景里。请根据整体氛围、情绪基调和节奏能量判断它们是否相似；不要根据国家、语言、乐器或标签直接下结论。若相似填 yes，不相似填 no，不确定可留空并在 notes 中说明。,,,,
pal_0353,turkey_modern_0062,turkey_modern_0102,turkey,turkey,,,,,E:\Desktop\Echo\storage\public\research_dataset_v3\turkey\audio\turkey_modern_0062.mp3,E:\Desktop\Echo\storage\public\research_dataset_v3\turkey\audio\turkey_modern_0102.mp3,,,1.6762357950210571,culture_centroid_entropy,请判断这两首曲目是否适合放在同一个歌单或相近的听歌场景里。请根据整体氛围、情绪基调和节奏能量判断它们是否相似；不要根据国家、语言、乐器或标签直接下结论。若相似填 yes，不相似填 no，不确定可留空并在 notes 中说明。,,,,
pal_0354,turkey_modern_0093,great_britain_0100,turkey,great_britain,,[10],,Stop motion,E:\Desktop\Echo\storage\public\research_dataset_v3\turkey\audio\turkey_modern_0093.mp3,E:\Desktop\Echo\storage\public\research_dataset_v3\great_britain\audio\great_britain_0100.mp3,,,1.6762357950210571,culture_centroid_entropy,请判断这两首曲目是否适合放在同一个歌单或相近的听歌场景里。请根据整体氛围、情绪基调和节奏能量判断它们是否相似；不要根据国家、语言、乐器或标签直接下结论。若相似填 yes，不相似填 no，不确定可留空并在 notes 中说明。,,,,
pal_0355,turkey_modern_0113,turkey_modern_0027,turkey,turkey,,,,,E:\Desktop\Echo\storage\public\research_dataset_v3\turkey\audio\turkey_modern_0113.mp3,E:\Desktop\Echo\storage\public\research_dataset_v3\turkey\audio\turkey_modern_0027.mp3,,,1.6762357950210571,culture_centroid_entropy,请判断这两首曲目是否适合放在同一个歌单或相近的听歌场景里。请根据整体氛围、情绪基调和节奏能量判断它们是否相似；不要根据国家、语言、乐器或标签直接下结论。若相似填 yes，不相似填 no，不确定可留空并在 notes 中说明。,,,,
pal_0356,turkey_modern_0143,turkey_modern_0040,turkey,turkey,,,,,E:\Desktop\Echo\storage\public\research_dataset_v3\turkey\audio\turkey_modern_0143.mp3,E:\Desktop\Echo\storage\public\research_dataset_v3\turkey\audio\turkey_modern_0040.mp3,,,1.6762357950210571,culture_centroid_entropy,请判断这两首曲目是否适合放在同一个歌单或相近的听歌场景里。请根据整体氛围、情绪基调和节奏能量判断它们是否相似；不要根据国家、语言、乐器或标签直接下结论。若相似填 yes，不相似填 no，不确定可留空并在 notes 中说明。,,,,
pal_0357,china_ctis_0033,china_ctis_0054,china,china,T0320,T0300,民间热瓦普,澜沧小三弦,E:\Desktop\Echo\storage\public\research_dataset_v3\china\audio\china_ctis_0033.wav,E:\Desktop\Echo\storage\public\research_dataset_v3\china\audio\china_ctis_0054.wav,,,1.6762356758117676,culture_centroid_entropy,请判断这两首曲目是否适合放在同一个歌单或相近的听歌场景里。请根据整体氛围、情绪基调和节奏能量判断它们是否相似；不要根据国家、语言、乐器或标签直接下结论。若相似填 yes，不相似填 no，不确定可留空并在 notes 中说明。,,,,
pal_0358,germany_0011,italy_0060,germany,italy,[1235],[13],Skinny Cat,Quantum,E:\Desktop\Echo\storage\public\research_dataset_v3\germany\audio\germany_0011.mp3,E:\Desktop\Echo\storage\public\research_dataset_v3\italy\audio\italy_0060.mp3,,,1.6762356758117676,culture_centroid_entropy,请判断这两首曲目是否适合放在同一个歌单或相近的听歌场景里。请根据整体氛围、情绪基调和节奏能量判断它们是否相似；不要根据国家、语言、乐器或标签直接下结论。若相似填 yes，不相似填 no，不确定可留空并在 notes 中说明。,,,,
pal_0359,germany_0046,great_britain_0012,germany,great_britain,[1235],"[17, 94]",Animal Farm Tango,together we are beautiful,E:\Desktop\Echo\storage\public\research_dataset_v3\germany\audio\germany_0046.mp3,E:\Desktop\Echo\storage\public\research_dataset_v3\great_britain\audio\great_britain_0012.mp3,,,1.6762356758117676,culture_centroid_entropy,请判断这两首曲目是否适合放在同一个歌单或相近的听歌场景里。请根据整体氛围、情绪基调和节奏能量判断它们是否相似；不要根据国家、语言、乐器或标签直接下结论。若相似填 yes，不相似填 no，不确定可留空并在 notes 中说明。,,,,
pal_0360,germany_0068,china_opencpop_0047,germany,china,[1235],mandarin_pop,Il Sogno Del Fienile,背对背拥抱,E:\Desktop\Echo\storage\public\research_dataset_v3\germany\audio\germany_0068.mp3,E:\Desktop\Echo\storage\public\research_dataset_v3\china\audio\china_opencpop_0047.wav,,,1.6762356758117676,culture_centroid_entropy,请判断这两首曲目是否适合放在同一个歌单或相近的听歌场景里。请根据整体氛围、情绪基调和节奏能量判断它们是否相似；不要根据国家、语言、乐器或标签直接下结论。若相似填 yes，不相似填 no，不确定可留空并在 notes 中说明。,,,,
pal_0361,great_britain_0046,france_0072,great_britain,france,[],"[10, 76]",Man Eating Badgers Of Basra,Dites 33,E:\Desktop\Echo\storage\public\research_dataset_v3\great_britain\audio\great_britain_0046.mp3,E:\Desktop\Echo\storage\public\research_dataset_v3\france\audio\france_0072.mp3,,,1.6762356758117676,culture_centroid_entropy,请判断这两首曲目是否适合放在同一个歌单或相近的听歌场景里。请根据整体氛围、情绪基调和节奏能量判断它们是否相似；不要根据国家、语言、乐器或标签直接下结论。若相似填 yes，不相似填 no，不确定可留空并在 notes 中说明。,,,,
pal_0362,indonesia_gamelan_0053,indonesia_gamelan_0054,indonesia,indonesia,orchestra/target,orchestra/target,,,E:\Desktop\Echo\storage\public\research_dataset_v3\indonesia\audio\indonesia_gamelan_0053.wav,E:\Desktop\Echo\storage\public\research_dataset_v3\indonesia\audio\indonesia_gamelan_0054.wav,,,1.6762356758117676,culture_centroid_entropy,请判断这两首曲目是否适合放在同一个歌单或相近的听歌场景里。请根据整体氛围、情绪基调和节奏能量判断它们是否相似；不要根据国家、语言、乐器或标签直接下结论。若相似填 yes，不相似填 no，不确定可留空并在 notes 中说明。,,,,
pal_0363,italy_0008,germany_0059,italy,germany,[4],[5],The Lady And The Traveler,Variatio 1 a 1 Clav.,E:\Desktop\Echo\storage\public\research_dataset_v3\italy\audio\italy_0008.mp3,E:\Desktop\Echo\storage\public\research_dataset_v3\germany\audio\germany_0059.mp3,,,1.6762356758117676,culture_centroid_entropy,请判断这两首曲目是否适合放在同一个歌单或相近的听歌场景里。请根据整体氛围、情绪基调和节奏能量判断它们是否相似；不要根据国家、语言、乐器或标签直接下结论。若相似填 yes，不相似填 no，不确定可留空并在 notes 中说明。,,,,
pal_0364,italy_0018,france_0061,italy,france,[10],[],"""Outsider girl""",Smokey Tape : A1,E:\Desktop\Echo\storage\public\research_dataset_v3\italy\audio\italy_0018.mp3,E:\Desktop\Echo\storage\public\research_dataset_v3\france\audio\france_0061.mp3,,,1.6762356758117676,culture_centroid_entropy,请判断这两首曲目是否适合放在同一个歌单或相近的听歌场景里。请根据整体氛围、情绪基调和节奏能量判断它们是否相似；不要根据国家、语言、乐器或标签直接下结论。若相似填 yes，不相似填 no，不确定可留空并在 notes 中说明。,,,,
pal_0365,russia_0015,germany_0075,russia,germany,"[107, 1235]","[17, 107, 1235]",At dawn (the lilac sun),In The Fading Light,E:\Desktop\Echo\storage\public\research_dataset_v3\russia\audio\russia_0015.mp3,E:\Desktop\Echo\storage\public\research_dataset_v3\germany\audio\germany_0075.mp3,,,1.6762356758117676,culture_centroid_entropy,请判断这两首曲目是否适合放在同一个歌单或相近的听歌场景里。请根据整体氛围、情绪基调和节奏能量判断它们是否相似；不要根据国家、语言、乐器或标签直接下结论。若相似填 yes，不相似填 no，不确定可留空并在 notes 中说明。,,,,
pal_0366,turkey_modern_0084,india_saraga_0063,turkey,india,,Raag Bihag,,Raag Bihag,E:\Desktop\Echo\storage\public\research_dataset_v3\turkey\audio\turkey_modern_0084.mp3,E:\Desktop\Echo\storage\public\research_dataset_v3\india\audio\india_saraga_0063.mp3,,,1.6762356758117676,culture_centroid_entropy,请判断这两首曲目是否适合放在同一个歌单或相近的听歌场景里。请根据整体氛围、情绪基调和节奏能量判断它们是否相似；不要根据国家、语言、乐器或标签直接下结论。若相似填 yes，不相似填 no，不确定可留空并在 notes 中说明。,,,,
pal_0367,italy_0039,great_britain_0033,italy,great_britain,"[137, 3, 9]","[17, 137, 9]",Maddalena è un Pungitopo,Bergen County Farewell,E:\Desktop\Echo\storage\public\research_dataset_v3\italy\audio\italy_0039.mp3,E:\Desktop\Echo\storage\public\research_dataset_v3\great_britain\audio\great_britain_0033.mp3,,,1.660948395729065,culture_centroid_entropy,请判断这两首曲目是否适合放在同一个歌单或相近的听歌场景里。请根据整体氛围、情绪基调和节奏能量判断它们是否相似；不要根据国家、语言、乐器或标签直接下结论。若相似填 yes，不相似填 no，不确定可留空并在 notes 中说明。,,,,
pal_0368,france_0069,india_saraga_0077,france,india,"[33, 17, 94]",Raag Lagan Gandhar,God Forsaken Town,Raag Lagan Gandhar,E:\Desktop\Echo\storage\public\research_dataset_v3\france\audio\france_0069.mp3,E:\Desktop\Echo\storage\public\research_dataset_v3\india\audio\india_saraga_0077.mp3,,,1.6609482765197754,culture_centroid_entropy,请判断这两首曲目是否适合放在同一个歌单或相近的听歌场景里。请根据整体氛围、情绪基调和节奏能量判断它们是否相似；不要根据国家、语言、乐器或标签直接下结论。若相似填 yes，不相似填 no，不确定可留空并在 notes 中说明。,,,,
pal_0369,france_0081,great_britain_0001,france,great_britain,[1235],"[33, 10, 76, 17]",theme 4,Like Home,E:\Desktop\Echo\storage\public\research_dataset_v3\france\audio\france_0081.mp3,E:\Desktop\Echo\storage\public\research_dataset_v3\great_britain\audio\great_britain_0001.mp3,,,1.6609482765197754,culture_centroid_entropy,请判断这两首曲目是否适合放在同一个歌单或相近的听歌场景里。请根据整体氛围、情绪基调和节奏能量判断它们是否相似；不要根据国家、语言、乐器或标签直接下结论。若相似填 yes，不相似填 no，不确定可留空并在 notes 中说明。,,,,
pal_0370,germany_0010,turkey_modern_0019,germany,turkey,"[17, 103]",,daughter no more,,E:\Desktop\Echo\storage\public\research_dataset_v3\germany\audio\germany_0010.mp3,E:\Desktop\Echo\storage\public\research_dataset_v3\turkey\audio\turkey_modern_0019.mp3,,,1.6609482765197754,culture_centroid_entropy,请判断这两首曲目是否适合放在同一个歌单或相近的听歌场景里。请根据整体氛围、情绪基调和节奏能量判断它们是否相似；不要根据国家、语言、乐器或标签直接下结论。若相似填 yes，不相似填 no，不确定可留空并在 notes 中说明。,,,,
pal_0371,germany_0033,germany_0075,germany,germany,"[538, 18, 1235]","[17, 107, 1235]",The Art Of Boredom,In The Fading Light,E:\Desktop\Echo\storage\public\research_dataset_v3\germany\audio\germany_0033.mp3,E:\Desktop\Echo\storage\public\research_dataset_v3\germany\audio\germany_0075.mp3,,,1.6609482765197754,culture_centroid_entropy,请判断这两首曲目是否适合放在同一个歌单或相近的听歌场景里。请根据整体氛围、情绪基调和节奏能量判断它们是否相似；不要根据国家、语言、乐器或标签直接下结论。若相似填 yes，不相似填 no，不确定可留空并在 notes 中说明。,,,,
pal_0372,germany_0081,italy_0042,germany,italy,"[17, 3, 4, 103]",[4],Pianoman Sofa,Boom Boom Baby,E:\Desktop\Echo\storage\public\research_dataset_v3\germany\audio\germany_0081.mp3,E:\Desktop\Echo\storage\public\research_dataset_v3\italy\audio\italy_0042.mp3,,,1.6609482765197754,culture_centroid_entropy,请判断这两首曲目是否适合放在同一个歌单或相近的听歌场景里。请根据整体氛围、情绪基调和节奏能量判断它们是否相似；不要根据国家、语言、乐器或标签直接下结论。若相似填 yes，不相似填 no，不确定可留空并在 notes 中说明。,,,,
pal_0373,germany_0089,india_saraga_0094,germany,india,"[18, 3, 4, 1235]",Raag Puriya,Wind Wispers Love END,Raag Puriya,E:\Desktop\Echo\storage\public\research_dataset_v3\germany\audio\germany_0089.mp3,E:\Desktop\Echo\storage\public\research_dataset_v3\india\audio\india_saraga_0094.mp3,,,1.6609482765197754,culture_centroid_entropy,请判断这两首曲目是否适合放在同一个歌单或相近的听歌场景里。请根据整体氛围、情绪基调和节奏能量判断它们是否相似；不要根据国家、语言、乐器或标签直接下结论。若相似填 yes，不相似填 no，不确定可留空并在 notes 中说明。,,,,
pal_0374,great_britain_0020,russia_0017,great_britain,russia,"[1235, 33, 107, 17]","[19, 11, 4, 14]",COTDcomp3-06,Hot Funky Body,E:\Desktop\Echo\storage\public\research_dataset_v3\great_britain\audio\great_britain_0020.mp3,E:\Desktop\Echo\storage\public\research_dataset_v3\russia\audio\russia_0017.mp3,,,1.6609482765197754,culture_centroid_entropy,请判断这两首曲目是否适合放在同一个歌单或相近的听歌场景里。请根据整体氛围、情绪基调和节奏能量判断它们是否相似；不要根据国家、语言、乐器或标签直接下结论。若相似填 yes，不相似填 no，不确定可留空并在 notes 中说明。,,,,
pal_0375,great_britain_0038,turkey_modern_0111,great_britain,turkey,"[33, 17]",,A Promise,,E:\Desktop\Echo\storage\public\research_dataset_v3\great_britain\audio\great_britain_0038.mp3,E:\Desktop\Echo\storage\public\research_dataset_v3\turkey\audio\turkey_modern_0111.mp3,,,1.6609482765197754,culture_centroid_entropy,请判断这两首曲目是否适合放在同一个歌单或相近的听歌场景里。请根据整体氛围、情绪基调和节奏能量判断它们是否相似；不要根据国家、语言、乐器或标签直接下结论。若相似填 yes，不相似填 no，不确定可留空并在 notes 中说明。,,,,
pal_0376,great_britain_0056,russia_0017,great_britain,russia,[],"[19, 11, 4, 14]",CM's Ghetto Menagerie,Hot Funky Body,E:\Desktop\Echo\storage\public\research_dataset_v3\great_britain\audio\great_britain_0056.mp3,E:\Desktop\Echo\storage\public\research_dataset_v3\russia\audio\russia_0017.mp3,,,1.6609482765197754,culture_centroid_entropy,请判断这两首曲目是否适合放在同一个歌单或相近的听歌场景里。请根据整体氛围、情绪基调和节奏能量判断它们是否相似；不要根据国家、语言、乐器或标签直接下结论。若相似填 yes，不相似填 no，不确定可留空并在 notes 中说明。,,,,
pal_0377,great_britain_0104,germany_0098,great_britain,germany,"[17, 180, 103]","[4, 5, 13, 1235, 311]",The King's Horses,Awakening Spring (ID 376),E:\Desktop\Echo\storage\public\research_dataset_v3\great_britain\audio\great_britain_0104.mp3,E:\Desktop\Echo\storage\public\research_dataset_v3\germany\audio\germany_0098.mp3,,,1.6609482765197754,culture_centroid_entropy,请判断这两首曲目是否适合放在同一个歌单或相近的听歌场景里。请根据整体氛围、情绪基调和节奏能量判断它们是否相似；不要根据国家、语言、乐器或标签直接下结论。若相似填 yes，不相似填 no，不确定可留空并在 notes 中说明。,,,,
pal_0378,india_saraga_0061,india_saraga_0074,india,india,Raag Paraj,Raag Kedar,Raag Paraj,Raag Kedar,E:\Desktop\Echo\storage\public\research_dataset_v3\india\audio\india_saraga_0061.mp3,E:\Desktop\Echo\storage\public\research_dataset_v3\india\audio\india_saraga_0074.mp3,,,1.6609482765197754,culture_centroid_entropy,请判断这两首曲目是否适合放在同一个歌单或相近的听歌场景里。请根据整体氛围、情绪基调和节奏能量判断它们是否相似；不要根据国家、语言、乐器或标签直接下结论。若相似填 yes，不相似填 no，不确定可留空并在 notes 中说明。,,,,
pal_0379,india_saraga_0094,germany_0089,india,germany,Raag Puriya,"[18, 3, 4, 1235]",Raag Puriya,Wind Wispers Love END,E:\Desktop\Echo\storage\public\research_dataset_v3\india\audio\india_saraga_0094.mp3,E:\Desktop\Echo\storage\public\research_dataset_v3\germany\audio\germany_0089.mp3,,,1.6609482765197754,culture_centroid_entropy,请判断这两首曲目是否适合放在同一个歌单或相近的听歌场景里。请根据整体氛围、情绪基调和节奏能量判断它们是否相似；不要根据国家、语言、乐器或标签直接下结论。若相似填 yes，不相似填 no，不确定可留空并在 notes 中说明。,,,,
pal_0380,russia_0028,italy_0008,russia,italy,"[107, 18, 1235]",[4],Labyrinth,The Lady And The Traveler,E:\Desktop\Echo\storage\public\research_dataset_v3\russia\audio\russia_0028.mp3,E:\Desktop\Echo\storage\public\research_dataset_v3\italy\audio\italy_0008.mp3,,,1.6609482765197754,culture_centroid_entropy,请判断这两首曲目是否适合放在同一个歌单或相近的听歌场景里。请根据整体氛围、情绪基调和节奏能量判断它们是否相似；不要根据国家、语言、乐器或标签直接下结论。若相似填 yes，不相似填 no，不确定可留空并在 notes 中说明。,,,,
pal_0381,russia_0046,germany_0056,russia,germany,"[107, 1235]",[],Standalone Complex,Highty Hangtime,E:\Desktop\Echo\storage\public\research_dataset_v3\russia\audio\russia_0046.mp3,E:\Desktop\Echo\storage\public\research_dataset_v3\germany\audio\germany_0056.mp3,,,1.6609482765197754,culture_centroid_entropy,请判断这两首曲目是否适合放在同一个歌单或相近的听歌场景里。请根据整体氛围、情绪基调和节奏能量判断它们是否相似；不要根据国家、语言、乐器或标签直接下结论。若相似填 yes，不相似填 no，不确定可留空并在 notes 中说明。,,,,
pal_0382,russia_0051,germany_0000,russia,germany,[5],"[17, 3, 4]",Closing,By By River,E:\Desktop\Echo\storage\public\research_dataset_v3\russia\audio\russia_0051.mp3,E:\Desktop\Echo\storage\public\research_dataset_v3\germany\audio\germany_0000.mp3,,,1.6609482765197754,culture_centroid_entropy,请判断这两首曲目是否适合放在同一个歌单或相近的听歌场景里。请根据整体氛围、情绪基调和节奏能量判断它们是否相似；不要根据国家、语言、乐器或标签直接下结论。若相似填 yes，不相似填 no，不确定可留空并在 notes 中说明。,,,,
pal_0383,russia_0083,italy_0009,russia,italy,"[18, 1235]","[267, 1235]",North,Frammenti,E:\Desktop\Echo\storage\public\research_dataset_v3\russia\audio\russia_0083.mp3,E:\Desktop\Echo\storage\public\research_dataset_v3\italy\audio\italy_0009.mp3,,,1.6609482765197754,culture_centroid_entropy,请判断这两首曲目是否适合放在同一个歌单或相近的听歌场景里。请根据整体氛围、情绪基调和节奏能量判断它们是否相似；不要根据国家、语言、乐器或标签直接下结论。若相似填 yes，不相似填 no，不确定可留空并在 notes 中说明。,,,,
pal_0384,turkey_modern_0049,great_britain_0071,turkey,great_britain,,[],,Live at Cafe OTO (Sotto Voce Festival 12 September 2010),E:\Desktop\Echo\storage\public\research_dataset_v3\turkey\audio\turkey_modern_0049.mp3,E:\Desktop\Echo\storage\public\research_dataset_v3\great_britain\audio\great_britain_0071.mp3,,,1.6609482765197754,culture_centroid_entropy,请判断这两首曲目是否适合放在同一个歌单或相近的听歌场景里。请根据整体氛围、情绪基调和节奏能量判断它们是否相似；不要根据国家、语言、乐器或标签直接下结论。若相似填 yes，不相似填 no，不确定可留空并在 notes 中说明。,,,,
pal_0385,turkey_modern_0109,germany_0062,turkey,germany,,"[18, 1235]",,The Ziggurat,E:\Desktop\Echo\storage\public\research_dataset_v3\turkey\audio\turkey_modern_0109.mp3,E:\Desktop\Echo\storage\public\research_dataset_v3\germany\audio\germany_0062.mp3,,,1.6609482765197754,culture_centroid_entropy,请判断这两首曲目是否适合放在同一个歌单或相近的听歌场景里。请根据整体氛围、情绪基调和节奏能量判断它们是否相似；不要根据国家、语言、乐器或标签直接下结论。若相似填 yes，不相似填 no，不确定可留空并在 notes 中说明。,,,,
pal_0386,turkey_modern_0115,france_0084,turkey,france,,"[10, 76]",,Lounge Light,E:\Desktop\Echo\storage\public\research_dataset_v3\turkey\audio\turkey_modern_0115.mp3,E:\Desktop\Echo\storage\public\research_dataset_v3\france\audio\france_0084.mp3,,,1.6609482765197754,culture_centroid_entropy,请判断这两首曲目是否适合放在同一个歌单或相近的听歌场景里。请根据整体氛围、情绪基调和节奏能量判断它们是否相似；不要根据国家、语言、乐器或标签直接下结论。若相似填 yes，不相似填 no，不确定可留空并在 notes 中说明。,,,,
pal_0387,turkey_modern_0145,modern_english_pop_0028,turkey,modern_english_pop,,"['folk', 'easylistening', 'pop']",,,E:\Desktop\Echo\storage\public\research_dataset_v3\turkey\audio\turkey_modern_0145.mp3,E:\Desktop\Echo\storage\public\research_dataset_v3\modern_english_pop\audio\modern_english_pop_0028.mp3,,,1.6609482765197754,culture_centroid_entropy,请判断这两首曲目是否适合放在同一个歌单或相近的听歌场景里。请根据整体氛围、情绪基调和节奏能量判断它们是否相似；不要根据国家、语言、乐器或标签直接下结论。若相似填 yes，不相似填 no，不确定可留空并在 notes 中说明。,,,,
pal_0388,china_ctis_0046,great_britain_0025,china,great_britain,T0261,"[17, 103]",柳琴,I Had A Lover I Thought Was My Own,E:\Desktop\Echo\storage\public\research_dataset_v3\china\audio\china_ctis_0046.wav,E:\Desktop\Echo\storage\public\research_dataset_v3\great_britain\audio\great_britain_0025.mp3,,,1.6326318979263306,culture_centroid_entropy,请判断这两首曲目是否适合放在同一个歌单或相近的听歌场景里。请根据整体氛围、情绪基调和节奏能量判断它们是否相似；不要根据国家、语言、乐器或标签直接下结论。若相似填 yes，不相似填 no，不确定可留空并在 notes 中说明。,,,,
pal_0389,great_britain_0036,indonesia_fma_0002,great_britain,indonesia,"[187, 5]","[""Pop""]",ha'zman,I'm a Sir,E:\Desktop\Echo\storage\public\research_dataset_v3\great_britain\audio\great_britain_0036.mp3,E:\Desktop\Echo\storage\public\research_dataset_v3\indonesia\audio\indonesia_fma_0002.mp3,,,1.6326318979263306,culture_centroid_entropy,请判断这两首曲目是否适合放在同一个歌单或相近的听歌场景里。请根据整体氛围、情绪基调和节奏能量判断它们是否相似；不要根据国家、语言、乐器或标签直接下结论。若相似填 yes，不相似填 no，不确定可留空并在 notes 中说明。,,,,
pal_0390,china_ctis_0009,china_opencpop_0025,china,china,T0301,mandarin_pop,玎,雪落下的声音,E:\Desktop\Echo\storage\public\research_dataset_v3\china\audio\china_ctis_0009.wav,E:\Desktop\Echo\storage\public\research_dataset_v3\china\audio\china_opencpop_0025.wav,,,1.632631778717041,culture_centroid_entropy,请判断这两首曲目是否适合放在同一个歌单或相近的听歌场景里。请根据整体氛围、情绪基调和节奏能量判断它们是否相似；不要根据国家、语言、乐器或标签直接下结论。若相似填 yes，不相似填 no，不确定可留空并在 notes 中说明。,,,,
pal_0391,china_ctis_0014,indonesia_gamelan_0041,china,indonesia,C0264,orchestra/target,低音笙,,E:\Desktop\Echo\storage\public\research_dataset_v3\china\audio\china_ctis_0014.wav,E:\Desktop\Echo\storage\public\research_dataset_v3\indonesia\audio\indonesia_gamelan_0041.wav,,,1.632631778717041,culture_centroid_entropy,请判断这两首曲目是否适合放在同一个歌单或相近的听歌场景里。请根据整体氛围、情绪基调和节奏能量判断它们是否相似；不要根据国家、语言、乐器或标签直接下结论。若相似填 yes，不相似填 no，不确定可留空并在 notes 中说明。,,,,
pal_0392,china_ctis_0022,germany_0039,china,germany,T0255,"[322, 4, 5]",古筝,die frau in schwarz,E:\Desktop\Echo\storage\public\research_dataset_v3\china\audio\china_ctis_0022.wav,E:\Desktop\Echo\storage\public\research_dataset_v3\germany\audio\germany_0039.mp3,,,1.632631778717041,culture_centroid_entropy,请判断这两首曲目是否适合放在同一个歌单或相近的听歌场景里。请根据整体氛围、情绪基调和节奏能量判断它们是否相似；不要根据国家、语言、乐器或标签直接下结论。若相似填 yes，不相似填 no，不确定可留空并在 notes 中说明。,,,,
pal_0393,china_ctis_0040,china_ctis_0062,china,china,C0311,C0311,俄比,俄比,E:\Desktop\Echo\storage\public\research_dataset_v3\china\audio\china_ctis_0040.wav,E:\Desktop\Echo\storage\public\research_dataset_v3\china\audio\china_ctis_0062.wav,,,1.632631778717041,culture_centroid_entropy,请判断这两首曲目是否适合放在同一个歌单或相近的听歌场景里。请根据整体氛围、情绪基调和节奏能量判断它们是否相似；不要根据国家、语言、乐器或标签直接下结论。若相似填 yes，不相似填 no，不确定可留空并在 notes 中说明。,,,,
pal_0394,china_ctis_0045,india_saraga_0050,china,india,T0317,Raag Gaud Malhar,独弦琴,Raag Gaud Malhar,E:\Desktop\Echo\storage\public\research_dataset_v3\china\audio\china_ctis_0045.wav,E:\Desktop\Echo\storage\public\research_dataset_v3\india\audio\india_saraga_0050.mp3,,,1.632631778717041,culture_centroid_entropy,请判断这两首曲目是否适合放在同一个歌单或相近的听歌场景里。请根据整体氛围、情绪基调和节奏能量判断它们是否相似；不要根据国家、语言、乐器或标签直接下结论。若相似填 yes，不相似填 no，不确定可留空并在 notes 中说明。,,,,
pal_0395,china_ctis_0059,great_britain_0089,china,great_britain,T0078,"[10, 76]",四股弦,Slap up breakfast,E:\Desktop\Echo\storage\public\research_dataset_v3\china\audio\china_ctis_0059.wav,E:\Desktop\Echo\storage\public\research_dataset_v3\great_britain\audio\great_britain_0089.mp3,,,1.632631778717041,culture_centroid_entropy,请判断这两首曲目是否适合放在同一个歌单或相近的听歌场景里。请根据整体氛围、情绪基调和节奏能量判断它们是否相似；不要根据国家、语言、乐器或标签直接下结论。若相似填 yes，不相似填 no，不确定可留空并在 notes 中说明。,,,,
pal_0396,china_jingju_0016,china_jingju_0019,china,china,daspd,daspd,Du_shou_kong,Hai_dao_bing,E:\Desktop\Echo\storage\public\research_dataset_v3\china\audio\china_jingju_0016.wav,E:\Desktop\Echo\storage\public\research_dataset_v3\china\audio\china_jingju_0019.wav,,,1.632631778717041,culture_centroid_entropy,请判断这两首曲目是否适合放在同一个歌单或相近的听歌场景里。请根据整体氛围、情绪基调和节奏能量判断它们是否相似；不要根据国家、语言、乐器或标签直接下结论。若相似填 yes，不相似填 no，不确定可留空并在 notes 中说明。,,,,
pal_0397,france_0018,china_opencpop_0004,france,china,"[17, 103, 49]",mandarin_pop,Pie Bwa,漂洋过海来看你,E:\Desktop\Echo\storage\public\research_dataset_v3\france\audio\france_0018.mp3,E:\Desktop\Echo\storage\public\research_dataset_v3\china\audio\china_opencpop_0004.wav,,,1.632631778717041,culture_centroid_entropy,请判断这两首曲目是否适合放在同一个歌单或相近的听歌场景里。请根据整体氛围、情绪基调和节奏能量判断它们是否相似；不要根据国家、语言、乐器或标签直接下结论。若相似填 yes，不相似填 no，不确定可留空并在 notes 中说明。,,,,
pal_0398,france_0022,france_0047,france,france,"[33, 17, 94]","[9, 4, 37]",It's Not Like You (Always),The Demon Inside Your Head,E:\Desktop\Echo\storage\public\research_dataset_v3\france\audio\france_0022.mp3,E:\Desktop\Echo\storage\public\research_dataset_v3\france\audio\france_0047.mp3,,,1.632631778717041,culture_centroid_entropy,请判断这两首曲目是否适合放在同一个歌单或相近的听歌场景里。请根据整体氛围、情绪基调和节奏能量判断它们是否相似；不要根据国家、语言、乐器或标签直接下结论。若相似填 yes，不相似填 no，不确定可留空并在 notes 中说明。,,,,
pal_0399,france_0031,turkey_modern_0083,france,turkey,[],,strawberrygirl,,E:\Desktop\Echo\storage\public\research_dataset_v3\france\audio\france_0031.mp3,E:\Desktop\Echo\storage\public\research_dataset_v3\turkey\audio\turkey_modern_0083.mp3,,,1.632631778717041,culture_centroid_entropy,请判断这两首曲目是否适合放在同一个歌单或相近的听歌场景里。请根据整体氛围、情绪基调和节奏能量判断它们是否相似；不要根据国家、语言、乐器或标签直接下结论。若相似填 yes，不相似填 no，不确定可留空并在 notes 中说明。,,,,
pal_0400,france_0042,italy_0006,france,italy,"[17, 103]",[4],Six Feet Under,End up,E:\Desktop\Echo\storage\public\research_dataset_v3\france\audio\france_0042.mp3,E:\Desktop\Echo\storage\public\research_dataset_v3\italy\audio\italy_0006.mp3,,,1.632631778717041,culture_centroid_entropy,请判断这两首曲目是否适合放在同一个歌单或相近的听歌场景里。请根据整体氛围、情绪基调和节奏能量判断它们是否相似；不要根据国家、语言、乐器或标签直接下结论。若相似填 yes，不相似填 no，不确定可留空并在 notes 中说明。,,,,
pal_0401,france_0050,france_0082,france,france,"[17, 10, 103]","[17, 10, 103]",Run for your Life,Cannonball,E:\Desktop\Echo\storage\public\research_dataset_v3\france\audio\france_0050.mp3,E:\Desktop\Echo\storage\public\research_dataset_v3\france\audio\france_0082.mp3,,,1.632631778717041,culture_centroid_entropy,请判断这两首曲目是否适合放在同一个歌单或相近的听歌场景里。请根据整体氛围、情绪基调和节奏能量判断它们是否相似；不要根据国家、语言、乐器或标签直接下结论。若相似填 yes，不相似填 no，不确定可留空并在 notes 中说明。,,,,
pal_0402,france_0060,india_saraga_0070,france,india,[17],Raag Dhani,Att sakna,Raag Dhani,E:\Desktop\Echo\storage\public\research_dataset_v3\france\audio\france_0060.mp3,E:\Desktop\Echo\storage\public\research_dataset_v3\india\audio\india_saraga_0070.mp3,,,1.632631778717041,culture_centroid_entropy,请判断这两首曲目是否适合放在同一个歌单或相近的听歌场景里。请根据整体氛围、情绪基调和节奏能量判断它们是否相似；不要根据国家、语言、乐器或标签直接下结论。若相似填 yes，不相似填 no，不确定可留空并在 notes 中说明。,,,,
pal_0403,france_0061,italy_0018,france,italy,[],[10],Smokey Tape : A1,"""Outsider girl""",E:\Desktop\Echo\storage\public\research_dataset_v3\france\audio\france_0061.mp3,E:\Desktop\Echo\storage\public\research_dataset_v3\italy\audio\italy_0018.mp3,,,1.632631778717041,culture_centroid_entropy,请判断这两首曲目是否适合放在同一个歌单或相近的听歌场景里。请根据整体氛围、情绪基调和节奏能量判断它们是否相似；不要根据国家、语言、乐器或标签直接下结论。若相似填 yes，不相似填 no，不确定可留空并在 notes 中说明。,,,,
pal_0404,france_0095,india_saraga_0079,france,india,[17],Raag Lalit,Les Amours Dures (Tough Love Blues),Raag Lalit,E:\Desktop\Echo\storage\public\research_dataset_v3\france\audio\france_0095.mp3,E:\Desktop\Echo\storage\public\research_dataset_v3\india\audio\india_saraga_0079.mp3,,,1.632631778717041,culture_centroid_entropy,请判断这两首曲目是否适合放在同一个歌单或相近的听歌场景里。请根据整体氛围、情绪基调和节奏能量判断它们是否相似；不要根据国家、语言、乐器或标签直接下结论。若相似填 yes，不相似填 no，不确定可留空并在 notes 中说明。,,,,
pal_0405,france_0096,turkey_modern_0146,france,turkey,"[267, 1235]",,N'iceland,,E:\Desktop\Echo\storage\public\research_dataset_v3\france\audio\france_0096.mp3,E:\Desktop\Echo\storage\public\research_dataset_v3\turkey\audio\turkey_modern_0146.mp3,,,1.632631778717041,culture_centroid_entropy,请判断这两首曲目是否适合放在同一个歌单或相近的听歌场景里。请根据整体氛围、情绪基调和节奏能量判断它们是否相似；不要根据国家、语言、乐器或标签直接下结论。若相似填 yes，不相似填 no，不确定可留空并在 notes 中说明。,,,,
pal_0406,france_0098,great_britain_0044,france,great_britain,"[107, 1235]",[3],Mouvement 8,Dog With the No-Bone Blues,E:\Desktop\Echo\storage\public\research_dataset_v3\france\audio\france_0098.mp3,E:\Desktop\Echo\storage\public\research_dataset_v3\great_britain\audio\great_britain_0044.mp3,,,1.632631778717041,culture_centroid_entropy,请判断这两首曲目是否适合放在同一个歌单或相近的听歌场景里。请根据整体氛围、情绪基调和节奏能量判断它们是否相似；不要根据国家、语言、乐器或标签直接下结论。若相似填 yes，不相似填 no，不确定可留空并在 notes 中说明。,,,,
pal_0407,france_0102,france_0070,france,france,"[179, 4]","[179, 4]",Swing 39,Rythme Gitan,E:\Desktop\Echo\storage\public\research_dataset_v3\france\audio\france_0102.mp3,E:\Desktop\Echo\storage\public\research_dataset_v3\france\audio\france_0070.mp3,,,1.632631778717041,culture_centroid_entropy,请判断这两首曲目是否适合放在同一个歌单或相近的听歌场景里。请根据整体氛围、情绪基调和节奏能量判断它们是否相似；不要根据国家、语言、乐器或标签直接下结论。若相似填 yes，不相似填 no，不确定可留空并在 notes 中说明。,,,,
pal_0408,germany_0000,great_britain_0021,germany,great_britain,"[17, 3, 4]","[17, 103]",By By River,Uncharted Lands,E:\Desktop\Echo\storage\public\research_dataset_v3\germany\audio\germany_0000.mp3,E:\Desktop\Echo\storage\public\research_dataset_v3\great_britain\audio\great_britain_0021.mp3,,,1.632631778717041,culture_centroid_entropy,请判断这两首曲目是否适合放在同一个歌单或相近的听歌场景里。请根据整体氛围、情绪基调和节奏能量判断它们是否相似；不要根据国家、语言、乐器或标签直接下结论。若相似填 yes，不相似填 no，不确定可留空并在 notes 中说明。,,,,
pal_0409,germany_0020,great_britain_0033,germany,great_britain,[17],"[17, 137, 9]",Sky Dreamer's Gold,Bergen County Farewell,E:\Desktop\Echo\storage\public\research_dataset_v3\germany\audio\germany_0020.mp3,E:\Desktop\Echo\storage\public\research_dataset_v3\great_britain\audio\great_britain_0033.mp3,,,1.632631778717041,culture_centroid_entropy,请判断这两首曲目是否适合放在同一个歌单或相近的听歌场景里。请根据整体氛围、情绪基调和节奏能量判断它们是否相似；不要根据国家、语言、乐器或标签直接下结论。若相似填 yes，不相似填 no，不确定可留空并在 notes 中说明。,,,,
pal_0410,germany_0052,turkey_modern_0101,germany,turkey,[17],,At the Carnival,,E:\Desktop\Echo\storage\public\research_dataset_v3\germany\audio\germany_0052.mp3,E:\Desktop\Echo\storage\public\research_dataset_v3\turkey\audio\turkey_modern_0101.mp3,,,1.632631778717041,culture_centroid_entropy,请判断这两首曲目是否适合放在同一个歌单或相近的听歌场景里。请根据整体氛围、情绪基调和节奏能量判断它们是否相似；不要根据国家、语言、乐器或标签直接下结论。若相似填 yes，不相似填 no，不确定可留空并在 notes 中说明。,,,,
pal_0411,germany_0100,france_0017,germany,france,"[17, 3, 651, 9]","[267, 1235]",Happy Hour (ID 384),Aurora,E:\Desktop\Echo\storage\public\research_dataset_v3\germany\audio\germany_0100.mp3,E:\Desktop\Echo\storage\public\research_dataset_v3\france\audio\france_0017.mp3,,,1.632631778717041,culture_centroid_entropy,请判断这两首曲目是否适合放在同一个歌单或相近的听歌场景里。请根据整体氛围、情绪基调和节奏能量判断它们是否相似；不要根据国家、语言、乐器或标签直接下结论。若相似填 yes，不相似填 no，不确定可留空并在 notes 中说明。,,,,
pal_0412,great_britain_0017,russia_0066,great_britain,russia,[4],"[10, 76]",croire que tout est possible,Polivox Box + Garage,E:\Desktop\Echo\storage\public\research_dataset_v3\great_britain\audio\great_britain_0017.mp3,E:\Desktop\Echo\storage\public\research_dataset_v3\russia\audio\russia_0066.mp3,,,1.632631778717041,culture_centroid_entropy,请判断这两首曲目是否适合放在同一个歌单或相近的听歌场景里。请根据整体氛围、情绪基调和节奏能量判断它们是否相似；不要根据国家、语言、乐器或标签直接下结论。若相似填 yes，不相似填 no，不确定可留空并在 notes 中说明。,,,,
pal_0413,great_britain_0025,great_britain_0101,great_britain,great_britain,"[17, 103]","[17, 103]",I Had A Lover I Thought Was My Own,All In The Morning Coming Down,E:\Desktop\Echo\storage\public\research_dataset_v3\great_britain\audio\great_britain_0025.mp3,E:\Desktop\Echo\storage\public\research_dataset_v3\great_britain\audio\great_britain_0101.mp3,,,1.632631778717041,culture_centroid_entropy,请判断这两首曲目是否适合放在同一个歌单或相近的听歌场景里。请根据整体氛围、情绪基调和节奏能量判断它们是否相似；不要根据国家、语言、乐器或标签直接下结论。若相似填 yes，不相似填 no，不确定可留空并在 notes 中说明。,,,,
pal_0414,great_britain_0027,turkey_modern_0067,great_britain,turkey,[10],,Under The Sunset,,E:\Desktop\Echo\storage\public\research_dataset_v3\great_britain\audio\great_britain_0027.mp3,E:\Desktop\Echo\storage\public\research_dataset_v3\turkey\audio\turkey_modern_0067.mp3,,,1.632631778717041,culture_centroid_entropy,请判断这两首曲目是否适合放在同一个歌单或相近的听歌场景里。请根据整体氛围、情绪基调和节奏能量判断它们是否相似；不要根据国家、语言、乐器或标签直接下结论。若相似填 yes，不相似填 no，不确定可留空并在 notes 中说明。,,,,
pal_0415,great_britain_0033,italy_0039,great_britain,italy,"[17, 137, 9]","[137, 3, 9]",Bergen County Farewell,Maddalena è un Pungitopo,E:\Desktop\Echo\storage\public\research_dataset_v3\great_britain\audio\great_britain_0033.mp3,E:\Desktop\Echo\storage\public\research_dataset_v3\italy\audio\italy_0039.mp3,,,1.632631778717041,culture_centroid_entropy,请判断这两首曲目是否适合放在同一个歌单或相近的听歌场景里。请根据整体氛围、情绪基调和节奏能量判断它们是否相似；不要根据国家、语言、乐器或标签直接下结论。若相似填 yes，不相似填 no，不确定可留空并在 notes 中说明。,,,,
pal_0416,great_britain_0047,china_opencpop_0013,great_britain,china,[],mandarin_pop,Gloria's Euphoria,大鱼,E:\Desktop\Echo\storage\public\research_dataset_v3\great_britain\audio\great_britain_0047.mp3,E:\Desktop\Echo\storage\public\research_dataset_v3\china\audio\china_opencpop_0013.wav,,,1.632631778717041,culture_centroid_entropy,请判断这两首曲目是否适合放在同一个歌单或相近的听歌场景里。请根据整体氛围、情绪基调和节奏能量判断它们是否相似；不要根据国家、语言、乐器或标签直接下结论。若相似填 yes，不相似填 no，不确定可留空并在 notes 中说明。,,,,
pal_0417,great_britain_0049,italy_0072,great_britain,italy,[],"[18, 1235]",Not Fit For Human Consumption,A light,E:\Desktop\Echo\storage\public\research_dataset_v3\great_britain\audio\great_britain_0049.mp3,E:\Desktop\Echo\storage\public\research_dataset_v3\italy\audio\italy_0072.mp3,,,1.632631778717041,culture_centroid_entropy,请判断这两首曲目是否适合放在同一个歌单或相近的听歌场景里。请根据整体氛围、情绪基调和节奏能量判断它们是否相似；不要根据国家、语言、乐器或标签直接下结论。若相似填 yes，不相似填 no，不确定可留空并在 notes 中说明。,,,,
pal_0418,great_britain_0062,france_0082,great_britain,france,[],"[17, 10, 103]",Theory of dreams,Cannonball,E:\Desktop\Echo\storage\public\research_dataset_v3\great_britain\audio\great_britain_0062.mp3,E:\Desktop\Echo\storage\public\research_dataset_v3\france\audio\france_0082.mp3,,,1.632631778717041,culture_centroid_entropy,请判断这两首曲目是否适合放在同一个歌单或相近的听歌场景里。请根据整体氛围、情绪基调和节奏能量判断它们是否相似；不要根据国家、语言、乐器或标签直接下结论。若相似填 yes，不相似填 no，不确定可留空并在 notes 中说明。,,,,
pal_0419,great_britain_0063,russia_0086,great_britain,russia,[],"[107, 18, 1235, 5]","anTrgor rEiz (Cafe OTO, 20 May 2013)",She-Wolf In My Heart (bonus),E:\Desktop\Echo\storage\public\research_dataset_v3\great_britain\audio\great_britain_0063.mp3,E:\Desktop\Echo\storage\public\research_dataset_v3\russia\audio\russia_0086.mp3,,,1.632631778717041,culture_centroid_entropy,请判断这两首曲目是否适合放在同一个歌单或相近的听歌场景里。请根据整体氛围、情绪基调和节奏能量判断它们是否相似；不要根据国家、语言、乐器或标签直接下结论。若相似填 yes，不相似填 no，不确定可留空并在 notes 中说明。,,,,
pal_0420,great_britain_0091,turkey_modern_0067,great_britain,turkey,[17],,Yew Pine Mountain,,E:\Desktop\Echo\storage\public\research_dataset_v3\great_britain\audio\great_britain_0091.mp3,E:\Desktop\Echo\storage\public\research_dataset_v3\turkey\audio\turkey_modern_0067.mp3,,,1.632631778717041,culture_centroid_entropy,请判断这两首曲目是否适合放在同一个歌单或相近的听歌场景里。请根据整体氛围、情绪基调和节奏能量判断它们是否相似；不要根据国家、语言、乐器或标签直接下结论。若相似填 yes，不相似填 no，不确定可留空并在 notes 中说明。,,,,
pal_0421,india_saraga_0003,india_saraga_0007,india,india,Raag Jait Kalyan,Raag Komal Rishav Aasavari,Raag Jait Kalyan,Raag Komal Rishav Aasavari,E:\Desktop\Echo\storage\public\research_dataset_v3\india\audio\india_saraga_0003.mp3,E:\Desktop\Echo\storage\public\research_dataset_v3\india\audio\india_saraga_0007.mp3,,,1.632631778717041,culture_centroid_entropy,请判断这两首曲目是否适合放在同一个歌单或相近的听歌场景里。请根据整体氛围、情绪基调和节奏能量判断它们是否相似；不要根据国家、语言、乐器或标签直接下结论。若相似填 yes，不相似填 no，不确定可留空并在 notes 中说明。,,,,
pal_0422,india_saraga_0010,india_saraga_0009,india,india,Raag Ramgauri & Gauri,Raag Nat Kamod,Raag Ramgauri & Gauri,Raag Nat Kamod,E:\Desktop\Echo\storage\public\research_dataset_v3\india\audio\india_saraga_0010.mp3,E:\Desktop\Echo\storage\public\research_dataset_v3\india\audio\india_saraga_0009.mp3,,,1.632631778717041,culture_centroid_entropy,请判断这两首曲目是否适合放在同一个歌单或相近的听歌场景里。请根据整体氛围、情绪基调和节奏能量判断它们是否相似；不要根据国家、语言、乐器或标签直接下结论。若相似填 yes，不相似填 no，不确定可留空并在 notes 中说明。,,,,
pal_0423,india_saraga_0042,china_ctis_0040,india,china,Raag Abhogi,C0311,Raag Abhogi,俄比,E:\Desktop\Echo\storage\public\research_dataset_v3\india\audio\india_saraga_0042.mp3,E:\Desktop\Echo\storage\public\research_dataset_v3\china\audio\china_ctis_0040.wav,,,1.632631778717041,culture_centroid_entropy,请判断这两首曲目是否适合放在同一个歌单或相近的听歌场景里。请根据整体氛围、情绪基调和节奏能量判断它们是否相似；不要根据国家、语言、乐器或标签直接下结论。若相似填 yes，不相似填 no，不确定可留空并在 notes 中说明。,,,,
pal_0424,india_saraga_0057,china_opencpop_0013,india,china,Raag Multani,mandarin_pop,Raag Multani,大鱼,E:\Desktop\Echo\storage\public\research_dataset_v3\india\audio\india_saraga_0057.mp3,E:\Desktop\Echo\storage\public\research_dataset_v3\china\audio\china_opencpop_0013.wav,,,1.632631778717041,culture_centroid_entropy,请判断这两首曲目是否适合放在同一个歌单或相近的听歌场景里。请根据整体氛围、情绪基调和节奏能量判断它们是否相似；不要根据国家、语言、乐器或标签直接下结论。若相似填 yes，不相似填 no，不确定可留空并在 notes 中说明。,,,,
pal_0425,india_saraga_0060,russia_0059,india,russia,Raag Bhoopali,"[18, 1235]",Raag Bhoopali,I - В ГЛУШИ by Kosta T,E:\Desktop\Echo\storage\public\research_dataset_v3\india\audio\india_saraga_0060.mp3,E:\Desktop\Echo\storage\public\research_dataset_v3\russia\audio\russia_0059.mp3,,,1.632631778717041,culture_centroid_entropy,请判断这两首曲目是否适合放在同一个歌单或相近的听歌场景里。请根据整体氛围、情绪基调和节奏能量判断它们是否相似；不要根据国家、语言、乐器或标签直接下结论。若相似填 yes，不相似填 no，不确定可留空并在 notes 中说明。,,,,
pal_0426,india_saraga_0063,india_saraga_0106,india,india,Raag Bihag,Raga Shree - Khayal,Raag Bihag,Raga Shree - Khayal,E:\Desktop\Echo\storage\public\research_dataset_v3\india\audio\india_saraga_0063.mp3,E:\Desktop\Echo\storage\public\research_dataset_v3\india\audio\india_saraga_0106.mp3,,,1.632631778717041,culture_centroid_entropy,请判断这两首曲目是否适合放在同一个歌单或相近的听歌场景里。请根据整体氛围、情绪基调和节奏能量判断它们是否相似；不要根据国家、语言、乐器或标签直接下结论。若相似填 yes，不相似填 no，不确定可留空并在 notes 中说明。,,,,
pal_0427,india_saraga_0075,india_saraga_0074,india,india,Raag Sohani,Raag Kedar,Raag Sohani,Raag Kedar,E:\Desktop\Echo\storage\public\research_dataset_v3\india\audio\india_saraga_0075.mp3,E:\Desktop\Echo\storage\public\research_dataset_v3\india\audio\india_saraga_0074.mp3,,,1.632631778717041,culture_centroid_entropy,请判断这两首曲目是否适合放在同一个歌单或相近的听歌场景里。请根据整体氛围、情绪基调和节奏能量判断它们是否相似；不要根据国家、语言、乐器或标签直接下结论。若相似填 yes，不相似填 no，不确定可留空并在 notes 中说明。,,,,
pal_0428,india_saraga_0091,india_saraga_0092,india,india,Raag Gaud Malhar,Raag Poorva,Raag Gaud Malhar,Raag Poorva,E:\Desktop\Echo\storage\public\research_dataset_v3\india\audio\india_saraga_0091.mp3,E:\Desktop\Echo\storage\public\research_dataset_v3\india\audio\india_saraga_0092.mp3,,,1.632631778717041,culture_centroid_entropy,请判断这两首曲目是否适合放在同一个歌单或相近的听歌场景里。请根据整体氛围、情绪基调和节奏能量判断它们是否相似；不要根据国家、语言、乐器或标签直接下结论。若相似填 yes，不相似填 no，不确定可留空并在 notes 中说明。,,,,
pal_0429,indonesia_fma_0007,great_britain_0021,indonesia,great_britain,"[""Pop""]","[17, 103]",Sepasang Kekasih Yang Pertama Bercinta Di Luar Angkasa,Uncharted Lands,E:\Desktop\Echo\storage\public\research_dataset_v3\indonesia\audio\indonesia_fma_0007.mp3,E:\Desktop\Echo\storage\public\research_dataset_v3\great_britain\audio\great_britain_0021.mp3,,,1.632631778717041,culture_centroid_entropy,请判断这两首曲目是否适合放在同一个歌单或相近的听歌场景里。请根据整体氛围、情绪基调和节奏能量判断它们是否相似；不要根据国家、语言、乐器或标签直接下结论。若相似填 yes，不相似填 no，不确定可留空并在 notes 中说明。,,,,
pal_0430,indonesia_fma_0010,great_britain_0021,indonesia,great_britain,"[""Free-Folk"", ""Pop"", ""Folk""]","[17, 103]",Dua Langkah Kecil,Uncharted Lands,E:\Desktop\Echo\storage\public\research_dataset_v3\indonesia\audio\indonesia_fma_0010.mp3,E:\Desktop\Echo\storage\public\research_dataset_v3\great_britain\audio\great_britain_0021.mp3,,,1.632631778717041,culture_centroid_entropy,请判断这两首曲目是否适合放在同一个歌单或相近的听歌场景里。请根据整体氛围、情绪基调和节奏能量判断它们是否相似；不要根据国家、语言、乐器或标签直接下结论。若相似填 yes，不相似填 no，不确定可留空并在 notes 中说明。,,,,
pal_0431,indonesia_fma_0011,italy_0060,indonesia,italy,"[""Free-Folk"", ""Pop"", ""Folk""]",[13],Hidup Itu Pendek Seni Itu Panjang,Quantum,E:\Desktop\Echo\storage\public\research_dataset_v3\indonesia\audio\indonesia_fma_0011.mp3,E:\Desktop\Echo\storage\public\research_dataset_v3\italy\audio\italy_0060.mp3,,,1.632631778717041,culture_centroid_entropy,请判断这两首曲目是否适合放在同一个歌单或相近的听歌场景里。请根据整体氛围、情绪基调和节奏能量判断它们是否相似；不要根据国家、语言、乐器或标签直接下结论。若相似填 yes，不相似填 no，不确定可留空并在 notes 中说明。,,,,
pal_0432,italy_0012,italy_0034,italy,italy,"[1235, 5]","[1235, 5]",In Her Name,Born and Died in Florence,E:\Desktop\Echo\storage\public\research_dataset_v3\italy\audio\italy_0012.mp3,E:\Desktop\Echo\storage\public\research_dataset_v3\italy\audio\italy_0034.mp3,,,1.632631778717041,culture_centroid_entropy,请判断这两首曲目是否适合放在同一个歌单或相近的听歌场景里。请根据整体氛围、情绪基调和节奏能量判断它们是否相似；不要根据国家、语言、乐器或标签直接下结论。若相似填 yes，不相似填 no，不确定可留空并在 notes 中说明。,,,,
pal_0433,italy_0023,france_0047,italy,france,"[137, 3, 9]","[9, 4, 37]",America vs Ivan Drago,The Demon Inside Your Head,E:\Desktop\Echo\storage\public\research_dataset_v3\italy\audio\italy_0023.mp3,E:\Desktop\Echo\storage\public\research_dataset_v3\france\audio\france_0047.mp3,,,1.632631778717041,culture_centroid_entropy,请判断这两首曲目是否适合放在同一个歌单或相近的听歌场景里。请根据整体氛围、情绪基调和节奏能量判断它们是否相似；不要根据国家、语言、乐器或标签直接下结论。若相似填 yes，不相似填 no，不确定可留空并在 notes 中说明。,,,,
pal_0434,italy_0040,indonesia_fma_0002,italy,indonesia,[4],"[""Pop""]",Sadness,I'm a Sir,E:\Desktop\Echo\storage\public\research_dataset_v3\italy\audio\italy_0040.mp3,E:\Desktop\Echo\storage\public\research_dataset_v3\indonesia\audio\indonesia_fma_0002.mp3,,,1.632631778717041,culture_centroid_entropy,请判断这两首曲目是否适合放在同一个歌单或相近的听歌场景里。请根据整体氛围、情绪基调和节奏能量判断它们是否相似；不要根据国家、语言、乐器或标签直接下结论。若相似填 yes，不相似填 no，不确定可留空并在 notes 中说明。,,,,
pal_0435,italy_0052,modern_english_pop_0106,italy,modern_english_pop,"[18, 1235, 13]","['folk', 'pop', 'singersongwriter', 'popfolk']",Burn me Alive,,E:\Desktop\Echo\storage\public\research_dataset_v3\italy\audio\italy_0052.mp3,E:\Desktop\Echo\storage\public\research_dataset_v3\modern_english_pop\audio\modern_english_pop_0106.mp3,,,1.632631778717041,culture_centroid_entropy,请判断这两首曲目是否适合放在同一个歌单或相近的听歌场景里。请根据整体氛围、情绪基调和节奏能量判断它们是否相似；不要根据国家、语言、乐器或标签直接下结论。若相似填 yes，不相似填 no，不确定可留空并在 notes 中说明。,,,,
pal_0436,italy_0053,modern_english_pop_0092,italy,modern_english_pop,"[18, 1235, 13]","['folk', 'pop', 'popfolk']",Proton-pump Inhibitor,,E:\Desktop\Echo\storage\public\research_dataset_v3\italy\audio\italy_0053.mp3,E:\Desktop\Echo\storage\public\research_dataset_v3\modern_english_pop\audio\modern_english_pop_0092.mp3,,,1.632631778717041,culture_centroid_entropy,请判断这两首曲目是否适合放在同一个歌单或相近的听歌场景里。请根据整体氛围、情绪基调和节奏能量判断它们是否相似；不要根据国家、语言、乐器或标签直接下结论。若相似填 yes，不相似填 no，不确定可留空并在 notes 中说明。,,,,
pal_0437,italy_0063,indonesia_gamelan_0024,italy,indonesia,[13],orchestra/target,The Lion & The Snake,,E:\Desktop\Echo\storage\public\research_dataset_v3\italy\audio\italy_0063.mp3,E:\Desktop\Echo\storage\public\research_dataset_v3\indonesia\audio\indonesia_gamelan_0024.wav,,,1.632631778717041,culture_centroid_entropy,请判断这两首曲目是否适合放在同一个歌单或相近的听歌场景里。请根据整体氛围、情绪基调和节奏能量判断它们是否相似；不要根据国家、语言、乐器或标签直接下结论。若相似填 yes，不相似填 no，不确定可留空并在 notes 中说明。,,,,
pal_0438,italy_0068,france_0055,italy,france,"[18, 1235]","[3, 443, 5, 567]",Tycho,Let us break bread (Negro Spiritual),E:\Desktop\Echo\storage\public\research_dataset_v3\italy\audio\italy_0068.mp3,E:\Desktop\Echo\storage\public\research_dataset_v3\france\audio\france_0055.mp3,,,1.632631778717041,culture_centroid_entropy,请判断这两首曲目是否适合放在同一个歌单或相近的听歌场景里。请根据整体氛围、情绪基调和节奏能量判断它们是否相似；不要根据国家、语言、乐器或标签直接下结论。若相似填 yes，不相似填 no，不确定可留空并在 notes 中说明。,,,,
pal_0439,italy_0079,germany_0047,italy,germany,"[137, 3, 9]","[17, 33]",Tobia (guarisce Sara con Fiele di Pesce Diavolo),The Flying Carriage,E:\Desktop\Echo\storage\public\research_dataset_v3\italy\audio\italy_0079.mp3,E:\Desktop\Echo\storage\public\research_dataset_v3\germany\audio\germany_0047.mp3,,,1.632631778717041,culture_centroid_entropy,请判断这两首曲目是否适合放在同一个歌单或相近的听歌场景里。请根据整体氛围、情绪基调和节奏能量判断它们是否相似；不要根据国家、语言、乐器或标签直接下结论。若相似填 yes，不相似填 no，不确定可留空并在 notes 中说明。,,,,
pal_0440,italy_0085,india_saraga_0035,italy,india,"[137, 9]",Raag Puriya Dhanashree,Sulla Costruzione Del Ponte Sull'Adda,Raag Puriya Dhanashree,E:\Desktop\Echo\storage\public\research_dataset_v3\italy\audio\italy_0085.mp3,E:\Desktop\Echo\storage\public\research_dataset_v3\india\audio\india_saraga_0035.mp3,,,1.632631778717041,culture_centroid_entropy,请判断这两首曲目是否适合放在同一个歌单或相近的听歌场景里。请根据整体氛围、情绪基调和节奏能量判断它们是否相似；不要根据国家、语言、乐器或标签直接下结论。若相似填 yes，不相似填 no，不确定可留空并在 notes 中说明。,,,,
pal_0441,italy_0094,russia_0086,italy,russia,[4],"[107, 18, 1235, 5]",Soyuz,She-Wolf In My Heart (bonus),E:\Desktop\Echo\storage\public\research_dataset_v3\italy\audio\italy_0094.mp3,E:\Desktop\Echo\storage\public\research_dataset_v3\russia\audio\russia_0086.mp3,,,1.632631778717041,culture_centroid_entropy,请判断这两首曲目是否适合放在同一个歌单或相近的听歌场景里。请根据整体氛围、情绪基调和节奏能量判断它们是否相似；不要根据国家、语言、乐器或标签直接下结论。若相似填 yes，不相似填 no，不确定可留空并在 notes 中说明。,,,,
pal_0442,modern_english_pop_0065,modern_english_pop_0074,modern_english_pop,modern_english_pop,"['pop', 'indie', 'latin', 'alternative']","['folk', 'popfolk', 'soundtrack', 'pop', 'singersongwriter', 'chillout']",,,E:\Desktop\Echo\storage\public\research_dataset_v3\modern_english_pop\audio\modern_english_pop_0065.mp3,E:\Desktop\Echo\storage\public\research_dataset_v3\modern_english_pop\audio\modern_english_pop_0074.mp3,,,1.632631778717041,culture_centroid_entropy,请判断这两首曲目是否适合放在同一个歌单或相近的听歌场景里。请根据整体氛围、情绪基调和节奏能量判断它们是否相似；不要根据国家、语言、乐器或标签直接下结论。若相似填 yes，不相似填 no，不确定可留空并在 notes 中说明。,,,,
pal_0443,modern_english_pop_0071,modern_english_pop_0110,modern_english_pop,modern_english_pop,"['folk', 'popfolk', 'soundtrack', 'pop', 'singersongwriter', 'chillout']","['pop', 'singersongwriter', 'popfolk']",,,E:\Desktop\Echo\storage\public\research_dataset_v3\modern_english_pop\audio\modern_english_pop_0071.mp3,E:\Desktop\Echo\storage\public\research_dataset_v3\modern_english_pop\audio\modern_english_pop_0110.mp3,,,1.632631778717041,culture_centroid_entropy,请判断这两首曲目是否适合放在同一个歌单或相近的听歌场景里。请根据整体氛围、情绪基调和节奏能量判断它们是否相似；不要根据国家、语言、乐器或标签直接下结论。若相似填 yes，不相似填 no，不确定可留空并在 notes 中说明。,,,,
pal_0444,modern_english_pop_0092,great_britain_0041,modern_english_pop,great_britain,"['folk', 'pop', 'popfolk']","[33, 17]",,Candyboy,E:\Desktop\Echo\storage\public\research_dataset_v3\modern_english_pop\audio\modern_english_pop_0092.mp3,E:\Desktop\Echo\storage\public\research_dataset_v3\great_britain\audio\great_britain_0041.mp3,,,1.632631778717041,culture_centroid_entropy,请判断这两首曲目是否适合放在同一个歌单或相近的听歌场景里。请根据整体氛围、情绪基调和节奏能量判断它们是否相似；不要根据国家、语言、乐器或标签直接下结论。若相似填 yes，不相似填 no，不确定可留空并在 notes 中说明。,,,,
pal_0445,modern_english_pop_0096,turkey_modern_0065,modern_english_pop,turkey,"['folk', 'pop', 'singersongwriter', 'popfolk']",,,,E:\Desktop\Echo\storage\public\research_dataset_v3\modern_english_pop\audio\modern_english_pop_0096.mp3,E:\Desktop\Echo\storage\public\research_dataset_v3\turkey\audio\turkey_modern_0065.mp3,,,1.632631778717041,culture_centroid_entropy,请判断这两首曲目是否适合放在同一个歌单或相近的听歌场景里。请根据整体氛围、情绪基调和节奏能量判断它们是否相似；不要根据国家、语言、乐器或标签直接下结论。若相似填 yes，不相似填 no，不确定可留空并在 notes 中说明。,,,,
pal_0446,russia_0005,russia_0047,russia,russia,"[74, 4]","[10, 76]",IX (for Philip Croaton),New Years Party by Toptygin (live),E:\Desktop\Echo\storage\public\research_dataset_v3\russia\audio\russia_0005.mp3,E:\Desktop\Echo\storage\public\research_dataset_v3\russia\audio\russia_0047.mp3,,,1.632631778717041,culture_centroid_entropy,请判断这两首曲目是否适合放在同一个歌单或相近的听歌场景里。请根据整体氛围、情绪基调和节奏能量判断它们是否相似；不要根据国家、语言、乐器或标签直接下结论。若相似填 yes，不相似填 no，不确定可留空并在 notes 中说明。,,,,
pal_0447,russia_0035,russia_0050,russia,russia,"[1235, 5]","[18, 1235]",Screaming Silence,Crystal Echoes,E:\Desktop\Echo\storage\public\research_dataset_v3\russia\audio\russia_0035.mp3,E:\Desktop\Echo\storage\public\research_dataset_v3\russia\audio\russia_0050.mp3,,,1.632631778717041,culture_centroid_entropy,请判断这两首曲目是否适合放在同一个歌单或相近的听歌场景里。请根据整体氛围、情绪基调和节奏能量判断它们是否相似；不要根据国家、语言、乐器或标签直接下结论。若相似填 yes，不相似填 no，不确定可留空并在 notes 中说明。,,,,
pal_0448,russia_0037,great_britain_0011,russia,great_britain,"[18, 1235, 659, 5]","[33, 107, 17, 18, 1235]",The Spirit of Russian Love by Zinaida Trokai,Biology Slides,E:\Desktop\Echo\storage\public\research_dataset_v3\russia\audio\russia_0037.mp3,E:\Desktop\Echo\storage\public\research_dataset_v3\great_britain\audio\great_britain_0011.mp3,,,1.632631778717041,culture_centroid_entropy,请判断这两首曲目是否适合放在同一个歌单或相近的听歌场景里。请根据整体氛围、情绪基调和节奏能量判断它们是否相似；不要根据国家、语言、乐器或标签直接下结论。若相似填 yes，不相似填 no，不确定可留空并在 notes 中说明。,,,,
pal_0449,russia_0038,china_ctis_0006,russia,china,"[103, 10, 362, 76, 17]",D0241,Priroda,编钟,E:\Desktop\Echo\storage\public\research_dataset_v3\russia\audio\russia_0038.mp3,E:\Desktop\Echo\storage\public\research_dataset_v3\china\audio\china_ctis_0006.wav,,,1.632631778717041,culture_centroid_entropy,请判断这两首曲目是否适合放在同一个歌单或相近的听歌场景里。请根据整体氛围、情绪基调和节奏能量判断它们是否相似；不要根据国家、语言、乐器或标签直接下结论。若相似填 yes，不相似填 no，不确定可留空并在 notes 中说明。,,,,
pal_0450,russia_0050,russia_0088,russia,russia,"[18, 1235]","[107, 5, 1235]",Crystal Echoes,New Worlds,E:\Desktop\Echo\storage\public\research_dataset_v3\russia\audio\russia_0050.mp3,E:\Desktop\Echo\storage\public\research_dataset_v3\russia\audio\russia_0088.mp3,,,1.632631778717041,culture_centroid_entropy,请判断这两首曲目是否适合放在同一个歌单或相近的听歌场景里。请根据整体氛围、情绪基调和节奏能量判断它们是否相似；不要根据国家、语言、乐器或标签直接下结论。若相似填 yes，不相似填 no，不确定可留空并在 notes 中说明。,,,,
pal_0451,russia_0084,turkey_modern_0115,russia,turkey,"[107, 18, 1235, 5]",,The Signals,,E:\Desktop\Echo\storage\public\research_dataset_v3\russia\audio\russia_0084.mp3,E:\Desktop\Echo\storage\public\research_dataset_v3\turkey\audio\turkey_modern_0115.mp3,,,1.632631778717041,culture_centroid_entropy,请判断这两首曲目是否适合放在同一个歌单或相近的听歌场景里。请根据整体氛围、情绪基调和节奏能量判断它们是否相似；不要根据国家、语言、乐器或标签直接下结论。若相似填 yes，不相似填 no，不确定可留空并在 notes 中说明。,,,,
pal_0452,russia_0092,great_britain_0077,russia,great_britain,"[18, 1235]","[33, 10, 76, 17]",Fragile Ice,Kiss And Tell (breezy bossa nova),E:\Desktop\Echo\storage\public\research_dataset_v3\russia\audio\russia_0092.mp3,E:\Desktop\Echo\storage\public\research_dataset_v3\great_britain\audio\great_britain_0077.mp3,,,1.632631778717041,culture_centroid_entropy,请判断这两首曲目是否适合放在同一个歌单或相近的听歌场景里。请根据整体氛围、情绪基调和节奏能量判断它们是否相似；不要根据国家、语言、乐器或标签直接下结论。若相似填 yes，不相似填 no，不确定可留空并在 notes 中说明。,,,,
pal_0453,russia_0097,russia_0088,russia,russia,"[107, 18, 1235, 5]","[107, 5, 1235]",Don't Lie To Inner Child,New Worlds,E:\Desktop\Echo\storage\public\research_dataset_v3\russia\audio\russia_0097.mp3,E:\Desktop\Echo\storage\public\research_dataset_v3\russia\audio\russia_0088.mp3,,,1.632631778717041,culture_centroid_entropy,请判断这两首曲目是否适合放在同一个歌单或相近的听歌场景里。请根据整体氛围、情绪基调和节奏能量判断它们是否相似；不要根据国家、语言、乐器或标签直接下结论。若相似填 yes，不相似填 no，不确定可留空并在 notes 中说明。,,,,
pal_0454,turkey_modern_0015,turkey_modern_0071,turkey,turkey,,,,,E:\Desktop\Echo\storage\public\research_dataset_v3\turkey\audio\turkey_modern_0015.mp3,E:\Desktop\Echo\storage\public\research_dataset_v3\turkey\audio\turkey_modern_0071.mp3,,,1.632631778717041,culture_centroid_entropy,请判断这两首曲目是否适合放在同一个歌单或相近的听歌场景里。请根据整体氛围、情绪基调和节奏能量判断它们是否相似；不要根据国家、语言、乐器或标签直接下结论。若相似填 yes，不相似填 no，不确定可留空并在 notes 中说明。,,,,
pal_0455,turkey_modern_0020,turkey_modern_0129,turkey,turkey,,,,,E:\Desktop\Echo\storage\public\research_dataset_v3\turkey\audio\turkey_modern_0020.mp3,E:\Desktop\Echo\storage\public\research_dataset_v3\turkey\audio\turkey_modern_0129.mp3,,,1.632631778717041,culture_centroid_entropy,请判断这两首曲目是否适合放在同一个歌单或相近的听歌场景里。请根据整体氛围、情绪基调和节奏能量判断它们是否相似；不要根据国家、语言、乐器或标签直接下结论。若相似填 yes，不相似填 no，不确定可留空并在 notes 中说明。,,,,
pal_0456,turkey_modern_0047,great_britain_0098,turkey,great_britain,,"[10, 76]",,philcollins takes your hand,E:\Desktop\Echo\storage\public\research_dataset_v3\turkey\audio\turkey_modern_0047.mp3,E:\Desktop\Echo\storage\public\research_dataset_v3\great_britain\audio\great_britain_0098.mp3,,,1.632631778717041,culture_centroid_entropy,请判断这两首曲目是否适合放在同一个歌单或相近的听歌场景里。请根据整体氛围、情绪基调和节奏能量判断它们是否相似；不要根据国家、语言、乐器或标签直接下结论。若相似填 yes，不相似填 no，不确定可留空并在 notes 中说明。,,,,
pal_0457,turkey_modern_0061,italy_0032,turkey,italy,,[10],,Plumy Tale,E:\Desktop\Echo\storage\public\research_dataset_v3\turkey\audio\turkey_modern_0061.mp3,E:\Desktop\Echo\storage\public\research_dataset_v3\italy\audio\italy_0032.mp3,,,1.632631778717041,culture_centroid_entropy,请判断这两首曲目是否适合放在同一个歌单或相近的听歌场景里。请根据整体氛围、情绪基调和节奏能量判断它们是否相似；不要根据国家、语言、乐器或标签直接下结论。若相似填 yes，不相似填 no，不确定可留空并在 notes 中说明。,,,,
pal_0458,turkey_modern_0078,turkey_modern_0036,turkey,turkey,,,,,E:\Desktop\Echo\storage\public\research_dataset_v3\turkey\audio\turkey_modern_0078.mp3,E:\Desktop\Echo\storage\public\research_dataset_v3\turkey\audio\turkey_modern_0036.mp3,,,1.632631778717041,culture_centroid_entropy,请判断这两首曲目是否适合放在同一个歌单或相近的听歌场景里。请根据整体氛围、情绪基调和节奏能量判断它们是否相似；不要根据国家、语言、乐器或标签直接下结论。若相似填 yes，不相似填 no，不确定可留空并在 notes 中说明。,,,,
pal_0459,turkey_modern_0108,italy_0100,turkey,italy,,[4],,04 A Man At The Clock,E:\Desktop\Echo\storage\public\research_dataset_v3\turkey\audio\turkey_modern_0108.mp3,E:\Desktop\Echo\storage\public\research_dataset_v3\italy\audio\italy_0100.mp3,,,1.632631778717041,culture_centroid_entropy,请判断这两首曲目是否适合放在同一个歌单或相近的听歌场景里。请根据整体氛围、情绪基调和节奏能量判断它们是否相似；不要根据国家、语言、乐器或标签直接下结论。若相似填 yes，不相似填 no，不确定可留空并在 notes 中说明。,,,,
pal_0460,turkey_modern_0126,turkey_modern_0146,turkey,turkey,,,,,E:\Desktop\Echo\storage\public\research_dataset_v3\turkey\audio\turkey_modern_0126.mp3,E:\Desktop\Echo\storage\public\research_dataset_v3\turkey\audio\turkey_modern_0146.mp3,,,1.632631778717041,culture_centroid_entropy,请判断这两首曲目是否适合放在同一个歌单或相近的听歌场景里。请根据整体氛围、情绪基调和节奏能量判断它们是否相似；不要根据国家、语言、乐器或标签直接下结论。若相似填 yes，不相似填 no，不确定可留空并在 notes 中说明。,,,,
pal_0461,turkey_modern_0134,turkey_modern_0137,turkey,turkey,,,,,E:\Desktop\Echo\storage\public\research_dataset_v3\turkey\audio\turkey_modern_0134.mp3,E:\Desktop\Echo\storage\public\research_dataset_v3\turkey\audio\turkey_modern_0137.mp3,,,1.632631778717041,culture_centroid_entropy,请判断这两首曲目是否适合放在同一个歌单或相近的听歌场景里。请根据整体氛围、情绪基调和节奏能量判断它们是否相似；不要根据国家、语言、乐器或标签直接下结论。若相似填 yes，不相似填 no，不确定可留空并在 notes 中说明。,,,,
pal_0462,turkey_modern_0146,india_saraga_0083,turkey,india,,Raag Hameer,,Raag Hameer,E:\Desktop\Echo\storage\public\research_dataset_v3\turkey\audio\turkey_modern_0146.mp3,E:\Desktop\Echo\storage\public\research_dataset_v3\india\audio\india_saraga_0083.mp3,,,1.632631778717041,culture_centroid_entropy,请判断这两首曲目是否适合放在同一个歌单或相近的听歌场景里。请根据整体氛围、情绪基调和节奏能量判断它们是否相似；不要根据国家、语言、乐器或标签直接下结论。若相似填 yes，不相似填 no，不确定可留空并在 notes 中说明。,,,,
pal_0463,great_britain_0066,great_britain_0056,great_britain,great_britain,[],[],The Jt Wrks,CM's Ghetto Menagerie,E:\Desktop\Echo\storage\public\research_dataset_v3\great_britain\audio\great_britain_0066.mp3,E:\Desktop\Echo\storage\public\research_dataset_v3\great_britain\audio\great_britain_0056.mp3,,,1.6326316595077515,culture_centroid_entropy,请判断这两首曲目是否适合放在同一个歌单或相近的听歌场景里。请根据整体氛围、情绪基调和节奏能量判断它们是否相似；不要根据国家、语言、乐器或标签直接下结论。若相似填 yes，不相似填 no，不确定可留空并在 notes 中说明。,,,,
pal_0464,great_britain_0088,france_0038,great_britain,france,"[17, 94]","[538, 18, 1235]",lullaby,Tartine De Contrebasse,E:\Desktop\Echo\storage\public\research_dataset_v3\great_britain\audio\great_britain_0088.mp3,E:\Desktop\Echo\storage\public\research_dataset_v3\france\audio\france_0038.mp3,,,1.6326316595077515,culture_centroid_entropy,请判断这两首曲目是否适合放在同一个歌单或相近的听歌场景里。请根据整体氛围、情绪基调和节奏能量判断它们是否相似；不要根据国家、语言、乐器或标签直接下结论。若相似填 yes，不相似填 no，不确定可留空并在 notes 中说明。,,,,
pal_0465,modern_english_pop_0021,germany_0011,modern_english_pop,germany,"['instrumentalpop', 'classical']",[1235],,Skinny Cat,E:\Desktop\Echo\storage\public\research_dataset_v3\modern_english_pop\audio\modern_english_pop_0021.mp3,E:\Desktop\Echo\storage\public\research_dataset_v3\germany\audio\germany_0011.mp3,,,1.6326316595077515,culture_centroid_entropy,请判断这两首曲目是否适合放在同一个歌单或相近的听歌场景里。请根据整体氛围、情绪基调和节奏能量判断它们是否相似；不要根据国家、语言、乐器或标签直接下结论。若相似填 yes，不相似填 no，不确定可留空并在 notes 中说明。,,,,
pal_0466,turkey_modern_0094,france_0089,turkey,france,,"[10, 76]",,Concerts,E:\Desktop\Echo\storage\public\research_dataset_v3\turkey\audio\turkey_modern_0094.mp3,E:\Desktop\Echo\storage\public\research_dataset_v3\france\audio\france_0089.mp3,,,1.6326316595077515,culture_centroid_entropy,请判断这两首曲目是否适合放在同一个歌单或相近的听歌场景里。请根据整体氛围、情绪基调和节奏能量判断它们是否相似；不要根据国家、语言、乐器或标签直接下结论。若相似填 yes，不相似填 no，不确定可留空并在 notes 中说明。,,,,
pal_0467,china_jingju_0068,france_0084,china,france,lsxp,"[10, 76]",Jiang_shen_er,Lounge Light,E:\Desktop\Echo\storage\public\research_dataset_v3\china\audio\china_jingju_0068.wav,E:\Desktop\Echo\storage\public\research_dataset_v3\france\audio\france_0084.mp3,,,1.589028000831604,culture_centroid_entropy,请判断这两首曲目是否适合放在同一个歌单或相近的听歌场景里。请根据整体氛围、情绪基调和节奏能量判断它们是否相似；不要根据国家、语言、乐器或标签直接下结论。若相似填 yes，不相似填 no，不确定可留空并在 notes 中说明。,,,,
pal_0468,france_0068,france_0084,france,france,"[9, 137, 169]","[10, 76]",Rain on my grave,Lounge Light,E:\Desktop\Echo\storage\public\research_dataset_v3\france\audio\france_0068.mp3,E:\Desktop\Echo\storage\public\research_dataset_v3\france\audio\france_0084.mp3,,,1.5890278816223145,culture_centroid_entropy,请判断这两首曲目是否适合放在同一个歌单或相近的听歌场景里。请根据整体氛围、情绪基调和节奏能量判断它们是否相似；不要根据国家、语言、乐器或标签直接下结论。若相似填 yes，不相似填 no，不确定可留空并在 notes 中说明。,,,,
pal_0469,germany_0019,great_britain_0094,germany,great_britain,"[107, 1235]","[10, 76]",IV,Dogs of the World in Colour,E:\Desktop\Echo\storage\public\research_dataset_v3\germany\audio\germany_0019.mp3,E:\Desktop\Echo\storage\public\research_dataset_v3\great_britain\audio\great_britain_0094.mp3,,,1.5890278816223145,culture_centroid_entropy,请判断这两首曲目是否适合放在同一个歌单或相近的听歌场景里。请根据整体氛围、情绪基调和节奏能量判断它们是否相似；不要根据国家、语言、乐器或标签直接下结论。若相似填 yes，不相似填 no，不确定可留空并在 notes 中说明。,,,,
pal_0470,germany_0037,italy_0097,germany,italy,[],[4],run!,03 Ballata Del Felipe,E:\Desktop\Echo\storage\public\research_dataset_v3\germany\audio\germany_0037.mp3,E:\Desktop\Echo\storage\public\research_dataset_v3\italy\audio\italy_0097.mp3,,,1.5890278816223145,culture_centroid_entropy,请判断这两首曲目是否适合放在同一个歌单或相近的听歌场景里。请根据整体氛围、情绪基调和节奏能量判断它们是否相似；不要根据国家、语言、乐器或标签直接下结论。若相似填 yes，不相似填 no，不确定可留空并在 notes 中说明。,,,,
pal_0471,germany_0054,germany_0084,germany,germany,"[107, 1235]","[17, 107, 4, 1235]",I,Isle of the little branches (ID 358),E:\Desktop\Echo\storage\public\research_dataset_v3\germany\audio\germany_0054.mp3,E:\Desktop\Echo\storage\public\research_dataset_v3\germany\audio\germany_0084.mp3,,,1.5890278816223145,culture_centroid_entropy,请判断这两首曲目是否适合放在同一个歌单或相近的听歌场景里。请根据整体氛围、情绪基调和节奏能量判断它们是否相似；不要根据国家、语言、乐器或标签直接下结论。若相似填 yes，不相似填 no，不确定可留空并在 notes 中说明。,,,,
pal_0472,india_saraga_0077,france_0069,india,france,Raag Lagan Gandhar,"[33, 17, 94]",Raag Lagan Gandhar,God Forsaken Town,E:\Desktop\Echo\storage\public\research_dataset_v3\india\audio\india_saraga_0077.mp3,E:\Desktop\Echo\storage\public\research_dataset_v3\france\audio\france_0069.mp3,,,1.5890278816223145,culture_centroid_entropy,请判断这两首曲目是否适合放在同一个歌单或相近的听歌场景里。请根据整体氛围、情绪基调和节奏能量判断它们是否相似；不要根据国家、语言、乐器或标签直接下结论。若相似填 yes，不相似填 no，不确定可留空并在 notes 中说明。,,,,
pal_0473,modern_english_pop_0055,modern_english_pop_0031,modern_english_pop,modern_english_pop,['pop'],"['folk', 'easylistening', 'pop']",,,E:\Desktop\Echo\storage\public\research_dataset_v3\modern_english_pop\audio\modern_english_pop_0055.mp3,E:\Desktop\Echo\storage\public\research_dataset_v3\modern_english_pop\audio\modern_english_pop_0031.mp3,,,1.5890278816223145,culture_centroid_entropy,请判断这两首曲目是否适合放在同一个歌单或相近的听歌场景里。请根据整体氛围、情绪基调和节奏能量判断它们是否相似；不要根据国家、语言、乐器或标签直接下结论。若相似填 yes，不相似填 no，不确定可留空并在 notes 中说明。,,,,
pal_0474,modern_english_pop_0113,modern_english_pop_0117,modern_english_pop,modern_english_pop,"['pop', 'singersongwriter', 'popfolk']","['folk', 'singersongwriter', 'popfolk']",,,E:\Desktop\Echo\storage\public\research_dataset_v3\modern_english_pop\audio\modern_english_pop_0113.mp3,E:\Desktop\Echo\storage\public\research_dataset_v3\modern_english_pop\audio\modern_english_pop_0117.mp3,,,1.5890278816223145,culture_centroid_entropy,请判断这两首曲目是否适合放在同一个歌单或相近的听歌场景里。请根据整体氛围、情绪基调和节奏能量判断它们是否相似；不要根据国家、语言、乐器或标签直接下结论。若相似填 yes，不相似填 no，不确定可留空并在 notes 中说明。,,,,
pal_0475,russia_0027,russia_0020,russia,russia,[],"[10, 76]",Taigerbery - Clean Up,27 (Radio Edit Version),E:\Desktop\Echo\storage\public\research_dataset_v3\russia\audio\russia_0027.mp3,E:\Desktop\Echo\storage\public\research_dataset_v3\russia\audio\russia_0020.mp3,,,1.5890278816223145,culture_centroid_entropy,请判断这两首曲目是否适合放在同一个歌单或相近的听歌场景里。请根据整体氛围、情绪基调和节奏能量判断它们是否相似；不要根据国家、语言、乐器或标签直接下结论。若相似填 yes，不相似填 no，不确定可留空并在 notes 中说明。,,,,
pal_0476,russia_0069,great_britain_0029,russia,great_britain,"[107, 18, 1235, 5]",[17],Fog,Tee Te Te,E:\Desktop\Echo\storage\public\research_dataset_v3\russia\audio\russia_0069.mp3,E:\Desktop\Echo\storage\public\research_dataset_v3\great_britain\audio\great_britain_0029.mp3,,,1.5890278816223145,culture_centroid_entropy,请判断这两首曲目是否适合放在同一个歌单或相近的听歌场景里。请根据整体氛围、情绪基调和节奏能量判断它们是否相似；不要根据国家、语言、乐器或标签直接下结论。若相似填 yes，不相似填 no，不确定可留空并在 notes 中说明。,,,,
pal_0477,turkey_modern_0001,russia_0082,turkey,russia,,"[107, 18, 1235, 5]",,Destroyer,E:\Desktop\Echo\storage\public\research_dataset_v3\turkey\audio\turkey_modern_0001.mp3,E:\Desktop\Echo\storage\public\research_dataset_v3\russia\audio\russia_0082.mp3,,,1.5890278816223145,culture_centroid_entropy,请判断这两首曲目是否适合放在同一个歌单或相近的听歌场景里。请根据整体氛围、情绪基调和节奏能量判断它们是否相似；不要根据国家、语言、乐器或标签直接下结论。若相似填 yes，不相似填 no，不确定可留空并在 notes 中说明。,,,,
pal_0478,china_opencpop_0043,china_opencpop_0032,china,china,mandarin_pop,mandarin_pop,一路向北,千千万万,E:\Desktop\Echo\storage\public\research_dataset_v3\china\audio\china_opencpop_0043.wav,E:\Desktop\Echo\storage\public\research_dataset_v3\china\audio\china_opencpop_0032.wav,,,1.5890276432037354,culture_centroid_entropy,请判断这两首曲目是否适合放在同一个歌单或相近的听歌场景里。请根据整体氛围、情绪基调和节奏能量判断它们是否相似；不要根据国家、语言、乐器或标签直接下结论。若相似填 yes，不相似填 no，不确定可留空并在 notes 中说明。,,,,
pal_0479,germany_0092,italy_0063,germany,italy,"[3, 4, 5]",[13],Adored (ID 353),The Lion & The Snake,E:\Desktop\Echo\storage\public\research_dataset_v3\germany\audio\germany_0092.mp3,E:\Desktop\Echo\storage\public\research_dataset_v3\italy\audio\italy_0063.mp3,,,1.5890276432037354,culture_centroid_entropy,请判断这两首曲目是否适合放在同一个歌单或相近的听歌场景里。请根据整体氛围、情绪基调和节奏能量判断它们是否相似；不要根据国家、语言、乐器或标签直接下结论。若相似填 yes，不相似填 no，不确定可留空并在 notes 中说明。,,,,
pal_0480,modern_english_pop_0001,modern_english_pop_0010,modern_english_pop,modern_english_pop,['pop'],['pop'],,,E:\Desktop\Echo\storage\public\research_dataset_v3\modern_english_pop\audio\modern_english_pop_0001.mp3,E:\Desktop\Echo\storage\public\research_dataset_v3\modern_english_pop\audio\modern_english_pop_0010.mp3,,,1.5890276432037354,culture_centroid_entropy,请判断这两首曲目是否适合放在同一个歌单或相近的听歌场景里。请根据整体氛围、情绪基调和节奏能量判断它们是否相似；不要根据国家、语言、乐器或标签直接下结论。若相似填 yes，不相似填 no，不确定可留空并在 notes 中说明。,,,,
pal_0481,modern_english_pop_0056,modern_english_pop_0059,modern_english_pop,modern_english_pop,['pop'],['pop'],,,E:\Desktop\Echo\storage\public\research_dataset_v3\modern_english_pop\audio\modern_english_pop_0056.mp3,E:\Desktop\Echo\storage\public\research_dataset_v3\modern_english_pop\audio\modern_english_pop_0059.mp3,,,1.5890276432037354,culture_centroid_entropy,请判断这两首曲目是否适合放在同一个歌单或相近的听歌场景里。请根据整体氛围、情绪基调和节奏能量判断它们是否相似；不要根据国家、语言、乐器或标签直接下结论。若相似填 yes，不相似填 no，不确定可留空并在 notes 中说明。,,,,
pal_0482,modern_english_pop_0060,modern_english_pop_0106,modern_english_pop,modern_english_pop,['pop'],"['folk', 'pop', 'singersongwriter', 'popfolk']",,,E:\Desktop\Echo\storage\public\research_dataset_v3\modern_english_pop\audio\modern_english_pop_0060.mp3,E:\Desktop\Echo\storage\public\research_dataset_v3\modern_english_pop\audio\modern_english_pop_0106.mp3,,,1.5890276432037354,culture_centroid_entropy,请判断这两首曲目是否适合放在同一个歌单或相近的听歌场景里。请根据整体氛围、情绪基调和节奏能量判断它们是否相似；不要根据国家、语言、乐器或标签直接下结论。若相似填 yes，不相似填 no，不确定可留空并在 notes 中说明。,,,,
pal_0483,modern_english_pop_0072,modern_english_pop_0082,modern_english_pop,modern_english_pop,"['folk', 'popfolk', 'soundtrack', 'pop', 'singersongwriter', 'chillout']","['pop', 'popfolk']",,,E:\Desktop\Echo\storage\public\research_dataset_v3\modern_english_pop\audio\modern_english_pop_0072.mp3,E:\Desktop\Echo\storage\public\research_dataset_v3\modern_english_pop\audio\modern_english_pop_0082.mp3,,,1.5890276432037354,culture_centroid_entropy,请判断这两首曲目是否适合放在同一个歌单或相近的听歌场景里。请根据整体氛围、情绪基调和节奏能量判断它们是否相似；不要根据国家、语言、乐器或标签直接下结论。若相似填 yes，不相似填 no，不确定可留空并在 notes 中说明。,,,,
pal_0484,russia_0055,china_ctis_0009,russia,china,"[74, 4]",T0301,VIII,玎,E:\Desktop\Echo\storage\public\research_dataset_v3\russia\audio\russia_0055.mp3,E:\Desktop\Echo\storage\public\research_dataset_v3\china\audio\china_ctis_0009.wav,,,1.5890276432037354,culture_centroid_entropy,请判断这两首曲目是否适合放在同一个歌单或相近的听歌场景里。请根据整体氛围、情绪基调和节奏能量判断它们是否相似；不要根据国家、语言、乐器或标签直接下结论。若相似填 yes，不相似填 no，不确定可留空并在 notes 中说明。,,,,
pal_0485,turkey_modern_0003,italy_0019,turkey,italy,,[],,Upghostery,E:\Desktop\Echo\storage\public\research_dataset_v3\turkey\audio\turkey_modern_0003.mp3,E:\Desktop\Echo\storage\public\research_dataset_v3\italy\audio\italy_0019.mp3,,,1.5890276432037354,culture_centroid_entropy,请判断这两首曲目是否适合放在同一个歌单或相近的听歌场景里。请根据整体氛围、情绪基调和节奏能量判断它们是否相似；不要根据国家、语言、乐器或标签直接下结论。若相似填 yes，不相似填 no，不确定可留空并在 notes 中说明。,,,,
pal_0486,turkey_modern_0141,turkey_modern_0076,turkey,turkey,,,,,E:\Desktop\Echo\storage\public\research_dataset_v3\turkey\audio\turkey_modern_0141.mp3,E:\Desktop\Echo\storage\public\research_dataset_v3\turkey\audio\turkey_modern_0076.mp3,,,1.5890276432037354,culture_centroid_entropy,请判断这两首曲目是否适合放在同一个歌单或相近的听歌场景里。请根据整体氛围、情绪基调和节奏能量判断它们是否相似；不要根据国家、语言、乐器或标签直接下结论。若相似填 yes，不相似填 no，不确定可留空并在 notes 中说明。,,,,
pal_0487,china_jingju_0057,china_jingju_0074,china,china,lseh,lsxp,Wo_ben_shi,Shi_ye_shuo,E:\Desktop\Echo\storage\public\research_dataset_v3\china\audio\china_jingju_0057.wav,E:\Desktop\Echo\storage\public\research_dataset_v3\china\audio\china_jingju_0074.wav,,,1.5832593441009521,culture_centroid_entropy,请判断这两首曲目是否适合放在同一个歌单或相近的听歌场景里。请根据整体氛围、情绪基调和节奏能量判断它们是否相似；不要根据国家、语言、乐器或标签直接下结论。若相似填 yes，不相似填 no，不确定可留空并在 notes 中说明。,,,,
pal_0488,china_jingju_0071,modern_english_pop_0001,china,modern_english_pop,lsxp,['pop'],Qian_bai_wan,,E:\Desktop\Echo\storage\public\research_dataset_v3\china\audio\china_jingju_0071.wav,E:\Desktop\Echo\storage\public\research_dataset_v3\modern_english_pop\audio\modern_english_pop_0001.mp3,,,1.5832593441009521,culture_centroid_entropy,请判断这两首曲目是否适合放在同一个歌单或相近的听歌场景里。请根据整体氛围、情绪基调和节奏能量判断它们是否相似；不要根据国家、语言、乐器或标签直接下结论。若相似填 yes，不相似填 no，不确定可留空并在 notes 中说明。,,,,
pal_0489,france_0006,germany_0090,france,germany,"[17, 103]","[1235, 4, 5]",Babel,Dance of Love,E:\Desktop\Echo\storage\public\research_dataset_v3\france\audio\france_0006.mp3,E:\Desktop\Echo\storage\public\research_dataset_v3\germany\audio\germany_0090.mp3,,,1.5832593441009521,culture_centroid_entropy,请判断这两首曲目是否适合放在同一个歌单或相近的听歌场景里。请根据整体氛围、情绪基调和节奏能量判断它们是否相似；不要根据国家、语言、乐器或标签直接下结论。若相似填 yes，不相似填 no，不确定可留空并在 notes 中说明。,,,,
pal_0490,france_0011,russia_0069,france,russia,"[107, 1235]","[107, 18, 1235, 5]",Beating heart in a distant town: きこえるかな,Fog,E:\Desktop\Echo\storage\public\research_dataset_v3\france\audio\france_0011.mp3,E:\Desktop\Echo\storage\public\research_dataset_v3\russia\audio\russia_0069.mp3,,,1.5832593441009521,culture_centroid_entropy,请判断这两首曲目是否适合放在同一个歌单或相近的听歌场景里。请根据整体氛围、情绪基调和节奏能量判断它们是否相似；不要根据国家、语言、乐器或标签直接下结论。若相似填 yes，不相似填 no，不确定可留空并在 notes 中说明。,,,,
pal_0491,france_0040,germany_0085,france,germany,[10],"[17, 3, 4, 103]",You Said (feat. Laetitia Taschatt),Indian Summer,E:\Desktop\Echo\storage\public\research_dataset_v3\france\audio\france_0040.mp3,E:\Desktop\Echo\storage\public\research_dataset_v3\germany\audio\germany_0085.mp3,,,1.5832593441009521,culture_centroid_entropy,请判断这两首曲目是否适合放在同一个歌单或相近的听歌场景里。请根据整体氛围、情绪基调和节奏能量判断它们是否相似；不要根据国家、语言、乐器或标签直接下结论。若相似填 yes，不相似填 no，不确定可留空并在 notes 中说明。,,,,
pal_0492,france_0074,italy_0035,france,italy,"[19, 14]",[],Ayo,Medicine Sound,E:\Desktop\Echo\storage\public\research_dataset_v3\france\audio\france_0074.mp3,E:\Desktop\Echo\storage\public\research_dataset_v3\italy\audio\italy_0035.mp3,,,1.5832593441009521,culture_centroid_entropy,请判断这两首曲目是否适合放在同一个歌单或相近的听歌场景里。请根据整体氛围、情绪基调和节奏能量判断它们是否相似；不要根据国家、语言、乐器或标签直接下结论。若相似填 yes，不相似填 no，不确定可留空并在 notes 中说明。,,,,
pal_0493,germany_0093,india_saraga_0072,germany,india,"[17, 107, 4, 1235]",Raag Jog,Mountain Creek (ID 399),Raag Jog,E:\Desktop\Echo\storage\public\research_dataset_v3\germany\audio\germany_0093.mp3,E:\Desktop\Echo\storage\public\research_dataset_v3\india\audio\india_saraga_0072.mp3,,,1.5832593441009521,culture_centroid_entropy,请判断这两首曲目是否适合放在同一个歌单或相近的听歌场景里。请根据整体氛围、情绪基调和节奏能量判断它们是否相似；不要根据国家、语言、乐器或标签直接下结论。若相似填 yes，不相似填 no，不确定可留空并在 notes 中说明。,,,,
pal_0494,germany_0104,germany_0102,germany,germany,"[17, 3, 4, 103]","[17, 3, 4, 103]",ICE Meltdown,Uncredibble Frog River Route,E:\Desktop\Echo\storage\public\research_dataset_v3\germany\audio\germany_0104.mp3,E:\Desktop\Echo\storage\public\research_dataset_v3\germany\audio\germany_0102.mp3,,,1.5832593441009521,culture_centroid_entropy,请判断这两首曲目是否适合放在同一个歌单或相近的听歌场景里。请根据整体氛围、情绪基调和节奏能量判断它们是否相似；不要根据国家、语言、乐器或标签直接下结论。若相似填 yes，不相似填 no，不确定可留空并在 notes 中说明。,,,,
pal_0495,great_britain_0015,china_jingju_0066,great_britain,china,[17],lsxp,Sunshine,Jiang_shen_er,E:\Desktop\Echo\storage\public\research_dataset_v3\great_britain\audio\great_britain_0015.mp3,E:\Desktop\Echo\storage\public\research_dataset_v3\china\audio\china_jingju_0066.wav,,,1.5832593441009521,culture_centroid_entropy,请判断这两首曲目是否适合放在同一个歌单或相近的听歌场景里。请根据整体氛围、情绪基调和节奏能量判断它们是否相似；不要根据国家、语言、乐器或标签直接下结论。若相似填 yes，不相似填 no，不确定可留空并在 notes 中说明。,,,,
pal_0496,great_britain_0031,india_saraga_0075,great_britain,india,[17],Raag Sohani,Midwinters Dream & Birth of the Bear,Raag Sohani,E:\Desktop\Echo\storage\public\research_dataset_v3\great_britain\audio\great_britain_0031.mp3,E:\Desktop\Echo\storage\public\research_dataset_v3\india\audio\india_saraga_0075.mp3,,,1.5832593441009521,culture_centroid_entropy,请判断这两首曲目是否适合放在同一个歌单或相近的听歌场景里。请根据整体氛围、情绪基调和节奏能量判断它们是否相似；不要根据国家、语言、乐器或标签直接下结论。若相似填 yes，不相似填 no，不确定可留空并在 notes 中说明。,,,,
pal_0497,great_britain_0034,modern_english_pop_0061,great_britain,modern_english_pop,[17],"['blues', 'pop', 'instrumentalpop']",You Don't Know How Lucky You Are,,E:\Desktop\Echo\storage\public\research_dataset_v3\great_britain\audio\great_britain_0034.mp3,E:\Desktop\Echo\storage\public\research_dataset_v3\modern_english_pop\audio\modern_english_pop_0061.mp3,,,1.5832593441009521,culture_centroid_entropy,请判断这两首曲目是否适合放在同一个歌单或相近的听歌场景里。请根据整体氛围、情绪基调和节奏能量判断它们是否相似；不要根据国家、语言、乐器或标签直接下结论。若相似填 yes，不相似填 no，不确定可留空并在 notes 中说明。,,,,
pal_0498,great_britain_0042,germany_0076,great_britain,germany,[],"[107, 1235]",Little Fingers,II,E:\Desktop\Echo\storage\public\research_dataset_v3\great_britain\audio\great_britain_0042.mp3,E:\Desktop\Echo\storage\public\research_dataset_v3\germany\audio\germany_0076.mp3,,,1.5832593441009521,culture_centroid_entropy,请判断这两首曲目是否适合放在同一个歌单或相近的听歌场景里。请根据整体氛围、情绪基调和节奏能量判断它们是否相似；不要根据国家、语言、乐器或标签直接下结论。若相似填 yes，不相似填 no，不确定可留空并在 notes 中说明。,,,,
pal_0499,great_britain_0065,turkey_modern_0144,great_britain,turkey,[],,The Interloper,,E:\Desktop\Echo\storage\public\research_dataset_v3\great_britain\audio\great_britain_0065.mp3,E:\Desktop\Echo\storage\public\research_dataset_v3\turkey\audio\turkey_modern_0144.mp3,,,1.5832593441009521,culture_centroid_entropy,请判断这两首曲目是否适合放在同一个歌单或相近的听歌场景里。请根据整体氛围、情绪基调和节奏能量判断它们是否相似；不要根据国家、语言、乐器或标签直接下结论。若相似填 yes，不相似填 no，不确定可留空并在 notes 中说明。,,,,
pal_0500,great_britain_0073,germany_0073,great_britain,germany,[],"[17, 10]",Camp Fire Song,Hazel,E:\Desktop\Echo\storage\public\research_dataset_v3\great_britain\audio\great_britain_0073.mp3,E:\Desktop\Echo\storage\public\research_dataset_v3\germany\audio\germany_0073.mp3,,,1.5832593441009521,culture_centroid_entropy,请判断这两首曲目是否适合放在同一个歌单或相近的听歌场景里。请根据整体氛围、情绪基调和节奏能量判断它们是否相似；不要根据国家、语言、乐器或标签直接下结论。若相似填 yes，不相似填 no，不确定可留空并在 notes 中说明。,,,,
pal_0501,great_britain_0078,india_saraga_0070,great_britain,india,"[443, 187, 5]",Raag Dhani,Fortune planto vulnera,Raag Dhani,E:\Desktop\Echo\storage\public\research_dataset_v3\great_britain\audio\great_britain_0078.mp3,E:\Desktop\Echo\storage\public\research_dataset_v3\india\audio\india_saraga_0070.mp3,,,1.5832593441009521,culture_centroid_entropy,请判断这两首曲目是否适合放在同一个歌单或相近的听歌场景里。请根据整体氛围、情绪基调和节奏能量判断它们是否相似；不要根据国家、语言、乐器或标签直接下结论。若相似填 yes，不相似填 no，不确定可留空并在 notes 中说明。,,,,
pal_0502,great_britain_0086,germany_0051,great_britain,germany,"[18, 1235]","[17, 10]",Eden Bloom,Heaven Emerald,E:\Desktop\Echo\storage\public\research_dataset_v3\great_britain\audio\great_britain_0086.mp3,E:\Desktop\Echo\storage\public\research_dataset_v3\germany\audio\germany_0051.mp3,,,1.5832593441009521,culture_centroid_entropy,请判断这两首曲目是否适合放在同一个歌单或相近的听歌场景里。请根据整体氛围、情绪基调和节奏能量判断它们是否相似；不要根据国家、语言、乐器或标签直接下结论。若相似填 yes，不相似填 no，不确定可留空并在 notes 中说明。,,,,
pal_0503,india_saraga_0004,india_saraga_0001,india,india,Raag Jogiya,Raag Dagori_Deepki,Raag Jogiya,Raag Dagori_Deepki,E:\Desktop\Echo\storage\public\research_dataset_v3\india\audio\india_saraga_0004.mp3,E:\Desktop\Echo\storage\public\research_dataset_v3\india\audio\india_saraga_0001.mp3,,,1.5832593441009521,culture_centroid_entropy,请判断这两首曲目是否适合放在同一个歌单或相近的听歌场景里。请根据整体氛围、情绪基调和节奏能量判断它们是否相似；不要根据国家、语言、乐器或标签直接下结论。若相似填 yes，不相似填 no，不确定可留空并在 notes 中说明。,,,,
pal_0504,india_saraga_0062,india_saraga_0049,india,india,Bhairavi Dadra,Raag Bahar,Bhairavi Dadra,Raag Bahar,E:\Desktop\Echo\storage\public\research_dataset_v3\india\audio\india_saraga_0062.mp3,E:\Desktop\Echo\storage\public\research_dataset_v3\india\audio\india_saraga_0049.mp3,,,1.5832593441009521,culture_centroid_entropy,请判断这两首曲目是否适合放在同一个歌单或相近的听歌场景里。请根据整体氛围、情绪基调和节奏能量判断它们是否相似；不要根据国家、语言、乐器或标签直接下结论。若相似填 yes，不相似填 no，不确定可留空并在 notes 中说明。,,,,
pal_0505,indonesia_fma_0012,modern_english_pop_0009,indonesia,modern_english_pop,"[""Free-Folk"", ""Pop"", ""Folk""]","['pop', 'jazz']",Untuk Anakku Dan Anak Dari Anak-Anakku,,E:\Desktop\Echo\storage\public\research_dataset_v3\indonesia\audio\indonesia_fma_0012.mp3,E:\Desktop\Echo\storage\public\research_dataset_v3\modern_english_pop\audio\modern_english_pop_0009.mp3,,,1.5832593441009521,culture_centroid_entropy,请判断这两首曲目是否适合放在同一个歌单或相近的听歌场景里。请根据整体氛围、情绪基调和节奏能量判断它们是否相似；不要根据国家、语言、乐器或标签直接下结论。若相似填 yes，不相似填 no，不确定可留空并在 notes 中说明。,,,,
pal_0506,indonesia_gamelan_0010,modern_english_pop_0074,indonesia,modern_english_pop,orchestra/target,"['folk', 'popfolk', 'soundtrack', 'pop', 'singersongwriter', 'chillout']",,,E:\Desktop\Echo\storage\public\research_dataset_v3\indonesia\audio\indonesia_gamelan_0010.wav,E:\Desktop\Echo\storage\public\research_dataset_v3\modern_english_pop\audio\modern_english_pop_0074.mp3,,,1.5832593441009521,culture_centroid_entropy,请判断这两首曲目是否适合放在同一个歌单或相近的听歌场景里。请根据整体氛围、情绪基调和节奏能量判断它们是否相似；不要根据国家、语言、乐器或标签直接下结论。若相似填 yes，不相似填 no，不确定可留空并在 notes 中说明。,,,,
pal_0507,indonesia_gamelan_0017,indonesia_gamelan_0020,indonesia,indonesia,orchestra/target,orchestra/target,,,E:\Desktop\Echo\storage\public\research_dataset_v3\indonesia\audio\indonesia_gamelan_0017.wav,E:\Desktop\Echo\storage\public\research_dataset_v3\indonesia\audio\indonesia_gamelan_0020.wav,,,1.5832593441009521,culture_centroid_entropy,请判断这两首曲目是否适合放在同一个歌单或相近的听歌场景里。请根据整体氛围、情绪基调和节奏能量判断它们是否相似；不要根据国家、语言、乐器或标签直接下结论。若相似填 yes，不相似填 no，不确定可留空并在 notes 中说明。,,,,
pal_0508,indonesia_gamelan_0019,indonesia_gamelan_0020,indonesia,indonesia,orchestra/target,orchestra/target,,,E:\Desktop\Echo\storage\public\research_dataset_v3\indonesia\audio\indonesia_gamelan_0019.wav,E:\Desktop\Echo\storage\public\research_dataset_v3\indonesia\audio\indonesia_gamelan_0020.wav,,,1.5832593441009521,culture_centroid_entropy,请判断这两首曲目是否适合放在同一个歌单或相近的听歌场景里。请根据整体氛围、情绪基调和节奏能量判断它们是否相似；不要根据国家、语言、乐器或标签直接下结论。若相似填 yes，不相似填 no，不确定可留空并在 notes 中说明。,,,,
pal_0509,indonesia_gamelan_0031,germany_0055,indonesia,germany,orchestra/target,[17],,1st Movement,E:\Desktop\Echo\storage\public\research_dataset_v3\indonesia\audio\indonesia_gamelan_0031.wav,E:\Desktop\Echo\storage\public\research_dataset_v3\germany\audio\germany_0055.mp3,,,1.5832593441009521,culture_centroid_entropy,请判断这两首曲目是否适合放在同一个歌单或相近的听歌场景里。请根据整体氛围、情绪基调和节奏能量判断它们是否相似；不要根据国家、语言、乐器或标签直接下结论。若相似填 yes，不相似填 no，不确定可留空并在 notes 中说明。,,,,
pal_0510,indonesia_gamelan_0051,indonesia_gamelan_0053,indonesia,indonesia,orchestra/target,orchestra/target,,,E:\Desktop\Echo\storage\public\research_dataset_v3\indonesia\audio\indonesia_gamelan_0051.wav,E:\Desktop\Echo\storage\public\research_dataset_v3\indonesia\audio\indonesia_gamelan_0053.wav,,,1.5832593441009521,culture_centroid_entropy,请判断这两首曲目是否适合放在同一个歌单或相近的听歌场景里。请根据整体氛围、情绪基调和节奏能量判断它们是否相似；不要根据国家、语言、乐器或标签直接下结论。若相似填 yes，不相似填 no，不确定可留空并在 notes 中说明。,,,,
pal_0511,italy_0045,china_opencpop_0013,italy,china,[4],mandarin_pop,Stolen Moments,大鱼,E:\Desktop\Echo\storage\public\research_dataset_v3\italy\audio\italy_0045.mp3,E:\Desktop\Echo\storage\public\research_dataset_v3\china\audio\china_opencpop_0013.wav,,,1.5832593441009521,culture_centroid_entropy,请判断这两首曲目是否适合放在同一个歌单或相近的听歌场景里。请根据整体氛围、情绪基调和节奏能量判断它们是否相似；不要根据国家、语言、乐器或标签直接下结论。若相似填 yes，不相似填 no，不确定可留空并在 notes 中说明。,,,,
pal_0512,italy_0060,germany_0011,italy,germany,[13],[1235],Quantum,Skinny Cat,E:\Desktop\Echo\storage\public\research_dataset_v3\italy\audio\italy_0060.mp3,E:\Desktop\Echo\storage\public\research_dataset_v3\germany\audio\germany_0011.mp3,,,1.5832593441009521,culture_centroid_entropy,请判断这两首曲目是否适合放在同一个歌单或相近的听歌场景里。请根据整体氛围、情绪基调和节奏能量判断它们是否相似；不要根据国家、语言、乐器或标签直接下结论。若相似填 yes，不相似填 no，不确定可留空并在 notes 中说明。,,,,
pal_0513,italy_0075,india_saraga_0061,italy,india,"[18, 1235]",Raag Paraj,Zero G,Raag Paraj,E:\Desktop\Echo\storage\public\research_dataset_v3\italy\audio\italy_0075.mp3,E:\Desktop\Echo\storage\public\research_dataset_v3\india\audio\india_saraga_0061.mp3,,,1.5832593441009521,culture_centroid_entropy,请判断这两首曲目是否适合放在同一个歌单或相近的听歌场景里。请根据整体氛围、情绪基调和节奏能量判断它们是否相似；不要根据国家、语言、乐器或标签直接下结论。若相似填 yes，不相似填 no，不确定可留空并在 notes 中说明。,,,,
pal_0514,italy_0077,germany_0017,italy,germany,"[18, 1235]",[17],Copernico,Ships,E:\Desktop\Echo\storage\public\research_dataset_v3\italy\audio\italy_0077.mp3,E:\Desktop\Echo\storage\public\research_dataset_v3\germany\audio\germany_0017.mp3,,,1.5832593441009521,culture_centroid_entropy,请判断这两首曲目是否适合放在同一个歌单或相近的听歌场景里。请根据整体氛围、情绪基调和节奏能量判断它们是否相似；不要根据国家、语言、乐器或标签直接下结论。若相似填 yes，不相似填 no，不确定可留空并在 notes 中说明。,,,,
pal_0515,modern_english_pop_0022,france_0026,modern_english_pop,france,"['instrumentalpop', 'classical']","[19, 14]",,Be Africa,E:\Desktop\Echo\storage\public\research_dataset_v3\modern_english_pop\audio\modern_english_pop_0022.mp3,E:\Desktop\Echo\storage\public\research_dataset_v3\france\audio\france_0026.mp3,,,1.5832593441009521,culture_centroid_entropy,请判断这两首曲目是否适合放在同一个歌单或相近的听歌场景里。请根据整体氛围、情绪基调和节奏能量判断它们是否相似；不要根据国家、语言、乐器或标签直接下结论。若相似填 yes，不相似填 no，不确定可留空并在 notes 中说明。,,,,
pal_0516,modern_english_pop_0058,modern_english_pop_0081,modern_english_pop,modern_english_pop,['pop'],"['pop', 'popfolk']",,,E:\Desktop\Echo\storage\public\research_dataset_v3\modern_english_pop\audio\modern_english_pop_0058.mp3,E:\Desktop\Echo\storage\public\research_dataset_v3\modern_english_pop\audio\modern_english_pop_0081.mp3,,,1.5832593441009521,culture_centroid_entropy,请判断这两首曲目是否适合放在同一个歌单或相近的听歌场景里。请根据整体氛围、情绪基调和节奏能量判断它们是否相似；不要根据国家、语言、乐器或标签直接下结论。若相似填 yes，不相似填 no，不确定可留空并在 notes 中说明。,,,,
pal_0517,modern_english_pop_0079,france_0065,modern_english_pop,france,"['blues', 'folk', 'popfolk', 'alternative']","[17, 103, 49]",,Pretty Girls,E:\Desktop\Echo\storage\public\research_dataset_v3\modern_english_pop\audio\modern_english_pop_0079.mp3,E:\Desktop\Echo\storage\public\research_dataset_v3\france\audio\france_0065.mp3,,,1.5832593441009521,culture_centroid_entropy,请判断这两首曲目是否适合放在同一个歌单或相近的听歌场景里。请根据整体氛围、情绪基调和节奏能量判断它们是否相似；不要根据国家、语言、乐器或标签直接下结论。若相似填 yes，不相似填 no，不确定可留空并在 notes 中说明。,,,,
pal_0518,russia_0032,great_britain_0029,russia,great_britain,"[107, 1235]",[17],Benen Värka,Tee Te Te,E:\Desktop\Echo\storage\public\research_dataset_v3\russia\audio\russia_0032.mp3,E:\Desktop\Echo\storage\public\research_dataset_v3\great_britain\audio\great_britain_0029.mp3,,,1.5832593441009521,culture_centroid_entropy,请判断这两首曲目是否适合放在同一个歌单或相近的听歌场景里。请根据整体氛围、情绪基调和节奏能量判断它们是否相似；不要根据国家、语言、乐器或标签直接下结论。若相似填 yes，不相似填 no，不确定可留空并在 notes 中说明。,,,,
pal_0519,russia_0039,russia_0052,russia,russia,"[267, 1235]","[107, 5, 1235]",The Mountain Breeze of Nostalgia,Pianochocolate - Supernova,E:\Desktop\Echo\storage\public\research_dataset_v3\russia\audio\russia_0039.mp3,E:\Desktop\Echo\storage\public\research_dataset_v3\russia\audio\russia_0052.mp3,,,1.5832593441009521,culture_centroid_entropy,请判断这两首曲目是否适合放在同一个歌单或相近的听歌场景里。请根据整体氛围、情绪基调和节奏能量判断它们是否相似；不要根据国家、语言、乐器或标签直接下结论。若相似填 yes，不相似填 no，不确定可留空并在 notes 中说明。,,,,
pal_0520,turkey_modern_0012,turkey_modern_0022,turkey,turkey,,,,,E:\Desktop\Echo\storage\public\research_dataset_v3\turkey\audio\turkey_modern_0012.mp3,E:\Desktop\Echo\storage\public\research_dataset_v3\turkey\audio\turkey_modern_0022.mp3,,,1.5832593441009521,culture_centroid_entropy,请判断这两首曲目是否适合放在同一个歌单或相近的听歌场景里。请根据整体氛围、情绪基调和节奏能量判断它们是否相似；不要根据国家、语言、乐器或标签直接下结论。若相似填 yes，不相似填 no，不确定可留空并在 notes 中说明。,,,,
pal_0521,turkey_modern_0066,turkey_modern_0041,turkey,turkey,,,,,E:\Desktop\Echo\storage\public\research_dataset_v3\turkey\audio\turkey_modern_0066.mp3,E:\Desktop\Echo\storage\public\research_dataset_v3\turkey\audio\turkey_modern_0041.mp3,,,1.5832593441009521,culture_centroid_entropy,请判断这两首曲目是否适合放在同一个歌单或相近的听歌场景里。请根据整体氛围、情绪基调和节奏能量判断它们是否相似；不要根据国家、语言、乐器或标签直接下结论。若相似填 yes，不相似填 no，不确定可留空并在 notes 中说明。,,,,
pal_0522,turkey_modern_0130,germany_0078,turkey,germany,,[],,Hannibal Mop,E:\Desktop\Echo\storage\public\research_dataset_v3\turkey\audio\turkey_modern_0130.mp3,E:\Desktop\Echo\storage\public\research_dataset_v3\germany\audio\germany_0078.mp3,,,1.5832593441009521,culture_centroid_entropy,请判断这两首曲目是否适合放在同一个歌单或相近的听歌场景里。请根据整体氛围、情绪基调和节奏能量判断它们是否相似；不要根据国家、语言、乐器或标签直接下结论。若相似填 yes，不相似填 no，不确定可留空并在 notes 中说明。,,,,
pal_0523,germany_0031,india_saraga_0106,germany,india,[10],Raga Shree - Khayal,Vogelbird,Raga Shree - Khayal,E:\Desktop\Echo\storage\public\research_dataset_v3\germany\audio\germany_0031.mp3,E:\Desktop\Echo\storage\public\research_dataset_v3\india\audio\india_saraga_0106.mp3,,,1.5832592248916626,culture_centroid_entropy,请判断这两首曲目是否适合放在同一个歌单或相近的听歌场景里。请根据整体氛围、情绪基调和节奏能量判断它们是否相似；不要根据国家、语言、乐器或标签直接下结论。若相似填 yes，不相似填 no，不确定可留空并在 notes 中说明。,,,,
pal_0524,germany_0039,china_ctis_0022,germany,china,"[322, 4, 5]",T0255,die frau in schwarz,古筝,E:\Desktop\Echo\storage\public\research_dataset_v3\germany\audio\germany_0039.mp3,E:\Desktop\Echo\storage\public\research_dataset_v3\china\audio\china_ctis_0022.wav,,,1.5832592248916626,culture_centroid_entropy,请判断这两首曲目是否适合放在同一个歌单或相近的听歌场景里。请根据整体氛围、情绪基调和节奏能量判断它们是否相似；不要根据国家、语言、乐器或标签直接下结论。若相似填 yes，不相似填 no，不确定可留空并在 notes 中说明。,,,,
pal_0525,italy_0069,russia_0073,italy,russia,"[18, 1235]","[107, 18, 1235, 5]",Leaving,Morning City,E:\Desktop\Echo\storage\public\research_dataset_v3\italy\audio\italy_0069.mp3,E:\Desktop\Echo\storage\public\research_dataset_v3\russia\audio\russia_0073.mp3,,,1.5832592248916626,culture_centroid_entropy,请判断这两首曲目是否适合放在同一个歌单或相近的听歌场景里。请根据整体氛围、情绪基调和节奏能量判断它们是否相似；不要根据国家、语言、乐器或标签直接下结论。若相似填 yes，不相似填 no，不确定可留空并在 notes 中说明。,,,,
pal_0526,russia_0000,great_britain_0104,russia,great_britain,"[107, 18, 1235, 5]","[17, 180, 103]",When You Leave,The King's Horses,E:\Desktop\Echo\storage\public\research_dataset_v3\russia\audio\russia_0000.mp3,E:\Desktop\Echo\storage\public\research_dataset_v3\great_britain\audio\great_britain_0104.mp3,,,1.5832592248916626,culture_centroid_entropy,请判断这两首曲目是否适合放在同一个歌单或相近的听歌场景里。请根据整体氛围、情绪基调和节奏能量判断它们是否相似；不要根据国家、语言、乐器或标签直接下结论。若相似填 yes，不相似填 no，不确定可留空并在 notes 中说明。,,,,
pal_0527,russia_0071,russia_0029,russia,russia,"[107, 18, 1235, 5]",[5],Mother`s Hands,5:00 AM,E:\Desktop\Echo\storage\public\research_dataset_v3\russia\audio\russia_0071.mp3,E:\Desktop\Echo\storage\public\research_dataset_v3\russia\audio\russia_0029.mp3,,,1.5832592248916626,culture_centroid_entropy,请判断这两首曲目是否适合放在同一个歌单或相近的听歌场景里。请根据整体氛围、情绪基调和节奏能量判断它们是否相似；不要根据国家、语言、乐器或标签直接下结论。若相似填 yes，不相似填 no，不确定可留空并在 notes 中说明。,,,,
pal_0528,turkey_modern_0009,great_britain_0098,turkey,great_britain,,"[10, 76]",,philcollins takes your hand,E:\Desktop\Echo\storage\public\research_dataset_v3\turkey\audio\turkey_modern_0009.mp3,E:\Desktop\Echo\storage\public\research_dataset_v3\great_britain\audio\great_britain_0098.mp3,,,1.5832592248916626,culture_centroid_entropy,请判断这两首曲目是否适合放在同一个歌单或相近的听歌场景里。请根据整体氛围、情绪基调和节奏能量判断它们是否相似；不要根据国家、语言、乐器或标签直接下结论。若相似填 yes，不相似填 no，不确定可留空并在 notes 中说明。,,,,
pal_0529,turkey_modern_0031,turkey_modern_0031,turkey,turkey,,,,,E:\Desktop\Echo\storage\public\research_dataset_v3\turkey\audio\turkey_modern_0031.mp3,E:\Desktop\Echo\storage\public\research_dataset_v3\turkey\audio\turkey_modern_0031.mp3,,,1.5832592248916626,culture_centroid_entropy,请判断这两首曲目是否适合放在同一个歌单或相近的听歌场景里。请根据整体氛围、情绪基调和节奏能量判断它们是否相似；不要根据国家、语言、乐器或标签直接下结论。若相似填 yes，不相似填 no，不确定可留空并在 notes 中说明。,,,,
pal_0530,turkey_modern_0042,turkey_modern_0031,turkey,turkey,,,,,E:\Desktop\Echo\storage\public\research_dataset_v3\turkey\audio\turkey_modern_0042.mp3,E:\Desktop\Echo\storage\public\research_dataset_v3\turkey\audio\turkey_modern_0031.mp3,,,1.5832592248916626,culture_centroid_entropy,请判断这两首曲目是否适合放在同一个歌单或相近的听歌场景里。请根据整体氛围、情绪基调和节奏能量判断它们是否相似；不要根据国家、语言、乐器或标签直接下结论。若相似填 yes，不相似填 no，不确定可留空并在 notes 中说明。,,,,
pal_0531,turkey_modern_0055,russia_0056,turkey,russia,,"[107, 18, 1235]",,Finale,E:\Desktop\Echo\storage\public\research_dataset_v3\turkey\audio\turkey_modern_0055.mp3,E:\Desktop\Echo\storage\public\research_dataset_v3\russia\audio\russia_0056.mp3,,,1.5832592248916626,culture_centroid_entropy,请判断这两首曲目是否适合放在同一个歌单或相近的听歌场景里。请根据整体氛围、情绪基调和节奏能量判断它们是否相似；不要根据国家、语言、乐器或标签直接下结论。若相似填 yes，不相似填 no，不确定可留空并在 notes 中说明。,,,,
pal_0532,turkey_modern_0079,turkey_modern_0076,turkey,turkey,,,,,E:\Desktop\Echo\storage\public\research_dataset_v3\turkey\audio\turkey_modern_0079.mp3,E:\Desktop\Echo\storage\public\research_dataset_v3\turkey\audio\turkey_modern_0076.mp3,,,1.5832592248916626,culture_centroid_entropy,请判断这两首曲目是否适合放在同一个歌单或相近的听歌场景里。请根据整体氛围、情绪基调和节奏能量判断它们是否相似；不要根据国家、语言、乐器或标签直接下结论。若相似填 yes，不相似填 no，不确定可留空并在 notes 中说明。,,,,
pal_0533,turkey_modern_0112,turkey_modern_0144,turkey,turkey,,,,,E:\Desktop\Echo\storage\public\research_dataset_v3\turkey\audio\turkey_modern_0112.mp3,E:\Desktop\Echo\storage\public\research_dataset_v3\turkey\audio\turkey_modern_0144.mp3,,,1.5832592248916626,culture_centroid_entropy,请判断这两首曲目是否适合放在同一个歌单或相近的听歌场景里。请根据整体氛围、情绪基调和节奏能量判断它们是否相似；不要根据国家、语言、乐器或标签直接下结论。若相似填 yes，不相似填 no，不确定可留空并在 notes 中说明。,,,,
pal_0534,italy_0062,india_saraga_0046,italy,india,"[18, 1235, 13]",Raag Todi,Postmortem,Raag Todi,E:\Desktop\Echo\storage\public\research_dataset_v3\italy\audio\italy_0062.mp3,E:\Desktop\Echo\storage\public\research_dataset_v3\india\audio\india_saraga_0046.mp3,,,1.5607115030288696,culture_centroid_entropy,请判断这两首曲目是否适合放在同一个歌单或相近的听歌场景里。请根据整体氛围、情绪基调和节奏能量判断它们是否相似；不要根据国家、语言、乐器或标签直接下结论。若相似填 yes，不相似填 no，不确定可留空并在 notes 中说明。,,,,
pal_0535,great_britain_0099,germany_0017,great_britain,germany,[17],[17],Wildwood Flower,Ships,E:\Desktop\Echo\storage\public\research_dataset_v3\great_britain\audio\great_britain_0099.mp3,E:\Desktop\Echo\storage\public\research_dataset_v3\germany\audio\germany_0017.mp3,,,1.56071138381958,culture_centroid_entropy,请判断这两首曲目是否适合放在同一个歌单或相近的听歌场景里。请根据整体氛围、情绪基调和节奏能量判断它们是否相似；不要根据国家、语言、乐器或标签直接下结论。若相似填 yes，不相似填 no，不确定可留空并在 notes 中说明。,,,,
pal_0536,russia_0044,italy_0049,russia,italy,"[10, 76]",[4],Intro Monstro Crescendo,Land-escape,E:\Desktop\Echo\storage\public\research_dataset_v3\russia\audio\russia_0044.mp3,E:\Desktop\Echo\storage\public\research_dataset_v3\italy\audio\italy_0049.mp3,,,1.56071138381958,culture_centroid_entropy,请判断这两首曲目是否适合放在同一个歌单或相近的听歌场景里。请根据整体氛围、情绪基调和节奏能量判断它们是否相似；不要根据国家、语言、乐器或标签直接下结论。若相似填 yes，不相似填 no，不确定可留空并在 notes 中说明。,,,,
pal_0537,china_jingju_0000,china_jingju_0002,china,china,daeh,daeh,Bie_yuan_zhong,Yi_sha_shi,E:\Desktop\Echo\storage\public\research_dataset_v3\china\audio\china_jingju_0000.wav,E:\Desktop\Echo\storage\public\research_dataset_v3\china\audio\china_jingju_0002.wav,,,1.5607112646102905,culture_centroid_entropy,请判断这两首曲目是否适合放在同一个歌单或相近的听歌场景里。请根据整体氛围、情绪基调和节奏能量判断它们是否相似；不要根据国家、语言、乐器或标签直接下结论。若相似填 yes，不相似填 no，不确定可留空并在 notes 中说明。,,,,
pal_0538,great_britain_0043,france_0084,great_britain,france,[],"[10, 76]",Smallville,Lounge Light,E:\Desktop\Echo\storage\public\research_dataset_v3\great_britain\audio\great_britain_0043.mp3,E:\Desktop\Echo\storage\public\research_dataset_v3\france\audio\france_0084.mp3,,,1.5607112646102905,culture_centroid_entropy,请判断这两首曲目是否适合放在同一个歌单或相近的听歌场景里。请根据整体氛围、情绪基调和节奏能量判断它们是否相似；不要根据国家、语言、乐器或标签直接下结论。若相似填 yes，不相似填 no，不确定可留空并在 notes 中说明。,,,,
pal_0539,great_britain_0075,russia_0086,great_britain,russia,[],"[107, 18, 1235, 5]",Earthquake,She-Wolf In My Heart (bonus),E:\Desktop\Echo\storage\public\research_dataset_v3\great_britain\audio\great_britain_0075.mp3,E:\Desktop\Echo\storage\public\research_dataset_v3\russia\audio\russia_0086.mp3,,,1.5607112646102905,culture_centroid_entropy,请判断这两首曲目是否适合放在同一个歌单或相近的听歌场景里。请根据整体氛围、情绪基调和节奏能量判断它们是否相似；不要根据国家、语言、乐器或标签直接下结论。若相似填 yes，不相似填 no，不确定可留空并在 notes 中说明。,,,,
pal_0540,modern_english_pop_0020,turkey_modern_0065,modern_english_pop,turkey,"['pop', 'indie', 'alternative']",,,,E:\Desktop\Echo\storage\public\research_dataset_v3\modern_english_pop\audio\modern_english_pop_0020.mp3,E:\Desktop\Echo\storage\public\research_dataset_v3\turkey\audio\turkey_modern_0065.mp3,,,1.5607112646102905,culture_centroid_entropy,请判断这两首曲目是否适合放在同一个歌单或相近的听歌场景里。请根据整体氛围、情绪基调和节奏能量判断它们是否相似；不要根据国家、语言、乐器或标签直接下结论。若相似填 yes，不相似填 no，不确定可留空并在 notes 中说明。,,,,
pal_0541,china_ctis_0000,china_ctis_0020,china,china,T0081,T0081,玄琴,玄琴,E:\Desktop\Echo\storage\public\research_dataset_v3\china\audio\china_ctis_0000.wav,E:\Desktop\Echo\storage\public\research_dataset_v3\china\audio\china_ctis_0020.wav,,,1.545423984527588,culture_centroid_entropy,请判断这两首曲目是否适合放在同一个歌单或相近的听歌场景里。请根据整体氛围、情绪基调和节奏能量判断它们是否相似；不要根据国家、语言、乐器或标签直接下结论。若相似填 yes，不相似填 no，不确定可留空并在 notes 中说明。,,,,
pal_0542,china_jingju_0046,china_jingju_0044,china,china,xixiangji_xianzhishuo,xixiangji_luanchouduo,xixiangji_xianzhishuo,xixiangji_luanchouduo,E:\Desktop\Echo\storage\public\research_dataset_v3\china\audio\china_jingju_0046.wav,E:\Desktop\Echo\storage\public\research_dataset_v3\china\audio\china_jingju_0044.wav,,,1.545423984527588,culture_centroid_entropy,请判断这两首曲目是否适合放在同一个歌单或相近的听歌场景里。请根据整体氛围、情绪基调和节奏能量判断它们是否相似；不要根据国家、语言、乐器或标签直接下结论。若相似填 yes，不相似填 no，不确定可留空并在 notes 中说明。,,,,
pal_0543,france_0034,france_0030,france,france,"[538, 18, 1235]",[],Drunken Boosterfly,Skango (Volfoniq meets Volatil),E:\Desktop\Echo\storage\public\research_dataset_v3\france\audio\france_0034.mp3,E:\Desktop\Echo\storage\public\research_dataset_v3\france\audio\france_0030.mp3,,,1.545423984527588,culture_centroid_entropy,请判断这两首曲目是否适合放在同一个歌单或相近的听歌场景里。请根据整体氛围、情绪基调和节奏能量判断它们是否相似；不要根据国家、语言、乐器或标签直接下结论。若相似填 yes，不相似填 no，不确定可留空并在 notes 中说明。,,,,
pal_0544,france_0049,indonesia_gamelan_0041,france,indonesia,[1235],orchestra/target,in a dream,,E:\Desktop\Echo\storage\public\research_dataset_v3\france\audio\france_0049.mp3,E:\Desktop\Echo\storage\public\research_dataset_v3\indonesia\audio\indonesia_gamelan_0041.wav,,,1.545423984527588,culture_centroid_entropy,请判断这两首曲目是否适合放在同一个歌单或相近的听歌场景里。请根据整体氛围、情绪基调和节奏能量判断它们是否相似；不要根据国家、语言、乐器或标签直接下结论。若相似填 yes，不相似填 no，不确定可留空并在 notes 中说明。,,,,
pal_0545,great_britain_0023,germany_0036,great_britain,germany,[17],"[17, 4, 5, 103]",Ocean,Beauftiful Memories,E:\Desktop\Echo\storage\public\research_dataset_v3\great_britain\audio\great_britain_0023.mp3,E:\Desktop\Echo\storage\public\research_dataset_v3\germany\audio\germany_0036.mp3,,,1.545423984527588,culture_centroid_entropy,请判断这两首曲目是否适合放在同一个歌单或相近的听歌场景里。请根据整体氛围、情绪基调和节奏能量判断它们是否相似；不要根据国家、语言、乐器或标签直接下结论。若相似填 yes，不相似填 no，不确定可留空并在 notes 中说明。,,,,
pal_0546,great_britain_0087,germany_0094,great_britain,germany,"[33, 107, 17, 18, 1235]","[3, 4, 9, 651, 493]",Praise Book,Kessy Swings Endless - (ID 349),E:\Desktop\Echo\storage\public\research_dataset_v3\great_britain\audio\great_britain_0087.mp3,E:\Desktop\Echo\storage\public\research_dataset_v3\germany\audio\germany_0094.mp3,,,1.545423984527588,culture_centroid_entropy,请判断这两首曲目是否适合放在同一个歌单或相近的听歌场景里。请根据整体氛围、情绪基调和节奏能量判断它们是否相似；不要根据国家、语言、乐器或标签直接下结论。若相似填 yes，不相似填 no，不确定可留空并在 notes 中说明。,,,,
pal_0547,india_saraga_0078,india_saraga_0079,india,india,Raag Bibhas,Raag Lalit,Raag Bibhas,Raag Lalit,E:\Desktop\Echo\storage\public\research_dataset_v3\india\audio\india_saraga_0078.mp3,E:\Desktop\Echo\storage\public\research_dataset_v3\india\audio\india_saraga_0079.mp3,,,1.545423984527588,culture_centroid_entropy,请判断这两首曲目是否适合放在同一个歌单或相近的听歌场景里。请根据整体氛围、情绪基调和节奏能量判断它们是否相似；不要根据国家、语言、乐器或标签直接下结论。若相似填 yes，不相似填 no，不确定可留空并在 notes 中说明。,,,,
pal_0548,india_saraga_0087,turkey_modern_0127,india,turkey,Raag Mian Malhar,,Raag Mian Malhar,,E:\Desktop\Echo\storage\public\research_dataset_v3\india\audio\india_saraga_0087.mp3,E:\Desktop\Echo\storage\public\research_dataset_v3\turkey\audio\turkey_modern_0127.mp3,,,1.545423984527588,culture_centroid_entropy,请判断这两首曲目是否适合放在同一个歌单或相近的听歌场景里。请根据整体氛围、情绪基调和节奏能量判断它们是否相似；不要根据国家、语言、乐器或标签直接下结论。若相似填 yes，不相似填 no，不确定可留空并在 notes 中说明。,,,,
pal_0549,italy_0078,germany_0043,italy,germany,"[137, 3, 9]",[17],Mai senza i Guanti,Mayfly,E:\Desktop\Echo\storage\public\research_dataset_v3\italy\audio\italy_0078.mp3,E:\Desktop\Echo\storage\public\research_dataset_v3\germany\audio\germany_0043.mp3,,,1.545423984527588,culture_centroid_entropy,请判断这两首曲目是否适合放在同一个歌单或相近的听歌场景里。请根据整体氛围、情绪基调和节奏能量判断它们是否相似；不要根据国家、语言、乐器或标签直接下结论。若相似填 yes，不相似填 no，不确定可留空并在 notes 中说明。,,,,
pal_0550,modern_english_pop_0073,great_britain_0089,modern_english_pop,great_britain,"['soundtrack', 'folk', 'pop', 'country']","[10, 76]",,Slap up breakfast,E:\Desktop\Echo\storage\public\research_dataset_v3\modern_english_pop\audio\modern_english_pop_0073.mp3,E:\Desktop\Echo\storage\public\research_dataset_v3\great_britain\audio\great_britain_0089.mp3,,,1.545423984527588,culture_centroid_entropy,请判断这两首曲目是否适合放在同一个歌单或相近的听歌场景里。请根据整体氛围、情绪基调和节奏能量判断它们是否相似；不要根据国家、语言、乐器或标签直接下结论。若相似填 yes，不相似填 no，不确定可留空并在 notes 中说明。,,,,
pal_0551,russia_0043,germany_0018,russia,germany,"[107, 1235]","[17, 107, 1235]",Halfway down the well (marengo version),Gabriel,E:\Desktop\Echo\storage\public\research_dataset_v3\russia\audio\russia_0043.mp3,E:\Desktop\Echo\storage\public\research_dataset_v3\germany\audio\germany_0018.mp3,,,1.545423984527588,culture_centroid_entropy,请判断这两首曲目是否适合放在同一个歌单或相近的听歌场景里。请根据整体氛围、情绪基调和节奏能量判断它们是否相似；不要根据国家、语言、乐器或标签直接下结论。若相似填 yes，不相似填 no，不确定可留空并在 notes 中说明。,,,,
pal_0552,russia_0060,france_0084,russia,france,"[103, 10, 362, 76, 17]","[10, 76]",Gvalt,Lounge Light,E:\Desktop\Echo\storage\public\research_dataset_v3\russia\audio\russia_0060.mp3,E:\Desktop\Echo\storage\public\research_dataset_v3\france\audio\france_0084.mp3,,,1.545423984527588,culture_centroid_entropy,请判断这两首曲目是否适合放在同一个歌单或相近的听歌场景里。请根据整体氛围、情绪基调和节奏能量判断它们是否相似；不要根据国家、语言、乐器或标签直接下结论。若相似填 yes，不相似填 no，不确定可留空并在 notes 中说明。,,,,
pal_0553,turkey_modern_0075,italy_0097,turkey,italy,,[4],,03 Ballata Del Felipe,E:\Desktop\Echo\storage\public\research_dataset_v3\turkey\audio\turkey_modern_0075.mp3,E:\Desktop\Echo\storage\public\research_dataset_v3\italy\audio\italy_0097.mp3,,,1.545423984527588,culture_centroid_entropy,请判断这两首曲目是否适合放在同一个歌单或相近的听歌场景里。请根据整体氛围、情绪基调和节奏能量判断它们是否相似；不要根据国家、语言、乐器或标签直接下结论。若相似填 yes，不相似填 no，不确定可留空并在 notes 中说明。,,,,
pal_0554,france_0000,germany_0000,france,germany,"[10, 3, 4]","[17, 3, 4]",Call me Dazie Mae,By By River,E:\Desktop\Echo\storage\public\research_dataset_v3\france\audio\france_0000.mp3,E:\Desktop\Echo\storage\public\research_dataset_v3\germany\audio\germany_0000.mp3,,,1.5454238653182983,culture_centroid_entropy,请判断这两首曲目是否适合放在同一个歌单或相近的听歌场景里。请根据整体氛围、情绪基调和节奏能量判断它们是否相似；不要根据国家、语言、乐器或标签直接下结论。若相似填 yes，不相似填 no，不确定可留空并在 notes 中说明。,,,,
pal_0555,russia_0049,turkey_modern_0045,russia,turkey,[],,Orphan Drug,,E:\Desktop\Echo\storage\public\research_dataset_v3\russia\audio\russia_0049.mp3,E:\Desktop\Echo\storage\public\research_dataset_v3\turkey\audio\turkey_modern_0045.mp3,,,1.5454238653182983,culture_centroid_entropy,请判断这两首曲目是否适合放在同一个歌单或相近的听歌场景里。请根据整体氛围、情绪基调和节奏能量判断它们是否相似；不要根据国家、语言、乐器或标签直接下结论。若相似填 yes，不相似填 no，不确定可留空并在 notes 中说明。,,,,
pal_0556,turkey_modern_0045,great_britain_0043,turkey,great_britain,,[],,Smallville,E:\Desktop\Echo\storage\public\research_dataset_v3\turkey\audio\turkey_modern_0045.mp3,E:\Desktop\Echo\storage\public\research_dataset_v3\great_britain\audio\great_britain_0043.mp3,,,1.5454238653182983,culture_centroid_entropy,请判断这两首曲目是否适合放在同一个歌单或相近的听歌场景里。请根据整体氛围、情绪基调和节奏能量判断它们是否相似；不要根据国家、语言、乐器或标签直接下结论。若相似填 yes，不相似填 no，不确定可留空并在 notes 中说明。,,,,
pal_0557,turkey_modern_0050,russia_0082,turkey,russia,,"[107, 18, 1235, 5]",,Destroyer,E:\Desktop\Echo\storage\public\research_dataset_v3\turkey\audio\turkey_modern_0050.mp3,E:\Desktop\Echo\storage\public\research_dataset_v3\russia\audio\russia_0082.mp3,,,1.5454238653182983,culture_centroid_entropy,请判断这两首曲目是否适合放在同一个歌单或相近的听歌场景里。请根据整体氛围、情绪基调和节奏能量判断它们是否相似；不要根据国家、语言、乐器或标签直接下结论。若相似填 yes，不相似填 no，不确定可留空并在 notes 中说明。,,,,
pal_0558,modern_english_pop_0070,india_saraga_0065,modern_english_pop,india,"['pop', 'instrumentalpop']",Raag Hameer,,Raag Hameer,E:\Desktop\Echo\storage\public\research_dataset_v3\modern_english_pop\audio\modern_english_pop_0070.mp3,E:\Desktop\Echo\storage\public\research_dataset_v3\india\audio\india_saraga_0065.mp3,,,1.5396554470062256,culture_centroid_entropy,请判断这两首曲目是否适合放在同一个歌单或相近的听歌场景里。请根据整体氛围、情绪基调和节奏能量判断它们是否相似；不要根据国家、语言、乐器或标签直接下结论。若相似填 yes，不相似填 no，不确定可留空并在 notes 中说明。,,,,
pal_0559,china_jingju_0005,china_jingju_0033,china,china,dafeh,daxp,Bi_yun_tian,Meng_ting_de,E:\Desktop\Echo\storage\public\research_dataset_v3\china\audio\china_jingju_0005.wav,E:\Desktop\Echo\storage\public\research_dataset_v3\china\audio\china_jingju_0033.wav,,,1.539655327796936,culture_centroid_entropy,请判断这两首曲目是否适合放在同一个歌单或相近的听歌场景里。请根据整体氛围、情绪基调和节奏能量判断它们是否相似；不要根据国家、语言、乐器或标签直接下结论。若相似填 yes，不相似填 no，不确定可留空并在 notes 中说明。,,,,
pal_0560,france_0070,france_0102,france,france,"[179, 4]","[179, 4]",Rythme Gitan,Swing 39,E:\Desktop\Echo\storage\public\research_dataset_v3\france\audio\france_0070.mp3,E:\Desktop\Echo\storage\public\research_dataset_v3\france\audio\france_0102.mp3,,,1.539655327796936,culture_centroid_entropy,请判断这两首曲目是否适合放在同一个歌单或相近的听歌场景里。请根据整体氛围、情绪基调和节奏能量判断它们是否相似；不要根据国家、语言、乐器或标签直接下结论。若相似填 yes，不相似填 no，不确定可留空并在 notes 中说明。,,,,
pal_0561,france_0071,france_0024,france,france,[4],[4],Dewey Square,Sandu,E:\Desktop\Echo\storage\public\research_dataset_v3\france\audio\france_0071.mp3,E:\Desktop\Echo\storage\public\research_dataset_v3\france\audio\france_0024.mp3,,,1.539655327796936,culture_centroid_entropy,请判断这两首曲目是否适合放在同一个歌单或相近的听歌场景里。请根据整体氛围、情绪基调和节奏能量判断它们是否相似；不要根据国家、语言、乐器或标签直接下结论。若相似填 yes，不相似填 no，不确定可留空并在 notes 中说明。,,,,
pal_0562,germany_0082,germany_0080,germany,germany,"[3, 4, 107, 17, 1235]","[17, 3, 651, 9]",High Valley Hometown (ID 396),Wanted Joe Carson (ID 394),E:\Desktop\Echo\storage\public\research_dataset_v3\germany\audio\germany_0082.mp3,E:\Desktop\Echo\storage\public\research_dataset_v3\germany\audio\germany_0080.mp3,,,1.539655327796936,culture_centroid_entropy,请判断这两首曲目是否适合放在同一个歌单或相近的听歌场景里。请根据整体氛围、情绪基调和节奏能量判断它们是否相似；不要根据国家、语言、乐器或标签直接下结论。若相似填 yes，不相似填 no，不确定可留空并在 notes 中说明。,,,,
pal_0563,germany_0102,germany_0104,germany,germany,"[17, 3, 4, 103]","[17, 3, 4, 103]",Uncredibble Frog River Route,ICE Meltdown,E:\Desktop\Echo\storage\public\research_dataset_v3\germany\audio\germany_0102.mp3,E:\Desktop\Echo\storage\public\research_dataset_v3\germany\audio\germany_0104.mp3,,,1.539655327796936,culture_centroid_entropy,请判断这两首曲目是否适合放在同一个歌单或相近的听歌场景里。请根据整体氛围、情绪基调和节奏能量判断它们是否相似；不要根据国家、语言、乐器或标签直接下结论。若相似填 yes，不相似填 no，不确定可留空并在 notes 中说明。,,,,
pal_0564,india_saraga_0008,india_saraga_0007,india,india,Raag Lalita Gauri,Raag Komal Rishav Aasavari,Raag Lalita Gauri,Raag Komal Rishav Aasavari,E:\Desktop\Echo\storage\public\research_dataset_v3\india\audio\india_saraga_0008.mp3,E:\Desktop\Echo\storage\public\research_dataset_v3\india\audio\india_saraga_0007.mp3,,,1.539655327796936,culture_centroid_entropy,请判断这两首曲目是否适合放在同一个歌单或相近的听歌场景里。请根据整体氛围、情绪基调和节奏能量判断它们是否相似；不要根据国家、语言、乐器或标签直接下结论。若相似填 yes，不相似填 no，不确定可留空并在 notes 中说明。,,,,
pal_0565,india_saraga_0045,india_saraga_0090,india,india,Raag Ahir Bhairon,Raag Ramdasi Malhar,Raag Ahir Bhairon,Raag Ramdasi Malhar,E:\Desktop\Echo\storage\public\research_dataset_v3\india\audio\india_saraga_0045.mp3,E:\Desktop\Echo\storage\public\research_dataset_v3\india\audio\india_saraga_0090.mp3,,,1.539655327796936,culture_centroid_entropy,请判断这两首曲目是否适合放在同一个歌单或相近的听歌场景里。请根据整体氛围、情绪基调和节奏能量判断它们是否相似；不要根据国家、语言、乐器或标签直接下结论。若相似填 yes，不相似填 no，不确定可留空并在 notes 中说明。,,,,
pal_0566,indonesia_gamelan_0054,indonesia_gamelan_0053,indonesia,indonesia,orchestra/target,orchestra/target,,,E:\Desktop\Echo\storage\public\research_dataset_v3\indonesia\audio\indonesia_gamelan_0054.wav,E:\Desktop\Echo\storage\public\research_dataset_v3\indonesia\audio\indonesia_gamelan_0053.wav,,,1.539655327796936,culture_centroid_entropy,请判断这两首曲目是否适合放在同一个歌单或相近的听歌场景里。请根据整体氛围、情绪基调和节奏能量判断它们是否相似；不要根据国家、语言、乐器或标签直接下结论。若相似填 yes，不相似填 no，不确定可留空并在 notes 中说明。,,,,
pal_0567,turkey_modern_0018,russia_0048,turkey,russia,,"[10, 76]",,27 (Full Version),E:\Desktop\Echo\storage\public\research_dataset_v3\turkey\audio\turkey_modern_0018.mp3,E:\Desktop\Echo\storage\public\research_dataset_v3\russia\audio\russia_0048.mp3,,,1.539655327796936,culture_centroid_entropy,请判断这两首曲目是否适合放在同一个歌单或相近的听歌场景里。请根据整体氛围、情绪基调和节奏能量判断它们是否相似；不要根据国家、语言、乐器或标签直接下结论。若相似填 yes，不相似填 no，不确定可留空并在 notes 中说明。,,,,
pal_0568,turkey_modern_0099,great_britain_0022,turkey,great_britain,,"[10, 76]",,danse macabre,E:\Desktop\Echo\storage\public\research_dataset_v3\turkey\audio\turkey_modern_0099.mp3,E:\Desktop\Echo\storage\public\research_dataset_v3\great_britain\audio\great_britain_0022.mp3,,,1.539655327796936,culture_centroid_entropy,请判断这两首曲目是否适合放在同一个歌单或相近的听歌场景里。请根据整体氛围、情绪基调和节奏能量判断它们是否相似；不要根据国家、语言、乐器或标签直接下结论。若相似填 yes，不相似填 no，不确定可留空并在 notes 中说明。,,,,
pal_0569,china_jingju_0044,china_jingju_0049,china,china,xixiangji_luanchouduo,zhuangyuanmei_daocishi,xixiangji_luanchouduo,zhuangyuanmei_daocishi,E:\Desktop\Echo\storage\public\research_dataset_v3\china\audio\china_jingju_0044.wav,E:\Desktop\Echo\storage\public\research_dataset_v3\china\audio\china_jingju_0049.wav,,,1.5396552085876465,culture_centroid_entropy,请判断这两首曲目是否适合放在同一个歌单或相近的听歌场景里。请根据整体氛围、情绪基调和节奏能量判断它们是否相似；不要根据国家、语言、乐器或标签直接下结论。若相似填 yes，不相似填 no，不确定可留空并在 notes 中说明。,,,,
pal_0570,italy_0091,germany_0034,italy,germany,[4],"[538, 18, 1235]",Sadio,Bye Bye Altai,E:\Desktop\Echo\storage\public\research_dataset_v3\italy\audio\italy_0091.mp3,E:\Desktop\Echo\storage\public\research_dataset_v3\germany\audio\germany_0034.mp3,,,1.5396552085876465,culture_centroid_entropy,请判断这两首曲目是否适合放在同一个歌单或相近的听歌场景里。请根据整体氛围、情绪基调和节奏能量判断它们是否相似；不要根据国家、语言、乐器或标签直接下结论。若相似填 yes，不相似填 no，不确定可留空并在 notes 中说明。,,,,
pal_0571,modern_english_pop_0050,modern_english_pop_0048,modern_english_pop,modern_english_pop,"['folk', 'instrumentalpop']","['folk', 'instrumentalpop']",,,E:\Desktop\Echo\storage\public\research_dataset_v3\modern_english_pop\audio\modern_english_pop_0050.mp3,E:\Desktop\Echo\storage\public\research_dataset_v3\modern_english_pop\audio\modern_english_pop_0048.mp3,,,1.5396552085876465,culture_centroid_entropy,请判断这两首曲目是否适合放在同一个歌单或相近的听歌场景里。请根据整体氛围、情绪基调和节奏能量判断它们是否相似；不要根据国家、语言、乐器或标签直接下结论。若相似填 yes，不相似填 no，不确定可留空并在 notes 中说明。,,,,
pal_0572,russia_0004,india_saraga_0097,russia,india,"[107, 1235]",Raag Shree,Manetar,Raag Shree,E:\Desktop\Echo\storage\public\research_dataset_v3\russia\audio\russia_0004.mp3,E:\Desktop\Echo\storage\public\research_dataset_v3\india\audio\india_saraga_0097.mp3,,,1.5396552085876465,culture_centroid_entropy,请判断这两首曲目是否适合放在同一个歌单或相近的听歌场景里。请根据整体氛围、情绪基调和节奏能量判断它们是否相似；不要根据国家、语言、乐器或标签直接下结论。若相似填 yes，不相似填 no，不确定可留空并在 notes 中说明。,,,,
pal_0573,russia_0074,france_0101,russia,france,"[107, 5, 1235]","[33, 17, 94]",Naive,10 Acres of the Finest Sand,E:\Desktop\Echo\storage\public\research_dataset_v3\russia\audio\russia_0074.mp3,E:\Desktop\Echo\storage\public\research_dataset_v3\france\audio\france_0101.mp3,,,1.5396552085876465,culture_centroid_entropy,请判断这两首曲目是否适合放在同一个歌单或相近的听歌场景里。请根据整体氛围、情绪基调和节奏能量判断它们是否相似；不要根据国家、语言、乐器或标签直接下结论。若相似填 yes，不相似填 no，不确定可留空并在 notes 中说明。,,,,
pal_0574,turkey_modern_0052,germany_0034,turkey,germany,,"[538, 18, 1235]",,Bye Bye Altai,E:\Desktop\Echo\storage\public\research_dataset_v3\turkey\audio\turkey_modern_0052.mp3,E:\Desktop\Echo\storage\public\research_dataset_v3\germany\audio\germany_0034.mp3,,,1.5396552085876465,culture_centroid_entropy,请判断这两首曲目是否适合放在同一个歌单或相近的听歌场景里。请根据整体氛围、情绪基调和节奏能量判断它们是否相似；不要根据国家、语言、乐器或标签直接下结论。若相似填 yes，不相似填 no，不确定可留空并在 notes 中说明。,,,,
pal_0575,china_ctis_0007,russia_0038,china,russia,L0085,"[103, 10, 362, 76, 17]",奚琴(改良),Priroda,E:\Desktop\Echo\storage\public\research_dataset_v3\china\audio\china_ctis_0007.wav,E:\Desktop\Echo\storage\public\research_dataset_v3\russia\audio\russia_0038.mp3,,,1.5171074867248535,culture_centroid_entropy,请判断这两首曲目是否适合放在同一个歌单或相近的听歌场景里。请根据整体氛围、情绪基调和节奏能量判断它们是否相似；不要根据国家、语言、乐器或标签直接下结论。若相似填 yes，不相似填 no，不确定可留空并在 notes 中说明。,,,,
pal_0576,china_ctis_0035,china_ctis_0031,china,china,T0302,T0302,傈傈族奇奔,傈傈族奇奔,E:\Desktop\Echo\storage\public\research_dataset_v3\china\audio\china_ctis_0035.wav,E:\Desktop\Echo\storage\public\research_dataset_v3\china\audio\china_ctis_0031.wav,,,1.5171074867248535,culture_centroid_entropy,请判断这两首曲目是否适合放在同一个歌单或相近的听歌场景里。请根据整体氛围、情绪基调和节奏能量判断它们是否相似；不要根据国家、语言、乐器或标签直接下结论。若相似填 yes，不相似填 no，不确定可留空并在 notes 中说明。,,,,
pal_0577,china_ctis_0051,great_britain_0083,china,great_britain,C0090,"[10, 76]",大笒,Over The Lust And Greed,E:\Desktop\Echo\storage\public\research_dataset_v3\china\audio\china_ctis_0051.wav,E:\Desktop\Echo\storage\public\research_dataset_v3\great_britain\audio\great_britain_0083.mp3,,,1.5171074867248535,culture_centroid_entropy,请判断这两首曲目是否适合放在同一个歌单或相近的听歌场景里。请根据整体氛围、情绪基调和节奏能量判断它们是否相似；不要根据国家、语言、乐器或标签直接下结论。若相似填 yes，不相似填 no，不确定可留空并在 notes 中说明。,,,,
pal_0578,france_0021,china_opencpop_0029,france,china,"[9, 137, 169]",mandarin_pop,Staphylococcus blues,外面的世界,E:\Desktop\Echo\storage\public\research_dataset_v3\france\audio\france_0021.mp3,E:\Desktop\Echo\storage\public\research_dataset_v3\china\audio\china_opencpop_0029.wav,,,1.5171074867248535,culture_centroid_entropy,请判断这两首曲目是否适合放在同一个歌单或相近的听歌场景里。请根据整体氛围、情绪基调和节奏能量判断它们是否相似；不要根据国家、语言、乐器或标签直接下结论。若相似填 yes，不相似填 no，不确定可留空并在 notes 中说明。,,,,
pal_0579,france_0029,france_0035,france,france,[3],[],Concatenation,nigtfallleague,E:\Desktop\Echo\storage\public\research_dataset_v3\france\audio\france_0029.mp3,E:\Desktop\Echo\storage\public\research_dataset_v3\france\audio\france_0035.mp3,,,1.5171074867248535,culture_centroid_entropy,请判断这两首曲目是否适合放在同一个歌单或相近的听歌场景里。请根据整体氛围、情绪基调和节奏能量判断它们是否相似；不要根据国家、语言、乐器或标签直接下结论。若相似填 yes，不相似填 no，不确定可留空并在 notes 中说明。,,,,
pal_0580,france_0038,france_0072,france,france,"[538, 18, 1235]","[10, 76]",Tartine De Contrebasse,Dites 33,E:\Desktop\Echo\storage\public\research_dataset_v3\france\audio\france_0038.mp3,E:\Desktop\Echo\storage\public\research_dataset_v3\france\audio\france_0072.mp3,,,1.5171074867248535,culture_centroid_entropy,请判断这两首曲目是否适合放在同一个歌单或相近的听歌场景里。请根据整体氛围、情绪基调和节奏能量判断它们是否相似；不要根据国家、语言、乐器或标签直接下结论。若相似填 yes，不相似填 no，不确定可留空并在 notes 中说明。,,,,
pal_0581,france_0047,france_0079,france,france,"[9, 4, 37]","[9, 4, 37]",The Demon Inside Your Head,The Dice Man,E:\Desktop\Echo\storage\public\research_dataset_v3\france\audio\france_0047.mp3,E:\Desktop\Echo\storage\public\research_dataset_v3\france\audio\france_0079.mp3,,,1.5171074867248535,culture_centroid_entropy,请判断这两首曲目是否适合放在同一个歌单或相近的听歌场景里。请根据整体氛围、情绪基调和节奏能量判断它们是否相似；不要根据国家、语言、乐器或标签直接下结论。若相似填 yes，不相似填 no，不确定可留空并在 notes 中说明。,,,,
pal_0582,france_0079,france_0047,france,france,"[9, 4, 37]","[9, 4, 37]",The Dice Man,The Demon Inside Your Head,E:\Desktop\Echo\storage\public\research_dataset_v3\france\audio\france_0079.mp3,E:\Desktop\Echo\storage\public\research_dataset_v3\france\audio\france_0047.mp3,,,1.5171074867248535,culture_centroid_entropy,请判断这两首曲目是否适合放在同一个歌单或相近的听歌场景里。请根据整体氛围、情绪基调和节奏能量判断它们是否相似；不要根据国家、语言、乐器或标签直接下结论。若相似填 yes，不相似填 no，不确定可留空并在 notes 中说明。,,,,
pal_0583,france_0101,germany_0062,france,germany,"[33, 17, 94]","[18, 1235]",10 Acres of the Finest Sand,The Ziggurat,E:\Desktop\Echo\storage\public\research_dataset_v3\france\audio\france_0101.mp3,E:\Desktop\Echo\storage\public\research_dataset_v3\germany\audio\germany_0062.mp3,,,1.5171074867248535,culture_centroid_entropy,请判断这两首曲目是否适合放在同一个歌单或相近的听歌场景里。请根据整体氛围、情绪基调和节奏能量判断它们是否相似；不要根据国家、语言、乐器或标签直接下结论。若相似填 yes，不相似填 no，不确定可留空并在 notes 中说明。,,,,
pal_0584,germany_0048,france_0050,germany,france,"[10, 76]","[17, 10, 103]",Hence Chance,Run for your Life,E:\Desktop\Echo\storage\public\research_dataset_v3\germany\audio\germany_0048.mp3,E:\Desktop\Echo\storage\public\research_dataset_v3\france\audio\france_0050.mp3,,,1.5171074867248535,culture_centroid_entropy,请判断这两首曲目是否适合放在同一个歌单或相近的听歌场景里。请根据整体氛围、情绪基调和节奏能量判断它们是否相似；不要根据国家、语言、乐器或标签直接下结论。若相似填 yes，不相似填 no，不确定可留空并在 notes 中说明。,,,,
pal_0585,germany_0050,great_britain_0034,germany,great_britain,"[18, 1235]",[17],Land Legs,You Don't Know How Lucky You Are,E:\Desktop\Echo\storage\public\research_dataset_v3\germany\audio\germany_0050.mp3,E:\Desktop\Echo\storage\public\research_dataset_v3\great_britain\audio\great_britain_0034.mp3,,,1.5171074867248535,culture_centroid_entropy,请判断这两首曲目是否适合放在同一个歌单或相近的听歌场景里。请根据整体氛围、情绪基调和节奏能量判断它们是否相似；不要根据国家、语言、乐器或标签直接下结论。若相似填 yes，不相似填 no，不确定可留空并在 notes 中说明。,,,,
pal_0586,germany_0080,germany_0082,germany,germany,"[17, 3, 651, 9]","[3, 4, 107, 17, 1235]",Wanted Joe Carson (ID 394),High Valley Hometown (ID 396),E:\Desktop\Echo\storage\public\research_dataset_v3\germany\audio\germany_0080.mp3,E:\Desktop\Echo\storage\public\research_dataset_v3\germany\audio\germany_0082.mp3,,,1.5171074867248535,culture_centroid_entropy,请判断这两首曲目是否适合放在同一个歌单或相近的听歌场景里。请根据整体氛围、情绪基调和节奏能量判断它们是否相似；不要根据国家、语言、乐器或标签直接下结论。若相似填 yes，不相似填 no，不确定可留空并在 notes 中说明。,,,,
pal_0587,germany_0088,russia_0035,germany,russia,"[4, 107, 13, 1235, 311]","[1235, 5]",Others Always (ID 370),Screaming Silence,E:\Desktop\Echo\storage\public\research_dataset_v3\germany\audio\germany_0088.mp3,E:\Desktop\Echo\storage\public\research_dataset_v3\russia\audio\russia_0035.mp3,,,1.5171074867248535,culture_centroid_entropy,请判断这两首曲目是否适合放在同一个歌单或相近的听歌场景里。请根据整体氛围、情绪基调和节奏能量判断它们是否相似；不要根据国家、语言、乐器或标签直接下结论。若相似填 yes，不相似填 no，不确定可留空并在 notes 中说明。,,,,
pal_0588,indonesia_gamelan_0000,indonesia_gamelan_0042,indonesia,indonesia,orchestra/mixture,orchestra/target,,,E:\Desktop\Echo\storage\public\research_dataset_v3\indonesia\audio\indonesia_gamelan_0000.wav,E:\Desktop\Echo\storage\public\research_dataset_v3\indonesia\audio\indonesia_gamelan_0042.wav,,,1.5171074867248535,culture_centroid_entropy,请判断这两首曲目是否适合放在同一个歌单或相近的听歌场景里。请根据整体氛围、情绪基调和节奏能量判断它们是否相似；不要根据国家、语言、乐器或标签直接下结论。若相似填 yes，不相似填 no，不确定可留空并在 notes 中说明。,,,,
pal_0589,indonesia_gamelan_0042,india_saraga_0006,indonesia,india,orchestra/target,Raag Khokar,,Raag Khokar,E:\Desktop\Echo\storage\public\research_dataset_v3\indonesia\audio\indonesia_gamelan_0042.wav,E:\Desktop\Echo\storage\public\research_dataset_v3\india\audio\india_saraga_0006.mp3,,,1.5171074867248535,culture_centroid_entropy,请判断这两首曲目是否适合放在同一个歌单或相近的听歌场景里。请根据整体氛围、情绪基调和节奏能量判断它们是否相似；不要根据国家、语言、乐器或标签直接下结论。若相似填 yes，不相似填 no，不确定可留空并在 notes 中说明。,,,,
pal_0590,italy_0005,great_britain_0044,italy,great_britain,[4],[3],Balzi Mossi (Mozambiguo),Dog With the No-Bone Blues,E:\Desktop\Echo\storage\public\research_dataset_v3\italy\audio\italy_0005.mp3,E:\Desktop\Echo\storage\public\research_dataset_v3\great_britain\audio\great_britain_0044.mp3,,,1.5171074867248535,culture_centroid_entropy,请判断这两首曲目是否适合放在同一个歌单或相近的听歌场景里。请根据整体氛围、情绪基调和节奏能量判断它们是否相似；不要根据国家、语言、乐器或标签直接下结论。若相似填 yes，不相似填 no，不确定可留空并在 notes 中说明。,,,,
pal_0591,italy_0036,indonesia_gamelan_0014,italy,indonesia,"[17, 3]",orchestra/target,Introduction,,E:\Desktop\Echo\storage\public\research_dataset_v3\italy\audio\italy_0036.mp3,E:\Desktop\Echo\storage\public\research_dataset_v3\indonesia\audio\indonesia_gamelan_0014.wav,,,1.5171074867248535,culture_centroid_entropy,请判断这两首曲目是否适合放在同一个歌单或相近的听歌场景里。请根据整体氛围、情绪基调和节奏能量判断它们是否相似；不要根据国家、语言、乐器或标签直接下结论。若相似填 yes，不相似填 no，不确定可留空并在 notes 中说明。,,,,
pal_0592,italy_0049,russia_0044,italy,russia,[4],"[10, 76]",Land-escape,Intro Monstro Crescendo,E:\Desktop\Echo\storage\public\research_dataset_v3\italy\audio\italy_0049.mp3,E:\Desktop\Echo\storage\public\research_dataset_v3\russia\audio\russia_0044.mp3,,,1.5171074867248535,culture_centroid_entropy,请判断这两首曲目是否适合放在同一个歌单或相近的听歌场景里。请根据整体氛围、情绪基调和节奏能量判断它们是否相似；不要根据国家、语言、乐器或标签直接下结论。若相似填 yes，不相似填 no，不确定可留空并在 notes 中说明。,,,,
pal_0593,italy_0055,china_opencpop_0016,italy,china,[13],mandarin_pop,The Mountain's Lament,尘埃,E:\Desktop\Echo\storage\public\research_dataset_v3\italy\audio\italy_0055.mp3,E:\Desktop\Echo\storage\public\research_dataset_v3\china\audio\china_opencpop_0016.wav,,,1.5171074867248535,culture_centroid_entropy,请判断这两首曲目是否适合放在同一个歌单或相近的听歌场景里。请根据整体氛围、情绪基调和节奏能量判断它们是否相似；不要根据国家、语言、乐器或标签直接下结论。若相似填 yes，不相似填 no，不确定可留空并在 notes 中说明。,,,,
pal_0594,italy_0084,china_jingju_0055,italy,china,"[137, 9]",lseh,Il Passato Ha Gli Zoccoli,Wei_guo_jia,E:\Desktop\Echo\storage\public\research_dataset_v3\italy\audio\italy_0084.mp3,E:\Desktop\Echo\storage\public\research_dataset_v3\china\audio\china_jingju_0055.wav,,,1.5171074867248535,culture_centroid_entropy,请判断这两首曲目是否适合放在同一个歌单或相近的听歌场景里。请根据整体氛围、情绪基调和节奏能量判断它们是否相似；不要根据国家、语言、乐器或标签直接下结论。若相似填 yes，不相似填 no，不确定可留空并在 notes 中说明。,,,,
pal_0595,modern_english_pop_0005,modern_english_pop_0012,modern_english_pop,modern_english_pop,"['folk', 'pop']","['pop', 'minimal']",,,E:\Desktop\Echo\storage\public\research_dataset_v3\modern_english_pop\audio\modern_english_pop_0005.mp3,E:\Desktop\Echo\storage\public\research_dataset_v3\modern_english_pop\audio\modern_english_pop_0012.mp3,,,1.5171074867248535,culture_centroid_entropy,请判断这两首曲目是否适合放在同一个歌单或相近的听歌场景里。请根据整体氛围、情绪基调和节奏能量判断它们是否相似；不要根据国家、语言、乐器或标签直接下结论。若相似填 yes，不相似填 no，不确定可留空并在 notes 中说明。,,,,
pal_0596,modern_english_pop_0086,modern_english_pop_0078,modern_english_pop,modern_english_pop,"['folk', 'pop', 'popfolk']","['reggae', 'popfolk', 'alternative']",,,E:\Desktop\Echo\storage\public\research_dataset_v3\modern_english_pop\audio\modern_english_pop_0086.mp3,E:\Desktop\Echo\storage\public\research_dataset_v3\modern_english_pop\audio\modern_english_pop_0078.mp3,,,1.5171074867248535,culture_centroid_entropy,请判断这两首曲目是否适合放在同一个歌单或相近的听歌场景里。请根据整体氛围、情绪基调和节奏能量判断它们是否相似；不要根据国家、语言、乐器或标签直接下结论。若相似填 yes，不相似填 no，不确定可留空并在 notes 中说明。,,,,
pal_0597,russia_0011,france_0064,russia,france,"[267, 1235]","[267, 1235]",Autumnal Time,Transe animale,E:\Desktop\Echo\storage\public\research_dataset_v3\russia\audio\russia_0011.mp3,E:\Desktop\Echo\storage\public\research_dataset_v3\france\audio\france_0064.mp3,,,1.5171074867248535,culture_centroid_entropy,请判断这两首曲目是否适合放在同一个歌单或相近的听歌场景里。请根据整体氛围、情绪基调和节奏能量判断它们是否相似；不要根据国家、语言、乐器或标签直接下结论。若相似填 yes，不相似填 no，不确定可留空并在 notes 中说明。,,,,
pal_0598,turkey_modern_0041,turkey_modern_0066,turkey,turkey,,,,,E:\Desktop\Echo\storage\public\research_dataset_v3\turkey\audio\turkey_modern_0041.mp3,E:\Desktop\Echo\storage\public\research_dataset_v3\turkey\audio\turkey_modern_0066.mp3,,,1.5171074867248535,culture_centroid_entropy,请判断这两首曲目是否适合放在同一个歌单或相近的听歌场景里。请根据整体氛围、情绪基调和节奏能量判断它们是否相似；不要根据国家、语言、乐器或标签直接下结论。若相似填 yes，不相似填 no，不确定可留空并在 notes 中说明。,,,,
pal_0599,turkey_modern_0107,italy_0101,turkey,italy,,[4],,05 Adkezin,E:\Desktop\Echo\storage\public\research_dataset_v3\turkey\audio\turkey_modern_0107.mp3,E:\Desktop\Echo\storage\public\research_dataset_v3\italy\audio\italy_0101.mp3,,,1.5171074867248535,culture_centroid_entropy,请判断这两首曲目是否适合放在同一个歌单或相近的听歌场景里。请根据整体氛围、情绪基调和节奏能量判断它们是否相似；不要根据国家、语言、乐器或标签直接下结论。若相似填 yes，不相似填 no，不确定可留空并在 notes 中说明。,,,,
pal_0600,turkey_modern_0114,china_opencpop_0006,turkey,china,,mandarin_pop,,走马,E:\Desktop\Echo\storage\public\research_dataset_v3\turkey\audio\turkey_modern_0114.mp3,E:\Desktop\Echo\storage\public\research_dataset_v3\china\audio\china_opencpop_0006.wav,,,1.5171074867248535,culture_centroid_entropy,请判断这两首曲目是否适合放在同一个歌单或相近的听歌场景里。请根据整体氛围、情绪基调和节奏能量判断它们是否相似；不要根据国家、语言、乐器或标签直接下结论。若相似填 yes，不相似填 no，不确定可留空并在 notes 中说明。,,,,
pal_0601,china_jingju_0022,great_britain_0043,china,great_britain,daxp,[],Chun_qiu_ting,Smallville,E:\Desktop\Echo\storage\public\research_dataset_v3\china\audio\china_jingju_0022.wav,E:\Desktop\Echo\storage\public\research_dataset_v3\great_britain\audio\great_britain_0043.mp3,,,1.517107367515564,culture_centroid_entropy,请判断这两首曲目是否适合放在同一个歌单或相近的听歌场景里。请根据整体氛围、情绪基调和节奏能量判断它们是否相似；不要根据国家、语言、乐器或标签直接下结论。若相似填 yes，不相似填 no，不确定可留空并在 notes 中说明。,,,,
pal_0602,france_0063,france_0070,france,france,[17],"[179, 4]",Softens The Blow,Rythme Gitan,E:\Desktop\Echo\storage\public\research_dataset_v3\france\audio\france_0063.mp3,E:\Desktop\Echo\storage\public\research_dataset_v3\france\audio\france_0070.mp3,,,1.517107367515564,culture_centroid_entropy,请判断这两首曲目是否适合放在同一个歌单或相近的听歌场景里。请根据整体氛围、情绪基调和节奏能量判断它们是否相似；不要根据国家、语言、乐器或标签直接下结论。若相似填 yes，不相似填 no，不确定可留空并在 notes 中说明。,,,,
pal_0603,germany_0026,italy_0101,germany,italy,"[810, 13]",[4],Whaledive,05 Adkezin,E:\Desktop\Echo\storage\public\research_dataset_v3\germany\audio\germany_0026.mp3,E:\Desktop\Echo\storage\public\research_dataset_v3\italy\audio\italy_0101.mp3,,,1.517107367515564,culture_centroid_entropy,请判断这两首曲目是否适合放在同一个歌单或相近的听歌场景里。请根据整体氛围、情绪基调和节奏能量判断它们是否相似；不要根据国家、语言、乐器或标签直接下结论。若相似填 yes，不相似填 no，不确定可留空并在 notes 中说明。,,,,
pal_0604,germany_0029,russia_0056,germany,russia,"[538, 18, 1235]","[107, 18, 1235]",Humiliating The Distorted (Live @ Cologne Commons 2010),Finale,E:\Desktop\Echo\storage\public\research_dataset_v3\germany\audio\germany_0029.mp3,E:\Desktop\Echo\storage\public\research_dataset_v3\russia\audio\russia_0056.mp3,,,1.517107367515564,culture_centroid_entropy,请判断这两首曲目是否适合放在同一个歌单或相近的听歌场景里。请根据整体氛围、情绪基调和节奏能量判断它们是否相似；不要根据国家、语言、乐器或标签直接下结论。若相似填 yes，不相似填 no，不确定可留空并在 notes 中说明。,,,,
pal_0605,germany_0044,turkey_modern_0034,germany,turkey,"[107, 1235]",,Salam'ander,,E:\Desktop\Echo\storage\public\research_dataset_v3\germany\audio\germany_0044.mp3,E:\Desktop\Echo\storage\public\research_dataset_v3\turkey\audio\turkey_modern_0034.mp3,,,1.517107367515564,culture_centroid_entropy,请判断这两首曲目是否适合放在同一个歌单或相近的听歌场景里。请根据整体氛围、情绪基调和节奏能量判断它们是否相似；不要根据国家、语言、乐器或标签直接下结论。若相似填 yes，不相似填 no，不确定可留空并在 notes 中说明。,,,,
pal_0606,india_saraga_0002,india_saraga_0005,india,india,Raag Hindol Pancham,Raag Khat Todi,Raag Hindol Pancham,Raag Khat Todi,E:\Desktop\Echo\storage\public\research_dataset_v3\india\audio\india_saraga_0002.mp3,E:\Desktop\Echo\storage\public\research_dataset_v3\india\audio\india_saraga_0005.mp3,,,1.517107367515564,culture_centroid_entropy,请判断这两首曲目是否适合放在同一个歌单或相近的听歌场景里。请根据整体氛围、情绪基调和节奏能量判断它们是否相似；不要根据国家、语言、乐器或标签直接下结论。若相似填 yes，不相似填 no，不确定可留空并在 notes 中说明。,,,,
pal_0607,indonesia_gamelan_0007,indonesia_gamelan_0003,indonesia,indonesia,orchestra/mixture,orchestra/mixture,,,E:\Desktop\Echo\storage\public\research_dataset_v3\indonesia\audio\indonesia_gamelan_0007.wav,E:\Desktop\Echo\storage\public\research_dataset_v3\indonesia\audio\indonesia_gamelan_0003.wav,,,1.517107367515564,culture_centroid_entropy,请判断这两首曲目是否适合放在同一个歌单或相近的听歌场景里。请根据整体氛围、情绪基调和节奏能量判断它们是否相似；不要根据国家、语言、乐器或标签直接下结论。若相似填 yes，不相似填 no，不确定可留空并在 notes 中说明。,,,,
pal_0608,italy_0009,russia_0083,italy,russia,"[267, 1235]","[18, 1235]",Frammenti,North,E:\Desktop\Echo\storage\public\research_dataset_v3\italy\audio\italy_0009.mp3,E:\Desktop\Echo\storage\public\research_dataset_v3\russia\audio\russia_0083.mp3,,,1.517107367515564,culture_centroid_entropy,请判断这两首曲目是否适合放在同一个歌单或相近的听歌场景里。请根据整体氛围、情绪基调和节奏能量判断它们是否相似；不要根据国家、语言、乐器或标签直接下结论。若相似填 yes，不相似填 no，不确定可留空并在 notes 中说明。,,,,
pal_0609,italy_0015,russia_0079,italy,russia,[10],"[107, 18, 1235, 5]","""Young at Heart""",The Loneliness,E:\Desktop\Echo\storage\public\research_dataset_v3\italy\audio\italy_0015.mp3,E:\Desktop\Echo\storage\public\research_dataset_v3\russia\audio\russia_0079.mp3,,,1.517107367515564,culture_centroid_entropy,请判断这两首曲目是否适合放在同一个歌单或相近的听歌场景里。请根据整体氛围、情绪基调和节奏能量判断它们是否相似；不要根据国家、语言、乐器或标签直接下结论。若相似填 yes，不相似填 no，不确定可留空并在 notes 中说明。,,,,
pal_0610,italy_0101,russia_0033,italy,russia,[4],"[74, 4]",05 Adkezin,VII,E:\Desktop\Echo\storage\public\research_dataset_v3\italy\audio\italy_0101.mp3,E:\Desktop\Echo\storage\public\research_dataset_v3\russia\audio\russia_0033.mp3,,,1.517107367515564,culture_centroid_entropy,请判断这两首曲目是否适合放在同一个歌单或相近的听歌场景里。请根据整体氛围、情绪基调和节奏能量判断它们是否相似；不要根据国家、语言、乐器或标签直接下结论。若相似填 yes，不相似填 no，不确定可留空并在 notes 中说明。,,,,
pal_0611,russia_0067,great_britain_0020,russia,great_britain,"[19, 11, 4, 14]","[1235, 33, 107, 17]",Hot Funky Body (DJ Jazzy Remix),COTDcomp3-06,E:\Desktop\Echo\storage\public\research_dataset_v3\russia\audio\russia_0067.mp3,E:\Desktop\Echo\storage\public\research_dataset_v3\great_britain\audio\great_britain_0020.mp3,,,1.517107367515564,culture_centroid_entropy,请判断这两首曲目是否适合放在同一个歌单或相近的听歌场景里。请根据整体氛围、情绪基调和节奏能量判断它们是否相似；不要根据国家、语言、乐器或标签直接下结论。若相似填 yes，不相似填 no，不确定可留空并在 notes 中说明。,,,,
pal_0612,russia_0081,russia_0067,russia,russia,"[107, 18, 1235, 5]","[19, 11, 4, 14]",Search and fight,Hot Funky Body (DJ Jazzy Remix),E:\Desktop\Echo\storage\public\research_dataset_v3\russia\audio\russia_0081.mp3,E:\Desktop\Echo\storage\public\research_dataset_v3\russia\audio\russia_0067.mp3,,,1.517107367515564,culture_centroid_entropy,请判断这两首曲目是否适合放在同一个歌单或相近的听歌场景里。请根据整体氛围、情绪基调和节奏能量判断它们是否相似；不要根据国家、语言、乐器或标签直接下结论。若相似填 yes，不相似填 no，不确定可留空并在 notes 中说明。,,,,
pal_0613,turkey_modern_0076,russia_0086,turkey,russia,,"[107, 18, 1235, 5]",,She-Wolf In My Heart (bonus),E:\Desktop\Echo\storage\public\research_dataset_v3\turkey\audio\turkey_modern_0076.mp3,E:\Desktop\Echo\storage\public\research_dataset_v3\russia\audio\russia_0086.mp3,,,1.517107367515564,culture_centroid_entropy,请判断这两首曲目是否适合放在同一个歌单或相近的听歌场景里。请根据整体氛围、情绪基调和节奏能量判断它们是否相似；不要根据国家、语言、乐器或标签直接下结论。若相似填 yes，不相似填 no，不确定可留空并在 notes 中说明。,,,,
pal_0614,turkey_modern_0119,turkey_modern_0101,turkey,turkey,,,,,E:\Desktop\Echo\storage\public\research_dataset_v3\turkey\audio\turkey_modern_0119.mp3,E:\Desktop\Echo\storage\public\research_dataset_v3\turkey\audio\turkey_modern_0101.mp3,,,1.517107367515564,culture_centroid_entropy,请判断这两首曲目是否适合放在同一个歌单或相近的听歌场景里。请根据整体氛围、情绪基调和节奏能量判断它们是否相似；不要根据国家、语言、乐器或标签直接下结论。若相似填 yes，不相似填 no，不确定可留空并在 notes 中说明。,,,,
pal_0615,turkey_modern_0131,france_0038,turkey,france,,"[538, 18, 1235]",,Tartine De Contrebasse,E:\Desktop\Echo\storage\public\research_dataset_v3\turkey\audio\turkey_modern_0131.mp3,E:\Desktop\Echo\storage\public\research_dataset_v3\france\audio\france_0038.mp3,,,1.517107367515564,culture_centroid_entropy,请判断这两首曲目是否适合放在同一个歌单或相近的听歌场景里。请根据整体氛围、情绪基调和节奏能量判断它们是否相似；不要根据国家、语言、乐器或标签直接下结论。若相似填 yes，不相似填 no，不确定可留空并在 notes 中说明。,,,,
pal_0616,china_jingju_0063,great_britain_0049,china,great_britain,lsxp,[],Guo_liao_yi,Not Fit For Human Consumption,E:\Desktop\Echo\storage\public\research_dataset_v3\china\audio\china_jingju_0063.wav,E:\Desktop\Echo\storage\public\research_dataset_v3\great_britain\audio\great_britain_0049.mp3,,,1.5171072483062744,culture_centroid_entropy,请判断这两首曲目是否适合放在同一个歌单或相近的听歌场景里。请根据整体氛围、情绪基调和节奏能量判断它们是否相似；不要根据国家、语言、乐器或标签直接下结论。若相似填 yes，不相似填 no，不确定可留空并在 notes 中说明。,,,,
pal_0617,italy_0003,turkey_modern_0111,italy,turkey,[4],,Dark Solo,,E:\Desktop\Echo\storage\public\research_dataset_v3\italy\audio\italy_0003.mp3,E:\Desktop\Echo\storage\public\research_dataset_v3\turkey\audio\turkey_modern_0111.mp3,,,1.5171072483062744,culture_centroid_entropy,请判断这两首曲目是否适合放在同一个歌单或相近的听歌场景里。请根据整体氛围、情绪基调和节奏能量判断它们是否相似；不要根据国家、语言、乐器或标签直接下结论。若相似填 yes，不相似填 no，不确定可留空并在 notes 中说明。,,,,
pal_0618,modern_english_pop_0099,modern_english_pop_0108,modern_english_pop,modern_english_pop,"['folk', 'pop', 'singersongwriter', 'popfolk']","['folk', 'pop', 'singersongwriter', 'popfolk']",,,E:\Desktop\Echo\storage\public\research_dataset_v3\modern_english_pop\audio\modern_english_pop_0099.mp3,E:\Desktop\Echo\storage\public\research_dataset_v3\modern_english_pop\audio\modern_english_pop_0108.mp3,,,1.5171072483062744,culture_centroid_entropy,请判断这两首曲目是否适合放在同一个歌单或相近的听歌场景里。请根据整体氛围、情绪基调和节奏能量判断它们是否相似；不要根据国家、语言、乐器或标签直接下结论。若相似填 yes，不相似填 no，不确定可留空并在 notes 中说明。,,,,
pal_0619,turkey_modern_0035,modern_english_pop_0023,turkey,modern_english_pop,,"['pop', 'alternative']",,,E:\Desktop\Echo\storage\public\research_dataset_v3\turkey\audio\turkey_modern_0035.mp3,E:\Desktop\Echo\storage\public\research_dataset_v3\modern_english_pop\audio\modern_english_pop_0023.mp3,,,1.5171072483062744,culture_centroid_entropy,请判断这两首曲目是否适合放在同一个歌单或相近的听歌场景里。请根据整体氛围、情绪基调和节奏能量判断它们是否相似；不要根据国家、语言、乐器或标签直接下结论。若相似填 yes，不相似填 no，不确定可留空并在 notes 中说明。,,,,
pal_0620,china_ctis_0018,china_ctis_0002,china,china,L0312,L0167,牛角胡,黔胡,E:\Desktop\Echo\storage\public\research_dataset_v3\china\audio\china_ctis_0018.wav,E:\Desktop\Echo\storage\public\research_dataset_v3\china\audio\china_ctis_0002.wav,,,1.4735034704208374,culture_centroid_entropy,请判断这两首曲目是否适合放在同一个歌单或相近的听歌场景里。请根据整体氛围、情绪基调和节奏能量判断它们是否相似；不要根据国家、语言、乐器或标签直接下结论。若相似填 yes，不相似填 no，不确定可留空并在 notes 中说明。,,,,
pal_0621,france_0089,russia_0017,france,russia,"[10, 76]","[19, 11, 4, 14]",Concerts,Hot Funky Body,E:\Desktop\Echo\storage\public\research_dataset_v3\france\audio\france_0089.mp3,E:\Desktop\Echo\storage\public\research_dataset_v3\russia\audio\russia_0017.mp3,,,1.4735034704208374,culture_centroid_entropy,请判断这两首曲目是否适合放在同一个歌单或相近的听歌场景里。请根据整体氛围、情绪基调和节奏能量判断它们是否相似；不要根据国家、语言、乐器或标签直接下结论。若相似填 yes，不相似填 no，不确定可留空并在 notes 中说明。,,,,
pal_0622,germany_0025,great_britain_0067,germany,great_britain,[],[],Sommerdellen,You Reflect Me,E:\Desktop\Echo\storage\public\research_dataset_v3\germany\audio\germany_0025.mp3,E:\Desktop\Echo\storage\public\research_dataset_v3\great_britain\audio\great_britain_0067.mp3,,,1.4735034704208374,culture_centroid_entropy,请判断这两首曲目是否适合放在同一个歌单或相近的听歌场景里。请根据整体氛围、情绪基调和节奏能量判断它们是否相似；不要根据国家、语言、乐器或标签直接下结论。若相似填 yes，不相似填 no，不确定可留空并在 notes 中说明。,,,,
pal_0623,great_britain_0019,germany_0001,great_britain,germany,"[10, 76]",[17],Babylon Got No Riches,Solitude,E:\Desktop\Echo\storage\public\research_dataset_v3\great_britain\audio\great_britain_0019.mp3,E:\Desktop\Echo\storage\public\research_dataset_v3\germany\audio\germany_0001.mp3,,,1.4735034704208374,culture_centroid_entropy,请判断这两首曲目是否适合放在同一个歌单或相近的听歌场景里。请根据整体氛围、情绪基调和节奏能量判断它们是否相似；不要根据国家、语言、乐器或标签直接下结论。若相似填 yes，不相似填 no，不确定可留空并在 notes 中说明。,,,,
pal_0624,great_britain_0070,great_britain_0021,great_britain,great_britain,[],"[17, 103]",Clockwork Improviser,Uncharted Lands,E:\Desktop\Echo\storage\public\research_dataset_v3\great_britain\audio\great_britain_0070.mp3,E:\Desktop\Echo\storage\public\research_dataset_v3\great_britain\audio\great_britain_0021.mp3,,,1.4735034704208374,culture_centroid_entropy,请判断这两首曲目是否适合放在同一个歌单或相近的听歌场景里。请根据整体氛围、情绪基调和节奏能量判断它们是否相似；不要根据国家、语言、乐器或标签直接下结论。若相似填 yes，不相似填 no，不确定可留空并在 notes 中说明。,,,,
pal_0625,indonesia_gamelan_0012,china_jingju_0041,indonesia,china,orchestra/target,wangjiangting_zhijianta,,wangjiangting_zhijianta,E:\Desktop\Echo\storage\public\research_dataset_v3\indonesia\audio\indonesia_gamelan_0012.wav,E:\Desktop\Echo\storage\public\research_dataset_v3\china\audio\china_jingju_0041.wav,,,1.4735034704208374,culture_centroid_entropy,请判断这两首曲目是否适合放在同一个歌单或相近的听歌场景里。请根据整体氛围、情绪基调和节奏能量判断它们是否相似；不要根据国家、语言、乐器或标签直接下结论。若相似填 yes，不相似填 no，不确定可留空并在 notes 中说明。,,,,
pal_0626,russia_0095,russia_0070,russia,russia,"[107, 5, 1235]","[107, 18, 1235, 5]",At The Rift,Waves,E:\Desktop\Echo\storage\public\research_dataset_v3\russia\audio\russia_0095.mp3,E:\Desktop\Echo\storage\public\research_dataset_v3\russia\audio\russia_0070.mp3,,,1.4735034704208374,culture_centroid_entropy,请判断这两首曲目是否适合放在同一个歌单或相近的听歌场景里。请根据整体氛围、情绪基调和节奏能量判断它们是否相似；不要根据国家、语言、乐器或标签直接下结论。若相似填 yes，不相似填 no，不确定可留空并在 notes 中说明。,,,,
pal_0627,turkey_modern_0106,germany_0075,turkey,germany,,"[17, 107, 1235]",,In The Fading Light,E:\Desktop\Echo\storage\public\research_dataset_v3\turkey\audio\turkey_modern_0106.mp3,E:\Desktop\Echo\storage\public\research_dataset_v3\germany\audio\germany_0075.mp3,,,1.4735034704208374,culture_centroid_entropy,请判断这两首曲目是否适合放在同一个歌单或相近的听歌场景里。请根据整体氛围、情绪基调和节奏能量判断它们是否相似；不要根据国家、语言、乐器或标签直接下结论。若相似填 yes，不相似填 no，不确定可留空并在 notes 中说明。,,,,
pal_0628,china_opencpop_0013,germany_0070,china,germany,mandarin_pop,"[10, 76]",大鱼,Sheep,E:\Desktop\Echo\storage\public\research_dataset_v3\china\audio\china_opencpop_0013.wav,E:\Desktop\Echo\storage\public\research_dataset_v3\germany\audio\germany_0070.mp3,,,1.4735033512115479,culture_centroid_entropy,请判断这两首曲目是否适合放在同一个歌单或相近的听歌场景里。请根据整体氛围、情绪基调和节奏能量判断它们是否相似；不要根据国家、语言、乐器或标签直接下结论。若相似填 yes，不相似填 no，不确定可留空并在 notes 中说明。,,,,
pal_0629,france_0065,russia_0072,france,russia,"[17, 103, 49]","[107, 18, 1235, 5]",Pretty Girls,Train,E:\Desktop\Echo\storage\public\research_dataset_v3\france\audio\france_0065.mp3,E:\Desktop\Echo\storage\public\research_dataset_v3\russia\audio\russia_0072.mp3,,,1.4735033512115479,culture_centroid_entropy,请判断这两首曲目是否适合放在同一个歌单或相近的听歌场景里。请根据整体氛围、情绪基调和节奏能量判断它们是否相似；不要根据国家、语言、乐器或标签直接下结论。若相似填 yes，不相似填 no，不确定可留空并在 notes 中说明。,,,,
pal_0630,germany_0022,russia_0004,germany,russia,[],"[107, 1235]",6,Manetar,E:\Desktop\Echo\storage\public\research_dataset_v3\germany\audio\germany_0022.mp3,E:\Desktop\Echo\storage\public\research_dataset_v3\russia\audio\russia_0004.mp3,,,1.4735033512115479,culture_centroid_entropy,请判断这两首曲目是否适合放在同一个歌单或相近的听歌场景里。请根据整体氛围、情绪基调和节奏能量判断它们是否相似；不要根据国家、语言、乐器或标签直接下结论。若相似填 yes，不相似填 no，不确定可留空并在 notes 中说明。,,,,
pal_0631,great_britain_0076,germany_0016,great_britain,germany,"[10, 18, 1235, 76]","[17, 10]",The Heart of the Cat,Two Eagles,E:\Desktop\Echo\storage\public\research_dataset_v3\great_britain\audio\great_britain_0076.mp3,E:\Desktop\Echo\storage\public\research_dataset_v3\germany\audio\germany_0016.mp3,,,1.4735033512115479,culture_centroid_entropy,请判断这两首曲目是否适合放在同一个歌单或相近的听歌场景里。请根据整体氛围、情绪基调和节奏能量判断它们是否相似；不要根据国家、语言、乐器或标签直接下结论。若相似填 yes，不相似填 no，不确定可留空并在 notes 中说明。,,,,
pal_0632,india_saraga_0067,india_saraga_0068,india,india,Kirwani Bhajan,Raag Jog,Kirwani Bhajan,Raag Jog,E:\Desktop\Echo\storage\public\research_dataset_v3\india\audio\india_saraga_0067.mp3,E:\Desktop\Echo\storage\public\research_dataset_v3\india\audio\india_saraga_0068.mp3,,,1.4735033512115479,culture_centroid_entropy,请判断这两首曲目是否适合放在同一个歌单或相近的听歌场景里。请根据整体氛围、情绪基调和节奏能量判断它们是否相似；不要根据国家、语言、乐器或标签直接下结论。若相似填 yes，不相似填 no，不确定可留空并在 notes 中说明。,,,,
pal_0633,india_saraga_0080,india_saraga_0082,india,india,Majh Khamaj Thumri,Raag Malkauns,Majh Khamaj Thumri,Raag Malkauns,E:\Desktop\Echo\storage\public\research_dataset_v3\india\audio\india_saraga_0080.mp3,E:\Desktop\Echo\storage\public\research_dataset_v3\india\audio\india_saraga_0082.mp3,,,1.4735033512115479,culture_centroid_entropy,请判断这两首曲目是否适合放在同一个歌单或相近的听歌场景里。请根据整体氛围、情绪基调和节奏能量判断它们是否相似；不要根据国家、语言、乐器或标签直接下结论。若相似填 yes，不相似填 no，不确定可留空并在 notes 中说明。,,,,
pal_0634,italy_0095,france_0055,italy,france,[4],"[3, 443, 5, 567]",Head Bone,Let us break bread (Negro Spiritual),E:\Desktop\Echo\storage\public\research_dataset_v3\italy\audio\italy_0095.mp3,E:\Desktop\Echo\storage\public\research_dataset_v3\france\audio\france_0055.mp3,,,1.4735033512115479,culture_centroid_entropy,请判断这两首曲目是否适合放在同一个歌单或相近的听歌场景里。请根据整体氛围、情绪基调和节奏能量判断它们是否相似；不要根据国家、语言、乐器或标签直接下结论。若相似填 yes，不相似填 no，不确定可留空并在 notes 中说明。,,,,
pal_0635,modern_english_pop_0011,modern_english_pop_0009,modern_english_pop,modern_english_pop,"['pop', 'minimal']","['pop', 'jazz']",,,E:\Desktop\Echo\storage\public\research_dataset_v3\modern_english_pop\audio\modern_english_pop_0011.mp3,E:\Desktop\Echo\storage\public\research_dataset_v3\modern_english_pop\audio\modern_english_pop_0009.mp3,,,1.4735033512115479,culture_centroid_entropy,请判断这两首曲目是否适合放在同一个歌单或相近的听歌场景里。请根据整体氛围、情绪基调和节奏能量判断它们是否相似；不要根据国家、语言、乐器或标签直接下结论。若相似填 yes，不相似填 no，不确定可留空并在 notes 中说明。,,,,
pal_0636,russia_0012,turkey_modern_0056,russia,turkey,[4],,Alto Saxophone,,E:\Desktop\Echo\storage\public\research_dataset_v3\russia\audio\russia_0012.mp3,E:\Desktop\Echo\storage\public\research_dataset_v3\turkey\audio\turkey_modern_0056.mp3,,,1.4735033512115479,culture_centroid_entropy,请判断这两首曲目是否适合放在同一个歌单或相近的听歌场景里。请根据整体氛围、情绪基调和节奏能量判断它们是否相似；不要根据国家、语言、乐器或标签直接下结论。若相似填 yes，不相似填 no，不确定可留空并在 notes 中说明。,,,,
pal_0637,russia_0048,india_saraga_0089,russia,india,"[10, 76]",Raag Mian Malhar,27 (Full Version),Raag Mian Malhar,E:\Desktop\Echo\storage\public\research_dataset_v3\russia\audio\russia_0048.mp3,E:\Desktop\Echo\storage\public\research_dataset_v3\india\audio\india_saraga_0089.mp3,,,1.4735033512115479,culture_centroid_entropy,请判断这两首曲目是否适合放在同一个歌单或相近的听歌场景里。请根据整体氛围、情绪基调和节奏能量判断它们是否相似；不要根据国家、语言、乐器或标签直接下结论。若相似填 yes，不相似填 no，不确定可留空并在 notes 中说明。,,,,
pal_0638,turkey_modern_0011,germany_0104,turkey,germany,,"[17, 3, 4, 103]",,ICE Meltdown,E:\Desktop\Echo\storage\public\research_dataset_v3\turkey\audio\turkey_modern_0011.mp3,E:\Desktop\Echo\storage\public\research_dataset_v3\germany\audio\germany_0104.mp3,,,1.4735033512115479,culture_centroid_entropy,请判断这两首曲目是否适合放在同一个歌单或相近的听歌场景里。请根据整体氛围、情绪基调和节奏能量判断它们是否相似；不要根据国家、语言、乐器或标签直接下结论。若相似填 yes，不相似填 no，不确定可留空并在 notes 中说明。,,,,
pal_0639,turkey_modern_0019,russia_0005,turkey,russia,,"[74, 4]",,IX (for Philip Croaton),E:\Desktop\Echo\storage\public\research_dataset_v3\turkey\audio\turkey_modern_0019.mp3,E:\Desktop\Echo\storage\public\research_dataset_v3\russia\audio\russia_0005.mp3,,,1.4735033512115479,culture_centroid_entropy,请判断这两首曲目是否适合放在同一个歌单或相近的听歌场景里。请根据整体氛围、情绪基调和节奏能量判断它们是否相似；不要根据国家、语言、乐器或标签直接下结论。若相似填 yes，不相似填 no，不确定可留空并在 notes 中说明。,,,,
pal_0640,turkey_modern_0058,turkey_modern_0040,turkey,turkey,,,,,E:\Desktop\Echo\storage\public\research_dataset_v3\turkey\audio\turkey_modern_0058.mp3,E:\Desktop\Echo\storage\public\research_dataset_v3\turkey\audio\turkey_modern_0040.mp3,,,1.4735033512115479,culture_centroid_entropy,请判断这两首曲目是否适合放在同一个歌单或相近的听歌场景里。请根据整体氛围、情绪基调和节奏能量判断它们是否相似；不要根据国家、语言、乐器或标签直接下结论。若相似填 yes，不相似填 no，不确定可留空并在 notes 中说明。,,,,
pal_0641,germany_0094,italy_0046,germany,italy,"[3, 4, 9, 651, 493]","[267, 1235]",Kessy Swings Endless - (ID 349),Giochi di luce,E:\Desktop\Echo\storage\public\research_dataset_v3\germany\audio\germany_0094.mp3,E:\Desktop\Echo\storage\public\research_dataset_v3\italy\audio\italy_0046.mp3,,,1.4735032320022583,culture_centroid_entropy,请判断这两首曲目是否适合放在同一个歌单或相近的听歌场景里。请根据整体氛围、情绪基调和节奏能量判断它们是否相似；不要根据国家、语言、乐器或标签直接下结论。若相似填 yes，不相似填 no，不确定可留空并在 notes 中说明。,,,,
pal_0642,india_saraga_0055,india_saraga_0054,india,india,Raag Bhatiyar,Bhairavi Thumri,Raag Bhatiyar,Bhairavi Thumri,E:\Desktop\Echo\storage\public\research_dataset_v3\india\audio\india_saraga_0055.mp3,E:\Desktop\Echo\storage\public\research_dataset_v3\india\audio\india_saraga_0054.mp3,,,1.4735032320022583,culture_centroid_entropy,请判断这两首曲目是否适合放在同一个歌单或相近的听歌场景里。请根据整体氛围、情绪基调和节奏能量判断它们是否相似；不要根据国家、语言、乐器或标签直接下结论。若相似填 yes，不相似填 no，不确定可留空并在 notes 中说明。,,,,
pal_0643,italy_0048,germany_0034,italy,germany,[10],"[538, 18, 1235]",Harmony,Bye Bye Altai,E:\Desktop\Echo\storage\public\research_dataset_v3\italy\audio\italy_0048.mp3,E:\Desktop\Echo\storage\public\research_dataset_v3\germany\audio\germany_0034.mp3,,,1.4735032320022583,culture_centroid_entropy,请判断这两首曲目是否适合放在同一个歌单或相近的听歌场景里。请根据整体氛围、情绪基调和节奏能量判断它们是否相似；不要根据国家、语言、乐器或标签直接下结论。若相似填 yes，不相似填 no，不确定可留空并在 notes 中说明。,,,,
pal_0644,italy_0073,great_britain_0016,italy,great_britain,"[18, 1235]","[538, 18, 1235]",The fall,San Francisco,E:\Desktop\Echo\storage\public\research_dataset_v3\italy\audio\italy_0073.mp3,E:\Desktop\Echo\storage\public\research_dataset_v3\great_britain\audio\great_britain_0016.mp3,,,1.4735032320022583,culture_centroid_entropy,请判断这两首曲目是否适合放在同一个歌单或相近的听歌场景里。请根据整体氛围、情绪基调和节奏能量判断它们是否相似；不要根据国家、语言、乐器或标签直接下结论。若相似填 yes，不相似填 no，不确定可留空并在 notes 中说明。,,,,
pal_0645,turkey_modern_0014,turkey_modern_0074,turkey,turkey,,,,,E:\Desktop\Echo\storage\public\research_dataset_v3\turkey\audio\turkey_modern_0014.mp3,E:\Desktop\Echo\storage\public\research_dataset_v3\turkey\audio\turkey_modern_0074.mp3,,,1.4735032320022583,culture_centroid_entropy,请判断这两首曲目是否适合放在同一个歌单或相近的听歌场景里。请根据整体氛围、情绪基调和节奏能量判断它们是否相似；不要根据国家、语言、乐器或标签直接下结论。若相似填 yes，不相似填 no，不确定可留空并在 notes 中说明。,,,,
pal_0646,france_0004,russia_0054,france,russia,"[49, 10, 17]","[107, 1235]",Interlude,Försiktigt,E:\Desktop\Echo\storage\public\research_dataset_v3\france\audio\france_0004.mp3,E:\Desktop\Echo\storage\public\research_dataset_v3\russia\audio\russia_0054.mp3,,,1.4735031127929688,culture_centroid_entropy,请判断这两首曲目是否适合放在同一个歌单或相近的听歌场景里。请根据整体氛围、情绪基调和节奏能量判断它们是否相似；不要根据国家、语言、乐器或标签直接下结论。若相似填 yes，不相似填 no，不确定可留空并在 notes 中说明。,,,,
pal_0647,italy_0065,russia_0015,italy,russia,"[18, 1235]","[107, 1235]",Sunlight,At dawn (the lilac sun),E:\Desktop\Echo\storage\public\research_dataset_v3\italy\audio\italy_0065.mp3,E:\Desktop\Echo\storage\public\research_dataset_v3\russia\audio\russia_0015.mp3,,,1.4735031127929688,culture_centroid_entropy,请判断这两首曲目是否适合放在同一个歌单或相近的听歌场景里。请根据整体氛围、情绪基调和节奏能量判断它们是否相似；不要根据国家、语言、乐器或标签直接下结论。若相似填 yes，不相似填 no，不确定可留空并在 notes 中说明。,,,,
pal_0648,russia_0019,france_0101,russia,france,"[10, 76]","[33, 17, 94]",Birthday Party,10 Acres of the Finest Sand,E:\Desktop\Echo\storage\public\research_dataset_v3\russia\audio\russia_0019.mp3,E:\Desktop\Echo\storage\public\research_dataset_v3\france\audio\france_0101.mp3,,,1.4735031127929688,culture_centroid_entropy,请判断这两首曲目是否适合放在同一个歌单或相近的听歌场景里。请根据整体氛围、情绪基调和节奏能量判断它们是否相似；不要根据国家、语言、乐器或标签直接下结论。若相似填 yes，不相似填 no，不确定可留空并在 notes 中说明。,,,,
pal_0649,russia_0022,turkey_modern_0110,russia,turkey,"[17, 107, 1235, 103]",,A Dance (Full Version),,E:\Desktop\Echo\storage\public\research_dataset_v3\russia\audio\russia_0022.mp3,E:\Desktop\Echo\storage\public\research_dataset_v3\turkey\audio\turkey_modern_0110.mp3,,,1.4735031127929688,culture_centroid_entropy,请判断这两首曲目是否适合放在同一个歌单或相近的听歌场景里。请根据整体氛围、情绪基调和节奏能量判断它们是否相似；不要根据国家、语言、乐器或标签直接下结论。若相似填 yes，不相似填 no，不确定可留空并在 notes 中说明。,,,,
pal_0650,russia_0029,russia_0051,russia,russia,[5],[5],5:00 AM,Closing,E:\Desktop\Echo\storage\public\research_dataset_v3\russia\audio\russia_0029.mp3,E:\Desktop\Echo\storage\public\research_dataset_v3\russia\audio\russia_0051.mp3,,,1.4735031127929688,culture_centroid_entropy,请判断这两首曲目是否适合放在同一个歌单或相近的听歌场景里。请根据整体氛围、情绪基调和节奏能量判断它们是否相似；不要根据国家、语言、乐器或标签直接下结论。若相似填 yes，不相似填 no，不确定可留空并在 notes 中说明。,,,,
pal_0651,russia_0080,russia_0071,russia,russia,"[107, 18, 1235, 5]","[107, 18, 1235, 5]",Moonlight,Mother`s Hands,E:\Desktop\Echo\storage\public\research_dataset_v3\russia\audio\russia_0080.mp3,E:\Desktop\Echo\storage\public\research_dataset_v3\russia\audio\russia_0071.mp3,,,1.4735031127929688,culture_centroid_entropy,请判断这两首曲目是否适合放在同一个歌单或相近的听歌场景里。请根据整体氛围、情绪基调和节奏能量判断它们是否相似；不要根据国家、语言、乐器或标签直接下结论。若相似填 yes，不相似填 no，不确定可留空并在 notes 中说明。,,,,
pal_0652,turkey_modern_0097,russia_0019,turkey,russia,,"[10, 76]",,Birthday Party,E:\Desktop\Echo\storage\public\research_dataset_v3\turkey\audio\turkey_modern_0097.mp3,E:\Desktop\Echo\storage\public\research_dataset_v3\russia\audio\russia_0019.mp3,,,1.4735031127929688,culture_centroid_entropy,请判断这两首曲目是否适合放在同一个歌单或相近的听歌场景里。请根据整体氛围、情绪基调和节奏能量判断它们是否相似；不要根据国家、语言、乐器或标签直接下结论。若相似填 yes，不相似填 no，不确定可留空并在 notes 中说明。,,,,
pal_0653,turkey_modern_0117,italy_0022,turkey,italy,,"[18, 1235]",,The Moon,E:\Desktop\Echo\storage\public\research_dataset_v3\turkey\audio\turkey_modern_0117.mp3,E:\Desktop\Echo\storage\public\research_dataset_v3\italy\audio\italy_0022.mp3,,,1.4735031127929688,culture_centroid_entropy,请判断这两首曲目是否适合放在同一个歌单或相近的听歌场景里。请根据整体氛围、情绪基调和节奏能量判断它们是否相似；不要根据国家、语言、乐器或标签直接下结论。若相似填 yes，不相似填 no，不确定可留空并在 notes 中说明。,,,,
pal_0654,turkey_modern_0120,russia_0056,turkey,russia,,"[107, 18, 1235]",,Finale,E:\Desktop\Echo\storage\public\research_dataset_v3\turkey\audio\turkey_modern_0120.mp3,E:\Desktop\Echo\storage\public\research_dataset_v3\russia\audio\russia_0056.mp3,,,1.4735031127929688,culture_centroid_entropy,请判断这两首曲目是否适合放在同一个歌单或相近的听歌场景里。请根据整体氛围、情绪基调和节奏能量判断它们是否相似；不要根据国家、语言、乐器或标签直接下结论。若相似填 yes，不相似填 no，不确定可留空并在 notes 中说明。,,,,
pal_0655,china_ctis_0029,india_saraga_0083,china,india,C0263,Raag Hameer,中音笙,Raag Hameer,E:\Desktop\Echo\storage\public\research_dataset_v3\china\audio\china_ctis_0029.wav,E:\Desktop\Echo\storage\public\research_dataset_v3\india\audio\india_saraga_0083.mp3,,,1.4677350521087646,culture_centroid_entropy,请判断这两首曲目是否适合放在同一个歌单或相近的听歌场景里。请根据整体氛围、情绪基调和节奏能量判断它们是否相似；不要根据国家、语言、乐器或标签直接下结论。若相似填 yes，不相似填 no，不确定可留空并在 notes 中说明。,,,,
pal_0656,china_opencpop_0033,china_opencpop_0007,china,china,mandarin_pop,mandarin_pop,你笑起来真好看,后来,E:\Desktop\Echo\storage\public\research_dataset_v3\china\audio\china_opencpop_0033.wav,E:\Desktop\Echo\storage\public\research_dataset_v3\china\audio\china_opencpop_0007.wav,,,1.4677350521087646,culture_centroid_entropy,请判断这两首曲目是否适合放在同一个歌单或相近的听歌场景里。请根据整体氛围、情绪基调和节奏能量判断它们是否相似；不要根据国家、语言、乐器或标签直接下结论。若相似填 yes，不相似填 no，不确定可留空并在 notes 中说明。,,,,
pal_0657,france_0036,turkey_modern_0076,france,turkey,[10],,Stretch Out,,E:\Desktop\Echo\storage\public\research_dataset_v3\france\audio\france_0036.mp3,E:\Desktop\Echo\storage\public\research_dataset_v3\turkey\audio\turkey_modern_0076.mp3,,,1.4677350521087646,culture_centroid_entropy,请判断这两首曲目是否适合放在同一个歌单或相近的听歌场景里。请根据整体氛围、情绪基调和节奏能量判断它们是否相似；不要根据国家、语言、乐器或标签直接下结论。若相似填 yes，不相似填 no，不确定可留空并在 notes 中说明。,,,,
pal_0658,france_0058,france_0081,france,france,"[107, 1235]",[1235],City lights: 街の灯,theme 4,E:\Desktop\Echo\storage\public\research_dataset_v3\france\audio\france_0058.mp3,E:\Desktop\Echo\storage\public\research_dataset_v3\france\audio\france_0081.mp3,,,1.4677350521087646,culture_centroid_entropy,请判断这两首曲目是否适合放在同一个歌单或相近的听歌场景里。请根据整体氛围、情绪基调和节奏能量判断它们是否相似；不要根据国家、语言、乐器或标签直接下结论。若相似填 yes，不相似填 no，不确定可留空并在 notes 中说明。,,,,
pal_0659,germany_0042,india_saraga_0039,germany,india,"[18, 1235]",Raag Saraswati,Yes She Can,Raag Saraswati,E:\Desktop\Echo\storage\public\research_dataset_v3\germany\audio\germany_0042.mp3,E:\Desktop\Echo\storage\public\research_dataset_v3\india\audio\india_saraga_0039.mp3,,,1.4677350521087646,culture_centroid_entropy,请判断这两首曲目是否适合放在同一个歌单或相近的听歌场景里。请根据整体氛围、情绪基调和节奏能量判断它们是否相似；不要根据国家、语言、乐器或标签直接下结论。若相似填 yes，不相似填 no，不确定可留空并在 notes 中说明。,,,,
pal_0660,germany_0058,great_britain_0031,germany,great_britain,"[17, 3, 4, 103]",[17],Buzzard,Midwinters Dream & Birth of the Bear,E:\Desktop\Echo\storage\public\research_dataset_v3\germany\audio\germany_0058.mp3,E:\Desktop\Echo\storage\public\research_dataset_v3\great_britain\audio\great_britain_0031.mp3,,,1.4677350521087646,culture_centroid_entropy,请判断这两首曲目是否适合放在同一个歌单或相近的听歌场景里。请根据整体氛围、情绪基调和节奏能量判断它们是否相似；不要根据国家、语言、乐器或标签直接下结论。若相似填 yes，不相似填 no，不确定可留空并在 notes 中说明。,,,,
pal_0661,germany_0077,france_0103,germany,france,[17],[4],Inside the Rain,Beat Goes On,E:\Desktop\Echo\storage\public\research_dataset_v3\germany\audio\germany_0077.mp3,E:\Desktop\Echo\storage\public\research_dataset_v3\france\audio\france_0103.mp3,,,1.4677350521087646,culture_centroid_entropy,请判断这两首曲目是否适合放在同一个歌单或相近的听歌场景里。请根据整体氛围、情绪基调和节奏能量判断它们是否相似；不要根据国家、语言、乐器或标签直接下结论。若相似填 yes，不相似填 no，不确定可留空并在 notes 中说明。,,,,
pal_0662,india_saraga_0070,france_0060,india,france,Raag Dhani,[17],Raag Dhani,Att sakna,E:\Desktop\Echo\storage\public\research_dataset_v3\india\audio\india_saraga_0070.mp3,E:\Desktop\Echo\storage\public\research_dataset_v3\france\audio\france_0060.mp3,,,1.4677350521087646,culture_centroid_entropy,请判断这两首曲目是否适合放在同一个歌单或相近的听歌场景里。请根据整体氛围、情绪基调和节奏能量判断它们是否相似；不要根据国家、语言、乐器或标签直接下结论。若相似填 yes，不相似填 no，不确定可留空并在 notes 中说明。,,,,
pal_0663,india_saraga_0092,india_saraga_0091,india,india,Raag Poorva,Raag Gaud Malhar,Raag Poorva,Raag Gaud Malhar,E:\Desktop\Echo\storage\public\research_dataset_v3\india\audio\india_saraga_0092.mp3,E:\Desktop\Echo\storage\public\research_dataset_v3\india\audio\india_saraga_0091.mp3,,,1.4677350521087646,culture_centroid_entropy,请判断这两首曲目是否适合放在同一个歌单或相近的听歌场景里。请根据整体氛围、情绪基调和节奏能量判断它们是否相似；不要根据国家、语言、乐器或标签直接下结论。若相似填 yes，不相似填 no，不确定可留空并在 notes 中说明。,,,,
pal_0664,russia_0102,italy_0026,russia,italy,"[107, 18, 1235, 5]",[4],City Of Lonely Ghosts,Talk Samba (Parliamo un pò),E:\Desktop\Echo\storage\public\research_dataset_v3\russia\audio\russia_0102.mp3,E:\Desktop\Echo\storage\public\research_dataset_v3\italy\audio\italy_0026.mp3,,,1.4677350521087646,culture_centroid_entropy,请判断这两首曲目是否适合放在同一个歌单或相近的听歌场景里。请根据整体氛围、情绪基调和节奏能量判断它们是否相似；不要根据国家、语言、乐器或标签直接下结论。若相似填 yes，不相似填 no，不确定可留空并在 notes 中说明。,,,,
pal_0665,china_ctis_0028,italy_0013,china,italy,L0122,[10],壳仔弦,"""Per uomini in pensione""",E:\Desktop\Echo\storage\public\research_dataset_v3\china\audio\china_ctis_0028.wav,E:\Desktop\Echo\storage\public\research_dataset_v3\italy\audio\italy_0013.mp3,,,1.467734932899475,culture_centroid_entropy,请判断这两首曲目是否适合放在同一个歌单或相近的听歌场景里。请根据整体氛围、情绪基调和节奏能量判断它们是否相似；不要根据国家、语言、乐器或标签直接下结论。若相似填 yes，不相似填 no，不确定可留空并在 notes 中说明。,,,,
pal_0666,germany_0073,great_britain_0073,germany,great_britain,"[17, 10]",[],Hazel,Camp Fire Song,E:\Desktop\Echo\storage\public\research_dataset_v3\germany\audio\germany_0073.mp3,E:\Desktop\Echo\storage\public\research_dataset_v3\great_britain\audio\great_britain_0073.mp3,,,1.467734932899475,culture_centroid_entropy,请判断这两首曲目是否适合放在同一个歌单或相近的听歌场景里。请根据整体氛围、情绪基调和节奏能量判断它们是否相似；不要根据国家、语言、乐器或标签直接下结论。若相似填 yes，不相似填 no，不确定可留空并在 notes 中说明。,,,,
pal_0667,great_britain_0069,russia_0081,great_britain,russia,[],"[107, 18, 1235, 5]",Involuntary Purr,Search and fight,E:\Desktop\Echo\storage\public\research_dataset_v3\great_britain\audio\great_britain_0069.mp3,E:\Desktop\Echo\storage\public\research_dataset_v3\russia\audio\russia_0081.mp3,,,1.467734932899475,culture_centroid_entropy,请判断这两首曲目是否适合放在同一个歌单或相近的听歌场景里。请根据整体氛围、情绪基调和节奏能量判断它们是否相似；不要根据国家、语言、乐器或标签直接下结论。若相似填 yes，不相似填 no，不确定可留空并在 notes 中说明。,,,,
pal_0668,modern_english_pop_0100,germany_0062,modern_english_pop,germany,"['folk', 'pop', 'singersongwriter', 'popfolk']","[18, 1235]",,The Ziggurat,E:\Desktop\Echo\storage\public\research_dataset_v3\modern_english_pop\audio\modern_english_pop_0100.mp3,E:\Desktop\Echo\storage\public\research_dataset_v3\germany\audio\germany_0062.mp3,,,1.467734932899475,culture_centroid_entropy,请判断这两首曲目是否适合放在同一个歌单或相近的听歌场景里。请根据整体氛围、情绪基调和节奏能量判断它们是否相似；不要根据国家、语言、乐器或标签直接下结论。若相似填 yes，不相似填 no，不确定可留空并在 notes 中说明。,,,,
pal_0669,russia_0041,germany_0036,russia,germany,"[107, 1235]","[17, 4, 5, 103]",Eyelashes Of Lanterns,Beauftiful Memories,E:\Desktop\Echo\storage\public\research_dataset_v3\russia\audio\russia_0041.mp3,E:\Desktop\Echo\storage\public\research_dataset_v3\germany\audio\germany_0036.mp3,,,1.467734932899475,culture_centroid_entropy,请判断这两首曲目是否适合放在同一个歌单或相近的听歌场景里。请根据整体氛围、情绪基调和节奏能量判断它们是否相似；不要根据国家、语言、乐器或标签直接下结论。若相似填 yes，不相似填 no，不确定可留空并在 notes 中说明。,,,,
pal_0670,russia_0082,russia_0081,russia,russia,"[107, 18, 1235, 5]","[107, 18, 1235, 5]",Destroyer,Search and fight,E:\Desktop\Echo\storage\public\research_dataset_v3\russia\audio\russia_0082.mp3,E:\Desktop\Echo\storage\public\research_dataset_v3\russia\audio\russia_0081.mp3,,,1.467734932899475,culture_centroid_entropy,请判断这两首曲目是否适合放在同一个歌单或相近的听歌场景里。请根据整体氛围、情绪基调和节奏能量判断它们是否相似；不要根据国家、语言、乐器或标签直接下结论。若相似填 yes，不相似填 no，不确定可留空并在 notes 中说明。,,,,
pal_0671,turkey_modern_0056,russia_0012,turkey,russia,,[4],,Alto Saxophone,E:\Desktop\Echo\storage\public\research_dataset_v3\turkey\audio\turkey_modern_0056.mp3,E:\Desktop\Echo\storage\public\research_dataset_v3\russia\audio\russia_0012.mp3,,,1.467734932899475,culture_centroid_entropy,请判断这两首曲目是否适合放在同一个歌单或相近的听歌场景里。请根据整体氛围、情绪基调和节奏能量判断它们是否相似；不要根据国家、语言、乐器或标签直接下结论。若相似填 yes，不相似填 no，不确定可留空并在 notes 中说明。,,,,
pal_0672,germany_0056,turkey_modern_0002,germany,turkey,[],,Highty Hangtime,,E:\Desktop\Echo\storage\public\research_dataset_v3\germany\audio\germany_0056.mp3,E:\Desktop\Echo\storage\public\research_dataset_v3\turkey\audio\turkey_modern_0002.mp3,,,1.4677348136901855,culture_centroid_entropy,请判断这两首曲目是否适合放在同一个歌单或相近的听歌场景里。请根据整体氛围、情绪基调和节奏能量判断它们是否相似；不要根据国家、语言、乐器或标签直接下结论。若相似填 yes，不相似填 no，不确定可留空并在 notes 中说明。,,,,
pal_0673,great_britain_0022,great_britain_0010,great_britain,great_britain,"[10, 76]","[18, 1235]",danse macabre,Withering Trash Receptacle,E:\Desktop\Echo\storage\public\research_dataset_v3\great_britain\audio\great_britain_0022.mp3,E:\Desktop\Echo\storage\public\research_dataset_v3\great_britain\audio\great_britain_0010.mp3,,,1.4677348136901855,culture_centroid_entropy,请判断这两首曲目是否适合放在同一个歌单或相近的听歌场景里。请根据整体氛围、情绪基调和节奏能量判断它们是否相似；不要根据国家、语言、乐器或标签直接下结论。若相似填 yes，不相似填 no，不确定可留空并在 notes 中说明。,,,,
pal_0674,great_britain_0041,modern_english_pop_0092,great_britain,modern_english_pop,"[33, 17]","['folk', 'pop', 'popfolk']",Candyboy,,E:\Desktop\Echo\storage\public\research_dataset_v3\great_britain\audio\great_britain_0041.mp3,E:\Desktop\Echo\storage\public\research_dataset_v3\modern_english_pop\audio\modern_english_pop_0092.mp3,,,1.4677348136901855,culture_centroid_entropy,请判断这两首曲目是否适合放在同一个歌单或相近的听歌场景里。请根据整体氛围、情绪基调和节奏能量判断它们是否相似；不要根据国家、语言、乐器或标签直接下结论。若相似填 yes，不相似填 no，不确定可留空并在 notes 中说明。,,,,
pal_0675,india_saraga_0101,india_saraga_0100,india,india,Raag Shree,Raag Lalit Pancham,Raag Shree,Raag Lalit Pancham,E:\Desktop\Echo\storage\public\research_dataset_v3\india\audio\india_saraga_0101.mp3,E:\Desktop\Echo\storage\public\research_dataset_v3\india\audio\india_saraga_0100.mp3,,,1.445186972618103,culture_centroid_entropy,请判断这两首曲目是否适合放在同一个歌单或相近的听歌场景里。请根据整体氛围、情绪基调和节奏能量判断它们是否相似；不要根据国家、语言、乐器或标签直接下结论。若相似填 yes，不相似填 no，不确定可留空并在 notes 中说明。,,,,
pal_0676,india_saraga_0103,india_saraga_0104,india,india,Introduction about Ajoy Chakrabarty,Introductory speech by Ajoy Chakrabarty,Introduction about Ajoy Chakrabarty,Introductory speech by Ajoy Chakrabarty,E:\Desktop\Echo\storage\public\research_dataset_v3\india\audio\india_saraga_0103.mp3,E:\Desktop\Echo\storage\public\research_dataset_v3\india\audio\india_saraga_0104.mp3,,,1.445186972618103,culture_centroid_entropy,请判断这两首曲目是否适合放在同一个歌单或相近的听歌场景里。请根据整体氛围、情绪基调和节奏能量判断它们是否相似；不要根据国家、语言、乐器或标签直接下结论。若相似填 yes，不相似填 no，不确定可留空并在 notes 中说明。,,,,
pal_0677,italy_0013,turkey_modern_0138,italy,turkey,[10],,"""Per uomini in pensione""",,E:\Desktop\Echo\storage\public\research_dataset_v3\italy\audio\italy_0013.mp3,E:\Desktop\Echo\storage\public\research_dataset_v3\turkey\audio\turkey_modern_0138.mp3,,,1.445186972618103,culture_centroid_entropy,请判断这两首曲目是否适合放在同一个歌单或相近的听歌场景里。请根据整体氛围、情绪基调和节奏能量判断它们是否相似；不要根据国家、语言、乐器或标签直接下结论。若相似填 yes，不相似填 no，不确定可留空并在 notes 中说明。,,,,
pal_0678,turkey_modern_0064,turkey_modern_0080,turkey,turkey,,,,,E:\Desktop\Echo\storage\public\research_dataset_v3\turkey\audio\turkey_modern_0064.mp3,E:\Desktop\Echo\storage\public\research_dataset_v3\turkey\audio\turkey_modern_0080.mp3,,,1.445186972618103,culture_centroid_entropy,请判断这两首曲目是否适合放在同一个歌单或相近的听歌场景里。请根据整体氛围、情绪基调和节奏能量判断它们是否相似；不要根据国家、语言、乐器或标签直接下结论。若相似填 yes，不相似填 no，不确定可留空并在 notes 中说明。,,,,
pal_0679,turkey_modern_0121,turkey_modern_0095,turkey,turkey,,,,,E:\Desktop\Echo\storage\public\research_dataset_v3\turkey\audio\turkey_modern_0121.mp3,E:\Desktop\Echo\storage\public\research_dataset_v3\turkey\audio\turkey_modern_0095.mp3,,,1.445186972618103,culture_centroid_entropy,请判断这两首曲目是否适合放在同一个歌单或相近的听歌场景里。请根据整体氛围、情绪基调和节奏能量判断它们是否相似；不要根据国家、语言、乐器或标签直接下结论。若相似填 yes，不相似填 no，不确定可留空并在 notes 中说明。,,,,
pal_0680,turkey_modern_0136,turkey_modern_0137,turkey,turkey,,,,,E:\Desktop\Echo\storage\public\research_dataset_v3\turkey\audio\turkey_modern_0136.mp3,E:\Desktop\Echo\storage\public\research_dataset_v3\turkey\audio\turkey_modern_0137.mp3,,,1.445186972618103,culture_centroid_entropy,请判断这两首曲目是否适合放在同一个歌单或相近的听歌场景里。请根据整体氛围、情绪基调和节奏能量判断它们是否相似；不要根据国家、语言、乐器或标签直接下结论。若相似填 yes，不相似填 no，不确定可留空并在 notes 中说明。,,,,
pal_0681,china_ctis_0008,china_ctis_0058,china,china,T0260,T0260,中阮,中阮,E:\Desktop\Echo\storage\public\research_dataset_v3\china\audio\china_ctis_0008.wav,E:\Desktop\Echo\storage\public\research_dataset_v3\china\audio\china_ctis_0058.wav,,,1.4451868534088135,culture_centroid_entropy,请判断这两首曲目是否适合放在同一个歌单或相近的听歌场景里。请根据整体氛围、情绪基调和节奏能量判断它们是否相似；不要根据国家、语言、乐器或标签直接下结论。若相似填 yes，不相似填 no，不确定可留空并在 notes 中说明。,,,,
pal_0682,france_0052,france_0060,france,france,"[10, 76]",[17],Pizza Aux Lensois,Att sakna,E:\Desktop\Echo\storage\public\research_dataset_v3\france\audio\france_0052.mp3,E:\Desktop\Echo\storage\public\research_dataset_v3\france\audio\france_0060.mp3,,,1.4451868534088135,culture_centroid_entropy,请判断这两首曲目是否适合放在同一个歌单或相近的听歌场景里。请根据整体氛围、情绪基调和节奏能量判断它们是否相似；不要根据国家、语言、乐器或标签直接下结论。若相似填 yes，不相似填 no，不确定可留空并在 notes 中说明。,,,,
pal_0683,france_0103,great_britain_0031,france,great_britain,[4],[17],Beat Goes On,Midwinters Dream & Birth of the Bear,E:\Desktop\Echo\storage\public\research_dataset_v3\france\audio\france_0103.mp3,E:\Desktop\Echo\storage\public\research_dataset_v3\great_britain\audio\great_britain_0031.mp3,,,1.4451868534088135,culture_centroid_entropy,请判断这两首曲目是否适合放在同一个歌单或相近的听歌场景里。请根据整体氛围、情绪基调和节奏能量判断它们是否相似；不要根据国家、语言、乐器或标签直接下结论。若相似填 yes，不相似填 no，不确定可留空并在 notes 中说明。,,,,
pal_0684,germany_0016,great_britain_0086,germany,great_britain,"[17, 10]","[18, 1235]",Two Eagles,Eden Bloom,E:\Desktop\Echo\storage\public\research_dataset_v3\germany\audio\germany_0016.mp3,E:\Desktop\Echo\storage\public\research_dataset_v3\great_britain\audio\great_britain_0086.mp3,,,1.4451868534088135,culture_centroid_entropy,请判断这两首曲目是否适合放在同一个歌单或相近的听歌场景里。请根据整体氛围、情绪基调和节奏能量判断它们是否相似；不要根据国家、语言、乐器或标签直接下结论。若相似填 yes，不相似填 no，不确定可留空并在 notes 中说明。,,,,
pal_0685,germany_0047,china_jingju_0060,germany,china,"[17, 33]",lsfxp,The Flying Carriage,Yang_si_lang,E:\Desktop\Echo\storage\public\research_dataset_v3\germany\audio\germany_0047.mp3,E:\Desktop\Echo\storage\public\research_dataset_v3\china\audio\china_jingju_0060.wav,,,1.4451868534088135,culture_centroid_entropy,请判断这两首曲目是否适合放在同一个歌单或相近的听歌场景里。请根据整体氛围、情绪基调和节奏能量判断它们是否相似；不要根据国家、语言、乐器或标签直接下结论。若相似填 yes，不相似填 no，不确定可留空并在 notes 中说明。,,,,
pal_0686,great_britain_0000,italy_0049,great_britain,italy,"[18, 1235]",[4],Music for an Underground Circus,Land-escape,E:\Desktop\Echo\storage\public\research_dataset_v3\great_britain\audio\great_britain_0000.mp3,E:\Desktop\Echo\storage\public\research_dataset_v3\italy\audio\italy_0049.mp3,,,1.4451868534088135,culture_centroid_entropy,请判断这两首曲目是否适合放在同一个歌单或相近的听歌场景里。请根据整体氛围、情绪基调和节奏能量判断它们是否相似；不要根据国家、语言、乐器或标签直接下结论。若相似填 yes，不相似填 no，不确定可留空并在 notes 中说明。,,,,
pal_0687,great_britain_0067,germany_0025,great_britain,germany,[],[],You Reflect Me,Sommerdellen,E:\Desktop\Echo\storage\public\research_dataset_v3\great_britain\audio\great_britain_0067.mp3,E:\Desktop\Echo\storage\public\research_dataset_v3\germany\audio\germany_0025.mp3,,,1.4451868534088135,culture_centroid_entropy,请判断这两首曲目是否适合放在同一个歌单或相近的听歌场景里。请根据整体氛围、情绪基调和节奏能量判断它们是否相似；不要根据国家、语言、乐器或标签直接下结论。若相似填 yes，不相似填 no，不确定可留空并在 notes 中说明。,,,,
pal_0688,great_britain_0071,france_0074,great_britain,france,[],"[19, 14]",Live at Cafe OTO (Sotto Voce Festival 12 September 2010),Ayo,E:\Desktop\Echo\storage\public\research_dataset_v3\great_britain\audio\great_britain_0071.mp3,E:\Desktop\Echo\storage\public\research_dataset_v3\france\audio\france_0074.mp3,,,1.4451868534088135,culture_centroid_entropy,请判断这两首曲目是否适合放在同一个歌单或相近的听歌场景里。请根据整体氛围、情绪基调和节奏能量判断它们是否相似；不要根据国家、语言、乐器或标签直接下结论。若相似填 yes，不相似填 no，不确定可留空并在 notes 中说明。,,,,
pal_0689,great_britain_0103,great_britain_0082,great_britain,great_britain,[10],[3],Wind Up The Hypnotist,To The Rhythm of the Funk,E:\Desktop\Echo\storage\public\research_dataset_v3\great_britain\audio\great_britain_0103.mp3,E:\Desktop\Echo\storage\public\research_dataset_v3\great_britain\audio\great_britain_0082.mp3,,,1.4451868534088135,culture_centroid_entropy,请判断这两首曲目是否适合放在同一个歌单或相近的听歌场景里。请根据整体氛围、情绪基调和节奏能量判断它们是否相似；不要根据国家、语言、乐器或标签直接下结论。若相似填 yes，不相似填 no，不确定可留空并在 notes 中说明。,,,,
pal_0690,indonesia_gamelan_0029,indonesia_gamelan_0027,indonesia,indonesia,orchestra/target,orchestra/target,,,E:\Desktop\Echo\storage\public\research_dataset_v3\indonesia\audio\indonesia_gamelan_0029.wav,E:\Desktop\Echo\storage\public\research_dataset_v3\indonesia\audio\indonesia_gamelan_0027.wav,,,1.4451868534088135,culture_centroid_entropy,请判断这两首曲目是否适合放在同一个歌单或相近的听歌场景里。请根据整体氛围、情绪基调和节奏能量判断它们是否相似；不要根据国家、语言、乐器或标签直接下结论。若相似填 yes，不相似填 no，不确定可留空并在 notes 中说明。,,,,
pal_0691,indonesia_gamelan_0038,indonesia_gamelan_0033,indonesia,indonesia,orchestra/target,orchestra/target,,,E:\Desktop\Echo\storage\public\research_dataset_v3\indonesia\audio\indonesia_gamelan_0038.wav,E:\Desktop\Echo\storage\public\research_dataset_v3\indonesia\audio\indonesia_gamelan_0033.wav,,,1.4451868534088135,culture_centroid_entropy,请判断这两首曲目是否适合放在同一个歌单或相近的听歌场景里。请根据整体氛围、情绪基调和节奏能量判断它们是否相似；不要根据国家、语言、乐器或标签直接下结论。若相似填 yes，不相似填 no，不确定可留空并在 notes 中说明。,,,,
pal_0692,italy_0099,turkey_modern_0122,italy,turkey,[4],,07 Promenade,,E:\Desktop\Echo\storage\public\research_dataset_v3\italy\audio\italy_0099.mp3,E:\Desktop\Echo\storage\public\research_dataset_v3\turkey\audio\turkey_modern_0122.mp3,,,1.4451868534088135,culture_centroid_entropy,请判断这两首曲目是否适合放在同一个歌单或相近的听歌场景里。请根据整体氛围、情绪基调和节奏能量判断它们是否相似；不要根据国家、语言、乐器或标签直接下结论。若相似填 yes，不相似填 no，不确定可留空并在 notes 中说明。,,,,
pal_0693,russia_0020,russia_0027,russia,russia,"[10, 76]",[],27 (Radio Edit Version),Taigerbery - Clean Up,E:\Desktop\Echo\storage\public\research_dataset_v3\russia\audio\russia_0020.mp3,E:\Desktop\Echo\storage\public\research_dataset_v3\russia\audio\russia_0027.mp3,,,1.4451868534088135,culture_centroid_entropy,请判断这两首曲目是否适合放在同一个歌单或相近的听歌场景里。请根据整体氛围、情绪基调和节奏能量判断它们是否相似；不要根据国家、语言、乐器或标签直接下结论。若相似填 yes，不相似填 no，不确定可留空并在 notes 中说明。,,,,
pal_0694,russia_0021,germany_0074,russia,germany,[],[17],Blind Alley (feat. Kira Lao),Unless You Trade,E:\Desktop\Echo\storage\public\research_dataset_v3\russia\audio\russia_0021.mp3,E:\Desktop\Echo\storage\public\research_dataset_v3\germany\audio\germany_0074.mp3,,,1.4451868534088135,culture_centroid_entropy,请判断这两首曲目是否适合放在同一个歌单或相近的听歌场景里。请根据整体氛围、情绪基调和节奏能量判断它们是否相似；不要根据国家、语言、乐器或标签直接下结论。若相似填 yes，不相似填 no，不确定可留空并在 notes 中说明。,,,,
pal_0695,great_britain_0002,china_opencpop_0021,great_britain,china,"[443, 187, 5]",mandarin_pop,O Fortuna,独家记忆,E:\Desktop\Echo\storage\public\research_dataset_v3\great_britain\audio\great_britain_0002.mp3,E:\Desktop\Echo\storage\public\research_dataset_v3\china\audio\china_opencpop_0021.wav,,,1.4241310358047485,culture_centroid_entropy,请判断这两首曲目是否适合放在同一个歌单或相近的听歌场景里。请根据整体氛围、情绪基调和节奏能量判断它们是否相似；不要根据国家、语言、乐器或标签直接下结论。若相似填 yes，不相似填 no，不确定可留空并在 notes 中说明。,,,,
pal_0696,modern_english_pop_0014,modern_english_pop_0006,modern_english_pop,modern_english_pop,"['groove', 'easylistening', 'pop', 'lounge']","['pop', 'country', 'popfolk']",,,E:\Desktop\Echo\storage\public\research_dataset_v3\modern_english_pop\audio\modern_english_pop_0014.mp3,E:\Desktop\Echo\storage\public\research_dataset_v3\modern_english_pop\audio\modern_english_pop_0006.mp3,,,1.4241310358047485,culture_centroid_entropy,请判断这两首曲目是否适合放在同一个歌单或相近的听歌场景里。请根据整体氛围、情绪基调和节奏能量判断它们是否相似；不要根据国家、语言、乐器或标签直接下结论。若相似填 yes，不相似填 no，不确定可留空并在 notes 中说明。,,,,
pal_0697,modern_english_pop_0090,modern_english_pop_0082,modern_english_pop,modern_english_pop,"['folk', 'pop', 'popfolk']","['pop', 'popfolk']",,,E:\Desktop\Echo\storage\public\research_dataset_v3\modern_english_pop\audio\modern_english_pop_0090.mp3,E:\Desktop\Echo\storage\public\research_dataset_v3\modern_english_pop\audio\modern_english_pop_0082.mp3,,,1.4241310358047485,culture_centroid_entropy,请判断这两首曲目是否适合放在同一个歌单或相近的听歌场景里。请根据整体氛围、情绪基调和节奏能量判断它们是否相似；不要根据国家、语言、乐器或标签直接下结论。若相似填 yes，不相似填 no，不确定可留空并在 notes 中说明。,,,,
pal_0698,china_ctis_0001,china_ctis_0012,china,china,L0046,L0167,扬剧主胡F调,黔胡,E:\Desktop\Echo\storage\public\research_dataset_v3\china\audio\china_ctis_0001.wav,E:\Desktop\Echo\storage\public\research_dataset_v3\china\audio\china_ctis_0012.wav,,,1.424130916595459,culture_centroid_entropy,请判断这两首曲目是否适合放在同一个歌单或相近的听歌场景里。请根据整体氛围、情绪基调和节奏能量判断它们是否相似；不要根据国家、语言、乐器或标签直接下结论。若相似填 yes，不相似填 no，不确定可留空并在 notes 中说明。,,,,
pal_0699,china_ctis_0025,china_ctis_0057,china,china,T0082,T0081,伽倻琴(改良),玄琴,E:\Desktop\Echo\storage\public\research_dataset_v3\china\audio\china_ctis_0025.wav,E:\Desktop\Echo\storage\public\research_dataset_v3\china\audio\china_ctis_0057.wav,,,1.424130916595459,culture_centroid_entropy,请判断这两首曲目是否适合放在同一个歌单或相近的听歌场景里。请根据整体氛围、情绪基调和节奏能量判断它们是否相似；不要根据国家、语言、乐器或标签直接下结论。若相似填 yes，不相似填 no，不确定可留空并在 notes 中说明。,,,,
pal_0700,china_ctis_0042,china_ctis_0010,china,china,T0007,T0116,雅托嘎,八角月琴,E:\Desktop\Echo\storage\public\research_dataset_v3\china\audio\china_ctis_0042.wav,E:\Desktop\Echo\storage\public\research_dataset_v3\china\audio\china_ctis_0010.wav,,,1.424130916595459,culture_centroid_entropy,请判断这两首曲目是否适合放在同一个歌单或相近的听歌场景里。请根据整体氛围、情绪基调和节奏能量判断它们是否相似；不要根据国家、语言、乐器或标签直接下结论。若相似填 yes，不相似填 no，不确定可留空并在 notes 中说明。,,,,
pal_0701,china_ctis_0050,indonesia_gamelan_0041,china,indonesia,T0238,orchestra/target,大阮,,E:\Desktop\Echo\storage\public\research_dataset_v3\china\audio\china_ctis_0050.wav,E:\Desktop\Echo\storage\public\research_dataset_v3\indonesia\audio\indonesia_gamelan_0041.wav,,,1.424130916595459,culture_centroid_entropy,请判断这两首曲目是否适合放在同一个歌单或相近的听歌场景里。请根据整体氛围、情绪基调和节奏能量判断它们是否相似；不要根据国家、语言、乐器或标签直接下结论。若相似填 yes，不相似填 no，不确定可留空并在 notes 中说明。,,,,
pal_0702,china_jingju_0024,italy_0028,china,italy,daxp,"[659, 5, 1235]",Jiao_Zhang_sheng,The Deadly Poppy Field,E:\Desktop\Echo\storage\public\research_dataset_v3\china\audio\china_jingju_0024.wav,E:\Desktop\Echo\storage\public\research_dataset_v3\italy\audio\italy_0028.mp3,,,1.424130916595459,culture_centroid_entropy,请判断这两首曲目是否适合放在同一个歌单或相近的听歌场景里。请根据整体氛围、情绪基调和节奏能量判断它们是否相似；不要根据国家、语言、乐器或标签直接下结论。若相似填 yes，不相似填 no，不确定可留空并在 notes 中说明。,,,,
pal_0703,china_jingju_0038,china_jingju_0027,china,china,daxp,daxp,Zhe_cai_shi,Jiao_Zhang_sheng,E:\Desktop\Echo\storage\public\research_dataset_v3\china\audio\china_jingju_0038.wav,E:\Desktop\Echo\storage\public\research_dataset_v3\china\audio\china_jingju_0027.wav,,,1.424130916595459,culture_centroid_entropy,请判断这两首曲目是否适合放在同一个歌单或相近的听歌场景里。请根据整体氛围、情绪基调和节奏能量判断它们是否相似；不要根据国家、语言、乐器或标签直接下结论。若相似填 yes，不相似填 no，不确定可留空并在 notes 中说明。,,,,
pal_0704,china_opencpop_0017,china_opencpop_0027,china,china,mandarin_pop,mandarin_pop,心墙,玫瑰,E:\Desktop\Echo\storage\public\research_dataset_v3\china\audio\china_opencpop_0017.wav,E:\Desktop\Echo\storage\public\research_dataset_v3\china\audio\china_opencpop_0027.wav,,,1.424130916595459,culture_centroid_entropy,请判断这两首曲目是否适合放在同一个歌单或相近的听歌场景里。请根据整体氛围、情绪基调和节奏能量判断它们是否相似；不要根据国家、语言、乐器或标签直接下结论。若相似填 yes，不相似填 no，不确定可留空并在 notes 中说明。,,,,
pal_0705,france_0076,great_britain_0020,france,great_britain,"[10, 76]","[1235, 33, 107, 17]",Lotus,COTDcomp3-06,E:\Desktop\Echo\storage\public\research_dataset_v3\france\audio\france_0076.mp3,E:\Desktop\Echo\storage\public\research_dataset_v3\great_britain\audio\great_britain_0020.mp3,,,1.424130916595459,culture_centroid_entropy,请判断这两首曲目是否适合放在同一个歌单或相近的听歌场景里。请根据整体氛围、情绪基调和节奏能量判断它们是否相似；不要根据国家、语言、乐器或标签直接下结论。若相似填 yes，不相似填 no，不确定可留空并在 notes 中说明。,,,,
pal_0706,france_0097,russia_0095,france,russia,"[17, 103, 49]","[107, 5, 1235]",Swan Neck,At The Rift,E:\Desktop\Echo\storage\public\research_dataset_v3\france\audio\france_0097.mp3,E:\Desktop\Echo\storage\public\research_dataset_v3\russia\audio\russia_0095.mp3,,,1.424130916595459,culture_centroid_entropy,请判断这两首曲目是否适合放在同一个歌单或相近的听歌场景里。请根据整体氛围、情绪基调和节奏能量判断它们是否相似；不要根据国家、语言、乐器或标签直接下结论。若相似填 yes，不相似填 no，不确定可留空并在 notes 中说明。,,,,
pal_0707,germany_0035,great_britain_0021,germany,great_britain,[4],"[17, 103]",Auf der anderen Seite,Uncharted Lands,E:\Desktop\Echo\storage\public\research_dataset_v3\germany\audio\germany_0035.mp3,E:\Desktop\Echo\storage\public\research_dataset_v3\great_britain\audio\great_britain_0021.mp3,,,1.424130916595459,culture_centroid_entropy,请判断这两首曲目是否适合放在同一个歌单或相近的听歌场景里。请根据整体氛围、情绪基调和节奏能量判断它们是否相似；不要根据国家、语言、乐器或标签直接下结论。若相似填 yes，不相似填 no，不确定可留空并在 notes 中说明。,,,,
pal_0708,germany_0061,france_0097,germany,france,[17],"[17, 103, 49]",Climbed Trees (sung by Cat),Swan Neck,E:\Desktop\Echo\storage\public\research_dataset_v3\germany\audio\germany_0061.mp3,E:\Desktop\Echo\storage\public\research_dataset_v3\france\audio\france_0097.mp3,,,1.424130916595459,culture_centroid_entropy,请判断这两首曲目是否适合放在同一个歌单或相近的听歌场景里。请根据整体氛围、情绪基调和节奏能量判断它们是否相似；不要根据国家、语言、乐器或标签直接下结论。若相似填 yes，不相似填 no，不确定可留空并在 notes 中说明。,,,,
pal_0709,germany_0065,modern_english_pop_0065,germany,modern_english_pop,[17],"['pop', 'indie', 'latin', 'alternative']",A Penny For Your Dreams,,E:\Desktop\Echo\storage\public\research_dataset_v3\germany\audio\germany_0065.mp3,E:\Desktop\Echo\storage\public\research_dataset_v3\modern_english_pop\audio\modern_english_pop_0065.mp3,,,1.424130916595459,culture_centroid_entropy,请判断这两首曲目是否适合放在同一个歌单或相近的听歌场景里。请根据整体氛围、情绪基调和节奏能量判断它们是否相似；不要根据国家、语言、乐器或标签直接下结论。若相似填 yes，不相似填 no，不确定可留空并在 notes 中说明。,,,,
pal_0710,germany_0071,germany_0016,germany,germany,"[17, 103]","[17, 10]",Aus,Two Eagles,E:\Desktop\Echo\storage\public\research_dataset_v3\germany\audio\germany_0071.mp3,E:\Desktop\Echo\storage\public\research_dataset_v3\germany\audio\germany_0016.mp3,,,1.424130916595459,culture_centroid_entropy,请判断这两首曲目是否适合放在同一个歌单或相近的听歌场景里。请根据整体氛围、情绪基调和节奏能量判断它们是否相似；不要根据国家、语言、乐器或标签直接下结论。若相似填 yes，不相似填 no，不确定可留空并在 notes 中说明。,,,,
pal_0711,germany_0091,china_opencpop_0019,germany,china,"[10, 11, 4, 14]",mandarin_pop,Pingudisco (ID 342),夏天的风,E:\Desktop\Echo\storage\public\research_dataset_v3\germany\audio\germany_0091.mp3,E:\Desktop\Echo\storage\public\research_dataset_v3\china\audio\china_opencpop_0019.wav,,,1.424130916595459,culture_centroid_entropy,请判断这两首曲目是否适合放在同一个歌单或相近的听歌场景里。请根据整体氛围、情绪基调和节奏能量判断它们是否相似；不要根据国家、语言、乐器或标签直接下结论。若相似填 yes，不相似填 no，不确定可留空并在 notes 中说明。,,,,
pal_0712,great_britain_0052,italy_0059,great_britain,italy,[],"[18, 1235, 13]",Yuzhmash,Proton-pump inhibitor II,E:\Desktop\Echo\storage\public\research_dataset_v3\great_britain\audio\great_britain_0052.mp3,E:\Desktop\Echo\storage\public\research_dataset_v3\italy\audio\italy_0059.mp3,,,1.424130916595459,culture_centroid_entropy,请判断这两首曲目是否适合放在同一个歌单或相近的听歌场景里。请根据整体氛围、情绪基调和节奏能量判断它们是否相似；不要根据国家、语言、乐器或标签直接下结论。若相似填 yes，不相似填 no，不确定可留空并在 notes 中说明。,,,,
pal_0713,great_britain_0072,great_britain_0016,great_britain,great_britain,[],"[538, 18, 1235]",Weird K,San Francisco,E:\Desktop\Echo\storage\public\research_dataset_v3\great_britain\audio\great_britain_0072.mp3,E:\Desktop\Echo\storage\public\research_dataset_v3\great_britain\audio\great_britain_0016.mp3,,,1.424130916595459,culture_centroid_entropy,请判断这两首曲目是否适合放在同一个歌单或相近的听歌场景里。请根据整体氛围、情绪基调和节奏能量判断它们是否相似；不要根据国家、语言、乐器或标签直接下结论。若相似填 yes，不相似填 no，不确定可留空并在 notes 中说明。,,,,
pal_0714,great_britain_0098,turkey_modern_0071,great_britain,turkey,"[10, 76]",,philcollins takes your hand,,E:\Desktop\Echo\storage\public\research_dataset_v3\great_britain\audio\great_britain_0098.mp3,E:\Desktop\Echo\storage\public\research_dataset_v3\turkey\audio\turkey_modern_0071.mp3,,,1.424130916595459,culture_centroid_entropy,请判断这两首曲目是否适合放在同一个歌单或相近的听歌场景里。请根据整体氛围、情绪基调和节奏能量判断它们是否相似；不要根据国家、语言、乐器或标签直接下结论。若相似填 yes，不相似填 no，不确定可留空并在 notes 中说明。,,,,
pal_0715,india_saraga_0027,india_saraga_0018,india,india,Taal and Sur of Thekas,Lyrics of all the Bandishes,Taal and Sur of Thekas,Lyrics of all the Bandishes,E:\Desktop\Echo\storage\public\research_dataset_v3\india\audio\india_saraga_0027.mp3,E:\Desktop\Echo\storage\public\research_dataset_v3\india\audio\india_saraga_0018.mp3,,,1.424130916595459,culture_centroid_entropy,请判断这两首曲目是否适合放在同一个歌单或相近的听歌场景里。请根据整体氛围、情绪基调和节奏能量判断它们是否相似；不要根据国家、语言、乐器或标签直接下结论。若相似填 yes，不相似填 no，不确定可留空并在 notes 中说明。,,,,
pal_0716,indonesia_fma_0001,germany_0070,indonesia,germany,"[""Pop""]","[10, 76]",Glow,Sheep,E:\Desktop\Echo\storage\public\research_dataset_v3\indonesia\audio\indonesia_fma_0001.mp3,E:\Desktop\Echo\storage\public\research_dataset_v3\germany\audio\germany_0070.mp3,,,1.424130916595459,culture_centroid_entropy,请判断这两首曲目是否适合放在同一个歌单或相近的听歌场景里。请根据整体氛围、情绪基调和节奏能量判断它们是否相似；不要根据国家、语言、乐器或标签直接下结论。若相似填 yes，不相似填 no，不确定可留空并在 notes 中说明。,,,,
pal_0717,indonesia_fma_0004,indonesia_fma_0005,indonesia,indonesia,"[""Compilation"", ""Soundtrack"", ""Instrumental""]","[""Pop""]",Rat and Cat,Rat and Cat,E:\Desktop\Echo\storage\public\research_dataset_v3\indonesia\audio\indonesia_fma_0004.mp3,E:\Desktop\Echo\storage\public\research_dataset_v3\indonesia\audio\indonesia_fma_0005.mp3,,,1.424130916595459,culture_centroid_entropy,请判断这两首曲目是否适合放在同一个歌单或相近的听歌场景里。请根据整体氛围、情绪基调和节奏能量判断它们是否相似；不要根据国家、语言、乐器或标签直接下结论。若相似填 yes，不相似填 no，不确定可留空并在 notes 中说明。,,,,
pal_0718,indonesia_gamelan_0003,turkey_modern_0121,indonesia,turkey,orchestra/mixture,,,,E:\Desktop\Echo\storage\public\research_dataset_v3\indonesia\audio\indonesia_gamelan_0003.wav,E:\Desktop\Echo\storage\public\research_dataset_v3\turkey\audio\turkey_modern_0121.mp3,,,1.424130916595459,culture_centroid_entropy,请判断这两首曲目是否适合放在同一个歌单或相近的听歌场景里。请根据整体氛围、情绪基调和节奏能量判断它们是否相似；不要根据国家、语言、乐器或标签直接下结论。若相似填 yes，不相似填 no，不确定可留空并在 notes 中说明。,,,,
pal_0719,indonesia_gamelan_0033,indonesia_gamelan_0038,indonesia,indonesia,orchestra/target,orchestra/target,,,E:\Desktop\Echo\storage\public\research_dataset_v3\indonesia\audio\indonesia_gamelan_0033.wav,E:\Desktop\Echo\storage\public\research_dataset_v3\indonesia\audio\indonesia_gamelan_0038.wav,,,1.424130916595459,culture_centroid_entropy,请判断这两首曲目是否适合放在同一个歌单或相近的听歌场景里。请根据整体氛围、情绪基调和节奏能量判断它们是否相似；不要根据国家、语言、乐器或标签直接下结论。若相似填 yes，不相似填 no，不确定可留空并在 notes 中说明。,,,,
pal_0720,italy_0016,china_opencpop_0033,italy,china,[10],mandarin_pop,The End,你笑起来真好看,E:\Desktop\Echo\storage\public\research_dataset_v3\italy\audio\italy_0016.mp3,E:\Desktop\Echo\storage\public\research_dataset_v3\china\audio\china_opencpop_0033.wav,,,1.424130916595459,culture_centroid_entropy,请判断这两首曲目是否适合放在同一个歌单或相近的听歌场景里。请根据整体氛围、情绪基调和节奏能量判断它们是否相似；不要根据国家、语言、乐器或标签直接下结论。若相似填 yes，不相似填 no，不确定可留空并在 notes 中说明。,,,,
pal_0721,italy_0050,great_britain_0084,italy,great_britain,"[18, 1235, 13]","[107, 1235]",Pitch Black Void,Higekitekina (悲劇的な),E:\Desktop\Echo\storage\public\research_dataset_v3\italy\audio\italy_0050.mp3,E:\Desktop\Echo\storage\public\research_dataset_v3\great_britain\audio\great_britain_0084.mp3,,,1.424130916595459,culture_centroid_entropy,请判断这两首曲目是否适合放在同一个歌单或相近的听歌场景里。请根据整体氛围、情绪基调和节奏能量判断它们是否相似；不要根据国家、语言、乐器或标签直接下结论。若相似填 yes，不相似填 no，不确定可留空并在 notes 中说明。,,,,
pal_0722,italy_0059,great_britain_0098,italy,great_britain,"[18, 1235, 13]","[10, 76]",Proton-pump inhibitor II,philcollins takes your hand,E:\Desktop\Echo\storage\public\research_dataset_v3\italy\audio\italy_0059.mp3,E:\Desktop\Echo\storage\public\research_dataset_v3\great_britain\audio\great_britain_0098.mp3,,,1.424130916595459,culture_centroid_entropy,请判断这两首曲目是否适合放在同一个歌单或相近的听歌场景里。请根据整体氛围、情绪基调和节奏能量判断它们是否相似；不要根据国家、语言、乐器或标签直接下结论。若相似填 yes，不相似填 no，不确定可留空并在 notes 中说明。,,,,
pal_0723,italy_0096,russia_0068,italy,russia,[4],"[17, 107, 1235, 103]",06 five special blues,Falling Garden,E:\Desktop\Echo\storage\public\research_dataset_v3\italy\audio\italy_0096.mp3,E:\Desktop\Echo\storage\public\research_dataset_v3\russia\audio\russia_0068.mp3,,,1.424130916595459,culture_centroid_entropy,请判断这两首曲目是否适合放在同一个歌单或相近的听歌场景里。请根据整体氛围、情绪基调和节奏能量判断它们是否相似；不要根据国家、语言、乐器或标签直接下结论。若相似填 yes，不相似填 no，不确定可留空并在 notes 中说明。,,,,
pal_0724,italy_0098,italy_0088,italy,italy,[4],"[137, 9]",08 Felipe vers. cubana,La Natura Del Ciclismo,E:\Desktop\Echo\storage\public\research_dataset_v3\italy\audio\italy_0098.mp3,E:\Desktop\Echo\storage\public\research_dataset_v3\italy\audio\italy_0088.mp3,,,1.424130916595459,culture_centroid_entropy,请判断这两首曲目是否适合放在同一个歌单或相近的听歌场景里。请根据整体氛围、情绪基调和节奏能量判断它们是否相似；不要根据国家、语言、乐器或标签直接下结论。若相似填 yes，不相似填 no，不确定可留空并在 notes 中说明。,,,,
pal_0725,modern_english_pop_0012,modern_english_pop_0005,modern_english_pop,modern_english_pop,"['pop', 'minimal']","['folk', 'pop']",,,E:\Desktop\Echo\storage\public\research_dataset_v3\modern_english_pop\audio\modern_english_pop_0012.mp3,E:\Desktop\Echo\storage\public\research_dataset_v3\modern_english_pop\audio\modern_english_pop_0005.mp3,,,1.424130916595459,culture_centroid_entropy,请判断这两首曲目是否适合放在同一个歌单或相近的听歌场景里。请根据整体氛围、情绪基调和节奏能量判断它们是否相似；不要根据国家、语言、乐器或标签直接下结论。若相似填 yes，不相似填 no，不确定可留空并在 notes 中说明。,,,,
pal_0726,modern_english_pop_0063,modern_english_pop_0117,modern_english_pop,modern_english_pop,"['folk', 'pop', 'indie', 'alternative']","['folk', 'singersongwriter', 'popfolk']",,,E:\Desktop\Echo\storage\public\research_dataset_v3\modern_english_pop\audio\modern_english_pop_0063.mp3,E:\Desktop\Echo\storage\public\research_dataset_v3\modern_english_pop\audio\modern_english_pop_0117.mp3,,,1.424130916595459,culture_centroid_entropy,请判断这两首曲目是否适合放在同一个歌单或相近的听歌场景里。请根据整体氛围、情绪基调和节奏能量判断它们是否相似；不要根据国家、语言、乐器或标签直接下结论。若相似填 yes，不相似填 no，不确定可留空并在 notes 中说明。,,,,
pal_0727,modern_english_pop_0083,modern_english_pop_0043,modern_english_pop,modern_english_pop,"['pop', 'popfolk']","['blues', 'pop', 'chanson']",,,E:\Desktop\Echo\storage\public\research_dataset_v3\modern_english_pop\audio\modern_english_pop_0083.mp3,E:\Desktop\Echo\storage\public\research_dataset_v3\modern_english_pop\audio\modern_english_pop_0043.mp3,,,1.424130916595459,culture_centroid_entropy,请判断这两首曲目是否适合放在同一个歌单或相近的听歌场景里。请根据整体氛围、情绪基调和节奏能量判断它们是否相似；不要根据国家、语言、乐器或标签直接下结论。若相似填 yes，不相似填 no，不确定可留空并在 notes 中说明。,,,,
pal_0728,modern_english_pop_0104,modern_english_pop_0041,modern_english_pop,modern_english_pop,"['folk', 'pop', 'singersongwriter', 'popfolk']","['blues', 'pop', 'chanson']",,,E:\Desktop\Echo\storage\public\research_dataset_v3\modern_english_pop\audio\modern_english_pop_0104.mp3,E:\Desktop\Echo\storage\public\research_dataset_v3\modern_english_pop\audio\modern_english_pop_0041.mp3,,,1.424130916595459,culture_centroid_entropy,请判断这两首曲目是否适合放在同一个歌单或相近的听歌场景里。请根据整体氛围、情绪基调和节奏能量判断它们是否相似；不要根据国家、语言、乐器或标签直接下结论。若相似填 yes，不相似填 no，不确定可留空并在 notes 中说明。,,,,
pal_0729,modern_english_pop_0107,modern_english_pop_0105,modern_english_pop,modern_english_pop,"['folk', 'pop', 'singersongwriter', 'popfolk']","['folk', 'pop', 'singersongwriter', 'popfolk']",,,E:\Desktop\Echo\storage\public\research_dataset_v3\modern_english_pop\audio\modern_english_pop_0107.mp3,E:\Desktop\Echo\storage\public\research_dataset_v3\modern_english_pop\audio\modern_english_pop_0105.mp3,,,1.424130916595459,culture_centroid_entropy,请判断这两首曲目是否适合放在同一个歌单或相近的听歌场景里。请根据整体氛围、情绪基调和节奏能量判断它们是否相似；不要根据国家、语言、乐器或标签直接下结论。若相似填 yes，不相似填 no，不确定可留空并在 notes 中说明。,,,,
pal_0730,russia_0047,italy_0022,russia,italy,"[10, 76]","[18, 1235]",New Years Party by Toptygin (live),The Moon,E:\Desktop\Echo\storage\public\research_dataset_v3\russia\audio\russia_0047.mp3,E:\Desktop\Echo\storage\public\research_dataset_v3\italy\audio\italy_0022.mp3,,,1.424130916595459,culture_centroid_entropy,请判断这两首曲目是否适合放在同一个歌单或相近的听歌场景里。请根据整体氛围、情绪基调和节奏能量判断它们是否相似；不要根据国家、语言、乐器或标签直接下结论。若相似填 yes，不相似填 no，不确定可留空并在 notes 中说明。,,,,
pal_0731,russia_0070,russia_0095,russia,russia,"[107, 18, 1235, 5]","[107, 5, 1235]",Waves,At The Rift,E:\Desktop\Echo\storage\public\research_dataset_v3\russia\audio\russia_0070.mp3,E:\Desktop\Echo\storage\public\research_dataset_v3\russia\audio\russia_0095.mp3,,,1.424130916595459,culture_centroid_entropy,请判断这两首曲目是否适合放在同一个歌单或相近的听歌场景里。请根据整体氛围、情绪基调和节奏能量判断它们是否相似；不要根据国家、语言、乐器或标签直接下结论。若相似填 yes，不相似填 no，不确定可留空并在 notes 中说明。,,,,
pal_0732,russia_0085,great_britain_0070,russia,great_britain,"[107, 5, 1235]",[],Night In The Forest,Clockwork Improviser,E:\Desktop\Echo\storage\public\research_dataset_v3\russia\audio\russia_0085.mp3,E:\Desktop\Echo\storage\public\research_dataset_v3\great_britain\audio\great_britain_0070.mp3,,,1.424130916595459,culture_centroid_entropy,请判断这两首曲目是否适合放在同一个歌单或相近的听歌场景里。请根据整体氛围、情绪基调和节奏能量判断它们是否相似；不要根据国家、语言、乐器或标签直接下结论。若相似填 yes，不相似填 no，不确定可留空并在 notes 中说明。,,,,
pal_0733,turkey_modern_0083,italy_0005,turkey,italy,,[4],,Balzi Mossi (Mozambiguo),E:\Desktop\Echo\storage\public\research_dataset_v3\turkey\audio\turkey_modern_0083.mp3,E:\Desktop\Echo\storage\public\research_dataset_v3\italy\audio\italy_0005.mp3,,,1.424130916595459,culture_centroid_entropy,请判断这两首曲目是否适合放在同一个歌单或相近的听歌场景里。请根据整体氛围、情绪基调和节奏能量判断它们是否相似；不要根据国家、语言、乐器或标签直接下结论。若相似填 yes，不相似填 no，不确定可留空并在 notes 中说明。,,,,
pal_0734,turkey_modern_0118,turkey_modern_0068,turkey,turkey,,,,,E:\Desktop\Echo\storage\public\research_dataset_v3\turkey\audio\turkey_modern_0118.mp3,E:\Desktop\Echo\storage\public\research_dataset_v3\turkey\audio\turkey_modern_0068.mp3,,,1.424130916595459,culture_centroid_entropy,请判断这两首曲目是否适合放在同一个歌单或相近的听歌场景里。请根据整体氛围、情绪基调和节奏能量判断它们是否相似；不要根据国家、语言、乐器或标签直接下结论。若相似填 yes，不相似填 no，不确定可留空并在 notes 中说明。,,,,
pal_0735,turkey_modern_0127,india_saraga_0087,turkey,india,,Raag Mian Malhar,,Raag Mian Malhar,E:\Desktop\Echo\storage\public\research_dataset_v3\turkey\audio\turkey_modern_0127.mp3,E:\Desktop\Echo\storage\public\research_dataset_v3\india\audio\india_saraga_0087.mp3,,,1.424130916595459,culture_centroid_entropy,请判断这两首曲目是否适合放在同一个歌单或相近的听歌场景里。请根据整体氛围、情绪基调和节奏能量判断它们是否相似；不要根据国家、语言、乐器或标签直接下结论。若相似填 yes，不相似填 no，不确定可留空并在 notes 中说明。,,,,
pal_0736,france_0010,india_saraga_0063,france,india,"[10, 76]",Raag Bihag,Picolle,Raag Bihag,E:\Desktop\Echo\storage\public\research_dataset_v3\france\audio\france_0010.mp3,E:\Desktop\Echo\storage\public\research_dataset_v3\india\audio\india_saraga_0063.mp3,,,1.4241307973861694,culture_centroid_entropy,请判断这两首曲目是否适合放在同一个歌单或相近的听歌场景里。请根据整体氛围、情绪基调和节奏能量判断它们是否相似；不要根据国家、语言、乐器或标签直接下结论。若相似填 yes，不相似填 no，不确定可留空并在 notes 中说明。,,,,
pal_0737,great_britain_0060,india_saraga_0084,great_britain,india,[],Raag Marwa,"Solo Violin (Live at Cafe OTO, 25 May 2013)",Raag Marwa,E:\Desktop\Echo\storage\public\research_dataset_v3\great_britain\audio\great_britain_0060.mp3,E:\Desktop\Echo\storage\public\research_dataset_v3\india\audio\india_saraga_0084.mp3,,,1.4241307973861694,culture_centroid_entropy,请判断这两首曲目是否适合放在同一个歌单或相近的听歌场景里。请根据整体氛围、情绪基调和节奏能量判断它们是否相似；不要根据国家、语言、乐器或标签直接下结论。若相似填 yes，不相似填 no，不确定可留空并在 notes 中说明。,,,,
pal_0738,india_saraga_0064,germany_0066,india,germany,Raag Bihag,"[107, 1235]",Raag Bihag,Island,E:\Desktop\Echo\storage\public\research_dataset_v3\india\audio\india_saraga_0064.mp3,E:\Desktop\Echo\storage\public\research_dataset_v3\germany\audio\germany_0066.mp3,,,1.4241307973861694,culture_centroid_entropy,请判断这两首曲目是否适合放在同一个歌单或相近的听歌场景里。请根据整体氛围、情绪基调和节奏能量判断它们是否相似；不要根据国家、语言、乐器或标签直接下结论。若相似填 yes，不相似填 no，不确定可留空并在 notes 中说明。,,,,
pal_0739,russia_0003,turkey_modern_0034,russia,turkey,"[107, 1235]",,jevai,,E:\Desktop\Echo\storage\public\research_dataset_v3\russia\audio\russia_0003.mp3,E:\Desktop\Echo\storage\public\research_dataset_v3\turkey\audio\turkey_modern_0034.mp3,,,1.4241307973861694,culture_centroid_entropy,请判断这两首曲目是否适合放在同一个歌单或相近的听歌场景里。请根据整体氛围、情绪基调和节奏能量判断它们是否相似；不要根据国家、语言、乐器或标签直接下结论。若相似填 yes，不相似填 no，不确定可留空并在 notes 中说明。,,,,
pal_0740,china_jingju_0019,china_jingju_0030,china,china,daspd,daxp,Hai_dao_bing,Meng_ting_de,E:\Desktop\Echo\storage\public\research_dataset_v3\china\audio\china_jingju_0019.wav,E:\Desktop\Echo\storage\public\research_dataset_v3\china\audio\china_jingju_0030.wav,,,1.3579790592193604,culture_centroid_entropy,请判断这两首曲目是否适合放在同一个歌单或相近的听歌场景里。请根据整体氛围、情绪基调和节奏能量判断它们是否相似；不要根据国家、语言、乐器或标签直接下结论。若相似填 yes，不相似填 no，不确定可留空并在 notes 中说明。,,,,
pal_0741,france_0072,great_britain_0016,france,great_britain,"[10, 76]","[538, 18, 1235]",Dites 33,San Francisco,E:\Desktop\Echo\storage\public\research_dataset_v3\france\audio\france_0072.mp3,E:\Desktop\Echo\storage\public\research_dataset_v3\great_britain\audio\great_britain_0016.mp3,,,1.3579790592193604,culture_centroid_entropy,请判断这两首曲目是否适合放在同一个歌单或相近的听歌场景里。请根据整体氛围、情绪基调和节奏能量判断它们是否相似；不要根据国家、语言、乐器或标签直接下结论。若相似填 yes，不相似填 no，不确定可留空并在 notes 中说明。,,,,
pal_0742,germany_0014,india_saraga_0060,germany,india,"[17, 103]",Raag Bhoopali,Über Bord,Raag Bhoopali,E:\Desktop\Echo\storage\public\research_dataset_v3\germany\audio\germany_0014.mp3,E:\Desktop\Echo\storage\public\research_dataset_v3\india\audio\india_saraga_0060.mp3,,,1.3579790592193604,culture_centroid_entropy,请判断这两首曲目是否适合放在同一个歌单或相近的听歌场景里。请根据整体氛围、情绪基调和节奏能量判断它们是否相似；不要根据国家、语言、乐器或标签直接下结论。若相似填 yes，不相似填 no，不确定可留空并在 notes 中说明。,,,,
pal_0743,great_britain_0014,france_0022,great_britain,france,[17],"[33, 17, 94]",Fire,It's Not Like You (Always),E:\Desktop\Echo\storage\public\research_dataset_v3\great_britain\audio\great_britain_0014.mp3,E:\Desktop\Echo\storage\public\research_dataset_v3\france\audio\france_0022.mp3,,,1.3579790592193604,culture_centroid_entropy,请判断这两首曲目是否适合放在同一个歌单或相近的听歌场景里。请根据整体氛围、情绪基调和节奏能量判断它们是否相似；不要根据国家、语言、乐器或标签直接下结论。若相似填 yes，不相似填 no，不确定可留空并在 notes 中说明。,,,,
pal_0744,great_britain_0090,indonesia_fma_0005,great_britain,indonesia,[17],"[""Pop""]",I Will Devour,Rat and Cat,E:\Desktop\Echo\storage\public\research_dataset_v3\great_britain\audio\great_britain_0090.mp3,E:\Desktop\Echo\storage\public\research_dataset_v3\indonesia\audio\indonesia_fma_0005.mp3,,,1.3579790592193604,culture_centroid_entropy,请判断这两首曲目是否适合放在同一个歌单或相近的听歌场景里。请根据整体氛围、情绪基调和节奏能量判断它们是否相似；不要根据国家、语言、乐器或标签直接下结论。若相似填 yes，不相似填 no，不确定可留空并在 notes 中说明。,,,,
pal_0745,indonesia_fma_0002,great_britain_0036,indonesia,great_britain,"[""Pop""]","[187, 5]",I'm a Sir,ha'zman,E:\Desktop\Echo\storage\public\research_dataset_v3\indonesia\audio\indonesia_fma_0002.mp3,E:\Desktop\Echo\storage\public\research_dataset_v3\great_britain\audio\great_britain_0036.mp3,,,1.3579790592193604,culture_centroid_entropy,请判断这两首曲目是否适合放在同一个歌单或相近的听歌场景里。请根据整体氛围、情绪基调和节奏能量判断它们是否相似；不要根据国家、语言、乐器或标签直接下结论。若相似填 yes，不相似填 no，不确定可留空并在 notes 中说明。,,,,
pal_0746,turkey_modern_0074,turkey_modern_0014,turkey,turkey,,,,,E:\Desktop\Echo\storage\public\research_dataset_v3\turkey\audio\turkey_modern_0074.mp3,E:\Desktop\Echo\storage\public\research_dataset_v3\turkey\audio\turkey_modern_0014.mp3,,,1.3579790592193604,culture_centroid_entropy,请判断这两首曲目是否适合放在同一个歌单或相近的听歌场景里。请根据整体氛围、情绪基调和节奏能量判断它们是否相似；不要根据国家、语言、乐器或标签直接下结论。若相似填 yes，不相似填 no，不确定可留空并在 notes 中说明。,,,,
pal_0747,china_ctis_0031,china_ctis_0035,china,china,T0302,T0302,傈傈族奇奔,傈傈族奇奔,E:\Desktop\Echo\storage\public\research_dataset_v3\china\audio\china_ctis_0031.wav,E:\Desktop\Echo\storage\public\research_dataset_v3\china\audio\china_ctis_0035.wav,,,1.3579789400100708,culture_centroid_entropy,请判断这两首曲目是否适合放在同一个歌单或相近的听歌场景里。请根据整体氛围、情绪基调和节奏能量判断它们是否相似；不要根据国家、语言、乐器或标签直接下结论。若相似填 yes，不相似填 no，不确定可留空并在 notes 中说明。,,,,
pal_0748,china_opencpop_0031,china_opencpop_0044,china,china,mandarin_pop,mandarin_pop,世界那么大还是遇见你,爱,E:\Desktop\Echo\storage\public\research_dataset_v3\china\audio\china_opencpop_0031.wav,E:\Desktop\Echo\storage\public\research_dataset_v3\china\audio\china_opencpop_0044.wav,,,1.3579789400100708,culture_centroid_entropy,请判断这两首曲目是否适合放在同一个歌单或相近的听歌场景里。请根据整体氛围、情绪基调和节奏能量判断它们是否相似；不要根据国家、语言、乐器或标签直接下结论。若相似填 yes，不相似填 no，不确定可留空并在 notes 中说明。,,,,
pal_0749,france_0092,germany_0062,france,germany,[17],"[18, 1235]",Sweet as a cat,The Ziggurat,E:\Desktop\Echo\storage\public\research_dataset_v3\france\audio\france_0092.mp3,E:\Desktop\Echo\storage\public\research_dataset_v3\germany\audio\germany_0062.mp3,,,1.3579789400100708,culture_centroid_entropy,请判断这两首曲目是否适合放在同一个歌单或相近的听歌场景里。请根据整体氛围、情绪基调和节奏能量判断它们是否相似；不要根据国家、语言、乐器或标签直接下结论。若相似填 yes，不相似填 no，不确定可留空并在 notes 中说明。,,,,
pal_0750,germany_0006,great_britain_0052,germany,great_britain,"[107, 1235]",[],Orca,Yuzhmash,E:\Desktop\Echo\storage\public\research_dataset_v3\germany\audio\germany_0006.mp3,E:\Desktop\Echo\storage\public\research_dataset_v3\great_britain\audio\great_britain_0052.mp3,,,1.3579789400100708,culture_centroid_entropy,请判断这两首曲目是否适合放在同一个歌单或相近的听歌场景里。请根据整体氛围、情绪基调和节奏能量判断它们是否相似；不要根据国家、语言、乐器或标签直接下结论。若相似填 yes，不相似填 no，不确定可留空并在 notes 中说明。,,,,
pal_0751,india_saraga_0065,india_saraga_0057,india,india,Raag Hameer,Raag Multani,Raag Hameer,Raag Multani,E:\Desktop\Echo\storage\public\research_dataset_v3\india\audio\india_saraga_0065.mp3,E:\Desktop\Echo\storage\public\research_dataset_v3\india\audio\india_saraga_0057.mp3,,,1.3579789400100708,culture_centroid_entropy,请判断这两首曲目是否适合放在同一个歌单或相近的听歌场景里。请根据整体氛围、情绪基调和节奏能量判断它们是否相似；不要根据国家、语言、乐器或标签直接下结论。若相似填 yes，不相似填 no，不确定可留空并在 notes 中说明。,,,,
pal_0752,indonesia_gamelan_0023,indonesia_gamelan_0028,indonesia,indonesia,orchestra/target,orchestra/target,,,E:\Desktop\Echo\storage\public\research_dataset_v3\indonesia\audio\indonesia_gamelan_0023.wav,E:\Desktop\Echo\storage\public\research_dataset_v3\indonesia\audio\indonesia_gamelan_0028.wav,,,1.3579789400100708,culture_centroid_entropy,请判断这两首曲目是否适合放在同一个歌单或相近的听歌场景里。请根据整体氛围、情绪基调和节奏能量判断它们是否相似；不要根据国家、语言、乐器或标签直接下结论。若相似填 yes，不相似填 no，不确定可留空并在 notes 中说明。,,,,
pal_0753,indonesia_gamelan_0032,indonesia_gamelan_0030,indonesia,indonesia,orchestra/target,orchestra/target,,,E:\Desktop\Echo\storage\public\research_dataset_v3\indonesia\audio\indonesia_gamelan_0032.wav,E:\Desktop\Echo\storage\public\research_dataset_v3\indonesia\audio\indonesia_gamelan_0030.wav,,,1.3579789400100708,culture_centroid_entropy,请判断这两首曲目是否适合放在同一个歌单或相近的听歌场景里。请根据整体氛围、情绪基调和节奏能量判断它们是否相似；不要根据国家、语言、乐器或标签直接下结论。若相似填 yes，不相似填 no，不确定可留空并在 notes 中说明。,,,,
pal_0754,china_ctis_0016,india_saraga_0057,china,india,L0164,Raag Multani,赣胡,Raag Multani,E:\Desktop\Echo\storage\public\research_dataset_v3\china\audio\china_ctis_0016.wav,E:\Desktop\Echo\storage\public\research_dataset_v3\india\audio\india_saraga_0057.mp3,,,1.3579788208007812,culture_centroid_entropy,请判断这两首曲目是否适合放在同一个歌单或相近的听歌场景里。请根据整体氛围、情绪基调和节奏能量判断它们是否相似；不要根据国家、语言、乐器或标签直接下结论。若相似填 yes，不相似填 no，不确定可留空并在 notes 中说明。,,,,
pal_0755,china_ctis_0053,china_ctis_0060,china,china,C0306,L0047,拉祜族葫芦笙,扬剧主胡(小西皮),E:\Desktop\Echo\storage\public\research_dataset_v3\china\audio\china_ctis_0053.wav,E:\Desktop\Echo\storage\public\research_dataset_v3\china\audio\china_ctis_0060.wav,,,1.3579788208007812,culture_centroid_entropy,请判断这两首曲目是否适合放在同一个歌单或相近的听歌场景里。请根据整体氛围、情绪基调和节奏能量判断它们是否相似；不要根据国家、语言、乐器或标签直接下结论。若相似填 yes，不相似填 no，不确定可留空并在 notes 中说明。,,,,
pal_0756,china_jingju_0049,china_jingju_0052,china,china,zhuangyuanmei_daocishi,zhuangyuanmei_zhenzhushan,zhuangyuanmei_daocishi,zhuangyuanmei_zhenzhushan,E:\Desktop\Echo\storage\public\research_dataset_v3\china\audio\china_jingju_0049.wav,E:\Desktop\Echo\storage\public\research_dataset_v3\china\audio\china_jingju_0052.wav,,,1.3579788208007812,culture_centroid_entropy,请判断这两首曲目是否适合放在同一个歌单或相近的听歌场景里。请根据整体氛围、情绪基调和节奏能量判断它们是否相似；不要根据国家、语言、乐器或标签直接下结论。若相似填 yes，不相似填 no，不确定可留空并在 notes 中说明。,,,,
pal_0757,china_jingju_0055,italy_0084,china,italy,lseh,"[137, 9]",Wei_guo_jia,Il Passato Ha Gli Zoccoli,E:\Desktop\Echo\storage\public\research_dataset_v3\china\audio\china_jingju_0055.wav,E:\Desktop\Echo\storage\public\research_dataset_v3\italy\audio\italy_0084.mp3,,,1.3579788208007812,culture_centroid_entropy,请判断这两首曲目是否适合放在同一个歌单或相近的听歌场景里。请根据整体氛围、情绪基调和节奏能量判断它们是否相似；不要根据国家、语言、乐器或标签直接下结论。若相似填 yes，不相似填 no，不确定可留空并在 notes 中说明。,,,,
pal_0758,france_0012,france_0095,france,france,[17],[17],Comic Topic,Les Amours Dures (Tough Love Blues),E:\Desktop\Echo\storage\public\research_dataset_v3\france\audio\france_0012.mp3,E:\Desktop\Echo\storage\public\research_dataset_v3\france\audio\france_0095.mp3,,,1.3579788208007812,culture_centroid_entropy,请判断这两首曲目是否适合放在同一个歌单或相近的听歌场景里。请根据整体氛围、情绪基调和节奏能量判断它们是否相似；不要根据国家、语言、乐器或标签直接下结论。若相似填 yes，不相似填 no，不确定可留空并在 notes 中说明。,,,,
pal_0759,france_0041,russia_0073,france,russia,[10],"[107, 18, 1235, 5]",I Sing Despair,Morning City,E:\Desktop\Echo\storage\public\research_dataset_v3\france\audio\france_0041.mp3,E:\Desktop\Echo\storage\public\research_dataset_v3\russia\audio\russia_0073.mp3,,,1.3579788208007812,culture_centroid_entropy,请判断这两首曲目是否适合放在同一个歌单或相近的听歌场景里。请根据整体氛围、情绪基调和节奏能量判断它们是否相似；不要根据国家、语言、乐器或标签直接下结论。若相似填 yes，不相似填 no，不确定可留空并在 notes 中说明。,,,,
pal_0760,france_0044,germany_0070,france,germany,[],"[10, 76]",untitled track,Sheep,E:\Desktop\Echo\storage\public\research_dataset_v3\france\audio\france_0044.mp3,E:\Desktop\Echo\storage\public\research_dataset_v3\germany\audio\germany_0070.mp3,,,1.3579788208007812,culture_centroid_entropy,请判断这两首曲目是否适合放在同一个歌单或相近的听歌场景里。请根据整体氛围、情绪基调和节奏能量判断它们是否相似；不要根据国家、语言、乐器或标签直接下结论。若相似填 yes，不相似填 no，不确定可留空并在 notes 中说明。,,,,
pal_0761,germany_0040,germany_0083,germany,germany,[17],"[17, 1235, 4]",Sunny Sea Walk,Flowery Meadow,E:\Desktop\Echo\storage\public\research_dataset_v3\germany\audio\germany_0040.mp3,E:\Desktop\Echo\storage\public\research_dataset_v3\germany\audio\germany_0083.mp3,,,1.3579788208007812,culture_centroid_entropy,请判断这两首曲目是否适合放在同一个歌单或相近的听歌场景里。请根据整体氛围、情绪基调和节奏能量判断它们是否相似；不要根据国家、语言、乐器或标签直接下结论。若相似填 yes，不相似填 no，不确定可留空并在 notes 中说明。,,,,
pal_0762,india_saraga_0043,indonesia_gamelan_0008,india,indonesia,Raag Khamaj,orchestra/mixture,Raag Khamaj,,E:\Desktop\Echo\storage\public\research_dataset_v3\india\audio\india_saraga_0043.mp3,E:\Desktop\Echo\storage\public\research_dataset_v3\indonesia\audio\indonesia_gamelan_0008.wav,,,1.3579788208007812,culture_centroid_entropy,请判断这两首曲目是否适合放在同一个歌单或相近的听歌场景里。请根据整体氛围、情绪基调和节奏能量判断它们是否相似；不要根据国家、语言、乐器或标签直接下结论。若相似填 yes，不相似填 no，不确定可留空并在 notes 中说明。,,,,
pal_0763,india_saraga_0056,france_0010,india,france,Raag Bhimpalasi,"[10, 76]",Raag Bhimpalasi,Picolle,E:\Desktop\Echo\storage\public\research_dataset_v3\india\audio\india_saraga_0056.mp3,E:\Desktop\Echo\storage\public\research_dataset_v3\france\audio\france_0010.mp3,,,1.3579788208007812,culture_centroid_entropy,请判断这两首曲目是否适合放在同一个歌单或相近的听歌场景里。请根据整体氛围、情绪基调和节奏能量判断它们是否相似；不要根据国家、语言、乐器或标签直接下结论。若相似填 yes，不相似填 no，不确定可留空并在 notes 中说明。,,,,
pal_0764,india_saraga_0072,india_saraga_0071,india,india,Raag Jog,Raag Kalyan,Raag Jog,Raag Kalyan,E:\Desktop\Echo\storage\public\research_dataset_v3\india\audio\india_saraga_0072.mp3,E:\Desktop\Echo\storage\public\research_dataset_v3\india\audio\india_saraga_0071.mp3,,,1.3579788208007812,culture_centroid_entropy,请判断这两首曲目是否适合放在同一个歌单或相近的听歌场景里。请根据整体氛围、情绪基调和节奏能量判断它们是否相似；不要根据国家、语言、乐器或标签直接下结论。若相似填 yes，不相似填 no，不确定可留空并在 notes 中说明。,,,,
pal_0765,india_saraga_0081,india_saraga_0082,india,india,Raag Chandrakauns,Raag Malkauns,Raag Chandrakauns,Raag Malkauns,E:\Desktop\Echo\storage\public\research_dataset_v3\india\audio\india_saraga_0081.mp3,E:\Desktop\Echo\storage\public\research_dataset_v3\india\audio\india_saraga_0082.mp3,,,1.3579788208007812,culture_centroid_entropy,请判断这两首曲目是否适合放在同一个歌单或相近的听歌场景里。请根据整体氛围、情绪基调和节奏能量判断它们是否相似；不要根据国家、语言、乐器或标签直接下结论。若相似填 yes，不相似填 no，不确定可留空并在 notes 中说明。,,,,
pal_0766,indonesia_fma_0015,italy_0007,indonesia,italy,"[""Compilation"", ""Soundtrack"", ""Instrumental""]","[659, 5, 1235]",Sekar Jupun Remix + Gadis Pujaan,The Cyclone,E:\Desktop\Echo\storage\public\research_dataset_v3\indonesia\audio\indonesia_fma_0015.mp3,E:\Desktop\Echo\storage\public\research_dataset_v3\italy\audio\italy_0007.mp3,,,1.3579788208007812,culture_centroid_entropy,请判断这两首曲目是否适合放在同一个歌单或相近的听歌场景里。请根据整体氛围、情绪基调和节奏能量判断它们是否相似；不要根据国家、语言、乐器或标签直接下结论。若相似填 yes，不相似填 no，不确定可留空并在 notes 中说明。,,,,
pal_0767,indonesia_gamelan_0020,indonesia_gamelan_0019,indonesia,indonesia,orchestra/target,orchestra/target,,,E:\Desktop\Echo\storage\public\research_dataset_v3\indonesia\audio\indonesia_gamelan_0020.wav,E:\Desktop\Echo\storage\public\research_dataset_v3\indonesia\audio\indonesia_gamelan_0019.wav,,,1.3579788208007812,culture_centroid_entropy,请判断这两首曲目是否适合放在同一个歌单或相近的听歌场景里。请根据整体氛围、情绪基调和节奏能量判断它们是否相似；不要根据国家、语言、乐器或标签直接下结论。若相似填 yes，不相似填 no，不确定可留空并在 notes 中说明。,,,,
pal_0768,italy_0043,turkey_modern_0110,italy,turkey,[4],,Daily Damage,,E:\Desktop\Echo\storage\public\research_dataset_v3\italy\audio\italy_0043.mp3,E:\Desktop\Echo\storage\public\research_dataset_v3\turkey\audio\turkey_modern_0110.mp3,,,1.3579788208007812,culture_centroid_entropy,请判断这两首曲目是否适合放在同一个歌单或相近的听歌场景里。请根据整体氛围、情绪基调和节奏能量判断它们是否相似；不要根据国家、语言、乐器或标签直接下结论。若相似填 yes，不相似填 no，不确定可留空并在 notes 中说明。,,,,
pal_0769,italy_0044,turkey_modern_0129,italy,turkey,"[659, 5, 1235]",,Home Again Only Three Steps,,E:\Desktop\Echo\storage\public\research_dataset_v3\italy\audio\italy_0044.mp3,E:\Desktop\Echo\storage\public\research_dataset_v3\turkey\audio\turkey_modern_0129.mp3,,,1.3579788208007812,culture_centroid_entropy,请判断这两首曲目是否适合放在同一个歌单或相近的听歌场景里。请根据整体氛围、情绪基调和节奏能量判断它们是否相似；不要根据国家、语言、乐器或标签直接下结论。若相似填 yes，不相似填 no，不确定可留空并在 notes 中说明。,,,,
pal_0770,modern_english_pop_0031,modern_english_pop_0055,modern_english_pop,modern_english_pop,"['folk', 'easylistening', 'pop']",['pop'],,,E:\Desktop\Echo\storage\public\research_dataset_v3\modern_english_pop\audio\modern_english_pop_0031.mp3,E:\Desktop\Echo\storage\public\research_dataset_v3\modern_english_pop\audio\modern_english_pop_0055.mp3,,,1.3579788208007812,culture_centroid_entropy,请判断这两首曲目是否适合放在同一个歌单或相近的听歌场景里。请根据整体氛围、情绪基调和节奏能量判断它们是否相似；不要根据国家、语言、乐器或标签直接下结论。若相似填 yes，不相似填 no，不确定可留空并在 notes 中说明。,,,,
pal_0771,modern_english_pop_0076,modern_english_pop_0032,modern_english_pop,modern_english_pop,"['folk', 'soundtrack', 'pop', 'singersongwriter', 'chillout']","['folk', 'easylistening', 'pop']",,,E:\Desktop\Echo\storage\public\research_dataset_v3\modern_english_pop\audio\modern_english_pop_0076.mp3,E:\Desktop\Echo\storage\public\research_dataset_v3\modern_english_pop\audio\modern_english_pop_0032.mp3,,,1.3579788208007812,culture_centroid_entropy,请判断这两首曲目是否适合放在同一个歌单或相近的听歌场景里。请根据整体氛围、情绪基调和节奏能量判断它们是否相似；不要根据国家、语言、乐器或标签直接下结论。若相似填 yes，不相似填 no，不确定可留空并在 notes 中说明。,,,,
pal_0772,modern_english_pop_0087,italy_0043,modern_english_pop,italy,"['folk', 'pop', 'popfolk']",[4],,Daily Damage,E:\Desktop\Echo\storage\public\research_dataset_v3\modern_english_pop\audio\modern_english_pop_0087.mp3,E:\Desktop\Echo\storage\public\research_dataset_v3\italy\audio\italy_0043.mp3,,,1.3579788208007812,culture_centroid_entropy,请判断这两首曲目是否适合放在同一个歌单或相近的听歌场景里。请根据整体氛围、情绪基调和节奏能量判断它们是否相似；不要根据国家、语言、乐器或标签直接下结论。若相似填 yes，不相似填 no，不确定可留空并在 notes 中说明。,,,,
pal_0773,modern_english_pop_0106,italy_0052,modern_english_pop,italy,"['folk', 'pop', 'singersongwriter', 'popfolk']","[18, 1235, 13]",,Burn me Alive,E:\Desktop\Echo\storage\public\research_dataset_v3\modern_english_pop\audio\modern_english_pop_0106.mp3,E:\Desktop\Echo\storage\public\research_dataset_v3\italy\audio\italy_0052.mp3,,,1.3579788208007812,culture_centroid_entropy,请判断这两首曲目是否适合放在同一个歌单或相近的听歌场景里。请根据整体氛围、情绪基调和节奏能量判断它们是否相似；不要根据国家、语言、乐器或标签直接下结论。若相似填 yes，不相似填 no，不确定可留空并在 notes 中说明。,,,,
pal_0774,modern_english_pop_0112,modern_english_pop_0043,modern_english_pop,modern_english_pop,"['pop', 'singersongwriter', 'popfolk']","['blues', 'pop', 'chanson']",,,E:\Desktop\Echo\storage\public\research_dataset_v3\modern_english_pop\audio\modern_english_pop_0112.mp3,E:\Desktop\Echo\storage\public\research_dataset_v3\modern_english_pop\audio\modern_english_pop_0043.mp3,,,1.3579788208007812,culture_centroid_entropy,请判断这两首曲目是否适合放在同一个歌单或相近的听歌场景里。请根据整体氛围、情绪基调和节奏能量判断它们是否相似；不要根据国家、语言、乐器或标签直接下结论。若相似填 yes，不相似填 no，不确定可留空并在 notes 中说明。,,,,
pal_0775,russia_0045,russia_0087,russia,russia,"[19, 11, 4, 14]","[18, 1235, 5]",Fluteman (Original Disco Funk Mix),Northern City's Secret,E:\Desktop\Echo\storage\public\research_dataset_v3\russia\audio\russia_0045.mp3,E:\Desktop\Echo\storage\public\research_dataset_v3\russia\audio\russia_0087.mp3,,,1.3579788208007812,culture_centroid_entropy,请判断这两首曲目是否适合放在同一个歌单或相近的听歌场景里。请根据整体氛围、情绪基调和节奏能量判断它们是否相似；不要根据国家、语言、乐器或标签直接下结论。若相似填 yes，不相似填 no，不确定可留空并在 notes 中说明。,,,,
pal_0776,russia_0078,turkey_modern_0002,russia,turkey,"[107, 18, 1235, 5]",,Escape,,E:\Desktop\Echo\storage\public\research_dataset_v3\russia\audio\russia_0078.mp3,E:\Desktop\Echo\storage\public\research_dataset_v3\turkey\audio\turkey_modern_0002.mp3,,,1.3579788208007812,culture_centroid_entropy,请判断这两首曲目是否适合放在同一个歌单或相近的听歌场景里。请根据整体氛围、情绪基调和节奏能量判断它们是否相似；不要根据国家、语言、乐器或标签直接下结论。若相似填 yes，不相似填 no，不确定可留空并在 notes 中说明。,,,,
pal_0777,russia_0101,russia_0104,russia,russia,"[107, 18, 1235, 5]","[107, 18, 1235, 5]",Wastelands,Nightingale,E:\Desktop\Echo\storage\public\research_dataset_v3\russia\audio\russia_0101.mp3,E:\Desktop\Echo\storage\public\research_dataset_v3\russia\audio\russia_0104.mp3,,,1.3579788208007812,culture_centroid_entropy,请判断这两首曲目是否适合放在同一个歌单或相近的听歌场景里。请根据整体氛围、情绪基调和节奏能量判断它们是否相似；不要根据国家、语言、乐器或标签直接下结论。若相似填 yes，不相似填 no，不确定可留空并在 notes 中说明。,,,,
pal_0778,russia_0104,russia_0096,russia,russia,"[107, 18, 1235, 5]","[107, 18, 1235, 5]",Nightingale,Tavern,E:\Desktop\Echo\storage\public\research_dataset_v3\russia\audio\russia_0104.mp3,E:\Desktop\Echo\storage\public\research_dataset_v3\russia\audio\russia_0096.mp3,,,1.3579788208007812,culture_centroid_entropy,请判断这两首曲目是否适合放在同一个歌单或相近的听歌场景里。请根据整体氛围、情绪基调和节奏能量判断它们是否相似；不要根据国家、语言、乐器或标签直接下结论。若相似填 yes，不相似填 no，不确定可留空并在 notes 中说明。,,,,
pal_0779,turkey_modern_0036,russia_0082,turkey,russia,,"[107, 18, 1235, 5]",,Destroyer,E:\Desktop\Echo\storage\public\research_dataset_v3\turkey\audio\turkey_modern_0036.mp3,E:\Desktop\Echo\storage\public\research_dataset_v3\russia\audio\russia_0082.mp3,,,1.3579788208007812,culture_centroid_entropy,请判断这两首曲目是否适合放在同一个歌单或相近的听歌场景里。请根据整体氛围、情绪基调和节奏能量判断它们是否相似；不要根据国家、语言、乐器或标签直接下结论。若相似填 yes，不相似填 no，不确定可留空并在 notes 中说明。,,,,
pal_0780,turkey_modern_0044,italy_0043,turkey,italy,,[4],,Daily Damage,E:\Desktop\Echo\storage\public\research_dataset_v3\turkey\audio\turkey_modern_0044.mp3,E:\Desktop\Echo\storage\public\research_dataset_v3\italy\audio\italy_0043.mp3,,,1.3579788208007812,culture_centroid_entropy,请判断这两首曲目是否适合放在同一个歌单或相近的听歌场景里。请根据整体氛围、情绪基调和节奏能量判断它们是否相似；不要根据国家、语言、乐器或标签直接下结论。若相似填 yes，不相似填 no，不确定可留空并在 notes 中说明。,,,,
pal_0781,turkey_modern_0089,germany_0075,turkey,germany,,"[17, 107, 1235]",,In The Fading Light,E:\Desktop\Echo\storage\public\research_dataset_v3\turkey\audio\turkey_modern_0089.mp3,E:\Desktop\Echo\storage\public\research_dataset_v3\germany\audio\germany_0075.mp3,,,1.3579788208007812,culture_centroid_entropy,请判断这两首曲目是否适合放在同一个歌单或相近的听歌场景里。请根据整体氛围、情绪基调和节奏能量判断它们是否相似；不要根据国家、语言、乐器或标签直接下结论。若相似填 yes，不相似填 no，不确定可留空并在 notes 中说明。,,,,
pal_0782,turkey_modern_0098,turkey_modern_0052,turkey,turkey,,,,,E:\Desktop\Echo\storage\public\research_dataset_v3\turkey\audio\turkey_modern_0098.mp3,E:\Desktop\Echo\storage\public\research_dataset_v3\turkey\audio\turkey_modern_0052.mp3,,,1.3579788208007812,culture_centroid_entropy,请判断这两首曲目是否适合放在同一个歌单或相近的听歌场景里。请根据整体氛围、情绪基调和节奏能量判断它们是否相似；不要根据国家、语言、乐器或标签直接下结论。若相似填 yes，不相似填 no，不确定可留空并在 notes 中说明。,,,,
pal_0783,china_jingju_0060,france_0080,china,france,lsfxp,"[17, 1235]",Yang_si_lang,This is not a rock song,E:\Desktop\Echo\storage\public\research_dataset_v3\china\audio\china_jingju_0060.wav,E:\Desktop\Echo\storage\public\research_dataset_v3\france\audio\france_0080.mp3,,,1.352210521697998,culture_centroid_entropy,请判断这两首曲目是否适合放在同一个歌单或相近的听歌场景里。请根据整体氛围、情绪基调和节奏能量判断它们是否相似；不要根据国家、语言、乐器或标签直接下结论。若相似填 yes，不相似填 no，不确定可留空并在 notes 中说明。,,,,
pal_0784,india_saraga_0018,india_saraga_0027,india,india,Lyrics of all the Bandishes,Taal and Sur of Thekas,Lyrics of all the Bandishes,Taal and Sur of Thekas,E:\Desktop\Echo\storage\public\research_dataset_v3\india\audio\india_saraga_0018.mp3,E:\Desktop\Echo\storage\public\research_dataset_v3\india\audio\india_saraga_0027.mp3,,,1.352210521697998,culture_centroid_entropy,请判断这两首曲目是否适合放在同一个歌单或相近的听歌场景里。请根据整体氛围、情绪基调和节奏能量判断它们是否相似；不要根据国家、语言、乐器或标签直接下结论。若相似填 yes，不相似填 no，不确定可留空并在 notes 中说明。,,,,
pal_0785,india_saraga_0074,india_saraga_0075,india,india,Raag Kedar,Raag Sohani,Raag Kedar,Raag Sohani,E:\Desktop\Echo\storage\public\research_dataset_v3\india\audio\india_saraga_0074.mp3,E:\Desktop\Echo\storage\public\research_dataset_v3\india\audio\india_saraga_0075.mp3,,,1.352210521697998,culture_centroid_entropy,请判断这两首曲目是否适合放在同一个歌单或相近的听歌场景里。请根据整体氛围、情绪基调和节奏能量判断它们是否相似；不要根据国家、语言、乐器或标签直接下结论。若相似填 yes，不相似填 no，不确定可留空并在 notes 中说明。,,,,
pal_0786,india_saraga_0088,india_saraga_0075,india,india,Raag Ramdasi Malhar,Raag Sohani,Raag Ramdasi Malhar,Raag Sohani,E:\Desktop\Echo\storage\public\research_dataset_v3\india\audio\india_saraga_0088.mp3,E:\Desktop\Echo\storage\public\research_dataset_v3\india\audio\india_saraga_0075.mp3,,,1.352210521697998,culture_centroid_entropy,请判断这两首曲目是否适合放在同一个歌单或相近的听歌场景里。请根据整体氛围、情绪基调和节奏能量判断它们是否相似；不要根据国家、语言、乐器或标签直接下结论。若相似填 yes，不相似填 no，不确定可留空并在 notes 中说明。,,,,
pal_0787,indonesia_gamelan_0041,indonesia_gamelan_0039,indonesia,indonesia,orchestra/target,orchestra/target,,,E:\Desktop\Echo\storage\public\research_dataset_v3\indonesia\audio\indonesia_gamelan_0041.wav,E:\Desktop\Echo\storage\public\research_dataset_v3\indonesia\audio\indonesia_gamelan_0039.wav,,,1.352210521697998,culture_centroid_entropy,请判断这两首曲目是否适合放在同一个歌单或相近的听歌场景里。请根据整体氛围、情绪基调和节奏能量判断它们是否相似；不要根据国家、语言、乐器或标签直接下结论。若相似填 yes，不相似填 no，不确定可留空并在 notes 中说明。,,,,
pal_0788,italy_0083,indonesia_fma_0002,italy,indonesia,"[137, 9]","[""Pop""]",Il Figlio Calvo,I'm a Sir,E:\Desktop\Echo\storage\public\research_dataset_v3\italy\audio\italy_0083.mp3,E:\Desktop\Echo\storage\public\research_dataset_v3\indonesia\audio\indonesia_fma_0002.mp3,,,1.352210521697998,culture_centroid_entropy,请判断这两首曲目是否适合放在同一个歌单或相近的听歌场景里。请根据整体氛围、情绪基调和节奏能量判断它们是否相似；不要根据国家、语言、乐器或标签直接下结论。若相似填 yes，不相似填 no，不确定可留空并在 notes 中说明。,,,,
pal_0789,modern_english_pop_0093,modern_english_pop_0016,modern_english_pop,modern_english_pop,['pop'],"['groove', 'pop']",,,E:\Desktop\Echo\storage\public\research_dataset_v3\modern_english_pop\audio\modern_english_pop_0093.mp3,E:\Desktop\Echo\storage\public\research_dataset_v3\modern_english_pop\audio\modern_english_pop_0016.mp3,,,1.352210521697998,culture_centroid_entropy,请判断这两首曲目是否适合放在同一个歌单或相近的听歌场景里。请根据整体氛围、情绪基调和节奏能量判断它们是否相似；不要根据国家、语言、乐器或标签直接下结论。若相似填 yes，不相似填 no，不确定可留空并在 notes 中说明。,,,,
pal_0790,china_ctis_0030,china_ctis_0003,china,china,L0167,L0167,黔胡,黔胡,E:\Desktop\Echo\storage\public\research_dataset_v3\china\audio\china_ctis_0030.wav,E:\Desktop\Echo\storage\public\research_dataset_v3\china\audio\china_ctis_0003.wav,,,1.3522104024887085,culture_centroid_entropy,请判断这两首曲目是否适合放在同一个歌单或相近的听歌场景里。请根据整体氛围、情绪基调和节奏能量判断它们是否相似；不要根据国家、语言、乐器或标签直接下结论。若相似填 yes，不相似填 no，不确定可留空并在 notes 中说明。,,,,
pal_0791,great_britain_0039,france_0064,great_britain,france,[],"[267, 1235]",Beach Flats,Transe animale,E:\Desktop\Echo\storage\public\research_dataset_v3\great_britain\audio\great_britain_0039.mp3,E:\Desktop\Echo\storage\public\research_dataset_v3\france\audio\france_0064.mp3,,,1.3522104024887085,culture_centroid_entropy,请判断这两首曲目是否适合放在同一个歌单或相近的听歌场景里。请根据整体氛围、情绪基调和节奏能量判断它们是否相似；不要根据国家、语言、乐器或标签直接下结论。若相似填 yes，不相似填 no，不确定可留空并在 notes 中说明。,,,,
pal_0792,great_britain_0082,italy_0059,great_britain,italy,[3],"[18, 1235, 13]",To The Rhythm of the Funk,Proton-pump inhibitor II,E:\Desktop\Echo\storage\public\research_dataset_v3\great_britain\audio\great_britain_0082.mp3,E:\Desktop\Echo\storage\public\research_dataset_v3\italy\audio\italy_0059.mp3,,,1.3522104024887085,culture_centroid_entropy,请判断这两首曲目是否适合放在同一个歌单或相近的听歌场景里。请根据整体氛围、情绪基调和节奏能量判断它们是否相似；不要根据国家、语言、乐器或标签直接下结论。若相似填 yes，不相似填 no，不确定可留空并在 notes 中说明。,,,,
pal_0793,great_britain_0084,italy_0050,great_britain,italy,"[107, 1235]","[18, 1235, 13]",Higekitekina (悲劇的な),Pitch Black Void,E:\Desktop\Echo\storage\public\research_dataset_v3\great_britain\audio\great_britain_0084.mp3,E:\Desktop\Echo\storage\public\research_dataset_v3\italy\audio\italy_0050.mp3,,,1.3522104024887085,culture_centroid_entropy,请判断这两首曲目是否适合放在同一个歌单或相近的听歌场景里。请根据整体氛围、情绪基调和节奏能量判断它们是否相似；不要根据国家、语言、乐器或标签直接下结论。若相似填 yes，不相似填 no，不确定可留空并在 notes 中说明。,,,,
pal_0794,turkey_modern_0008,modern_english_pop_0087,turkey,modern_english_pop,,"['folk', 'pop', 'popfolk']",,,E:\Desktop\Echo\storage\public\research_dataset_v3\turkey\audio\turkey_modern_0008.mp3,E:\Desktop\Echo\storage\public\research_dataset_v3\modern_english_pop\audio\modern_english_pop_0087.mp3,,,1.3522104024887085,culture_centroid_entropy,请判断这两首曲目是否适合放在同一个歌单或相近的听歌场景里。请根据整体氛围、情绪基调和节奏能量判断它们是否相似；不要根据国家、语言、乐器或标签直接下结论。若相似填 yes，不相似填 no，不确定可留空并在 notes 中说明。,,,,
pal_0795,turkey_modern_0111,turkey_modern_0146,turkey,turkey,,,,,E:\Desktop\Echo\storage\public\research_dataset_v3\turkey\audio\turkey_modern_0111.mp3,E:\Desktop\Echo\storage\public\research_dataset_v3\turkey\audio\turkey_modern_0146.mp3,,,1.3522104024887085,culture_centroid_entropy,请判断这两首曲目是否适合放在同一个歌单或相近的听歌场景里。请根据整体氛围、情绪基调和节奏能量判断它们是否相似；不要根据国家、语言、乐器或标签直接下结论。若相似填 yes，不相似填 no，不确定可留空并在 notes 中说明。,,,,
pal_0796,germany_0067,france_0005,germany,france,"[17, 103]","[10, 76]",paranoid,The Golden Caravan,E:\Desktop\Echo\storage\public\research_dataset_v3\germany\audio\germany_0067.mp3,E:\Desktop\Echo\storage\public\research_dataset_v3\france\audio\france_0005.mp3,,,1.3497933149337769,culture_centroid_entropy,请判断这两首曲目是否适合放在同一个歌单或相近的听歌场景里。请根据整体氛围、情绪基调和节奏能量判断它们是否相似；不要根据国家、语言、乐器或标签直接下结论。若相似填 yes，不相似填 no，不确定可留空并在 notes 中说明。,,,,
pal_0797,great_britain_0030,germany_0004,great_britain,germany,"[17, 180]","[538, 18, 1235]",Hands of Time,Herein Bitte,E:\Desktop\Echo\storage\public\research_dataset_v3\great_britain\audio\great_britain_0030.mp3,E:\Desktop\Echo\storage\public\research_dataset_v3\germany\audio\germany_0004.mp3,,,1.3497933149337769,culture_centroid_entropy,请判断这两首曲目是否适合放在同一个歌单或相近的听歌场景里。请根据整体氛围、情绪基调和节奏能量判断它们是否相似；不要根据国家、语言、乐器或标签直接下结论。若相似填 yes，不相似填 no，不确定可留空并在 notes 中说明。,,,,
pal_0798,india_saraga_0095,great_britain_0018,india,great_britain,Raag Bahar,"[267, 1235]",Raag Bahar,Remembering Past Everything,E:\Desktop\Echo\storage\public\research_dataset_v3\india\audio\india_saraga_0095.mp3,E:\Desktop\Echo\storage\public\research_dataset_v3\great_britain\audio\great_britain_0018.mp3,,,1.3497933149337769,culture_centroid_entropy,请判断这两首曲目是否适合放在同一个歌单或相近的听歌场景里。请根据整体氛围、情绪基调和节奏能量判断它们是否相似；不要根据国家、语言、乐器或标签直接下结论。若相似填 yes，不相似填 no，不确定可留空并在 notes 中说明。,,,,
pal_0799,italy_0014,india_saraga_0057,italy,india,"[17, 3]",Raag Multani,Spirit Songs,Raag Multani,E:\Desktop\Echo\storage\public\research_dataset_v3\italy\audio\italy_0014.mp3,E:\Desktop\Echo\storage\public\research_dataset_v3\india\audio\india_saraga_0057.mp3,,,1.3497933149337769,culture_centroid_entropy,请判断这两首曲目是否适合放在同一个歌单或相近的听歌场景里。请根据整体氛围、情绪基调和节奏能量判断它们是否相似；不要根据国家、语言、乐器或标签直接下结论。若相似填 yes，不相似填 no，不确定可留空并在 notes 中说明。,,,,
pal_0800,modern_english_pop_0111,modern_english_pop_0118,modern_english_pop,modern_english_pop,"['folk', 'singersongwriter', 'popfolk']","['folk', 'singersongwriter', 'popfolk']",,,E:\Desktop\Echo\storage\public\research_dataset_v3\modern_english_pop\audio\modern_english_pop_0111.mp3,E:\Desktop\Echo\storage\public\research_dataset_v3\modern_english_pop\audio\modern_english_pop_0118.mp3,,,1.3497933149337769,culture_centroid_entropy,请判断这两首曲目是否适合放在同一个歌单或相近的听歌场景里。请根据整体氛围、情绪基调和节奏能量判断它们是否相似；不要根据国家、语言、乐器或标签直接下结论。若相似填 yes，不相似填 no，不确定可留空并在 notes 中说明。,,,,
pal_0801,china_ctis_0012,china_ctis_0030,china,china,L0167,L0167,黔胡,黔胡,E:\Desktop\Echo\storage\public\research_dataset_v3\china\audio\china_ctis_0012.wav,E:\Desktop\Echo\storage\public\research_dataset_v3\china\audio\china_ctis_0030.wav,,,1.3497931957244873,culture_centroid_entropy,请判断这两首曲目是否适合放在同一个歌单或相近的听歌场景里。请根据整体氛围、情绪基调和节奏能量判断它们是否相似；不要根据国家、语言、乐器或标签直接下结论。若相似填 yes，不相似填 no，不确定可留空并在 notes 中说明。,,,,
pal_0802,china_ctis_0054,italy_0103,china,italy,T0300,[4],澜沧小三弦,Franco Frunky,E:\Desktop\Echo\storage\public\research_dataset_v3\china\audio\china_ctis_0054.wav,E:\Desktop\Echo\storage\public\research_dataset_v3\italy\audio\italy_0103.mp3,,,1.3497931957244873,culture_centroid_entropy,请判断这两首曲目是否适合放在同一个歌单或相近的听歌场景里。请根据整体氛围、情绪基调和节奏能量判断它们是否相似；不要根据国家、语言、乐器或标签直接下结论。若相似填 yes，不相似填 no，不确定可留空并在 notes 中说明。,,,,
pal_0803,china_opencpop_0008,china_opencpop_0010,china,china,mandarin_pop,mandarin_pop,繁华梦,下个路口见,E:\Desktop\Echo\storage\public\research_dataset_v3\china\audio\china_opencpop_0008.wav,E:\Desktop\Echo\storage\public\research_dataset_v3\china\audio\china_opencpop_0010.wav,,,1.3497931957244873,culture_centroid_entropy,请判断这两首曲目是否适合放在同一个歌单或相近的听歌场景里。请根据整体氛围、情绪基调和节奏能量判断它们是否相似；不要根据国家、语言、乐器或标签直接下结论。若相似填 yes，不相似填 no，不确定可留空并在 notes 中说明。,,,,
pal_0804,great_britain_0032,france_0045,great_britain,france,[17],[],We Make Plans to Strangle Your Lover,"7' 34""",E:\Desktop\Echo\storage\public\research_dataset_v3\great_britain\audio\great_britain_0032.mp3,E:\Desktop\Echo\storage\public\research_dataset_v3\france\audio\france_0045.mp3,,,1.3497931957244873,culture_centroid_entropy,请判断这两首曲目是否适合放在同一个歌单或相近的听歌场景里。请根据整体氛围、情绪基调和节奏能量判断它们是否相似；不要根据国家、语言、乐器或标签直接下结论。若相似填 yes，不相似填 no，不确定可留空并在 notes 中说明。,,,,
pal_0805,modern_english_pop_0045,modern_english_pop_0054,modern_english_pop,modern_english_pop,"['blues', 'pop', 'chanson']",['pop'],,,E:\Desktop\Echo\storage\public\research_dataset_v3\modern_english_pop\audio\modern_english_pop_0045.mp3,E:\Desktop\Echo\storage\public\research_dataset_v3\modern_english_pop\audio\modern_english_pop_0054.mp3,,,1.3497931957244873,culture_centroid_entropy,请判断这两首曲目是否适合放在同一个歌单或相近的听歌场景里。请根据整体氛围、情绪基调和节奏能量判断它们是否相似；不要根据国家、语言、乐器或标签直接下结论。若相似填 yes，不相似填 no，不确定可留空并在 notes 中说明。,,,,
pal_0806,turkey_modern_0025,india_saraga_0081,turkey,india,,Raag Chandrakauns,,Raag Chandrakauns,E:\Desktop\Echo\storage\public\research_dataset_v3\turkey\audio\turkey_modern_0025.mp3,E:\Desktop\Echo\storage\public\research_dataset_v3\india\audio\india_saraga_0081.mp3,,,1.3497931957244873,culture_centroid_entropy,请判断这两首曲目是否适合放在同一个歌单或相近的听歌场景里。请根据整体氛围、情绪基调和节奏能量判断它们是否相似；不要根据国家、语言、乐器或标签直接下结论。若相似填 yes，不相似填 no，不确定可留空并在 notes 中说明。,,,,
pal_0807,china_ctis_0047,russia_0050,china,russia,C0093,"[18, 1235]",中音横笛,Crystal Echoes,E:\Desktop\Echo\storage\public\research_dataset_v3\china\audio\china_ctis_0047.wav,E:\Desktop\Echo\storage\public\research_dataset_v3\russia\audio\russia_0050.mp3,,,1.3143749237060547,culture_centroid_entropy,请判断这两首曲目是否适合放在同一个歌单或相近的听歌场景里。请根据整体氛围、情绪基调和节奏能量判断它们是否相似；不要根据国家、语言、乐器或标签直接下结论。若相似填 yes，不相似填 no，不确定可留空并在 notes 中说明。,,,,
pal_0808,china_jingju_0030,china_jingju_0019,china,china,daxp,daspd,Meng_ting_de,Hai_dao_bing,E:\Desktop\Echo\storage\public\research_dataset_v3\china\audio\china_jingju_0030.wav,E:\Desktop\Echo\storage\public\research_dataset_v3\china\audio\china_jingju_0019.wav,,,1.3143749237060547,culture_centroid_entropy,请判断这两首曲目是否适合放在同一个歌单或相近的听歌场景里。请根据整体氛围、情绪基调和节奏能量判断它们是否相似；不要根据国家、语言、乐器或标签直接下结论。若相似填 yes，不相似填 no，不确定可留空并在 notes 中说明。,,,,
pal_0809,china_jingju_0080,china_jingju_0074,china,china,lsxp,lsxp,Xi_ri_you,Shi_ye_shuo,E:\Desktop\Echo\storage\public\research_dataset_v3\china\audio\china_jingju_0080.wav,E:\Desktop\Echo\storage\public\research_dataset_v3\china\audio\china_jingju_0074.wav,,,1.3143749237060547,culture_centroid_entropy,请判断这两首曲目是否适合放在同一个歌单或相近的听歌场景里。请根据整体氛围、情绪基调和节奏能量判断它们是否相似；不要根据国家、语言、乐器或标签直接下结论。若相似填 yes，不相似填 no，不确定可留空并在 notes 中说明。,,,,
pal_0810,china_opencpop_0007,china_opencpop_0033,china,china,mandarin_pop,mandarin_pop,后来,你笑起来真好看,E:\Desktop\Echo\storage\public\research_dataset_v3\china\audio\china_opencpop_0007.wav,E:\Desktop\Echo\storage\public\research_dataset_v3\china\audio\china_opencpop_0033.wav,,,1.3143749237060547,culture_centroid_entropy,请判断这两首曲目是否适合放在同一个歌单或相近的听歌场景里。请根据整体氛围、情绪基调和节奏能量判断它们是否相似；不要根据国家、语言、乐器或标签直接下结论。若相似填 yes，不相似填 no，不确定可留空并在 notes 中说明。,,,,
pal_0811,china_opencpop_0030,china_opencpop_0049,china,china,mandarin_pop,mandarin_pop,杀破狼,醒来,E:\Desktop\Echo\storage\public\research_dataset_v3\china\audio\china_opencpop_0030.wav,E:\Desktop\Echo\storage\public\research_dataset_v3\china\audio\china_opencpop_0049.wav,,,1.3143749237060547,culture_centroid_entropy,请判断这两首曲目是否适合放在同一个歌单或相近的听歌场景里。请根据整体氛围、情绪基调和节奏能量判断它们是否相似；不要根据国家、语言、乐器或标签直接下结论。若相似填 yes，不相似填 no，不确定可留空并在 notes 中说明。,,,,
pal_0812,france_0033,italy_0051,france,italy,"[17, 10, 103]","[18, 1235, 13]",In purdah,Meeting the Demon,E:\Desktop\Echo\storage\public\research_dataset_v3\france\audio\france_0033.mp3,E:\Desktop\Echo\storage\public\research_dataset_v3\italy\audio\italy_0051.mp3,,,1.3143749237060547,culture_centroid_entropy,请判断这两首曲目是否适合放在同一个歌单或相近的听歌场景里。请根据整体氛围、情绪基调和节奏能量判断它们是否相似；不要根据国家、语言、乐器或标签直接下结论。若相似填 yes，不相似填 no，不确定可留空并在 notes 中说明。,,,,
pal_0813,france_0053,china_opencpop_0044,france,china,"[17, 103]",mandarin_pop,Le fruit,爱,E:\Desktop\Echo\storage\public\research_dataset_v3\france\audio\france_0053.mp3,E:\Desktop\Echo\storage\public\research_dataset_v3\china\audio\china_opencpop_0044.wav,,,1.3143749237060547,culture_centroid_entropy,请判断这两首曲目是否适合放在同一个歌单或相近的听歌场景里。请根据整体氛围、情绪基调和节奏能量判断它们是否相似；不要根据国家、语言、乐器或标签直接下结论。若相似填 yes，不相似填 no，不确定可留空并在 notes 中说明。,,,,
pal_0814,great_britain_0005,china_opencpop_0047,great_britain,china,"[18, 1235]",mandarin_pop,Piano song,背对背拥抱,E:\Desktop\Echo\storage\public\research_dataset_v3\great_britain\audio\great_britain_0005.mp3,E:\Desktop\Echo\storage\public\research_dataset_v3\china\audio\china_opencpop_0047.wav,,,1.3143749237060547,culture_centroid_entropy,请判断这两首曲目是否适合放在同一个歌单或相近的听歌场景里。请根据整体氛围、情绪基调和节奏能量判断它们是否相似；不要根据国家、语言、乐器或标签直接下结论。若相似填 yes，不相似填 no，不确定可留空并在 notes 中说明。,,,,
pal_0815,great_britain_0101,great_britain_0025,great_britain,great_britain,"[17, 103]","[17, 103]",All In The Morning Coming Down,I Had A Lover I Thought Was My Own,E:\Desktop\Echo\storage\public\research_dataset_v3\great_britain\audio\great_britain_0101.mp3,E:\Desktop\Echo\storage\public\research_dataset_v3\great_britain\audio\great_britain_0025.mp3,,,1.3143749237060547,culture_centroid_entropy,请判断这两首曲目是否适合放在同一个歌单或相近的听歌场景里。请根据整体氛围、情绪基调和节奏能量判断它们是否相似；不要根据国家、语言、乐器或标签直接下结论。若相似填 yes，不相似填 no，不确定可留空并在 notes 中说明。,,,,
pal_0816,india_saraga_0047,italy_0081,india,italy,Bhairavi Bhajan,"[137, 3, 9]",Bhairavi Bhajan,Quando il Fagiano è in Fiore,E:\Desktop\Echo\storage\public\research_dataset_v3\india\audio\india_saraga_0047.mp3,E:\Desktop\Echo\storage\public\research_dataset_v3\italy\audio\italy_0081.mp3,,,1.3143749237060547,culture_centroid_entropy,请判断这两首曲目是否适合放在同一个歌单或相近的听歌场景里。请根据整体氛围、情绪基调和节奏能量判断它们是否相似；不要根据国家、语言、乐器或标签直接下结论。若相似填 yes，不相似填 no，不确定可留空并在 notes 中说明。,,,,
pal_0817,india_saraga_0096,china_jingju_0066,india,china,Raag Sawani,lsxp,Raag Sawani,Jiang_shen_er,E:\Desktop\Echo\storage\public\research_dataset_v3\india\audio\india_saraga_0096.mp3,E:\Desktop\Echo\storage\public\research_dataset_v3\china\audio\china_jingju_0066.wav,,,1.3143749237060547,culture_centroid_entropy,请判断这两首曲目是否适合放在同一个歌单或相近的听歌场景里。请根据整体氛围、情绪基调和节奏能量判断它们是否相似；不要根据国家、语言、乐器或标签直接下结论。若相似填 yes，不相似填 no，不确定可留空并在 notes 中说明。,,,,
pal_0818,indonesia_gamelan_0026,indonesia_gamelan_0021,indonesia,indonesia,orchestra/target,orchestra/target,,,E:\Desktop\Echo\storage\public\research_dataset_v3\indonesia\audio\indonesia_gamelan_0026.wav,E:\Desktop\Echo\storage\public\research_dataset_v3\indonesia\audio\indonesia_gamelan_0021.wav,,,1.3143749237060547,culture_centroid_entropy,请判断这两首曲目是否适合放在同一个歌单或相近的听歌场景里。请根据整体氛围、情绪基调和节奏能量判断它们是否相似；不要根据国家、语言、乐器或标签直接下结论。若相似填 yes，不相似填 no，不确定可留空并在 notes 中说明。,,,,
pal_0819,modern_english_pop_0009,indonesia_fma_0012,modern_english_pop,indonesia,"['pop', 'jazz']","[""Free-Folk"", ""Pop"", ""Folk""]",,Untuk Anakku Dan Anak Dari Anak-Anakku,E:\Desktop\Echo\storage\public\research_dataset_v3\modern_english_pop\audio\modern_english_pop_0009.mp3,E:\Desktop\Echo\storage\public\research_dataset_v3\indonesia\audio\indonesia_fma_0012.mp3,,,1.3143749237060547,culture_centroid_entropy,请判断这两首曲目是否适合放在同一个歌单或相近的听歌场景里。请根据整体氛围、情绪基调和节奏能量判断它们是否相似；不要根据国家、语言、乐器或标签直接下结论。若相似填 yes，不相似填 no，不确定可留空并在 notes 中说明。,,,,
pal_0820,russia_0033,italy_0101,russia,italy,"[74, 4]",[4],VII,05 Adkezin,E:\Desktop\Echo\storage\public\research_dataset_v3\russia\audio\russia_0033.mp3,E:\Desktop\Echo\storage\public\research_dataset_v3\italy\audio\italy_0101.mp3,,,1.3143749237060547,culture_centroid_entropy,请判断这两首曲目是否适合放在同一个歌单或相近的听歌场景里。请根据整体氛围、情绪基调和节奏能量判断它们是否相似；不要根据国家、语言、乐器或标签直接下结论。若相似填 yes，不相似填 no，不确定可留空并在 notes 中说明。,,,,
pal_0821,russia_0042,italy_0037,russia,italy,"[107, 1235]","[18, 1235, 13]",Object,The Dance of the Sky,E:\Desktop\Echo\storage\public\research_dataset_v3\russia\audio\russia_0042.mp3,E:\Desktop\Echo\storage\public\research_dataset_v3\italy\audio\italy_0037.mp3,,,1.3143749237060547,culture_centroid_entropy,请判断这两首曲目是否适合放在同一个歌单或相近的听歌场景里。请根据整体氛围、情绪基调和节奏能量判断它们是否相似；不要根据国家、语言、乐器或标签直接下结论。若相似填 yes，不相似填 no，不确定可留空并在 notes 中说明。,,,,
pal_0822,russia_0079,italy_0015,russia,italy,"[107, 18, 1235, 5]",[10],The Loneliness,"""Young at Heart""",E:\Desktop\Echo\storage\public\research_dataset_v3\russia\audio\russia_0079.mp3,E:\Desktop\Echo\storage\public\research_dataset_v3\italy\audio\italy_0015.mp3,,,1.3143749237060547,culture_centroid_entropy,请判断这两首曲目是否适合放在同一个歌单或相近的听歌场景里。请根据整体氛围、情绪基调和节奏能量判断它们是否相似；不要根据国家、语言、乐器或标签直接下结论。若相似填 yes，不相似填 no，不确定可留空并在 notes 中说明。,,,,
pal_0823,china_ctis_0004,russia_0022,china,russia,L0313,"[17, 107, 1235, 103]",佤族独弦琴,A Dance (Full Version),E:\Desktop\Echo\storage\public\research_dataset_v3\china\audio\china_ctis_0004.wav,E:\Desktop\Echo\storage\public\research_dataset_v3\russia\audio\russia_0022.mp3,,,1.3143748044967651,culture_centroid_entropy,请判断这两首曲目是否适合放在同一个歌单或相近的听歌场景里。请根据整体氛围、情绪基调和节奏能量判断它们是否相似；不要根据国家、语言、乐器或标签直接下结论。若相似填 yes，不相似填 no，不确定可留空并在 notes 中说明。,,,,
pal_0824,france_0030,great_britain_0043,france,great_britain,[],[],Skango (Volfoniq meets Volatil),Smallville,E:\Desktop\Echo\storage\public\research_dataset_v3\france\audio\france_0030.mp3,E:\Desktop\Echo\storage\public\research_dataset_v3\great_britain\audio\great_britain_0043.mp3,,,1.3143748044967651,culture_centroid_entropy,请判断这两首曲目是否适合放在同一个歌单或相近的听歌场景里。请根据整体氛围、情绪基调和节奏能量判断它们是否相似；不要根据国家、语言、乐器或标签直接下结论。若相似填 yes，不相似填 no，不确定可留空并在 notes 中说明。,,,,
pal_0825,germany_0004,great_britain_0030,germany,great_britain,"[538, 18, 1235]","[17, 180]",Herein Bitte,Hands of Time,E:\Desktop\Echo\storage\public\research_dataset_v3\germany\audio\germany_0004.mp3,E:\Desktop\Echo\storage\public\research_dataset_v3\great_britain\audio\great_britain_0030.mp3,,,1.3143748044967651,culture_centroid_entropy,请判断这两首曲目是否适合放在同一个歌单或相近的听歌场景里。请根据整体氛围、情绪基调和节奏能量判断它们是否相似；不要根据国家、语言、乐器或标签直接下结论。若相似填 yes，不相似填 no，不确定可留空并在 notes 中说明。,,,,
pal_0826,germany_0051,great_britain_0086,germany,great_britain,"[17, 10]","[18, 1235]",Heaven Emerald,Eden Bloom,E:\Desktop\Echo\storage\public\research_dataset_v3\germany\audio\germany_0051.mp3,E:\Desktop\Echo\storage\public\research_dataset_v3\great_britain\audio\great_britain_0086.mp3,,,1.3143748044967651,culture_centroid_entropy,请判断这两首曲目是否适合放在同一个歌单或相近的听歌场景里。请根据整体氛围、情绪基调和节奏能量判断它们是否相似；不要根据国家、语言、乐器或标签直接下结论。若相似填 yes，不相似填 no，不确定可留空并在 notes 中说明。,,,,
pal_0827,great_britain_0092,great_britain_0035,great_britain,great_britain,[4],[],écouter systématiquement son coeur,Fractal,E:\Desktop\Echo\storage\public\research_dataset_v3\great_britain\audio\great_britain_0092.mp3,E:\Desktop\Echo\storage\public\research_dataset_v3\great_britain\audio\great_britain_0035.mp3,,,1.3143748044967651,culture_centroid_entropy,请判断这两首曲目是否适合放在同一个歌单或相近的听歌场景里。请根据整体氛围、情绪基调和节奏能量判断它们是否相似；不要根据国家、语言、乐器或标签直接下结论。若相似填 yes，不相似填 no，不确定可留空并在 notes 中说明。,,,,
pal_0828,great_britain_0100,france_0064,great_britain,france,[10],"[267, 1235]",Stop motion,Transe animale,E:\Desktop\Echo\storage\public\research_dataset_v3\great_britain\audio\great_britain_0100.mp3,E:\Desktop\Echo\storage\public\research_dataset_v3\france\audio\france_0064.mp3,,,1.3143748044967651,culture_centroid_entropy,请判断这两首曲目是否适合放在同一个歌单或相近的听歌场景里。请根据整体氛围、情绪基调和节奏能量判断它们是否相似；不要根据国家、语言、乐器或标签直接下结论。若相似填 yes，不相似填 no，不确定可留空并在 notes 中说明。,,,,
pal_0829,italy_0025,turkey_modern_0057,italy,turkey,[4],,02 Black Trees,,E:\Desktop\Echo\storage\public\research_dataset_v3\italy\audio\italy_0025.mp3,E:\Desktop\Echo\storage\public\research_dataset_v3\turkey\audio\turkey_modern_0057.mp3,,,1.3143748044967651,culture_centroid_entropy,请判断这两首曲目是否适合放在同一个歌单或相近的听歌场景里。请根据整体氛围、情绪基调和节奏能量判断它们是否相似；不要根据国家、语言、乐器或标签直接下结论。若相似填 yes，不相似填 no，不确定可留空并在 notes 中说明。,,,,
pal_0830,italy_0032,turkey_modern_0108,italy,turkey,[10],,Plumy Tale,,E:\Desktop\Echo\storage\public\research_dataset_v3\italy\audio\italy_0032.mp3,E:\Desktop\Echo\storage\public\research_dataset_v3\turkey\audio\turkey_modern_0108.mp3,,,1.3143748044967651,culture_centroid_entropy,请判断这两首曲目是否适合放在同一个歌单或相近的听歌场景里。请根据整体氛围、情绪基调和节奏能量判断它们是否相似；不要根据国家、语言、乐器或标签直接下结论。若相似填 yes，不相似填 no，不确定可留空并在 notes 中说明。,,,,
pal_0831,italy_0093,russia_0014,italy,russia,[4],"[107, 1235]",The Other Side,Underworld Transmisions,E:\Desktop\Echo\storage\public\research_dataset_v3\italy\audio\italy_0093.mp3,E:\Desktop\Echo\storage\public\research_dataset_v3\russia\audio\russia_0014.mp3,,,1.3143748044967651,culture_centroid_entropy,请判断这两首曲目是否适合放在同一个歌单或相近的听歌场景里。请根据整体氛围、情绪基调和节奏能量判断它们是否相似；不要根据国家、语言、乐器或标签直接下结论。若相似填 yes，不相似填 no，不确定可留空并在 notes 中说明。,,,,
pal_0832,modern_english_pop_0034,modern_english_pop_0030,modern_english_pop,modern_english_pop,"['folk', 'easylistening', 'pop']","['folk', 'easylistening', 'pop']",,,E:\Desktop\Echo\storage\public\research_dataset_v3\modern_english_pop\audio\modern_english_pop_0034.mp3,E:\Desktop\Echo\storage\public\research_dataset_v3\modern_english_pop\audio\modern_english_pop_0030.mp3,,,1.3143748044967651,culture_centroid_entropy,请判断这两首曲目是否适合放在同一个歌单或相近的听歌场景里。请根据整体氛围、情绪基调和节奏能量判断它们是否相似；不要根据国家、语言、乐器或标签直接下结论。若相似填 yes，不相似填 no，不确定可留空并在 notes 中说明。,,,,
pal_0833,russia_0061,turkey_modern_0122,russia,turkey,"[267, 1235]",,Look Out The Window At The Rain,,E:\Desktop\Echo\storage\public\research_dataset_v3\russia\audio\russia_0061.mp3,E:\Desktop\Echo\storage\public\research_dataset_v3\turkey\audio\turkey_modern_0122.mp3,,,1.3143748044967651,culture_centroid_entropy,请判断这两首曲目是否适合放在同一个歌单或相近的听歌场景里。请根据整体氛围、情绪基调和节奏能量判断它们是否相似；不要根据国家、语言、乐器或标签直接下结论。若相似填 yes，不相似填 no，不确定可留空并在 notes 中说明。,,,,
pal_0834,turkey_modern_0029,germany_0075,turkey,germany,,"[17, 107, 1235]",,In The Fading Light,E:\Desktop\Echo\storage\public\research_dataset_v3\turkey\audio\turkey_modern_0029.mp3,E:\Desktop\Echo\storage\public\research_dataset_v3\germany\audio\germany_0075.mp3,,,1.3143748044967651,culture_centroid_entropy,请判断这两首曲目是否适合放在同一个歌单或相近的听歌场景里。请根据整体氛围、情绪基调和节奏能量判断它们是否相似；不要根据国家、语言、乐器或标签直接下结论。若相似填 yes，不相似填 no，不确定可留空并在 notes 中说明。,,,,
pal_0835,turkey_modern_0140,italy_0080,turkey,italy,,"[137, 9]",,Quanto Può Mancare Una Catena,E:\Desktop\Echo\storage\public\research_dataset_v3\turkey\audio\turkey_modern_0140.mp3,E:\Desktop\Echo\storage\public\research_dataset_v3\italy\audio\italy_0080.mp3,,,1.3143748044967651,culture_centroid_entropy,请判断这两首曲目是否适合放在同一个歌单或相近的听歌场景里。请根据整体氛围、情绪基调和节奏能量判断它们是否相似；不要根据国家、语言、乐器或标签直接下结论。若相似填 yes，不相似填 no，不确定可留空并在 notes 中说明。,,,,
pal_0836,india_saraga_0005,china_ctis_0064,india,china,Raag Khat Todi,C0308,Raag Khat Todi,吐良,E:\Desktop\Echo\storage\public\research_dataset_v3\india\audio\india_saraga_0005.mp3,E:\Desktop\Echo\storage\public\research_dataset_v3\china\audio\china_ctis_0064.wav,,,1.3086066246032715,culture_centroid_entropy,请判断这两首曲目是否适合放在同一个歌单或相近的听歌场景里。请根据整体氛围、情绪基调和节奏能量判断它们是否相似；不要根据国家、语言、乐器或标签直接下结论。若相似填 yes，不相似填 no，不确定可留空并在 notes 中说明。,,,,
pal_0837,india_saraga_0068,india_saraga_0067,india,india,Raag Jog,Kirwani Bhajan,Raag Jog,Kirwani Bhajan,E:\Desktop\Echo\storage\public\research_dataset_v3\india\audio\india_saraga_0068.mp3,E:\Desktop\Echo\storage\public\research_dataset_v3\india\audio\india_saraga_0067.mp3,,,1.3086066246032715,culture_centroid_entropy,请判断这两首曲目是否适合放在同一个歌单或相近的听歌场景里。请根据整体氛围、情绪基调和节奏能量判断它们是否相似；不要根据国家、语言、乐器或标签直接下结论。若相似填 yes，不相似填 no，不确定可留空并在 notes 中说明。,,,,
pal_0838,turkey_modern_0122,italy_0099,turkey,italy,,[4],,07 Promenade,E:\Desktop\Echo\storage\public\research_dataset_v3\turkey\audio\turkey_modern_0122.mp3,E:\Desktop\Echo\storage\public\research_dataset_v3\italy\audio\italy_0099.mp3,,,1.308606505393982,culture_centroid_entropy,请判断这两首曲目是否适合放在同一个歌单或相近的听歌场景里。请根据整体氛围、情绪基调和节奏能量判断它们是否相似；不要根据国家、语言、乐器或标签直接下结论。若相似填 yes，不相似填 no，不确定可留空并在 notes 中说明。,,,,
pal_0839,china_jingju_0013,italy_0021,china,italy,danbz,"[18, 1235, 13]",Kan_dai_wang,Polychromatic Journey,E:\Desktop\Echo\storage\public\research_dataset_v3\china\audio\china_jingju_0013.wav,E:\Desktop\Echo\storage\public\research_dataset_v3\italy\audio\italy_0021.mp3,,,1.2860586643218994,culture_centroid_entropy,请判断这两首曲目是否适合放在同一个歌单或相近的听歌场景里。请根据整体氛围、情绪基调和节奏能量判断它们是否相似；不要根据国家、语言、乐器或标签直接下结论。若相似填 yes，不相似填 no，不确定可留空并在 notes 中说明。,,,,
pal_0840,india_saraga_0040,india_saraga_0041,india,india,Raag Abhogi,Raag Megh,Raag Abhogi,Raag Megh,E:\Desktop\Echo\storage\public\research_dataset_v3\india\audio\india_saraga_0040.mp3,E:\Desktop\Echo\storage\public\research_dataset_v3\india\audio\india_saraga_0041.mp3,,,1.2860586643218994,culture_centroid_entropy,请判断这两首曲目是否适合放在同一个歌单或相近的听歌场景里。请根据整体氛围、情绪基调和节奏能量判断它们是否相似；不要根据国家、语言、乐器或标签直接下结论。若相似填 yes，不相似填 no，不确定可留空并在 notes 中说明。,,,,
pal_0841,italy_0002,india_saraga_0071,italy,india,"[137, 3, 9]",Raag Kalyan,Baldo's Blues,Raag Kalyan,E:\Desktop\Echo\storage\public\research_dataset_v3\italy\audio\italy_0002.mp3,E:\Desktop\Echo\storage\public\research_dataset_v3\india\audio\india_saraga_0071.mp3,,,1.2860586643218994,culture_centroid_entropy,请判断这两首曲目是否适合放在同一个歌单或相近的听歌场景里。请根据整体氛围、情绪基调和节奏能量判断它们是否相似；不要根据国家、语言、乐器或标签直接下结论。若相似填 yes，不相似填 no，不确定可留空并在 notes 中说明。,,,,
pal_0842,great_britain_0004,turkey_modern_0081,great_britain,turkey,"[3, 137, 9, 17, 1235]",,Manly Nunn Steps Out,,E:\Desktop\Echo\storage\public\research_dataset_v3\great_britain\audio\great_britain_0004.mp3,E:\Desktop\Echo\storage\public\research_dataset_v3\turkey\audio\turkey_modern_0081.mp3,,,1.2860585451126099,culture_centroid_entropy,请判断这两首曲目是否适合放在同一个歌单或相近的听歌场景里。请根据整体氛围、情绪基调和节奏能量判断它们是否相似；不要根据国家、语言、乐器或标签直接下结论。若相似填 yes，不相似填 no，不确定可留空并在 notes 中说明。,,,,
pal_0843,italy_0037,china_opencpop_0047,italy,china,"[18, 1235, 13]",mandarin_pop,The Dance of the Sky,背对背拥抱,E:\Desktop\Echo\storage\public\research_dataset_v3\italy\audio\italy_0037.mp3,E:\Desktop\Echo\storage\public\research_dataset_v3\china\audio\china_opencpop_0047.wav,,,1.2860585451126099,culture_centroid_entropy,请判断这两首曲目是否适合放在同一个歌单或相近的听歌场景里。请根据整体氛围、情绪基调和节奏能量判断它们是否相似；不要根据国家、语言、乐器或标签直接下结论。若相似填 yes，不相似填 no，不确定可留空并在 notes 中说明。,,,,
pal_0844,france_0093,italy_0018,france,italy,[],[10],Smokey Tape : A2,"""Outsider girl""",E:\Desktop\Echo\storage\public\research_dataset_v3\france\audio\france_0093.mp3,E:\Desktop\Echo\storage\public\research_dataset_v3\italy\audio\italy_0018.mp3,,,1.2860584259033203,culture_centroid_entropy,请判断这两首曲目是否适合放在同一个歌单或相近的听歌场景里。请根据整体氛围、情绪基调和节奏能量判断它们是否相似；不要根据国家、语言、乐器或标签直接下结论。若相似填 yes，不相似填 no，不确定可留空并在 notes 中说明。,,,,
pal_0845,italy_0089,italy_0082,italy,italy,[4],"[137, 9]",Requiem,Le Pulci Pesano Sul Cuore Come Elefanti,E:\Desktop\Echo\storage\public\research_dataset_v3\italy\audio\italy_0089.mp3,E:\Desktop\Echo\storage\public\research_dataset_v3\italy\audio\italy_0082.mp3,,,1.2860584259033203,culture_centroid_entropy,请判断这两首曲目是否适合放在同一个歌单或相近的听歌场景里。请根据整体氛围、情绪基调和节奏能量判断它们是否相似；不要根据国家、语言、乐器或标签直接下结论。若相似填 yes，不相似填 no，不确定可留空并在 notes 中说明。,,,,
pal_0846,indonesia_fma_0005,indonesia_fma_0004,indonesia,indonesia,"[""Pop""]","[""Compilation"", ""Soundtrack"", ""Instrumental""]",Rat and Cat,Rat and Cat,E:\Desktop\Echo\storage\public\research_dataset_v3\indonesia\audio\indonesia_fma_0005.mp3,E:\Desktop\Echo\storage\public\research_dataset_v3\indonesia\audio\indonesia_fma_0004.mp3,,,1.2650026082992554,culture_centroid_entropy,请判断这两首曲目是否适合放在同一个歌单或相近的听歌场景里。请根据整体氛围、情绪基调和节奏能量判断它们是否相似；不要根据国家、语言、乐器或标签直接下结论。若相似填 yes，不相似填 no，不确定可留空并在 notes 中说明。,,,,
pal_0847,china_ctis_0048,germany_0056,china,germany,D0252,[],五音排鼓,Highty Hangtime,E:\Desktop\Echo\storage\public\research_dataset_v3\china\audio\china_ctis_0048.wav,E:\Desktop\Echo\storage\public\research_dataset_v3\germany\audio\germany_0056.mp3,,,1.2650024890899658,culture_centroid_entropy,请判断这两首曲目是否适合放在同一个歌单或相近的听歌场景里。请根据整体氛围、情绪基调和节奏能量判断它们是否相似；不要根据国家、语言、乐器或标签直接下结论。若相似填 yes，不相似填 no，不确定可留空并在 notes 中说明。,,,,
pal_0848,germany_0075,turkey_modern_0089,germany,turkey,"[17, 107, 1235]",,In The Fading Light,,E:\Desktop\Echo\storage\public\research_dataset_v3\germany\audio\germany_0075.mp3,E:\Desktop\Echo\storage\public\research_dataset_v3\turkey\audio\turkey_modern_0089.mp3,,,1.2650024890899658,culture_centroid_entropy,请判断这两首曲目是否适合放在同一个歌单或相近的听歌场景里。请根据整体氛围、情绪基调和节奏能量判断它们是否相似；不要根据国家、语言、乐器或标签直接下结论。若相似填 yes，不相似填 no，不确定可留空并在 notes 中说明。,,,,
pal_0849,modern_english_pop_0028,modern_english_pop_0027,modern_english_pop,modern_english_pop,"['folk', 'easylistening', 'pop']","['folk', 'easylistening', 'pop']",,,E:\Desktop\Echo\storage\public\research_dataset_v3\modern_english_pop\audio\modern_english_pop_0028.mp3,E:\Desktop\Echo\storage\public\research_dataset_v3\modern_english_pop\audio\modern_english_pop_0027.mp3,,,1.2650024890899658,culture_centroid_entropy,请判断这两首曲目是否适合放在同一个歌单或相近的听歌场景里。请根据整体氛围、情绪基调和节奏能量判断它们是否相似；不要根据国家、语言、乐器或标签直接下结论。若相似填 yes，不相似填 no，不确定可留空并在 notes 中说明。,,,,
pal_0850,turkey_modern_0081,turkey_modern_0087,turkey,turkey,,,,,E:\Desktop\Echo\storage\public\research_dataset_v3\turkey\audio\turkey_modern_0081.mp3,E:\Desktop\Echo\storage\public\research_dataset_v3\turkey\audio\turkey_modern_0087.mp3,,,1.2650024890899658,culture_centroid_entropy,请判断这两首曲目是否适合放在同一个歌单或相近的听歌场景里。请根据整体氛围、情绪基调和节奏能量判断它们是否相似；不要根据国家、语言、乐器或标签直接下结论。若相似填 yes，不相似填 no，不确定可留空并在 notes 中说明。,,,,
pal_0851,india_saraga_0107,turkey_modern_0084,india,turkey,Thumri in Piloo,,Thumri in Piloo,,E:\Desktop\Echo\storage\public\research_dataset_v3\india\audio\india_saraga_0107.mp3,E:\Desktop\Echo\storage\public\research_dataset_v3\turkey\audio\turkey_modern_0084.mp3,,,1.2424545288085938,culture_centroid_entropy,请判断这两首曲目是否适合放在同一个歌单或相近的听歌场景里。请根据整体氛围、情绪基调和节奏能量判断它们是否相似；不要根据国家、语言、乐器或标签直接下结论。若相似填 yes，不相似填 no，不确定可留空并在 notes 中说明。,,,,
pal_0852,modern_english_pop_0094,france_0029,modern_english_pop,france,"['soundtrack', 'easylistening', 'instrumentalpop']",[3],,Concatenation,E:\Desktop\Echo\storage\public\research_dataset_v3\modern_english_pop\audio\modern_english_pop_0094.mp3,E:\Desktop\Echo\storage\public\research_dataset_v3\france\audio\france_0029.mp3,,,1.2424545288085938,culture_centroid_entropy,请判断这两首曲目是否适合放在同一个歌单或相近的听歌场景里。请根据整体氛围、情绪基调和节奏能量判断它们是否相似；不要根据国家、语言、乐器或标签直接下结论。若相似填 yes，不相似填 no，不确定可留空并在 notes 中说明。,,,,
pal_0853,russia_0053,turkey_modern_0073,russia,turkey,"[107, 1235]",,hobhor,,E:\Desktop\Echo\storage\public\research_dataset_v3\russia\audio\russia_0053.mp3,E:\Desktop\Echo\storage\public\research_dataset_v3\turkey\audio\turkey_modern_0073.mp3,,,1.2424545288085938,culture_centroid_entropy,请判断这两首曲目是否适合放在同一个歌单或相近的听歌场景里。请根据整体氛围、情绪基调和节奏能量判断它们是否相似；不要根据国家、语言、乐器或标签直接下结论。若相似填 yes，不相似填 no，不确定可留空并在 notes 中说明。,,,,
pal_0854,turkey_modern_0027,italy_0099,turkey,italy,,[4],,07 Promenade,E:\Desktop\Echo\storage\public\research_dataset_v3\turkey\audio\turkey_modern_0027.mp3,E:\Desktop\Echo\storage\public\research_dataset_v3\italy\audio\italy_0099.mp3,,,1.2424545288085938,culture_centroid_entropy,请判断这两首曲目是否适合放在同一个歌单或相近的听歌场景里。请根据整体氛围、情绪基调和节奏能量判断它们是否相似；不要根据国家、语言、乐器或标签直接下结论。若相似填 yes，不相似填 no，不确定可留空并在 notes 中说明。,,,,
pal_0855,china_opencpop_0016,china_opencpop_0047,china,china,mandarin_pop,mandarin_pop,尘埃,背对背拥抱,E:\Desktop\Echo\storage\public\research_dataset_v3\china\audio\china_opencpop_0016.wav,E:\Desktop\Echo\storage\public\research_dataset_v3\china\audio\china_opencpop_0047.wav,,,1.236686110496521,culture_centroid_entropy,请判断这两首曲目是否适合放在同一个歌单或相近的听歌场景里。请根据整体氛围、情绪基调和节奏能量判断它们是否相似；不要根据国家、语言、乐器或标签直接下结论。若相似填 yes，不相似填 no，不确定可留空并在 notes 中说明。,,,,
pal_0856,france_0094,modern_english_pop_0081,france,modern_english_pop,[17],"['pop', 'popfolk']",An ordinary man,,E:\Desktop\Echo\storage\public\research_dataset_v3\france\audio\france_0094.mp3,E:\Desktop\Echo\storage\public\research_dataset_v3\modern_english_pop\audio\modern_english_pop_0081.mp3,,,1.236686110496521,culture_centroid_entropy,请判断这两首曲目是否适合放在同一个歌单或相近的听歌场景里。请根据整体氛围、情绪基调和节奏能量判断它们是否相似；不要根据国家、语言、乐器或标签直接下结论。若相似填 yes，不相似填 no，不确定可留空并在 notes 中说明。,,,,
pal_0857,germany_0001,great_britain_0019,germany,great_britain,[17],"[10, 76]",Solitude,Babylon Got No Riches,E:\Desktop\Echo\storage\public\research_dataset_v3\germany\audio\germany_0001.mp3,E:\Desktop\Echo\storage\public\research_dataset_v3\great_britain\audio\great_britain_0019.mp3,,,1.236686110496521,culture_centroid_entropy,请判断这两首曲目是否适合放在同一个歌单或相近的听歌场景里。请根据整体氛围、情绪基调和节奏能量判断它们是否相似；不要根据国家、语言、乐器或标签直接下结论。若相似填 yes，不相似填 no，不确定可留空并在 notes 中说明。,,,,
pal_0858,modern_english_pop_0068,italy_0029,modern_english_pop,italy,"['soundtrack', 'easylistening', 'pop']",[4],,Suburban Jive,E:\Desktop\Echo\storage\public\research_dataset_v3\modern_english_pop\audio\modern_english_pop_0068.mp3,E:\Desktop\Echo\storage\public\research_dataset_v3\italy\audio\italy_0029.mp3,,,1.236686110496521,culture_centroid_entropy,请判断这两首曲目是否适合放在同一个歌单或相近的听歌场景里。请根据整体氛围、情绪基调和节奏能量判断它们是否相似；不要根据国家、语言、乐器或标签直接下结论。若相似填 yes，不相似填 no，不确定可留空并在 notes 中说明。,,,,
pal_0859,china_ctis_0056,great_britain_0073,china,great_britain,T0300,[],澜沧小三弦,Camp Fire Song,E:\Desktop\Echo\storage\public\research_dataset_v3\china\audio\china_ctis_0056.wav,E:\Desktop\Echo\storage\public\research_dataset_v3\great_britain\audio\great_britain_0073.mp3,,,1.2366859912872314,culture_centroid_entropy,请判断这两首曲目是否适合放在同一个歌单或相近的听歌场景里。请根据整体氛围、情绪基调和节奏能量判断它们是否相似；不要根据国家、语言、乐器或标签直接下结论。若相似填 yes，不相似填 no，不确定可留空并在 notes 中说明。,,,,
pal_0860,germany_0009,italy_0082,germany,italy,"[107, 1235]","[137, 9]",Flüchtig,Le Pulci Pesano Sul Cuore Come Elefanti,E:\Desktop\Echo\storage\public\research_dataset_v3\germany\audio\germany_0009.mp3,E:\Desktop\Echo\storage\public\research_dataset_v3\italy\audio\italy_0082.mp3,,,1.2366859912872314,culture_centroid_entropy,请判断这两首曲目是否适合放在同一个歌单或相近的听歌场景里。请根据整体氛围、情绪基调和节奏能量判断它们是否相似；不要根据国家、语言、乐器或标签直接下结论。若相似填 yes，不相似填 no，不确定可留空并在 notes 中说明。,,,,
pal_0861,modern_english_pop_0117,china_jingju_0080,modern_english_pop,china,"['folk', 'singersongwriter', 'popfolk']",lsxp,,Xi_ri_you,E:\Desktop\Echo\storage\public\research_dataset_v3\modern_english_pop\audio\modern_english_pop_0117.mp3,E:\Desktop\Echo\storage\public\research_dataset_v3\china\audio\china_jingju_0080.wav,,,1.2366859912872314,culture_centroid_entropy,请判断这两首曲目是否适合放在同一个歌单或相近的听歌场景里。请根据整体氛围、情绪基调和节奏能量判断它们是否相似；不要根据国家、语言、乐器或标签直接下结论。若相似填 yes，不相似填 no，不确定可留空并在 notes 中说明。,,,,
pal_0862,turkey_modern_0032,germany_0040,turkey,germany,,[17],,Sunny Sea Walk,E:\Desktop\Echo\storage\public\research_dataset_v3\turkey\audio\turkey_modern_0032.mp3,E:\Desktop\Echo\storage\public\research_dataset_v3\germany\audio\germany_0040.mp3,,,1.2366859912872314,culture_centroid_entropy,请判断这两首曲目是否适合放在同一个歌单或相近的听歌场景里。请根据整体氛围、情绪基调和节奏能量判断它们是否相似；不要根据国家、语言、乐器或标签直接下结论。若相似填 yes，不相似填 no，不确定可留空并在 notes 中说明。,,,,
pal_0863,turkey_modern_0073,turkey_modern_0016,turkey,turkey,,,,,E:\Desktop\Echo\storage\public\research_dataset_v3\turkey\audio\turkey_modern_0073.mp3,E:\Desktop\Echo\storage\public\research_dataset_v3\turkey\audio\turkey_modern_0016.mp3,,,1.2366859912872314,culture_centroid_entropy,请判断这两首曲目是否适合放在同一个歌单或相近的听歌场景里。请根据整体氛围、情绪基调和节奏能量判断它们是否相似；不要根据国家、语言、乐器或标签直接下结论。若相似填 yes，不相似填 no，不确定可留空并在 notes 中说明。,,,,
pal_0864,china_ctis_0003,china_ctis_0055,china,china,L0167,L0167,黔胡,黔胡,E:\Desktop\Echo\storage\public\research_dataset_v3\china\audio\china_ctis_0003.wav,E:\Desktop\Echo\storage\public\research_dataset_v3\china\audio\china_ctis_0055.wav,,,1.2342689037322998,culture_centroid_entropy,请判断这两首曲目是否适合放在同一个歌单或相近的听歌场景里。请根据整体氛围、情绪基调和节奏能量判断它们是否相似；不要根据国家、语言、乐器或标签直接下结论。若相似填 yes，不相似填 no，不确定可留空并在 notes 中说明。,,,,
pal_0865,china_jingju_0041,china_jingju_0052,china,china,wangjiangting_zhijianta,zhuangyuanmei_zhenzhushan,wangjiangting_zhijianta,zhuangyuanmei_zhenzhushan,E:\Desktop\Echo\storage\public\research_dataset_v3\china\audio\china_jingju_0041.wav,E:\Desktop\Echo\storage\public\research_dataset_v3\china\audio\china_jingju_0052.wav,,,1.2342689037322998,culture_centroid_entropy,请判断这两首曲目是否适合放在同一个歌单或相近的听歌场景里。请根据整体氛围、情绪基调和节奏能量判断它们是否相似；不要根据国家、语言、乐器或标签直接下结论。若相似填 yes，不相似填 no，不确定可留空并在 notes 中说明。,,,,
pal_0866,china_opencpop_0004,china_opencpop_0013,china,china,mandarin_pop,mandarin_pop,漂洋过海来看你,大鱼,E:\Desktop\Echo\storage\public\research_dataset_v3\china\audio\china_opencpop_0004.wav,E:\Desktop\Echo\storage\public\research_dataset_v3\china\audio\china_opencpop_0013.wav,,,1.2342689037322998,culture_centroid_entropy,请判断这两首曲目是否适合放在同一个歌单或相近的听歌场景里。请根据整体氛围、情绪基调和节奏能量判断它们是否相似；不要根据国家、语言、乐器或标签直接下结论。若相似填 yes，不相似填 no，不确定可留空并在 notes 中说明。,,,,
pal_0867,germany_0045,germany_0051,germany,germany,"[17, 103]","[17, 10]",mr moon,Heaven Emerald,E:\Desktop\Echo\storage\public\research_dataset_v3\germany\audio\germany_0045.mp3,E:\Desktop\Echo\storage\public\research_dataset_v3\germany\audio\germany_0051.mp3,,,1.2342689037322998,culture_centroid_entropy,请判断这两首曲目是否适合放在同一个歌单或相近的听歌场景里。请根据整体氛围、情绪基调和节奏能量判断它们是否相似；不要根据国家、语言、乐器或标签直接下结论。若相似填 yes，不相似填 no，不确定可留空并在 notes 中说明。,,,,
pal_0868,germany_0070,china_opencpop_0013,germany,china,"[10, 76]",mandarin_pop,Sheep,大鱼,E:\Desktop\Echo\storage\public\research_dataset_v3\germany\audio\germany_0070.mp3,E:\Desktop\Echo\storage\public\research_dataset_v3\china\audio\china_opencpop_0013.wav,,,1.2342689037322998,culture_centroid_entropy,请判断这两首曲目是否适合放在同一个歌单或相近的听歌场景里。请根据整体氛围、情绪基调和节奏能量判断它们是否相似；不要根据国家、语言、乐器或标签直接下结论。若相似填 yes，不相似填 no，不确定可留空并在 notes 中说明。,,,,
pal_0869,india_saraga_0051,china_opencpop_0036,india,china,Raag Yaman,mandarin_pop,Raag Yaman,红尘客栈,E:\Desktop\Echo\storage\public\research_dataset_v3\india\audio\india_saraga_0051.mp3,E:\Desktop\Echo\storage\public\research_dataset_v3\china\audio\china_opencpop_0036.wav,,,1.2342689037322998,culture_centroid_entropy,请判断这两首曲目是否适合放在同一个歌单或相近的听歌场景里。请根据整体氛围、情绪基调和节奏能量判断它们是否相似；不要根据国家、语言、乐器或标签直接下结论。若相似填 yes，不相似填 no，不确定可留空并在 notes 中说明。,,,,
pal_0870,india_saraga_0082,india_saraga_0089,india,india,Raag Malkauns,Raag Mian Malhar,Raag Malkauns,Raag Mian Malhar,E:\Desktop\Echo\storage\public\research_dataset_v3\india\audio\india_saraga_0082.mp3,E:\Desktop\Echo\storage\public\research_dataset_v3\india\audio\india_saraga_0089.mp3,,,1.2342689037322998,culture_centroid_entropy,请判断这两首曲目是否适合放在同一个歌单或相近的听歌场景里。请根据整体氛围、情绪基调和节奏能量判断它们是否相似；不要根据国家、语言、乐器或标签直接下结论。若相似填 yes，不相似填 no，不确定可留空并在 notes 中说明。,,,,
pal_0871,india_saraga_0086,china_opencpop_0026,india,china,Raag Shree,mandarin_pop,Raag Shree,她说,E:\Desktop\Echo\storage\public\research_dataset_v3\india\audio\india_saraga_0086.mp3,E:\Desktop\Echo\storage\public\research_dataset_v3\china\audio\china_opencpop_0026.wav,,,1.2342689037322998,culture_centroid_entropy,请判断这两首曲目是否适合放在同一个歌单或相近的听歌场景里。请根据整体氛围、情绪基调和节奏能量判断它们是否相似；不要根据国家、语言、乐器或标签直接下结论。若相似填 yes，不相似填 no，不确定可留空并在 notes 中说明。,,,,
pal_0872,india_saraga_0090,india_saraga_0045,india,india,Raag Ramdasi Malhar,Raag Ahir Bhairon,Raag Ramdasi Malhar,Raag Ahir Bhairon,E:\Desktop\Echo\storage\public\research_dataset_v3\india\audio\india_saraga_0090.mp3,E:\Desktop\Echo\storage\public\research_dataset_v3\india\audio\india_saraga_0045.mp3,,,1.2342689037322998,culture_centroid_entropy,请判断这两首曲目是否适合放在同一个歌单或相近的听歌场景里。请根据整体氛围、情绪基调和节奏能量判断它们是否相似；不要根据国家、语言、乐器或标签直接下结论。若相似填 yes，不相似填 no，不确定可留空并在 notes 中说明。,,,,
pal_0873,indonesia_gamelan_0014,indonesia_gamelan_0015,indonesia,indonesia,orchestra/target,orchestra/target,,,E:\Desktop\Echo\storage\public\research_dataset_v3\indonesia\audio\indonesia_gamelan_0014.wav,E:\Desktop\Echo\storage\public\research_dataset_v3\indonesia\audio\indonesia_gamelan_0015.wav,,,1.2342689037322998,culture_centroid_entropy,请判断这两首曲目是否适合放在同一个歌单或相近的听歌场景里。请根据整体氛围、情绪基调和节奏能量判断它们是否相似；不要根据国家、语言、乐器或标签直接下结论。若相似填 yes，不相似填 no，不确定可留空并在 notes 中说明。,,,,
pal_0874,indonesia_gamelan_0016,indonesia_gamelan_0019,indonesia,indonesia,orchestra/target,orchestra/target,,,E:\Desktop\Echo\storage\public\research_dataset_v3\indonesia\audio\indonesia_gamelan_0016.wav,E:\Desktop\Echo\storage\public\research_dataset_v3\indonesia\audio\indonesia_gamelan_0019.wav,,,1.2342689037322998,culture_centroid_entropy,请判断这两首曲目是否适合放在同一个歌单或相近的听歌场景里。请根据整体氛围、情绪基调和节奏能量判断它们是否相似；不要根据国家、语言、乐器或标签直接下结论。若相似填 yes，不相似填 no，不确定可留空并在 notes 中说明。,,,,
pal_0875,italy_0001,china_jingju_0019,italy,china,"[18, 1235]",daspd,Columbiad,Hai_dao_bing,E:\Desktop\Echo\storage\public\research_dataset_v3\italy\audio\italy_0001.mp3,E:\Desktop\Echo\storage\public\research_dataset_v3\china\audio\china_jingju_0019.wav,,,1.2342689037322998,culture_centroid_entropy,请判断这两首曲目是否适合放在同一个歌单或相近的听歌场景里。请根据整体氛围、情绪基调和节奏能量判断它们是否相似；不要根据国家、语言、乐器或标签直接下结论。若相似填 yes，不相似填 no，不确定可留空并在 notes 中说明。,,,,
pal_0876,italy_0011,china_opencpop_0046,italy,china,[4],mandarin_pop,Imaginary Cloud,终于等到你,E:\Desktop\Echo\storage\public\research_dataset_v3\italy\audio\italy_0011.mp3,E:\Desktop\Echo\storage\public\research_dataset_v3\china\audio\china_opencpop_0046.wav,,,1.2342689037322998,culture_centroid_entropy,请判断这两首曲目是否适合放在同一个歌单或相近的听歌场景里。请根据整体氛围、情绪基调和节奏能量判断它们是否相似；不要根据国家、语言、乐器或标签直接下结论。若相似填 yes，不相似填 no，不确定可留空并在 notes 中说明。,,,,
pal_0877,italy_0020,india_saraga_0027,italy,india,[10],Taal and Sur of Thekas,"""Point of no return""",Taal and Sur of Thekas,E:\Desktop\Echo\storage\public\research_dataset_v3\italy\audio\italy_0020.mp3,E:\Desktop\Echo\storage\public\research_dataset_v3\india\audio\india_saraga_0027.mp3,,,1.2342689037322998,culture_centroid_entropy,请判断这两首曲目是否适合放在同一个歌单或相近的听歌场景里。请根据整体氛围、情绪基调和节奏能量判断它们是否相似；不要根据国家、语言、乐器或标签直接下结论。若相似填 yes，不相似填 no，不确定可留空并在 notes 中说明。,,,,
pal_0878,italy_0080,turkey_modern_0140,italy,turkey,"[137, 9]",,Quanto Può Mancare Una Catena,,E:\Desktop\Echo\storage\public\research_dataset_v3\italy\audio\italy_0080.mp3,E:\Desktop\Echo\storage\public\research_dataset_v3\turkey\audio\turkey_modern_0140.mp3,,,1.2342689037322998,culture_centroid_entropy,请判断这两首曲目是否适合放在同一个歌单或相近的听歌场景里。请根据整体氛围、情绪基调和节奏能量判断它们是否相似；不要根据国家、语言、乐器或标签直接下结论。若相似填 yes，不相似填 no，不确定可留空并在 notes 中说明。,,,,
pal_0879,modern_english_pop_0003,modern_english_pop_0023,modern_english_pop,modern_english_pop,"['pop', 'minimal']","['pop', 'alternative']",,,E:\Desktop\Echo\storage\public\research_dataset_v3\modern_english_pop\audio\modern_english_pop_0003.mp3,E:\Desktop\Echo\storage\public\research_dataset_v3\modern_english_pop\audio\modern_english_pop_0023.mp3,,,1.2342689037322998,culture_centroid_entropy,请判断这两首曲目是否适合放在同一个歌单或相近的听歌场景里。请根据整体氛围、情绪基调和节奏能量判断它们是否相似；不要根据国家、语言、乐器或标签直接下结论。若相似填 yes，不相似填 no，不确定可留空并在 notes 中说明。,,,,
pal_0880,modern_english_pop_0006,modern_english_pop_0105,modern_english_pop,modern_english_pop,"['pop', 'country', 'popfolk']","['folk', 'pop', 'singersongwriter', 'popfolk']",,,E:\Desktop\Echo\storage\public\research_dataset_v3\modern_english_pop\audio\modern_english_pop_0006.mp3,E:\Desktop\Echo\storage\public\research_dataset_v3\modern_english_pop\audio\modern_english_pop_0105.mp3,,,1.2342689037322998,culture_centroid_entropy,请判断这两首曲目是否适合放在同一个歌单或相近的听歌场景里。请根据整体氛围、情绪基调和节奏能量判断它们是否相似；不要根据国家、语言、乐器或标签直接下结论。若相似填 yes，不相似填 no，不确定可留空并在 notes 中说明。,,,,
pal_0881,modern_english_pop_0029,modern_english_pop_0035,modern_english_pop,modern_english_pop,"['soundtrack', 'folk', 'easylistening', 'pop']","['folk', 'easylistening', 'pop']",,,E:\Desktop\Echo\storage\public\research_dataset_v3\modern_english_pop\audio\modern_english_pop_0029.mp3,E:\Desktop\Echo\storage\public\research_dataset_v3\modern_english_pop\audio\modern_english_pop_0035.mp3,,,1.2342689037322998,culture_centroid_entropy,请判断这两首曲目是否适合放在同一个歌单或相近的听歌场景里。请根据整体氛围、情绪基调和节奏能量判断它们是否相似；不要根据国家、语言、乐器或标签直接下结论。若相似填 yes，不相似填 no，不确定可留空并在 notes 中说明。,,,,
pal_0882,modern_english_pop_0035,modern_english_pop_0033,modern_english_pop,modern_english_pop,"['folk', 'easylistening', 'pop']","['folk', 'easylistening', 'pop']",,,E:\Desktop\Echo\storage\public\research_dataset_v3\modern_english_pop\audio\modern_english_pop_0035.mp3,E:\Desktop\Echo\storage\public\research_dataset_v3\modern_english_pop\audio\modern_english_pop_0033.mp3,,,1.2342689037322998,culture_centroid_entropy,请判断这两首曲目是否适合放在同一个歌单或相近的听歌场景里。请根据整体氛围、情绪基调和节奏能量判断它们是否相似；不要根据国家、语言、乐器或标签直接下结论。若相似填 yes，不相似填 no，不确定可留空并在 notes 中说明。,,,,
pal_0883,modern_english_pop_0067,modern_english_pop_0081,modern_english_pop,modern_english_pop,"['folk', 'popfolk', 'soundtrack', 'easylistening', 'pop']","['pop', 'popfolk']",,,E:\Desktop\Echo\storage\public\research_dataset_v3\modern_english_pop\audio\modern_english_pop_0067.mp3,E:\Desktop\Echo\storage\public\research_dataset_v3\modern_english_pop\audio\modern_english_pop_0081.mp3,,,1.2342689037322998,culture_centroid_entropy,请判断这两首曲目是否适合放在同一个歌单或相近的听歌场景里。请根据整体氛围、情绪基调和节奏能量判断它们是否相似；不要根据国家、语言、乐器或标签直接下结论。若相似填 yes，不相似填 no，不确定可留空并在 notes 中说明。,,,,
pal_0884,russia_0007,china_opencpop_0046,russia,china,"[1235, 5]",mandarin_pop,Into The Wind,终于等到你,E:\Desktop\Echo\storage\public\research_dataset_v3\russia\audio\russia_0007.mp3,E:\Desktop\Echo\storage\public\research_dataset_v3\china\audio\china_opencpop_0046.wav,,,1.2342689037322998,culture_centroid_entropy,请判断这两首曲目是否适合放在同一个歌单或相近的听歌场景里。请根据整体氛围、情绪基调和节奏能量判断它们是否相似；不要根据国家、语言、乐器或标签直接下结论。若相似填 yes，不相似填 no，不确定可留空并在 notes 中说明。,,,,
pal_0885,russia_0010,china_opencpop_0043,russia,china,"[103, 10, 362, 76, 17]",mandarin_pop,Bigili Bagili Boom,一路向北,E:\Desktop\Echo\storage\public\research_dataset_v3\russia\audio\russia_0010.mp3,E:\Desktop\Echo\storage\public\research_dataset_v3\china\audio\china_opencpop_0043.wav,,,1.2342689037322998,culture_centroid_entropy,请判断这两首曲目是否适合放在同一个歌单或相近的听歌场景里。请根据整体氛围、情绪基调和节奏能量判断它们是否相似；不要根据国家、语言、乐器或标签直接下结论。若相似填 yes，不相似填 no，不确定可留空并在 notes 中说明。,,,,
pal_0886,russia_0057,modern_english_pop_0021,russia,modern_english_pop,"[1235, 5]","['instrumentalpop', 'classical']",Nu I Vse,,E:\Desktop\Echo\storage\public\research_dataset_v3\russia\audio\russia_0057.mp3,E:\Desktop\Echo\storage\public\research_dataset_v3\modern_english_pop\audio\modern_english_pop_0021.mp3,,,1.2342689037322998,culture_centroid_entropy,请判断这两首曲目是否适合放在同一个歌单或相近的听歌场景里。请根据整体氛围、情绪基调和节奏能量判断它们是否相似；不要根据国家、语言、乐器或标签直接下结论。若相似填 yes，不相似填 no，不确定可留空并在 notes 中说明。,,,,
pal_0887,russia_0096,russia_0077,russia,russia,"[107, 18, 1235, 5]","[107, 18, 1235, 5]",Tavern,Birds Walk Away,E:\Desktop\Echo\storage\public\research_dataset_v3\russia\audio\russia_0096.mp3,E:\Desktop\Echo\storage\public\research_dataset_v3\russia\audio\russia_0077.mp3,,,1.2342689037322998,culture_centroid_entropy,请判断这两首曲目是否适合放在同一个歌单或相近的听歌场景里。请根据整体氛围、情绪基调和节奏能量判断它们是否相似；不要根据国家、语言、乐器或标签直接下结论。若相似填 yes，不相似填 no，不确定可留空并在 notes 中说明。,,,,
pal_0888,turkey_modern_0028,turkey_modern_0112,turkey,turkey,,,,,E:\Desktop\Echo\storage\public\research_dataset_v3\turkey\audio\turkey_modern_0028.mp3,E:\Desktop\Echo\storage\public\research_dataset_v3\turkey\audio\turkey_modern_0112.mp3,,,1.2342689037322998,culture_centroid_entropy,请判断这两首曲目是否适合放在同一个歌单或相近的听歌场景里。请根据整体氛围、情绪基调和节奏能量判断它们是否相似；不要根据国家、语言、乐器或标签直接下结论。若相似填 yes，不相似填 no，不确定可留空并在 notes 中说明。,,,,
pal_0889,turkey_modern_0040,turkey_modern_0024,turkey,turkey,,,,,E:\Desktop\Echo\storage\public\research_dataset_v3\turkey\audio\turkey_modern_0040.mp3,E:\Desktop\Echo\storage\public\research_dataset_v3\turkey\audio\turkey_modern_0024.mp3,,,1.2342689037322998,culture_centroid_entropy,请判断这两首曲目是否适合放在同一个歌单或相近的听歌场景里。请根据整体氛围、情绪基调和节奏能量判断它们是否相似；不要根据国家、语言、乐器或标签直接下结论。若相似填 yes，不相似填 no，不确定可留空并在 notes 中说明。,,,,
pal_0890,turkey_modern_0135,turkey_modern_0029,turkey,turkey,,,,,E:\Desktop\Echo\storage\public\research_dataset_v3\turkey\audio\turkey_modern_0135.mp3,E:\Desktop\Echo\storage\public\research_dataset_v3\turkey\audio\turkey_modern_0029.mp3,,,1.2342689037322998,culture_centroid_entropy,请判断这两首曲目是否适合放在同一个歌单或相近的听歌场景里。请根据整体氛围、情绪基调和节奏能量判断它们是否相似；不要根据国家、语言、乐器或标签直接下结论。若相似填 yes，不相似填 no，不确定可留空并在 notes 中说明。,,,,
pal_0891,russia_0073,turkey_modern_0016,russia,turkey,"[107, 18, 1235, 5]",,Morning City,,E:\Desktop\Echo\storage\public\research_dataset_v3\russia\audio\russia_0073.mp3,E:\Desktop\Echo\storage\public\research_dataset_v3\turkey\audio\turkey_modern_0016.mp3,,,1.2342687845230103,culture_centroid_entropy,请判断这两首曲目是否适合放在同一个歌单或相近的听歌场景里。请根据整体氛围、情绪基调和节奏能量判断它们是否相似；不要根据国家、语言、乐器或标签直接下结论。若相似填 yes，不相似填 no，不确定可留空并在 notes 中说明。,,,,
pal_0892,turkey_modern_0016,russia_0073,turkey,russia,,"[107, 18, 1235, 5]",,Morning City,E:\Desktop\Echo\storage\public\research_dataset_v3\turkey\audio\turkey_modern_0016.mp3,E:\Desktop\Echo\storage\public\research_dataset_v3\russia\audio\russia_0073.mp3,,,1.2342687845230103,culture_centroid_entropy,请判断这两首曲目是否适合放在同一个歌单或相近的听歌场景里。请根据整体氛围、情绪基调和节奏能量判断它们是否相似；不要根据国家、语言、乐器或标签直接下结论。若相似填 yes，不相似填 no，不确定可留空并在 notes 中说明。,,,,
pal_0893,turkey_modern_0024,turkey_modern_0103,turkey,turkey,,,,,E:\Desktop\Echo\storage\public\research_dataset_v3\turkey\audio\turkey_modern_0024.mp3,E:\Desktop\Echo\storage\public\research_dataset_v3\turkey\audio\turkey_modern_0103.mp3,,,1.2342687845230103,culture_centroid_entropy,请判断这两首曲目是否适合放在同一个歌单或相近的听歌场景里。请根据整体氛围、情绪基调和节奏能量判断它们是否相似；不要根据国家、语言、乐器或标签直接下结论。若相似填 yes，不相似填 no，不确定可留空并在 notes 中说明。,,,,
pal_0894,turkey_modern_0046,turkey_modern_0088,turkey,turkey,,,,,E:\Desktop\Echo\storage\public\research_dataset_v3\turkey\audio\turkey_modern_0046.mp3,E:\Desktop\Echo\storage\public\research_dataset_v3\turkey\audio\turkey_modern_0088.mp3,,,1.2342687845230103,culture_centroid_entropy,请判断这两首曲目是否适合放在同一个歌单或相近的听歌场景里。请根据整体氛围、情绪基调和节奏能量判断它们是否相似；不要根据国家、语言、乐器或标签直接下结论。若相似填 yes，不相似填 no，不确定可留空并在 notes 中说明。,,,,
pal_0895,turkey_modern_0086,turkey_modern_0053,turkey,turkey,,,,,E:\Desktop\Echo\storage\public\research_dataset_v3\turkey\audio\turkey_modern_0086.mp3,E:\Desktop\Echo\storage\public\research_dataset_v3\turkey\audio\turkey_modern_0053.mp3,,,1.2342687845230103,culture_centroid_entropy,请判断这两首曲目是否适合放在同一个歌单或相近的听歌场景里。请根据整体氛围、情绪基调和节奏能量判断它们是否相似；不要根据国家、语言、乐器或标签直接下结论。若相似填 yes，不相似填 no，不确定可留空并在 notes 中说明。,,,,
pal_0896,turkey_modern_0095,turkey_modern_0121,turkey,turkey,,,,,E:\Desktop\Echo\storage\public\research_dataset_v3\turkey\audio\turkey_modern_0095.mp3,E:\Desktop\Echo\storage\public\research_dataset_v3\turkey\audio\turkey_modern_0121.mp3,,,1.2342687845230103,culture_centroid_entropy,请判断这两首曲目是否适合放在同一个歌单或相近的听歌场景里。请根据整体氛围、情绪基调和节奏能量判断它们是否相似；不要根据国家、语言、乐器或标签直接下结论。若相似填 yes，不相似填 no，不确定可留空并在 notes 中说明。,,,,
pal_0897,turkey_modern_0128,turkey_modern_0098,turkey,turkey,,,,,E:\Desktop\Echo\storage\public\research_dataset_v3\turkey\audio\turkey_modern_0128.mp3,E:\Desktop\Echo\storage\public\research_dataset_v3\turkey\audio\turkey_modern_0098.mp3,,,1.2342687845230103,culture_centroid_entropy,请判断这两首曲目是否适合放在同一个歌单或相近的听歌场景里。请根据整体氛围、情绪基调和节奏能量判断它们是否相似；不要根据国家、语言、乐器或标签直接下结论。若相似填 yes，不相似填 no，不确定可留空并在 notes 中说明。,,,,
pal_0898,turkey_modern_0137,turkey_modern_0134,turkey,turkey,,,,,E:\Desktop\Echo\storage\public\research_dataset_v3\turkey\audio\turkey_modern_0137.mp3,E:\Desktop\Echo\storage\public\research_dataset_v3\turkey\audio\turkey_modern_0134.mp3,,,1.2342687845230103,culture_centroid_entropy,请判断这两首曲目是否适合放在同一个歌单或相近的听歌场景里。请根据整体氛围、情绪基调和节奏能量判断它们是否相似；不要根据国家、语言、乐器或标签直接下结论。若相似填 yes，不相似填 no，不确定可留空并在 notes 中说明。,,,,
pal_0899,france_0017,germany_0100,france,germany,"[267, 1235]","[17, 3, 651, 9]",Aurora,Happy Hour (ID 384),E:\Desktop\Echo\storage\public\research_dataset_v3\france\audio\france_0017.mp3,E:\Desktop\Echo\storage\public\research_dataset_v3\germany\audio\germany_0100.mp3,,,1.1988506317138672,culture_centroid_entropy,请判断这两首曲目是否适合放在同一个歌单或相近的听歌场景里。请根据整体氛围、情绪基调和节奏能量判断它们是否相似；不要根据国家、语言、乐器或标签直接下结论。若相似填 yes，不相似填 no，不确定可留空并在 notes 中说明。,,,,
pal_0900,italy_0021,india_saraga_0052,italy,india,"[18, 1235, 13]",Raag Bhairav,Polychromatic Journey,Raag Bhairav,E:\Desktop\Echo\storage\public\research_dataset_v3\italy\audio\italy_0021.mp3,E:\Desktop\Echo\storage\public\research_dataset_v3\india\audio\india_saraga_0052.mp3,,,1.1988506317138672,culture_centroid_entropy,请判断这两首曲目是否适合放在同一个歌单或相近的听歌场景里。请根据整体氛围、情绪基调和节奏能量判断它们是否相似；不要根据国家、语言、乐器或标签直接下结论。若相似填 yes，不相似填 no，不确定可留空并在 notes 中说明。,,,,
pal_0901,italy_0081,india_saraga_0047,italy,india,"[137, 3, 9]",Bhairavi Bhajan,Quando il Fagiano è in Fiore,Bhairavi Bhajan,E:\Desktop\Echo\storage\public\research_dataset_v3\italy\audio\italy_0081.mp3,E:\Desktop\Echo\storage\public\research_dataset_v3\india\audio\india_saraga_0047.mp3,,,1.1988506317138672,culture_centroid_entropy,请判断这两首曲目是否适合放在同一个歌单或相近的听歌场景里。请根据整体氛围、情绪基调和节奏能量判断它们是否相似；不要根据国家、语言、乐器或标签直接下结论。若相似填 yes，不相似填 no，不确定可留空并在 notes 中说明。,,,,
pal_0902,modern_english_pop_0010,modern_english_pop_0001,modern_english_pop,modern_english_pop,['pop'],['pop'],,,E:\Desktop\Echo\storage\public\research_dataset_v3\modern_english_pop\audio\modern_english_pop_0010.mp3,E:\Desktop\Echo\storage\public\research_dataset_v3\modern_english_pop\audio\modern_english_pop_0001.mp3,,,1.1988506317138672,culture_centroid_entropy,请判断这两首曲目是否适合放在同一个歌单或相近的听歌场景里。请根据整体氛围、情绪基调和节奏能量判断它们是否相似；不要根据国家、语言、乐器或标签直接下结论。若相似填 yes，不相似填 no，不确定可留空并在 notes 中说明。,,,,
pal_0903,india_saraga_0007,italy_0014,india,italy,Raag Komal Rishav Aasavari,"[17, 3]",Raag Komal Rishav Aasavari,Spirit Songs,E:\Desktop\Echo\storage\public\research_dataset_v3\india\audio\india_saraga_0007.mp3,E:\Desktop\Echo\storage\public\research_dataset_v3\italy\audio\italy_0014.mp3,,,1.1988505125045776,culture_centroid_entropy,请判断这两首曲目是否适合放在同一个歌单或相近的听歌场景里。请根据整体氛围、情绪基调和节奏能量判断它们是否相似；不要根据国家、语言、乐器或标签直接下结论。若相似填 yes，不相似填 no，不确定可留空并在 notes 中说明。,,,,
pal_0904,india_saraga_0089,india_saraga_0082,india,india,Raag Mian Malhar,Raag Malkauns,Raag Mian Malhar,Raag Malkauns,E:\Desktop\Echo\storage\public\research_dataset_v3\india\audio\india_saraga_0089.mp3,E:\Desktop\Echo\storage\public\research_dataset_v3\india\audio\india_saraga_0082.mp3,,,1.1988505125045776,culture_centroid_entropy,请判断这两首曲目是否适合放在同一个歌单或相近的听歌场景里。请根据整体氛围、情绪基调和节奏能量判断它们是否相似；不要根据国家、语言、乐器或标签直接下结论。若相似填 yes，不相似填 no，不确定可留空并在 notes 中说明。,,,,
pal_0905,indonesia_gamelan_0028,indonesia_gamelan_0023,indonesia,indonesia,orchestra/target,orchestra/target,,,E:\Desktop\Echo\storage\public\research_dataset_v3\indonesia\audio\indonesia_gamelan_0028.wav,E:\Desktop\Echo\storage\public\research_dataset_v3\indonesia\audio\indonesia_gamelan_0023.wav,,,1.1988505125045776,culture_centroid_entropy,请判断这两首曲目是否适合放在同一个歌单或相近的听歌场景里。请根据整体氛围、情绪基调和节奏能量判断它们是否相似；不要根据国家、语言、乐器或标签直接下结论。若相似填 yes，不相似填 no，不确定可留空并在 notes 中说明。,,,,
pal_0906,modern_english_pop_0038,france_0053,modern_english_pop,france,"['blues', 'pop', 'chanson']","[17, 103]",,Le fruit,E:\Desktop\Echo\storage\public\research_dataset_v3\modern_english_pop\audio\modern_english_pop_0038.mp3,E:\Desktop\Echo\storage\public\research_dataset_v3\france\audio\france_0053.mp3,,,1.1988505125045776,culture_centroid_entropy,请判断这两首曲目是否适合放在同一个歌单或相近的听歌场景里。请根据整体氛围、情绪基调和节奏能量判断它们是否相似；不要根据国家、语言、乐器或标签直接下结论。若相似填 yes，不相似填 no，不确定可留空并在 notes 中说明。,,,,
pal_0907,china_ctis_0039,china_ctis_0030,china,china,L0045,L0167,扬剧主胡,黔胡,E:\Desktop\Echo\storage\public\research_dataset_v3\china\audio\china_ctis_0039.wav,E:\Desktop\Echo\storage\public\research_dataset_v3\china\audio\china_ctis_0030.wav,,,1.198850393295288,culture_centroid_entropy,请判断这两首曲目是否适合放在同一个歌单或相近的听歌场景里。请根据整体氛围、情绪基调和节奏能量判断它们是否相似；不要根据国家、语言、乐器或标签直接下结论。若相似填 yes，不相似填 no，不确定可留空并在 notes 中说明。,,,,
pal_0908,china_ctis_0044,china_ctis_0005,china,china,C0124,C0124,大吹,大吹,E:\Desktop\Echo\storage\public\research_dataset_v3\china\audio\china_ctis_0044.wav,E:\Desktop\Echo\storage\public\research_dataset_v3\china\audio\china_ctis_0005.wav,,,1.198850393295288,culture_centroid_entropy,请判断这两首曲目是否适合放在同一个歌单或相近的听歌场景里。请根据整体氛围、情绪基调和节奏能量判断它们是否相似；不要根据国家、语言、乐器或标签直接下结论。若相似填 yes，不相似填 no，不确定可留空并在 notes 中说明。,,,,
pal_0909,china_opencpop_0014,china_opencpop_0006,china,china,mandarin_pop,mandarin_pop,亲爱的旅人啊,走马,E:\Desktop\Echo\storage\public\research_dataset_v3\china\audio\china_opencpop_0014.wav,E:\Desktop\Echo\storage\public\research_dataset_v3\china\audio\china_opencpop_0006.wav,,,1.198850393295288,culture_centroid_entropy,请判断这两首曲目是否适合放在同一个歌单或相近的听歌场景里。请根据整体氛围、情绪基调和节奏能量判断它们是否相似；不要根据国家、语言、乐器或标签直接下结论。若相似填 yes，不相似填 no，不确定可留空并在 notes 中说明。,,,,
pal_0910,great_britain_0016,france_0072,great_britain,france,"[538, 18, 1235]","[10, 76]",San Francisco,Dites 33,E:\Desktop\Echo\storage\public\research_dataset_v3\great_britain\audio\great_britain_0016.mp3,E:\Desktop\Echo\storage\public\research_dataset_v3\france\audio\france_0072.mp3,,,1.198850393295288,culture_centroid_entropy,请判断这两首曲目是否适合放在同一个歌单或相近的听歌场景里。请根据整体氛围、情绪基调和节奏能量判断它们是否相似；不要根据国家、语言、乐器或标签直接下结论。若相似填 yes，不相似填 no，不确定可留空并在 notes 中说明。,,,,
pal_0911,india_saraga_0054,india_saraga_0055,india,india,Bhairavi Thumri,Raag Bhatiyar,Bhairavi Thumri,Raag Bhatiyar,E:\Desktop\Echo\storage\public\research_dataset_v3\india\audio\india_saraga_0054.mp3,E:\Desktop\Echo\storage\public\research_dataset_v3\india\audio\india_saraga_0055.mp3,,,1.198850393295288,culture_centroid_entropy,请判断这两首曲目是否适合放在同一个歌单或相近的听歌场景里。请根据整体氛围、情绪基调和节奏能量判断它们是否相似；不要根据国家、语言、乐器或标签直接下结论。若相似填 yes，不相似填 no，不确定可留空并在 notes 中说明。,,,,
pal_0912,italy_0090,turkey_modern_0080,italy,turkey,[4],,Frame,,E:\Desktop\Echo\storage\public\research_dataset_v3\italy\audio\italy_0090.mp3,E:\Desktop\Echo\storage\public\research_dataset_v3\turkey\audio\turkey_modern_0080.mp3,,,1.198850393295288,culture_centroid_entropy,请判断这两首曲目是否适合放在同一个歌单或相近的听歌场景里。请根据整体氛围、情绪基调和节奏能量判断它们是否相似；不要根据国家、语言、乐器或标签直接下结论。若相似填 yes，不相似填 no，不确定可留空并在 notes 中说明。,,,,
pal_0913,modern_english_pop_0105,modern_english_pop_0006,modern_english_pop,modern_english_pop,"['folk', 'pop', 'singersongwriter', 'popfolk']","['pop', 'country', 'popfolk']",,,E:\Desktop\Echo\storage\public\research_dataset_v3\modern_english_pop\audio\modern_english_pop_0105.mp3,E:\Desktop\Echo\storage\public\research_dataset_v3\modern_english_pop\audio\modern_english_pop_0006.mp3,,,1.198850393295288,culture_centroid_entropy,请判断这两首曲目是否适合放在同一个歌单或相近的听歌场景里。请根据整体氛围、情绪基调和节奏能量判断它们是否相似；不要根据国家、语言、乐器或标签直接下结论。若相似填 yes，不相似填 no，不确定可留空并在 notes 中说明。,,,,
pal_0914,modern_english_pop_0115,modern_english_pop_0046,modern_english_pop,modern_english_pop,"['reggae', 'popfolk', 'alternative', 'indie', 'chillout']","['blues', 'pop', 'country', 'chanson']",,,E:\Desktop\Echo\storage\public\research_dataset_v3\modern_english_pop\audio\modern_english_pop_0115.mp3,E:\Desktop\Echo\storage\public\research_dataset_v3\modern_english_pop\audio\modern_english_pop_0046.mp3,,,1.198850393295288,culture_centroid_entropy,请判断这两首曲目是否适合放在同一个歌单或相近的听歌场景里。请根据整体氛围、情绪基调和节奏能量判断它们是否相似；不要根据国家、语言、乐器或标签直接下结论。若相似填 yes，不相似填 no，不确定可留空并在 notes 中说明。,,,,
pal_0915,russia_0031,turkey_modern_0035,russia,turkey,"[107, 1235]",,ocbiuv bv,,E:\Desktop\Echo\storage\public\research_dataset_v3\russia\audio\russia_0031.mp3,E:\Desktop\Echo\storage\public\research_dataset_v3\turkey\audio\turkey_modern_0035.mp3,,,1.198850393295288,culture_centroid_entropy,请判断这两首曲目是否适合放在同一个歌单或相近的听歌场景里。请根据整体氛围、情绪基调和节奏能量判断它们是否相似；不要根据国家、语言、乐器或标签直接下结论。若相似填 yes，不相似填 no，不确定可留空并在 notes 中说明。,,,,
pal_0916,turkey_modern_0017,great_britain_0056,turkey,great_britain,,[],,CM's Ghetto Menagerie,E:\Desktop\Echo\storage\public\research_dataset_v3\turkey\audio\turkey_modern_0017.mp3,E:\Desktop\Echo\storage\public\research_dataset_v3\great_britain\audio\great_britain_0056.mp3,,,1.198850393295288,culture_centroid_entropy,请判断这两首曲目是否适合放在同一个歌单或相近的听歌场景里。请根据整体氛围、情绪基调和节奏能量判断它们是否相似；不要根据国家、语言、乐器或标签直接下结论。若相似填 yes，不相似填 no，不确定可留空并在 notes 中说明。,,,,
pal_0917,turkey_modern_0033,turkey_modern_0134,turkey,turkey,,,,,E:\Desktop\Echo\storage\public\research_dataset_v3\turkey\audio\turkey_modern_0033.mp3,E:\Desktop\Echo\storage\public\research_dataset_v3\turkey\audio\turkey_modern_0134.mp3,,,1.198850393295288,culture_centroid_entropy,请判断这两首曲目是否适合放在同一个歌单或相近的听歌场景里。请根据整体氛围、情绪基调和节奏能量判断它们是否相似；不要根据国家、语言、乐器或标签直接下结论。若相似填 yes，不相似填 no，不确定可留空并在 notes 中说明。,,,,
pal_0918,turkey_modern_0138,italy_0013,turkey,italy,,[10],,"""Per uomini in pensione""",E:\Desktop\Echo\storage\public\research_dataset_v3\turkey\audio\turkey_modern_0138.mp3,E:\Desktop\Echo\storage\public\research_dataset_v3\italy\audio\italy_0013.mp3,,,1.198850393295288,culture_centroid_entropy,请判断这两首曲目是否适合放在同一个歌单或相近的听歌场景里。请根据整体氛围、情绪基调和节奏能量判断它们是否相似；不要根据国家、语言、乐器或标签直接下结论。若相似填 yes，不相似填 no，不确定可留空并在 notes 中说明。,,,,
pal_0919,germany_0034,italy_0091,germany,italy,"[538, 18, 1235]",[4],Bye Bye Altai,Sadio,E:\Desktop\Echo\storage\public\research_dataset_v3\germany\audio\germany_0034.mp3,E:\Desktop\Echo\storage\public\research_dataset_v3\italy\audio\italy_0091.mp3,,,1.1437095403671265,culture_centroid_entropy,请判断这两首曲目是否适合放在同一个歌单或相近的听歌场景里。请根据整体氛围、情绪基调和节奏能量判断它们是否相似；不要根据国家、语言、乐器或标签直接下结论。若相似填 yes，不相似填 no，不确定可留空并在 notes 中说明。,,,,
pal_0920,indonesia_gamelan_0021,indonesia_gamelan_0022,indonesia,indonesia,orchestra/target,orchestra/target,,,E:\Desktop\Echo\storage\public\research_dataset_v3\indonesia\audio\indonesia_gamelan_0021.wav,E:\Desktop\Echo\storage\public\research_dataset_v3\indonesia\audio\indonesia_gamelan_0022.wav,,,1.1437095403671265,culture_centroid_entropy,请判断这两首曲目是否适合放在同一个歌单或相近的听歌场景里。请根据整体氛围、情绪基调和节奏能量判断它们是否相似；不要根据国家、语言、乐器或标签直接下结论。若相似填 yes，不相似填 no，不确定可留空并在 notes 中说明。,,,,
pal_0921,great_britain_0026,great_britain_0056,great_britain,great_britain,"[9, 3, 17]",[],When He Comes,CM's Ghetto Menagerie,E:\Desktop\Echo\storage\public\research_dataset_v3\great_britain\audio\great_britain_0026.mp3,E:\Desktop\Echo\storage\public\research_dataset_v3\great_britain\audio\great_britain_0056.mp3,,,1.143709421157837,culture_centroid_entropy,请判断这两首曲目是否适合放在同一个歌单或相近的听歌场景里。请根据整体氛围、情绪基调和节奏能量判断它们是否相似；不要根据国家、语言、乐器或标签直接下结论。若相似填 yes，不相似填 no，不确定可留空并在 notes 中说明。,,,,
pal_0922,china_ctis_0005,china_ctis_0044,china,china,C0124,C0124,大吹,大吹,E:\Desktop\Echo\storage\public\research_dataset_v3\china\audio\china_ctis_0005.wav,E:\Desktop\Echo\storage\public\research_dataset_v3\china\audio\china_ctis_0044.wav,,,1.1269299983978271,culture_centroid_entropy,请判断这两首曲目是否适合放在同一个歌单或相近的听歌场景里。请根据整体氛围、情绪基调和节奏能量判断它们是否相似；不要根据国家、语言、乐器或标签直接下结论。若相似填 yes，不相似填 no，不确定可留空并在 notes 中说明。,,,,
pal_0923,china_ctis_0023,china_ctis_0060,china,china,L0056,L0047,壮剧马骨胡D调,扬剧主胡(小西皮),E:\Desktop\Echo\storage\public\research_dataset_v3\china\audio\china_ctis_0023.wav,E:\Desktop\Echo\storage\public\research_dataset_v3\china\audio\china_ctis_0060.wav,,,1.1269299983978271,culture_centroid_entropy,请判断这两首曲目是否适合放在同一个歌单或相近的听歌场景里。请根据整体氛围、情绪基调和节奏能量判断它们是否相似；不要根据国家、语言、乐器或标签直接下结论。若相似填 yes，不相似填 no，不确定可留空并在 notes 中说明。,,,,
pal_0924,china_ctis_0060,china_ctis_0052,china,china,L0047,C0243,扬剧主胡(小西皮),高音键笙,E:\Desktop\Echo\storage\public\research_dataset_v3\china\audio\china_ctis_0060.wav,E:\Desktop\Echo\storage\public\research_dataset_v3\china\audio\china_ctis_0052.wav,,,1.1269299983978271,culture_centroid_entropy,请判断这两首曲目是否适合放在同一个歌单或相近的听歌场景里。请根据整体氛围、情绪基调和节奏能量判断它们是否相似；不要根据国家、语言、乐器或标签直接下结论。若相似填 yes，不相似填 no，不确定可留空并在 notes 中说明。,,,,
pal_0925,china_ctis_0061,china_ctis_0047,china,china,C0091,C0093,高音横笛,中音横笛,E:\Desktop\Echo\storage\public\research_dataset_v3\china\audio\china_ctis_0061.wav,E:\Desktop\Echo\storage\public\research_dataset_v3\china\audio\china_ctis_0047.wav,,,1.1269299983978271,culture_centroid_entropy,请判断这两首曲目是否适合放在同一个歌单或相近的听歌场景里。请根据整体氛围、情绪基调和节奏能量判断它们是否相似；不要根据国家、语言、乐器或标签直接下结论。若相似填 yes，不相似填 no，不确定可留空并在 notes 中说明。,,,,
pal_0926,france_0080,china_jingju_0060,france,china,"[17, 1235]",lsfxp,This is not a rock song,Yang_si_lang,E:\Desktop\Echo\storage\public\research_dataset_v3\france\audio\france_0080.mp3,E:\Desktop\Echo\storage\public\research_dataset_v3\china\audio\china_jingju_0060.wav,,,1.1269299983978271,culture_centroid_entropy,请判断这两首曲目是否适合放在同一个歌单或相近的听歌场景里。请根据整体氛围、情绪基调和节奏能量判断它们是否相似；不要根据国家、语言、乐器或标签直接下结论。若相似填 yes，不相似填 no，不确定可留空并在 notes 中说明。,,,,
pal_0927,indonesia_gamelan_0018,indonesia_gamelan_0020,indonesia,indonesia,orchestra/target,orchestra/target,,,E:\Desktop\Echo\storage\public\research_dataset_v3\indonesia\audio\indonesia_gamelan_0018.wav,E:\Desktop\Echo\storage\public\research_dataset_v3\indonesia\audio\indonesia_gamelan_0020.wav,,,1.1269299983978271,culture_centroid_entropy,请判断这两首曲目是否适合放在同一个歌单或相近的听歌场景里。请根据整体氛围、情绪基调和节奏能量判断它们是否相似；不要根据国家、语言、乐器或标签直接下结论。若相似填 yes，不相似填 no，不确定可留空并在 notes 中说明。,,,,
pal_0928,indonesia_gamelan_0022,indonesia_gamelan_0021,indonesia,indonesia,orchestra/target,orchestra/target,,,E:\Desktop\Echo\storage\public\research_dataset_v3\indonesia\audio\indonesia_gamelan_0022.wav,E:\Desktop\Echo\storage\public\research_dataset_v3\indonesia\audio\indonesia_gamelan_0021.wav,,,1.1269299983978271,culture_centroid_entropy,请判断这两首曲目是否适合放在同一个歌单或相近的听歌场景里。请根据整体氛围、情绪基调和节奏能量判断它们是否相似；不要根据国家、语言、乐器或标签直接下结论。若相似填 yes，不相似填 no，不确定可留空并在 notes 中说明。,,,,
pal_0929,indonesia_gamelan_0039,indonesia_gamelan_0041,indonesia,indonesia,orchestra/target,orchestra/target,,,E:\Desktop\Echo\storage\public\research_dataset_v3\indonesia\audio\indonesia_gamelan_0039.wav,E:\Desktop\Echo\storage\public\research_dataset_v3\indonesia\audio\indonesia_gamelan_0041.wav,,,1.1269299983978271,culture_centroid_entropy,请判断这两首曲目是否适合放在同一个歌单或相近的听歌场景里。请根据整体氛围、情绪基调和节奏能量判断它们是否相似；不要根据国家、语言、乐器或标签直接下结论。若相似填 yes，不相似填 no，不确定可留空并在 notes 中说明。,,,,
pal_0930,russia_0014,italy_0093,russia,italy,"[107, 1235]",[4],Underworld Transmisions,The Other Side,E:\Desktop\Echo\storage\public\research_dataset_v3\russia\audio\russia_0014.mp3,E:\Desktop\Echo\storage\public\research_dataset_v3\italy\audio\italy_0093.mp3,,,1.1269299983978271,culture_centroid_entropy,请判断这两首曲目是否适合放在同一个歌单或相近的听歌场景里。请根据整体氛围、情绪基调和节奏能量判断它们是否相似；不要根据国家、语言、乐器或标签直接下结论。若相似填 yes，不相似填 no，不确定可留空并在 notes 中说明。,,,,
pal_0931,russia_0052,turkey_modern_0144,russia,turkey,"[107, 5, 1235]",,Pianochocolate - Supernova,,E:\Desktop\Echo\storage\public\research_dataset_v3\russia\audio\russia_0052.mp3,E:\Desktop\Echo\storage\public\research_dataset_v3\turkey\audio\turkey_modern_0144.mp3,,,1.1269299983978271,culture_centroid_entropy,请判断这两首曲目是否适合放在同一个歌单或相近的听歌场景里。请根据整体氛围、情绪基调和节奏能量判断它们是否相似；不要根据国家、语言、乐器或标签直接下结论。若相似填 yes，不相似填 no，不确定可留空并在 notes 中说明。,,,,
pal_0932,china_ctis_0037,indonesia_gamelan_0004,china,indonesia,L0115,orchestra/mixture,莱芜梆子-梆胡,,E:\Desktop\Echo\storage\public\research_dataset_v3\china\audio\china_ctis_0037.wav,E:\Desktop\Echo\storage\public\research_dataset_v3\indonesia\audio\indonesia_gamelan_0004.wav,,,1.1269298791885376,culture_centroid_entropy,请判断这两首曲目是否适合放在同一个歌单或相近的听歌场景里。请根据整体氛围、情绪基调和节奏能量判断它们是否相似；不要根据国家、语言、乐器或标签直接下结论。若相似填 yes，不相似填 no，不确定可留空并在 notes 中说明。,,,,
pal_0933,great_britain_0006,turkey_modern_0134,great_britain,turkey,[3],,No Home,,E:\Desktop\Echo\storage\public\research_dataset_v3\great_britain\audio\great_britain_0006.mp3,E:\Desktop\Echo\storage\public\research_dataset_v3\turkey\audio\turkey_modern_0134.mp3,,,1.1269298791885376,culture_centroid_entropy,请判断这两首曲目是否适合放在同一个歌单或相近的听歌场景里。请根据整体氛围、情绪基调和节奏能量判断它们是否相似；不要根据国家、语言、乐器或标签直接下结论。若相似填 yes，不相似填 no，不确定可留空并在 notes 中说明。,,,,
pal_0934,china_ctis_0043,indonesia_gamelan_0035,china,indonesia,C0243,orchestra/target,高音键笙,,E:\Desktop\Echo\storage\public\research_dataset_v3\china\audio\china_ctis_0043.wav,E:\Desktop\Echo\storage\public\research_dataset_v3\indonesia\audio\indonesia_gamelan_0035.wav,,,1.1187446117401123,culture_centroid_entropy,请判断这两首曲目是否适合放在同一个歌单或相近的听歌场景里。请根据整体氛围、情绪基调和节奏能量判断它们是否相似；不要根据国家、语言、乐器或标签直接下结论。若相似填 yes，不相似填 no，不确定可留空并在 notes 中说明。,,,,
pal_0935,china_opencpop_0023,china_opencpop_0043,china,china,mandarin_pop,mandarin_pop,暖暖,一路向北,E:\Desktop\Echo\storage\public\research_dataset_v3\china\audio\china_opencpop_0023.wav,E:\Desktop\Echo\storage\public\research_dataset_v3\china\audio\china_opencpop_0043.wav,,,1.1187446117401123,culture_centroid_entropy,请判断这两首曲目是否适合放在同一个歌单或相近的听歌场景里。请根据整体氛围、情绪基调和节奏能量判断它们是否相似；不要根据国家、语言、乐器或标签直接下结论。若相似填 yes，不相似填 no，不确定可留空并在 notes 中说明。,,,,
pal_0936,india_saraga_0071,italy_0002,india,italy,Raag Kalyan,"[137, 3, 9]",Raag Kalyan,Baldo's Blues,E:\Desktop\Echo\storage\public\research_dataset_v3\india\audio\india_saraga_0071.mp3,E:\Desktop\Echo\storage\public\research_dataset_v3\italy\audio\italy_0002.mp3,,,1.1187446117401123,culture_centroid_entropy,请判断这两首曲目是否适合放在同一个歌单或相近的听歌场景里。请根据整体氛围、情绪基调和节奏能量判断它们是否相似；不要根据国家、语言、乐器或标签直接下结论。若相似填 yes，不相似填 no，不确定可留空并在 notes 中说明。,,,,
pal_0937,modern_english_pop_0033,modern_english_pop_0035,modern_english_pop,modern_english_pop,"['folk', 'easylistening', 'pop']","['folk', 'easylistening', 'pop']",,,E:\Desktop\Echo\storage\public\research_dataset_v3\modern_english_pop\audio\modern_english_pop_0033.mp3,E:\Desktop\Echo\storage\public\research_dataset_v3\modern_english_pop\audio\modern_english_pop_0035.mp3,,,1.1187446117401123,culture_centroid_entropy,请判断这两首曲目是否适合放在同一个歌单或相近的听歌场景里。请根据整体氛围、情绪基调和节奏能量判断它们是否相似；不要根据国家、语言、乐器或标签直接下结论。若相似填 yes，不相似填 no，不确定可留空并在 notes 中说明。,,,,
pal_0938,modern_english_pop_0080,modern_english_pop_0077,modern_english_pop,modern_english_pop,"['folk', 'popfolk', 'alternative']","['pop', 'singersongwriter', 'alternative']",,,E:\Desktop\Echo\storage\public\research_dataset_v3\modern_english_pop\audio\modern_english_pop_0080.mp3,E:\Desktop\Echo\storage\public\research_dataset_v3\modern_english_pop\audio\modern_english_pop_0077.mp3,,,1.1187446117401123,culture_centroid_entropy,请判断这两首曲目是否适合放在同一个歌单或相近的听歌场景里。请根据整体氛围、情绪基调和节奏能量判断它们是否相似；不要根据国家、语言、乐器或标签直接下结论。若相似填 yes，不相似填 no，不确定可留空并在 notes 中说明。,,,,
pal_0939,great_britain_0024,turkey_modern_0016,great_britain,turkey,[10],,I'd rather you lied,,E:\Desktop\Echo\storage\public\research_dataset_v3\great_britain\audio\great_britain_0024.mp3,E:\Desktop\Echo\storage\public\research_dataset_v3\turkey\audio\turkey_modern_0016.mp3,,,1.1187444925308228,culture_centroid_entropy,请判断这两首曲目是否适合放在同一个歌单或相近的听歌场景里。请根据整体氛围、情绪基调和节奏能量判断它们是否相似；不要根据国家、语言、乐器或标签直接下结论。若相似填 yes，不相似填 no，不确定可留空并在 notes 中说明。,,,,
pal_0940,india_saraga_0038,india_saraga_0071,india,india,Raag Bairagi,Raag Kalyan,Raag Bairagi,Raag Kalyan,E:\Desktop\Echo\storage\public\research_dataset_v3\india\audio\india_saraga_0038.mp3,E:\Desktop\Echo\storage\public\research_dataset_v3\india\audio\india_saraga_0071.mp3,,,1.1187444925308228,culture_centroid_entropy,请判断这两首曲目是否适合放在同一个歌单或相近的听歌场景里。请根据整体氛围、情绪基调和节奏能量判断它们是否相似；不要根据国家、语言、乐器或标签直接下结论。若相似填 yes，不相似填 no，不确定可留空并在 notes 中说明。,,,,
pal_0941,indonesia_gamelan_0001,indonesia_gamelan_0033,indonesia,indonesia,orchestra/mixture,orchestra/target,,,E:\Desktop\Echo\storage\public\research_dataset_v3\indonesia\audio\indonesia_gamelan_0001.wav,E:\Desktop\Echo\storage\public\research_dataset_v3\indonesia\audio\indonesia_gamelan_0033.wav,,,1.1187444925308228,culture_centroid_entropy,请判断这两首曲目是否适合放在同一个歌单或相近的听歌场景里。请根据整体氛围、情绪基调和节奏能量判断它们是否相似；不要根据国家、语言、乐器或标签直接下结论。若相似填 yes，不相似填 no，不确定可留空并在 notes 中说明。,,,,
pal_0942,indonesia_gamelan_0036,indonesia_gamelan_0037,indonesia,indonesia,orchestra/target,orchestra/target,,,E:\Desktop\Echo\storage\public\research_dataset_v3\indonesia\audio\indonesia_gamelan_0036.wav,E:\Desktop\Echo\storage\public\research_dataset_v3\indonesia\audio\indonesia_gamelan_0037.wav,,,1.1187444925308228,culture_centroid_entropy,请判断这两首曲目是否适合放在同一个歌单或相近的听歌场景里。请根据整体氛围、情绪基调和节奏能量判断它们是否相似；不要根据国家、语言、乐器或标签直接下结论。若相似填 yes，不相似填 no，不确定可留空并在 notes 中说明。,,,,
pal_0943,italy_0054,italy_0025,italy,italy,"[18, 1235, 13]",[4],So you think that this is just a dream,02 Black Trees,E:\Desktop\Echo\storage\public\research_dataset_v3\italy\audio\italy_0054.mp3,E:\Desktop\Echo\storage\public\research_dataset_v3\italy\audio\italy_0025.mp3,,,1.1187444925308228,culture_centroid_entropy,请判断这两首曲目是否适合放在同一个歌单或相近的听歌场景里。请根据整体氛围、情绪基调和节奏能量判断它们是否相似；不要根据国家、语言、乐器或标签直接下结论。若相似填 yes，不相似填 no，不确定可留空并在 notes 中说明。,,,,
pal_0944,modern_english_pop_0091,modern_english_pop_0089,modern_english_pop,modern_english_pop,"['folk', 'pop', 'popfolk']","['folk', 'pop', 'popfolk']",,,E:\Desktop\Echo\storage\public\research_dataset_v3\modern_english_pop\audio\modern_english_pop_0091.mp3,E:\Desktop\Echo\storage\public\research_dataset_v3\modern_english_pop\audio\modern_english_pop_0089.mp3,,,1.1187444925308228,culture_centroid_entropy,请判断这两首曲目是否适合放在同一个歌单或相近的听歌场景里。请根据整体氛围、情绪基调和节奏能量判断它们是否相似；不要根据国家、语言、乐器或标签直接下结论。若相似填 yes，不相似填 no，不确定可留空并在 notes 中说明。,,,,
pal_0945,russia_0075,france_0004,russia,france,"[107, 18, 1235, 5]","[49, 10, 17]",Closer To You,Interlude,E:\Desktop\Echo\storage\public\research_dataset_v3\russia\audio\russia_0075.mp3,E:\Desktop\Echo\storage\public\research_dataset_v3\france\audio\france_0004.mp3,,,1.1187444925308228,culture_centroid_entropy,请判断这两首曲目是否适合放在同一个歌单或相近的听歌场景里。请根据整体氛围、情绪基调和节奏能量判断它们是否相似；不要根据国家、语言、乐器或标签直接下结论。若相似填 yes，不相似填 no，不确定可留空并在 notes 中说明。,,,,
pal_0946,turkey_modern_0057,italy_0025,turkey,italy,,[4],,02 Black Trees,E:\Desktop\Echo\storage\public\research_dataset_v3\turkey\audio\turkey_modern_0057.mp3,E:\Desktop\Echo\storage\public\research_dataset_v3\italy\audio\italy_0025.mp3,,,1.1187444925308228,culture_centroid_entropy,请判断这两首曲目是否适合放在同一个歌单或相近的听歌场景里。请根据整体氛围、情绪基调和节奏能量判断它们是否相似；不要根据国家、语言、乐器或标签直接下结论。若相似填 yes，不相似填 no，不确定可留空并在 notes 中说明。,,,,
pal_0947,turkey_modern_0059,turkey_modern_0060,turkey,turkey,,,,,E:\Desktop\Echo\storage\public\research_dataset_v3\turkey\audio\turkey_modern_0059.mp3,E:\Desktop\Echo\storage\public\research_dataset_v3\turkey\audio\turkey_modern_0060.mp3,,,1.1187444925308228,culture_centroid_entropy,请判断这两首曲目是否适合放在同一个歌单或相近的听歌场景里。请根据整体氛围、情绪基调和节奏能量判断它们是否相似；不要根据国家、语言、乐器或标签直接下结论。若相似填 yes，不相似填 no，不确定可留空并在 notes 中说明。,,,,
pal_0948,turkey_modern_0060,turkey_modern_0060,turkey,turkey,,,,,E:\Desktop\Echo\storage\public\research_dataset_v3\turkey\audio\turkey_modern_0060.mp3,E:\Desktop\Echo\storage\public\research_dataset_v3\turkey\audio\turkey_modern_0060.mp3,,,1.1187444925308228,culture_centroid_entropy,请判断这两首曲目是否适合放在同一个歌单或相近的听歌场景里。请根据整体氛围、情绪基调和节奏能量判断它们是否相似；不要根据国家、语言、乐器或标签直接下结论。若相似填 yes，不相似填 no，不确定可留空并在 notes 中说明。,,,,
pal_0949,turkey_modern_0091,turkey_modern_0111,turkey,turkey,,,,,E:\Desktop\Echo\storage\public\research_dataset_v3\turkey\audio\turkey_modern_0091.mp3,E:\Desktop\Echo\storage\public\research_dataset_v3\turkey\audio\turkey_modern_0111.mp3,,,1.1187444925308228,culture_centroid_entropy,请判断这两首曲目是否适合放在同一个歌单或相近的听歌场景里。请根据整体氛围、情绪基调和节奏能量判断它们是否相似；不要根据国家、语言、乐器或标签直接下结论。若相似填 yes，不相似填 no，不确定可留空并在 notes 中说明。,,,,
pal_0950,turkey_modern_0100,turkey_modern_0103,turkey,turkey,,,,,E:\Desktop\Echo\storage\public\research_dataset_v3\turkey\audio\turkey_modern_0100.mp3,E:\Desktop\Echo\storage\public\research_dataset_v3\turkey\audio\turkey_modern_0103.mp3,,,1.1187444925308228,culture_centroid_entropy,请判断这两首曲目是否适合放在同一个歌单或相近的听歌场景里。请根据整体氛围、情绪基调和节奏能量判断它们是否相似；不要根据国家、语言、乐器或标签直接下结论。若相似填 yes，不相似填 no，不确定可留空并在 notes 中说明。,,,,
pal_0951,turkey_modern_0133,turkey_modern_0060,turkey,turkey,,,,,E:\Desktop\Echo\storage\public\research_dataset_v3\turkey\audio\turkey_modern_0133.mp3,E:\Desktop\Echo\storage\public\research_dataset_v3\turkey\audio\turkey_modern_0060.mp3,,,1.1187444925308228,culture_centroid_entropy,请判断这两首曲目是否适合放在同一个歌单或相近的听歌场景里。请根据整体氛围、情绪基调和节奏能量判断它们是否相似；不要根据国家、语言、乐器或标签直接下结论。若相似填 yes，不相似填 no，不确定可留空并在 notes 中说明。,,,,
pal_0952,modern_english_pop_0078,turkey_modern_0000,modern_english_pop,turkey,"['reggae', 'popfolk', 'alternative']",,,,E:\Desktop\Echo\storage\public\research_dataset_v3\modern_english_pop\audio\modern_english_pop_0078.mp3,E:\Desktop\Echo\storage\public\research_dataset_v3\turkey\audio\turkey_modern_0000.mp3,,,1.0986136198043823,culture_centroid_entropy,请判断这两首曲目是否适合放在同一个歌单或相近的听歌场景里。请根据整体氛围、情绪基调和节奏能量判断它们是否相似；不要根据国家、语言、乐器或标签直接下结论。若相似填 yes，不相似填 no，不确定可留空并在 notes 中说明。,,,,
pal_0953,china_opencpop_0010,china_opencpop_0022,china,china,mandarin_pop,mandarin_pop,下个路口见,分手快乐,E:\Desktop\Echo\storage\public\research_dataset_v3\china\audio\china_opencpop_0010.wav,E:\Desktop\Echo\storage\public\research_dataset_v3\china\audio\china_opencpop_0022.wav,,,1.0986133813858032,culture_centroid_entropy,请判断这两首曲目是否适合放在同一个歌单或相近的听歌场景里。请根据整体氛围、情绪基调和节奏能量判断它们是否相似；不要根据国家、语言、乐器或标签直接下结论。若相似填 yes，不相似填 no，不确定可留空并在 notes 中说明。,,,,
pal_0954,modern_english_pop_0002,modern_english_pop_0001,modern_english_pop,modern_english_pop,['pop'],['pop'],,,E:\Desktop\Echo\storage\public\research_dataset_v3\modern_english_pop\audio\modern_english_pop_0002.mp3,E:\Desktop\Echo\storage\public\research_dataset_v3\modern_english_pop\audio\modern_english_pop_0001.mp3,,,1.0986133813858032,culture_centroid_entropy,请判断这两首曲目是否适合放在同一个歌单或相近的听歌场景里。请根据整体氛围、情绪基调和节奏能量判断它们是否相似；不要根据国家、语言、乐器或标签直接下结论。若相似填 yes，不相似填 no，不确定可留空并在 notes 中说明。,,,,
pal_0955,modern_english_pop_0110,modern_english_pop_0082,modern_english_pop,modern_english_pop,"['pop', 'singersongwriter', 'popfolk']","['pop', 'popfolk']",,,E:\Desktop\Echo\storage\public\research_dataset_v3\modern_english_pop\audio\modern_english_pop_0110.mp3,E:\Desktop\Echo\storage\public\research_dataset_v3\modern_english_pop\audio\modern_english_pop_0082.mp3,,,1.0986133813858032,culture_centroid_entropy,请判断这两首曲目是否适合放在同一个歌单或相近的听歌场景里。请根据整体氛围、情绪基调和节奏能量判断它们是否相似；不要根据国家、语言、乐器或标签直接下结论。若相似填 yes，不相似填 no，不确定可留空并在 notes 中说明。,,,,
pal_0956,china_opencpop_0037,germany_0070,china,germany,mandarin_pop,"[10, 76]",芒种,Sheep,E:\Desktop\Echo\storage\public\research_dataset_v3\china\audio\china_opencpop_0037.wav,E:\Desktop\Echo\storage\public\research_dataset_v3\germany\audio\germany_0070.mp3,,,1.0986132621765137,culture_centroid_entropy,请判断这两首曲目是否适合放在同一个歌单或相近的听歌场景里。请根据整体氛围、情绪基调和节奏能量判断它们是否相似；不要根据国家、语言、乐器或标签直接下结论。若相似填 yes，不相似填 no，不确定可留空并在 notes 中说明。,,,,
pal_0957,china_opencpop_0047,great_britain_0005,china,great_britain,mandarin_pop,"[18, 1235]",背对背拥抱,Piano song,E:\Desktop\Echo\storage\public\research_dataset_v3\china\audio\china_opencpop_0047.wav,E:\Desktop\Echo\storage\public\research_dataset_v3\great_britain\audio\great_britain_0005.mp3,,,1.0986132621765137,culture_centroid_entropy,请判断这两首曲目是否适合放在同一个歌单或相近的听歌场景里。请根据整体氛围、情绪基调和节奏能量判断它们是否相似；不要根据国家、语言、乐器或标签直接下结论。若相似填 yes，不相似填 no，不确定可留空并在 notes 中说明。,,,,
pal_0958,great_britain_0089,modern_english_pop_0073,great_britain,modern_english_pop,"[10, 76]","['soundtrack', 'folk', 'pop', 'country']",Slap up breakfast,,E:\Desktop\Echo\storage\public\research_dataset_v3\great_britain\audio\great_britain_0089.mp3,E:\Desktop\Echo\storage\public\research_dataset_v3\modern_english_pop\audio\modern_english_pop_0073.mp3,,,1.0986132621765137,culture_centroid_entropy,请判断这两首曲目是否适合放在同一个歌单或相近的听歌场景里。请根据整体氛围、情绪基调和节奏能量判断它们是否相似；不要根据国家、语言、乐器或标签直接下结论。若相似填 yes，不相似填 no，不确定可留空并在 notes 中说明。,,,,
pal_0959,india_saraga_0069,china_opencpop_0034,india,china,Raag Bhimpalasi,mandarin_pop,Raag Bhimpalasi,红颜旧,E:\Desktop\Echo\storage\public\research_dataset_v3\india\audio\india_saraga_0069.mp3,E:\Desktop\Echo\storage\public\research_dataset_v3\china\audio\china_opencpop_0034.wav,,,1.0986132621765137,culture_centroid_entropy,请判断这两首曲目是否适合放在同一个歌单或相近的听歌场景里。请根据整体氛围、情绪基调和节奏能量判断它们是否相似；不要根据国家、语言、乐器或标签直接下结论。若相似填 yes，不相似填 no，不确定可留空并在 notes 中说明。,,,,
pal_0960,indonesia_gamelan_0013,indonesia_gamelan_0015,indonesia,indonesia,orchestra/target,orchestra/target,,,E:\Desktop\Echo\storage\public\research_dataset_v3\indonesia\audio\indonesia_gamelan_0013.wav,E:\Desktop\Echo\storage\public\research_dataset_v3\indonesia\audio\indonesia_gamelan_0015.wav,,,1.0986132621765137,culture_centroid_entropy,请判断这两首曲目是否适合放在同一个歌单或相近的听歌场景里。请根据整体氛围、情绪基调和节奏能量判断它们是否相似；不要根据国家、语言、乐器或标签直接下结论。若相似填 yes，不相似填 no，不确定可留空并在 notes 中说明。,,,,
pal_0961,modern_english_pop_0004,modern_english_pop_0110,modern_english_pop,modern_english_pop,['pop'],"['pop', 'singersongwriter', 'popfolk']",,,E:\Desktop\Echo\storage\public\research_dataset_v3\modern_english_pop\audio\modern_english_pop_0004.mp3,E:\Desktop\Echo\storage\public\research_dataset_v3\modern_english_pop\audio\modern_english_pop_0110.mp3,,,1.0986132621765137,culture_centroid_entropy,请判断这两首曲目是否适合放在同一个歌单或相近的听歌场景里。请根据整体氛围、情绪基调和节奏能量判断它们是否相似；不要根据国家、语言、乐器或标签直接下结论。若相似填 yes，不相似填 no，不确定可留空并在 notes 中说明。,,,,
pal_0962,modern_english_pop_0054,modern_english_pop_0045,modern_english_pop,modern_english_pop,['pop'],"['blues', 'pop', 'chanson']",,,E:\Desktop\Echo\storage\public\research_dataset_v3\modern_english_pop\audio\modern_english_pop_0054.mp3,E:\Desktop\Echo\storage\public\research_dataset_v3\modern_english_pop\audio\modern_english_pop_0045.mp3,,,1.0986132621765137,culture_centroid_entropy,请判断这两首曲目是否适合放在同一个歌单或相近的听歌场景里。请根据整体氛围、情绪基调和节奏能量判断它们是否相似；不要根据国家、语言、乐器或标签直接下结论。若相似填 yes，不相似填 no，不确定可留空并在 notes 中说明。,,,,
pal_0963,modern_english_pop_0085,modern_english_pop_0087,modern_english_pop,modern_english_pop,"['folk', 'pop', 'popfolk']","['folk', 'pop', 'popfolk']",,,E:\Desktop\Echo\storage\public\research_dataset_v3\modern_english_pop\audio\modern_english_pop_0085.mp3,E:\Desktop\Echo\storage\public\research_dataset_v3\modern_english_pop\audio\modern_english_pop_0087.mp3,,,1.0986132621765137,culture_centroid_entropy,请判断这两首曲目是否适合放在同一个歌单或相近的听歌场景里。请根据整体氛围、情绪基调和节奏能量判断它们是否相似；不要根据国家、语言、乐器或标签直接下结论。若相似填 yes，不相似填 no，不确定可留空并在 notes 中说明。,,,,
pal_0964,russia_0094,russia_0080,russia,russia,"[18, 1235]","[107, 18, 1235, 5]",Sea & Night,Moonlight,E:\Desktop\Echo\storage\public\research_dataset_v3\russia\audio\russia_0094.mp3,E:\Desktop\Echo\storage\public\research_dataset_v3\russia\audio\russia_0080.mp3,,,1.0986132621765137,culture_centroid_entropy,请判断这两首曲目是否适合放在同一个歌单或相近的听歌场景里。请根据整体氛围、情绪基调和节奏能量判断它们是否相似；不要根据国家、语言、乐器或标签直接下结论。若相似填 yes，不相似填 no，不确定可留空并在 notes 中说明。,,,,
pal_0965,turkey_modern_0069,italy_0069,turkey,italy,,"[18, 1235]",,Leaving,E:\Desktop\Echo\storage\public\research_dataset_v3\turkey\audio\turkey_modern_0069.mp3,E:\Desktop\Echo\storage\public\research_dataset_v3\italy\audio\italy_0069.mp3,,,1.0986132621765137,culture_centroid_entropy,请判断这两首曲目是否适合放在同一个歌单或相近的听歌场景里。请根据整体氛围、情绪基调和节奏能量判断它们是否相似；不要根据国家、语言、乐器或标签直接下结论。若相似填 yes，不相似填 no，不确定可留空并在 notes 中说明。,,,,
pal_0966,turkey_modern_0124,turkey_modern_0040,turkey,turkey,,,,,E:\Desktop\Echo\storage\public\research_dataset_v3\turkey\audio\turkey_modern_0124.mp3,E:\Desktop\Echo\storage\public\research_dataset_v3\turkey\audio\turkey_modern_0040.mp3,,,1.0986132621765137,culture_centroid_entropy,请判断这两首曲目是否适合放在同一个歌单或相近的听歌场景里。请根据整体氛围、情绪基调和节奏能量判断它们是否相似；不要根据国家、语言、乐器或标签直接下结论。若相似填 yes，不相似填 no，不确定可留空并在 notes 中说明。,,,,
pal_0967,china_jingju_0033,china_jingju_0005,china,china,daxp,dafeh,Meng_ting_de,Bi_yun_tian,E:\Desktop\Echo\storage\public\research_dataset_v3\china\audio\china_jingju_0033.wav,E:\Desktop\Echo\storage\public\research_dataset_v3\china\audio\china_jingju_0005.wav,,,1.0986131429672241,culture_centroid_entropy,请判断这两首曲目是否适合放在同一个歌单或相近的听歌场景里。请根据整体氛围、情绪基调和节奏能量判断它们是否相似；不要根据国家、语言、乐器或标签直接下结论。若相似填 yes，不相似填 no，不确定可留空并在 notes 中说明。,,,,
pal_0968,modern_english_pop_0030,modern_english_pop_0035,modern_english_pop,modern_english_pop,"['folk', 'easylistening', 'pop']","['folk', 'easylistening', 'pop']",,,E:\Desktop\Echo\storage\public\research_dataset_v3\modern_english_pop\audio\modern_english_pop_0030.mp3,E:\Desktop\Echo\storage\public\research_dataset_v3\modern_english_pop\audio\modern_english_pop_0035.mp3,,,1.0986131429672241,culture_centroid_entropy,请判断这两首曲目是否适合放在同一个歌单或相近的听歌场景里。请根据整体氛围、情绪基调和节奏能量判断它们是否相似；不要根据国家、语言、乐器或标签直接下结论。若相似填 yes，不相似填 no，不确定可留空并在 notes 中说明。,,,,
pal_0969,modern_english_pop_0097,modern_english_pop_0098,modern_english_pop,modern_english_pop,"['folk', 'pop', 'singersongwriter', 'popfolk']","['folk', 'pop', 'singersongwriter', 'popfolk']",,,E:\Desktop\Echo\storage\public\research_dataset_v3\modern_english_pop\audio\modern_english_pop_0097.mp3,E:\Desktop\Echo\storage\public\research_dataset_v3\modern_english_pop\audio\modern_english_pop_0098.mp3,,,1.0986131429672241,culture_centroid_entropy,请判断这两首曲目是否适合放在同一个歌单或相近的听歌场景里。请根据整体氛围、情绪基调和节奏能量判断它们是否相似；不要根据国家、语言、乐器或标签直接下结论。若相似填 yes，不相似填 no，不确定可留空并在 notes 中说明。,,,,
pal_0970,turkey_modern_0006,india_saraga_0019,turkey,india,,Malkauns,,Malkauns,E:\Desktop\Echo\storage\public\research_dataset_v3\turkey\audio\turkey_modern_0006.mp3,E:\Desktop\Echo\storage\public\research_dataset_v3\india\audio\india_saraga_0019.mp3,,,1.0775576829910278,culture_centroid_entropy,请判断这两首曲目是否适合放在同一个歌单或相近的听歌场景里。请根据整体氛围、情绪基调和节奏能量判断它们是否相似；不要根据国家、语言、乐器或标签直接下结论。若相似填 yes，不相似填 no，不确定可留空并在 notes 中说明。,,,,
pal_0971,india_saraga_0035,india_saraga_0067,india,india,Raag Puriya Dhanashree,Kirwani Bhajan,Raag Puriya Dhanashree,Kirwani Bhajan,E:\Desktop\Echo\storage\public\research_dataset_v3\india\audio\india_saraga_0035.mp3,E:\Desktop\Echo\storage\public\research_dataset_v3\india\audio\india_saraga_0067.mp3,,,1.0775575637817383,culture_centroid_entropy,请判断这两首曲目是否适合放在同一个歌单或相近的听歌场景里。请根据整体氛围、情绪基调和节奏能量判断它们是否相似；不要根据国家、语言、乐器或标签直接下结论。若相似填 yes，不相似填 no，不确定可留空并在 notes 中说明。,,,,
pal_0972,china_ctis_0019,china_ctis_0021,china,china,C0309,C0309,葫芦丝,葫芦丝,E:\Desktop\Echo\storage\public\research_dataset_v3\china\audio\china_ctis_0019.wav,E:\Desktop\Echo\storage\public\research_dataset_v3\china\audio\china_ctis_0021.wav,,,1.0751405954360962,culture_centroid_entropy,请判断这两首曲目是否适合放在同一个歌单或相近的听歌场景里。请根据整体氛围、情绪基调和节奏能量判断它们是否相似；不要根据国家、语言、乐器或标签直接下结论。若相似填 yes，不相似填 no，不确定可留空并在 notes 中说明。,,,,
pal_0973,modern_english_pop_0057,modern_english_pop_0059,modern_english_pop,modern_english_pop,['pop'],['pop'],,,E:\Desktop\Echo\storage\public\research_dataset_v3\modern_english_pop\audio\modern_english_pop_0057.mp3,E:\Desktop\Echo\storage\public\research_dataset_v3\modern_english_pop\audio\modern_english_pop_0059.mp3,,,1.0751405954360962,culture_centroid_entropy,请判断这两首曲目是否适合放在同一个歌单或相近的听歌场景里。请根据整体氛围、情绪基调和节奏能量判断它们是否相似；不要根据国家、语言、乐器或标签直接下结论。若相似填 yes，不相似填 no，不确定可留空并在 notes 中说明。,,,,
pal_0974,modern_english_pop_0059,modern_english_pop_0057,modern_english_pop,modern_english_pop,['pop'],['pop'],,,E:\Desktop\Echo\storage\public\research_dataset_v3\modern_english_pop\audio\modern_english_pop_0059.mp3,E:\Desktop\Echo\storage\public\research_dataset_v3\modern_english_pop\audio\modern_english_pop_0057.mp3,,,1.0751405954360962,culture_centroid_entropy,请判断这两首曲目是否适合放在同一个歌单或相近的听歌场景里。请根据整体氛围、情绪基调和节奏能量判断它们是否相似；不要根据国家、语言、乐器或标签直接下结论。若相似填 yes，不相似填 no，不确定可留空并在 notes 中说明。,,,,
pal_0975,france_0091,china_opencpop_0032,france,china,[17],mandarin_pop,Less,千千万万,E:\Desktop\Echo\storage\public\research_dataset_v3\france\audio\france_0091.mp3,E:\Desktop\Echo\storage\public\research_dataset_v3\china\audio\china_opencpop_0032.wav,,,1.0751404762268066,culture_centroid_entropy,请判断这两首曲目是否适合放在同一个歌单或相近的听歌场景里。请根据整体氛围、情绪基调和节奏能量判断它们是否相似；不要根据国家、语言、乐器或标签直接下结论。若相似填 yes，不相似填 no，不确定可留空并在 notes 中说明。,,,,
pal_0976,germany_0063,india_saraga_0060,germany,india,"[107, 1235]",Raag Bhoopali,Complex Love,Raag Bhoopali,E:\Desktop\Echo\storage\public\research_dataset_v3\germany\audio\germany_0063.mp3,E:\Desktop\Echo\storage\public\research_dataset_v3\india\audio\india_saraga_0060.mp3,,,1.0751404762268066,culture_centroid_entropy,请判断这两首曲目是否适合放在同一个歌单或相近的听歌场景里。请根据整体氛围、情绪基调和节奏能量判断它们是否相似；不要根据国家、语言、乐器或标签直接下结论。若相似填 yes，不相似填 no，不确定可留空并在 notes 中说明。,,,,
pal_0977,germany_0076,modern_english_pop_0043,germany,modern_english_pop,"[107, 1235]","['blues', 'pop', 'chanson']",II,,E:\Desktop\Echo\storage\public\research_dataset_v3\germany\audio\germany_0076.mp3,E:\Desktop\Echo\storage\public\research_dataset_v3\modern_english_pop\audio\modern_english_pop_0043.mp3,,,1.0751404762268066,culture_centroid_entropy,请判断这两首曲目是否适合放在同一个歌单或相近的听歌场景里。请根据整体氛围、情绪基调和节奏能量判断它们是否相似；不要根据国家、语言、乐器或标签直接下结论。若相似填 yes，不相似填 no，不确定可留空并在 notes 中说明。,,,,
pal_0978,great_britain_0095,turkey_modern_0101,great_britain,turkey,[17],,These Days,,E:\Desktop\Echo\storage\public\research_dataset_v3\great_britain\audio\great_britain_0095.mp3,E:\Desktop\Echo\storage\public\research_dataset_v3\turkey\audio\turkey_modern_0101.mp3,,,1.0751404762268066,culture_centroid_entropy,请判断这两首曲目是否适合放在同一个歌单或相近的听歌场景里。请根据整体氛围、情绪基调和节奏能量判断它们是否相似；不要根据国家、语言、乐器或标签直接下结论。若相似填 yes，不相似填 no，不确定可留空并在 notes 中说明。,,,,
pal_0979,india_saraga_0041,germany_0063,india,germany,Raag Megh,"[107, 1235]",Raag Megh,Complex Love,E:\Desktop\Echo\storage\public\research_dataset_v3\india\audio\india_saraga_0041.mp3,E:\Desktop\Echo\storage\public\research_dataset_v3\germany\audio\germany_0063.mp3,,,1.0751404762268066,culture_centroid_entropy,请判断这两首曲目是否适合放在同一个歌单或相近的听歌场景里。请根据整体氛围、情绪基调和节奏能量判断它们是否相似；不要根据国家、语言、乐器或标签直接下结论。若相似填 yes，不相似填 no，不确定可留空并在 notes 中说明。,,,,
pal_0980,indonesia_gamelan_0002,indonesia_gamelan_0043,indonesia,indonesia,orchestra/mixture,orchestra/target,,,E:\Desktop\Echo\storage\public\research_dataset_v3\indonesia\audio\indonesia_gamelan_0002.wav,E:\Desktop\Echo\storage\public\research_dataset_v3\indonesia\audio\indonesia_gamelan_0043.wav,,,1.0751404762268066,culture_centroid_entropy,请判断这两首曲目是否适合放在同一个歌单或相近的听歌场景里。请根据整体氛围、情绪基调和节奏能量判断它们是否相似；不要根据国家、语言、乐器或标签直接下结论。若相似填 yes，不相似填 no，不确定可留空并在 notes 中说明。,,,,
pal_0981,indonesia_gamelan_0011,indonesia_gamelan_0015,indonesia,indonesia,orchestra/target,orchestra/target,,,E:\Desktop\Echo\storage\public\research_dataset_v3\indonesia\audio\indonesia_gamelan_0011.wav,E:\Desktop\Echo\storage\public\research_dataset_v3\indonesia\audio\indonesia_gamelan_0015.wav,,,1.0751404762268066,culture_centroid_entropy,请判断这两首曲目是否适合放在同一个歌单或相近的听歌场景里。请根据整体氛围、情绪基调和节奏能量判断它们是否相似；不要根据国家、语言、乐器或标签直接下结论。若相似填 yes，不相似填 no，不确定可留空并在 notes 中说明。,,,,
pal_0982,italy_0017,turkey_modern_0089,italy,turkey,[10],,"""Lucy's headphones""",,E:\Desktop\Echo\storage\public\research_dataset_v3\italy\audio\italy_0017.mp3,E:\Desktop\Echo\storage\public\research_dataset_v3\turkey\audio\turkey_modern_0089.mp3,,,1.0751404762268066,culture_centroid_entropy,请判断这两首曲目是否适合放在同一个歌单或相近的听歌场景里。请根据整体氛围、情绪基调和节奏能量判断它们是否相似；不要根据国家、语言、乐器或标签直接下结论。若相似填 yes，不相似填 no，不确定可留空并在 notes 中说明。,,,,
pal_0983,modern_english_pop_0041,modern_english_pop_0042,modern_english_pop,modern_english_pop,"['blues', 'pop', 'chanson']","['chanson', 'folk', 'pop']",,,E:\Desktop\Echo\storage\public\research_dataset_v3\modern_english_pop\audio\modern_english_pop_0041.mp3,E:\Desktop\Echo\storage\public\research_dataset_v3\modern_english_pop\audio\modern_english_pop_0042.mp3,,,1.0751404762268066,culture_centroid_entropy,请判断这两首曲目是否适合放在同一个歌单或相近的听歌场景里。请根据整体氛围、情绪基调和节奏能量判断它们是否相似；不要根据国家、语言、乐器或标签直接下结论。若相似填 yes，不相似填 no，不确定可留空并在 notes 中说明。,,,,
pal_0984,modern_english_pop_0102,france_0042,modern_english_pop,france,"['folk', 'pop', 'singersongwriter', 'popfolk']","[17, 103]",,Six Feet Under,E:\Desktop\Echo\storage\public\research_dataset_v3\modern_english_pop\audio\modern_english_pop_0102.mp3,E:\Desktop\Echo\storage\public\research_dataset_v3\france\audio\france_0042.mp3,,,1.0751404762268066,culture_centroid_entropy,请判断这两首曲目是否适合放在同一个歌单或相近的听歌场景里。请根据整体氛围、情绪基调和节奏能量判断它们是否相似；不要根据国家、语言、乐器或标签直接下结论。若相似填 yes，不相似填 no，不确定可留空并在 notes 中说明。,,,,
pal_0985,modern_english_pop_0109,modern_english_pop_0045,modern_english_pop,modern_english_pop,"['folk', 'pop', 'singersongwriter', 'popfolk']","['blues', 'pop', 'chanson']",,,E:\Desktop\Echo\storage\public\research_dataset_v3\modern_english_pop\audio\modern_english_pop_0109.mp3,E:\Desktop\Echo\storage\public\research_dataset_v3\modern_english_pop\audio\modern_english_pop_0045.mp3,,,1.0751404762268066,culture_centroid_entropy,请判断这两首曲目是否适合放在同一个歌单或相近的听歌场景里。请根据整体氛围、情绪基调和节奏能量判断它们是否相似；不要根据国家、语言、乐器或标签直接下结论。若相似填 yes，不相似填 no，不确定可留空并在 notes 中说明。,,,,
pal_0986,turkey_modern_0037,turkey_modern_0086,turkey,turkey,,,,,E:\Desktop\Echo\storage\public\research_dataset_v3\turkey\audio\turkey_modern_0037.mp3,E:\Desktop\Echo\storage\public\research_dataset_v3\turkey\audio\turkey_modern_0086.mp3,,,1.0751404762268066,culture_centroid_entropy,请判断这两首曲目是否适合放在同一个歌单或相近的听歌场景里。请根据整体氛围、情绪基调和节奏能量判断它们是否相似；不要根据国家、语言、乐器或标签直接下结论。若相似填 yes，不相似填 no，不确定可留空并在 notes 中说明。,,,,
pal_0987,turkey_modern_0070,modern_english_pop_0019,turkey,modern_english_pop,,"['groove', 'pop']",,,E:\Desktop\Echo\storage\public\research_dataset_v3\turkey\audio\turkey_modern_0070.mp3,E:\Desktop\Echo\storage\public\research_dataset_v3\modern_english_pop\audio\modern_english_pop_0019.mp3,,,1.0751404762268066,culture_centroid_entropy,请判断这两首曲目是否适合放在同一个歌单或相近的听歌场景里。请根据整体氛围、情绪基调和节奏能量判断它们是否相似；不要根据国家、语言、乐器或标签直接下结论。若相似填 yes，不相似填 no，不确定可留空并在 notes 中说明。,,,,
pal_0988,china_jingju_0027,china_jingju_0038,china,china,daxp,daxp,Jiao_Zhang_sheng,Zhe_cai_shi,E:\Desktop\Echo\storage\public\research_dataset_v3\china\audio\china_jingju_0027.wav,E:\Desktop\Echo\storage\public\research_dataset_v3\china\audio\china_jingju_0038.wav,,,1.075140357017517,culture_centroid_entropy,请判断这两首曲目是否适合放在同一个歌单或相近的听歌场景里。请根据整体氛围、情绪基调和节奏能量判断它们是否相似；不要根据国家、语言、乐器或标签直接下结论。若相似填 yes，不相似填 no，不确定可留空并在 notes 中说明。,,,,
pal_0989,modern_english_pop_0037,modern_english_pop_0092,modern_english_pop,modern_english_pop,"['blues', 'pop', 'chanson']","['folk', 'pop', 'popfolk']",,,E:\Desktop\Echo\storage\public\research_dataset_v3\modern_english_pop\audio\modern_english_pop_0037.mp3,E:\Desktop\Echo\storage\public\research_dataset_v3\modern_english_pop\audio\modern_english_pop_0092.mp3,,,1.039721965789795,culture_centroid_entropy,请判断这两首曲目是否适合放在同一个歌单或相近的听歌场景里。请根据整体氛围、情绪基调和节奏能量判断它们是否相似；不要根据国家、语言、乐器或标签直接下结论。若相似填 yes，不相似填 no，不确定可留空并在 notes 中说明。,,,,
pal_0990,china_ctis_0010,china_ctis_0057,china,china,T0116,T0081,八角月琴,玄琴,E:\Desktop\Echo\storage\public\research_dataset_v3\china\audio\china_ctis_0010.wav,E:\Desktop\Echo\storage\public\research_dataset_v3\china\audio\china_ctis_0057.wav,,,0.9830889105796814,culture_centroid_entropy,请判断这两首曲目是否适合放在同一个歌单或相近的听歌场景里。请根据整体氛围、情绪基调和节奏能量判断它们是否相似；不要根据国家、语言、乐器或标签直接下结论。若相似填 yes，不相似填 no，不确定可留空并在 notes 中说明。,,,,
pal_0991,indonesia_gamelan_0024,indonesia_gamelan_0028,indonesia,indonesia,orchestra/target,orchestra/target,,,E:\Desktop\Echo\storage\public\research_dataset_v3\indonesia\audio\indonesia_gamelan_0024.wav,E:\Desktop\Echo\storage\public\research_dataset_v3\indonesia\audio\indonesia_gamelan_0028.wav,,,0.9830889105796814,culture_centroid_entropy,请判断这两首曲目是否适合放在同一个歌单或相近的听歌场景里。请根据整体氛围、情绪基调和节奏能量判断它们是否相似；不要根据国家、语言、乐器或标签直接下结论。若相似填 yes，不相似填 no，不确定可留空并在 notes 中说明。,,,,
pal_0992,modern_english_pop_0084,modern_english_pop_0098,modern_english_pop,modern_english_pop,"['folk', 'pop', 'popfolk']","['folk', 'pop', 'singersongwriter', 'popfolk']",,,E:\Desktop\Echo\storage\public\research_dataset_v3\modern_english_pop\audio\modern_english_pop_0084.mp3,E:\Desktop\Echo\storage\public\research_dataset_v3\modern_english_pop\audio\modern_english_pop_0098.mp3,,,0.9830889105796814,culture_centroid_entropy,请判断这两首曲目是否适合放在同一个歌单或相近的听歌场景里。请根据整体氛围、情绪基调和节奏能量判断它们是否相似；不要根据国家、语言、乐器或标签直接下结论。若相似填 yes，不相似填 no，不确定可留空并在 notes 中说明。,,,,
pal_0993,china_ctis_0015,china_ctis_0003,china,china,L0148,L0167,板胡,黔胡,E:\Desktop\Echo\storage\public\research_dataset_v3\china\audio\china_ctis_0015.wav,E:\Desktop\Echo\storage\public\research_dataset_v3\china\audio\china_ctis_0003.wav,,,0.9830888509750366,culture_centroid_entropy,请判断这两首曲目是否适合放在同一个歌单或相近的听歌场景里。请根据整体氛围、情绪基调和节奏能量判断它们是否相似；不要根据国家、语言、乐器或标签直接下结论。若相似填 yes，不相似填 no，不确定可留空并在 notes 中说明。,,,,
pal_0994,china_ctis_0020,china_ctis_0034,china,china,T0081,T0083,玄琴,伽倻琴,E:\Desktop\Echo\storage\public\research_dataset_v3\china\audio\china_ctis_0020.wav,E:\Desktop\Echo\storage\public\research_dataset_v3\china\audio\china_ctis_0034.wav,,,0.9830888509750366,culture_centroid_entropy,请判断这两首曲目是否适合放在同一个歌单或相近的听歌场景里。请根据整体氛围、情绪基调和节奏能量判断它们是否相似；不要根据国家、语言、乐器或标签直接下结论。若相似填 yes，不相似填 no，不确定可留空并在 notes 中说明。,,,,
pal_0995,china_ctis_0021,china_ctis_0019,china,china,C0309,C0309,葫芦丝,葫芦丝,E:\Desktop\Echo\storage\public\research_dataset_v3\china\audio\china_ctis_0021.wav,E:\Desktop\Echo\storage\public\research_dataset_v3\china\audio\china_ctis_0019.wav,,,0.9830888509750366,culture_centroid_entropy,请判断这两首曲目是否适合放在同一个歌单或相近的听歌场景里。请根据整体氛围、情绪基调和节奏能量判断它们是否相似；不要根据国家、语言、乐器或标签直接下结论。若相似填 yes，不相似填 no，不确定可留空并在 notes 中说明。,,,,
pal_0996,china_ctis_0026,india_saraga_0068,china,india,L0141,Raag Jog,越胡,Raag Jog,E:\Desktop\Echo\storage\public\research_dataset_v3\china\audio\china_ctis_0026.wav,E:\Desktop\Echo\storage\public\research_dataset_v3\india\audio\india_saraga_0068.mp3,,,0.9830888509750366,culture_centroid_entropy,请判断这两首曲目是否适合放在同一个歌单或相近的听歌场景里。请根据整体氛围、情绪基调和节奏能量判断它们是否相似；不要根据国家、语言、乐器或标签直接下结论。若相似填 yes，不相似填 no，不确定可留空并在 notes 中说明。,,,,
pal_0997,china_ctis_0041,indonesia_gamelan_0039,china,indonesia,C0243,orchestra/target,高音键笙,,E:\Desktop\Echo\storage\public\research_dataset_v3\china\audio\china_ctis_0041.wav,E:\Desktop\Echo\storage\public\research_dataset_v3\indonesia\audio\indonesia_gamelan_0039.wav,,,0.9830888509750366,culture_centroid_entropy,请判断这两首曲目是否适合放在同一个歌单或相近的听歌场景里。请根据整体氛围、情绪基调和节奏能量判断它们是否相似；不要根据国家、语言、乐器或标签直接下结论。若相似填 yes，不相似填 no，不确定可留空并在 notes 中说明。,,,,
pal_0998,china_ctis_0057,china_ctis_0010,china,china,T0081,T0116,玄琴,八角月琴,E:\Desktop\Echo\storage\public\research_dataset_v3\china\audio\china_ctis_0057.wav,E:\Desktop\Echo\storage\public\research_dataset_v3\china\audio\china_ctis_0010.wav,,,0.9830888509750366,culture_centroid_entropy,请判断这两首曲目是否适合放在同一个歌单或相近的听歌场景里。请根据整体氛围、情绪基调和节奏能量判断它们是否相似；不要根据国家、语言、乐器或标签直接下结论。若相似填 yes，不相似填 no，不确定可留空并在 notes 中说明。,,,,
pal_0999,china_jingju_0074,china_jingju_0080,china,china,lsxp,lsxp,Shi_ye_shuo,Xi_ri_you,E:\Desktop\Echo\storage\public\research_dataset_v3\china\audio\china_jingju_0074.wav,E:\Desktop\Echo\storage\public\research_dataset_v3\china\audio\china_jingju_0080.wav,,,0.9830888509750366,culture_centroid_entropy,请判断这两首曲目是否适合放在同一个歌单或相近的听歌场景里。请根据整体氛围、情绪基调和节奏能量判断它们是否相似；不要根据国家、语言、乐器或标签直接下结论。若相似填 yes，不相似填 no，不确定可留空并在 notes 中说明。,,,,
pal_1000,china_opencpop_0049,italy_0051,china,italy,mandarin_pop,"[18, 1235, 13]",醒来,Meeting the Demon,E:\Desktop\Echo\storage\public\research_dataset_v3\china\audio\china_opencpop_0049.wav,E:\Desktop\Echo\storage\public\research_dataset_v3\italy\audio\italy_0051.mp3,,,0.9830888509750366,culture_centroid_entropy,请判断这两首曲目是否适合放在同一个歌单或相近的听歌场景里。请根据整体氛围、情绪基调和节奏能量判断它们是否相似；不要根据国家、语言、乐器或标签直接下结论。若相似填 yes，不相似填 no，不确定可留空并在 notes 中说明。,,,,
