user_id,track_id,weight
china_u000,china_opencpop_0030,1.3290870600547704
china_u000,china_opencpop_0029,2.0113698881997695
china_u000,china_opencpop_0008,1.7829573009538795
china_u000,china_opencpop_0003,1.1138324563840207
china_u000,china_opencpop_0036,2.0106481574067216
china_u000,china_opencpop_0002,1.963218516681983
china_u000,china_opencpop_0017,1.2434002038270509
china_u000,china_opencpop_0011,1.072365979279671
china_u000,china_opencpop_0016,1.7523047443568327
china_u000,china_opencpop_0033,0.8160730342260594
china_u000,china_opencpop_0034,0.9198416492695617
china_u000,china_opencpop_0021,0.5876999153204844
china_u000,china_opencpop_0025,1.9324445511911885
china_u000,china_opencpop_0020,1.7218677276212553
china_u000,china_opencpop_0038,1.7914102781304277
china_u000,china_opencpop_0041,1.9217575785128944
china_u000,china_opencpop_0042,1.3666297128036362
china_u000,china_opencpop_0018,1.5560785630187417
china_u000,china_opencpop_0019,0.816149821770209
china_u000,china_opencpop_0024,0.772564376849554
china_u000,china_opencpop_0006,1.7279951090885635
china_u000,china_opencpop_0027,1.3876409555969036
china_u000,china_opencpop_0026,1.5500322836800506
china_u000,china_opencpop_0005,1.894623029042644
china_u000,italy_0046,1.3068697320007976
china_u000,italy_0009,1.1973321908882943
china_u000,italy_0030,1.2049296670063083
china_u000,modern_english_pop_0116,0.8603326323845265
china_u000,modern_english_pop_0043,0.4916040766667182
china_u000,modern_english_pop_0107,1.0395684754636891
china_u000,modern_english_pop_0061,0.7396893083063644
china_u000,modern_english_pop_0017,1.001513669028259
china_u000,modern_english_pop_0087,1.6020941489120244
china_u000,modern_english_pop_0085,0.76581830591821
china_u000,modern_english_pop_0079,0.5287087012802392
china_u000,china_ctis_0052,1.060387213737944
china_u000,china_jingju_0041,1.081449232147529
china_u000,china_ctis_0027,1.716805987903894
china_u000,china_jingju_0060,1.535880462788705
china_u000,china_ctis_0024,1.927224410708563
china_u001,china_jingju_0035,1.6959853876820645
china_u001,china_jingju_0005,0.7206664539663086
china_u001,china_jingju_0022,1.2922677687443014
china_u001,china_jingju_0030,0.6467844499117644
china_u001,china_jingju_0074,1.427134163196795
china_u001,china_jingju_0044,1.1440105912740546
china_u001,china_jingju_0055,0.8243042257939308
china_u001,china_jingju_0002,0.7533701193214015
china_u001,china_jingju_0066,1.5886868870065531
china_u001,china_jingju_0046,0.8692728707261285
china_u001,china_jingju_0041,2.170832204199975
china_u001,china_jingju_0071,1.5773304659831813
china_u001,china_jingju_0068,1.173350412822594
china_u001,china_jingju_0008,1.5943292228054438
china_u001,china_jingju_0060,0.6143366775262282
china_u001,china_jingju_0080,2.228514642841493
china_u001,china_jingju_0016,1.4069734287265028
china_u001,china_jingju_0063,1.9252182670067435
china_u001,china_jingju_0011,0.7177092498662064
china_u001,china_jingju_0049,1.4144856206958265
china_u001,china_jingju_0052,1.4214695652615486
china_u001,china_jingju_0057,2.192750634831845
china_u001,china_jingju_0033,1.56123089034873
china_u001,china_jingju_0000,1.3917692168232452
china_u001,india_saraga_0080,0.8104171451740564
china_u001,india_saraga_0028,0.8976181464124454
china_u001,india_saraga_0008,1.1529077433365762
china_u001,india_saraga_0010,1.042530471411813
china_u001,india_saraga_0076,0.47917630783844606
china_u001,india_saraga_0046,1.565494097662383
china_u001,india_saraga_0072,1.659817041983685
china_u001,india_saraga_0048,0.6393362701481246
china_u001,italy_0080,1.1979487937777167
china_u001,italy_0085,0.5965772505328488
china_u001,italy_0035,1.3575241256037458
china_u001,italy_0083,0.8296656081826613
china_u001,italy_0082,1.3402205568340673
china_u001,italy_0019,1.4314427292872915
china_u001,italy_0084,1.487674114088837
china_u001,italy_0010,0.5954502770404604
china_u002,china_ctis_0058,2.2514005849551686
china_u002,china_ctis_0017,1.4387785461990406
china_u002,china_ctis_0023,0.8232231919009075
china_u002,china_ctis_0050,0.5990400962966477
china_u002,china_ctis_0040,0.9711566517480252
china_u002,china_ctis_0009,0.8023933256817488
china_u002,china_ctis_0064,1.743961211982179
china_u002,china_ctis_0024,0.7851610704842161
china_u002,china_ctis_0025,1.4484191320455917
china_u002,china_ctis_0036,1.7726027014839791
china_u002,china_ctis_0061,1.5774261509060565
china_u002,china_ctis_0030,0.9196129991135993
china_u002,china_ctis_0052,1.9621148076644028
china_u002,china_ctis_0035,1.8090772985872579
china_u002,china_ctis_0016,1.8497474067543092
china_u002,china_ctis_0011,0.8010746214363653
china_u002,china_ctis_0056,0.7884753112968443
china_u002,china_ctis_0006,2.1750454004862254
china_u002,china_ctis_0054,1.2608223843480224
china_u002,china_ctis_0015,1.0941364933221212
china_u002,china_ctis_0041,1.4178074782313947
china_u002,china_ctis_0014,1.7184407670171795
china_u002,china_ctis_0001,2.223450118406023
china_u002,china_ctis_0010,1.0691197413715448
china_u002,turkey_modern_0013,1.6984913795712366
china_u002,turkey_modern_0056,0.48356031337144606
china_u002,turkey_modern_0107,1.1995173571412134
china_u002,turkey_modern_0109,1.305866400769465
china_u002,turkey_modern_0053,0.5929614950635169
china_u002,turkey_modern_0127,0.6394584560362822
china_u002,turkey_modern_0039,1.0158043310770104
china_u002,turkey_modern_0000,1.7544130813932952
china_u002,russia_0024,1.2546574468664033
china_u002,russia_0021,1.7095813491602851
china_u002,russia_0027,1.5358872360775104
china_u002,russia_0049,1.0809651620996437
china_u002,russia_0026,1.5094306564904532
china_u002,china_jingju_0063,0.6057684523603037
china_u002,china_ctis_0004,0.7632733944208928
china_u002,china_ctis_0012,2.0057643606727202
china_u003,china_opencpop_0024,0.983384902655083
china_u003,china_opencpop_0004,1.0051935683105655
china_u003,china_opencpop_0009,1.5603763242562827
china_u003,china_opencpop_0040,1.2930526843380066
china_u003,china_opencpop_0028,0.6599633568750995
china_u003,china_opencpop_0017,1.219484388842761
china_u003,china_opencpop_0036,1.478473836537924
china_u003,china_opencpop_0046,0.7503840325089101
china_u003,china_opencpop_0037,2.0127160052852653
china_u003,china_opencpop_0018,0.6646342196523047
china_u003,china_opencpop_0035,2.170352224056157
china_u003,china_opencpop_0011,0.7459701692252853
china_u003,china_opencpop_0042,2.0301667915061232
china_u003,china_opencpop_0027,2.1320766732751393
china_u003,china_opencpop_0010,2.264759424011872
china_u003,china_opencpop_0020,1.9584946434719488
china_u003,china_opencpop_0014,1.9195987578305422
china_u003,china_opencpop_0041,1.6832836510923197
china_u003,china_opencpop_0022,1.9187687116472725
china_u003,china_opencpop_0045,0.8071025595126787
china_u003,china_opencpop_0013,1.4997173620096744
china_u003,china_opencpop_0012,1.4620344510784649
china_u003,china_opencpop_0038,2.0543119486114114
china_u003,china_opencpop_0049,1.3733289056488147
china_u003,indonesia_fma_0000,0.9698708197354772
china_u003,indonesia_fma_0014,1.3134104161700988
china_u003,indonesia_fma_0015,0.8097254786261423
china_u003,indonesia_fma_0013,0.6386873547878419
china_u003,indonesia_fma_0006,1.095134319932057
china_u003,indonesia_fma_0009,1.0128006476030949
china_u003,indonesia_fma_0019,0.7639694197139795
china_u003,indonesia_fma_0001,0.9461409436554228
china_u003,modern_english_pop_0037,0.9446298072654339
china_u003,modern_english_pop_0096,0.8921190119569364
china_u003,modern_english_pop_0091,0.9622765076313541
china_u003,modern_english_pop_0076,1.3757535163655263
china_u003,modern_english_pop_0045,0.8507832406712351
china_u003,modern_english_pop_0060,1.7309582010657096
china_u003,modern_english_pop_0116,1.6870698263765402
china_u003,modern_english_pop_0088,1.099229078205106
china_u004,china_jingju_0066,0.7262980455460755
china_u004,china_jingju_0016,1.7098141666949103
china_u004,china_jingju_0060,1.2970993188634043
china_u004,china_jingju_0044,1.9107044428446796
china_u004,china_jingju_0035,1.7328741879573222
china_u004,china_jingju_0033,1.150525133116211
china_u004,china_jingju_0002,2.124682294198649
china_u004,china_jingju_0024,1.8903679536968752
china_u004,china_jingju_0030,1.041672773070053
china_u004,china_jingju_0005,1.203231230656793
china_u004,china_jingju_0038,1.1174089658523534
china_u004,china_jingju_0000,0.8468800938781244
china_u004,china_jingju_0008,0.8299263176352805
china_u004,china_jingju_0074,2.1898198743231583
china_u004,china_jingju_0077,1.3303844641678495
china_u004,china_jingju_0068,1.2362266942910318
china_u004,china_jingju_0071,1.8337078474684767
china_u004,china_jingju_0027,1.5289130375612523
china_u004,china_jingju_0019,2.1898414772963473
china_u004,china_jingju_0013,1.9210200769937014
china_u004,china_jingju_0049,1.401912498114832
china_u004,china_jingju_0052,1.2242200917544253
china_u004,china_jingju_0011,2.2769394149944553
china_u004,china_jingju_0057,1.8131364071062848
china_u004,great_britain_0018,1.7341127910051857
china_u004,great_britain_0084,0.6099460792430058
china_u004,great_britain_0008,1.5982204669075566
china_u004,great_britain_0093,1.3100497433881304
china_u004,great_britain_0068,0.6145942657524021
china_u004,indonesia_fma_0012,1.244148299958448
china_u004,indonesia_fma_0007,1.3762300928923559
china_u004,indonesia_fma_0006,0.46660862594961383
china_u004,indonesia_fma_0000,1.063329248486358
china_u004,indonesia_fma_0009,1.5642893401150335
china_u004,indonesia_fma_0016,0.8487346842145214
china_u004,indonesia_fma_0014,1.0690399104280441
china_u004,indonesia_fma_0010,1.0471240715416559
china_u004,china_opencpop_0031,1.0958247502382978
china_u004,china_opencpop_0040,2.1593122697643308
china_u004,china_ctis_0010,1.9227322111193648
china_u005,china_opencpop_0025,1.0420588460232054
china_u005,china_opencpop_0041,1.7995856028102493
china_u005,china_opencpop_0048,2.265853253950226
china_u005,china_opencpop_0023,1.6299127203104449
china_u005,china_opencpop_0024,0.6690130433599848
china_u005,china_opencpop_0003,1.6381329731249938
china_u005,china_opencpop_0027,0.6480547014757881
china_u005,china_opencpop_0011,2.1001513521077593
china_u005,china_opencpop_0033,1.7990225417985704
china_u005,china_opencpop_0000,0.873645535078818
china_u005,china_opencpop_0001,0.7332187350467415
china_u005,china_opencpop_0038,0.8915948198185503
china_u005,china_opencpop_0040,2.265546884730982
china_u005,china_opencpop_0044,1.3660171082408947
china_u005,china_opencpop_0005,1.9275396358889285
china_u005,china_opencpop_0036,1.6728043901359149
china_u005,china_opencpop_0008,1.5624126836786492
china_u005,china_opencpop_0046,0.8253496892972106
china_u005,china_opencpop_0026,2.2068921823877137
china_u005,china_opencpop_0022,1.0948160410878884
china_u005,china_opencpop_0042,1.5720796972680102
china_u005,china_opencpop_0029,1.7821135044161387
china_u005,china_opencpop_0039,1.6949271927981577
china_u005,china_opencpop_0020,2.197525356724769
china_u005,france_0081,0.6503926363920783
china_u005,france_0066,1.1362761969033717
china_u005,france_0049,0.995446427500034
china_u005,france_0002,1.0901277848015345
china_u005,france_0058,0.6109436603669552
china_u005,france_0096,0.6310277233282332
china_u005,france_0098,0.8254019868046975
china_u005,france_0011,0.8613512150771223
china_u005,indonesia_fma_0010,1.0276693384698226
china_u005,indonesia_fma_0019,1.2748331884994482
china_u005,indonesia_fma_0017,1.306749308514655
china_u005,indonesia_fma_0007,1.00594471039052
china_u005,indonesia_fma_0012,1.0018571977287412
china_u005,indonesia_fma_0001,0.7437985110408987
china_u005,indonesia_fma_0009,1.2442134353521612
china_u005,indonesia_fma_0018,0.8780052302782712
china_u006,china_jingju_0080,2.2282903370541773
china_u006,china_jingju_0008,2.2921762152067737
china_u006,china_jingju_0063,1.9068809375866602
china_u006,china_jingju_0033,1.1114086046133216
china_u006,china_jingju_0027,1.7612222098115093
china_u006,china_jingju_0005,1.7918259804599217
china_u006,china_jingju_0030,1.2440269241572959
china_u006,china_jingju_0019,1.6805328946611249
china_u006,china_jingju_0035,0.5935051875830415
china_u006,china_jingju_0038,0.9356244610888664
china_u006,china_jingju_0016,1.4807773226185252
china_u006,china_jingju_0041,0.8574709998455603
china_u006,china_jingju_0011,0.8611893470870204
china_u006,china_jingju_0046,2.0176249011991603
china_u006,china_jingju_0066,2.2812544296292194
china_u006,china_jingju_0002,1.5340472633490734
china_u006,china_jingju_0057,2.0223952857709553
china_u006,china_jingju_0071,2.28330487096282
china_u006,china_jingju_0052,0.8192529077811362
china_u006,china_jingju_0013,1.3482236828637555
china_u006,china_jingju_0024,1.2521879348273117
china_u006,china_jingju_0074,0.7130850142896691
china_u006,china_jingju_0022,1.877944548070934
china_u006,china_jingju_0049,1.3232688221314728
china_u006,great_britain_0091,1.0835913611570418
china_u006,great_britain_0096,0.6534085146478743
china_u006,great_britain_0028,0.694250980511672
china_u006,great_britain_0099,1.6745898899108904
china_u006,great_britain_0012,0.5102762701152765
china_u006,great_britain_0014,0.7643505846740034
china_u006,great_britain_0088,0.8442800959246134
china_u006,great_britain_0090,1.1117666822421417
china_u006,france_0055,1.2417009835699746
china_u006,france_0099,1.1159414673983998
china_u006,france_0034,0.5635557016517908
china_u006,france_0038,0.7789510629752133
china_u006,france_0048,1.5888443194294306
china_u006,france_0037,1.3107447456459196
china_u006,france_0008,1.3263512176812704
china_u006,france_0067,1.3547743947243291
china_u007,china_ctis_0033,2.070232481001823
china_u007,china_ctis_0021,0.7718295227917741
china_u007,china_ctis_0018,1.8384132926642838
china_u007,china_ctis_0063,1.3341530066847107
china_u007,china_ctis_0041,1.5291040591594496
china_u007,china_ctis_0054,1.7033266563570653
china_u007,china_ctis_0028,2.247931076317107
china_u007,china_ctis_0016,2.2733971904695522
china_u007,china_ctis_0029,1.0721937234666366
china_u007,china_ctis_0036,1.8407247830804052
china_u007,china_ctis_0024,1.8687216029383382
china_u007,china_ctis_0045,1.172700185765009
china_u007,china_ctis_0064,0.7886753616407812
china_u007,china_ctis_0053,0.6456335064928665
china_u007,china_ctis_0055,1.915916894987833
china_u007,china_ctis_0047,1.4197320546341625
china_u007,china_ctis_0002,2.2750567923787477
china_u007,china_ctis_0031,1.3770792119340514
china_u007,china_ctis_0050,2.2619067889023743
china_u007,china_ctis_0007,1.2849686037847532
china_u007,china_ctis_0058,1.9441017097159528
china_u007,china_ctis_0025,0.7213132447379101
china_u007,china_ctis_0037,1.5331714499876425
china_u007,china_ctis_0042,1.958553132550374
china_u007,modern_english_pop_0078,1.6983472507468496
china_u007,modern_english_pop_0016,1.5604871723335327
china_u007,modern_english_pop_0070,0.49991048172158525
china_u007,modern_english_pop_0048,0.9531481607640911
china_u007,modern_english_pop_0000,0.5157429376236993
china_u007,modern_english_pop_0067,0.5975310930046532
china_u007,modern_english_pop_0051,1.3616625987011035
china_u007,modern_english_pop_0035,1.4128985650207926
china_u007,turkey_modern_0140,1.4945229217146956
china_u007,turkey_modern_0089,1.6183663398751449
china_u007,turkey_modern_0145,1.4482324824432884
china_u007,turkey_modern_0113,1.5311766493439534
china_u007,turkey_modern_0115,0.5161010082614269
china_u007,turkey_modern_0070,0.766622453095753
china_u007,turkey_modern_0128,1.289561994056582
china_u007,turkey_modern_0097,1.6084691612435111
china_u008,china_ctis_0045,2.2296359956568934
china_u008,china_ctis_0061,1.8721363847167292
china_u008,china_ctis_0011,1.5079776987300408
china_u008,china_ctis_0043,1.0658330095678985
china_u008,china_ctis_0046,2.122319477883417
china_u008,china_ctis_0034,0.9805425266191375
china_u008,china_ctis_0025,1.1362162101412678
china_u008,china_ctis_0060,2.143136804879586
china_u008,china_ctis_0019,1.4884600453667498
china_u008,china_ctis_0012,1.8554984627460096
china_u008,china_ctis_0030,1.5940347699324964
china_u008,china_ctis_0055,1.702182635541379
china_u008,china_ctis_0050,1.0914361778630741
china_u008,china_ctis_0028,0.9913668063059934
china_u008,china_ctis_0018,1.1312992988659474
china_u008,china_ctis_0013,0.8431366980439038
china_u008,china_ctis_0029,2.0831922801266427
china_u008,china_ctis_0037,1.0636009598564466
china_u008,china_ctis_0001,1.5435692053648133
china_u008,china_ctis_0058,1.94115588336887
china_u008,china_ctis_0054,1.9270965886731057
china_u008,china_ctis_0022,1.3312162960577327
china_u008,china_ctis_0033,1.3965438573121018
china_u008,china_ctis_0023,2.2908605169129177
china_u008,france_0040,1.3607065939216825
china_u008,france_0072,1.5497618982091417
china_u008,france_0010,1.668447858445963
china_u008,france_0056,1.513246278909608
china_u008,france_0075,0.6999921156873162
china_u008,france_0076,1.2089304905457225
china_u008,france_0007,0.5875571123746356
china_u008,france_0057,1.3314448708613977
china_u008,turkey_modern_0009,1.7397217280535449
china_u008,turkey_modern_0052,1.1421882868051503
china_u008,turkey_modern_0082,1.0345128653714857
china_u008,turkey_modern_0011,0.4983877144145203
china_u008,turkey_modern_0029,1.7456956051444474
china_u008,turkey_modern_0045,0.5890536235757143
china_u008,turkey_modern_0002,0.5054567759615435
china_u008,turkey_modern_0051,0.7821899255316669
china_u009,china_ctis_0009,0.7658358315448006
china_u009,china_ctis_0051,1.6447575194338109
china_u009,china_ctis_0000,0.9918271175749229
china_u009,china_ctis_0038,1.5568907869929174
china_u009,china_ctis_0017,1.5930870352715676
china_u009,china_ctis_0057,2.040275949579869
china_u009,china_ctis_0026,0.5831789027729826
china_u009,china_ctis_0024,2.0470623173655826
china_u009,china_ctis_0025,1.64298042408653
china_u009,china_ctis_0046,0.8557325135310518
china_u009,china_ctis_0003,1.9083169945333647
china_u009,china_ctis_0048,2.0507229095887602
china_u009,china_ctis_0056,1.0136045094759212
china_u009,china_ctis_0061,2.1599190995571242
china_u009,china_ctis_0005,1.3589390672651847
china_u009,china_ctis_0002,1.6159071837249794
china_u009,china_ctis_0031,2.273520445490435
china_u009,china_ctis_0022,1.198649735652619
china_u009,china_ctis_0011,1.9776998715396945
china_u009,china_ctis_0014,1.1242384782540928
china_u009,china_ctis_0029,1.953643325866572
china_u009,china_ctis_0019,1.6112660100380582
china_u009,china_ctis_0034,0.9482135742638175
china_u009,china_ctis_0040,1.2891950117864326
china_u009,turkey_modern_0100,0.8788081063908082
china_u009,turkey_modern_0126,0.5554463306584912
china_u009,turkey_modern_0148,0.4902769396345916
china_u009,turkey_modern_0034,0.9177461847996943
china_u009,turkey_modern_0111,0.47569609955360687
china_u009,turkey_modern_0049,0.6734084727353963
china_u009,turkey_modern_0131,1.428997483148673
china_u009,turkey_modern_0069,1.4059231681728437
china_u009,france_0030,1.4470835217174667
china_u009,france_0043,0.8781567810254713
china_u009,france_0046,1.651526267108889
china_u009,france_0035,1.2516712398384042
china_u009,france_0026,0.6201355613579458
china_u009,france_0078,0.6440201929649711
china_u009,france_0039,1.3856788263550972
china_u009,france_0100,0.6834743141968054
china_u010,china_jingju_0011,0.8828120391426583
china_u010,china_jingju_0049,0.9192099377516209
china_u010,china_jingju_0030,2.0567454344620564
china_u010,china_jingju_0033,2.1492052336448313
china_u010,china_jingju_0046,0.9409542779776948
china_u010,china_jingju_0000,1.3854065321015778
china_u010,china_jingju_0074,1.8402787103708813
china_u010,china_jingju_0016,2.090180890823633
china_u010,china_jingju_0071,1.2288658989393515
china_u010,china_jingju_0055,1.4668586148152654
china_u010,china_jingju_0005,1.8544608081465426
china_u010,china_jingju_0044,1.8362095597260721
china_u010,china_jingju_0038,1.925606224294996
china_u010,china_jingju_0022,1.558135837156633
china_u010,china_jingju_0013,0.7554610419882372
china_u010,china_jingju_0008,2.1343539267646188
china_u010,china_jingju_0002,2.0681126303287733
china_u010,china_jingju_0080,1.9517180767866245
china_u010,china_jingju_0057,0.7472627731022583
china_u010,china_jingju_0068,0.9275854582154653
china_u010,china_jingju_0052,1.8577106298106993
china_u010,china_jingju_0035,0.6149166631538575
china_u010,china_jingju_0019,2.264162493145057
china_u010,china_jingju_0024,1.2255745736135493
china_u010,indonesia_gamelan_0054,1.4210719204826119
china_u010,indonesia_gamelan_0013,1.6482209694588585
china_u010,indonesia_gamelan_0025,0.9827503490026109
china_u010,indonesia_gamelan_0028,0.8808288596095492
china_u010,indonesia_gamelan_0053,1.271800524012633
china_u010,indonesia_gamelan_0040,1.2343356545598685
china_u010,indonesia_gamelan_0038,1.0023389697934761
china_u010,indonesia_gamelan_0035,1.2623959204214064
china_u010,germany_0090,1.712764848914768
china_u010,germany_0072,1.0813143464459052
china_u010,germany_0092,0.7156019440133523
china_u010,germany_0038,0.9592280768920552
china_u010,germany_0089,0.9820444265007101
china_u010,germany_0033,0.6269967355853969
china_u010,germany_0036,0.6698765257486491
china_u010,germany_0004,1.3741587990814643
china_u011,china_jingju_0027,1.2154107989772778
china_u011,china_jingju_0063,1.2733748136357708
china_u011,china_jingju_0066,1.88602582625846
china_u011,china_jingju_0011,1.9073089037386297
china_u011,china_jingju_0016,0.9317533349617046
china_u011,china_jingju_0024,2.1991545278732207
china_u011,china_jingju_0019,0.7831304570903589
china_u011,china_jingju_0041,2.1208105921807623
china_u011,china_jingju_0077,0.7481824887459209
china_u011,china_jingju_0022,1.0313311742360116
china_u011,china_jingju_0000,2.0351754747172257
china_u011,china_jingju_0068,0.8846238247970007
china_u011,china_jingju_0033,1.2884046815096977
china_u011,china_jingju_0055,1.3510072924036174
china_u011,china_jingju_0002,0.9980717284650366
china_u011,china_jingju_0013,1.8001729723045767
china_u011,china_jingju_0057,2.0435522702188016
china_u011,china_jingju_0035,2.083642116250861
china_u011,china_jingju_0008,1.1603307013955677
china_u011,china_jingju_0052,1.4907169301464798
china_u011,china_jingju_0030,1.0035010466682488
china_u011,china_jingju_0074,0.9972739651740008
china_u011,china_jingju_0005,0.8531632584195691
china_u011,china_jingju_0046,2.196532793642963
china_u011,india_saraga_0043,1.648784918617533
china_u011,india_saraga_0032,1.4994342629923845
china_u011,india_saraga_0014,1.1488430537384342
china_u011,india_saraga_0100,1.112320685941027
china_u011,india_saraga_0035,1.1651566493463723
china_u011,india_saraga_0060,1.1743668183290705
china_u011,india_saraga_0007,1.036660164341882
china_u011,india_saraga_0097,0.627869024404291
china_u011,france_0014,0.6196462013725236
china_u011,france_0041,1.7355371163916724
china_u011,france_0010,1.1007415254415733
china_u011,france_0007,1.736827458622005
china_u011,france_0093,0.6708287849086485
china_u011,france_0084,1.1984623452539103
china_u011,france_0025,0.730418292024578
china_u011,france_0028,0.7917992182709122
china_u012,china_opencpop_0026,1.3905523530092716
china_u012,china_opencpop_0036,2.213855388227154
china_u012,china_opencpop_0009,1.1661810337522989
china_u012,china_opencpop_0041,0.8807312396549951
china_u012,china_opencpop_0034,1.7447122550177037
china_u012,china_opencpop_0004,2.0343630432561426
china_u012,china_opencpop_0038,0.6444377013963684
china_u012,china_opencpop_0022,1.350616387529124
china_u012,china_opencpop_0042,2.1145412647106374
china_u012,china_opencpop_0039,1.8680921176419463
china_u012,china_opencpop_0017,2.2858683109584086
china_u012,china_opencpop_0002,1.4916888250052454
china_u012,china_opencpop_0016,1.7134926149319858
china_u012,china_opencpop_0037,1.0967784849629258
china_u012,china_opencpop_0006,2.2094989094238366
china_u012,china_opencpop_0029,1.206928717760025
china_u012,china_opencpop_0035,1.8489309793844342
china_u012,china_opencpop_0003,1.270416852105416
china_u012,china_opencpop_0014,1.5441376543586738
china_u012,china_opencpop_0020,1.8166248729121672
china_u012,china_opencpop_0007,1.452911411771086
china_u012,china_opencpop_0046,2.139723913918902
china_u012,china_opencpop_0045,1.2982942041754724
china_u012,china_opencpop_0000,1.6911988517972358
china_u012,france_0017,0.9121892849550731
china_u012,france_0081,1.0010115021118675
china_u012,france_0049,1.0440676461152958
china_u012,france_0098,0.6198394747215851
china_u012,france_0066,0.573826966729659
china_u012,france_0096,1.3511113962481232
china_u012,france_0002,1.3349489467631206
china_u012,france_0019,1.3449281141836285
china_u012,modern_english_pop_0089,0.47668470121263373
china_u012,modern_english_pop_0077,0.890838237606903
china_u012,modern_english_pop_0038,0.7170432937999158
china_u012,modern_english_pop_0072,1.5005044204344167
china_u012,modern_english_pop_0057,1.6118510418847758
china_u012,modern_english_pop_0017,0.7830185092552989
china_u012,modern_english_pop_0108,1.3515963644447817
china_u012,modern_english_pop_0045,0.6246397846686704
china_u013,china_ctis_0058,1.0197195067365612
china_u013,china_ctis_0053,1.5857833703156943
china_u013,china_ctis_0043,1.2822196196881994
china_u013,china_ctis_0035,0.9525276501707405
china_u013,china_ctis_0004,1.9826966288986334
china_u013,china_ctis_0033,2.059483110782798
china_u013,china_ctis_0042,0.864281671444172
china_u013,china_ctis_0020,0.5879496315799997
china_u013,china_ctis_0012,1.1548241957131695
china_u013,china_ctis_0031,1.950706191549298
china_u013,china_ctis_0044,2.0225749192542093
china_u013,china_ctis_0036,0.8136176459501849
china_u013,china_ctis_0018,1.9107294295407633
china_u013,china_ctis_0037,0.7745896886087658
china_u013,china_ctis_0015,1.2478579680200128
china_u013,china_ctis_0047,2.297601413395555
china_u013,china_ctis_0038,0.9072191700733194
china_u013,china_ctis_0005,0.8405871799464055
china_u013,china_ctis_0028,1.304330573643219
china_u013,china_ctis_0054,1.6439282072980108
china_u013,china_ctis_0048,2.1842538496628614
china_u013,china_ctis_0010,2.266916476044484
china_u013,china_ctis_0052,0.6951300981201557
china_u013,china_ctis_0046,0.8130457174251366
china_u013,modern_english_pop_0079,1.5174962647595918
china_u013,modern_english_pop_0029,0.8153534055656617
china_u013,modern_english_pop_0050,1.6445462303335867
china_u013,modern_english_pop_0055,1.3456618972592673
china_u013,modern_english_pop_0095,0.6009904832139142
china_u013,modern_english_pop_0039,1.5739145346474097
china_u013,modern_english_pop_0096,0.6880811130109025
china_u013,modern_english_pop_0073,1.0217187828175327
china_u013,great_britain_0035,1.1954496535550956
china_u013,great_britain_0042,1.1260343012583756
china_u013,great_britain_0058,1.3763199360804532
china_u013,great_britain_0069,1.3311270920734946
china_u013,great_britain_0062,1.789256707462874
china_u013,great_britain_0046,1.7992195774526536
china_u013,great_britain_0064,1.1472201935581152
china_u013,great_britain_0066,0.5785187673971665
china_u014,china_opencpop_0032,1.4447080925741538
china_u014,china_opencpop_0007,1.8692088292107019
china_u014,china_opencpop_0024,1.3765723753038934
china_u014,china_opencpop_0005,1.2096349868826353
china_u014,china_opencpop_0040,0.9531013984256406
china_u014,china_opencpop_0026,0.9344543639754008
china_u014,china_opencpop_0043,1.8713216482356578
china_u014,china_opencpop_0018,0.7801203503585818
china_u014,china_opencpop_0041,0.7233195539413803
china_u014,china_opencpop_0012,0.8791026046631744
china_u014,china_opencpop_0019,0.8774727322580151
china_u014,china_opencpop_0008,1.9948606493419019
china_u014,china_opencpop_0028,1.2624239254930163
china_u014,china_opencpop_0038,2.283420088946832
china_u014,china_opencpop_0001,0.8116894196888063
china_u014,china_opencpop_0009,1.7023561993215346
china_u014,china_opencpop_0036,1.3490583999221573
china_u014,china_opencpop_0015,1.2527838548024526
china_u014,china_opencpop_0014,2.0845202433682917
china_u014,china_opencpop_0013,2.257902489053989
china_u014,china_opencpop_0029,2.080681703885458
china_u014,china_opencpop_0011,0.9067186713356045
china_u014,china_opencpop_0035,0.9558764140854111
china_u014,china_opencpop_0039,1.706727441438984
china_u014,modern_english_pop_0049,0.8402628352115589
china_u014,modern_english_pop_0040,1.441878926553783
china_u014,modern_english_pop_0089,1.2146678785930203
china_u014,modern_english_pop_0011,1.193726837462044
china_u014,modern_english_pop_0009,1.5685383485323607
china_u014,modern_english_pop_0097,1.409219241852615
china_u014,modern_english_pop_0078,0.48587998274634375
china_u014,modern_english_pop_0004,0.5167698351471213
china_u014,italy_0082,1.2621039108156213
china_u014,italy_0085,1.106359302090072
china_u014,italy_0019,0.8012492847130384
china_u014,italy_0010,1.0151857178749824
china_u014,italy_0086,1.4731789302893619
china_u014,italy_0088,1.5659255042882054
china_u014,italy_0080,1.2076511416515596
china_u014,italy_0084,0.9702487991570891
china_u015,china_jingju_0055,2.045359498429709
china_u015,china_jingju_0016,1.8761183632678644
china_u015,china_jingju_0049,1.9891702804605915
china_u015,china_jingju_0019,1.482454408878386
china_u015,china_jingju_0030,2.2942681898705395
china_u015,china_jingju_0035,0.6512020525786781
china_u015,china_jingju_0057,1.2671820632210453
china_u015,china_jingju_0044,1.1337907539174223
china_u015,china_jingju_0080,2.2114134852793055
china_u015,china_jingju_0052,1.5700851534083478
china_u015,china_jingju_0008,1.965679415392151
china_u015,china_jingju_0038,0.868838559060945
china_u015,china_jingju_0063,2.263143898228257
china_u015,china_jingju_0005,1.4351532183616436
china_u015,china_jingju_0066,1.4265843315668638
china_u015,china_jingju_0074,2.2497761567413974
china_u015,china_jingju_0000,1.231763323099575
china_u015,china_jingju_0011,1.2607306673573626
china_u015,china_jingju_0022,1.5836984123385154
china_u015,china_jingju_0002,0.7958907531949325
china_u015,china_jingju_0013,1.1288727055604497
china_u015,china_jingju_0071,0.9082843562178502
china_u015,china_jingju_0068,0.7531640014596606
china_u015,china_jingju_0046,2.0690994459210095
china_u015,great_britain_0025,1.2455970742720928
china_u015,great_britain_0030,0.9342082685626802
china_u015,great_britain_0029,1.0017036594450623
china_u015,great_britain_0028,1.0325506549779289
china_u015,great_britain_0037,1.3047513958953576
china_u015,great_britain_0088,1.701138678510141
china_u015,great_britain_0020,1.7092524865369263
china_u015,great_britain_0015,0.9785141723663956
china_u015,modern_english_pop_0092,0.8945043204569889
china_u015,modern_english_pop_0003,1.0589127752500944
china_u015,modern_english_pop_0103,1.216711211078465
china_u015,modern_english_pop_0023,1.07345418045716
china_u015,modern_english_pop_0109,1.3393171032525464
china_u015,modern_english_pop_0011,1.198438681562681
china_u015,modern_english_pop_0047,0.8829659880370028
china_u015,modern_english_pop_0083,0.916736587779554
china_u016,china_opencpop_0015,0.8986260300196828
china_u016,china_opencpop_0045,1.6001203976702252
china_u016,china_opencpop_0030,2.0898043075308017
china_u016,china_opencpop_0004,1.2209502903744176
china_u016,china_opencpop_0044,0.749408136238884
china_u016,china_opencpop_0005,1.973911006363865
china_u016,china_opencpop_0037,1.4060421260997458
china_u016,china_opencpop_0022,1.548577373619583
china_u016,china_opencpop_0038,2.2691989111482815
china_u016,china_opencpop_0012,1.6224397176022745
china_u016,china_opencpop_0020,1.3080894402740249
china_u016,china_opencpop_0021,1.2132230345364161
china_u016,china_opencpop_0007,1.2953932798282286
china_u016,china_opencpop_0002,0.7792384184832035
china_u016,china_opencpop_0010,1.9459447132703112
china_u016,china_opencpop_0028,2.020061580372646
china_u016,china_opencpop_0032,1.0655850571391303
china_u016,china_opencpop_0035,1.0990491667571536
china_u016,china_opencpop_0049,2.0832265921775526
china_u016,china_opencpop_0029,0.6163488632857231
china_u016,china_opencpop_0042,1.4727890904984675
china_u016,china_opencpop_0046,1.3748406078255893
china_u016,china_opencpop_0041,1.765468677522843
china_u016,china_opencpop_0008,0.856850682757809
china_u016,france_0017,1.3522465000734576
china_u016,france_0066,0.9585909106310831
china_u016,france_0098,1.2852649505290168
china_u016,france_0011,0.5041282633282476
china_u016,france_0002,1.0733317161990876
china_u016,france_0058,1.1550387068762022
china_u016,france_0081,0.739340643854232
china_u016,france_0019,0.638491933141813
china_u016,india_saraga_0106,0.7044403090666069
china_u016,india_saraga_0082,0.9145904553855198
china_u016,india_saraga_0069,0.5806937015617114
china_u016,india_saraga_0005,1.728881724234966
china_u016,india_saraga_0045,0.9967419830193535
china_u016,india_saraga_0053,1.5421089633841112
china_u016,india_saraga_0016,1.765463116196943
china_u016,india_saraga_0027,0.5589926280036979
china_u017,china_jingju_0068,1.5162905722898072
china_u017,china_jingju_0000,1.5125299015127596
china_u017,china_jingju_0066,2.1256397191528857
china_u017,china_jingju_0052,2.2513615871655768
china_u017,china_jingju_0041,1.7908461072494868
china_u017,china_jingju_0008,1.408068721838827
china_u017,china_jingju_0033,1.362296654880683
china_u017,china_jingju_0024,1.2414390137099884
china_u017,china_jingju_0055,1.1987583260128432
china_u017,china_jingju_0002,1.2503493019056442
china_u017,china_jingju_0071,0.7298243308083118
china_u017,china_jingju_0030,0.7085772470742558
china_u017,china_jingju_0049,1.9202754806797375
china_u017,china_jingju_0046,1.34447574028739
china_u017,china_jingju_0074,2.1804307427394702
china_u017,china_jingju_0016,1.6310812398245678
china_u017,china_jingju_0011,0.635678569268124
china_u017,china_jingju_0013,0.846727763772652
china_u017,china_jingju_0063,0.930039142947438
china_u017,china_jingju_0060,2.2581446420721645
china_u017,china_jingju_0038,0.9522647901115701
china_u017,china_jingju_0022,1.4646785415968884
china_u017,china_jingju_0035,2.189905207079338
china_u017,china_jingju_0019,2.260657459102266
china_u017,indonesia_gamelan_0014,0.7690865877677852
china_u017,indonesia_gamelan_0010,0.5163088190625541
china_u017,indonesia_gamelan_0028,0.657362473925974
china_u017,indonesia_gamelan_0016,0.5354934462484534
china_u017,indonesia_gamelan_0003,0.7134177254746541
china_u017,indonesia_gamelan_0041,1.217569114850043
china_u017,indonesia_gamelan_0008,1.6818058749991165
china_u017,indonesia_gamelan_0048,1.175245492987359
china_u017,italy_0030,1.295085901543759
china_u017,italy_0009,0.7225207896728805
china_u017,italy_0046,1.5307878879096977
china_u017,china_opencpop_0049,1.640685867172131
china_u017,china_opencpop_0002,2.06563603035745
china_u017,china_opencpop_0029,2.2117543595849773
china_u017,china_opencpop_0043,1.1751288381801215
china_u017,china_ctis_0037,0.7312488759736329
china_u018,china_ctis_0055,1.6635878889540057
china_u018,china_ctis_0064,1.1747370200919331
china_u018,china_ctis_0040,1.7178635502816946
china_u018,china_ctis_0036,1.733948475359266
china_u018,china_ctis_0009,2.232012510323928
china_u018,china_ctis_0010,1.2148237546593792
china_u018,china_ctis_0047,1.3082660489618763
china_u018,china_ctis_0035,1.975912108047677
china_u018,china_ctis_0038,1.4474399929312287
china_u018,china_ctis_0059,1.8455885856246395
china_u018,china_ctis_0014,1.367998826182446
china_u018,china_ctis_0016,0.9467291196269082
china_u018,china_ctis_0005,1.8604766287972436
china_u018,china_ctis_0026,0.8012426668436246
china_u018,china_ctis_0048,0.9175568195915064
china_u018,china_ctis_0013,1.6562730953027596
china_u018,china_ctis_0021,1.8640404053313202
china_u018,china_ctis_0032,2.1183366048469807
china_u018,china_ctis_0037,1.0452117080424133
china_u018,china_ctis_0063,0.7659993460859562
china_u018,china_ctis_0017,2.224180487676535
china_u018,china_ctis_0057,0.8413798268381957
china_u018,china_ctis_0045,0.9159755443892531
china_u018,china_ctis_0025,1.0775433073883534
china_u018,india_saraga_0068,1.1646783279354882
china_u018,india_saraga_0061,1.6418145141460054
china_u018,india_saraga_0025,1.4767371306853203
china_u018,india_saraga_0074,1.4060126976875573
china_u018,india_saraga_0066,0.686493766605605
china_u018,india_saraga_0076,0.9328715525600653
china_u018,india_saraga_0023,1.0958466502170152
china_u018,india_saraga_0006,0.6490250372055409
china_u018,germany_0046,0.8191300978710079
china_u018,germany_0019,0.8662498253363398
china_u018,germany_0009,0.621822867744203
china_u018,germany_0054,1.1928235840761479
china_u018,germany_0066,1.4017880653076604
china_u018,germany_0006,0.5444077024937627
china_u018,germany_0076,1.0995161873802524
china_u018,germany_0068,1.5059851136115234
china_u019,china_ctis_0043,2.08077322826772
china_u019,china_ctis_0010,2.110075787199771
china_u019,china_ctis_0062,1.1172502010365857
china_u019,china_ctis_0019,1.267866318666174
china_u019,china_ctis_0040,1.0374468058154505
china_u019,china_ctis_0036,1.6208664618824342
china_u019,china_ctis_0050,2.194439236007141
china_u019,china_ctis_0021,1.1695055292325403
china_u019,china_ctis_0023,1.5358280737455015
china_u019,china_ctis_0061,1.0861168625322617
china_u019,china_ctis_0011,0.8679049547579203
china_u019,china_ctis_0060,0.9116950389371811
china_u019,china_ctis_0018,0.6749557193282741
china_u019,china_ctis_0064,2.212531327190969
china_u019,china_ctis_0024,1.2699673246756609
china_u019,china_ctis_0009,2.0138585387036363
china_u019,china_ctis_0012,1.750293340389717
china_u019,china_ctis_0052,0.9060640034341222
china_u019,china_ctis_0017,0.8776723753489264
china_u019,china_ctis_0044,1.97567964760569
china_u019,china_ctis_0016,1.0316277008187018
china_u019,china_ctis_0013,2.1504169418859083
china_u019,china_ctis_0051,0.8165955730893713
china_u019,china_ctis_0008,1.7440473599339597
china_u019,italy_0035,1.5495397326417608
china_u019,italy_0085,0.7675961243611207
china_u019,italy_0010,0.8228799406663642
china_u019,italy_0082,1.7521004962879223
china_u019,italy_0083,0.8072067672173137
china_u019,italy_0084,1.0304420173650646
china_u019,italy_0080,1.0338960508771944
china_u019,italy_0086,0.7915969124050728
china_u019,france_0079,1.4973179666900722
china_u019,france_0021,1.4919966133593596
china_u019,france_0070,0.9607293192021106
china_u019,france_0023,1.5774198179589904
china_u019,france_0029,0.7376511614386533
china_u019,france_0102,0.45581279715136624
china_u019,france_0024,1.2210759387752506
china_u019,france_0095,1.7920049928107111
china_u020,china_jingju_0008,0.6355764991641749
china_u020,china_jingju_0022,0.8543492086806137
china_u020,china_jingju_0030,1.677706837114393
china_u020,china_jingju_0019,1.9255115979462236
china_u020,china_jingju_0066,0.9388618201430298
china_u020,china_jingju_0013,2.157507391484095
china_u020,china_jingju_0041,2.0429700320899835
china_u020,china_jingju_0055,2.0384568007553647
china_u020,china_jingju_0052,0.9677154782286443
china_u020,china_jingju_0063,0.6621745804213495
china_u020,china_jingju_0044,2.071305605607457
china_u020,china_jingju_0071,1.1025053945740286
china_u020,china_jingju_0002,1.642630757524332
china_u020,china_jingju_0049,1.8859428743837594
china_u020,china_jingju_0027,0.7963058709316821
china_u020,china_jingju_0033,1.9219461615453575
china_u020,china_jingju_0005,2.1939322667078383
china_u020,china_jingju_0035,1.8314468159125554
china_u020,china_jingju_0024,1.3361092411289626
china_u020,china_jingju_0068,2.0872697893466876
china_u020,china_jingju_0011,1.484864411875164
china_u020,china_jingju_0080,1.8597298504839008
china_u020,china_jingju_0060,1.990372753156092
china_u020,china_jingju_0057,1.8676336864307852
china_u020,france_0019,0.838604082665008
china_u020,france_0002,0.6090892662228721
china_u020,france_0090,0.7717570146387812
china_u020,france_0017,1.128881164923477
china_u020,france_0096,1.1321238450956794
china_u020,france_0081,1.2365698715746258
china_u020,france_0011,0.9833874806896526
china_u020,france_0098,1.5123033649575373
china_u020,russia_0022,1.6827575629687306
china_u020,russia_0060,0.7830788221972863
china_u020,russia_0010,1.4443063438975488
china_u020,russia_0068,1.3652620009358103
china_u020,russia_0023,1.1561721740270752
china_u020,russia_0038,0.7045158157301163
china_u020,china_opencpop_0005,1.9467756460551737
china_u020,china_opencpop_0030,2.2320803427097364
china_u021,china_opencpop_0023,0.9730373765859491
china_u021,china_opencpop_0011,0.6218891802833342
china_u021,china_opencpop_0039,2.228438882107655
china_u021,china_opencpop_0029,1.799779118094225
china_u021,china_opencpop_0016,1.671341610667569
china_u021,china_opencpop_0042,1.8583908966488591
china_u021,china_opencpop_0027,1.4920322847496328
china_u021,china_opencpop_0036,1.3963308413809579
china_u021,china_opencpop_0004,1.3504431159380734
china_u021,china_opencpop_0008,1.6797576408787813
china_u021,china_opencpop_0044,0.9226478325518609
china_u021,china_opencpop_0048,2.10690124890065
china_u021,china_opencpop_0002,1.975272840353232
china_u021,china_opencpop_0045,1.1779972297547583
china_u021,china_opencpop_0035,1.5731010370016043
china_u021,china_opencpop_0018,0.8182720924137752
china_u021,china_opencpop_0020,2.2522972776854564
china_u021,china_opencpop_0010,2.132489886162239
china_u021,china_opencpop_0025,2.1652731987111205
china_u021,china_opencpop_0030,1.147981257288454
china_u021,china_opencpop_0021,0.8667573702354261
china_u021,china_opencpop_0012,0.9403069819793852
china_u021,china_opencpop_0028,0.73025239955278
china_u021,china_opencpop_0003,0.7821908369248879
china_u021,italy_0013,0.5462611211495414
china_u021,italy_0061,1.7862611434265794
china_u021,italy_0017,0.5499778725482494
china_u021,italy_0056,0.6289318092844085
china_u021,italy_0060,1.5667937040474942
china_u021,italy_0064,1.2333242926029733
china_u021,italy_0018,1.4954632261685987
china_u021,italy_0063,1.3017312104930843
china_u021,russia_0074,1.64093634494408
china_u021,russia_0089,1.3119311624823997
china_u021,russia_0036,1.1548688754192538
china_u021,russia_0103,1.4122120865777548
china_u021,russia_0098,1.053980214919348
china_u021,russia_0093,0.9171861609213919
china_u021,russia_0037,1.0813308108077868
china_u021,russia_0075,0.6791140418830569
china_u022,china_opencpop_0007,1.4869342532368017
china_u022,china_opencpop_0033,1.6134447620849883
china_u022,china_opencpop_0045,1.847213611838577
china_u022,china_opencpop_0035,0.6989418287137541
china_u022,china_opencpop_0022,1.4645608314504015
china_u022,china_opencpop_0003,1.405745491380425
china_u022,china_opencpop_0048,2.1649065978098085
china_u022,china_opencpop_0036,1.4262988512526882
china_u022,china_opencpop_0039,1.3828529223477208
china_u022,china_opencpop_0049,2.2347949802223606
china_u022,china_opencpop_0011,1.3522443997115206
china_u022,china_opencpop_0023,0.8870256423056059
china_u022,china_opencpop_0032,0.9491803118399847
china_u022,china_opencpop_0037,0.7391985036312803
china_u022,china_opencpop_0013,0.5759800229716792
china_u022,china_opencpop_0034,1.3201062652258313
china_u022,china_opencpop_0009,1.9019434527394319
china_u022,china_opencpop_0025,1.8402296138297167
china_u022,china_opencpop_0030,0.6304571764599165
china_u022,china_opencpop_0024,1.5582205086997067
china_u022,china_opencpop_0010,0.8411383913382461
china_u022,china_opencpop_0027,2.1983565912191025
china_u022,china_opencpop_0004,0.8637046243862092
china_u022,china_opencpop_0021,1.6559526505281557
china_u022,india_saraga_0061,0.8904217889214766
china_u022,india_saraga_0043,1.3161077900518756
china_u022,india_saraga_0005,1.0065491052265014
china_u022,india_saraga_0046,1.475518120613633
china_u022,india_saraga_0077,0.7614168191926082
china_u022,india_saraga_0106,1.6728190014342512
china_u022,india_saraga_0007,1.1252830265730254
china_u022,india_saraga_0009,1.4707257494123513
china_u022,russia_0046,1.5971357583916566
china_u022,russia_0042,1.7984186247889866
china_u022,russia_0039,0.7523266485518436
china_u022,russia_0018,0.837304758310664
china_u022,russia_0064,0.7880846670880491
china_u022,russia_0041,0.8048762984157066
china_u022,russia_0032,1.2363004010781597
china_u022,russia_0003,1.791255406246888
china_u023,china_ctis_0058,0.8430600307188004
china_u023,china_ctis_0061,1.6213269282121163
china_u023,china_ctis_0032,1.3420868483185362
china_u023,china_ctis_0025,1.3389188741250317
china_u023,china_ctis_0056,0.6988500705710791
china_u023,china_ctis_0016,1.9597476316160718
china_u023,china_ctis_0035,2.1155155361993607
china_u023,china_ctis_0057,0.594003751237794
china_u023,china_ctis_0037,0.883092203077528
china_u023,china_ctis_0027,2.134234725672201
china_u023,china_ctis_0039,1.5228764820801002
china_u023,china_ctis_0059,0.8338182724781623
china_u023,china_ctis_0012,0.924813530750799
china_u023,china_ctis_0015,1.713476271309022
china_u023,china_ctis_0028,1.825309018375856
china_u023,china_ctis_0010,1.6090112448003882
china_u023,china_ctis_0014,2.2191809553491066
china_u023,china_ctis_0019,1.4272597163165652
china_u023,china_ctis_0053,1.0929690484458583
china_u023,china_ctis_0044,1.3982267697082489
china_u023,china_ctis_0022,1.1954243565749039
china_u023,china_ctis_0018,0.9621174148638338
china_u023,china_ctis_0063,0.6542866051117415
china_u023,china_ctis_0060,1.1825665513998391
china_u023,turkey_modern_0144,1.410402619408152
china_u023,turkey_modern_0027,0.4748910338815116
china_u023,turkey_modern_0124,1.042890992828012
china_u023,turkey_modern_0034,1.3194126919573224
china_u023,turkey_modern_0077,1.2740455473853147
china_u023,turkey_modern_0008,1.4984753884497664
china_u023,turkey_modern_0066,1.5442016161407268
china_u023,turkey_modern_0061,1.4108028582411736
china_u023,france_0011,0.5887768897954118
china_u023,france_0081,1.091280299405887
china_u023,france_0066,1.2645980426082717
china_u023,france_0058,0.7815141523927597
china_u023,france_0064,0.5074449538231484
china_u023,france_0017,0.7518469331826634
china_u023,france_0098,1.0641074423390626
china_u023,france_0002,1.0088059307237112
france_u000,france_0039,0.9919318065174508
france_u000,france_0035,1.6421895555901476
france_u000,france_0100,2.1735065919402112
france_u000,france_0032,1.0198671657799447
france_u000,france_0031,1.7702983687605998
france_u000,france_0044,2.278114269426073
france_u000,france_0043,0.8347820454941809
france_u000,france_0078,0.7274939514586632
france_u000,france_0073,1.7379867069673078
france_u000,france_0030,1.1610445098670772
france_u000,france_0068,0.6978967234573695
france_u000,france_0045,1.394902190849217
france_u000,france_0046,1.8752544223858236
france_u000,france_0074,1.0668361407162006
france_u000,france_0026,1.1529558636963575
france_u000,germany_0078,1.5916941908734124
france_u000,germany_0032,1.152097081553009
france_u000,germany_0021,1.5876881578887374
france_u000,germany_0030,1.0526258143940077
france_u000,germany_0056,1.7365164681061396
france_u000,germany_0025,1.3285726961189446
france_u000,germany_0024,0.6064634681809867
france_u000,germany_0037,1.6448755341061811
france_u000,china_jingju_0052,1.110508007621577
france_u000,china_jingju_0035,0.6412126067634218
france_u000,china_jingju_0055,0.656131680685918
france_u000,china_jingju_0038,1.378170812398327
france_u000,china_jingju_0033,0.5139528840848113
france_u000,china_jingju_0011,0.8369015826336479
france_u000,china_jingju_0041,0.6387132471343219
france_u000,china_jingju_0024,1.0454545299833338
france_u000,france_0018,1.2897602566902733
france_u000,france_0049,1.4752368498382764
france_u000,france_0080,1.0573726677018647
france_u000,france_0056,0.6302751916773556
france_u000,france_0072,1.6348160337731954
france_u000,france_0061,1.219663554972056
france_u000,france_0096,1.69855287282658
france_u000,france_0036,0.7624505246373631
france_u000,france_0014,0.5987659378822368
france_u001,france_0029,0.7314605465051959
france_u001,france_0021,1.3058050829497936
france_u001,france_0023,2.179432020706464
france_u001,france_0095,1.4416624140133685
france_u001,france_0102,2.2502081368590154
france_u001,france_0000,1.0214914742345143
france_u001,france_0047,1.4453405384892917
france_u001,france_0079,2.057690615871086
france_u001,france_0071,1.348235311605208
france_u001,france_0024,1.057115719408577
france_u001,france_0103,2.050695001895846
france_u001,france_0070,1.2475593338052504
france_u001,france_0077,1.4904976770789036
france_u001,india_saraga_0032,1.7683115396604465
france_u001,india_saraga_0025,0.7017524479204162
france_u001,india_saraga_0100,0.8568908595722508
france_u001,india_saraga_0002,0.49194396009428387
france_u001,india_saraga_0030,0.9789809083785712
france_u001,india_saraga_0062,0.7202476312895604
france_u001,india_saraga_0080,1.3680471628006534
france_u001,india_saraga_0096,0.6947839693339006
france_u001,germany_0021,1.360997215747924
france_u001,germany_0022,0.8056918280555789
france_u001,germany_0032,0.9295440760636198
france_u001,germany_0028,0.9209618802626366
france_u001,germany_0037,1.4176148627208727
france_u001,germany_0024,1.0797875052367631
france_u001,germany_0023,0.9377535134511221
france_u001,germany_0057,1.6010406707032574
france_u001,france_0014,1.5616148292310745
france_u001,france_0049,0.9438581667045461
france_u001,france_0080,2.1276574547978524
france_u001,france_0099,1.16607176065803
france_u001,france_0032,0.6422394262518776
france_u001,france_0048,1.428185386355931
france_u001,france_0001,0.788793143910514
france_u001,france_0104,0.9863546154096557
france_u001,france_0031,1.8637662553857839
france_u001,france_0009,0.8005468780741495
france_u001,france_0042,1.9669787870107116
france_u002,france_0043,1.107092848808619
france_u002,france_0068,2.177942870910609
france_u002,france_0078,0.7377390920534056
france_u002,france_0045,2.2901143340566628
france_u002,france_0074,1.9034064888240496
france_u002,france_0030,0.7358923116844645
france_u002,france_0035,1.706996142981126
france_u002,france_0100,0.6339594838512487
france_u002,france_0046,1.9035724877912155
france_u002,france_0026,1.9536595398618704
france_u002,france_0032,1.6141576865827472
france_u002,france_0044,2.053084176056084
france_u002,france_0039,0.743848658370633
france_u002,france_0031,1.0509686275204027
france_u002,france_0073,1.2894562247473567
france_u002,russia_0091,0.5073182363179326
france_u002,russia_0036,1.0550917182210744
france_u002,russia_0001,0.8080381657519641
france_u002,russia_0104,0.9801922663373666
france_u002,russia_0058,1.0238885531896138
france_u002,russia_0050,1.637205840208375
france_u002,russia_0051,0.8149603102123127
france_u002,russia_0056,1.6565532237669673
france_u002,great_britain_0004,1.0250608024973467
france_u002,great_britain_0026,0.8925404229368811
france_u002,great_britain_0006,1.1283912666024472
france_u002,great_britain_0050,1.0139534365898335
france_u002,great_britain_0040,0.7974526226244473
france_u002,great_britain_0017,1.1286170884746902
france_u002,great_britain_0054,0.6549323396564223
france_u002,great_britain_0092,0.9251054230810043
france_u002,france_0080,1.550988128420306
france_u002,france_0081,1.288129221572506
france_u002,france_0002,1.9962488228126238
france_u002,france_0079,1.0178450386481617
france_u002,france_0092,2.2478559734834924
france_u002,france_0054,1.9286454859685809
france_u002,france_0005,2.2440979698456394
france_u002,france_0027,2.0207855570822746
france_u002,france_0082,0.8201292720940836
france_u003,france_0038,2.124697537295421
france_u003,france_0048,1.0119556112172352
france_u003,france_0008,1.7915949063489487
france_u003,france_0087,0.6908435440928282
france_u003,france_0055,0.6418460468865407
france_u003,france_0067,1.702685065195188
france_u003,france_0037,1.159802354313874
france_u003,france_0034,1.7056674524420021
france_u003,france_0020,0.7371865737412324
france_u003,france_0099,2.213493630354864
france_u003,russia_0044,1.4604945303056789
france_u003,russia_0047,1.6329607645848292
france_u003,russia_0048,0.6342352479600898
france_u003,russia_0066,0.8822173080053737
france_u003,russia_0016,0.9472646216785645
france_u003,russia_0019,1.1751830752412051
france_u003,russia_0020,0.8507724554350093
france_u003,indonesia_fma_0004,0.5318515019556969
france_u003,indonesia_fma_0012,0.9479858139955856
france_u003,indonesia_fma_0015,0.793641574746831
france_u003,indonesia_fma_0003,0.97099374347534
france_u003,indonesia_fma_0005,0.7158953825370354
france_u003,indonesia_fma_0019,0.803560105662393
france_u003,indonesia_fma_0013,1.2963856595835628
france_u003,indonesia_fma_0002,0.9740076766803878
france_u003,france_0049,1.1707863532173737
france_u003,france_0064,1.495987216446093
france_u003,france_0104,1.9064594329557718
france_u003,france_0044,1.228547224700226
france_u003,france_0029,1.588471124658825
france_u003,france_0072,2.241699528760104
france_u003,france_0093,1.4754156968536374
france_u003,france_0103,2.144400819492764
france_u003,france_0066,1.9440852768423362
france_u003,france_0092,0.6762897258465081
france_u003,france_0078,1.315195553284468
france_u003,france_0084,1.7795992535733143
france_u003,france_0094,2.2770780489731446
france_u003,france_0024,1.3656991022536091
france_u003,france_0009,0.7350549083686255
france_u004,france_0011,1.3273353290697065
france_u004,france_0017,1.1350103257653255
france_u004,france_0081,1.4749570194705743
france_u004,france_0002,1.3187354010684234
france_u004,france_0066,1.6068395930703363
france_u004,france_0019,2.124257138864388
france_u004,france_0058,2.2913912448835725
france_u004,france_0090,0.7108321750480321
france_u004,france_0096,1.2385789903408138
france_u004,france_0049,0.8867181876977462
france_u004,france_0064,1.1824078175215456
france_u004,france_0098,1.0708909569960294
france_u004,italy_0060,0.6856251276961642
france_u004,italy_0020,1.481502672118742
france_u004,italy_0056,1.1199898028194686
france_u004,italy_0055,1.6909815359932547
france_u004,italy_0032,0.49399979838346963
france_u004,italy_0048,0.5404203177281864
france_u004,italy_0015,0.9944193369559646
france_u004,italy_0018,0.5583743825454501
france_u004,india_saraga_0009,0.8046849551600253
france_u004,india_saraga_0075,1.7811401531534419
france_u004,india_saraga_0093,0.732095470104229
france_u004,india_saraga_0051,0.7174589509063225
france_u004,india_saraga_0020,1.2244149028742073
france_u004,india_saraga_0081,1.1222976925707617
france_u004,india_saraga_0008,1.2335917012238407
france_u004,india_saraga_0070,0.9585926255815379
france_u004,france_0022,2.0011650708187836
france_u004,france_0057,0.8140514512382483
france_u004,france_0097,1.313977314076528
france_u004,france_0005,1.76483918856605
france_u004,france_0030,2.072707859488002
france_u004,france_0055,1.2125110209654069
france_u004,france_0007,1.5543611584367234
france_u004,france_0004,0.694266405137526
france_u004,france_0069,0.8688004269929048
france_u004,france_0074,0.6942633302540474
france_u004,france_0053,1.83059453869745
france_u004,france_0062,1.0719034460456924
france_u005,france_0071,0.6565068345274367
france_u005,france_0000,1.8898835758235575
france_u005,france_0047,2.2778964227719216
france_u005,france_0103,0.6524185562715771
france_u005,france_0024,1.8654224044128147
france_u005,france_0021,0.6989622360756561
france_u005,france_0095,1.5964291229588252
france_u005,france_0070,1.8792298621887102
france_u005,france_0079,1.1946275852868473
france_u005,france_0029,0.5938623939158948
france_u005,france_0023,1.6017016324163593
france_u005,france_0077,2.2848969835415476
france_u005,france_0102,1.0193900543964052
france_u005,modern_english_pop_0067,0.7058132242027414
france_u005,modern_english_pop_0101,0.6172999552172452
france_u005,modern_english_pop_0017,1.1995950868650758
france_u005,modern_english_pop_0046,1.255200884136369
france_u005,modern_english_pop_0119,1.519565630180043
france_u005,modern_english_pop_0098,1.466648919387688
france_u005,modern_english_pop_0113,1.6549310179733676
france_u005,modern_english_pop_0056,1.5377931427621068
france_u005,china_jingju_0057,0.78381056215725
france_u005,china_jingju_0041,1.2004344965822775
france_u005,china_jingju_0080,0.851506144776333
france_u005,china_jingju_0027,0.8952102623945283
france_u005,china_jingju_0002,1.708124898460495
france_u005,china_jingju_0016,1.3705594718405492
france_u005,china_jingju_0049,1.765697057888993
france_u005,china_jingju_0030,1.012831924570305
france_u005,france_0082,1.5020798140356095
france_u005,france_0036,1.4152740993558273
france_u005,france_0020,0.7600701742284288
france_u005,france_0060,0.9833109405583907
france_u005,france_0058,1.4851727220427318
france_u005,france_0068,0.6912206763544357
france_u005,france_0014,2.1817718280578338
france_u005,france_0087,0.7886303513523146
france_u005,france_0080,0.9165167875691647
france_u005,france_0004,1.8951791112941478
france_u005,france_0022,0.7422120845865661
france_u006,france_0033,1.8411785656355468
france_u006,france_0053,2.002335470577589
france_u006,france_0051,1.5987120702177038
france_u006,france_0001,1.5951005018216993
france_u006,france_0062,1.159070239538654
france_u006,france_0060,1.3447812865032587
france_u006,france_0091,2.065586910331471
france_u006,france_0003,1.8227275709183448
france_u006,france_0085,1.4715750629753293
france_u006,france_0016,1.2102008662784398
france_u006,france_0022,0.6619050485477562
france_u006,france_0050,0.8216877672880143
france_u006,france_0082,0.9079684519554143
france_u006,france_0012,1.2190866121212136
france_u006,france_0013,2.2036477912065733
france_u006,france_0018,1.4463896061313413
france_u006,france_0042,0.9800992816221734
france_u006,france_0083,0.7574189871211117
france_u006,france_0006,1.158577029940113
france_u006,france_0101,1.9821353463255729
france_u006,france_0069,1.2362663186331262
france_u006,france_0097,1.9075725153886631
france_u006,france_0059,1.959666083818866
france_u006,france_0080,0.7661658277302645
france_u006,germany_0034,1.271690666046158
france_u006,germany_0033,1.7447796855509996
france_u006,germany_0039,0.9928864011197978
france_u006,germany_0050,0.5187745201540801
france_u006,germany_0060,1.6964586318481363
france_u006,germany_0089,1.642949480122852
france_u006,germany_0007,1.1548909537321526
france_u006,germany_0098,1.195541712464413
france_u006,turkey_modern_0015,0.7358504887477686
france_u006,turkey_modern_0145,1.5562585199852603
france_u006,turkey_modern_0039,1.1231100518293706
france_u006,turkey_modern_0078,0.49573502344245124
france_u006,turkey_modern_0111,1.372070191206147
france_u006,turkey_modern_0014,1.733169964233653
france_u006,turkey_modern_0130,1.569353161966763
france_u006,turkey_modern_0124,0.8242174892842287
france_u007,france_0019,1.2223547909712773
france_u007,france_0090,2.2481324982609197
france_u007,france_0081,0.8732996058979566
france_u007,france_0066,1.126423104156725
france_u007,france_0049,1.0820818123448848
france_u007,france_0064,1.5122083290070256
france_u007,france_0098,1.436258443280405
france_u007,france_0058,1.6854523028568709
france_u007,france_0002,2.2137530542405086
france_u007,france_0017,1.067006372476921
france_u007,france_0011,1.770030956964869
france_u007,france_0096,0.6181943501839418
france_u007,modern_english_pop_0047,0.8042244381903931
france_u007,modern_english_pop_0104,1.0760216327954002
france_u007,modern_english_pop_0025,0.49184296444953157
france_u007,modern_english_pop_0019,1.2838537717474126
france_u007,modern_english_pop_0115,1.365719321342306
france_u007,modern_english_pop_0063,1.4580878150313632
france_u007,modern_english_pop_0041,1.1473755815380666
france_u007,modern_english_pop_0116,1.265325297721146
france_u007,china_ctis_0008,0.9846880892259579
france_u007,china_ctis_0055,0.5056915938838594
france_u007,china_ctis_0056,0.5849350052955927
france_u007,china_ctis_0054,1.3342444976719765
france_u007,china_ctis_0016,1.7939996544407981
france_u007,china_ctis_0053,0.4713343728704498
france_u007,china_ctis_0003,1.2027377207156167
france_u007,china_ctis_0059,1.4638618163914532
france_u007,france_0014,2.0011865783239404
france_u007,france_0003,1.515478454609054
france_u007,france_0077,1.6443550658175812
france_u007,france_0034,1.7768505305986044
france_u007,france_0001,2.0567167807211675
france_u007,france_0018,0.7859494516748622
france_u007,france_0104,2.1726642885741394
france_u007,france_0047,0.6198800211264582
france_u007,france_0087,2.017444570402162
france_u007,france_0091,0.7073772358154776
france_u007,france_0055,0.9107336650184908
france_u007,france_0038,0.5817174025074537
france_u008,france_0076,1.541644970544581
france_u008,france_0084,1.1659890652217293
france_u008,france_0054,1.0727539370076422
france_u008,france_0010,0.9912672330112371
france_u008,france_0007,0.7171882818135437
france_u008,france_0089,1.4315744475788983
france_u008,france_0027,2.1063888906064556
france_u008,france_0075,1.6620121469983133
france_u008,france_0025,1.4736829665037092
france_u008,france_0104,1.314322783982831
france_u008,france_0009,1.376092805397156
france_u008,france_0005,0.9360034245616153
france_u008,france_0028,1.9945643881580928
france_u008,france_0061,0.9172106116606359
france_u008,france_0052,1.8111742553546148
france_u008,france_0036,1.885974144830863
france_u008,france_0086,1.5666490974978415
france_u008,france_0056,2.063547996797079
france_u008,france_0072,1.0770618579773712
france_u008,france_0040,2.095789706643939
france_u008,france_0041,1.8332330428087997
france_u008,france_0088,1.952843452889037
france_u008,france_0057,1.721399998934617
france_u008,france_0093,2.034941704307697
france_u008,indonesia_fma_0007,1.7906834646688086
france_u008,indonesia_fma_0005,1.0172198536082622
france_u008,indonesia_fma_0016,1.54878617300792
france_u008,indonesia_fma_0018,1.4551826753493453
france_u008,indonesia_fma_0012,1.0613747237112243
france_u008,indonesia_fma_0001,1.701381149638891
france_u008,indonesia_fma_0011,0.9824750049230028
france_u008,indonesia_fma_0014,1.2133789869729206
france_u008,turkey_modern_0143,0.5930221819377982
france_u008,turkey_modern_0079,0.7547965119894594
france_u008,turkey_modern_0135,1.5849398302205768
france_u008,turkey_modern_0129,0.985346175818944
france_u008,turkey_modern_0051,0.9820135207105986
france_u008,turkey_modern_0131,0.7820743745573374
france_u008,turkey_modern_0118,1.1136739513015634
france_u008,turkey_modern_0132,1.5378528978233403
france_u009,france_0021,1.3829991763370364
france_u009,france_0071,2.114535481686663
france_u009,france_0095,0.9716603307371408
france_u009,france_0079,0.8689253532986277
france_u009,france_0047,1.683836493475428
france_u009,france_0077,2.2516902411605537
france_u009,france_0102,1.0015175889541788
france_u009,france_0000,1.0056814036608506
france_u009,france_0029,0.8156355127347775
france_u009,france_0023,2.059472132847015
france_u009,france_0103,0.9655357572095512
france_u009,france_0024,1.4429829586004315
france_u009,france_0070,2.284255024553803
france_u009,india_saraga_0016,0.4663902162447588
france_u009,india_saraga_0034,1.2012562221895722
france_u009,india_saraga_0028,1.1415902076516768
france_u009,india_saraga_0082,1.540053958153709
france_u009,india_saraga_0060,0.929630078396249
france_u009,india_saraga_0066,1.003960834513706
france_u009,india_saraga_0009,0.676716273808466
france_u009,india_saraga_0089,1.4501005627083121
france_u009,turkey_modern_0096,1.5093570274040002
france_u009,turkey_modern_0142,0.6344954830514209
france_u009,turkey_modern_0148,0.9811670498842343
france_u009,turkey_modern_0075,1.655421743739622
france_u009,turkey_modern_0071,0.4536548194623127
france_u009,turkey_modern_0106,0.8533247453405537
france_u009,turkey_modern_0024,1.1993070848209395
france_u009,turkey_modern_0037,0.9010267105409371
france_u009,france_0040,1.0442779513314797
france_u009,france_0053,1.3685646614580418
france_u009,france_0015,0.8881273614892217
france_u009,france_0093,1.4886035406551095
france_u009,france_0076,1.7940504642653146
france_u009,france_0014,1.567383793284166
france_u009,france_0081,0.7356135957309657
france_u009,france_0080,2.0316048594356135
france_u009,france_0090,0.8768367696659171
france_u009,france_0003,1.8943007010541968
france_u009,france_0096,1.1969748160883418
france_u010,france_0102,1.7685017849176825
france_u010,france_0079,1.759815500947155
france_u010,france_0103,1.5050653043158209
france_u010,france_0029,2.1878022340935925
france_u010,france_0023,1.2398395492364516
france_u010,france_0047,2.0168636254395302
france_u010,france_0071,0.7046154786830385
france_u010,france_0095,1.8512086372164198
france_u010,france_0024,2.280071788860079
france_u010,france_0077,2.035381923096484
france_u010,france_0070,1.5749216408098523
france_u010,france_0000,1.656171460964352
france_u010,france_0021,1.1844244727787332
france_u010,germany_0048,1.3673050446484405
france_u010,germany_0027,1.4900337672947914
france_u010,germany_0013,1.7976084495091027
france_u010,germany_0031,1.1148249379505846
france_u010,germany_0070,0.5327604887941471
france_u010,modern_english_pop_0003,1.25440823348683
france_u010,modern_english_pop_0008,0.6106826024759276
france_u010,modern_english_pop_0052,0.7804328088007486
france_u010,modern_english_pop_0068,0.8938528802627453
france_u010,modern_english_pop_0110,1.4368903287503543
france_u010,modern_english_pop_0010,0.6981409672359757
france_u010,modern_english_pop_0035,0.673766478237176
france_u010,modern_english_pop_0059,0.5107017273734171
france_u010,france_0018,2.081338890210444
france_u010,france_0036,1.7712968570142045
france_u010,france_0058,0.6439076531904057
france_u010,france_0005,0.6238042272257476
france_u010,france_0056,1.5387131614194716
france_u010,france_0072,1.0623718422195765
france_u010,france_0027,1.6043529544950772
france_u010,france_0100,1.3246922030496653
france_u010,france_0064,2.167714169985189
france_u010,france_0013,1.0714705508083595
france_u010,france_0053,1.746525760557091
france_u010,france_0019,0.6682436875420835
france_u010,france_0082,2.223859421475896
france_u010,france_0069,2.266806632141907
france_u011,france_0096,0.7886531199480458
france_u011,france_0002,1.2830115418831454
france_u011,france_0011,1.5357106690932016
france_u011,france_0081,2.1804767875797406
france_u011,france_0019,0.6374835210531486
france_u011,france_0090,1.6470157512158536
france_u011,france_0049,1.3645931969713834
france_u011,france_0098,0.60995044615214
france_u011,france_0066,1.0054706034942926
france_u011,france_0017,0.7793870603120325
france_u011,france_0058,0.948969901386742
france_u011,france_0064,1.0486336699700838
france_u011,modern_english_pop_0059,0.9917635527659651
france_u011,modern_english_pop_0005,1.1642031812100018
france_u011,modern_english_pop_0022,0.4513364918006212
france_u011,modern_english_pop_0030,0.6685236368488
france_u011,modern_english_pop_0093,0.576314620571881
france_u011,modern_english_pop_0042,1.192059089004704
france_u011,modern_english_pop_0045,0.8942510750417143
france_u011,modern_english_pop_0070,1.1903369436468694
france_u011,russia_0055,0.7494614579358151
france_u011,russia_0067,0.4827096280182396
france_u011,russia_0012,1.7208453167148332
france_u011,russia_0045,0.596215963605142
france_u011,russia_0025,0.6212593097483177
france_u011,russia_0033,0.6478382157886896
france_u011,russia_0005,1.7747233073909183
france_u011,russia_0040,1.2838413242294948
france_u011,france_0027,1.627750166689142
france_u011,france_0044,2.2770543976194633
france_u011,france_0077,0.7275568769987795
france_u011,france_0050,2.2560140396354487
france_u011,france_0065,0.9269226778057205
france_u011,france_0030,1.649798343644511
france_u011,france_0097,1.2996441501473155
france_u011,france_0022,1.2373168782481323
france_u011,france_0072,2.1813947416270727
france_u011,france_0043,0.8324178315594424
france_u011,france_0091,2.29494404410652
france_u011,france_0037,1.2289907303829213
france_u012,france_0000,1.2965283756689325
france_u012,france_0024,1.1345997706442688
france_u012,france_0095,1.95215515201076
france_u012,france_0047,2.2270211288266046
france_u012,france_0103,2.0848829842977135
france_u012,france_0077,0.83992182048488
france_u012,france_0079,1.9147879667025256
france_u012,france_0023,0.8302084254506271
france_u012,france_0029,2.1505824088196244
france_u012,france_0102,1.4683405430282979
france_u012,france_0071,1.1552573768978192
france_u012,france_0021,0.8458689829014825
france_u012,france_0070,0.595370677108783
france_u012,turkey_modern_0102,0.7847284387421944
france_u012,turkey_modern_0131,1.683927085429771
france_u012,turkey_modern_0082,1.5263039595675072
france_u012,turkey_modern_0001,1.7592215054634714
france_u012,turkey_modern_0113,0.5860280535138537
france_u012,turkey_modern_0146,1.2494413037326537
france_u012,turkey_modern_0004,0.7971531399415485
france_u012,turkey_modern_0040,1.18297130279275
france_u012,italy_0078,0.8826140955106644
france_u012,italy_0029,0.8326784928285326
france_u012,italy_0041,1.2246911577332065
france_u012,italy_0045,0.6974795185238795
france_u012,italy_0091,1.0833301399123578
france_u012,italy_0033,1.328596557809447
france_u012,italy_0104,0.6230457987967855
france_u012,italy_0101,1.7063022656838205
france_u012,france_0074,1.4473751065583653
france_u012,france_0008,1.98868575150049
france_u012,france_0032,1.7029868678213342
france_u012,france_0045,1.7997516236088908
france_u012,france_0069,1.8103258732126455
france_u012,france_0066,2.0845473224310402
france_u012,france_0026,1.633469375455944
france_u012,france_0068,1.054924586719397
france_u012,france_0092,0.7466541339429136
france_u012,france_0061,1.6207823185514938
france_u012,france_0085,0.6894585865042523
france_u013,france_0081,0.8187239857252484
france_u013,france_0058,1.0354605444175817
france_u013,france_0098,2.0579485196424274
france_u013,france_0066,1.6141692597146329
france_u013,france_0017,1.227030461265228
france_u013,france_0002,1.9375878184938884
france_u013,france_0096,0.6861890709847176
france_u013,france_0064,1.0129621266661153
france_u013,france_0049,0.9719279407489102
france_u013,france_0090,2.274753869740183
france_u013,france_0019,1.7930200546275112
france_u013,france_0011,1.6406807402702557
france_u013,great_britain_0008,0.4567297031475384
france_u013,great_britain_0068,0.6988185028213074
france_u013,great_britain_0018,1.3079807455136558
france_u013,great_britain_0093,0.9626210907502487
france_u013,great_britain_0084,1.6977785179667322
france_u013,italy_0063,1.4823776958413732
france_u013,italy_0056,1.053968498285562
france_u013,italy_0032,1.4618452196766651
france_u013,italy_0018,1.7667958371653991
france_u013,italy_0016,1.0723241133469852
france_u013,italy_0015,1.31740994864952
france_u013,italy_0013,1.6901972303327486
france_u013,italy_0060,0.7857107937488339
france_u013,france_0078,2.10431240107433
france_u013,france_0042,0.743264619183395
france_u013,france_0104,1.6935730942636902
france_u013,france_0024,1.925395817471228
france_u013,france_0068,1.6351957282104348
france_u013,france_0099,1.4297975371631366
france_u013,france_0071,1.6399237473718082
france_u013,france_0086,0.8366198976445418
france_u013,france_0028,0.9468594753196267
france_u013,france_0080,1.0405763683246898
france_u013,france_0029,1.6061693625868156
france_u013,france_0072,1.3372793522102464
france_u013,france_0044,0.9967208282880731
france_u013,france_0050,2.0978460979494007
france_u013,france_0027,1.22001517450581
france_u014,france_0019,1.7411327061541775
france_u014,france_0090,1.1467932083119887
france_u014,france_0011,1.6900866406505368
france_u014,france_0017,0.8970439040351826
france_u014,france_0049,2.1925418711245643
france_u014,france_0066,1.0955935114320239
france_u014,france_0096,1.01519673370636
france_u014,france_0098,1.8017558268849214
france_u014,france_0064,1.7073740386641636
france_u014,france_0058,1.3534906341422015
france_u014,france_0081,1.6659697548416064
france_u014,france_0002,0.8501255487874767
france_u014,china_ctis_0005,1.3589932149926394
france_u014,china_ctis_0013,0.8153244385135118
france_u014,china_ctis_0046,0.8183285685132174
france_u014,china_ctis_0063,0.6689429121741092
france_u014,china_ctis_0016,0.8987091322988222
france_u014,china_ctis_0007,0.897188931420293
france_u014,china_ctis_0014,1.0631416657980635
france_u014,china_ctis_0035,0.7070663312995719
france_u014,indonesia_fma_0010,0.7105601738143345
france_u014,indonesia_fma_0019,1.1813470717453582
france_u014,indonesia_fma_0006,0.6239844963051415
france_u014,indonesia_fma_0012,1.3800109607849274
france_u014,indonesia_fma_0016,1.7243286199145054
france_u014,indonesia_fma_0002,1.0261740892469107
france_u014,indonesia_fma_0018,1.6664921727534137
france_u014,indonesia_fma_0015,0.582727398019917
france_u014,france_0016,0.6491019072229868
france_u014,france_0032,1.8193613137113738
france_u014,france_0008,1.8877622133930814
france_u014,france_0005,2.0292754656659207
france_u014,france_0085,0.6730104952399679
france_u014,france_0027,1.9151646698005322
france_u014,france_0088,1.2245293140741036
france_u014,france_0039,1.0982574163767924
france_u014,france_0012,0.8734662643171871
france_u014,france_0062,2.293127177551859
france_u014,france_0103,0.6848196915750397
france_u014,france_0043,2.001588825198799
france_u015,france_0024,1.8290938127833378
france_u015,france_0079,2.065528462030207
france_u015,france_0071,0.822190497710547
france_u015,france_0047,1.0723495294730585
france_u015,france_0077,0.9114258316873272
france_u015,france_0070,0.6213262151980882
france_u015,france_0000,1.5296691130550466
france_u015,france_0023,1.782365743487442
france_u015,france_0103,1.6925886545267463
france_u015,france_0102,1.244392369096377
france_u015,france_0029,1.5323926742463367
france_u015,france_0021,0.7373213039474874
france_u015,france_0095,0.8411739147966305
france_u015,italy_0032,1.7079227363965277
france_u015,italy_0013,1.4780354595568608
france_u015,italy_0060,1.695697779363976
france_u015,italy_0055,1.687518384074146
france_u015,italy_0063,1.32668003309545
france_u015,italy_0015,1.703122174951423
france_u015,italy_0016,1.0125505391613254
france_u015,italy_0061,0.45488193045967035
france_u015,china_opencpop_0008,0.5344710063923152
france_u015,china_opencpop_0032,0.5978078896961005
france_u015,china_opencpop_0048,0.5787271617968613
france_u015,china_opencpop_0036,0.9247982276478556
france_u015,china_opencpop_0003,1.3967155895976329
france_u015,china_opencpop_0028,1.5173758889106683
france_u015,china_opencpop_0023,1.2467879203652434
france_u015,china_opencpop_0014,0.6476888356519224
france_u015,france_0100,1.865130263705602
france_u015,france_0004,1.187033310512358
france_u015,france_0052,0.5974135264588485
france_u015,france_0036,1.0590153704189924
france_u015,france_0032,1.1452859558931867
france_u015,france_0069,1.0480735482512276
france_u015,france_0083,1.975476014248585
france_u015,france_0067,1.8858730358498057
france_u015,france_0011,1.7748272524618063
france_u015,france_0001,0.8147837604336576
france_u015,france_0063,1.9685134942433364
france_u016,france_0053,0.9006435988148228
france_u016,france_0059,1.8918844816886995
france_u016,france_0003,2.216410283184237
france_u016,france_0080,0.8168100553007471
france_u016,france_0083,2.230450103075369
france_u016,france_0042,1.6009653184945538
france_u016,france_0097,1.6818641992516183
france_u016,france_0063,1.7996230022959534
france_u016,france_0013,1.7896050858616521
france_u016,france_0018,1.989174161620312
france_u016,france_0006,1.408983423574778
france_u016,france_0050,1.4950435634628594
france_u016,france_0016,1.1336015792493923
france_u016,france_0069,0.7565693492758768
france_u016,france_0004,1.7215043293477277
france_u016,france_0033,0.6329771968462827
france_u016,france_0085,1.0504704631188102
france_u016,france_0082,0.7375465161695228
france_u016,france_0065,0.9040043463816886
france_u016,france_0015,1.6768108247479818
france_u016,france_0094,1.6591221871034838
france_u016,france_0091,1.3013197249176032
france_u016,france_0001,0.7305466594443721
france_u016,france_0051,1.3225700058924794
france_u016,modern_english_pop_0063,0.9262055770086961
france_u016,modern_english_pop_0004,1.4226198563555323
france_u016,modern_english_pop_0110,1.2316859210687199
france_u016,modern_english_pop_0031,1.1136137859049486
france_u016,modern_english_pop_0080,1.1074258111117437
france_u016,modern_english_pop_0057,1.7545007978015654
france_u016,modern_english_pop_0117,1.4709971992996582
france_u016,modern_english_pop_0047,1.1209224066211727
france_u016,russia_0044,1.0969505274001197
france_u016,russia_0047,0.4857467867617007
france_u016,russia_0066,1.722387505481739
france_u016,russia_0019,0.880884861885895
france_u016,russia_0048,0.7955177605390041
france_u016,russia_0016,1.7992020492733565
france_u016,russia_0020,1.420231056531108
france_u016,france_0009,0.6567025089412717
france_u017,france_0058,1.947280971881572
france_u017,france_0081,1.5921028712616707
france_u017,france_0096,1.909890838275276
france_u017,france_0098,1.2524248510175935
france_u017,france_0066,0.631696731209659
france_u017,france_0011,0.775271306130185
france_u017,france_0002,0.6417964871200182
france_u017,france_0019,1.1424277970719496
france_u017,france_0017,1.429722563688477
france_u017,france_0049,1.1896476593082204
france_u017,france_0064,1.5420340944895263
france_u017,france_0090,1.4040507811500587
france_u017,china_opencpop_0045,1.3652227825163195
france_u017,china_opencpop_0035,1.3503989208105984
france_u017,china_opencpop_0014,0.8793865985967173
france_u017,china_opencpop_0034,0.9173895147374734
france_u017,china_opencpop_0039,1.2399495592157594
france_u017,china_opencpop_0000,1.2551838316526365
france_u017,china_opencpop_0020,0.8748448834101298
france_u017,china_opencpop_0013,0.895929145796824
france_u017,russia_0062,1.3869607678012985
france_u017,russia_0033,1.324004610882694
france_u017,russia_0067,0.6323185863176959
france_u017,russia_0012,1.0454065375617814
france_u017,russia_0005,1.6551532062592968
france_u017,russia_0045,0.4990126627410416
france_u017,russia_0025,1.6044713277536884
france_u017,russia_0040,0.6702905120365938
france_u017,france_0053,1.4500038909964599
france_u017,france_0021,1.3069803398921946
france_u017,france_0086,0.5924731069140164
france_u017,france_0033,2.154059716479615
france_u017,france_0092,1.3597460171516773
france_u017,france_0034,2.2211127774120607
france_u017,france_0079,1.0696332291891508
france_u017,france_0018,2.0693257091425523
france_u017,france_0032,2.1661220151424625
france_u017,france_0052,1.5355359182395965
france_u017,france_0030,0.9246191840718126
france_u017,france_0050,1.7570518203823668
france_u018,france_0044,0.7239704385152541
france_u018,france_0031,2.090364468058079
france_u018,france_0046,2.169399834981575
france_u018,france_0068,1.992282661344671
france_u018,france_0035,1.545361008304063
france_u018,france_0043,1.5368575696914097
france_u018,france_0032,2.273447724636604
france_u018,france_0039,1.0026304149587904
france_u018,france_0078,0.706010931186483
france_u018,france_0030,1.5443480932120315
france_u018,france_0045,1.1421551562224281
france_u018,france_0026,1.1310343830938763
france_u018,france_0073,0.5872222359431604
france_u018,france_0100,1.6035129814701843
france_u018,france_0074,1.0304581364254342
france_u018,indonesia_fma_0017,0.7036090400601194
france_u018,indonesia_fma_0006,0.504583107380555
france_u018,indonesia_fma_0000,0.9418881282420752
france_u018,indonesia_fma_0018,1.6366079777217175
france_u018,indonesia_fma_0007,0.9045055902564527
france_u018,indonesia_fma_0013,1.3667501836614515
france_u018,indonesia_fma_0014,1.471338400592575
france_u018,indonesia_fma_0015,0.8929360924067694
france_u018,turkey_modern_0080,1.5592149922662557
france_u018,turkey_modern_0112,1.3840375405503813
france_u018,turkey_modern_0075,1.2049770087462846
france_u018,turkey_modern_0079,0.451339826468349
france_u018,turkey_modern_0094,0.497372533995791
france_u018,turkey_modern_0008,1.7876688895431856
france_u018,turkey_modern_0144,1.506083296729805
france_u018,turkey_modern_0019,1.7157130993434784
france_u018,france_0005,2.1314730284835974
france_u018,france_0054,0.6102641459212451
france_u018,france_0087,1.9409365748896021
france_u018,france_0089,1.3532264084192418
france_u018,france_0070,1.9369879019011307
france_u018,france_0034,0.5865847276818393
france_u018,france_0077,1.0721437945709733
france_u018,france_0024,1.8710335132399962
france_u018,france_0004,1.9429608603377422
france_u019,france_0006,1.9721404171526966
france_u019,france_0018,1.750367937110042
france_u019,france_0013,1.0546777185170395
france_u019,france_0012,2.2294015081879754
france_u019,france_0062,1.7950359099869628
france_u019,france_0063,2.2791946523739326
france_u019,france_0091,2.250425770563798
france_u019,france_0033,2.160119271847405
france_u019,france_0101,1.8780159086136554
france_u019,france_0022,1.6262656606572685
france_u019,france_0092,0.8719943948530443
france_u019,france_0065,1.512281195055982
france_u019,france_0083,1.8952745011302146
france_u019,france_0016,1.4734785987671044
france_u019,france_0097,2.0727124964997596
france_u019,france_0042,0.7641564261056795
france_u019,france_0059,1.2321221003838936
france_u019,france_0082,1.4477886220740588
france_u019,france_0080,1.3207611353742115
france_u019,france_0004,0.762311794992179
france_u019,france_0053,0.8398363072269877
france_u019,france_0051,2.019889830175715
france_u019,france_0060,1.410562847122503
france_u019,france_0015,0.6590461861484552
france_u019,india_saraga_0088,0.47226319961982743
france_u019,india_saraga_0000,1.0891917926923411
france_u019,india_saraga_0061,0.6719112799979989
france_u019,india_saraga_0039,1.4019200270989496
france_u019,india_saraga_0055,1.5236866744124642
france_u019,india_saraga_0064,0.7582005564170925
france_u019,india_saraga_0097,1.249438875590404
france_u019,india_saraga_0013,0.6585002687052711
france_u019,indonesia_fma_0012,0.8598365796524226
france_u019,indonesia_fma_0019,1.649873917144935
france_u019,indonesia_fma_0015,1.1845324235011196
france_u019,indonesia_fma_0005,1.6459497384446702
france_u019,indonesia_fma_0011,0.7540845356423345
france_u019,indonesia_fma_0010,0.8955328633856992
france_u019,indonesia_fma_0000,1.085785386916703
france_u019,indonesia_fma_0006,1.0981081015126328
france_u020,france_0068,1.410268312133111
france_u020,france_0030,1.9193917647555143
france_u020,france_0026,1.079725667489738
france_u020,france_0031,1.9616977270328066
france_u020,france_0046,1.1409227209176234
france_u020,france_0044,1.965333754615053
france_u020,france_0045,0.7247307647799976
france_u020,france_0035,0.6515853371707679
france_u020,france_0032,2.2959901467129433
france_u020,france_0074,2.0748135375798387
france_u020,france_0039,2.0979119434792017
france_u020,france_0073,2.215957909621415
france_u020,france_0078,1.3310956337399915
france_u020,france_0043,1.0697913318232626
france_u020,france_0100,0.7992931164058826
france_u020,germany_0030,1.1266323302769272
france_u020,germany_0057,0.7470652326434206
france_u020,germany_0021,1.7129936565980817
france_u020,germany_0032,0.45540426929775174
france_u020,germany_0022,0.6433155959532142
france_u020,germany_0056,0.7827424016626262
france_u020,germany_0078,0.7185915606508134
france_u020,germany_0023,0.754800889382609
france_u020,russia_0049,1.3356642668325909
france_u020,russia_0027,0.8921413057227514
france_u020,russia_0021,1.2802829155695539
france_u020,russia_0024,1.6518482104224934
france_u020,russia_0026,1.2634516334596977
france_u020,france_0011,1.773069064969008
france_u020,france_0034,1.2054931894318412
france_u020,france_0082,0.8505488566491732
france_u020,france_0040,1.128007507726088
france_u020,france_0066,2.2383875690145865
france_u020,france_0013,1.6476246381816615
france_u020,france_0080,1.0537066810236762
france_u020,france_0006,1.352828835854629
france_u020,france_0072,2.016259989568465
france_u020,france_0021,1.7280651594674592
france_u020,france_0076,1.542126150257815
france_u020,france_0003,2.1019059621933756
france_u021,france_0098,0.7968151782409756
france_u021,france_0017,1.2304972305364628
france_u021,france_0049,1.5682922687463539
france_u021,france_0096,1.195883865176789
france_u021,france_0081,1.6286723495537976
france_u021,france_0011,1.0860394185293019
france_u021,france_0090,1.1715921603873631
france_u021,france_0064,1.9389119455869512
france_u021,france_0058,2.090092910791905
france_u021,france_0002,1.1305087906410647
france_u021,france_0019,1.5608647573206014
france_u021,france_0066,1.0548299397141623
france_u021,italy_0012,0.5220017663050271
france_u021,italy_0000,1.446107194836551
france_u021,italy_0052,0.680854702368803
france_u021,italy_0062,1.0247119070583381
france_u021,italy_0059,1.1075114160618618
france_u021,italy_0022,0.6990366386417931
france_u021,italy_0069,0.577649723395585
france_u021,italy_0031,0.9198175698059454
france_u021,turkey_modern_0140,1.73558597519293
france_u021,turkey_modern_0112,1.2804330464843692
france_u021,turkey_modern_0038,0.9649038083439183
france_u021,turkey_modern_0044,0.5025296080451902
france_u021,turkey_modern_0035,1.2603689298779606
france_u021,turkey_modern_0125,0.574547815262753
france_u021,turkey_modern_0062,1.1824344959141606
france_u021,turkey_modern_0031,1.465133186166853
france_u021,france_0086,1.3056847258085063
france_u021,france_0007,1.0914848285585046
france_u021,france_0084,0.6567378033353575
france_u021,france_0039,0.6177418346537544
france_u021,france_0052,1.316795832638524
france_u021,france_0045,2.0987705919626194
france_u021,france_0024,0.9960082934182534
france_u021,france_0095,1.5652457474736416
france_u021,france_0015,1.755427538947589
france_u021,france_0006,0.6799315214398485
france_u021,france_0065,0.8390981482608254
france_u021,france_0023,1.1464524686487532
france_u022,france_0064,2.0867809450452666
france_u022,france_0002,1.1090113309017071
france_u022,france_0011,0.9204671819054969
france_u022,france_0098,0.7213808151322617
france_u022,france_0066,1.4573912106999418
france_u022,france_0049,1.3525223389865455
france_u022,france_0017,1.8710134494404214
france_u022,france_0058,1.3764394629079875
france_u022,france_0019,1.16808254639454
france_u022,france_0081,1.0263547294668285
france_u022,france_0090,1.0548031359357
france_u022,france_0096,2.175537630652979
france_u022,russia_0068,0.6728561128185466
france_u022,russia_0022,1.7840381731521529
france_u022,russia_0038,0.8913412645095035
france_u022,russia_0060,0.5693268178136216
france_u022,russia_0023,0.7857320140636177
france_u022,russia_0010,0.5288594123987352
france_u022,italy_0066,1.5165401883712866
france_u022,italy_0057,1.1419464319304926
france_u022,italy_0031,0.9049319354701812
france_u022,italy_0075,1.3437669662526095
france_u022,italy_0069,1.3013728100329323
france_u022,italy_0070,1.718827320457247
france_u022,italy_0012,1.7477016976103126
france_u022,italy_0074,1.368923097148297
france_u022,france_0082,1.9857324744961906
france_u022,france_0068,1.941933298078183
france_u022,france_0095,1.4224985939073271
france_u022,france_0080,1.790190546857644
france_u022,france_0022,0.7099967882541585
france_u022,france_0044,1.8825863684342792
france_u022,france_0079,2.234161937406834
france_u022,france_0091,0.7215814491418987
france_u022,france_0045,2.017299728420949
france_u022,france_0071,2.184390545969993
france_u022,france_0051,0.9651758349085571
france_u022,france_0104,1.4802992986258763
france_u022,france_0025,2.175555438923655
france_u022,france_0015,2.2313898578021196
france_u023,france_0076,1.1405275170221867
france_u023,france_0089,2.1889217066603037
france_u023,france_0072,1.6520248728272164
france_u023,france_0084,1.3959489497842361
france_u023,france_0036,1.6460900009970032
france_u023,france_0054,1.288705510600258
france_u023,france_0027,1.386064421275203
france_u023,france_0061,1.0757834678207314
france_u023,france_0056,1.3337469435205869
france_u023,france_0086,1.7576466009553955
france_u023,france_0057,0.6438998207741593
france_u023,france_0041,1.946422277585867
france_u023,france_0040,1.0631397079857645
france_u023,france_0088,1.752415643671062
france_u023,france_0005,1.6837011678231033
france_u023,france_0075,1.7007833847687517
france_u023,france_0007,1.62402238054126
france_u023,france_0010,2.2294506706699475
france_u023,france_0014,1.4518936806495493
france_u023,france_0052,1.8382504742639811
france_u023,france_0104,1.7919000963796463
france_u023,france_0009,0.9825615708051199
france_u023,france_0025,1.063702572597274
france_u023,france_0028,1.3064294943207695
france_u023,turkey_modern_0063,0.8248922061253324
france_u023,turkey_modern_0045,0.9451031835554455
france_u023,turkey_modern_0148,0.977796828803213
france_u023,turkey_modern_0008,1.2652171572667643
france_u023,turkey_modern_0058,0.7468515576923332
france_u023,turkey_modern_0031,1.535794018933528
france_u023,turkey_modern_0080,1.0406740816415312
france_u023,turkey_modern_0105,1.4034295507723833
france_u023,germany_0048,0.5599473496751042
france_u023,germany_0027,1.0844532820678952
france_u023,germany_0013,0.4880963684393932
france_u023,germany_0070,1.3624784889510124
france_u023,germany_0031,0.9140086039460439
france_u023,france_0038,2.2124611043325544
france_u023,france_0059,1.1341142701874483
france_u023,france_0074,1.5475651740805787
germany_u000,germany_0001,1.989301835138984
germany_u000,germany_0018,1.4570027696368988
germany_u000,germany_0008,1.3935644038491115
germany_u000,germany_0071,2.067869950948123
germany_u000,germany_0073,1.2414950400565454
germany_u000,germany_0043,1.2579493713452112
germany_u000,germany_0051,1.1009720706164803
germany_u000,germany_0061,1.4697604813082137
germany_u000,germany_0075,1.5148663081143197
germany_u000,germany_0053,1.7142954756605382
germany_u000,germany_0047,1.317616484939009
germany_u000,germany_0010,0.9507693284992088
germany_u000,germany_0077,2.070302557663936
germany_u000,germany_0069,1.1718514959855748
germany_u000,germany_0012,2.167077399224301
germany_u000,germany_0017,0.9326844994706361
germany_u000,germany_0065,1.5410991465074975
germany_u000,germany_0020,1.500661036338305
germany_u000,germany_0040,2.0044175376740667
germany_u000,germany_0067,0.8145186421451812
germany_u000,germany_0055,2.1446416232826206
germany_u000,germany_0049,1.4917135969968207
germany_u000,germany_0074,1.5860386872522818
germany_u000,germany_0052,1.455036855938648
germany_u000,great_britain_0024,0.4986336242289598
germany_u000,great_britain_0089,1.1210723934389075
germany_u000,great_britain_0094,0.8057920446139373
germany_u000,great_britain_0100,0.9126290435100723
germany_u000,great_britain_0103,1.326287158902639
germany_u000,great_britain_0098,1.1218911247900432
germany_u000,great_britain_0073,0.5758445871010717
germany_u000,great_britain_0027,0.5486057209283746
germany_u000,france_0053,0.7006378890834499
germany_u000,france_0091,0.707694947872502
germany_u000,france_0063,1.2712060219113426
germany_u000,france_0065,0.6900495264614828
germany_u000,france_0006,1.6403212214209404
germany_u000,france_0060,0.7331768918281079
germany_u000,france_0042,0.5730274513256165
germany_u000,france_0015,1.6322571220855233
germany_u001,germany_0027,2.293557233570005
germany_u001,germany_0013,2.2648473999393963
germany_u001,germany_0031,1.304824016368065
germany_u001,germany_0048,0.7141736527652971
germany_u001,germany_0070,1.1331641792551002
germany_u001,great_britain_0015,0.7709144067508193
germany_u001,great_britain_0096,0.4690708761283037
germany_u001,great_britain_0104,0.5785653738893068
germany_u001,great_britain_0097,1.0618091123162392
germany_u001,great_britain_0034,0.908544326135801
germany_u001,great_britain_0057,0.6934775242065522
germany_u001,great_britain_0021,1.4167349603893087
germany_u001,great_britain_0012,0.932106054460435
germany_u001,modern_english_pop_0050,1.6000216052578349
germany_u001,modern_english_pop_0031,0.7753191663552084
germany_u001,modern_english_pop_0010,1.1768312116169435
germany_u001,modern_english_pop_0112,0.6985879431513964
germany_u001,modern_english_pop_0039,1.1186558321208866
germany_u001,modern_english_pop_0078,0.6558297871208214
germany_u001,modern_english_pop_0040,0.6681311429015546
germany_u001,modern_english_pop_0108,1.2765015590067212
germany_u001,germany_0049,1.0300309227531976
germany_u001,germany_0056,0.8723334658233265
germany_u001,germany_0090,2.178850231483001
germany_u001,germany_0066,0.649180607526588
germany_u001,germany_0101,1.5498804944004052
germany_u001,germany_0061,1.5207551271623825
germany_u001,germany_0014,1.007300308345278
germany_u001,germany_0072,1.3560312603196105
germany_u001,germany_0012,0.7263476758175462
germany_u001,germany_0005,1.8191910017187025
germany_u001,germany_0019,0.95742758095002
germany_u001,germany_0052,0.908589745700809
germany_u001,germany_0018,1.1181653750286926
germany_u001,germany_0055,2.1315881124539198
germany_u001,germany_0103,1.9489049682891109
germany_u001,germany_0006,2.2083892022057316
germany_u001,germany_0084,1.6996350469070722
germany_u001,germany_0067,1.718539606530351
germany_u001,germany_0098,1.403053474010224
germany_u002,germany_0028,2.1449046878745928
germany_u002,germany_0030,0.8872419924060473
germany_u002,germany_0022,1.2526797715870126
germany_u002,germany_0057,1.6912799094269018
germany_u002,germany_0056,1.2989110725963893
germany_u002,germany_0021,0.8765626743026337
germany_u002,germany_0023,0.6251485344411748
germany_u002,germany_0025,1.2763817978858858
germany_u002,germany_0078,1.6948855708538124
germany_u002,germany_0037,1.565122759063043
germany_u002,germany_0024,0.8445161385871081
germany_u002,germany_0032,1.352446190671242
germany_u002,turkey_modern_0078,0.9487859123446912
germany_u002,turkey_modern_0107,0.8201732430960899
germany_u002,turkey_modern_0098,1.4345161792115253
germany_u002,turkey_modern_0071,0.8680302405366989
germany_u002,turkey_modern_0111,1.1791916356495895
germany_u002,turkey_modern_0100,1.6963517726139825
germany_u002,turkey_modern_0135,1.1780225760423364
germany_u002,turkey_modern_0019,1.282980928716757
germany_u002,italy_0030,0.5488820813261944
germany_u002,italy_0009,0.6904810940513441
germany_u002,italy_0046,0.5862841190524533
germany_u002,germany_0080,1.894302335913824
germany_u002,germany_0096,2.0169638645815526
germany_u002,germany_0052,0.8966353807606464
germany_u002,germany_0086,0.953243770342332
germany_u002,germany_0048,1.1325325743750503
germany_u002,germany_0033,1.594608889245366
germany_u002,germany_0034,1.6475984343050336
germany_u002,germany_0062,1.7596505784840142
germany_u002,germany_0044,2.136457504468223
germany_u002,germany_0064,1.0839442423565282
germany_u002,germany_0045,1.7113592563816877
germany_u002,germany_0013,1.5405219089665187
germany_u002,germany_0010,1.1025692397116782
germany_u002,germany_0015,2.1402911968740863
germany_u002,germany_0035,0.7397088856296501
germany_u002,germany_0103,1.8032017712852886
germany_u002,germany_0084,1.8305821549639882
germany_u003,germany_0013,1.2920448831186038
germany_u003,germany_0031,1.0062271506991778
germany_u003,germany_0027,1.5027574382715791
germany_u003,germany_0048,1.3305961976920118
germany_u003,germany_0070,1.3926232159751817
germany_u003,russia_0017,1.2341763203891156
germany_u003,russia_0055,0.45853827377364276
germany_u003,russia_0012,1.6753894697768705
germany_u003,russia_0045,0.5459679858758598
germany_u003,russia_0062,1.0587484088765926
germany_u003,russia_0067,0.729953381573165
germany_u003,russia_0040,1.1571061986493316
germany_u003,russia_0033,0.8283106468761361
germany_u003,indonesia_gamelan_0042,1.6110087723845152
germany_u003,indonesia_gamelan_0002,0.9850857758492673
germany_u003,indonesia_gamelan_0019,1.3123200002873905
germany_u003,indonesia_gamelan_0021,0.7859876329996366
germany_u003,indonesia_gamelan_0008,0.47619830316692363
germany_u003,indonesia_gamelan_0049,0.9956086230779227
germany_u003,indonesia_gamelan_0032,1.1742567609036918
germany_u003,indonesia_gamelan_0051,1.070388654203363
germany_u003,germany_0007,2.2344747775875335
germany_u003,germany_0079,1.7942975748843988
germany_u003,germany_0069,2.2925304060788068
germany_u003,germany_0094,1.0839786557916016
germany_u003,germany_0050,1.9361169073223279
germany_u003,germany_0051,1.5333383565179088
germany_u003,germany_0064,1.6302866114236614
germany_u003,germany_0057,2.275596770763015
germany_u003,germany_0034,1.7031279195706768
germany_u003,germany_0040,2.1254591392811832
germany_u003,germany_0004,1.826919154890701
germany_u003,germany_0011,0.7947410599751937
germany_u003,germany_0018,1.781505900305989
germany_u003,germany_0075,1.4104443904824562
germany_u003,germany_0049,2.1599265378945405
germany_u003,germany_0056,1.966789421403535
germany_u003,germany_0012,0.7546323361224635
germany_u003,germany_0001,0.8060044853023883
germany_u003,germany_0088,0.6950789781025946
germany_u004,germany_0097,1.0162216271581133
germany_u004,germany_0094,2.2589464910177037
germany_u004,germany_0091,0.6315062222048742
germany_u004,germany_0096,1.8382492782394808
germany_u004,germany_0081,1.908419870180212
germany_u004,germany_0084,0.6908557678270328
germany_u004,germany_0086,0.8714746532990814
germany_u004,germany_0087,1.2379289869543266
germany_u004,germany_0026,2.0725670757626418
germany_u004,germany_0083,1.5013248937719115
germany_u004,germany_0080,1.7054043162625758
germany_u004,germany_0082,1.9256971411630535
germany_u004,germany_0099,2.0035118098822218
germany_u004,germany_0085,1.3965908368193498
germany_u004,germany_0102,1.4526681643842552
germany_u004,germany_0058,1.8135601034764195
germany_u004,germany_0104,1.0292655688189556
germany_u004,germany_0095,2.0489947952305294
germany_u004,germany_0093,0.6108572722208266
germany_u004,germany_0000,0.912706013811775
germany_u004,germany_0088,1.9553449017379678
germany_u004,germany_0103,1.1619454155148596
germany_u004,germany_0035,0.8334616363942278
germany_u004,germany_0100,0.8971519536021707
germany_u004,indonesia_fma_0016,1.1665211426136939
germany_u004,indonesia_fma_0001,1.5923450646157336
germany_u004,indonesia_fma_0006,0.5453784662909994
germany_u004,indonesia_fma_0012,0.4911492273182767
germany_u004,indonesia_fma_0002,1.0779769833797381
germany_u004,indonesia_fma_0019,1.7408530103224067
germany_u004,indonesia_fma_0018,0.8266632346090707
germany_u004,indonesia_fma_0007,1.7448802277405153
germany_u004,russia_0010,1.6483695883965017
germany_u004,russia_0068,0.83223235312314
germany_u004,russia_0060,1.5528798867457982
germany_u004,russia_0038,1.3759208584679052
germany_u004,russia_0023,1.1409602250214221
germany_u004,russia_0022,1.020936793107881
germany_u004,germany_0075,1.9817422539714127
germany_u004,germany_0015,1.9430620213989114
germany_u005,germany_0027,1.6573445054352356
germany_u005,germany_0013,1.4726126957904322
germany_u005,germany_0048,1.9516181396942323
germany_u005,germany_0031,1.021067527559689
germany_u005,germany_0070,1.9890489819870703
germany_u005,china_opencpop_0022,0.45413249156652546
germany_u005,china_opencpop_0043,1.286564438883219
germany_u005,china_opencpop_0001,1.7119221539118017
germany_u005,china_opencpop_0018,1.5136109352457245
germany_u005,china_opencpop_0037,1.6024061593989352
germany_u005,china_opencpop_0041,0.9858888384815258
germany_u005,china_opencpop_0014,1.5627225772351705
germany_u005,china_opencpop_0044,1.19362274779086
germany_u005,modern_english_pop_0069,1.2850293192793187
germany_u005,modern_english_pop_0110,0.5295357081033347
germany_u005,modern_english_pop_0104,0.7220947911854294
germany_u005,modern_english_pop_0004,1.1938019609432962
germany_u005,modern_english_pop_0014,0.5293814280617218
germany_u005,modern_english_pop_0089,1.4509531888934128
germany_u005,modern_english_pop_0018,1.5840769615045671
germany_u005,modern_english_pop_0108,1.6924891877479866
germany_u005,germany_0103,0.7505505920851651
germany_u005,germany_0061,2.19601742783933
germany_u005,germany_0078,0.6916445131605338
germany_u005,germany_0072,1.3927469724754813
germany_u005,germany_0006,2.024433010582975
germany_u005,germany_0032,0.6962867140236855
germany_u005,germany_0102,0.6064486009059967
germany_u005,germany_0007,0.6180348147689724
germany_u005,germany_0017,1.4569411630271578
germany_u005,germany_0056,1.9750043844292433
germany_u005,germany_0097,0.7948110076002344
germany_u005,germany_0005,0.7899526882872075
germany_u005,germany_0020,1.5557433249608905
germany_u005,germany_0022,0.9791599114005682
germany_u005,germany_0040,1.8346186931249073
germany_u005,germany_0090,2.2131210446048932
germany_u005,germany_0050,1.8964076263857124
germany_u005,germany_0100,2.0881275070036307
germany_u005,germany_0045,1.4712859493111312
germany_u006,germany_0025,1.5789478014115799
germany_u006,germany_0022,0.9217528564687908
germany_u006,germany_0021,1.886510234450828
germany_u006,germany_0037,1.4701550007926933
germany_u006,germany_0032,1.702106719150278
germany_u006,germany_0030,1.1948598335868454
germany_u006,germany_0024,1.3324432932465984
germany_u006,germany_0056,0.8860901196967752
germany_u006,germany_0023,1.879989871688213
germany_u006,germany_0028,0.8458445341618409
germany_u006,germany_0078,1.9175719759455807
germany_u006,germany_0057,1.9515635496759107
germany_u006,india_saraga_0102,1.4579113014744143
germany_u006,india_saraga_0064,0.4762207638792995
germany_u006,india_saraga_0094,0.8187298370190093
germany_u006,india_saraga_0105,1.0822559527689486
germany_u006,india_saraga_0092,1.2539849112676742
germany_u006,india_saraga_0079,1.6909498341482176
germany_u006,india_saraga_0067,0.9570680623737482
germany_u006,india_saraga_0054,1.631281480344838
germany_u006,russia_0070,0.6706295389847294
germany_u006,russia_0050,0.9512286581366465
germany_u006,russia_0009,0.5205807146087861
germany_u006,russia_0069,1.45236054292509
germany_u006,russia_0007,0.6533812225344325
germany_u006,russia_0094,0.796977021125418
germany_u006,russia_0076,1.49656489046084
germany_u006,russia_0001,1.1718675685206585
germany_u006,germany_0035,0.5991029409968479
germany_u006,germany_0081,0.5788557281892601
germany_u006,germany_0070,1.4558895897513224
germany_u006,germany_0020,1.101048261217361
germany_u006,germany_0038,0.8860372443416805
germany_u006,germany_0088,1.6334495425602913
germany_u006,germany_0096,0.9690529137125616
germany_u006,germany_0019,1.5965573332065348
germany_u006,germany_0055,1.2292337647613205
germany_u006,germany_0016,0.8971372254803872
germany_u006,germany_0002,0.8132306728235914
germany_u006,germany_0071,0.9835845403945718
germany_u007,germany_0039,0.9811946689430269
germany_u007,germany_0041,2.1371900099414165
germany_u007,germany_0029,1.0556135646340974
germany_u007,germany_0089,1.6926273622161427
germany_u007,germany_0060,0.6448606920850594
germany_u007,germany_0033,1.4300031061439258
germany_u007,germany_0050,1.7041331918312435
germany_u007,germany_0064,1.5001516157090342
germany_u007,germany_0004,0.9852660389210897
germany_u007,germany_0002,2.004157235762154
germany_u007,germany_0079,2.2484854818859645
germany_u007,germany_0059,1.3671132650688125
germany_u007,germany_0007,1.6719607324514625
germany_u007,germany_0098,1.9384628878961125
germany_u007,germany_0036,0.9915686295725946
germany_u007,germany_0034,2.066176908827155
germany_u007,germany_0101,1.0583465616597456
germany_u007,germany_0038,1.9133081360637867
germany_u007,germany_0072,0.768371175935578
germany_u007,germany_0005,1.0724670633894426
germany_u007,germany_0042,1.495494386046272
germany_u007,germany_0090,1.4804906150899435
germany_u007,germany_0062,2.041993793238982
germany_u007,germany_0092,2.293319519426597
germany_u007,great_britain_0084,0.5947346419111899
germany_u007,great_britain_0093,0.8163739793138
germany_u007,great_britain_0018,0.9327575838011524
germany_u007,great_britain_0068,1.0965398505435069
germany_u007,great_britain_0008,1.1167781532584389
germany_u007,china_opencpop_0032,1.6058633352503624
germany_u007,china_opencpop_0016,1.4902550587598848
germany_u007,china_opencpop_0046,0.475449631701237
germany_u007,china_opencpop_0047,1.0642793767873038
germany_u007,china_opencpop_0030,1.28439968162952
germany_u007,china_opencpop_0019,1.0715340425755817
germany_u007,china_opencpop_0017,0.6263710956346982
germany_u007,china_opencpop_0036,0.9865900129823751
germany_u007,germany_0017,1.2851060740987947
germany_u007,germany_0035,0.8988099662258339
germany_u007,germany_0070,1.8796297724623947
germany_u008,germany_0067,0.6965943967406854
germany_u008,germany_0010,1.7536521600434487
germany_u008,germany_0015,0.5778132121615168
germany_u008,germany_0018,1.7406661824419822
germany_u008,germany_0043,1.0068996332574447
germany_u008,germany_0065,1.8620298003233393
germany_u008,germany_0016,1.90281903867987
germany_u008,germany_0008,1.824084986960253
germany_u008,germany_0074,0.6172339365316278
germany_u008,germany_0055,1.7889456688855003
germany_u008,germany_0040,2.2830011842461913
germany_u008,germany_0053,0.9935287607066995
germany_u008,germany_0017,1.0480615370887088
germany_u008,germany_0051,1.9783332980264303
germany_u008,germany_0052,0.851684488721739
germany_u008,germany_0047,1.7145068402453512
germany_u008,germany_0049,1.8774205011884977
germany_u008,germany_0077,0.6391021416383911
germany_u008,germany_0020,1.530239612607515
germany_u008,germany_0012,1.568388270974398
germany_u008,germany_0061,1.0984389980008449
germany_u008,germany_0014,2.086694554710717
germany_u008,germany_0071,0.8557432657922522
germany_u008,germany_0075,1.2032358738976092
germany_u008,great_britain_0073,1.5957027276488946
germany_u008,great_britain_0100,0.7073677214180899
germany_u008,great_britain_0061,1.5588550840423612
germany_u008,great_britain_0027,0.5567433894467402
germany_u008,great_britain_0019,1.1104592407064866
germany_u008,great_britain_0094,0.5516963943016997
germany_u008,great_britain_0083,1.3651698398330443
germany_u008,great_britain_0007,1.5173120102250603
germany_u008,modern_english_pop_0016,1.597309040133184
germany_u008,modern_english_pop_0041,1.7747040385043849
germany_u008,modern_english_pop_0061,1.3572212251044422
germany_u008,modern_english_pop_0056,1.4882335836840275
germany_u008,modern_english_pop_0111,1.1327736757337947
germany_u008,modern_english_pop_0032,1.6821948165945204
germany_u008,modern_english_pop_0077,1.3190738159692745
germany_u008,modern_english_pop_0084,1.6427943984393136
germany_u009,germany_0037,1.346418214493098
germany_u009,germany_0078,1.137287214794347
germany_u009,germany_0025,1.042947775421285
germany_u009,germany_0028,1.6936837147488626
germany_u009,germany_0022,0.6664808411340007
germany_u009,germany_0030,1.1621275172910341
germany_u009,germany_0032,1.7648221412473188
germany_u009,germany_0056,0.8783408175097351
germany_u009,germany_0021,0.9561005623172738
germany_u009,germany_0024,0.9211499288372825
germany_u009,germany_0057,0.5765975341116735
germany_u009,germany_0023,1.3922493719094629
germany_u009,russia_0033,0.5025943657117663
germany_u009,russia_0067,0.8184687458961152
germany_u009,russia_0017,1.7929846231991617
germany_u009,russia_0040,1.6898348853769047
germany_u009,russia_0062,0.7403523410110512
germany_u009,russia_0012,0.8685032830838092
germany_u009,russia_0055,1.0760011860625445
germany_u009,russia_0025,1.5899582879899787
germany_u009,france_0070,1.533572020880673
germany_u009,france_0077,0.620425939364481
germany_u009,france_0000,0.6180059452702754
germany_u009,france_0024,1.0125885427569603
germany_u009,france_0071,1.6246287759785925
germany_u009,france_0021,1.6408147487789282
germany_u009,france_0029,0.5949438970768157
germany_u009,france_0047,1.2253013387534948
germany_u009,germany_0051,0.8435397150408197
germany_u009,germany_0093,1.7585730597548002
germany_u009,germany_0018,2.1558473526773634
germany_u009,germany_0066,1.3594770295203988
germany_u009,germany_0063,0.7183177863437887
germany_u009,germany_0094,1.574213487918091
germany_u009,germany_0102,1.2796912559843492
germany_u009,germany_0055,1.9738003477760813
germany_u009,germany_0010,1.1620942002730186
germany_u009,germany_0029,2.0841976708152163
germany_u009,germany_0077,1.0471332031700038
germany_u009,germany_0067,0.8467179219079831
germany_u010,germany_0076,0.9992251972662596
germany_u010,germany_0011,1.630518221815069
germany_u010,germany_0066,2.129537948203857
germany_u010,germany_0019,1.5529528476259682
germany_u010,germany_0046,0.9092922570324118
germany_u010,germany_0044,1.169721684591271
germany_u010,germany_0068,1.5933868823925137
germany_u010,germany_0054,1.4489042160857473
germany_u010,germany_0006,0.8313692175776589
germany_u010,germany_0063,1.3457236945912314
germany_u010,germany_0009,1.5117900487201783
germany_u010,india_saraga_0076,0.8108991645177229
germany_u010,india_saraga_0037,1.2768014457088002
germany_u010,india_saraga_0104,0.5447161343050333
germany_u010,india_saraga_0080,0.9044194953134477
germany_u010,india_saraga_0105,1.5357737242497254
germany_u010,india_saraga_0002,0.8000344812260098
germany_u010,india_saraga_0034,1.2669887475041555
germany_u010,india_saraga_0075,1.0035401135089212
germany_u010,great_britain_0032,0.8772211922605831
germany_u010,great_britain_0090,1.6867777786785363
germany_u010,great_britain_0030,0.9134033194085177
germany_u010,great_britain_0041,0.7695124670074748
germany_u010,great_britain_0095,1.6775567761143653
germany_u010,great_britain_0057,1.45702488051335
germany_u010,great_britain_0023,1.3704296134925664
germany_u010,great_britain_0031,0.5168721717902823
germany_u010,germany_0096,0.8013285572347133
germany_u010,germany_0038,1.6761364375716683
germany_u010,germany_0028,0.9362716430077987
germany_u010,germany_0043,0.9642255252123694
germany_u010,germany_0035,1.9190139389677283
germany_u010,germany_0097,1.068220536743726
germany_u010,germany_0085,0.6984880962120551
germany_u010,germany_0047,0.6378451091095103
germany_u010,germany_0023,1.3394820279981214
germany_u010,germany_0079,1.6395467965060142
germany_u010,germany_0075,2.07382702760086
germany_u010,germany_0091,0.7661375814313026
germany_u010,germany_0049,0.914260625347311
germany_u011,germany_0079,1.0480464436233894
germany_u011,germany_0089,2.223034325022329
germany_u011,germany_0060,1.119809311777629
germany_u011,germany_0034,0.8880089353949852
germany_u011,germany_0029,0.8984917453370592
germany_u011,germany_0072,1.401642881507362
germany_u011,germany_0090,2.0285699401566726
germany_u011,germany_0064,1.8825530448550225
germany_u011,germany_0092,1.3285697130026606
germany_u011,germany_0098,0.9350538739287569
germany_u011,germany_0003,0.6544619526762796
germany_u011,germany_0036,1.373037301107711
germany_u011,germany_0002,1.9804874761938804
germany_u011,germany_0039,1.833701438950191
germany_u011,germany_0038,1.2798363241570065
germany_u011,germany_0007,1.6008621090578603
germany_u011,germany_0050,1.3275252486322255
germany_u011,germany_0101,1.5738027893880564
germany_u011,germany_0004,1.467696546578872
germany_u011,germany_0059,1.749667385215899
germany_u011,germany_0042,1.4507977550946387
germany_u011,germany_0033,2.1975539718390382
germany_u011,germany_0062,1.3133486132284087
germany_u011,germany_0041,0.6024556227435013
germany_u011,indonesia_fma_0011,0.7691042728021291
germany_u011,indonesia_fma_0006,1.1258192584439857
germany_u011,indonesia_fma_0005,1.1797720000496938
germany_u011,indonesia_fma_0012,1.1957194655712722
germany_u011,indonesia_fma_0018,1.414645332664611
germany_u011,indonesia_fma_0014,0.8207749925336626
germany_u011,indonesia_fma_0004,1.3476199667059943
germany_u011,indonesia_fma_0001,1.4004435687109373
germany_u011,france_0021,1.0052290160381157
germany_u011,france_0077,0.9929282838475347
germany_u011,france_0095,0.6915484606362072
germany_u011,france_0029,1.0088829579447547
germany_u011,france_0071,1.5122019938044668
germany_u011,france_0024,1.6771135574923435
germany_u011,france_0047,1.2513778082792533
germany_u011,france_0070,0.8541499635283033
germany_u012,germany_0065,1.5832126383773197
germany_u012,germany_0052,1.4708164902920686
germany_u012,germany_0049,1.5313738055943127
germany_u012,germany_0069,0.9577786148568456
germany_u012,germany_0017,1.7487435803844869
germany_u012,germany_0043,1.2434384238043752
germany_u012,germany_0010,1.2019819890342835
germany_u012,germany_0040,0.8332915092601791
germany_u012,germany_0008,1.60454440209952
germany_u012,germany_0077,1.6145961081927238
germany_u012,germany_0071,1.1620186103247614
germany_u012,germany_0061,2.058241348093046
germany_u012,germany_0047,2.0334148752841137
germany_u012,germany_0020,0.7631186786821939
germany_u012,germany_0075,1.7739412189721089
germany_u012,germany_0001,1.2543649544191635
germany_u012,germany_0067,2.29950811808349
germany_u012,germany_0073,0.9631657612060253
germany_u012,germany_0074,1.0589042543399942
germany_u012,germany_0045,1.33763335810863
germany_u012,germany_0051,1.0385336314741438
germany_u012,germany_0014,1.768688557016737
germany_u012,germany_0016,1.404566493513054
germany_u012,germany_0018,0.9560159901154568
germany_u012,italy_0054,1.1336049938068598
germany_u012,italy_0074,1.649863484592802
germany_u012,italy_0021,1.5197341232475714
germany_u012,italy_0068,1.1234190479762085
germany_u012,italy_0034,0.8394650142416294
germany_u012,italy_0075,0.6928467273484126
germany_u012,italy_0000,1.6358168842023089
germany_u012,italy_0053,1.40872536967324
germany_u012,turkey_modern_0058,1.2224204592490688
germany_u012,turkey_modern_0034,1.6372367720374525
germany_u012,turkey_modern_0086,0.6142818879550208
germany_u012,turkey_modern_0016,1.3713605361027923
germany_u012,turkey_modern_0137,0.7425616217578632
germany_u012,turkey_modern_0065,0.6127795453715824
germany_u012,turkey_modern_0042,1.0785714885093598
germany_u012,turkey_modern_0030,0.9729804551818775
germany_u013,germany_0037,2.2666044746209644
germany_u013,germany_0057,0.967932904408078
germany_u013,germany_0021,0.9832799062059571
germany_u013,germany_0056,2.0562111328346653
germany_u013,germany_0024,0.994150611885863
germany_u013,germany_0028,1.197557318772463
germany_u013,germany_0078,1.8077542780338214
germany_u013,germany_0023,0.8488413008359665
germany_u013,germany_0030,0.8493987770774413
germany_u013,germany_0022,1.4139682801349174
germany_u013,germany_0032,0.9953769010514537
germany_u013,germany_0025,0.9815099733565829
germany_u013,turkey_modern_0031,0.46247254391499215
germany_u013,turkey_modern_0121,0.9501069481172296
germany_u013,turkey_modern_0043,0.8796382487348444
germany_u013,turkey_modern_0095,0.4920603446160051
germany_u013,turkey_modern_0070,1.2886647905884459
germany_u013,turkey_modern_0053,1.295984495704528
germany_u013,turkey_modern_0106,0.5455806368944395
germany_u013,turkey_modern_0047,0.8780061099277617
germany_u013,russia_0063,1.6282874681937871
germany_u013,russia_0061,1.235925542130181
germany_u013,russia_0039,1.0061658774161837
germany_u013,russia_0032,1.0778876034265295
germany_u013,russia_0018,0.7311779924883369
germany_u013,russia_0011,1.5460400259557028
germany_u013,russia_0046,1.6839063523588063
germany_u013,russia_0053,1.6793964570375588
germany_u013,germany_0064,0.9612868256692167
germany_u013,germany_0004,1.111026961914388
germany_u013,germany_0053,0.8520742865464509
germany_u013,germany_0060,1.1049219555157401
germany_u013,germany_0100,1.1490892669114854
germany_u013,germany_0020,1.667107396436496
germany_u013,germany_0096,0.9021400081705149
germany_u013,germany_0065,2.1609596945343577
germany_u013,germany_0093,0.7528465858971596
germany_u013,germany_0055,0.5868645690342246
germany_u013,germany_0084,2.0497803468876694
germany_u013,germany_0102,1.7890029183964355
germany_u014,germany_0081,1.6358538910881377
germany_u014,germany_0084,0.9168453710987013
germany_u014,germany_0104,2.1201356960073805
germany_u014,germany_0087,0.9029152062659469
germany_u014,germany_0080,2.1007883532075136
germany_u014,germany_0099,1.8911582145994854
germany_u014,germany_0000,0.9902815948292345
germany_u014,germany_0088,0.8350336868262613
germany_u014,germany_0082,1.1205014250712555
germany_u014,germany_0091,1.2614647268162236
germany_u014,germany_0086,0.9989785669606428
germany_u014,germany_0035,2.29808792160138
germany_u014,germany_0026,0.9711502800132772
germany_u014,germany_0100,2.007845076545428
germany_u014,germany_0085,0.8494781137310655
germany_u014,germany_0095,2.265921978601009
germany_u014,germany_0058,0.9640279655383214
germany_u014,germany_0083,1.3024127570016966
germany_u014,germany_0103,1.5385230151746387
germany_u014,germany_0102,0.7824928586442609
germany_u014,germany_0096,1.9840146164014496
germany_u014,germany_0093,1.0488325438744313
germany_u014,germany_0094,1.5224905802628699
germany_u014,germany_0097,1.523118323445851
germany_u014,great_britain_0026,1.2635648806398099
germany_u014,great_britain_0054,0.5249060818078248
germany_u014,great_britain_0017,0.6776353284726166
germany_u014,great_britain_0044,0.6676095279465416
germany_u014,great_britain_0040,0.8577692002114
germany_u014,great_britain_0082,0.6456341117587588
germany_u014,great_britain_0050,1.694593783045291
germany_u014,great_britain_0102,1.142488508190256
germany_u014,italy_0065,1.291826449398624
germany_u014,italy_0071,0.9326090367874631
germany_u014,italy_0037,0.8229322903957805
germany_u014,italy_0057,1.1292891798134874
germany_u014,italy_0012,0.8473360160270255
germany_u014,italy_0000,0.9139219997351817
germany_u014,italy_0054,1.0612136802656573
germany_u014,italy_0047,1.13274047769888
germany_u015,germany_0070,2.1730255689338613
germany_u015,germany_0048,1.612531498175977
germany_u015,germany_0031,1.897560238320693
germany_u015,germany_0027,0.6677613740057581
germany_u015,germany_0013,1.4481055684800264
germany_u015,italy_0035,1.2905500600090716
germany_u015,italy_0087,0.8642256838283342
germany_u015,italy_0085,1.0327277809366913
germany_u015,italy_0084,1.1983024826274575
germany_u015,italy_0086,1.1959397186935228
germany_u015,italy_0080,0.5065130592992315
germany_u015,italy_0010,1.0433003848815046
germany_u015,italy_0088,0.7386545089695117
germany_u015,russia_0000,1.6875383554152223
germany_u015,russia_0090,1.768382986666501
germany_u015,russia_0070,0.8545233100752933
germany_u015,russia_0103,0.6865002862889293
germany_u015,russia_0094,0.7463306037802632
germany_u015,russia_0095,1.0949655447264877
germany_u015,russia_0091,1.630582558802791
germany_u015,russia_0051,1.1250488901658133
germany_u015,germany_0077,0.6705513064588884
germany_u015,germany_0001,0.6438026646801733
germany_u015,germany_0102,0.9672493811994136
germany_u015,germany_0029,2.028780453876265
germany_u015,germany_0081,1.6470539617481232
germany_u015,germany_0067,1.5461022977813528
germany_u015,germany_0089,1.1252225472050577
germany_u015,germany_0096,2.178258823704673
germany_u015,germany_0061,1.1462824725596785
germany_u015,germany_0058,2.015279111826333
germany_u015,germany_0055,2.1204335685083997
germany_u015,germany_0086,1.4087528977978356
germany_u015,germany_0090,2.1176489898542807
germany_u015,germany_0022,1.0524856707495562
germany_u015,germany_0056,1.7107976601661508
germany_u015,germany_0002,0.7267374662045663
germany_u015,germany_0080,1.3925365193093793
germany_u015,germany_0063,0.9498973587231501
germany_u015,germany_0021,0.6832666544302899
germany_u016,germany_0040,1.3392646988931487
germany_u016,germany_0074,1.1692708691437683
germany_u016,germany_0010,1.8744590869036468
germany_u016,germany_0045,1.5114581469644175
germany_u016,germany_0001,1.0188505289349274
germany_u016,germany_0049,0.8719723515727376
germany_u016,germany_0018,0.8686472685224828
germany_u016,germany_0012,1.3670803881456122
germany_u016,germany_0067,0.8684645996869964
germany_u016,germany_0069,0.6090151784198129
germany_u016,germany_0047,0.6648531368227152
germany_u016,germany_0077,2.1790508383188656
germany_u016,germany_0016,0.7008583135012341
germany_u016,germany_0008,0.7012366912521552
germany_u016,germany_0071,1.3533000685453433
germany_u016,germany_0065,0.9977979870279311
germany_u016,germany_0052,2.2356468949975583
germany_u016,germany_0051,2.1464505731337122
germany_u016,germany_0061,1.2731821039579356
germany_u016,germany_0017,1.349061870993047
germany_u016,germany_0053,1.2220710515553586
germany_u016,germany_0043,0.6403190512093961
germany_u016,germany_0020,1.0801607977143723
germany_u016,germany_0014,0.7866117350806725
germany_u016,china_ctis_0035,0.5881999455204157
germany_u016,china_ctis_0000,1.2071631234641236
germany_u016,china_ctis_0023,0.5833325579133091
germany_u016,china_ctis_0043,0.5889572871236058
germany_u016,china_ctis_0032,1.0986935150061206
germany_u016,china_ctis_0015,1.0470811929155623
germany_u016,china_ctis_0022,0.6358069599286986
germany_u016,china_ctis_0038,0.45600618349196503
germany_u016,great_britain_0044,0.7105154963865892
germany_u016,great_britain_0092,0.768454543145755
germany_u016,great_britain_0082,1.5303353988719712
germany_u016,great_britain_0050,1.6858417732117401
germany_u016,great_britain_0102,0.9980249366087592
germany_u016,great_britain_0040,0.99678608077632
germany_u016,great_britain_0006,1.4118497330758202
germany_u016,great_britain_0026,1.2963447212013302
germany_u017,germany_0062,1.816454903002029
germany_u017,germany_0079,0.8816810355768361
germany_u017,germany_0090,1.8366544978117747
germany_u017,germany_0002,2.226846948984946
germany_u017,germany_0072,1.097094231107966
germany_u017,germany_0064,2.2761282838234567
germany_u017,germany_0101,1.227698625539265
germany_u017,germany_0041,0.9195230323612816
germany_u017,germany_0039,0.7686937464054111
germany_u017,germany_0007,1.9290593004221066
germany_u017,germany_0034,1.5320738156495803
germany_u017,germany_0050,1.1048014815669995
germany_u017,germany_0092,1.6245768878942324
germany_u017,germany_0038,1.1478745490257332
germany_u017,germany_0098,1.3484171313915911
germany_u017,germany_0089,2.063095616924082
germany_u017,germany_0033,1.727587172582059
germany_u017,germany_0003,1.8901431734906355
germany_u017,germany_0029,1.581526376285019
germany_u017,germany_0036,2.285161634327696
germany_u017,germany_0004,0.9914323643517898
germany_u017,germany_0060,1.0274522522399554
germany_u017,germany_0042,0.7346641693236242
germany_u017,germany_0005,1.5306836410719755
germany_u017,india_saraga_0015,1.2780349691512967
germany_u017,india_saraga_0039,1.4300481234134068
germany_u017,india_saraga_0027,0.9028520000315023
germany_u017,india_saraga_0090,0.4665466825177868
germany_u017,india_saraga_0092,1.303509875069232
germany_u017,india_saraga_0040,1.7982389149025166
germany_u017,india_saraga_0088,0.8476416276164899
germany_u017,india_saraga_0059,0.6983115108331767
germany_u017,france_0042,0.8303853930655769
germany_u017,france_0083,1.0243108909490137
germany_u017,france_0060,0.7887324540859624
germany_u017,france_0062,0.9183960342461653
germany_u017,france_0092,1.3115790970821397
germany_u017,france_0091,0.9157877822375299
germany_u017,france_0085,0.9846795754579337
germany_u017,france_0097,0.5040422047790063
germany_u018,germany_0069,1.202441114739993
germany_u018,germany_0053,1.987911000864246
germany_u018,germany_0012,1.6869442112142252
germany_u018,germany_0052,0.7082839021875524
germany_u018,germany_0065,0.8202708724509219
germany_u018,germany_0073,2.12782066905586
germany_u018,germany_0055,2.100759305480264
germany_u018,germany_0008,2.2169109740031336
germany_u018,germany_0015,1.3130429186413584
germany_u018,germany_0016,1.9275050656802195
germany_u018,germany_0051,2.0036881721172044
germany_u018,germany_0071,1.119577162570883
germany_u018,germany_0047,0.8257075518668203
germany_u018,germany_0045,2.294870473827573
germany_u018,germany_0010,0.6271281264710786
germany_u018,germany_0017,1.605404459777239
germany_u018,germany_0018,1.6966161729634477
germany_u018,germany_0043,1.7510866148976432
germany_u018,germany_0001,1.0159578583466797
germany_u018,germany_0014,1.8197241964155175
germany_u018,germany_0020,0.9482892466601829
germany_u018,germany_0077,2.005090991171652
germany_u018,germany_0067,0.9529762627959946
germany_u018,germany_0040,1.7768179001562336
germany_u018,china_jingju_0035,1.5076082058758673
germany_u018,china_jingju_0057,0.7050767631239548
germany_u018,china_jingju_0080,0.7712817583040138
germany_u018,china_jingju_0027,1.5017900472913952
germany_u018,china_jingju_0019,0.5660986117071863
germany_u018,china_jingju_0044,0.7075272858299966
germany_u018,china_jingju_0002,1.0649667233563855
germany_u018,china_jingju_0055,1.7057456038054404
germany_u018,russia_0021,1.208535077105564
germany_u018,russia_0024,0.9733650950811045
germany_u018,russia_0049,1.7707998000003433
germany_u018,russia_0026,1.0760102633987396
germany_u018,russia_0027,1.0355422144781008
germany_u018,germany_0072,1.285086446631323
germany_u018,germany_0033,1.1135106252467235
germany_u018,germany_0098,1.1368235467973329
germany_u019,germany_0093,2.203309626430146
germany_u019,germany_0100,0.843316504891787
germany_u019,germany_0085,0.7978082382766363
germany_u019,germany_0097,1.9754862907632524
germany_u019,germany_0084,1.9872606527876995
germany_u019,germany_0081,1.8493599992951515
germany_u019,germany_0104,2.231915050235615
germany_u019,germany_0095,1.0416808594823426
germany_u019,germany_0099,2.000969074758246
germany_u019,germany_0091,1.182269914324901
germany_u019,germany_0086,1.5020126291071125
germany_u019,germany_0026,1.343660051234792
germany_u019,germany_0000,0.5850912891119725
germany_u019,germany_0102,1.565947283855047
germany_u019,germany_0083,1.8644476563928187
germany_u019,germany_0080,0.8761028616673427
germany_u019,germany_0103,2.182106361765489
germany_u019,germany_0088,1.489939205496919
germany_u019,germany_0058,0.8824743554356362
germany_u019,germany_0087,1.689259559831627
germany_u019,germany_0082,0.9060666721889682
germany_u019,germany_0094,0.6845950258094553
germany_u019,germany_0096,1.7571687931731927
germany_u019,germany_0035,0.7659486737019778
germany_u019,modern_english_pop_0076,0.5933935553081877
germany_u019,modern_english_pop_0003,1.448923810295448
germany_u019,modern_english_pop_0088,0.5245230148308961
germany_u019,modern_english_pop_0015,1.5431883917147389
germany_u019,modern_english_pop_0107,1.5248008241745672
germany_u019,modern_english_pop_0109,0.6408811279049841
germany_u019,modern_english_pop_0000,1.1498138738239079
germany_u019,modern_english_pop_0110,0.5804444128080722
germany_u019,great_britain_0041,1.3039711467110828
germany_u019,great_britain_0104,0.5349555175102378
germany_u019,great_britain_0032,1.7250491560357089
germany_u019,great_britain_0088,0.7304364927489352
germany_u019,great_britain_0031,1.371907785530671
germany_u019,great_britain_0028,0.6231934229090986
germany_u019,great_britain_0001,0.7329552052411483
germany_u019,great_britain_0099,1.0587820259925504
germany_u020,germany_0048,1.5585829917556682
germany_u020,germany_0013,1.340330015982658
germany_u020,germany_0031,1.005486138995809
germany_u020,germany_0070,1.3157553357121359
germany_u020,germany_0027,1.736825193081463
germany_u020,indonesia_fma_0011,0.8302957175231507
germany_u020,indonesia_fma_0019,1.6855817976410135
germany_u020,indonesia_fma_0014,0.8635674201899028
germany_u020,indonesia_fma_0003,0.7175416916108519
germany_u020,indonesia_fma_0013,1.7386665932782996
germany_u020,indonesia_fma_0002,1.5442568236595422
germany_u020,indonesia_fma_0015,0.9132357935386786
germany_u020,indonesia_fma_0012,1.5859329990442326
germany_u020,italy_0035,1.15039923635763
germany_u020,italy_0080,0.9181158726524347
germany_u020,italy_0084,1.5834756458779393
germany_u020,italy_0010,1.4654228402669947
germany_u020,italy_0086,0.852131037568193
germany_u020,italy_0082,1.2690159955982647
germany_u020,italy_0019,0.9486768017517262
germany_u020,italy_0088,0.451420162956524
germany_u020,germany_0009,2.2341321539154815
germany_u020,germany_0057,1.5231101562256433
germany_u020,germany_0056,1.6072962378734759
germany_u020,germany_0059,1.6098127092933336
germany_u020,germany_0016,1.5248565199134696
germany_u020,germany_0084,1.0753325322344487
germany_u020,germany_0002,2.250968815466397
germany_u020,germany_0017,1.6473780115888665
germany_u020,germany_0074,1.7323393469555832
germany_u020,germany_0041,1.359517506371911
germany_u020,germany_0046,1.0715609158465997
germany_u020,germany_0049,0.6860019942517531
germany_u020,germany_0044,1.1791470890796036
germany_u020,germany_0090,0.8787680654879764
germany_u020,germany_0082,1.7171022627433452
germany_u020,germany_0052,2.0912817012846907
germany_u020,germany_0015,1.0972521304737501
germany_u020,germany_0033,1.1492225288392304
germany_u020,germany_0036,1.731378769105045
germany_u021,germany_0074,1.3943706024822948
germany_u021,germany_0071,1.4921073391088273
germany_u021,germany_0055,0.6910995219040188
germany_u021,germany_0065,2.1228143264946
germany_u021,germany_0053,2.145461286209554
germany_u021,germany_0073,1.5204028269785412
germany_u021,germany_0061,1.535058264618631
germany_u021,germany_0020,0.6742841620033215
germany_u021,germany_0001,1.6064646351315803
germany_u021,germany_0051,1.3152868375415552
germany_u021,germany_0075,1.7981002621544042
germany_u021,germany_0012,0.6562904811273622
germany_u021,germany_0015,1.8012812527083697
germany_u021,germany_0047,1.0698918461107414
germany_u021,germany_0045,1.699191695031611
germany_u021,germany_0049,1.656792307413412
germany_u021,germany_0008,0.966301560990601
germany_u021,germany_0010,1.33478029549806
germany_u021,germany_0014,2.0164673718669848
germany_u021,germany_0040,1.6196455852009848
germany_u021,germany_0067,0.6935735709127598
germany_u021,germany_0069,1.3390177340284313
germany_u021,germany_0043,1.1128057663919066
germany_u021,germany_0052,1.6818387961225663
germany_u021,france_0034,1.279661320748602
germany_u021,france_0037,0.46403743703868966
germany_u021,france_0008,1.270388937714925
germany_u021,france_0020,1.4420470328796646
germany_u021,france_0038,1.487785543742127
germany_u021,france_0099,0.5296172900264475
germany_u021,france_0087,0.8599388630983231
germany_u021,france_0048,1.0187193067445575
germany_u021,great_britain_0084,0.692691805523131
germany_u021,great_britain_0093,1.0179907260727634
germany_u021,great_britain_0018,0.5460248733645496
germany_u021,great_britain_0008,0.6028433320595196
germany_u021,great_britain_0068,1.3527379298386162
germany_u021,germany_0041,1.0279374955012672
germany_u021,germany_0003,1.8021750869022624
germany_u021,germany_0096,0.6579872108287522
germany_u022,germany_0019,2.071578129962559
germany_u022,germany_0044,1.218450473209091
germany_u022,germany_0068,0.8739576108204553
germany_u022,germany_0076,1.5824834130736796
germany_u022,germany_0009,1.300479817314364
germany_u022,germany_0011,0.6012029305764579
germany_u022,germany_0054,0.695471572051293
germany_u022,germany_0006,0.9118531358563677
germany_u022,germany_0063,1.9020941801688125
germany_u022,germany_0046,2.113768165158216
germany_u022,germany_0066,1.5162305076745337
germany_u022,france_0097,0.5925133743940667
germany_u022,france_0053,1.1714655855264922
germany_u022,france_0033,1.6050673718058757
germany_u022,france_0018,1.461794799315496
germany_u022,france_0012,0.8429825209914562
germany_u022,france_0094,0.6172523225392831
germany_u022,france_0022,1.6659202946790281
germany_u022,france_0062,1.6030198079534848
germany_u022,indonesia_gamelan_0015,0.5225157429460549
germany_u022,indonesia_gamelan_0028,1.5619605612631617
germany_u022,indonesia_gamelan_0026,0.5812370610096684
germany_u022,indonesia_gamelan_0020,0.53543290509275
germany_u022,indonesia_gamelan_0000,1.4741112111474504
germany_u022,indonesia_gamelan_0006,1.1740193395986933
germany_u022,indonesia_gamelan_0035,1.0096398325219305
germany_u022,indonesia_gamelan_0036,1.6702139645676297
germany_u022,germany_0062,2.022798661816875
germany_u022,germany_0056,0.6744004884186726
germany_u022,germany_0104,1.6377504923485222
germany_u022,germany_0090,1.9071612705328653
germany_u022,germany_0037,1.5245962501117922
germany_u022,germany_0072,2.2706844859064246
germany_u022,germany_0085,1.7584319455170208
germany_u022,germany_0069,0.7546466969023686
germany_u022,germany_0059,0.9170640706999197
germany_u022,germany_0096,2.0002736965690717
germany_u022,germany_0083,2.2944052611739174
germany_u022,germany_0033,0.7446352353548722
germany_u022,germany_0061,0.7480680732827084
germany_u023,germany_0084,0.7130335090334015
germany_u023,germany_0083,2.1462903382840914
germany_u023,germany_0099,1.859514288247646
germany_u023,germany_0026,2.182396368558339
germany_u023,germany_0103,1.3857326332753783
germany_u023,germany_0081,1.2879295606935874
germany_u023,germany_0093,1.1932525795661149
germany_u023,germany_0091,1.6381297406898552
germany_u023,germany_0082,1.1814399425255504
germany_u023,germany_0088,1.8623213286189606
germany_u023,germany_0080,1.957272387722362
germany_u023,germany_0035,2.085831923665682
germany_u023,germany_0087,0.9938316046731033
germany_u023,germany_0000,1.4841130350293477
germany_u023,germany_0096,0.9604419638589718
germany_u023,germany_0094,0.6397837954000885
germany_u023,germany_0086,1.79599864969297
germany_u023,germany_0102,1.5219926975380897
germany_u023,germany_0104,1.8237745572290693
germany_u023,germany_0085,0.7261495221762765
germany_u023,germany_0058,2.2922826588818497
germany_u023,germany_0095,2.29025127798363
germany_u023,germany_0100,1.3771246989935593
germany_u023,germany_0097,2.068951283692117
germany_u023,modern_english_pop_0021,0.7788175503375017
germany_u023,modern_english_pop_0000,1.4457143176514509
germany_u023,modern_english_pop_0007,1.6369549066983138
germany_u023,modern_english_pop_0113,1.549799459209051
germany_u023,modern_english_pop_0057,1.5458950056255627
germany_u023,modern_english_pop_0110,1.075085953319968
germany_u023,modern_english_pop_0076,1.5569864295013431
germany_u023,modern_english_pop_0049,1.3824514975787559
germany_u023,italy_0024,0.628809387494676
germany_u023,italy_0005,0.6041489454871022
germany_u023,italy_0014,1.4920948835117638
germany_u023,italy_0089,1.2943765198434471
germany_u023,italy_0079,1.1511577582083596
germany_u023,italy_0090,1.6748034176459181
germany_u023,italy_0027,1.340446981776145
germany_u023,italy_0026,0.9847981058692052
great_britain_u000,great_britain_0045,1.149122887493546
great_britain_u000,great_britain_0072,1.0420190528807611
great_britain_u000,great_britain_0056,1.5537763412656838
great_britain_u000,great_britain_0043,1.3724249964834865
great_britain_u000,great_britain_0066,2.108866007167801
great_britain_u000,great_britain_0042,2.1988183604063525
great_britain_u000,great_britain_0074,0.9535916654184566
great_britain_u000,great_britain_0058,0.7476818646234381
great_britain_u000,great_britain_0059,1.9297072763163676
great_britain_u000,great_britain_0062,2.2911359212766005
great_britain_u000,great_britain_0067,2.0647101204984155
great_britain_u000,great_britain_0052,0.6158780186548174
great_britain_u000,great_britain_0064,1.0084296249686537
great_britain_u000,great_britain_0070,0.6497654278961802
great_britain_u000,great_britain_0065,1.990844425396012
great_britain_u000,great_britain_0069,1.5779270341042455
great_britain_u000,great_britain_0047,1.4611644835131679
great_britain_u000,great_britain_0055,1.5314260464440101
great_britain_u000,great_britain_0049,1.0104784212516196
great_britain_u000,great_britain_0048,1.6128261867645381
great_britain_u000,great_britain_0063,0.6279005378504517
great_britain_u000,great_britain_0039,1.6893702238496984
great_britain_u000,great_britain_0046,1.841898357058483
great_britain_u000,great_britain_0060,1.7359703049029018
great_britain_u000,india_saraga_0075,0.8983586497214974
great_britain_u000,india_saraga_0015,1.5654549354221827
great_britain_u000,india_saraga_0055,1.4159843961086007
great_britain_u000,india_saraga_0048,0.6232013859477752
great_britain_u000,india_saraga_0036,0.7134446977267253
great_britain_u000,india_saraga_0026,1.3100963577906222
great_britain_u000,india_saraga_0070,0.8407117803006353
great_britain_u000,india_saraga_0056,0.6112344709524199
great_britain_u000,russia_0017,0.6592081407523545
great_britain_u000,russia_0055,0.6735831937295409
great_britain_u000,russia_0040,1.095017724204816
great_britain_u000,russia_0067,1.2699703621298215
great_britain_u000,russia_0012,0.6881430710534602
great_britain_u000,russia_0033,1.4118704239903486
great_britain_u000,russia_0062,0.8293670201270634
great_britain_u000,russia_0005,0.8706034868318471
great_britain_u001,great_britain_0068,1.8633293999102303
great_britain_u001,great_britain_0084,1.0965418684454382
great_britain_u001,great_britain_0093,1.5435763448910713
great_britain_u001,great_britain_0008,0.8670429864835524
great_britain_u001,great_britain_0018,1.9884641498067166
great_britain_u001,france_0103,1.553317496025675
great_britain_u001,france_0000,1.6345614349164899
great_britain_u001,france_0047,0.5120149460940759
great_britain_u001,france_0021,1.7898192581962684
great_britain_u001,france_0102,0.7845022094935876
great_britain_u001,france_0077,0.8677354761639218
great_britain_u001,france_0070,0.7866032344071022
great_britain_u001,france_0079,0.8111691427948188
great_britain_u001,indonesia_gamelan_0028,1.196092830739923
great_britain_u001,indonesia_gamelan_0007,0.7737442348101023
great_britain_u001,indonesia_gamelan_0023,0.9815912703905465
great_britain_u001,indonesia_gamelan_0052,1.3350688862983409
great_britain_u001,indonesia_gamelan_0005,1.5786353748299313
great_britain_u001,indonesia_gamelan_0043,1.3852010253602876
great_britain_u001,indonesia_gamelan_0014,1.2523358404628864
great_britain_u001,indonesia_gamelan_0037,0.6494335594304428
great_britain_u001,great_britain_0066,1.9827994126587123
great_britain_u001,great_britain_0100,0.6392991817879917
great_britain_u001,great_britain_0057,1.030730619080896
great_britain_u001,great_britain_0072,0.6734266317076331
great_britain_u001,great_britain_0079,1.7263149828831976
great_britain_u001,great_britain_0069,1.2104401174738124
great_britain_u001,great_britain_0029,1.699783633528395
great_britain_u001,great_britain_0011,1.1736284047986931
great_britain_u001,great_britain_0051,1.3611527606291274
great_britain_u001,great_britain_0098,1.3649827425366619
great_britain_u001,great_britain_0013,0.6536266275765144
great_britain_u001,great_britain_0075,1.3171407579468561
great_britain_u001,great_britain_0099,1.6808360263737243
great_britain_u001,great_britain_0058,1.5169401244801233
great_britain_u001,great_britain_0041,0.7048644968300455
great_britain_u001,great_britain_0104,1.7273965753096416
great_britain_u001,great_britain_0025,1.107788252228825
great_britain_u001,great_britain_0095,0.5999000347938132
great_britain_u001,great_britain_0055,0.8434023359703229
great_britain_u002,great_britain_0028,1.556824161124389
great_britain_u002,great_britain_0099,0.8448397283575549
great_britain_u002,great_britain_0021,0.6801531259738016
great_britain_u002,great_britain_0037,1.435202012664785
great_britain_u002,great_britain_0029,1.705519201330433
great_britain_u002,great_britain_0041,2.048404103551028
great_britain_u002,great_britain_0030,1.9253913305711734
great_britain_u002,great_britain_0033,2.0537398845050454
great_britain_u002,great_britain_0077,1.886118629666036
great_britain_u002,great_britain_0020,1.78808795966309
great_britain_u002,great_britain_0091,0.5924873067677068
great_britain_u002,great_britain_0096,1.655026487870888
great_britain_u002,great_britain_0025,0.7828311121399779
great_britain_u002,great_britain_0097,0.6762008032736332
great_britain_u002,great_britain_0057,0.8448109623822555
great_britain_u002,great_britain_0038,1.995178978487019
great_britain_u002,great_britain_0014,1.8581402030975367
great_britain_u002,great_britain_0023,2.211632398978991
great_britain_u002,great_britain_0101,2.2637340461719577
great_britain_u002,great_britain_0032,2.1159148764951192
great_britain_u002,great_britain_0012,0.8042974379353235
great_britain_u002,great_britain_0090,2.090210228095591
great_britain_u002,great_britain_0088,2.021649057510413
great_britain_u002,great_britain_0001,2.0776231082579777
great_britain_u002,indonesia_fma_0004,0.6547755831072635
great_britain_u002,indonesia_fma_0006,0.6076689674939787
great_britain_u002,indonesia_fma_0001,1.6971419874385103
great_britain_u002,indonesia_fma_0015,0.6846659763315812
great_britain_u002,indonesia_fma_0014,0.9476393369075117
great_britain_u002,indonesia_fma_0010,1.0655795468169813
great_britain_u002,indonesia_fma_0007,0.617997412569912
great_britain_u002,indonesia_fma_0011,0.477856288843939
great_britain_u002,russia_0068,1.7920221341856069
great_britain_u002,russia_0038,1.6334872805271976
great_britain_u002,russia_0023,1.6816562046233603
great_britain_u002,russia_0022,0.8341601435173599
great_britain_u002,russia_0060,0.7471371232063427
great_britain_u002,russia_0010,1.0249198535368258
great_britain_u002,great_britain_0006,1.3569759114870616
great_britain_u002,great_britain_0051,0.584659032040815
great_britain_u003,great_britain_0003,1.562914634484759
great_britain_u003,great_britain_0011,0.7186739051634369
great_britain_u003,great_britain_0076,0.740189194458214
great_britain_u003,great_britain_0010,1.9556503793073556
great_britain_u003,great_britain_0016,1.423026541573542
great_britain_u003,great_britain_0080,0.9916020801263217
great_britain_u003,great_britain_0078,1.1763805802951697
great_britain_u003,great_britain_0002,1.8329406885044706
great_britain_u003,great_britain_0036,0.6894608997051381
great_britain_u003,great_britain_0085,0.775929062484787
great_britain_u003,great_britain_0009,1.6380520103587326
great_britain_u003,great_britain_0087,1.6220262419557598
great_britain_u003,great_britain_0086,2.2524972683235163
great_britain_u003,great_britain_0005,1.2210978551656504
great_britain_u003,great_britain_0079,0.6872589068812148
great_britain_u003,great_britain_0081,1.502252075115608
great_britain_u003,great_britain_0000,1.676148250289088
great_britain_u003,modern_english_pop_0083,0.6384637608114363
great_britain_u003,modern_english_pop_0048,1.1963636642725157
great_britain_u003,modern_english_pop_0046,0.7169856142386573
great_britain_u003,modern_english_pop_0072,1.5903855781394425
great_britain_u003,modern_english_pop_0032,1.57746801930817
great_britain_u003,modern_english_pop_0018,1.0299992795978965
great_britain_u003,modern_english_pop_0101,1.7551033071922855
great_britain_u003,modern_english_pop_0110,1.7726947305071512
great_britain_u003,russia_0014,0.6244889700792864
great_britain_u003,russia_0065,0.9464136365238314
great_britain_u003,russia_0032,1.2604339845629704
great_britain_u003,russia_0015,0.5645310429349499
great_britain_u003,russia_0061,0.9665849301490851
great_britain_u003,russia_0004,0.8025823134223975
great_britain_u003,russia_0003,1.7352677983050504
great_britain_u003,russia_0011,1.0056408608224852
great_britain_u003,great_britain_0067,1.8906072309944588
great_britain_u003,great_britain_0061,1.2420667520584996
great_britain_u003,great_britain_0064,0.8023758214724911
great_britain_u003,great_britain_0039,2.063936389527462
great_britain_u003,great_britain_0013,0.5757191816578541
great_britain_u003,great_britain_0094,0.6714980076059263
great_britain_u003,great_britain_0051,1.2035631001723994
great_britain_u004,great_britain_0023,1.5591780753317528
great_britain_u004,great_britain_0034,2.112968214183622
great_britain_u004,great_britain_0025,1.7003557310531663
great_britain_u004,great_britain_0057,1.6142814464697945
great_britain_u004,great_britain_0095,1.3688527676261444
great_britain_u004,great_britain_0104,1.1713273778727298
great_britain_u004,great_britain_0088,1.7799937715149527
great_britain_u004,great_britain_0012,2.267192123252279
great_britain_u004,great_britain_0031,1.307707021323018
great_britain_u004,great_britain_0097,1.2515539769244963
great_britain_u004,great_britain_0001,1.3134957398296983
great_britain_u004,great_britain_0028,1.3090633448857696
great_britain_u004,great_britain_0029,2.283827734060654
great_britain_u004,great_britain_0038,1.7941924942036123
great_britain_u004,great_britain_0096,1.1945931748882705
great_britain_u004,great_britain_0041,1.2158415948510963
great_britain_u004,great_britain_0033,1.3181246951834962
great_britain_u004,great_britain_0014,0.6383285235762757
great_britain_u004,great_britain_0015,1.4854832934866562
great_britain_u004,great_britain_0091,1.974632141376769
great_britain_u004,great_britain_0021,1.7144794432829555
great_britain_u004,great_britain_0077,0.9172759606636591
great_britain_u004,great_britain_0101,1.830859066377688
great_britain_u004,great_britain_0032,1.8160660959227521
great_britain_u004,france_0096,0.804427941126146
great_britain_u004,france_0019,1.2908807867568626
great_britain_u004,france_0081,1.274781194714614
great_britain_u004,france_0066,1.583713292205845
great_britain_u004,france_0098,0.6336976209751457
great_britain_u004,france_0090,0.7130319810905558
great_britain_u004,france_0064,1.106058830086537
great_britain_u004,france_0058,0.5095959510046145
great_britain_u004,italy_0046,1.0110521667623038
great_britain_u004,italy_0009,1.5140957066996263
great_britain_u004,italy_0030,0.6507644318783976
great_britain_u004,great_britain_0016,1.3684115712155052
great_britain_u004,great_britain_0036,2.282351927584717
great_britain_u004,great_britain_0000,1.4477120231578908
great_britain_u004,great_britain_0027,1.434608596610606
great_britain_u004,great_britain_0093,1.5389189319241898
great_britain_u005,great_britain_0082,1.9406620504308698
great_britain_u005,great_britain_0054,0.863140907836219
great_britain_u005,great_britain_0040,0.7322674487939979
great_britain_u005,great_britain_0050,2.192295003563877
great_britain_u005,great_britain_0006,2.2370743530020794
great_britain_u005,great_britain_0017,1.638043828014303
great_britain_u005,great_britain_0102,1.228149295385581
great_britain_u005,great_britain_0026,2.0123382081629893
great_britain_u005,great_britain_0004,0.9281419298535865
great_britain_u005,great_britain_0044,1.315701764816201
great_britain_u005,great_britain_0092,1.1908548407760378
great_britain_u005,france_0002,1.6821449875012702
great_britain_u005,france_0017,1.6916995107390693
great_britain_u005,france_0011,1.3286960005369497
great_britain_u005,france_0096,0.599499189368134
great_britain_u005,france_0064,1.1009602660387083
great_britain_u005,france_0049,0.7811932944024766
great_britain_u005,france_0066,1.6446361452990506
great_britain_u005,france_0019,0.6368437786718726
great_britain_u005,india_saraga_0015,0.523318872411955
great_britain_u005,india_saraga_0057,1.4009791952926056
great_britain_u005,india_saraga_0092,1.0619362012070064
great_britain_u005,india_saraga_0053,1.581792598264164
great_britain_u005,india_saraga_0069,0.5507500020785709
great_britain_u005,india_saraga_0012,1.5314527790205874
great_britain_u005,india_saraga_0004,0.5004019163396137
great_britain_u005,india_saraga_0058,0.48789451608384193
great_britain_u005,great_britain_0084,1.370769671736026
great_britain_u005,great_britain_0089,0.9567274746991243
great_britain_u005,great_britain_0091,1.5991647695862652
great_britain_u005,great_britain_0008,0.6195343150147865
great_britain_u005,great_britain_0080,0.636046960576138
great_britain_u005,great_britain_0066,1.829331155896597
great_britain_u005,great_britain_0045,0.9375349052992376
great_britain_u005,great_britain_0047,1.7073195383147652
great_britain_u005,great_britain_0010,1.8686157285888085
great_britain_u005,great_britain_0042,0.6773462608755688
great_britain_u005,great_britain_0023,1.9028255714508124
great_britain_u005,great_britain_0036,1.0380266009832184
great_britain_u005,great_britain_0079,1.2469667778945657
great_britain_u006,great_britain_0030,1.6058173251105285
great_britain_u006,great_britain_0095,0.8928951823551856
great_britain_u006,great_britain_0037,2.0352808064178163
great_britain_u006,great_britain_0028,1.5738508203973731
great_britain_u006,great_britain_0033,1.2702591501062177
great_britain_u006,great_britain_0021,1.0059475620493858
great_britain_u006,great_britain_0015,1.3285571061021193
great_britain_u006,great_britain_0104,2.2268812622150054
great_britain_u006,great_britain_0088,1.4533860248077455
great_britain_u006,great_britain_0012,1.3848694421822585
great_britain_u006,great_britain_0029,1.8623223282880328
great_britain_u006,great_britain_0097,1.2288561971850391
great_britain_u006,great_britain_0038,1.3123063135443696
great_britain_u006,great_britain_0032,1.1562348369610427
great_britain_u006,great_britain_0091,0.8353365779432
great_britain_u006,great_britain_0025,1.8063208944995721
great_britain_u006,great_britain_0051,2.0809783264492507
great_britain_u006,great_britain_0090,2.1371473199437703
great_britain_u006,great_britain_0034,2.09438506811517
great_britain_u006,great_britain_0014,1.3543270592055376
great_britain_u006,great_britain_0077,1.0650141815505136
great_britain_u006,great_britain_0057,1.6754184680614204
great_britain_u006,great_britain_0099,2.2218659730379047
great_britain_u006,great_britain_0096,1.8291623680908433
great_britain_u006,india_saraga_0035,1.1180455581467112
great_britain_u006,india_saraga_0073,1.3798915755931551
great_britain_u006,india_saraga_0003,1.4929261818134358
great_britain_u006,india_saraga_0090,1.6910135027928956
great_britain_u006,india_saraga_0091,1.4803412678624082
great_britain_u006,india_saraga_0016,1.0348072501084726
great_britain_u006,india_saraga_0034,0.8193687999284036
great_britain_u006,india_saraga_0006,1.1248402473849484
great_britain_u006,china_ctis_0054,0.8930402252173869
great_britain_u006,china_ctis_0003,1.722732200128549
great_britain_u006,china_ctis_0043,1.135753888657449
great_britain_u006,china_ctis_0021,1.0872760535514112
great_britain_u006,china_ctis_0030,0.920064894509065
great_britain_u006,china_ctis_0041,1.3131994368936604
great_britain_u006,china_ctis_0031,1.1520692261382797
great_britain_u006,china_ctis_0039,0.6242160459126463
great_britain_u007,great_britain_0038,1.8243184431289006
great_britain_u007,great_britain_0097,2.2348189009403696
great_britain_u007,great_britain_0090,0.9351032185233962
great_britain_u007,great_britain_0030,1.6946923452920937
great_britain_u007,great_britain_0014,0.9404144460159319
great_britain_u007,great_britain_0034,0.6060618317399894
great_britain_u007,great_britain_0029,1.8835059850201585
great_britain_u007,great_britain_0012,1.32365806722279
great_britain_u007,great_britain_0041,2.2082073361127765
great_britain_u007,great_britain_0021,1.4966431466973744
great_britain_u007,great_britain_0104,0.8466579489830548
great_britain_u007,great_britain_0088,1.3508609121003041
great_britain_u007,great_britain_0077,0.9249883460403784
great_britain_u007,great_britain_0095,2.089600495384341
great_britain_u007,great_britain_0028,1.76680798703098
great_britain_u007,great_britain_0023,1.1636369380293636
great_britain_u007,great_britain_0015,1.4854900568423173
great_britain_u007,great_britain_0001,1.729853324667474
great_britain_u007,great_britain_0096,1.9254295612133585
great_britain_u007,great_britain_0037,0.7132539370266844
great_britain_u007,great_britain_0091,0.6138450024418007
great_britain_u007,great_britain_0025,0.7724309026180599
great_britain_u007,great_britain_0020,1.256368635047671
great_britain_u007,great_britain_0099,1.3800689023916088
great_britain_u007,russia_0045,0.6342232007886953
great_britain_u007,russia_0017,1.0050567361644671
great_britain_u007,russia_0067,1.0461907615884711
great_britain_u007,russia_0055,0.5972714509646071
great_britain_u007,russia_0005,1.687490946264241
great_britain_u007,russia_0025,1.2588470022434053
great_britain_u007,russia_0033,0.9745229661159809
great_britain_u007,russia_0012,1.134324697687479
great_britain_u007,turkey_modern_0024,0.8741666067328892
great_britain_u007,turkey_modern_0081,1.6033468927202006
great_britain_u007,turkey_modern_0130,1.22627030611748
great_britain_u007,turkey_modern_0079,1.1181093494312837
great_britain_u007,turkey_modern_0120,1.6796952941790568
great_britain_u007,turkey_modern_0066,1.5812725926159914
great_britain_u007,turkey_modern_0022,1.5472825534248966
great_britain_u007,turkey_modern_0003,0.7545724257129895
great_britain_u008,great_britain_0093,2.1076689977124796
great_britain_u008,great_britain_0008,1.0140939403308655
great_britain_u008,great_britain_0068,1.7118771765844043
great_britain_u008,great_britain_0018,0.6104367345610482
great_britain_u008,great_britain_0084,2.2846590996410567
great_britain_u008,france_0019,0.8023582468835053
great_britain_u008,france_0011,1.3474733763918383
great_britain_u008,france_0096,1.5963573886194131
great_britain_u008,france_0002,0.6666272946827615
great_britain_u008,france_0064,1.5946371127941468
great_britain_u008,france_0081,0.4665316488176102
great_britain_u008,france_0017,1.0466691364153
great_britain_u008,france_0098,1.087250790417037
great_britain_u008,china_ctis_0013,0.9550224628992935
great_britain_u008,china_ctis_0064,1.2416194075056746
great_britain_u008,china_ctis_0009,1.6850371707485532
great_britain_u008,china_ctis_0021,0.8914353043053903
great_britain_u008,china_ctis_0055,1.2320008476746727
great_britain_u008,china_ctis_0005,1.6345744097534858
great_britain_u008,china_ctis_0042,1.4935437833868606
great_britain_u008,china_ctis_0046,0.5049899074874196
great_britain_u008,great_britain_0097,2.2013140681202175
great_britain_u008,great_britain_0074,0.6554659098461069
great_britain_u008,great_britain_0038,1.5906083682957184
great_britain_u008,great_britain_0063,1.5674849950436591
great_britain_u008,great_britain_0005,1.9315231479614952
great_britain_u008,great_britain_0098,0.8310642644394864
great_britain_u008,great_britain_0101,0.884413926308164
great_britain_u008,great_britain_0066,1.8723844589736716
great_britain_u008,great_britain_0022,0.8328956979100532
great_britain_u008,great_britain_0057,1.384792844188228
great_britain_u008,great_britain_0004,1.8370929556138573
great_britain_u008,great_britain_0012,1.698392327150125
great_britain_u008,great_britain_0071,0.9382922210450891
great_britain_u008,great_britain_0054,1.0993314462334975
great_britain_u008,great_britain_0092,2.2464817080907955
great_britain_u008,great_britain_0079,1.3489568197671746
great_britain_u008,great_britain_0086,0.6516891468527564
great_britain_u008,great_britain_0056,0.9537839515794236
great_britain_u008,great_britain_0000,1.16570052966667
great_britain_u009,great_britain_0001,1.5673367422454534
great_britain_u009,great_britain_0104,1.4404599565700575
great_britain_u009,great_britain_0031,1.6385964006355642
great_britain_u009,great_britain_0097,2.1246404781991894
great_britain_u009,great_britain_0099,1.7813138480723387
great_britain_u009,great_britain_0030,1.4935281370602564
great_britain_u009,great_britain_0034,1.687945782148809
great_britain_u009,great_britain_0023,1.621030133878062
great_britain_u009,great_britain_0090,1.32213408291389
great_britain_u009,great_britain_0038,1.6527179174750268
great_britain_u009,great_britain_0057,1.3401579052831822
great_britain_u009,great_britain_0012,1.8818848018290486
great_britain_u009,great_britain_0096,2.2463740340759424
great_britain_u009,great_britain_0037,2.2307677416827203
great_britain_u009,great_britain_0033,1.9907692315830914
great_britain_u009,great_britain_0032,1.6130340974276118
great_britain_u009,great_britain_0029,1.8675976794220273
great_britain_u009,great_britain_0028,0.8821333093192812
great_britain_u009,great_britain_0014,1.4013068388665162
great_britain_u009,great_britain_0021,1.0188507196101033
great_britain_u009,great_britain_0095,0.5810288424136237
great_britain_u009,great_britain_0015,2.242622316309331
great_britain_u009,great_britain_0020,2.065138769194426
great_britain_u009,great_britain_0101,1.4611301168606237
great_britain_u009,france_0046,0.7931055889606592
great_britain_u009,france_0100,1.3855165337689694
great_britain_u009,france_0031,1.0369814641424022
great_britain_u009,france_0030,1.5345218701206442
great_britain_u009,france_0073,1.7993494487442816
great_britain_u009,france_0078,0.9212615201113247
great_britain_u009,france_0026,0.7799441086953645
great_britain_u009,france_0045,0.8109663598729236
great_britain_u009,russia_0027,0.5760174316689072
great_britain_u009,russia_0049,0.9819623652752099
great_britain_u009,russia_0021,0.4735238211678276
great_britain_u009,russia_0024,0.6044340024917221
great_britain_u009,russia_0026,0.816789258818105
great_britain_u009,great_britain_0058,0.8507632884438543
great_britain_u009,great_britain_0065,1.8379744466387509
great_britain_u009,great_britain_0093,0.757168264247128
great_britain_u010,great_britain_0016,0.6991926965888489
great_britain_u010,great_britain_0085,0.619339005967348
great_britain_u010,great_britain_0005,2.1562037589130605
great_britain_u010,great_britain_0076,1.112135233863431
great_britain_u010,great_britain_0002,1.7146364560770524
great_britain_u010,great_britain_0036,2.281430804555605
great_britain_u010,great_britain_0010,1.7298026188943523
great_britain_u010,great_britain_0086,1.4807885228519102
great_britain_u010,great_britain_0078,1.4735868853172363
great_britain_u010,great_britain_0000,1.2251820810858267
great_britain_u010,great_britain_0081,1.609619906522522
great_britain_u010,great_britain_0080,2.2289151469663397
great_britain_u010,great_britain_0079,1.9343759581295847
great_britain_u010,great_britain_0087,1.3067909143823346
great_britain_u010,great_britain_0011,1.1484673300811197
great_britain_u010,great_britain_0009,2.0990918885998844
great_britain_u010,great_britain_0003,0.8092305492058742
great_britain_u010,russia_0012,1.5969400969018075
great_britain_u010,russia_0062,0.7943536278121487
great_britain_u010,russia_0045,1.416099468297489
great_britain_u010,russia_0055,1.5383977840460206
great_britain_u010,russia_0040,1.0939452983056879
great_britain_u010,russia_0067,0.7095833677920703
great_britain_u010,russia_0005,1.5904364536742068
great_britain_u010,russia_0033,0.946136265821975
great_britain_u010,indonesia_fma_0003,0.882918351651401
great_britain_u010,indonesia_fma_0018,1.1385218461771434
great_britain_u010,indonesia_fma_0010,1.0373664254902888
great_britain_u010,indonesia_fma_0012,1.3721204930022777
great_britain_u010,indonesia_fma_0004,0.6352170413030983
great_britain_u010,indonesia_fma_0014,1.0381810329646286
great_britain_u010,indonesia_fma_0007,1.6537974451540256
great_britain_u010,indonesia_fma_0009,0.49868465774362936
great_britain_u010,great_britain_0063,1.363908624689488
great_britain_u010,great_britain_0084,1.7144176420144874
great_britain_u010,great_britain_0040,2.1063016251474243
great_britain_u010,great_britain_0026,1.599281241459728
great_britain_u010,great_britain_0069,1.9972353678878414
great_britain_u010,great_britain_0004,0.9591420077047691
great_britain_u010,great_britain_0060,1.1835962774930575
great_britain_u011,great_britain_0041,0.6346361192239491
great_britain_u011,great_britain_0038,1.0496005529379364
great_britain_u011,great_britain_0029,1.8720395314268738
great_britain_u011,great_britain_0033,1.5719561106816038
great_britain_u011,great_britain_0014,1.9656389319041518
great_britain_u011,great_britain_0090,1.5111368765568194
great_britain_u011,great_britain_0001,2.048294495444836
great_britain_u011,great_britain_0034,1.948215746812961
great_britain_u011,great_britain_0015,0.7445408834953762
great_britain_u011,great_britain_0023,2.260335984827587
great_britain_u011,great_britain_0091,0.6004393459047922
great_britain_u011,great_britain_0088,1.6045456154285918
great_britain_u011,great_britain_0077,1.942082353571415
great_britain_u011,great_britain_0025,1.1475173912428083
great_britain_u011,great_britain_0104,1.6075328917125973
great_britain_u011,great_britain_0101,1.1996613657118482
great_britain_u011,great_britain_0028,0.6795608318879407
great_britain_u011,great_britain_0020,0.5895961204290958
great_britain_u011,great_britain_0032,0.7386370019417998
great_britain_u011,great_britain_0037,0.7447565498570807
great_britain_u011,great_britain_0057,1.6287848660042186
great_britain_u011,great_britain_0030,1.4821175234103352
great_britain_u011,great_britain_0021,1.3606741927986699
great_britain_u011,great_britain_0099,1.76856454541417
great_britain_u011,russia_0049,0.4727152849668053
great_britain_u011,russia_0027,0.8158276999112367
great_britain_u011,russia_0024,1.4994801872382977
great_britain_u011,russia_0026,1.6784690937981102
great_britain_u011,russia_0021,1.0417544049207352
great_britain_u011,turkey_modern_0067,0.5600033731869296
great_britain_u011,turkey_modern_0092,1.528283797958459
great_britain_u011,turkey_modern_0122,1.6449800849181904
great_britain_u011,turkey_modern_0077,1.0084413654365212
great_britain_u011,turkey_modern_0106,0.778529592792374
great_britain_u011,turkey_modern_0089,0.5093617521009761
great_britain_u011,turkey_modern_0058,1.2479618095580556
great_britain_u011,turkey_modern_0053,1.678323812259374
great_britain_u011,great_britain_0040,1.7443568440225616
great_britain_u011,great_britain_0050,1.1222538313684167
great_britain_u011,great_britain_0011,1.6839823594001928
great_britain_u012,great_britain_0015,2.2138416935402163
great_britain_u012,great_britain_0014,1.3070301242753641
great_britain_u012,great_britain_0029,1.9344258000894827
great_britain_u012,great_britain_0021,0.8646900136574458
great_britain_u012,great_britain_0037,1.0679920230157796
great_britain_u012,great_britain_0095,1.1581976278010722
great_britain_u012,great_britain_0028,0.7575407984153026
great_britain_u012,great_britain_0091,1.440613306006217
great_britain_u012,great_britain_0031,0.9066487313682049
great_britain_u012,great_britain_0051,1.668970659300661
great_britain_u012,great_britain_0001,0.9029093202634564
great_britain_u012,great_britain_0030,0.7880482939102499
great_britain_u012,great_britain_0104,2.2466746051081445
great_britain_u012,great_britain_0057,1.7104645275241581
great_britain_u012,great_britain_0088,2.1903778278721426
great_britain_u012,great_britain_0025,1.4200564411883252
great_britain_u012,great_britain_0099,0.6326192487843205
great_britain_u012,great_britain_0020,1.5657902689942407
great_britain_u012,great_britain_0034,1.538117329791597
great_britain_u012,great_britain_0041,0.6008329202406245
great_britain_u012,great_britain_0101,2.0606425265931594
great_britain_u012,great_britain_0023,1.6444494240633323
great_britain_u012,great_britain_0033,1.8595922671738518
great_britain_u012,great_britain_0012,1.4270139081217126
great_britain_u012,india_saraga_0073,1.284843291176155
great_britain_u012,india_saraga_0007,0.7975843558585077
great_britain_u012,india_saraga_0067,1.7645729864876738
great_britain_u012,india_saraga_0033,0.9909720101893479
great_britain_u012,india_saraga_0015,0.6691409388057993
great_britain_u012,india_saraga_0021,0.5254858148057469
great_britain_u012,india_saraga_0068,1.308832109665251
great_britain_u012,india_saraga_0061,1.7775627990882152
great_britain_u012,modern_english_pop_0078,1.6593225707424801
great_britain_u012,modern_english_pop_0047,1.3978411661066583
great_britain_u012,modern_english_pop_0059,1.7873072041403621
great_britain_u012,modern_english_pop_0018,1.4258181537568437
great_britain_u012,modern_english_pop_0037,0.9079890165918847
great_britain_u012,modern_english_pop_0107,1.2616444796312338
great_britain_u012,modern_english_pop_0056,0.5576849673555081
great_britain_u012,modern_english_pop_0035,0.7492713618004302
great_britain_u013,great_britain_0024,1.0309644618744307
great_britain_u013,great_britain_0053,1.6248586993307745
great_britain_u013,great_britain_0100,1.6586327972262076
great_britain_u013,great_britain_0089,1.6485450147309215
great_britain_u013,great_britain_0083,1.13006810866507
great_britain_u013,great_britain_0061,0.6849717453198477
great_britain_u013,great_britain_0007,0.9372583469741582
great_britain_u013,great_britain_0073,0.8413735133383531
great_britain_u013,great_britain_0013,0.78872809647621
great_britain_u013,great_britain_0103,2.1728387288484634
great_britain_u013,great_britain_0098,0.5988871893050947
great_britain_u013,great_britain_0019,1.6132046001826548
great_britain_u013,great_britain_0022,2.209392297651736
great_britain_u013,great_britain_0094,1.1960916449273704
great_britain_u013,great_britain_0027,1.4842442038224977
great_britain_u013,china_opencpop_0013,1.3893079456914654
great_britain_u013,china_opencpop_0046,0.8781790877886225
great_britain_u013,china_opencpop_0014,1.0948301834047864
great_britain_u013,china_opencpop_0025,1.5530888479492153
great_britain_u013,china_opencpop_0024,1.4562301481283557
great_britain_u013,china_opencpop_0020,1.5414067055153349
great_britain_u013,china_opencpop_0003,1.7829092208973356
great_britain_u013,china_opencpop_0017,0.9499420911638418
great_britain_u013,india_saraga_0015,1.4585732049632938
great_britain_u013,india_saraga_0013,1.263759165587677
great_britain_u013,india_saraga_0037,1.349916435748615
great_britain_u013,india_saraga_0068,1.4488297715244616
great_britain_u013,india_saraga_0045,1.462137277877525
great_britain_u013,india_saraga_0033,1.6457559515480065
great_britain_u013,india_saraga_0058,0.9215842615686749
great_britain_u013,india_saraga_0038,1.3321998307510792
great_britain_u013,great_britain_0066,1.0585009945045762
great_britain_u013,great_britain_0064,1.6006310163267818
great_britain_u013,great_britain_0049,1.8707771167965754
great_britain_u013,great_britain_0092,1.9394768736288295
great_britain_u013,great_britain_0087,1.2997147676562366
great_britain_u013,great_britain_0095,1.4525423850223456
great_britain_u013,great_britain_0005,1.150890993268548
great_britain_u013,great_britain_0067,0.8665876977808625
great_britain_u013,great_britain_0010,1.024392523957118
great_britain_u014,great_britain_0082,0.8737649744422615
great_britain_u014,great_britain_0017,1.605925841455729
great_britain_u014,great_britain_0006,1.5536942299041685
great_britain_u014,great_britain_0026,1.9094817747467443
great_britain_u014,great_britain_0092,1.1987081289785442
great_britain_u014,great_britain_0102,1.0041101783197777
great_britain_u014,great_britain_0040,2.2158543050245876
great_britain_u014,great_britain_0004,1.5431002268003093
great_britain_u014,great_britain_0044,0.621816429075211
great_britain_u014,great_britain_0050,1.9907276550927568
great_britain_u014,great_britain_0054,0.9144076550851727
great_britain_u014,turkey_modern_0009,1.5111490288218887
great_britain_u014,turkey_modern_0138,1.4019692766605525
great_britain_u014,turkey_modern_0073,1.7578985277552623
great_britain_u014,turkey_modern_0125,1.7535320571526105
great_britain_u014,turkey_modern_0076,0.8204543432852759
great_britain_u014,turkey_modern_0038,1.4847069346516149
great_britain_u014,turkey_modern_0039,0.8777543658028973
great_britain_u014,turkey_modern_0104,1.2994172174199525
great_britain_u014,indonesia_gamelan_0049,1.256957214688701
great_britain_u014,indonesia_gamelan_0048,0.5236337460885723
great_britain_u014,indonesia_gamelan_0035,0.4569953622777327
great_britain_u014,indonesia_gamelan_0034,0.5279814197029928
great_britain_u014,indonesia_gamelan_0045,0.6227217641678504
great_britain_u014,indonesia_gamelan_0044,0.7978308633194945
great_britain_u014,indonesia_gamelan_0054,1.6743895513774594
great_britain_u014,indonesia_gamelan_0037,1.1501541117180265
great_britain_u014,great_britain_0095,1.9496382495003604
great_britain_u014,great_britain_0014,2.021087772384934
great_britain_u014,great_britain_0101,1.8427768450686832
great_britain_u014,great_britain_0037,1.2501393396254863
great_britain_u014,great_britain_0039,2.065157454375695
great_britain_u014,great_britain_0094,1.855035824478588
great_britain_u014,great_britain_0002,1.8569362398737155
great_britain_u014,great_britain_0046,2.130215714360607
great_britain_u014,great_britain_0029,1.6076944899895043
great_britain_u014,great_britain_0056,1.4867908916847545
great_britain_u014,great_britain_0067,2.110530411854955
great_britain_u014,great_britain_0031,1.3589464810832395
great_britain_u014,great_britain_0025,1.9749594506497536
great_britain_u015,great_britain_0100,1.1369904083932747
great_britain_u015,great_britain_0013,1.4547682543968876
great_britain_u015,great_britain_0083,1.0781619577812662
great_britain_u015,great_britain_0019,2.2649177291058464
great_britain_u015,great_britain_0098,0.9566068977923959
great_britain_u015,great_britain_0094,1.2117711267652758
great_britain_u015,great_britain_0022,1.3156647605828076
great_britain_u015,great_britain_0073,0.7907354398150046
great_britain_u015,great_britain_0089,1.2353728261784738
great_britain_u015,great_britain_0027,2.052860492175904
great_britain_u015,great_britain_0007,0.8171227275129083
great_britain_u015,great_britain_0053,1.5824378651751727
great_britain_u015,great_britain_0024,1.276449063153529
great_britain_u015,great_britain_0061,0.8691758525526093
great_britain_u015,great_britain_0103,0.59627988367488
great_britain_u015,turkey_modern_0077,0.8190134597113653
great_britain_u015,turkey_modern_0031,0.5334690969423027
great_britain_u015,turkey_modern_0040,0.9586374362505925
great_britain_u015,turkey_modern_0069,1.5437833051941168
great_britain_u015,turkey_modern_0086,1.4215751021847767
great_britain_u015,turkey_modern_0133,1.7289680107973853
great_britain_u015,turkey_modern_0048,1.0264708134050433
great_britain_u015,turkey_modern_0014,1.4055318880990013
great_britain_u015,china_jingju_0033,1.3482113248377274
great_britain_u015,china_jingju_0041,0.7430125092636504
great_britain_u015,china_jingju_0013,0.8598363820640891
great_britain_u015,china_jingju_0071,1.1652698700869766
great_britain_u015,china_jingju_0000,1.5254873806579945
great_britain_u015,china_jingju_0008,1.073447191524959
great_britain_u015,china_jingju_0016,0.7574510738369619
great_britain_u015,china_jingju_0038,1.7911786818784992
great_britain_u015,great_britain_0001,0.774373440960078
great_britain_u015,great_britain_0065,2.2239083654225404
great_britain_u015,great_britain_0021,1.970604847542593
great_britain_u015,great_britain_0020,2.022091320806044
great_britain_u015,great_britain_0010,1.9462328308328363
great_britain_u015,great_britain_0042,0.9340948737504728
great_britain_u015,great_britain_0082,1.666204601006792
great_britain_u015,great_britain_0088,1.8803934264778572
great_britain_u015,great_britain_0026,1.8613079913753485
great_britain_u016,great_britain_0040,1.3665062216419037
great_britain_u016,great_britain_0054,2.0434218201508694
great_britain_u016,great_britain_0044,1.1004287060408704
great_britain_u016,great_britain_0102,1.3521819905684376
great_britain_u016,great_britain_0017,1.7231378632876155
great_britain_u016,great_britain_0026,0.8000565319824385
great_britain_u016,great_britain_0006,1.3035543859932128
great_britain_u016,great_britain_0004,1.1087321419488054
great_britain_u016,great_britain_0050,1.742435677616811
great_britain_u016,great_britain_0092,0.8095471978541413
great_britain_u016,great_britain_0082,0.9764618014491169
great_britain_u016,germany_0046,1.4103578750658516
great_britain_u016,germany_0011,0.660902899127555
great_britain_u016,germany_0076,1.0197260040238512
great_britain_u016,germany_0066,1.4123889748250353
great_britain_u016,germany_0006,1.483382318980507
great_britain_u016,germany_0054,0.5780895912067524
great_britain_u016,germany_0019,1.6001940727162955
great_britain_u016,germany_0068,1.4273626065254548
great_britain_u016,france_0089,0.9080476947359736
great_britain_u016,france_0010,1.481133850645824
great_britain_u016,france_0041,1.4332034682098895
great_britain_u016,france_0075,1.2612031557863206
great_britain_u016,france_0028,1.20394958409789
great_britain_u016,france_0093,1.4418497100144405
great_britain_u016,france_0104,1.7990008673023636
great_britain_u016,france_0040,1.2310455365764452
great_britain_u016,great_britain_0042,1.9700383287898777
great_britain_u016,great_britain_0079,1.8588721623693805
great_britain_u016,great_britain_0084,2.0512694935083493
great_britain_u016,great_britain_0067,2.2215553858876387
great_britain_u016,great_britain_0036,0.9080685328699061
great_britain_u016,great_britain_0087,0.8604178727815754
great_britain_u016,great_britain_0057,1.586456904015704
great_britain_u016,great_britain_0068,1.35003398347922
great_britain_u016,great_britain_0043,1.5594966452855668
great_britain_u016,great_britain_0030,1.9516237169875021
great_britain_u016,great_britain_0094,2.18220747808495
great_britain_u016,great_britain_0074,1.2950422984675127
great_britain_u016,great_britain_0023,1.813433813562752
great_britain_u017,great_britain_0007,0.8745478978781288
great_britain_u017,great_britain_0061,1.6502958705618693
great_britain_u017,great_britain_0053,1.4621014837042445
great_britain_u017,great_britain_0073,1.932704069550167
great_britain_u017,great_britain_0024,1.7113311410182064
great_britain_u017,great_britain_0100,1.6124765410644428
great_britain_u017,great_britain_0022,1.9813333399266655
great_britain_u017,great_britain_0019,0.6927538570770286
great_britain_u017,great_britain_0103,1.7667797238439669
great_britain_u017,great_britain_0083,1.8093939804235515
great_britain_u017,great_britain_0089,1.049657123198019
great_britain_u017,great_britain_0098,0.9124956229407554
great_britain_u017,great_britain_0094,0.9438955201615985
great_britain_u017,great_britain_0013,0.9167929894201899
great_britain_u017,great_britain_0027,1.4785242793087006
great_britain_u017,france_0095,0.6330955203438685
great_britain_u017,france_0077,1.340035912916123
great_britain_u017,france_0021,0.5918556495808389
great_britain_u017,france_0029,0.48630101441884593
great_britain_u017,france_0024,0.881041827301926
great_britain_u017,france_0023,0.7090106270396055
great_britain_u017,france_0103,1.7846937748036111
great_britain_u017,france_0000,0.8590450058332435
great_britain_u017,indonesia_fma_0015,0.7497865161344436
great_britain_u017,indonesia_fma_0009,0.7156392617239397
great_britain_u017,indonesia_fma_0006,0.954701421484712
great_britain_u017,indonesia_fma_0000,1.26789600869763
great_britain_u017,indonesia_fma_0007,1.5056261213124813
great_britain_u017,indonesia_fma_0003,0.9421779344531425
great_britain_u017,indonesia_fma_0016,1.2950608230577658
great_britain_u017,indonesia_fma_0005,1.1007808626771731
great_britain_u017,great_britain_0037,2.035204472287112
great_britain_u017,great_britain_0072,1.5565970655983006
great_britain_u017,great_britain_0065,1.0750631339914476
great_britain_u017,great_britain_0087,1.7886880186324914
great_britain_u017,great_britain_0008,1.9896112418396676
great_britain_u017,great_britain_0099,1.3778851329178397
great_britain_u017,great_britain_0035,2.277915237072
great_britain_u017,great_britain_0000,2.0914421166050157
great_britain_u017,great_britain_0055,0.9147468051729728
great_britain_u018,great_britain_0091,0.8979728300049935
great_britain_u018,great_britain_0088,1.210462292288934
great_britain_u018,great_britain_0029,1.0357324521995372
great_britain_u018,great_britain_0021,2.004905943065878
great_britain_u018,great_britain_0041,0.8241786641707461
great_britain_u018,great_britain_0015,1.6896590658523805
great_britain_u018,great_britain_0025,2.2722182950138876
great_britain_u018,great_britain_0090,1.7601691561125175
great_britain_u018,great_britain_0031,0.7116777685370055
great_britain_u018,great_britain_0037,2.141040390885355
great_britain_u018,great_britain_0101,1.6843124440145534
great_britain_u018,great_britain_0033,1.362136439818976
great_britain_u018,great_britain_0023,1.7129695254834294
great_britain_u018,great_britain_0012,2.0913514700652986
great_britain_u018,great_britain_0095,1.3980444681538051
great_britain_u018,great_britain_0034,1.4915295578510952
great_britain_u018,great_britain_0028,1.3554717636509697
great_britain_u018,great_britain_0038,0.7002202104083224
great_britain_u018,great_britain_0077,1.9326959689496932
great_britain_u018,great_britain_0020,0.7930602577821722
great_britain_u018,great_britain_0030,1.255633267747335
great_britain_u018,great_britain_0001,1.2422694086733328
great_britain_u018,great_britain_0099,1.0580703663496227
great_britain_u018,great_britain_0096,1.2693247921678716
great_britain_u018,modern_english_pop_0009,1.2843122990162787
great_britain_u018,modern_english_pop_0101,0.8703728714804109
great_britain_u018,modern_english_pop_0047,0.6828911158926733
great_britain_u018,modern_english_pop_0027,1.6236461391848098
great_britain_u018,modern_english_pop_0089,1.7606240773071329
great_britain_u018,modern_english_pop_0082,1.0690881622330328
great_britain_u018,modern_english_pop_0116,0.8914766116651909
great_britain_u018,modern_english_pop_0097,0.5141008050006096
great_britain_u018,russia_0101,0.49974957982357177
great_britain_u018,russia_0028,0.9803906941212928
great_britain_u018,russia_0002,1.7058267247063037
great_britain_u018,russia_0089,1.436456533592112
great_britain_u018,russia_0029,0.9215137154755463
great_britain_u018,russia_0085,1.7568626739957824
great_britain_u018,russia_0103,1.0288231693952365
great_britain_u018,russia_0007,0.8236702043657717
great_britain_u019,great_britain_0053,2.1713992967891538
great_britain_u019,great_britain_0019,1.0894222366640185
great_britain_u019,great_britain_0027,2.024588877073388
great_britain_u019,great_britain_0100,1.5000062979131168
great_britain_u019,great_britain_0094,1.9943159384006575
great_britain_u019,great_britain_0103,1.5209293531055017
great_britain_u019,great_britain_0089,0.8266658041189788
great_britain_u019,great_britain_0022,0.711653725601093
great_britain_u019,great_britain_0024,2.2262030323861106
great_britain_u019,great_britain_0098,1.3095094098444735
great_britain_u019,great_britain_0083,1.1796481124478733
great_britain_u019,great_britain_0073,1.1896228212253355
great_britain_u019,great_britain_0013,1.228661859795189
great_britain_u019,great_britain_0007,2.205119528117733
great_britain_u019,great_britain_0061,0.6831654132704782
great_britain_u019,italy_0027,0.6107327379661038
great_britain_u019,italy_0042,1.5160295459004964
great_britain_u019,italy_0091,1.1917028133091874
great_britain_u019,italy_0026,0.6235246232472852
great_britain_u019,italy_0102,0.4965211846507541
great_britain_u019,italy_0078,0.752716370176957
great_britain_u019,italy_0081,0.802094495908866
great_britain_u019,italy_0002,0.46918758992576665
great_britain_u019,india_saraga_0059,0.741722226755211
great_britain_u019,india_saraga_0012,1.4467305648857396
great_britain_u019,india_saraga_0051,1.6048354810099552
great_britain_u019,india_saraga_0041,1.662618370189119
great_britain_u019,india_saraga_0089,0.9763839440687836
great_britain_u019,india_saraga_0096,0.8812085299698028
great_britain_u019,india_saraga_0071,1.7998121450806484
great_britain_u019,india_saraga_0094,1.488609608744145
great_britain_u019,great_britain_0082,1.5019323395655313
great_britain_u019,great_britain_0069,1.014480721389209
great_britain_u019,great_britain_0068,1.1292519062268056
great_britain_u019,great_britain_0074,1.464003501730693
great_britain_u019,great_britain_0037,1.5100930366390446
great_britain_u019,great_britain_0088,0.5985956613720942
great_britain_u019,great_britain_0052,2.2299651470932935
great_britain_u019,great_britain_0043,1.567920776681447
great_britain_u019,great_britain_0045,1.591297971605755
great_britain_u020,great_britain_0074,0.9888760289877234
great_britain_u020,great_britain_0043,1.1169374055405856
great_britain_u020,great_britain_0039,1.2967219817945401
great_britain_u020,great_britain_0063,1.6154838265974925
great_britain_u020,great_britain_0049,2.223788130380002
great_britain_u020,great_britain_0067,1.5038859514203438
great_britain_u020,great_britain_0062,1.8362577439620225
great_britain_u020,great_britain_0075,1.9670769016323293
great_britain_u020,great_britain_0070,0.7708015092572549
great_britain_u020,great_britain_0042,1.7016400515305479
great_britain_u020,great_britain_0072,1.406640992438882
great_britain_u020,great_britain_0047,1.562443375377614
great_britain_u020,great_britain_0035,0.6412692142016018
great_britain_u020,great_britain_0045,2.138222145544239
great_britain_u020,great_britain_0048,2.2185526580176513
great_britain_u020,great_britain_0059,0.5810063183559552
great_britain_u020,great_britain_0060,0.9420654962716062
great_britain_u020,great_britain_0071,0.8858349496479385
great_britain_u020,great_britain_0058,1.9227502923077435
great_britain_u020,great_britain_0064,1.6066881019678898
great_britain_u020,great_britain_0046,0.8809005691868621
great_britain_u020,great_britain_0056,1.9790998979250343
great_britain_u020,great_britain_0066,1.184744153864916
great_britain_u020,great_britain_0052,1.3699781116056016
great_britain_u020,indonesia_gamelan_0000,0.9728639171828714
great_britain_u020,indonesia_gamelan_0004,1.1538632786956597
great_britain_u020,indonesia_gamelan_0019,1.0981923329187793
great_britain_u020,indonesia_gamelan_0050,0.8206884035942976
great_britain_u020,indonesia_gamelan_0005,1.0231506506166843
great_britain_u020,indonesia_gamelan_0025,1.6762551523033054
great_britain_u020,indonesia_gamelan_0021,1.1289070842469808
great_britain_u020,indonesia_gamelan_0020,1.6871216540702072
great_britain_u020,france_0026,1.1926715145542524
great_britain_u020,france_0039,1.4879033459066144
great_britain_u020,france_0044,0.8463482680406125
great_britain_u020,france_0043,1.5170582115599507
great_britain_u020,france_0073,0.8068341775297305
great_britain_u020,france_0078,0.4763924617180136
great_britain_u020,france_0030,0.6669840732898856
great_britain_u020,france_0046,0.4792313812932497
great_britain_u021,great_britain_0093,0.7663169642344843
great_britain_u021,great_britain_0018,0.7252980632813738
great_britain_u021,great_britain_0068,1.2499567078014167
great_britain_u021,great_britain_0084,0.6535606974789309
great_britain_u021,great_britain_0008,1.1505204390429278
great_britain_u021,russia_0049,1.7480698774305354
great_britain_u021,russia_0026,1.1351312310735524
great_britain_u021,russia_0021,1.560570286727505
great_britain_u021,russia_0024,0.6245090269587887
great_britain_u021,russia_0027,0.8119063562531016
great_britain_u021,indonesia_gamelan_0027,1.7278377001344118
great_britain_u021,indonesia_gamelan_0035,0.9677950608609318
great_britain_u021,indonesia_gamelan_0009,1.3253482734052353
great_britain_u021,indonesia_gamelan_0053,1.7677711518694956
great_britain_u021,indonesia_gamelan_0019,1.193563471046493
great_britain_u021,indonesia_gamelan_0028,0.8622170314587935
great_britain_u021,indonesia_gamelan_0029,1.1681304155352843
great_britain_u021,indonesia_gamelan_0023,0.52376021909666
great_britain_u021,great_britain_0005,0.7688380328098922
great_britain_u021,great_britain_0086,0.5873701562151655
great_britain_u021,great_britain_0061,2.100262321699632
great_britain_u021,great_britain_0037,1.7329587398518023
great_britain_u021,great_britain_0067,1.0896188448539905
great_britain_u021,great_britain_0004,0.9565034481326004
great_britain_u021,great_britain_0052,1.7533071369971702
great_britain_u021,great_britain_0046,2.161192811754612
great_britain_u021,great_britain_0060,1.091014932064891
great_britain_u021,great_britain_0045,1.1296894636921986
great_britain_u021,great_britain_0094,2.0485652509592582
great_britain_u021,great_britain_0074,2.1160732823994723
great_britain_u021,great_britain_0011,2.151713077781368
great_britain_u021,great_britain_0049,1.0806910088115484
great_britain_u021,great_britain_0097,0.7825391791037019
great_britain_u021,great_britain_0028,1.333995811697485
great_britain_u021,great_britain_0104,1.0851943923685372
great_britain_u021,great_britain_0048,2.0996700002504167
great_britain_u021,great_britain_0064,0.6381952746111149
great_britain_u021,great_britain_0002,1.6684438101225696
great_britain_u021,great_britain_0101,2.1381628559154966
great_britain_u021,great_britain_0051,2.2597563827404636
great_britain_u022,great_britain_0015,1.7271675725575433
great_britain_u022,great_britain_0095,1.2913301406158615
great_britain_u022,great_britain_0001,1.2705912775946102
great_britain_u022,great_britain_0077,1.9704085410941317
great_britain_u022,great_britain_0023,1.0817710032947472
great_britain_u022,great_britain_0088,1.756334980409179
great_britain_u022,great_britain_0097,1.8277097029063252
great_britain_u022,great_britain_0037,2.031859081648637
great_britain_u022,great_britain_0028,1.126802643969602
great_britain_u022,great_britain_0032,1.8547589852958983
great_britain_u022,great_britain_0057,0.7586950733232348
great_britain_u022,great_britain_0096,0.8131564824420356
great_britain_u022,great_britain_0031,1.2949046692991175
great_britain_u022,great_britain_0030,0.6702644642128015
great_britain_u022,great_britain_0091,2.2097796045277085
great_britain_u022,great_britain_0041,2.130770273128647
great_britain_u022,great_britain_0090,0.6594106247820795
great_britain_u022,great_britain_0038,2.021087720264181
great_britain_u022,great_britain_0012,1.4528079503052935
great_britain_u022,great_britain_0020,1.7858859824443736
great_britain_u022,great_britain_0033,2.104956267039373
great_britain_u022,great_britain_0099,1.57028099020903
great_britain_u022,great_britain_0051,0.7756642479909857
great_britain_u022,great_britain_0034,0.5794481030893611
great_britain_u022,italy_0080,1.120844068539453
great_britain_u022,italy_0082,1.731463378367886
great_britain_u022,italy_0019,1.2230395266778147
great_britain_u022,italy_0086,0.9534678364191094
great_britain_u022,italy_0085,0.491744723059233
great_britain_u022,italy_0084,1.6852222133255705
great_britain_u022,italy_0087,0.891661492158357
great_britain_u022,italy_0035,1.4014494917753797
great_britain_u022,france_0007,1.3872202228504777
great_britain_u022,france_0028,0.7927422678478098
great_britain_u022,france_0010,0.5360996337219792
great_britain_u022,france_0075,0.9697505112069889
great_britain_u022,france_0089,0.8781268686802198
great_britain_u022,france_0061,1.39534613847764
great_britain_u022,france_0005,1.5567063691407828
great_britain_u022,france_0086,0.7503013134787608
great_britain_u023,great_britain_0000,1.279410987098344
great_britain_u023,great_britain_0016,0.9627646507224229
great_britain_u023,great_britain_0005,1.0016326468560988
great_britain_u023,great_britain_0036,1.5826407762633325
great_britain_u023,great_britain_0078,1.1231557383806428
great_britain_u023,great_britain_0003,2.0071845430548247
great_britain_u023,great_britain_0079,0.7671393093284395
great_britain_u023,great_britain_0081,1.57143753284195
great_britain_u023,great_britain_0009,0.8510771543149515
great_britain_u023,great_britain_0011,1.4862150814381363
great_britain_u023,great_britain_0002,1.5281416549892997
great_britain_u023,great_britain_0010,1.6829635092568827
great_britain_u023,great_britain_0080,1.3123080340457416
great_britain_u023,great_britain_0086,1.4538438318479636
great_britain_u023,great_britain_0076,0.8871432627402309
great_britain_u023,great_britain_0085,1.3737014782951684
great_britain_u023,great_britain_0087,1.218477421187651
great_britain_u023,india_saraga_0054,1.3492769912834532
great_britain_u023,india_saraga_0065,1.0370093267202563
great_britain_u023,india_saraga_0018,1.5021112288232972
great_britain_u023,india_saraga_0084,1.0250893330744844
great_britain_u023,india_saraga_0051,0.7682910835148442
great_britain_u023,india_saraga_0100,0.8194797705940893
great_britain_u023,india_saraga_0102,0.5111350538737094
great_britain_u023,india_saraga_0026,1.1788903943112286
great_britain_u023,indonesia_gamelan_0010,1.5716891932654344
great_britain_u023,indonesia_gamelan_0046,1.4883008042037196
great_britain_u023,indonesia_gamelan_0050,1.0410157795569364
great_britain_u023,indonesia_gamelan_0053,0.7147624794450915
great_britain_u023,indonesia_gamelan_0036,1.6157039984515613
great_britain_u023,indonesia_gamelan_0045,0.5266543959608423
great_britain_u023,indonesia_gamelan_0026,0.988950679023367
great_britain_u023,indonesia_gamelan_0020,1.606430442218334
great_britain_u023,great_britain_0037,1.2532297857722388
great_britain_u023,great_britain_0067,0.7783351870557559
great_britain_u023,great_britain_0051,1.0337628880964982
great_britain_u023,great_britain_0065,1.6100507870065859
great_britain_u023,great_britain_0083,0.8372619407731348
great_britain_u023,great_britain_0104,1.7047634388030635
great_britain_u023,great_britain_0071,1.3308293313186987
india_u000,india_saraga_0072,2.2182733983136025
india_u000,india_saraga_0053,1.7549889086003385
india_u000,india_saraga_0067,1.312620362573414
india_u000,india_saraga_0084,0.9208326400430535
india_u000,india_saraga_0024,2.0820285626017605
india_u000,india_saraga_0023,0.9226839752330621
india_u000,india_saraga_0035,1.794021648420785
india_u000,india_saraga_0107,1.8917345236657217
india_u000,india_saraga_0000,1.0832817532755792
india_u000,india_saraga_0020,1.4459779216193578
india_u000,india_saraga_0006,0.9596565119992294
india_u000,india_saraga_0099,1.228653659110734
india_u000,india_saraga_0069,2.239856837033015
india_u000,india_saraga_0050,1.770663109778892
india_u000,india_saraga_0060,2.0354095056786385
india_u000,india_saraga_0041,1.507534260780128
india_u000,india_saraga_0047,0.9873435552110893
india_u000,india_saraga_0096,1.8047177527509086
india_u000,india_saraga_0003,1.438479732363727
india_u000,india_saraga_0046,0.8800642974846761
india_u000,india_saraga_0008,1.2864415595914127
india_u000,india_saraga_0052,1.6700993778031274
india_u000,india_saraga_0043,1.8434474527768607
india_u000,india_saraga_0079,0.9945558729108566
india_u000,france_0033,1.632596408121597
india_u000,france_0022,0.9623939945508152
india_u000,france_0050,0.8160345691552103
india_u000,france_0016,0.7134120748625284
india_u000,france_0001,1.5356313014440144
india_u000,france_0092,0.9281221762041845
india_u000,france_0085,1.1025886876487119
india_u000,france_0059,0.7508067618112322
india_u000,great_britain_0024,1.3762229460780577
india_u000,great_britain_0007,1.5043951001957703
india_u000,great_britain_0089,0.9082240860870111
india_u000,great_britain_0022,1.7258571702513927
india_u000,great_britain_0019,0.4913243229063187
india_u000,great_britain_0073,0.6294731894199544
india_u000,great_britain_0013,1.2448624926066625
india_u000,great_britain_0103,1.3968992637653126
india_u001,india_saraga_0094,1.0256672065286097
india_u001,india_saraga_0049,1.9413136345324877
india_u001,india_saraga_0032,0.9146024897735334
india_u001,india_saraga_0096,0.9928440089287014
india_u001,india_saraga_0047,2.0267403293990456
india_u001,india_saraga_0060,1.853557106882889
india_u001,india_saraga_0104,1.6322067684896728
india_u001,india_saraga_0022,0.6421379156068391
india_u001,india_saraga_0063,0.7945193915411531
india_u001,india_saraga_0043,1.4374266188236267
india_u001,india_saraga_0068,1.862434643007987
india_u001,india_saraga_0000,1.375573990730895
india_u001,india_saraga_0026,0.6048304671155008
india_u001,india_saraga_0031,0.8928657477002674
india_u001,india_saraga_0061,1.590622556844876
india_u001,india_saraga_0086,1.7725244279617847
india_u001,india_saraga_0059,0.6326638394280351
india_u001,india_saraga_0064,0.649747274719363
india_u001,india_saraga_0057,1.025759949162226
india_u001,india_saraga_0033,0.7190404245418245
india_u001,india_saraga_0028,1.509857250533554
india_u001,india_saraga_0091,0.7883859188752738
india_u001,india_saraga_0044,1.6931783527049538
india_u001,india_saraga_0065,1.9157136758055873
india_u001,italy_0062,1.7601974960653441
india_u001,italy_0038,1.7303493982109144
india_u001,italy_0050,0.8190429528176256
india_u001,italy_0074,0.4897029635412833
india_u001,italy_0077,0.8947064917508867
india_u001,italy_0072,1.406448160262082
india_u001,italy_0037,0.5307316325179281
india_u001,italy_0071,0.9356120878564288
india_u001,china_opencpop_0002,0.8523466391883244
india_u001,china_opencpop_0035,0.7461166083556185
india_u001,china_opencpop_0022,1.4032765188859255
india_u001,china_opencpop_0005,1.339780956782905
india_u001,china_opencpop_0010,1.1729170269463636
india_u001,china_opencpop_0021,1.6795457635701567
india_u001,china_opencpop_0013,0.5892374511858678
india_u001,china_opencpop_0041,0.6520804530454767
india_u002,india_saraga_0107,0.869361519935147
india_u002,india_saraga_0056,1.649432068287834
india_u002,india_saraga_0019,1.1022680317665492
india_u002,india_saraga_0078,0.9453953509602181
india_u002,india_saraga_0095,0.9697602138933995
india_u002,india_saraga_0016,0.9455634041514795
india_u002,india_saraga_0088,1.6494178877676955
india_u002,india_saraga_0102,0.8642673449598135
india_u002,india_saraga_0080,1.2006684695853107
india_u002,india_saraga_0037,1.761604843148705
india_u002,india_saraga_0061,1.461082573924697
india_u002,india_saraga_0068,1.6053095020877095
india_u002,india_saraga_0006,1.0078145395749663
india_u002,india_saraga_0028,2.1839331562099793
india_u002,india_saraga_0094,1.288941703345679
india_u002,india_saraga_0040,1.070012790656277
india_u002,india_saraga_0067,2.1349626675008646
india_u002,india_saraga_0039,1.7053745863310676
india_u002,india_saraga_0069,1.6340566139138268
india_u002,india_saraga_0051,2.10461727498664
india_u002,india_saraga_0034,0.6759819938181381
india_u002,india_saraga_0066,2.0199971582130756
india_u002,india_saraga_0099,1.7443160284262988
india_u002,india_saraga_0106,1.195987570995723
india_u002,turkey_modern_0044,0.7960743124072052
india_u002,turkey_modern_0062,0.5914879648401029
india_u002,turkey_modern_0095,1.7204501298330317
india_u002,turkey_modern_0099,0.641581339494874
india_u002,turkey_modern_0132,0.8002420232366937
india_u002,turkey_modern_0083,1.3829946924187844
india_u002,turkey_modern_0128,1.40870579114609
india_u002,turkey_modern_0058,0.6670377512135018
india_u002,great_britain_0084,1.5490770670335974
india_u002,great_britain_0018,1.1388878133880893
india_u002,great_britain_0068,1.595416515455397
india_u002,great_britain_0093,0.5678352762941852
india_u002,great_britain_0008,0.507820498776481
india_u002,india_saraga_0007,1.673808408077753
india_u002,india_saraga_0027,0.833791050014434
india_u002,india_saraga_0055,1.4805371038899422
india_u003,india_saraga_0045,0.5788960480850132
india_u003,india_saraga_0042,0.990626112467457
india_u003,india_saraga_0100,1.8927628742552363
india_u003,india_saraga_0087,1.7995279139041251
india_u003,india_saraga_0065,1.1460131998319125
india_u003,india_saraga_0078,1.6541306310788066
india_u003,india_saraga_0038,0.9118709020911616
india_u003,india_saraga_0066,1.029757815739101
india_u003,india_saraga_0074,2.2092789619818065
india_u003,india_saraga_0105,1.2877364883139004
india_u003,india_saraga_0088,0.997603600165524
india_u003,india_saraga_0058,1.4152617257972602
india_u003,india_saraga_0093,1.2426023926332064
india_u003,india_saraga_0062,1.8334375894272072
india_u003,india_saraga_0096,2.23465028369677
india_u003,india_saraga_0083,1.5957470571895183
india_u003,india_saraga_0071,1.5947288974661782
india_u003,india_saraga_0107,1.2043384062980083
india_u003,india_saraga_0036,1.5489883576573844
india_u003,india_saraga_0014,1.1258422945178135
india_u003,india_saraga_0040,0.5768838281887898
india_u003,india_saraga_0080,2.069015898215387
india_u003,india_saraga_0099,1.3157910475249412
india_u003,india_saraga_0021,1.423852636718144
india_u003,china_opencpop_0043,0.562726235825003
india_u003,china_opencpop_0029,1.5800991930972792
india_u003,china_opencpop_0001,0.679955045009747
india_u003,china_opencpop_0045,1.0043385643588265
india_u003,china_opencpop_0026,1.5843584885362398
india_u003,china_opencpop_0009,1.0680069692882515
india_u003,china_opencpop_0047,1.707055652879726
india_u003,china_opencpop_0042,0.7325743096179311
india_u003,italy_0015,1.4155643204389412
india_u003,italy_0063,1.770298006808332
india_u003,italy_0061,1.1919784102474196
india_u003,italy_0048,1.3844482631693904
india_u003,italy_0017,0.9808559904613615
india_u003,italy_0056,1.464305408629383
india_u003,italy_0018,1.6769799763070343
india_u003,italy_0064,1.3991250155182144
india_u004,india_saraga_0044,0.6519406361294181
india_u004,india_saraga_0003,2.056720368592207
india_u004,india_saraga_0002,0.7086056966258308
india_u004,india_saraga_0064,1.4875197061774459
india_u004,india_saraga_0022,1.3549066419371711
india_u004,india_saraga_0061,2.1819317885356124
india_u004,india_saraga_0014,0.9183610124417795
india_u004,india_saraga_0018,0.8849514765298706
india_u004,india_saraga_0096,1.8665318027795106
india_u004,india_saraga_0048,1.8268660910981105
india_u004,india_saraga_0062,1.7810885541000776
india_u004,india_saraga_0016,0.6200692753973567
india_u004,india_saraga_0027,1.0234304596004673
india_u004,india_saraga_0076,2.023819181798666
india_u004,india_saraga_0053,1.6114802595129327
india_u004,india_saraga_0082,1.6137862382630133
india_u004,india_saraga_0034,1.0854561443233002
india_u004,india_saraga_0052,1.023798577760735
india_u004,india_saraga_0050,2.2078071818314893
india_u004,india_saraga_0013,1.830377856021791
india_u004,india_saraga_0080,0.7938440532081696
india_u004,india_saraga_0086,2.1925444751979923
india_u004,india_saraga_0038,1.5795885118861444
india_u004,india_saraga_0009,1.150050083000977
india_u004,turkey_modern_0011,0.986138252639458
india_u004,turkey_modern_0142,1.4292960889760347
india_u004,turkey_modern_0030,0.9579680797762129
india_u004,turkey_modern_0087,1.2313054788101194
india_u004,turkey_modern_0090,1.4091743204753466
india_u004,turkey_modern_0046,0.7137562463630521
india_u004,turkey_modern_0101,1.7247260064274417
india_u004,turkey_modern_0091,0.9308332414378033
india_u004,modern_english_pop_0054,1.0161559220538343
india_u004,modern_english_pop_0066,1.3929943966215579
india_u004,modern_english_pop_0017,1.2718598706734816
india_u004,modern_english_pop_0024,1.044161779867892
india_u004,modern_english_pop_0012,1.3271517544060685
india_u004,modern_english_pop_0106,1.6688182152222601
india_u004,modern_english_pop_0027,1.530382882471315
india_u004,modern_english_pop_0019,1.5627496634389444
india_u005,india_saraga_0076,2.116069820207445
india_u005,india_saraga_0106,1.6539964965910605
india_u005,india_saraga_0033,1.5611262786758586
india_u005,india_saraga_0035,1.5056380922301784
india_u005,india_saraga_0034,1.2510520076289176
india_u005,india_saraga_0039,1.01429659259754
india_u005,india_saraga_0066,1.8779304247019852
india_u005,india_saraga_0028,1.454003968138867
india_u005,india_saraga_0061,0.633545693198905
india_u005,india_saraga_0025,1.2634380121069817
india_u005,india_saraga_0048,2.176841275934386
india_u005,india_saraga_0098,1.2199681186579885
india_u005,india_saraga_0070,1.2878269386716144
india_u005,india_saraga_0068,1.6513329372699364
india_u005,india_saraga_0094,1.9578890365823967
india_u005,india_saraga_0030,1.7280954280406282
india_u005,india_saraga_0027,2.0413444111870827
india_u005,india_saraga_0015,0.7715992626452044
india_u005,india_saraga_0095,2.169922154474669
india_u005,india_saraga_0026,2.134265333409641
india_u005,india_saraga_0097,1.470531311860139
india_u005,india_saraga_0062,1.6526803601829219
india_u005,india_saraga_0007,0.9421025115974179
india_u005,india_saraga_0003,1.3477093305178958
india_u005,germany_0009,0.7236495372417466
india_u005,germany_0076,0.4796685165703764
india_u005,germany_0054,1.774219141971521
india_u005,germany_0044,0.7998477962087769
india_u005,germany_0066,1.2506962170120777
india_u005,germany_0011,0.8553380177761152
india_u005,germany_0068,0.9503391872840871
india_u005,germany_0019,0.986978104086071
india_u005,modern_english_pop_0099,0.9023130872884229
india_u005,modern_english_pop_0023,1.3104896751089135
india_u005,modern_english_pop_0115,1.7472639651596182
india_u005,modern_english_pop_0062,1.0286567775084146
india_u005,modern_english_pop_0103,1.763991077473258
india_u005,modern_english_pop_0111,1.3515262704154574
india_u005,modern_english_pop_0018,1.2696338632783624
india_u005,modern_english_pop_0046,0.7700901999285461
india_u006,india_saraga_0088,0.9208524129523689
india_u006,india_saraga_0037,1.8978131327662233
india_u006,india_saraga_0020,1.0053878398823992
india_u006,india_saraga_0010,1.8851178297707099
india_u006,india_saraga_0103,1.5537608166962742
india_u006,india_saraga_0073,1.2075790906023367
india_u006,india_saraga_0071,0.7190243520776994
india_u006,india_saraga_0032,2.002453904417119
india_u006,india_saraga_0075,2.1959012883769384
india_u006,india_saraga_0017,1.7237081705010995
india_u006,india_saraga_0092,2.238834202546182
india_u006,india_saraga_0090,2.1863421978491595
india_u006,india_saraga_0074,0.910699491386475
india_u006,india_saraga_0042,1.836341301331918
india_u006,india_saraga_0084,1.177550813530023
india_u006,india_saraga_0027,1.4159674469757049
india_u006,india_saraga_0050,0.8457653687317589
india_u006,india_saraga_0016,2.2564945133994505
india_u006,india_saraga_0011,1.8275869858068046
india_u006,india_saraga_0014,1.03541683411342
india_u006,india_saraga_0097,1.2157886655398578
india_u006,india_saraga_0029,1.303783048779653
india_u006,india_saraga_0105,1.8644956741481242
india_u006,india_saraga_0061,2.171827785177533
india_u006,turkey_modern_0042,0.8839441795291717
india_u006,turkey_modern_0004,1.0878751191785665
india_u006,turkey_modern_0140,1.2508302233268467
india_u006,turkey_modern_0148,0.9810143897404261
india_u006,turkey_modern_0128,1.130644786543675
india_u006,turkey_modern_0026,0.5927052991771378
india_u006,turkey_modern_0053,0.6763604234222242
india_u006,turkey_modern_0008,0.9914866972471956
india_u006,china_jingju_0024,1.685167665890246
india_u006,china_jingju_0008,0.9216333617552555
india_u006,china_jingju_0002,0.7872202916167684
india_u006,china_jingju_0077,1.4528639981465226
india_u006,china_jingju_0000,1.7313257242034226
india_u006,china_jingju_0071,1.069816883035789
india_u006,china_jingju_0038,0.46161669001569716
india_u006,china_jingju_0030,1.3790015974920844
india_u007,india_saraga_0056,2.003374453980987
india_u007,india_saraga_0031,0.7639301580115749
india_u007,india_saraga_0090,1.2654632524563219
india_u007,india_saraga_0003,1.8403247389135942
india_u007,india_saraga_0068,0.8573877811200309
india_u007,india_saraga_0013,1.5522533308116049
india_u007,india_saraga_0076,1.7339222437356223
india_u007,india_saraga_0091,1.1870189724879343
india_u007,india_saraga_0082,2.010169422999487
india_u007,india_saraga_0037,1.455885369205581
india_u007,india_saraga_0075,1.6565660988973796
india_u007,india_saraga_0045,0.8180055743157432
india_u007,india_saraga_0021,0.6149513010688541
india_u007,india_saraga_0000,0.6625412846731012
india_u007,india_saraga_0071,2.1342622556419224
india_u007,india_saraga_0057,2.0975581128282332
india_u007,india_saraga_0047,1.9680952325541783
india_u007,india_saraga_0012,0.9193308573801349
india_u007,india_saraga_0009,1.481416174612893
india_u007,india_saraga_0072,1.948301998445944
india_u007,india_saraga_0084,1.7388043376662097
india_u007,india_saraga_0044,0.7742740590909922
india_u007,india_saraga_0024,2.119808569676431
india_u007,india_saraga_0065,0.8521771275419849
india_u007,modern_english_pop_0007,0.6819241861080029
india_u007,modern_english_pop_0109,1.666361649380456
india_u007,modern_english_pop_0003,1.1042328677775968
india_u007,modern_english_pop_0112,0.9534039650412303
india_u007,modern_english_pop_0004,1.1974366021023763
india_u007,modern_english_pop_0108,1.7748863993233503
india_u007,modern_english_pop_0092,0.6115011145754079
india_u007,modern_english_pop_0063,1.471880945869288
india_u007,great_britain_0061,0.9013399140295723
india_u007,great_britain_0019,0.6080165156442922
india_u007,great_britain_0089,1.0196100297264672
india_u007,great_britain_0013,1.1908163849291158
india_u007,great_britain_0083,0.7280482109329983
india_u007,great_britain_0022,0.9971137697804133
india_u007,great_britain_0027,1.3081626343875923
india_u007,great_britain_0103,1.2282048266223
india_u008,india_saraga_0017,2.0530185285252287
india_u008,india_saraga_0010,1.1510008802718852
india_u008,india_saraga_0101,0.7363395110061762
india_u008,india_saraga_0087,1.0582387186641762
india_u008,india_saraga_0013,2.0288910232720774
india_u008,india_saraga_0053,1.7062800256672976
india_u008,india_saraga_0100,2.242547571077566
india_u008,india_saraga_0032,1.1661247568040034
india_u008,india_saraga_0034,1.526289407503083
india_u008,india_saraga_0039,1.937815932325943
india_u008,india_saraga_0106,0.9786361012123763
india_u008,india_saraga_0081,2.2380552062879233
india_u008,india_saraga_0016,1.5968859850483805
india_u008,india_saraga_0038,0.5886232967264017
india_u008,india_saraga_0025,0.6183894004583214
india_u008,india_saraga_0061,2.0968226282927516
india_u008,india_saraga_0045,1.6881106353878588
india_u008,india_saraga_0060,1.8913000953851618
india_u008,india_saraga_0011,1.9274276016506662
india_u008,india_saraga_0036,1.300293114032589
india_u008,india_saraga_0046,1.9526043995954705
india_u008,india_saraga_0071,2.192243467301628
india_u008,india_saraga_0030,0.8719951609025972
india_u008,india_saraga_0058,1.8931352892099855
india_u008,italy_0060,0.8655192102810128
india_u008,italy_0020,0.8840155541227027
india_u008,italy_0032,1.0072190488991213
india_u008,italy_0055,1.6160213518759154
india_u008,italy_0018,0.47977569086856636
india_u008,italy_0015,1.0358003791938564
india_u008,italy_0061,1.3680643269185153
india_u008,italy_0064,0.5990608686814047
india_u008,france_0030,1.5195423559735124
india_u008,france_0044,1.7215685071614266
india_u008,france_0078,0.5727620084539211
india_u008,france_0100,0.6564799860716855
india_u008,france_0039,1.7650312536773738
india_u008,france_0043,0.7171051150607513
india_u008,france_0046,0.556568562199326
india_u008,france_0074,1.7354599241344653
india_u009,india_saraga_0050,1.5352417901998745
india_u009,india_saraga_0080,0.5855093994820101
india_u009,india_saraga_0021,0.6065408333462385
india_u009,india_saraga_0004,1.9164162436561318
india_u009,india_saraga_0064,0.8543402095777222
india_u009,india_saraga_0081,1.6078238014585504
india_u009,india_saraga_0056,1.749866384336116
india_u009,india_saraga_0052,1.056905647836157
india_u009,india_saraga_0093,1.557066319509686
india_u009,india_saraga_0039,0.9894463368311537
india_u009,india_saraga_0051,2.2073941122097143
india_u009,india_saraga_0043,2.058793519702313
india_u009,india_saraga_0048,1.0718738153331342
india_u009,india_saraga_0055,1.487204996889336
india_u009,india_saraga_0003,1.4385916785904873
india_u009,india_saraga_0061,2.2310401199638776
india_u009,india_saraga_0046,1.254699645817148
india_u009,india_saraga_0057,1.5448425317222025
india_u009,india_saraga_0038,2.1770188761808287
india_u009,india_saraga_0072,0.8558490632795628
india_u009,india_saraga_0002,1.5245876656551332
india_u009,india_saraga_0082,0.757285787624156
india_u009,india_saraga_0033,1.6401856573869134
india_u009,india_saraga_0060,1.205803525842583
india_u009,russia_0032,1.7563086987924608
india_u009,russia_0046,1.0108023945505105
india_u009,russia_0053,0.6338533106813042
india_u009,russia_0042,1.5758999472533457
india_u009,russia_0031,1.558170033420934
india_u009,russia_0061,1.388060486382759
india_u009,russia_0064,1.4608959325437079
india_u009,russia_0018,0.8073655438806994
india_u009,germany_0005,1.3167722255707548
india_u009,germany_0002,0.5013268261272814
india_u009,germany_0038,0.7158016942515467
india_u009,germany_0033,1.708577254196667
india_u009,germany_0039,1.447967651061589
india_u009,germany_0079,0.761407930335498
india_u009,germany_0090,0.600367170851039
india_u009,germany_0092,1.731041250572477
india_u010,india_saraga_0077,1.6474835376392847
india_u010,india_saraga_0056,0.8455057065096533
india_u010,india_saraga_0012,1.5825173774407761
india_u010,india_saraga_0091,1.1987565884804887
india_u010,india_saraga_0022,1.4968149531005226
india_u010,india_saraga_0070,0.5782341125813611
india_u010,india_saraga_0026,2.0385268368035043
india_u010,india_saraga_0028,1.1993214664127865
india_u010,india_saraga_0035,0.8167732991294688
india_u010,india_saraga_0104,1.3304048533337627
india_u010,india_saraga_0074,1.4136558312682386
india_u010,india_saraga_0080,1.6745196756059257
india_u010,india_saraga_0065,1.4798702096076826
india_u010,india_saraga_0050,0.6500781790656831
india_u010,india_saraga_0006,2.0783587555841443
india_u010,india_saraga_0051,1.3624779073325082
india_u010,india_saraga_0094,0.7078039076194402
india_u010,india_saraga_0016,1.908128708012844
india_u010,india_saraga_0049,1.7137663724007925
india_u010,india_saraga_0032,1.6952801580269075
india_u010,india_saraga_0100,1.3114266529938428
india_u010,india_saraga_0000,1.283107433021205
india_u010,india_saraga_0085,1.5001841477681663
india_u010,india_saraga_0090,0.6622753622509532
india_u010,modern_english_pop_0064,0.8535929816941932
india_u010,modern_english_pop_0019,1.7836571343092043
india_u010,modern_english_pop_0097,1.3439598603229024
india_u010,modern_english_pop_0054,1.0155611233133848
india_u010,modern_english_pop_0048,0.7501901889696115
india_u010,modern_english_pop_0028,1.4560326385653153
india_u010,modern_english_pop_0043,0.8013919181033584
india_u010,modern_english_pop_0080,0.6691996401924988
india_u010,russia_0033,0.6585951153162878
india_u010,russia_0045,1.4345054268723887
india_u010,russia_0025,1.3177938432897685
india_u010,russia_0012,0.5442382341511613
india_u010,russia_0055,0.6053078007389734
india_u010,russia_0040,1.305693270927329
india_u010,russia_0017,1.2210067375274147
india_u010,russia_0067,1.3760987315019482
india_u011,india_saraga_0090,1.3092497700308583
india_u011,india_saraga_0078,1.0451571560929471
india_u011,india_saraga_0017,1.0556222155875283
india_u011,india_saraga_0083,2.2864210696877607
india_u011,india_saraga_0081,2.168343470133182
india_u011,india_saraga_0042,0.7059255007066411
india_u011,india_saraga_0062,1.7075498746933164
india_u011,india_saraga_0032,1.3631138729113563
india_u011,india_saraga_0091,1.7632043176685543
india_u011,india_saraga_0011,1.6047572170574547
india_u011,india_saraga_0024,2.10896039014217
india_u011,india_saraga_0053,0.690554842148223
india_u011,india_saraga_0029,1.178056398299542
india_u011,india_saraga_0015,2.2749773669628834
india_u011,india_saraga_0064,0.8894422270088139
india_u011,india_saraga_0059,0.7946501831489664
india_u011,india_saraga_0026,1.8324767103509925
india_u011,india_saraga_0007,1.9160756510301244
india_u011,india_saraga_0054,1.7346718697387888
india_u011,india_saraga_0035,1.9139378046108713
india_u011,india_saraga_0086,1.771669711860722
india_u011,india_saraga_0061,0.8092044269488299
india_u011,india_saraga_0063,1.6241827731504246
india_u011,india_saraga_0004,1.9151122774151932
india_u011,modern_english_pop_0113,1.6184474185380315
india_u011,modern_english_pop_0037,0.7824175776230053
india_u011,modern_english_pop_0075,0.622031527267027
india_u011,modern_english_pop_0021,1.5044720988364826
india_u011,modern_english_pop_0044,0.7963402657981483
india_u011,modern_english_pop_0023,0.49310479573319793
india_u011,modern_english_pop_0082,1.5640383109265608
india_u011,modern_english_pop_0036,1.1330880306446611
india_u011,france_0066,0.8909547287783697
india_u011,france_0081,0.46542929206259137
india_u011,france_0017,0.4976920503557294
india_u011,france_0049,1.5200414152563977
india_u011,france_0011,1.111102944702567
india_u011,france_0019,0.6521247665502212
india_u011,france_0058,0.9339825967861745
india_u011,france_0064,0.673161949175656
india_u012,india_saraga_0063,0.5896706601308035
india_u012,india_saraga_0012,1.7135885634065016
india_u012,india_saraga_0044,0.8685294639148544
india_u012,india_saraga_0103,1.8247172881002427
india_u012,india_saraga_0055,1.5536592003084149
india_u012,india_saraga_0040,1.2675576190724762
india_u012,india_saraga_0013,1.7722645903825207
india_u012,india_saraga_0048,2.0526234181236456
india_u012,india_saraga_0101,1.9183329064120762
india_u012,india_saraga_0014,1.5157792520865403
india_u012,india_saraga_0064,1.8216477024476887
india_u012,india_saraga_0076,1.2890026063275
india_u012,india_saraga_0060,1.936070059696397
india_u012,india_saraga_0092,2.005114513049361
india_u012,india_saraga_0019,0.8118318686117878
india_u012,india_saraga_0018,0.9856040952995573
india_u012,india_saraga_0050,1.0407305719272981
india_u012,india_saraga_0056,0.8614909652441078
india_u012,india_saraga_0036,1.2521228868980505
india_u012,india_saraga_0031,0.9079822897505812
india_u012,india_saraga_0003,1.6023053113484014
india_u012,india_saraga_0023,0.7502866389983874
india_u012,india_saraga_0102,1.0406105389711546
india_u012,india_saraga_0093,1.7230231142574652
india_u012,germany_0090,0.9880359162300215
india_u012,germany_0036,1.0189747015021005
india_u012,germany_0079,1.5271990914938256
india_u012,germany_0062,1.7790905969428317
india_u012,germany_0038,1.2128415073931875
india_u012,germany_0092,0.5567406814758705
india_u012,germany_0101,0.5889190152019086
india_u012,germany_0042,1.7574759747397117
india_u012,indonesia_gamelan_0015,1.3669671322104366
india_u012,indonesia_gamelan_0040,1.4658333097506562
india_u012,indonesia_gamelan_0037,1.362281072875481
india_u012,indonesia_gamelan_0028,0.692483762288457
india_u012,indonesia_gamelan_0018,1.0552889171134288
india_u012,indonesia_gamelan_0049,1.5274085907861437
india_u012,indonesia_gamelan_0024,1.6195899999717989
india_u012,indonesia_gamelan_0004,0.7704029449076023
india_u013,india_saraga_0043,1.2377277671125309
india_u013,india_saraga_0049,1.2650948161557336
india_u013,india_saraga_0022,1.6790902333762727
india_u013,india_saraga_0082,1.8477128277297399
india_u013,india_saraga_0034,2.0925465020843848
india_u013,india_saraga_0094,2.085833178137261
india_u013,india_saraga_0087,1.8193108520662982
india_u013,india_saraga_0092,2.2256400417421265
india_u013,india_saraga_0042,0.8831343676822678
india_u013,india_saraga_0090,2.2143362363856487
india_u013,india_saraga_0035,0.6857303065079972
india_u013,india_saraga_0084,1.533447745056059
india_u013,india_saraga_0013,0.7305897508390108
india_u013,india_saraga_0011,1.5548016822167852
india_u013,india_saraga_0032,1.2479392539861158
india_u013,india_saraga_0021,0.7157762693416172
india_u013,india_saraga_0018,1.6930014886667246
india_u013,india_saraga_0012,1.836316549349402
india_u013,india_saraga_0024,0.8754698384944676
india_u013,india_saraga_0066,1.7729033408076262
india_u013,india_saraga_0059,0.8838570222798393
india_u013,india_saraga_0007,0.812008875068852
india_u013,india_saraga_0083,0.8292016347551864
india_u013,india_saraga_0064,1.6084103589462275
india_u013,italy_0000,1.5013675909709143
india_u013,italy_0022,1.2558064969896483
india_u013,italy_0066,1.542624461574631
india_u013,italy_0052,1.2484944104449984
india_u013,italy_0074,1.5263836839204572
india_u013,italy_0069,1.768305376529956
india_u013,italy_0034,0.9777957407571033
india_u013,italy_0077,0.6524219388513078
india_u013,germany_0013,0.6327856958016929
india_u013,germany_0031,1.2565947554864074
india_u013,germany_0048,1.1885891389047116
india_u013,germany_0070,0.6987177610317415
india_u013,germany_0027,1.640841699601359
india_u013,india_saraga_0060,2.225390935583475
india_u013,india_saraga_0085,1.0117969843531953
india_u013,india_saraga_0026,0.9318730558043404
india_u014,india_saraga_0044,2.130036439641476
india_u014,india_saraga_0006,1.9272164855569198
india_u014,india_saraga_0057,1.1692240385227293
india_u014,india_saraga_0040,2.209685105604657
india_u014,india_saraga_0075,0.9871416795667587
india_u014,india_saraga_0008,1.2767652822013373
india_u014,india_saraga_0039,1.978331162224634
india_u014,india_saraga_0081,1.338978988601256
india_u014,india_saraga_0002,0.9797286820165518
india_u014,india_saraga_0033,1.2107236816470675
india_u014,india_saraga_0078,1.4387438498463254
india_u014,india_saraga_0035,1.6456115618140819
india_u014,india_saraga_0084,1.2746712117781276
india_u014,india_saraga_0092,1.3189999711819556
india_u014,india_saraga_0037,1.0303027320824585
india_u014,india_saraga_0017,1.4984740897700353
india_u014,india_saraga_0046,0.9535620032524673
india_u014,india_saraga_0030,2.0714827262364306
india_u014,india_saraga_0053,1.86420819620937
india_u014,india_saraga_0050,1.2827312550144674
india_u014,india_saraga_0001,1.863968036131662
india_u014,india_saraga_0047,0.5870679996211684
india_u014,india_saraga_0066,1.1692439090581341
india_u014,india_saraga_0067,1.3345194805532101
india_u014,italy_0064,1.0842279851866914
india_u014,italy_0048,1.4607874949089574
india_u014,italy_0032,1.7497900272083136
india_u014,italy_0060,0.9629961260977841
india_u014,italy_0013,0.9233097968626309
india_u014,italy_0015,1.2741955558835347
india_u014,italy_0020,0.8296923791586316
india_u014,italy_0016,0.6408229506505054
india_u014,russia_0037,1.7480801751644683
india_u014,russia_0079,1.5428654416921799
india_u014,russia_0034,1.7439743965825727
india_u014,russia_0059,0.7440743862232875
india_u014,russia_0036,0.4740424402090552
india_u014,russia_0009,1.0403031272464438
india_u014,russia_0099,1.7103721000386347
india_u014,russia_0076,0.6367392074768745
india_u015,india_saraga_0000,1.5574807124740522
india_u015,india_saraga_0098,1.6767409078916322
india_u015,india_saraga_0005,2.000850145926678
india_u015,india_saraga_0045,1.6046327587472862
india_u015,india_saraga_0070,1.866301816366272
india_u015,india_saraga_0050,1.0596871394062926
india_u015,india_saraga_0104,2.259913997733414
india_u015,india_saraga_0018,0.6300226845538749
india_u015,india_saraga_0067,1.2418446268533692
india_u015,india_saraga_0034,2.096535476343889
india_u015,india_saraga_0022,0.886402110633678
india_u015,india_saraga_0052,0.81880821031056
india_u015,india_saraga_0030,1.2053680729023508
india_u015,india_saraga_0087,1.3136358583915273
india_u015,india_saraga_0025,2.18510475464148
india_u015,india_saraga_0093,2.017306197372716
india_u015,india_saraga_0069,1.3755546250161368
india_u015,india_saraga_0043,2.253382049020765
india_u015,india_saraga_0037,1.6829302471743857
india_u015,india_saraga_0077,2.0820613126687624
india_u015,india_saraga_0063,0.9994482913397739
india_u015,india_saraga_0015,1.4184630281674702
india_u015,india_saraga_0085,0.6262621930398474
india_u015,india_saraga_0023,0.5903183333846242
india_u015,turkey_modern_0023,1.4023618482682771
india_u015,turkey_modern_0136,0.6096963903285609
india_u015,turkey_modern_0073,1.1895411200996038
india_u015,turkey_modern_0135,1.3896101009835269
india_u015,turkey_modern_0115,0.493516691410013
india_u015,turkey_modern_0106,1.0558008888466708
india_u015,turkey_modern_0060,1.3736051149308837
india_u015,turkey_modern_0046,1.6511368336040475
india_u015,france_0026,0.8539606358122362
india_u015,france_0078,1.7651923150738458
india_u015,france_0045,1.5901310245405915
india_u015,france_0031,1.3283573473105033
india_u015,france_0030,0.9790994347822772
india_u015,france_0073,1.409999007869323
india_u015,france_0074,1.5518609132449772
india_u015,france_0100,0.8594548310968523
india_u016,india_saraga_0036,1.3998423144218395
india_u016,india_saraga_0019,1.9338789682455346
india_u016,india_saraga_0070,0.9115136884840351
india_u016,india_saraga_0002,1.6153996384324196
india_u016,india_saraga_0061,1.1936628878269708
india_u016,india_saraga_0072,1.6033995473919076
india_u016,india_saraga_0033,1.740341874848068
india_u016,india_saraga_0053,1.1736934501371585
india_u016,india_saraga_0048,0.9480110662974541
india_u016,india_saraga_0096,1.1299116427823523
india_u016,india_saraga_0106,1.7203262478103383
india_u016,india_saraga_0037,1.7426080530855979
india_u016,india_saraga_0041,1.8537717146415704
india_u016,india_saraga_0077,0.7932756497879178
india_u016,india_saraga_0064,1.986942498188946
india_u016,india_saraga_0018,1.7620549576581481
india_u016,india_saraga_0007,0.6276212572913525
india_u016,india_saraga_0078,1.1539062902754627
india_u016,india_saraga_0009,1.380076916438673
india_u016,india_saraga_0094,1.1970651709172555
india_u016,india_saraga_0107,0.7775441321595127
india_u016,india_saraga_0047,0.9326723407711371
india_u016,india_saraga_0042,0.6173684062199787
india_u016,india_saraga_0089,0.7355581033331707
india_u016,germany_0100,0.8095051589281355
india_u016,germany_0103,1.5569598586082363
india_u016,germany_0026,1.1609606384152205
india_u016,germany_0093,1.023072152432993
india_u016,germany_0087,1.3439199743440413
india_u016,germany_0085,1.181039256438757
india_u016,germany_0083,0.6275438011200954
india_u016,germany_0080,0.750541541162656
india_u016,turkey_modern_0030,0.7504051873373203
india_u016,turkey_modern_0149,1.2599358920266621
india_u016,turkey_modern_0094,1.0731928943556177
india_u016,turkey_modern_0135,0.9732398344571523
india_u016,turkey_modern_0076,1.2014628833904137
india_u016,turkey_modern_0053,1.7596563108064522
india_u016,turkey_modern_0039,0.8741611656754337
india_u016,turkey_modern_0120,1.1522638354052483
india_u017,india_saraga_0065,0.9679446959778142
india_u017,india_saraga_0104,1.7408222957608088
india_u017,india_saraga_0030,0.6609801134595837
india_u017,india_saraga_0061,1.8137221295854513
india_u017,india_saraga_0083,0.9863041472325754
india_u017,india_saraga_0021,1.3538669288955982
india_u017,india_saraga_0077,1.2093740985259853
india_u017,india_saraga_0098,0.7696495922224381
india_u017,india_saraga_0046,1.171128868082813
india_u017,india_saraga_0067,1.1789655530557452
india_u017,india_saraga_0001,1.4756322273263214
india_u017,india_saraga_0006,2.252306394321478
india_u017,india_saraga_0018,1.3857802263308372
india_u017,india_saraga_0092,2.1523851184662934
india_u017,india_saraga_0088,1.3711869610204077
india_u017,india_saraga_0037,0.7605121940092706
india_u017,india_saraga_0075,0.9720137443509967
india_u017,india_saraga_0101,1.2779679911993602
india_u017,india_saraga_0029,1.1362611333735686
india_u017,india_saraga_0049,2.068555520993548
india_u017,india_saraga_0050,1.745663663789051
india_u017,india_saraga_0064,1.5725820795597116
india_u017,india_saraga_0051,1.422370975883291
india_u017,india_saraga_0042,1.2602918165486403
india_u017,france_0081,1.2764597937732154
india_u017,france_0066,0.6182196733499143
india_u017,france_0019,0.6694198040928226
india_u017,france_0002,0.8592070770855449
india_u017,france_0017,0.6810992322224505
india_u017,france_0098,1.3640832706835027
india_u017,france_0064,0.4834372338984312
india_u017,france_0011,0.6662396137501128
india_u017,russia_0060,1.6685209478233847
india_u017,russia_0010,1.7966832500998173
india_u017,russia_0023,1.1082471450679257
india_u017,russia_0022,1.1187495985793736
india_u017,russia_0068,1.4940883290205416
india_u017,russia_0038,0.4988559297877763
india_u017,india_saraga_0044,1.311612056279187
india_u017,india_saraga_0063,0.7472030961308056
india_u018,india_saraga_0027,1.1504938263746378
india_u018,india_saraga_0084,1.760656243739457
india_u018,india_saraga_0099,0.6596098477034286
india_u018,india_saraga_0075,1.9994527840905394
india_u018,india_saraga_0054,2.295337801941358
india_u018,india_saraga_0062,1.9119953672051075
india_u018,india_saraga_0057,1.9233919473326497
india_u018,india_saraga_0046,1.2482910817273003
india_u018,india_saraga_0100,0.6887143960520081
india_u018,india_saraga_0060,1.9423513240543802
india_u018,india_saraga_0036,1.6050976999107809
india_u018,india_saraga_0064,2.1436092387355954
india_u018,india_saraga_0019,0.7750360027877861
india_u018,india_saraga_0043,1.1013372838373368
india_u018,india_saraga_0068,1.1971318651728415
india_u018,india_saraga_0104,1.7536574972395926
india_u018,india_saraga_0029,1.933860406352942
india_u018,india_saraga_0096,2.232760204808125
india_u018,india_saraga_0011,1.0845773481091663
india_u018,india_saraga_0052,1.4265228047733265
india_u018,india_saraga_0095,0.6249576043902397
india_u018,india_saraga_0072,1.0114040897378316
india_u018,india_saraga_0066,1.2201560515063796
india_u018,india_saraga_0088,1.599315706256398
india_u018,italy_0073,1.085641416358885
india_u018,italy_0076,0.9420413306989465
india_u018,italy_0067,1.292505254814611
india_u018,italy_0047,1.5686311641079504
india_u018,italy_0069,0.7762695295294655
india_u018,italy_0074,0.9128824370015566
india_u018,italy_0031,1.401646927077477
india_u018,italy_0000,1.500219808324016
india_u018,russia_0022,1.564285776841774
india_u018,russia_0060,0.7325971455109888
india_u018,russia_0023,1.1780103976799612
india_u018,russia_0038,1.6650149830091339
india_u018,russia_0010,0.9791331143735139
india_u018,russia_0068,1.0303421717991001
india_u018,india_saraga_0012,2.2738195782286827
india_u018,india_saraga_0106,0.7700158144060718
india_u019,india_saraga_0068,0.9974018618543059
india_u019,india_saraga_0100,1.5582240248459671
india_u019,india_saraga_0103,0.5980669296329337
india_u019,india_saraga_0065,1.3778109636798397
india_u019,india_saraga_0087,2.0305636130891673
india_u019,india_saraga_0019,2.1758993530751054
india_u019,india_saraga_0075,1.1659068651183586
india_u019,india_saraga_0095,1.6832031145847015
india_u019,india_saraga_0080,0.9662704311862378
india_u019,india_saraga_0015,1.5413675474486233
india_u019,india_saraga_0046,1.013197827614251
india_u019,india_saraga_0034,1.5605899773823562
india_u019,india_saraga_0029,0.8712206523308232
india_u019,india_saraga_0010,2.198626160412282
india_u019,india_saraga_0085,2.104932646802578
india_u019,india_saraga_0006,1.1561839802992486
india_u019,india_saraga_0064,1.914743483395526
india_u019,india_saraga_0043,0.7397446255130355
india_u019,india_saraga_0107,1.8521225675168562
india_u019,india_saraga_0013,1.0622419985819145
india_u019,india_saraga_0077,0.8089820509658625
india_u019,india_saraga_0024,1.7448798508837333
india_u019,india_saraga_0073,1.3854167607384464
india_u019,india_saraga_0018,1.4894908129850157
india_u019,germany_0024,1.1527152085861934
india_u019,germany_0030,0.5302547758431263
india_u019,germany_0056,0.519363336275114
india_u019,germany_0025,1.2615761303299309
india_u019,germany_0032,1.2922172671798124
india_u019,germany_0022,0.5136856512954048
india_u019,germany_0057,0.9608930980485539
india_u019,germany_0021,1.277349227406577
india_u019,modern_english_pop_0011,1.336518885266653
india_u019,modern_english_pop_0015,1.5681722750233447
india_u019,modern_english_pop_0045,1.0179885828557893
india_u019,modern_english_pop_0111,1.1901480045484079
india_u019,modern_english_pop_0060,1.2310565070719033
india_u019,modern_english_pop_0018,0.8712611324554306
india_u019,modern_english_pop_0088,0.5226642932961757
india_u019,modern_english_pop_0085,0.4557050003768913
india_u020,india_saraga_0077,2.175771365095616
india_u020,india_saraga_0103,1.400109565564038
india_u020,india_saraga_0100,1.4627304127185359
india_u020,india_saraga_0042,2.1045266327093572
india_u020,india_saraga_0091,1.9856325396755854
india_u020,india_saraga_0018,0.9885205038638912
india_u020,india_saraga_0073,0.5972972727697665
india_u020,india_saraga_0051,1.660886796548538
india_u020,india_saraga_0076,2.032365946119722
india_u020,india_saraga_0036,1.52866644425294
india_u020,india_saraga_0017,0.9392801870221579
india_u020,india_saraga_0000,1.853837531414904
india_u020,india_saraga_0054,1.7299552625044405
india_u020,india_saraga_0001,1.5496811270297537
india_u020,india_saraga_0070,2.0642549001861967
india_u020,india_saraga_0104,1.9278180588198315
india_u020,india_saraga_0006,1.727217357704296
india_u020,india_saraga_0035,1.7217087040650516
india_u020,india_saraga_0066,1.717299544164524
india_u020,india_saraga_0002,1.4809091849810725
india_u020,india_saraga_0061,1.3752648370106362
india_u020,india_saraga_0025,1.7990607926352913
india_u020,india_saraga_0101,1.6281029805361487
india_u020,india_saraga_0027,1.4202164699684368
india_u020,russia_0012,0.6209928277799062
india_u020,russia_0033,1.3976038646817734
india_u020,russia_0025,1.3220980702802534
india_u020,russia_0005,0.9120353750642298
india_u020,russia_0055,0.9310362743903535
india_u020,russia_0040,0.7830752185825907
india_u020,russia_0067,1.7485855960927754
india_u020,russia_0017,1.6112718398727757
india_u020,indonesia_gamelan_0001,1.2074161897064928
india_u020,indonesia_gamelan_0010,0.9922317478539943
india_u020,indonesia_gamelan_0018,1.4447141059901714
india_u020,indonesia_gamelan_0009,1.1624330377700962
india_u020,indonesia_gamelan_0054,1.7673988957854039
india_u020,indonesia_gamelan_0049,0.5244155287949087
india_u020,indonesia_gamelan_0007,0.49628574097219147
india_u020,indonesia_gamelan_0027,1.217624874264054
india_u021,india_saraga_0025,2.2580442772738802
india_u021,india_saraga_0022,0.9814276546812308
india_u021,india_saraga_0105,0.9222652441919195
india_u021,india_saraga_0106,1.646009881429397
india_u021,india_saraga_0051,1.5344218566665064
india_u021,india_saraga_0081,0.9645938095226301
india_u021,india_saraga_0076,1.7313793913267428
india_u021,india_saraga_0104,0.7423374394833387
india_u021,india_saraga_0046,0.608411638903289
india_u021,india_saraga_0020,0.7171655139684482
india_u021,india_saraga_0012,1.2043976898082076
india_u021,india_saraga_0064,2.25690316558406
india_u021,india_saraga_0107,1.5190010729461525
india_u021,india_saraga_0070,1.8769025277016809
india_u021,india_saraga_0067,1.1295801725994399
india_u021,india_saraga_0034,1.8158598879587426
india_u021,india_saraga_0066,2.2416625667610663
india_u021,india_saraga_0048,1.1921375357365418
india_u021,india_saraga_0097,2.298377524917918
india_u021,india_saraga_0079,1.676257165529624
india_u021,india_saraga_0021,1.8663201865016483
india_u021,india_saraga_0059,1.0099884870130587
india_u021,india_saraga_0096,1.6843315768307416
india_u021,india_saraga_0040,1.4564857837726182
india_u021,france_0017,1.7411435713945387
india_u021,france_0098,1.6713113145158458
india_u021,france_0019,0.9855080085488542
india_u021,france_0064,1.728274164576615
india_u021,france_0011,1.6444969462125132
india_u021,france_0081,1.247018197998338
india_u021,france_0066,0.5608591768658794
india_u021,france_0096,0.667066824890376
india_u021,great_britain_0073,0.5537802303096303
india_u021,great_britain_0100,0.5957907047762324
india_u021,great_britain_0061,1.7688857054306548
india_u021,great_britain_0007,0.7364258539418056
india_u021,great_britain_0024,1.382653686159895
india_u021,great_britain_0013,1.309313147871739
india_u021,great_britain_0083,1.3020455675515552
india_u021,great_britain_0027,0.7290503994546402
india_u022,india_saraga_0041,1.606161637498588
india_u022,india_saraga_0097,1.0494397904646808
india_u022,india_saraga_0039,1.7384632257289054
india_u022,india_saraga_0094,1.78001935789279
india_u022,india_saraga_0022,1.4807569492611004
india_u022,india_saraga_0060,0.8298526945370004
india_u022,india_saraga_0015,2.16059575321301
india_u022,india_saraga_0016,0.7734527670461863
india_u022,india_saraga_0043,1.660321991025632
india_u022,india_saraga_0013,0.7528278291518276
india_u022,india_saraga_0047,0.8270237232542914
india_u022,india_saraga_0087,0.6104285916997301
india_u022,india_saraga_0001,1.2018030446529102
india_u022,india_saraga_0053,1.6782799236280153
india_u022,india_saraga_0042,1.474663779039204
india_u022,india_saraga_0056,1.7385800359036376
india_u022,india_saraga_0024,1.7394075350023936
india_u022,india_saraga_0018,0.8167997083900617
india_u022,india_saraga_0081,0.6739070209024592
india_u022,india_saraga_0049,1.6537427922498054
india_u022,india_saraga_0054,1.7018119260822935
india_u022,india_saraga_0065,1.53531394311944
india_u022,india_saraga_0008,0.9989402544090219
india_u022,india_saraga_0006,1.9735699992943878
india_u022,russia_0068,0.552176120919947
india_u022,russia_0010,1.3036209155838352
india_u022,russia_0038,0.6125555734371524
india_u022,russia_0022,1.3335044171848602
india_u022,russia_0060,1.0139298135617203
india_u022,russia_0023,1.4194391248408564
india_u022,italy_0088,0.5204594733438619
india_u022,italy_0086,1.1993620344484968
india_u022,italy_0035,0.6455851634881075
india_u022,italy_0084,1.3712152026741395
india_u022,italy_0085,0.6119401022707712
india_u022,italy_0087,0.5493374859850999
india_u022,italy_0080,1.412715777547877
india_u022,italy_0019,0.5357681116671812
india_u022,india_saraga_0051,0.9623156609318653
india_u022,india_saraga_0059,1.9976682150417842
india_u023,india_saraga_0104,1.9286337537669314
india_u023,india_saraga_0087,1.7837292009629413
india_u023,india_saraga_0021,0.9626720847844458
india_u023,india_saraga_0028,1.197535150218817
india_u023,india_saraga_0072,2.2124855107779346
india_u023,india_saraga_0070,1.7155882487234546
india_u023,india_saraga_0090,1.9360676660362746
india_u023,india_saraga_0091,2.245998217507068
india_u023,india_saraga_0080,0.9742286878843484
india_u023,india_saraga_0001,1.1299095011383047
india_u023,india_saraga_0010,1.6872828511395117
india_u023,india_saraga_0046,0.6170166422774126
india_u023,india_saraga_0064,1.5603529084006422
india_u023,india_saraga_0096,1.9699874546625102
india_u023,india_saraga_0024,1.6280148198466158
india_u023,india_saraga_0050,1.0845534147207911
india_u023,india_saraga_0009,1.8240795437547064
india_u023,india_saraga_0093,0.8269045525729061
india_u023,india_saraga_0017,2.1184842345054413
india_u023,india_saraga_0068,0.7490784285447856
india_u023,india_saraga_0043,2.0645222057401997
india_u023,india_saraga_0019,1.433721262845001
india_u023,india_saraga_0029,1.314416081016458
india_u023,india_saraga_0012,1.438641536992619
india_u023,turkey_modern_0093,0.7202785091754437
india_u023,turkey_modern_0094,1.0678755324043985
india_u023,turkey_modern_0102,1.5971217514631892
india_u023,turkey_modern_0034,1.5312895769953787
india_u023,turkey_modern_0028,0.6701155215632946
india_u023,turkey_modern_0131,1.3591183204742334
india_u023,turkey_modern_0052,1.6067303077033244
india_u023,turkey_modern_0137,1.5566862446353924
india_u023,russia_0038,1.0246037984511949
india_u023,russia_0022,0.5149253344672564
india_u023,russia_0023,1.7070787210145615
india_u023,russia_0068,0.9844449063948836
india_u023,russia_0010,0.9373184602960641
india_u023,russia_0060,1.4753451750463977
india_u023,india_saraga_0042,1.0303520717237389
india_u023,india_saraga_0102,2.0149401674635783
indonesia_u000,indonesia_gamelan_0005,0.7942584199954087
indonesia_u000,indonesia_gamelan_0031,1.8776582527568961
indonesia_u000,indonesia_gamelan_0022,2.169146347573061
indonesia_u000,indonesia_gamelan_0054,1.937319676439973
indonesia_u000,indonesia_gamelan_0003,1.631762305773946
indonesia_u000,indonesia_gamelan_0013,1.977826779428244
indonesia_u000,indonesia_gamelan_0042,1.2722971518091808
indonesia_u000,indonesia_gamelan_0026,2.0576329375141857
indonesia_u000,indonesia_gamelan_0028,1.9524450156258637
indonesia_u000,indonesia_gamelan_0008,0.5779750113421502
indonesia_u000,indonesia_gamelan_0037,1.4164448827327165
indonesia_u000,indonesia_gamelan_0033,1.031463593736665
indonesia_u000,indonesia_gamelan_0009,0.7237517807342747
indonesia_u000,indonesia_gamelan_0044,2.0346881737399114
indonesia_u000,indonesia_gamelan_0045,0.5887132054194358
indonesia_u000,indonesia_gamelan_0023,1.8345320410454964
indonesia_u000,indonesia_gamelan_0035,2.279631408720146
indonesia_u000,indonesia_gamelan_0020,1.4064840975682564
indonesia_u000,indonesia_gamelan_0053,1.2153899141489748
indonesia_u000,indonesia_gamelan_0052,1.6200618464688805
indonesia_u000,indonesia_gamelan_0032,1.9631037526922344
indonesia_u000,indonesia_gamelan_0034,0.989434689262356
indonesia_u000,indonesia_gamelan_0011,1.00745996528985
indonesia_u000,indonesia_gamelan_0025,1.6223820742998107
indonesia_u000,india_saraga_0044,1.7188377581533123
indonesia_u000,india_saraga_0104,0.8528939672743306
indonesia_u000,india_saraga_0046,0.9586187953591677
indonesia_u000,india_saraga_0015,1.790999956971391
indonesia_u000,india_saraga_0005,0.6878999230287964
indonesia_u000,india_saraga_0079,0.5539070273066605
indonesia_u000,india_saraga_0000,1.2461695724888182
indonesia_u000,india_saraga_0019,0.4827604343692046
indonesia_u000,china_ctis_0004,0.6935848622210107
indonesia_u000,china_ctis_0013,1.2899823939321318
indonesia_u000,china_ctis_0009,1.3403417409332996
indonesia_u000,china_ctis_0022,1.1390740870242866
indonesia_u000,china_ctis_0064,0.9680598624096676
indonesia_u000,china_ctis_0025,1.2278667389694953
indonesia_u000,china_ctis_0014,1.3185707665948723
indonesia_u000,china_ctis_0019,1.5347007624937283
indonesia_u001,indonesia_fma_0011,1.676317667073778
indonesia_u001,indonesia_fma_0001,0.9449254072989984
indonesia_u001,indonesia_fma_0010,1.2228468826814938
indonesia_u001,indonesia_fma_0004,0.9481844474840962
indonesia_u001,indonesia_fma_0012,2.132576510139333
indonesia_u001,indonesia_fma_0006,0.9834780713292357
indonesia_u001,indonesia_fma_0014,0.7834397298254998
indonesia_u001,indonesia_fma_0003,0.6356429123843228
indonesia_u001,indonesia_fma_0015,0.6525447399095791
indonesia_u001,indonesia_fma_0005,0.9054862553177592
indonesia_u001,indonesia_fma_0002,1.6241596820044926
indonesia_u001,indonesia_fma_0019,0.6054460335316866
indonesia_u001,indonesia_fma_0016,1.0696332702060787
indonesia_u001,indonesia_fma_0017,0.6753378875326913
indonesia_u001,indonesia_fma_0007,1.2713113787660641
indonesia_u001,indonesia_fma_0000,0.6587948727565043
indonesia_u001,indonesia_fma_0013,1.6230095646709282
indonesia_u001,indonesia_fma_0018,1.7625318580203013
indonesia_u001,indonesia_fma_0009,1.836557273135492
indonesia_u001,russia_0045,0.7528635881724444
indonesia_u001,russia_0025,1.6224752186483535
indonesia_u001,russia_0067,1.3818890258967507
indonesia_u001,russia_0033,0.5264777960547575
indonesia_u001,russia_0017,1.0450350567469264
indonesia_u001,russia_0040,1.4864712660528498
indonesia_u001,russia_0005,0.8697068010723101
indonesia_u001,russia_0012,0.9651043447748076
indonesia_u001,china_jingju_0008,1.299965166850333
indonesia_u001,china_jingju_0022,0.5248991881564621
indonesia_u001,china_jingju_0030,1.7553623046856885
indonesia_u001,china_jingju_0080,0.6855493643231326
indonesia_u001,china_jingju_0055,0.48600719952245147
indonesia_u001,china_jingju_0077,0.4571860257545674
indonesia_u001,china_jingju_0013,0.9893984062491843
indonesia_u001,china_jingju_0035,1.64374204339176
indonesia_u001,indonesia_gamelan_0027,1.9890895866509273
indonesia_u001,indonesia_gamelan_0039,2.1482790019807236
indonesia_u001,indonesia_gamelan_0036,1.4957745008423506
indonesia_u001,indonesia_gamelan_0009,1.3490872534346583
indonesia_u001,indonesia_gamelan_0020,1.2406101837842203
indonesia_u002,indonesia_fma_0018,0.575985072295472
indonesia_u002,indonesia_fma_0000,1.9311095069010966
indonesia_u002,indonesia_fma_0010,0.8616435752239618
indonesia_u002,indonesia_fma_0002,2.1704801307423947
indonesia_u002,indonesia_fma_0004,0.6508616150594737
indonesia_u002,indonesia_fma_0009,1.9908581521236361
indonesia_u002,indonesia_fma_0013,1.7077002271068895
indonesia_u002,indonesia_fma_0015,1.005794115078161
indonesia_u002,indonesia_fma_0016,0.9241738259227762
indonesia_u002,indonesia_fma_0011,1.1919944350753633
indonesia_u002,indonesia_fma_0005,2.003994973477487
indonesia_u002,indonesia_fma_0014,2.0618750458786606
indonesia_u002,indonesia_fma_0006,0.8773672796794618
indonesia_u002,indonesia_fma_0019,1.1846978684554703
indonesia_u002,indonesia_fma_0001,0.9846726372313879
indonesia_u002,indonesia_fma_0017,0.7865589121753738
indonesia_u002,indonesia_fma_0007,1.6901251934874006
indonesia_u002,indonesia_fma_0003,1.1716275150812985
indonesia_u002,indonesia_fma_0012,0.9637874772391762
indonesia_u002,china_ctis_0029,1.6190969942276678
indonesia_u002,china_ctis_0000,1.4602292067198148
indonesia_u002,china_ctis_0063,1.4945775507400623
indonesia_u002,china_ctis_0024,0.5029144530974282
indonesia_u002,china_ctis_0050,1.6854261064619396
indonesia_u002,china_ctis_0058,1.2258968102652177
indonesia_u002,china_ctis_0062,1.1301337863241003
indonesia_u002,china_ctis_0032,0.46429021713750457
indonesia_u002,russia_0072,1.6618439840860413
indonesia_u002,russia_0099,1.1842521351561008
indonesia_u002,russia_0037,1.5639571741597227
indonesia_u002,russia_0084,1.3349397969966965
indonesia_u002,russia_0028,1.5255363782396885
indonesia_u002,russia_0076,1.3854578605530334
indonesia_u002,russia_0008,1.693301268153366
indonesia_u002,russia_0101,0.7544036515583921
indonesia_u002,indonesia_gamelan_0003,0.9236226806642648
indonesia_u002,indonesia_gamelan_0026,1.8041341943553353
indonesia_u002,indonesia_gamelan_0029,1.4399060310064837
indonesia_u002,indonesia_gamelan_0015,1.6085530188276507
indonesia_u002,indonesia_gamelan_0023,1.7972357593548665
indonesia_u003,indonesia_fma_0015,1.9876845234931648
indonesia_u003,indonesia_fma_0019,0.9908481158605396
indonesia_u003,indonesia_fma_0003,1.6647567374707362
indonesia_u003,indonesia_fma_0013,1.5217971897031766
indonesia_u003,indonesia_fma_0000,0.5826754541657022
indonesia_u003,indonesia_fma_0010,2.2902427616460903
indonesia_u003,indonesia_fma_0017,1.979718138755222
indonesia_u003,indonesia_fma_0009,1.4141629418482766
indonesia_u003,indonesia_fma_0004,1.7485888636681108
indonesia_u003,indonesia_fma_0006,1.3971250581190826
indonesia_u003,indonesia_fma_0002,1.8594113179558103
indonesia_u003,indonesia_fma_0016,0.8067167415375922
indonesia_u003,indonesia_fma_0014,1.3449554667787023
indonesia_u003,indonesia_fma_0012,1.1538016304506835
indonesia_u003,indonesia_fma_0001,1.36790529502721
indonesia_u003,indonesia_fma_0018,1.352065326184128
indonesia_u003,indonesia_fma_0007,0.8218370633691101
indonesia_u003,indonesia_fma_0005,2.259442784473075
indonesia_u003,indonesia_fma_0011,0.6017239463095209
indonesia_u003,china_jingju_0046,0.4635984755034884
indonesia_u003,china_jingju_0080,0.954145780020438
indonesia_u003,china_jingju_0060,1.2875080716182037
indonesia_u003,china_jingju_0041,0.6925318562001531
indonesia_u003,china_jingju_0000,1.1698119052706175
indonesia_u003,china_jingju_0013,1.4257421567506965
indonesia_u003,china_jingju_0044,0.5769818222042041
indonesia_u003,china_jingju_0035,1.7789702508215102
indonesia_u003,india_saraga_0020,0.9045458744480473
indonesia_u003,india_saraga_0011,1.3172608086127862
indonesia_u003,india_saraga_0106,0.5994718085518773
indonesia_u003,india_saraga_0001,1.4078066247737908
indonesia_u003,india_saraga_0025,1.584616068534356
indonesia_u003,india_saraga_0030,0.5921349421463402
indonesia_u003,india_saraga_0013,0.6199152583995894
indonesia_u003,india_saraga_0090,0.8294140094227574
indonesia_u003,indonesia_gamelan_0042,0.595589281522443
indonesia_u003,indonesia_gamelan_0016,2.2759384827317213
indonesia_u003,indonesia_gamelan_0041,1.6072125292933206
indonesia_u003,indonesia_gamelan_0011,1.6230918011871158
indonesia_u003,indonesia_gamelan_0031,2.229209742649072
indonesia_u004,indonesia_fma_0009,0.7978828764929341
indonesia_u004,indonesia_fma_0003,2.171817729655433
indonesia_u004,indonesia_fma_0011,0.8543304468401085
indonesia_u004,indonesia_fma_0015,2.091757861360724
indonesia_u004,indonesia_fma_0012,1.6970376826905402
indonesia_u004,indonesia_fma_0010,1.5700860841716449
indonesia_u004,indonesia_fma_0001,1.871059277417845
indonesia_u004,indonesia_fma_0018,1.827348201080386
indonesia_u004,indonesia_fma_0013,0.7656576767465911
indonesia_u004,indonesia_fma_0016,2.2990790404515384
indonesia_u004,indonesia_fma_0007,2.1997597781240565
indonesia_u004,indonesia_fma_0000,2.121621135936805
indonesia_u004,indonesia_fma_0006,1.6484487560506516
indonesia_u004,indonesia_fma_0004,1.4768150465482417
indonesia_u004,indonesia_fma_0019,1.5000805571958777
indonesia_u004,indonesia_fma_0017,0.6007662287937009
indonesia_u004,indonesia_fma_0002,1.436584890855889
indonesia_u004,indonesia_fma_0014,1.6510025042133618
indonesia_u004,indonesia_fma_0005,1.711268210136786
indonesia_u004,india_saraga_0037,0.8983882778192726
indonesia_u004,india_saraga_0019,1.086231172896292
indonesia_u004,india_saraga_0029,1.3090193189944757
indonesia_u004,india_saraga_0059,1.0282124388714955
indonesia_u004,india_saraga_0015,1.748882518627759
indonesia_u004,india_saraga_0102,1.4023468483002006
indonesia_u004,india_saraga_0023,0.4517195574387022
indonesia_u004,india_saraga_0040,0.48142730000104156
indonesia_u004,russia_0022,1.3819052746823055
indonesia_u004,russia_0010,1.0070708816864287
indonesia_u004,russia_0060,1.5832857814365595
indonesia_u004,russia_0023,0.6835708028064538
indonesia_u004,russia_0038,0.468666333970594
indonesia_u004,russia_0068,0.9739111726535117
indonesia_u004,indonesia_gamelan_0036,1.8447105799303494
indonesia_u004,indonesia_gamelan_0009,2.251230340076306
indonesia_u004,indonesia_gamelan_0015,2.0993029418805706
indonesia_u004,indonesia_gamelan_0035,1.4100287055915643
indonesia_u004,indonesia_gamelan_0013,1.9771098135137322
indonesia_u004,indonesia_gamelan_0026,0.6963200398216342
indonesia_u004,indonesia_gamelan_0050,1.5621697995839237
indonesia_u005,indonesia_gamelan_0007,1.1388704869316812
indonesia_u005,indonesia_gamelan_0000,2.2090426010015376
indonesia_u005,indonesia_gamelan_0036,2.059579187868487
indonesia_u005,indonesia_gamelan_0029,1.195121023563013
indonesia_u005,indonesia_gamelan_0008,1.218886295395714
indonesia_u005,indonesia_gamelan_0012,1.088522823225901
indonesia_u005,indonesia_gamelan_0037,1.1375744960281318
indonesia_u005,indonesia_gamelan_0020,2.0596513793481552
indonesia_u005,indonesia_gamelan_0048,0.5931243276174857
indonesia_u005,indonesia_gamelan_0003,1.32719077141393
indonesia_u005,indonesia_gamelan_0016,2.201398445460641
indonesia_u005,indonesia_gamelan_0024,1.5110477126903452
indonesia_u005,indonesia_gamelan_0009,1.3520189879982336
indonesia_u005,indonesia_gamelan_0046,1.1138379131067893
indonesia_u005,indonesia_gamelan_0039,0.702499286511784
indonesia_u005,indonesia_gamelan_0031,0.9622391745974597
indonesia_u005,indonesia_gamelan_0005,0.7310407571411028
indonesia_u005,indonesia_gamelan_0013,0.7935565162591136
indonesia_u005,indonesia_gamelan_0010,0.8570660386178154
indonesia_u005,indonesia_gamelan_0028,1.0960007703453802
indonesia_u005,indonesia_gamelan_0018,0.5940037729922986
indonesia_u005,indonesia_gamelan_0022,2.213998202648352
indonesia_u005,indonesia_gamelan_0033,0.788587934867781
indonesia_u005,indonesia_gamelan_0045,1.2359318048202876
indonesia_u005,china_jingju_0046,1.6373622056149537
indonesia_u005,china_jingju_0005,0.593866759757529
indonesia_u005,china_jingju_0071,1.102865739868063
indonesia_u005,china_jingju_0008,1.5904578566808845
indonesia_u005,china_jingju_0049,1.201899542446089
indonesia_u005,china_jingju_0077,0.7339638538207262
indonesia_u005,china_jingju_0038,1.4429378674069848
indonesia_u005,china_jingju_0011,1.3698104348711355
indonesia_u005,russia_0010,0.9389509738383478
indonesia_u005,russia_0022,0.5124984681348564
indonesia_u005,russia_0068,0.46061733135972677
indonesia_u005,russia_0038,1.5642803922216817
indonesia_u005,russia_0023,0.8841024381047425
indonesia_u005,russia_0060,0.6359893631179713
indonesia_u005,indonesia_gamelan_0027,1.469500865131144
indonesia_u005,indonesia_gamelan_0041,2.1634374351257804
indonesia_u006,indonesia_fma_0015,1.5751858990102598
indonesia_u006,indonesia_fma_0011,1.1756757982201234
indonesia_u006,indonesia_fma_0009,0.9943595360079243
indonesia_u006,indonesia_fma_0017,0.9533038122001548
indonesia_u006,indonesia_fma_0016,2.2113031425328455
indonesia_u006,indonesia_fma_0003,0.7799585934138283
indonesia_u006,indonesia_fma_0007,1.1008048585828292
indonesia_u006,indonesia_fma_0002,1.388298276983108
indonesia_u006,indonesia_fma_0005,0.5757754324780905
indonesia_u006,indonesia_fma_0000,2.1636442483956246
indonesia_u006,indonesia_fma_0012,0.7459450690611791
indonesia_u006,indonesia_fma_0018,1.7522617861836476
indonesia_u006,indonesia_fma_0019,1.6597929481052922
indonesia_u006,indonesia_fma_0013,1.9706351500556716
indonesia_u006,indonesia_fma_0004,1.6986438352197128
indonesia_u006,indonesia_fma_0006,1.9021932946975644
indonesia_u006,indonesia_fma_0014,1.30165385016021
indonesia_u006,indonesia_fma_0001,1.4180152531015502
indonesia_u006,indonesia_fma_0010,1.7853671262336233
indonesia_u006,china_jingju_0052,1.217376073424319
indonesia_u006,china_jingju_0063,1.1405770428600719
indonesia_u006,china_jingju_0030,0.7275038481736416
indonesia_u006,china_jingju_0011,0.7984461520886068
indonesia_u006,china_jingju_0057,0.9339712754301812
indonesia_u006,china_jingju_0066,0.4625339203217293
indonesia_u006,china_jingju_0080,1.0134406569333199
indonesia_u006,china_jingju_0068,0.4537374422812823
indonesia_u006,modern_english_pop_0021,1.2127708384938047
indonesia_u006,modern_english_pop_0010,1.400438838112671
indonesia_u006,modern_english_pop_0062,1.2089006526804207
indonesia_u006,modern_english_pop_0080,1.3862519638265824
indonesia_u006,modern_english_pop_0025,0.4500177775508801
indonesia_u006,modern_english_pop_0027,0.5302466639338179
indonesia_u006,modern_english_pop_0085,1.3929242951819998
indonesia_u006,modern_english_pop_0048,1.5339151997416403
indonesia_u006,indonesia_gamelan_0045,1.8130352097842053
indonesia_u006,indonesia_gamelan_0011,1.7186961184048763
indonesia_u006,indonesia_gamelan_0015,1.795235095074941
indonesia_u006,indonesia_gamelan_0031,1.850792621998386
indonesia_u006,indonesia_gamelan_0016,1.824551184684057
indonesia_u007,indonesia_fma_0002,1.3070073051469646
indonesia_u007,indonesia_fma_0013,1.3911493292612247
indonesia_u007,indonesia_fma_0014,1.077789938415123
indonesia_u007,indonesia_fma_0019,1.938526979925174
indonesia_u007,indonesia_fma_0006,0.9600961492367223
indonesia_u007,indonesia_fma_0004,1.77649236544097
indonesia_u007,indonesia_fma_0007,2.044300344396368
indonesia_u007,indonesia_fma_0018,1.6163794625502863
indonesia_u007,indonesia_fma_0000,1.1859241471651156
indonesia_u007,indonesia_fma_0011,0.8991123927892235
indonesia_u007,indonesia_fma_0017,0.8067471853463755
indonesia_u007,indonesia_fma_0012,1.8587014250321312
indonesia_u007,indonesia_fma_0015,1.3842526958315648
indonesia_u007,indonesia_fma_0010,0.654901225763709
indonesia_u007,indonesia_fma_0005,2.2721231494760197
indonesia_u007,indonesia_fma_0009,1.7329979906560076
indonesia_u007,indonesia_fma_0003,2.0312149012115355
indonesia_u007,indonesia_fma_0001,1.3308754580218445
indonesia_u007,indonesia_fma_0016,2.2231316208938425
indonesia_u007,modern_english_pop_0095,0.7193587782475719
indonesia_u007,modern_english_pop_0111,0.6999337659674018
indonesia_u007,modern_english_pop_0005,1.6519518919399845
indonesia_u007,modern_english_pop_0097,1.653818036407733
indonesia_u007,modern_english_pop_0004,1.123676305423707
indonesia_u007,modern_english_pop_0045,0.6198115797278712
indonesia_u007,modern_english_pop_0088,0.8620422185744171
indonesia_u007,modern_english_pop_0075,1.4681056563465316
indonesia_u007,turkey_modern_0128,1.5920890758017598
indonesia_u007,turkey_modern_0025,0.9193339094555031
indonesia_u007,turkey_modern_0147,0.5326654704527716
indonesia_u007,turkey_modern_0100,1.3487310201232539
indonesia_u007,turkey_modern_0133,1.4483210059416962
indonesia_u007,turkey_modern_0014,1.022419812415985
indonesia_u007,turkey_modern_0060,1.2371817756841237
indonesia_u007,turkey_modern_0045,1.7829515216575125
indonesia_u007,indonesia_gamelan_0005,0.9976225838954124
indonesia_u007,indonesia_gamelan_0006,1.5633865218037077
indonesia_u007,indonesia_gamelan_0051,1.6289067133955584
indonesia_u007,indonesia_gamelan_0003,1.5222099131421987
indonesia_u007,indonesia_gamelan_0042,2.0742484874530476
indonesia_u008,indonesia_fma_0003,2.0205368999098954
indonesia_u008,indonesia_fma_0000,1.5146297839313698
indonesia_u008,indonesia_fma_0012,1.5490204617325551
indonesia_u008,indonesia_fma_0013,1.1949268571216265
indonesia_u008,indonesia_fma_0007,2.0041152184023905
indonesia_u008,indonesia_fma_0001,1.0304234096952625
indonesia_u008,indonesia_fma_0011,1.424116391158096
indonesia_u008,indonesia_fma_0004,1.5413010103738949
indonesia_u008,indonesia_fma_0018,1.8558488861624174
indonesia_u008,indonesia_fma_0016,1.3885709563966513
indonesia_u008,indonesia_fma_0010,1.7484880004981267
indonesia_u008,indonesia_fma_0015,1.4121323162002573
indonesia_u008,indonesia_fma_0017,1.7123280987535758
indonesia_u008,indonesia_fma_0014,1.7378974964590554
indonesia_u008,indonesia_fma_0005,1.7987866919129454
indonesia_u008,indonesia_fma_0009,1.9951921444090623
indonesia_u008,indonesia_fma_0002,1.5077464176558573
indonesia_u008,indonesia_fma_0019,0.9084048326755658
indonesia_u008,indonesia_fma_0006,1.7473804517928704
indonesia_u008,india_saraga_0024,0.5541094127144185
indonesia_u008,india_saraga_0020,0.7455892803225984
indonesia_u008,india_saraga_0073,1.519412663697479
indonesia_u008,india_saraga_0052,1.037344694845589
indonesia_u008,india_saraga_0107,1.122359626329143
indonesia_u008,india_saraga_0040,1.7829858399527656
indonesia_u008,india_saraga_0049,0.7674828558960393
indonesia_u008,india_saraga_0000,0.4763962118735116
indonesia_u008,france_0010,0.6003530228490896
indonesia_u008,france_0061,0.7800775105421199
indonesia_u008,france_0040,1.4299920329352334
indonesia_u008,france_0057,1.4973597431794285
indonesia_u008,france_0005,1.2134100879190537
indonesia_u008,france_0041,0.794312638242518
indonesia_u008,france_0054,1.1543515576112118
indonesia_u008,france_0088,0.47019270051081113
indonesia_u008,indonesia_gamelan_0024,1.7511066262295985
indonesia_u008,indonesia_gamelan_0051,1.6346632830808143
indonesia_u008,indonesia_gamelan_0039,0.6125990304331627
indonesia_u008,indonesia_gamelan_0041,1.9843450680165724
indonesia_u008,indonesia_gamelan_0000,1.89191077315466
indonesia_u009,indonesia_fma_0017,0.7672522875482218
indonesia_u009,indonesia_fma_0005,1.9286779626437982
indonesia_u009,indonesia_fma_0018,1.3096065238645778
indonesia_u009,indonesia_fma_0002,1.6286892012915435
indonesia_u009,indonesia_fma_0011,0.5818005236188759
indonesia_u009,indonesia_fma_0019,1.6555400576780264
indonesia_u009,indonesia_fma_0004,1.062916003378362
indonesia_u009,indonesia_fma_0001,1.4277895320372387
indonesia_u009,indonesia_fma_0009,1.0885680415917247
indonesia_u009,indonesia_fma_0012,2.2935497845078685
indonesia_u009,indonesia_fma_0016,0.9732029928775506
indonesia_u009,indonesia_fma_0014,2.1496828125689675
indonesia_u009,indonesia_fma_0015,2.1584924399066066
indonesia_u009,indonesia_fma_0013,1.3012261263117841
indonesia_u009,indonesia_fma_0010,1.0994053742777894
indonesia_u009,indonesia_fma_0006,1.2322863184004147
indonesia_u009,indonesia_fma_0007,2.2816099257508515
indonesia_u009,indonesia_fma_0000,1.6424234921573704
indonesia_u009,indonesia_fma_0003,1.5147459102406013
indonesia_u009,germany_0010,0.4984891398082269
indonesia_u009,germany_0047,1.5945880910359849
indonesia_u009,germany_0052,0.5631373653397187
indonesia_u009,germany_0014,0.5134126954964149
indonesia_u009,germany_0075,0.8210584162592893
indonesia_u009,germany_0043,1.0923146168276494
indonesia_u009,germany_0074,1.6586400960059409
indonesia_u009,germany_0053,1.5166063787618322
indonesia_u009,china_jingju_0071,0.7168033950828882
indonesia_u009,china_jingju_0074,0.9523073633768234
indonesia_u009,china_jingju_0041,1.5033243572354917
indonesia_u009,china_jingju_0066,1.1615748040832814
indonesia_u009,china_jingju_0019,0.6855641217325069
indonesia_u009,china_jingju_0055,0.9846745236157501
indonesia_u009,china_jingju_0035,1.2950133360881042
indonesia_u009,china_jingju_0030,1.7638546609919268
indonesia_u009,indonesia_gamelan_0002,1.7166257946273054
indonesia_u009,indonesia_gamelan_0033,0.6029366548491597
indonesia_u009,indonesia_gamelan_0031,1.791139277191111
indonesia_u009,indonesia_gamelan_0022,1.0077417928637227
indonesia_u009,indonesia_gamelan_0009,2.0622241270188306
indonesia_u010,indonesia_fma_0019,1.5818507343234278
indonesia_u010,indonesia_fma_0001,0.7212078013581895
indonesia_u010,indonesia_fma_0018,0.6048228818955266
indonesia_u010,indonesia_fma_0004,1.9241945313805753
indonesia_u010,indonesia_fma_0017,1.522674348977513
indonesia_u010,indonesia_fma_0006,1.925178377211851
indonesia_u010,indonesia_fma_0005,0.8558100960519457
indonesia_u010,indonesia_fma_0003,1.2778049695802225
indonesia_u010,indonesia_fma_0000,2.1605670202095033
indonesia_u010,indonesia_fma_0014,0.8710065349013607
indonesia_u010,indonesia_fma_0011,0.681133909076639
indonesia_u010,indonesia_fma_0015,1.7022312370235158
indonesia_u010,indonesia_fma_0016,1.6005751875725296
indonesia_u010,indonesia_fma_0013,2.21725262260459
indonesia_u010,indonesia_fma_0002,2.1386580263196606
indonesia_u010,indonesia_fma_0012,1.867767423130485
indonesia_u010,indonesia_fma_0007,0.608046235339985
indonesia_u010,indonesia_fma_0009,1.4036675205013163
indonesia_u010,indonesia_fma_0010,2.1207758405263917
indonesia_u010,china_ctis_0007,1.0354289689545444
indonesia_u010,china_ctis_0004,1.7488967214775428
indonesia_u010,china_ctis_0062,1.3308587738693762
indonesia_u010,china_ctis_0015,0.5977671221827722
indonesia_u010,china_ctis_0016,1.1375173015020226
indonesia_u010,china_ctis_0017,1.3890831331209494
indonesia_u010,china_ctis_0058,0.5382481125234879
indonesia_u010,china_ctis_0041,0.915276868295536
indonesia_u010,great_britain_0054,1.4180594351228817
indonesia_u010,great_britain_0044,0.6620463391144961
indonesia_u010,great_britain_0040,0.9202588626652055
indonesia_u010,great_britain_0026,1.3813789353307657
indonesia_u010,great_britain_0082,1.4969802175165536
indonesia_u010,great_britain_0050,1.1499909216643178
indonesia_u010,great_britain_0017,1.741757662395013
indonesia_u010,great_britain_0092,1.6991966593786452
indonesia_u010,indonesia_gamelan_0002,1.3916789179909292
indonesia_u010,indonesia_gamelan_0009,0.851473357442031
indonesia_u010,indonesia_gamelan_0047,1.9083069476998282
indonesia_u010,indonesia_gamelan_0042,0.9944157675531734
indonesia_u010,indonesia_gamelan_0033,2.028866759748456
indonesia_u011,indonesia_fma_0007,1.6250663496835998
indonesia_u011,indonesia_fma_0014,2.2517928026614267
indonesia_u011,indonesia_fma_0000,0.8146092406949245
indonesia_u011,indonesia_fma_0009,1.5643208153264363
indonesia_u011,indonesia_fma_0003,0.6840892818689916
indonesia_u011,indonesia_fma_0018,1.9686592722716447
indonesia_u011,indonesia_fma_0010,1.6381370498581356
indonesia_u011,indonesia_fma_0006,1.313953457587128
indonesia_u011,indonesia_fma_0015,1.9588565042608068
indonesia_u011,indonesia_fma_0017,1.3598794996479724
indonesia_u011,indonesia_fma_0019,0.9679310144156963
indonesia_u011,indonesia_fma_0004,1.390063812915331
indonesia_u011,indonesia_fma_0005,0.6971848491994099
indonesia_u011,indonesia_fma_0012,2.1238104141279432
indonesia_u011,indonesia_fma_0002,1.8359031964169454
indonesia_u011,indonesia_fma_0013,1.8865447312209227
indonesia_u011,indonesia_fma_0016,2.0835009494318126
indonesia_u011,indonesia_fma_0001,1.940462715706019
indonesia_u011,indonesia_fma_0011,1.3199457181871834
indonesia_u011,china_jingju_0055,0.610159142059357
indonesia_u011,china_jingju_0011,0.9540424529742862
indonesia_u011,china_jingju_0035,1.711014364412625
indonesia_u011,china_jingju_0046,1.7312721631623627
indonesia_u011,china_jingju_0019,1.486625668457124
indonesia_u011,china_jingju_0074,0.7259812871463731
indonesia_u011,china_jingju_0066,0.7125073089266168
indonesia_u011,china_jingju_0022,1.6376915396889726
indonesia_u011,india_saraga_0070,0.6415864960650184
indonesia_u011,india_saraga_0042,1.2385855943988604
indonesia_u011,india_saraga_0057,0.9606397710767417
indonesia_u011,india_saraga_0082,0.8577148607475884
indonesia_u011,india_saraga_0045,1.3644657346639237
indonesia_u011,india_saraga_0043,1.7454182534801161
indonesia_u011,india_saraga_0083,1.4998055466244031
indonesia_u011,india_saraga_0066,1.1063195006870978
indonesia_u011,indonesia_gamelan_0026,1.3352273516488231
indonesia_u011,indonesia_gamelan_0041,2.1407207248561173
indonesia_u011,indonesia_gamelan_0025,1.5722347448672256
indonesia_u011,indonesia_gamelan_0051,1.4317023147891867
indonesia_u011,indonesia_gamelan_0021,1.7528918749417046
indonesia_u012,indonesia_gamelan_0029,0.627054553780588
indonesia_u012,indonesia_gamelan_0004,0.8851944260063129
indonesia_u012,indonesia_gamelan_0021,0.7519739121551263
indonesia_u012,indonesia_gamelan_0003,0.9129836549051349
indonesia_u012,indonesia_gamelan_0036,1.9474176269995307
indonesia_u012,indonesia_gamelan_0010,1.0801354312024947
indonesia_u012,indonesia_gamelan_0028,1.880893915380318
indonesia_u012,indonesia_gamelan_0044,2.2117879071037794
indonesia_u012,indonesia_gamelan_0011,1.5656211234919113
indonesia_u012,indonesia_gamelan_0027,1.412330424967344
indonesia_u012,indonesia_gamelan_0006,1.8689693778932048
indonesia_u012,indonesia_gamelan_0050,0.7424804913155801
indonesia_u012,indonesia_gamelan_0022,1.3136658509114267
indonesia_u012,indonesia_gamelan_0020,1.4354724262578045
indonesia_u012,indonesia_gamelan_0040,2.0085635104372015
indonesia_u012,indonesia_gamelan_0031,1.9795254638989914
indonesia_u012,indonesia_gamelan_0048,2.0382577457412174
indonesia_u012,indonesia_gamelan_0041,1.7788308005717854
indonesia_u012,indonesia_gamelan_0045,1.4902087673938447
indonesia_u012,indonesia_gamelan_0043,2.003091829317334
indonesia_u012,indonesia_gamelan_0017,2.08141216631534
indonesia_u012,indonesia_gamelan_0001,1.4038359223364536
indonesia_u012,indonesia_gamelan_0032,2.275266791108131
indonesia_u012,indonesia_gamelan_0047,2.0840612655890833
indonesia_u012,modern_english_pop_0025,1.1391340483189007
indonesia_u012,modern_english_pop_0071,0.5435382537185937
indonesia_u012,modern_english_pop_0103,0.75306426867706
indonesia_u012,modern_english_pop_0060,1.4981380821579846
indonesia_u012,modern_english_pop_0050,0.6000582469482244
indonesia_u012,modern_english_pop_0016,1.0842300895310053
indonesia_u012,modern_english_pop_0039,1.2665504593413823
indonesia_u012,modern_english_pop_0093,1.6357682183001956
indonesia_u012,france_0018,1.593603714906198
indonesia_u012,france_0033,1.4817751934306393
indonesia_u012,france_0059,1.0003872275251187
indonesia_u012,france_0015,0.6420364933621011
indonesia_u012,france_0063,1.3540265679030945
indonesia_u012,france_0053,0.6947396403594381
indonesia_u012,france_0006,1.2077745526016315
indonesia_u012,france_0097,1.773915546325515
indonesia_u013,indonesia_gamelan_0022,1.3077546238062352
indonesia_u013,indonesia_gamelan_0030,0.8500725421809397
indonesia_u013,indonesia_gamelan_0050,1.1147504866645812
indonesia_u013,indonesia_gamelan_0031,1.032474145791669
indonesia_u013,indonesia_gamelan_0016,1.7498268261487515
indonesia_u013,indonesia_gamelan_0006,0.883556528820458
indonesia_u013,indonesia_gamelan_0032,1.687232452846592
indonesia_u013,indonesia_gamelan_0026,1.378792984029989
indonesia_u013,indonesia_gamelan_0052,2.023415103235324
indonesia_u013,indonesia_gamelan_0000,1.411622832050132
indonesia_u013,indonesia_gamelan_0053,2.1789117871321855
indonesia_u013,indonesia_gamelan_0013,2.128309245602639
indonesia_u013,indonesia_gamelan_0007,0.8946210739544393
indonesia_u013,indonesia_gamelan_0020,1.7586369578069991
indonesia_u013,indonesia_gamelan_0005,0.9452276922333371
indonesia_u013,indonesia_gamelan_0009,1.9951999282475394
indonesia_u013,indonesia_gamelan_0047,1.6716224415755818
indonesia_u013,indonesia_gamelan_0019,1.082353022635848
indonesia_u013,indonesia_gamelan_0029,1.0047382589615486
indonesia_u013,indonesia_gamelan_0037,1.3160214549533666
indonesia_u013,indonesia_gamelan_0014,1.9562471257704508
indonesia_u013,indonesia_gamelan_0023,1.9483787755930542
indonesia_u013,indonesia_gamelan_0017,0.6325739890822636
indonesia_u013,indonesia_gamelan_0041,1.0964454466873026
indonesia_u013,india_saraga_0055,1.0208488006841188
indonesia_u013,india_saraga_0027,1.2405357181497285
indonesia_u013,india_saraga_0098,0.6518614618998437
indonesia_u013,india_saraga_0050,0.9026320777140485
indonesia_u013,india_saraga_0071,1.6455559777667443
indonesia_u013,india_saraga_0042,1.093339143108427
indonesia_u013,india_saraga_0049,1.4545933551586432
indonesia_u013,india_saraga_0101,1.104450983770059
indonesia_u013,italy_0066,1.077726478140626
indonesia_u013,italy_0053,1.2895994588627306
indonesia_u013,italy_0000,0.8001420914559837
indonesia_u013,italy_0071,0.7872328340634375
indonesia_u013,italy_0069,1.785627704103672
indonesia_u013,italy_0057,1.62313921258095
indonesia_u013,italy_0072,1.4459691102070202
indonesia_u013,italy_0070,0.6351451277249699
indonesia_u014,indonesia_fma_0002,1.6293153449197777
indonesia_u014,indonesia_fma_0012,1.3226509352350948
indonesia_u014,indonesia_fma_0005,1.8866680126759112
indonesia_u014,indonesia_fma_0011,0.6476199087848152
indonesia_u014,indonesia_fma_0010,1.1147375557313943
indonesia_u014,indonesia_fma_0006,1.7556418214061922
indonesia_u014,indonesia_fma_0009,1.1436378110850347
indonesia_u014,indonesia_fma_0004,0.7104733587640878
indonesia_u014,indonesia_fma_0014,1.1701481641051874
indonesia_u014,indonesia_fma_0017,1.802328481335444
indonesia_u014,indonesia_fma_0015,0.7854238925619731
indonesia_u014,indonesia_fma_0019,1.8249891032651038
indonesia_u014,indonesia_fma_0018,1.9126611107168179
indonesia_u014,indonesia_fma_0003,1.6708937841291553
indonesia_u014,indonesia_fma_0013,0.9963037337627987
indonesia_u014,indonesia_fma_0001,1.9641344911614809
indonesia_u014,indonesia_fma_0000,0.9449133155678526
indonesia_u014,indonesia_fma_0016,2.1375411424955795
indonesia_u014,indonesia_fma_0007,1.7939638310200916
indonesia_u014,russia_0044,0.5238719009735306
indonesia_u014,russia_0048,1.529037610193245
indonesia_u014,russia_0020,1.133685279485875
indonesia_u014,russia_0016,1.0610760100226195
indonesia_u014,russia_0019,1.0176901101429572
indonesia_u014,russia_0066,1.2689505896952378
indonesia_u014,russia_0047,1.428180976056998
indonesia_u014,china_opencpop_0003,1.659568431228157
indonesia_u014,china_opencpop_0005,0.8184754974787541
indonesia_u014,china_opencpop_0026,1.301547968429072
indonesia_u014,china_opencpop_0034,1.3765625254819753
indonesia_u014,china_opencpop_0000,1.360976138712305
indonesia_u014,china_opencpop_0013,1.1155508745070095
indonesia_u014,china_opencpop_0028,0.9778804400749965
indonesia_u014,china_opencpop_0047,1.4792114030405736
indonesia_u014,indonesia_gamelan_0015,1.0925169119703824
indonesia_u014,indonesia_gamelan_0029,0.9338917051369693
indonesia_u014,indonesia_gamelan_0009,1.5165553592362135
indonesia_u014,indonesia_gamelan_0022,1.0366287294672551
indonesia_u014,indonesia_gamelan_0010,0.6323272057688297
indonesia_u014,indonesia_gamelan_0039,0.6639681573344768
indonesia_u015,indonesia_fma_0004,1.9713368451313003
indonesia_u015,indonesia_fma_0005,2.1777920733858225
indonesia_u015,indonesia_fma_0013,1.800386376062869
indonesia_u015,indonesia_fma_0019,1.603031892299085
indonesia_u015,indonesia_fma_0000,1.7083569630918916
indonesia_u015,indonesia_fma_0016,1.70008303041535
indonesia_u015,indonesia_fma_0006,2.1821913597147136
indonesia_u015,indonesia_fma_0011,2.238427627809594
indonesia_u015,indonesia_fma_0018,1.3110775822916825
indonesia_u015,indonesia_fma_0009,1.6394615788560212
indonesia_u015,indonesia_fma_0007,1.959842167691447
indonesia_u015,indonesia_fma_0010,0.5767908211219372
indonesia_u015,indonesia_fma_0014,1.4841024565278094
indonesia_u015,indonesia_fma_0012,1.7012116861855284
indonesia_u015,indonesia_fma_0003,1.812179400797328
indonesia_u015,indonesia_fma_0001,1.211161731208585
indonesia_u015,indonesia_fma_0017,1.0849866255549965
indonesia_u015,indonesia_fma_0015,0.8891959273296421
indonesia_u015,indonesia_fma_0002,1.5372318221158807
indonesia_u015,italy_0046,1.691059633540364
indonesia_u015,italy_0030,1.659570503477465
indonesia_u015,italy_0009,0.9359540016628848
indonesia_u015,modern_english_pop_0027,0.7981044389165737
indonesia_u015,modern_english_pop_0086,1.514871660605549
indonesia_u015,modern_english_pop_0032,1.428723024629654
indonesia_u015,modern_english_pop_0101,1.1322087720356144
indonesia_u015,modern_english_pop_0002,0.9751908503774577
indonesia_u015,modern_english_pop_0055,0.6171271700559863
indonesia_u015,modern_english_pop_0024,1.5099370952745192
indonesia_u015,modern_english_pop_0009,1.2835769988352914
indonesia_u015,indonesia_gamelan_0037,1.2251208975480787
indonesia_u015,indonesia_gamelan_0008,2.159909258715229
indonesia_u015,indonesia_gamelan_0022,1.7129354185604622
indonesia_u015,indonesia_gamelan_0045,2.177937045305462
indonesia_u015,indonesia_gamelan_0020,1.3933614940858856
indonesia_u015,indonesia_gamelan_0027,1.359215746510279
indonesia_u015,indonesia_gamelan_0001,2.191737775791787
indonesia_u015,indonesia_gamelan_0016,2.2306402137200947
indonesia_u015,indonesia_gamelan_0046,2.2323236250660785
indonesia_u015,indonesia_gamelan_0005,1.9875980044903387
indonesia_u016,indonesia_fma_0016,1.0233559657586233
indonesia_u016,indonesia_fma_0007,2.120683344113528
indonesia_u016,indonesia_fma_0001,1.6258457702220575
indonesia_u016,indonesia_fma_0013,1.8084960377417558
indonesia_u016,indonesia_fma_0000,1.542585122336871
indonesia_u016,indonesia_fma_0004,0.8868993114784463
indonesia_u016,indonesia_fma_0019,2.036163960755739
indonesia_u016,indonesia_fma_0009,2.0032530221897025
indonesia_u016,indonesia_fma_0018,1.1782074277292112
indonesia_u016,indonesia_fma_0015,1.892642451309775
indonesia_u016,indonesia_fma_0012,1.5117444456441378
indonesia_u016,indonesia_fma_0011,2.1431097674661115
indonesia_u016,indonesia_fma_0002,1.9598720404993446
indonesia_u016,indonesia_fma_0014,0.6457177029085032
indonesia_u016,indonesia_fma_0003,2.0917510520299203
indonesia_u016,indonesia_fma_0005,2.2457770710128946
indonesia_u016,indonesia_fma_0017,1.8552194495283036
indonesia_u016,indonesia_fma_0006,0.7818508407111923
indonesia_u016,indonesia_fma_0010,1.9677234099690322
indonesia_u016,india_saraga_0095,1.324110207541841
indonesia_u016,india_saraga_0062,0.9074155286546732
indonesia_u016,india_saraga_0041,1.6434412441101
indonesia_u016,india_saraga_0084,1.2135150294117834
indonesia_u016,india_saraga_0042,1.601452706876193
indonesia_u016,india_saraga_0058,1.3546535605887278
indonesia_u016,india_saraga_0002,0.8394967400016531
indonesia_u016,india_saraga_0027,1.7662752394123993
indonesia_u016,great_britain_0082,1.220857489718404
indonesia_u016,great_britain_0044,1.1476195764657195
indonesia_u016,great_britain_0050,0.9947379981418943
indonesia_u016,great_britain_0026,0.634064674154878
indonesia_u016,great_britain_0092,1.3763873880488182
indonesia_u016,great_britain_0017,1.031578917307849
indonesia_u016,great_britain_0006,1.7117268889801167
indonesia_u016,great_britain_0054,1.7528811776355127
indonesia_u016,indonesia_gamelan_0038,1.8991804754786652
indonesia_u016,indonesia_gamelan_0019,0.9933034673868731
indonesia_u016,indonesia_gamelan_0036,1.8100649493868417
indonesia_u016,indonesia_gamelan_0049,0.6102275204147207
indonesia_u016,indonesia_gamelan_0007,2.000540867344477
indonesia_u017,indonesia_gamelan_0016,1.2418520183008215
indonesia_u017,indonesia_gamelan_0025,2.2380996289673156
indonesia_u017,indonesia_gamelan_0017,0.777341527479182
indonesia_u017,indonesia_gamelan_0027,2.078985101120407
indonesia_u017,indonesia_gamelan_0045,1.1393528418307577
indonesia_u017,indonesia_gamelan_0052,2.2249824956917346
indonesia_u017,indonesia_gamelan_0009,1.1187669997703114
indonesia_u017,indonesia_gamelan_0012,0.7179582766171527
indonesia_u017,indonesia_gamelan_0037,1.4720722505080899
indonesia_u017,indonesia_gamelan_0014,0.9680681243095953
indonesia_u017,indonesia_gamelan_0044,1.8739074316915731
indonesia_u017,indonesia_gamelan_0050,1.7088521916157213
indonesia_u017,indonesia_gamelan_0021,1.7591592974160997
indonesia_u017,indonesia_gamelan_0020,0.9087693678533482
indonesia_u017,indonesia_gamelan_0011,1.7973872069268673
indonesia_u017,indonesia_gamelan_0040,1.112046021541082
indonesia_u017,indonesia_gamelan_0005,2.2977126984036227
indonesia_u017,indonesia_gamelan_0036,1.8372992188026607
indonesia_u017,indonesia_gamelan_0008,1.5934598502796844
indonesia_u017,indonesia_gamelan_0023,2.0707781691468203
indonesia_u017,indonesia_gamelan_0007,1.5915626820160116
indonesia_u017,indonesia_gamelan_0047,1.528493520187795
indonesia_u017,indonesia_gamelan_0029,0.9843694148392796
indonesia_u017,indonesia_gamelan_0033,1.7447431919363579
indonesia_u017,india_saraga_0078,0.9557699781367729
indonesia_u017,india_saraga_0041,0.508161547546376
indonesia_u017,india_saraga_0023,1.551683425099443
indonesia_u017,india_saraga_0016,0.5200287749758015
indonesia_u017,india_saraga_0096,1.35760516583471
indonesia_u017,india_saraga_0032,0.6615732035046356
indonesia_u017,india_saraga_0042,1.0339688473706663
indonesia_u017,india_saraga_0038,1.6097737390380729
indonesia_u017,germany_0084,0.5774663913040979
indonesia_u017,germany_0081,1.3506534160460384
indonesia_u017,germany_0082,1.277035302356215
indonesia_u017,germany_0099,1.6211651575809953
indonesia_u017,germany_0087,0.68319207628749
indonesia_u017,germany_0086,1.5297131312583365
indonesia_u017,germany_0035,1.057663615600793
indonesia_u017,germany_0080,1.0286692818658816
indonesia_u018,indonesia_fma_0014,1.766412913999341
indonesia_u018,indonesia_fma_0006,0.8153360724731076
indonesia_u018,indonesia_fma_0007,0.8273750229604303
indonesia_u018,indonesia_fma_0005,0.9722678394094462
indonesia_u018,indonesia_fma_0010,1.8703209647390013
indonesia_u018,indonesia_fma_0018,0.9206087736498386
indonesia_u018,indonesia_fma_0002,0.6360225593492573
indonesia_u018,indonesia_fma_0003,2.137614288368497
indonesia_u018,indonesia_fma_0019,2.0866492819018414
indonesia_u018,indonesia_fma_0017,0.8938127765464149
indonesia_u018,indonesia_fma_0000,1.0327159673592097
indonesia_u018,indonesia_fma_0011,0.9002618107402806
indonesia_u018,indonesia_fma_0015,1.8161970797089841
indonesia_u018,indonesia_fma_0004,1.0062653252264253
indonesia_u018,indonesia_fma_0009,2.181750831477916
indonesia_u018,indonesia_fma_0001,2.002680767061656
indonesia_u018,indonesia_fma_0016,1.5899919450576863
indonesia_u018,indonesia_fma_0012,0.5904184376311553
indonesia_u018,indonesia_fma_0013,2.09932972606875
indonesia_u018,great_britain_0025,1.432478222818948
indonesia_u018,great_britain_0021,1.5136749853303586
indonesia_u018,great_britain_0099,0.546964026172188
indonesia_u018,great_britain_0090,1.406556229795032
indonesia_u018,great_britain_0023,1.5361957893925942
indonesia_u018,great_britain_0091,1.7414577308120238
indonesia_u018,great_britain_0038,1.233635138256288
indonesia_u018,great_britain_0051,1.1358565001990166
indonesia_u018,china_jingju_0011,1.0242856664755808
indonesia_u018,china_jingju_0057,1.3967383693022692
indonesia_u018,china_jingju_0002,1.6931087613647287
indonesia_u018,china_jingju_0080,1.2596693157666483
indonesia_u018,china_jingju_0033,0.7568329160362588
indonesia_u018,china_jingju_0060,0.4737248329173886
indonesia_u018,china_jingju_0024,1.2858027096611622
indonesia_u018,china_jingju_0030,1.6172071488257211
indonesia_u018,indonesia_gamelan_0021,0.688807353814131
indonesia_u018,indonesia_gamelan_0036,1.2608103354583216
indonesia_u018,indonesia_gamelan_0006,2.196580947489557
indonesia_u018,indonesia_gamelan_0007,1.440392817852989
indonesia_u018,indonesia_gamelan_0027,0.9556354463853229
indonesia_u019,indonesia_gamelan_0044,2.289502015998506
indonesia_u019,indonesia_gamelan_0022,0.6688745495243513
indonesia_u019,indonesia_gamelan_0004,1.9994149402325405
indonesia_u019,indonesia_gamelan_0036,1.8519639102539238
indonesia_u019,indonesia_gamelan_0043,1.5957890885983892
indonesia_u019,indonesia_gamelan_0045,1.3320286098751029
indonesia_u019,indonesia_gamelan_0047,1.8810533093910649
indonesia_u019,indonesia_gamelan_0037,1.8512547106387596
indonesia_u019,indonesia_gamelan_0021,0.8116326287199128
indonesia_u019,indonesia_gamelan_0051,1.942291015857501
indonesia_u019,indonesia_gamelan_0003,0.7105108205753151
indonesia_u019,indonesia_gamelan_0000,1.4384420951717225
indonesia_u019,indonesia_gamelan_0007,1.6877661508284099
indonesia_u019,indonesia_gamelan_0002,1.9924132789722675
indonesia_u019,indonesia_gamelan_0040,1.3738651262105177
indonesia_u019,indonesia_gamelan_0046,0.9835801837998754
indonesia_u019,indonesia_gamelan_0050,1.4213878366626462
indonesia_u019,indonesia_gamelan_0018,1.006608990504032
indonesia_u019,indonesia_gamelan_0023,1.4870512830118559
indonesia_u019,indonesia_gamelan_0006,1.372826615858743
indonesia_u019,indonesia_gamelan_0026,1.9213702344694301
indonesia_u019,indonesia_gamelan_0025,0.9891554456883623
indonesia_u019,indonesia_gamelan_0011,0.9199744427283356
indonesia_u019,indonesia_gamelan_0052,1.392969710753006
indonesia_u019,china_opencpop_0040,0.5181808930076485
indonesia_u019,china_opencpop_0016,0.7596098483879329
indonesia_u019,china_opencpop_0026,0.9275016341533842
indonesia_u019,china_opencpop_0044,1.1083001119572289
indonesia_u019,china_opencpop_0004,0.8137395601542414
indonesia_u019,china_opencpop_0045,1.2068592678563486
indonesia_u019,china_opencpop_0018,1.6358597997009816
indonesia_u019,china_opencpop_0022,1.184032072832763
indonesia_u019,germany_0018,0.8372333543441829
indonesia_u019,germany_0052,0.5336743122031252
indonesia_u019,germany_0012,0.634499511410237
indonesia_u019,germany_0077,1.2076434475387074
indonesia_u019,germany_0010,1.3730069314409126
indonesia_u019,germany_0040,0.5170517237979952
indonesia_u019,germany_0016,0.7004922701132003
indonesia_u019,germany_0075,0.8807597154133702
indonesia_u020,indonesia_fma_0015,1.586121092778774
indonesia_u020,indonesia_fma_0004,1.542516827621614
indonesia_u020,indonesia_fma_0013,0.8782823005146161
indonesia_u020,indonesia_fma_0000,0.7557768946783423
indonesia_u020,indonesia_fma_0002,0.9585174000846073
indonesia_u020,indonesia_fma_0005,1.176522660846434
indonesia_u020,indonesia_fma_0007,0.5992426116621486
indonesia_u020,indonesia_fma_0006,1.769486290448501
indonesia_u020,indonesia_fma_0017,1.0023298266471727
indonesia_u020,indonesia_fma_0016,1.181172653045925
indonesia_u020,indonesia_fma_0003,1.1527054162572263
indonesia_u020,indonesia_fma_0014,1.4579064065154501
indonesia_u020,indonesia_fma_0019,2.0581545206132037
indonesia_u020,indonesia_fma_0010,0.8326976697970585
indonesia_u020,indonesia_fma_0001,1.1627542703239409
indonesia_u020,indonesia_fma_0011,1.7687496933373266
indonesia_u020,indonesia_fma_0018,0.6512991879087533
indonesia_u020,indonesia_fma_0009,2.0067131456548357
indonesia_u020,indonesia_fma_0012,2.2341483673580607
indonesia_u020,germany_0022,1.2703102234856878
indonesia_u020,germany_0023,1.7412863008914738
indonesia_u020,germany_0078,1.0076334697328595
indonesia_u020,germany_0028,1.0102928363844348
indonesia_u020,germany_0032,0.5934360277081406
indonesia_u020,germany_0057,0.4978533622496891
indonesia_u020,germany_0056,0.7800808294816207
indonesia_u020,germany_0037,1.0954736870865496
indonesia_u020,modern_english_pop_0073,1.1353712276649002
indonesia_u020,modern_english_pop_0033,0.7437267653509351
indonesia_u020,modern_english_pop_0058,1.2772876607929273
indonesia_u020,modern_english_pop_0027,0.6946279310318237
indonesia_u020,modern_english_pop_0083,0.8903850393632852
indonesia_u020,modern_english_pop_0117,0.714207845505592
indonesia_u020,modern_english_pop_0052,1.3904958599866857
indonesia_u020,modern_english_pop_0066,1.147372886100121
indonesia_u020,indonesia_gamelan_0052,1.8447743959002614
indonesia_u020,indonesia_gamelan_0013,0.6737530925455957
indonesia_u020,indonesia_gamelan_0047,1.3087495884056188
indonesia_u020,indonesia_gamelan_0031,2.2430035487429505
indonesia_u020,indonesia_gamelan_0024,0.6674936628684772
indonesia_u021,indonesia_fma_0007,1.358782724789931
indonesia_u021,indonesia_fma_0000,1.7869310067238653
indonesia_u021,indonesia_fma_0010,1.3132053572776419
indonesia_u021,indonesia_fma_0014,2.0776364969762087
indonesia_u021,indonesia_fma_0003,1.747630240419818
indonesia_u021,indonesia_fma_0017,2.0213895853245605
indonesia_u021,indonesia_fma_0005,1.8107105832958723
indonesia_u021,indonesia_fma_0018,0.8313898547189967
indonesia_u021,indonesia_fma_0001,2.261924595715555
indonesia_u021,indonesia_fma_0015,1.9318613084504306
indonesia_u021,indonesia_fma_0011,1.5629450508936713
indonesia_u021,indonesia_fma_0013,0.8600233727732675
indonesia_u021,indonesia_fma_0019,0.8728741187987309
indonesia_u021,indonesia_fma_0006,1.6347212766337444
indonesia_u021,indonesia_fma_0004,1.2929400544284693
indonesia_u021,indonesia_fma_0002,1.7408576383886263
indonesia_u021,indonesia_fma_0016,1.217437825451987
indonesia_u021,indonesia_fma_0012,1.459657920762626
indonesia_u021,indonesia_fma_0009,0.8992276154878345
indonesia_u021,india_saraga_0074,0.6595215447966659
indonesia_u021,india_saraga_0044,0.5521204309929623
indonesia_u021,india_saraga_0013,1.5565130616130456
indonesia_u021,india_saraga_0084,1.1997714396325427
indonesia_u021,india_saraga_0102,1.7286404038739942
indonesia_u021,india_saraga_0091,1.461806479835093
indonesia_u021,india_saraga_0028,1.4878302663368168
indonesia_u021,india_saraga_0017,1.1372288861659707
indonesia_u021,great_britain_0099,1.5508628143096286
indonesia_u021,great_britain_0033,1.7217856511736527
indonesia_u021,great_britain_0021,1.4243493406528411
indonesia_u021,great_britain_0041,0.5925450701974518
indonesia_u021,great_britain_0012,1.3288768099922335
indonesia_u021,great_britain_0104,0.6125848365254741
indonesia_u021,great_britain_0025,0.5542502702652016
indonesia_u021,great_britain_0028,1.3854155469065164
indonesia_u021,indonesia_gamelan_0037,2.0150048700689664
indonesia_u021,indonesia_gamelan_0038,0.8490015715081572
indonesia_u021,indonesia_gamelan_0054,0.7029063487414271
indonesia_u021,indonesia_gamelan_0007,2.1042519924812755
indonesia_u021,indonesia_gamelan_0016,0.8030611063092488
indonesia_u022,indonesia_fma_0016,1.1638664630024695
indonesia_u022,indonesia_fma_0018,0.6420817821678853
indonesia_u022,indonesia_fma_0010,0.7159449983842511
indonesia_u022,indonesia_fma_0009,0.6680093358310548
indonesia_u022,indonesia_fma_0013,0.6171167139503462
indonesia_u022,indonesia_fma_0002,0.838704859192847
indonesia_u022,indonesia_fma_0001,2.0535696354989916
indonesia_u022,indonesia_fma_0006,1.9518248110538672
indonesia_u022,indonesia_fma_0007,2.03361488750364
indonesia_u022,indonesia_fma_0017,1.6510556234589389
indonesia_u022,indonesia_fma_0015,1.6515088496401555
indonesia_u022,indonesia_fma_0014,0.7887822628039537
indonesia_u022,indonesia_fma_0003,1.780715235033117
indonesia_u022,indonesia_fma_0019,1.0580455587515658
indonesia_u022,indonesia_fma_0000,1.4707119938811968
indonesia_u022,indonesia_fma_0012,2.2218964915564787
indonesia_u022,indonesia_fma_0004,2.0768115551992867
indonesia_u022,indonesia_fma_0011,0.9772588000852415
indonesia_u022,indonesia_fma_0005,1.845722312083006
indonesia_u022,china_jingju_0005,0.590522512444935
indonesia_u022,china_jingju_0024,0.486102355754444
indonesia_u022,china_jingju_0049,0.4880352709555112
indonesia_u022,china_jingju_0060,0.6798327536943166
indonesia_u022,china_jingju_0063,1.3881803428266204
indonesia_u022,china_jingju_0022,0.9404629561683252
indonesia_u022,china_jingju_0038,0.4715222926050339
indonesia_u022,china_jingju_0052,1.7838305523587366
indonesia_u022,france_0068,1.1700608443631908
indonesia_u022,france_0026,0.9817382904002787
indonesia_u022,france_0078,1.1504473583159225
indonesia_u022,france_0039,1.1519607283090423
indonesia_u022,france_0074,1.0848193790755416
indonesia_u022,france_0046,1.2774810210277106
indonesia_u022,france_0030,1.645595936822214
indonesia_u022,france_0045,0.8573134843040668
indonesia_u022,indonesia_gamelan_0044,1.4150208744092845
indonesia_u022,indonesia_gamelan_0018,0.5812858934394259
indonesia_u022,indonesia_gamelan_0022,2.0581796352738992
indonesia_u022,indonesia_gamelan_0010,1.1026842083751254
indonesia_u022,indonesia_gamelan_0039,1.0429871496164362
indonesia_u023,indonesia_fma_0017,2.0587113454263832
indonesia_u023,indonesia_fma_0003,1.5693649358642134
indonesia_u023,indonesia_fma_0001,0.7673435463420725
indonesia_u023,indonesia_fma_0015,1.788585187958552
indonesia_u023,indonesia_fma_0009,1.3186691485471727
indonesia_u023,indonesia_fma_0004,0.9270404415014779
indonesia_u023,indonesia_fma_0006,2.232844530295394
indonesia_u023,indonesia_fma_0005,1.816392429149884
indonesia_u023,indonesia_fma_0002,1.597914000240793
indonesia_u023,indonesia_fma_0014,2.0392958873273987
indonesia_u023,indonesia_fma_0012,1.5131753875467133
indonesia_u023,indonesia_fma_0010,1.336536806274259
indonesia_u023,indonesia_fma_0018,0.9017958332597218
indonesia_u023,indonesia_fma_0013,0.8395984833288581
indonesia_u023,indonesia_fma_0007,1.320147070741438
indonesia_u023,indonesia_fma_0000,1.3615561488224646
indonesia_u023,indonesia_fma_0011,1.8399640715230043
indonesia_u023,indonesia_fma_0016,1.3375966423136116
indonesia_u023,indonesia_fma_0019,1.5981996209753457
indonesia_u023,russia_0008,1.5739000075029324
indonesia_u023,russia_0102,1.7910018389392315
indonesia_u023,russia_0087,0.8854091754542313
indonesia_u023,russia_0002,1.667638526033298
indonesia_u023,russia_0051,1.5381686770023586
indonesia_u023,russia_0006,0.5418090319313967
indonesia_u023,russia_0090,0.9011145566527532
indonesia_u023,russia_0034,0.7457079957764176
indonesia_u023,turkey_modern_0091,1.3469187677710475
indonesia_u023,turkey_modern_0095,1.1996538338938791
indonesia_u023,turkey_modern_0132,1.1180489209958975
indonesia_u023,turkey_modern_0049,1.4808110811402295
indonesia_u023,turkey_modern_0116,0.8999667393461777
indonesia_u023,turkey_modern_0122,0.9667155989969087
indonesia_u023,turkey_modern_0064,1.6186058301043567
indonesia_u023,turkey_modern_0007,1.7624814875010089
indonesia_u023,indonesia_gamelan_0021,1.9142164128245105
indonesia_u023,indonesia_gamelan_0030,0.9494474314907153
indonesia_u023,indonesia_gamelan_0015,0.7693240654826365
indonesia_u023,indonesia_gamelan_0018,0.9358788798960084
indonesia_u023,indonesia_gamelan_0033,1.3042633546644962
italy_u000,italy_0089,0.8190140511459539
italy_u000,italy_0092,1.4151028499773934
italy_u000,italy_0014,1.4563534508271252
italy_u000,italy_0093,1.9090576554365257
italy_u000,italy_0049,1.7994626908175337
italy_u000,italy_0006,2.14827120599187
italy_u000,italy_0045,2.2497344692561643
italy_u000,italy_0078,1.8305435376942079
italy_u000,italy_0101,0.7069819042321871
italy_u000,italy_0103,1.2738290833995018
italy_u000,italy_0091,1.625184087975178
italy_u000,italy_0024,1.5930864982511765
italy_u000,italy_0097,0.8879905305577818
italy_u000,italy_0090,1.580579658302753
italy_u000,italy_0033,1.178198876095491
italy_u000,italy_0011,1.15964880735541
italy_u000,italy_0100,2.013662084144632
italy_u000,italy_0008,1.3028346987026793
italy_u000,italy_0102,1.4847580207611806
italy_u000,italy_0029,1.5459556852844756
italy_u000,italy_0004,1.5461694452440378
italy_u000,italy_0081,0.9426346112763169
italy_u000,italy_0043,1.609057051432037
italy_u000,italy_0096,1.1522257254286061
italy_u000,france_0070,1.334277397704829
italy_u000,france_0021,0.6466917586037316
italy_u000,france_0103,1.7920560527554539
italy_u000,france_0095,1.492258443462084
italy_u000,france_0102,1.013289435203815
italy_u000,france_0023,0.856824998666782
italy_u000,france_0071,0.9735327470040919
italy_u000,france_0047,1.4236311682447311
italy_u000,germany_0101,1.3348005294391632
italy_u000,germany_0098,1.3978248912007931
italy_u000,germany_0029,1.650148913859578
italy_u000,germany_0005,1.0659985555190525
italy_u000,germany_0092,1.3538535504043474
italy_u000,germany_0007,1.0460357391958222
italy_u000,germany_0089,1.3114324054618334
italy_u000,germany_0036,1.0910119098999786
italy_u001,italy_0033,2.028632872030282
italy_u001,italy_0103,2.0753291917137
italy_u001,italy_0093,1.1090822002461722
italy_u001,italy_0098,1.8150888470415123
italy_u001,italy_0104,1.5709987718065843
italy_u001,italy_0102,2.271403396360021
italy_u001,italy_0096,0.738260748699718
italy_u001,italy_0090,1.5200942803644395
italy_u001,italy_0025,1.5971274443029129
italy_u001,italy_0097,1.105728284890675
italy_u001,italy_0095,0.6559943519227871
italy_u001,italy_0027,0.6648803240614999
italy_u001,italy_0006,1.3574911434961006
italy_u001,italy_0091,1.7695172867907603
italy_u001,italy_0002,1.782803230510395
italy_u001,italy_0023,0.8871729907701467
italy_u001,italy_0094,2.055001943234981
italy_u001,italy_0100,1.2256051847978098
italy_u001,italy_0081,2.2385346309024206
italy_u001,italy_0092,0.7788253693842234
italy_u001,italy_0078,2.0178843551462062
italy_u001,italy_0005,2.141883314348397
italy_u001,italy_0029,1.9941152825979365
italy_u001,italy_0011,1.9702509685694547
italy_u001,modern_english_pop_0116,0.9377685207966758
italy_u001,modern_english_pop_0119,1.4130131940733135
italy_u001,modern_english_pop_0094,1.2321178641152557
italy_u001,modern_english_pop_0046,1.0230468274321447
italy_u001,modern_english_pop_0034,1.7907007896724676
italy_u001,modern_english_pop_0117,0.8421138694959119
italy_u001,modern_english_pop_0093,1.0077444299535085
italy_u001,modern_english_pop_0075,1.6688624004064587
italy_u001,great_britain_0026,0.8401611767799702
italy_u001,great_britain_0017,0.6561195418735261
italy_u001,great_britain_0092,0.8684996620538049
italy_u001,great_britain_0050,1.4750707640874179
italy_u001,great_britain_0102,1.6108029130980592
italy_u001,great_britain_0040,0.6045007332901876
italy_u001,great_britain_0054,1.289312119451016
italy_u001,great_britain_0004,1.2158373225529029
italy_u002,italy_0002,1.8462877549073031
italy_u002,italy_0103,1.4192327006352146
italy_u002,italy_0090,1.1621308031535156
italy_u002,italy_0014,0.8623071150221033
italy_u002,italy_0097,1.0751819058160275
italy_u002,italy_0101,1.8926039252305984
italy_u002,italy_0004,1.2812162498422912
italy_u002,italy_0040,1.7871803424383692
italy_u002,italy_0091,1.8516575356223894
italy_u002,italy_0043,1.7379436366143994
italy_u002,italy_0078,1.736853780853086
italy_u002,italy_0008,1.6286441524624387
italy_u002,italy_0092,1.4692779132811558
italy_u002,italy_0042,0.9162337848512153
italy_u002,italy_0098,2.0288358424401913
italy_u002,italy_0036,2.2383556975411016
italy_u002,italy_0011,1.3796850131602867
italy_u002,italy_0079,2.184836853901031
italy_u002,italy_0094,2.2965405775726637
italy_u002,italy_0049,1.4136879492105405
italy_u002,italy_0033,1.8245130197186947
italy_u002,italy_0027,1.6855383334821512
italy_u002,italy_0093,0.9842818076012889
italy_u002,italy_0099,0.6562292904761998
italy_u002,great_britain_0038,1.0620296700855167
italy_u002,great_britain_0034,1.5127267464849676
italy_u002,great_britain_0104,0.8889317946310908
italy_u002,great_britain_0088,1.5089922736107988
italy_u002,great_britain_0051,1.33398227064999
italy_u002,great_britain_0001,1.388980824953743
italy_u002,great_britain_0012,0.8357501993094765
italy_u002,great_britain_0097,1.0845639668381133
italy_u002,modern_english_pop_0036,0.6953001300340431
italy_u002,modern_english_pop_0009,0.7828837129076307
italy_u002,modern_english_pop_0071,0.5712975581747605
italy_u002,modern_english_pop_0053,0.6211440984998808
italy_u002,modern_english_pop_0089,0.7341931970493794
italy_u002,modern_english_pop_0022,1.23331618535738
italy_u002,modern_english_pop_0017,1.0456350113893138
italy_u002,modern_english_pop_0085,0.8103683419635087
italy_u003,italy_0028,1.9418568486373742
italy_u003,italy_0074,0.6420865368476598
italy_u003,italy_0068,0.6587758132111854
italy_u003,italy_0051,1.6448606953021427
italy_u003,italy_0054,1.5955770241500926
italy_u003,italy_0022,2.0086302896715678
italy_u003,italy_0065,1.596660383796448
italy_u003,italy_0075,2.2126646793203397
italy_u003,italy_0057,1.117313507854378
italy_u003,italy_0070,1.2614144260482802
italy_u003,italy_0069,2.2614887997175313
italy_u003,italy_0067,0.7604793198163172
italy_u003,italy_0073,1.9479358717635822
italy_u003,italy_0052,0.5949560327892596
italy_u003,italy_0062,1.4142353552207827
italy_u003,italy_0050,0.8396190319609633
italy_u003,italy_0001,1.608036438930912
italy_u003,italy_0031,1.9518431977460033
italy_u003,italy_0000,0.6319979715549355
italy_u003,italy_0047,0.8575079533707605
italy_u003,italy_0071,1.1660029075042815
italy_u003,italy_0044,1.0162532161010374
italy_u003,italy_0058,1.2360543099157901
italy_u003,italy_0038,2.216972817185104
italy_u003,india_saraga_0046,0.5866282720443247
italy_u003,india_saraga_0086,1.0214308466987925
italy_u003,india_saraga_0097,1.0670733516702369
italy_u003,india_saraga_0103,0.8284617699693696
italy_u003,india_saraga_0096,0.8259838528782192
italy_u003,india_saraga_0001,1.414915418361583
italy_u003,india_saraga_0101,1.2840891875788267
italy_u003,india_saraga_0088,1.5473232266397567
italy_u003,russia_0036,0.9968488503453705
italy_u003,russia_0035,1.2690598864225586
italy_u003,russia_0029,1.6563439899214891
italy_u003,russia_0002,1.5992934368171203
italy_u003,russia_0089,1.6920315798749446
italy_u003,russia_0092,0.8131162804131037
italy_u003,russia_0082,1.7803185991183623
italy_u003,russia_0098,1.5521263858864125
italy_u004,italy_0094,1.8796582458948479
italy_u004,italy_0096,0.796128957077106
italy_u004,italy_0027,1.8962030198279762
italy_u004,italy_0005,0.9333669244533641
italy_u004,italy_0041,1.418483823515108
italy_u004,italy_0102,0.8820203115843891
italy_u004,italy_0045,1.8752790634730305
italy_u004,italy_0103,0.9992359438839709
italy_u004,italy_0033,1.0117845218981698
italy_u004,italy_0097,0.7634085526120158
italy_u004,italy_0039,1.8180461382626785
italy_u004,italy_0081,1.0853319880970143
italy_u004,italy_0025,1.4690330227733936
italy_u004,italy_0011,1.1481201364581426
italy_u004,italy_0078,1.9113596714683523
italy_u004,italy_0091,0.9656843074521521
italy_u004,italy_0089,2.1979395125800254
italy_u004,italy_0043,1.1293114566847458
italy_u004,italy_0040,0.7541440467265449
italy_u004,italy_0092,0.9895265266057583
italy_u004,italy_0036,0.7025481026408772
italy_u004,italy_0098,1.3835743109619325
italy_u004,italy_0090,1.006683355747984
italy_u004,italy_0101,2.1034294266674114
italy_u004,india_saraga_0032,1.1481236372971977
italy_u004,india_saraga_0026,0.7650474057845366
italy_u004,india_saraga_0046,1.0592149453716708
italy_u004,india_saraga_0019,0.7145922673895729
italy_u004,india_saraga_0065,0.6912846574986399
italy_u004,india_saraga_0038,0.8558862346801493
italy_u004,india_saraga_0043,0.596206977438078
italy_u004,india_saraga_0024,0.7046741748297024
italy_u004,russia_0047,1.7163632785438196
italy_u004,russia_0019,1.3501835568415737
italy_u004,russia_0048,1.6934885956673087
italy_u004,russia_0044,0.7967433709815082
italy_u004,russia_0066,1.606968003331247
italy_u004,russia_0016,0.9390682892528782
italy_u004,russia_0020,0.6446632245153556
italy_u004,italy_0072,1.9631197475072395
italy_u005,italy_0073,1.492418215518768
italy_u005,italy_0066,1.8211541399170312
italy_u005,italy_0044,1.5718651062567883
italy_u005,italy_0031,0.695025099927338
italy_u005,italy_0037,1.9618339529637365
italy_u005,italy_0054,2.1668921642536065
italy_u005,italy_0077,0.666903226909151
italy_u005,italy_0072,0.7841558298892753
italy_u005,italy_0028,1.7859072238079035
italy_u005,italy_0071,1.6177175335875564
italy_u005,italy_0051,1.2348418232262615
italy_u005,italy_0076,1.5052039194221405
italy_u005,italy_0047,1.7882590298018264
italy_u005,italy_0074,1.4452218967446029
italy_u005,italy_0057,0.8168248599964949
italy_u005,italy_0021,0.7292771502549256
italy_u005,italy_0059,1.3320313181999581
italy_u005,italy_0070,2.166976207289238
italy_u005,italy_0068,1.5371690763721517
italy_u005,italy_0022,1.1929296190557896
italy_u005,italy_0052,2.142518142423786
italy_u005,italy_0007,1.2453904694086682
italy_u005,italy_0069,1.453277679611797
italy_u005,italy_0001,0.775961345334544
italy_u005,india_saraga_0033,1.4454912764511647
italy_u005,india_saraga_0061,1.395408992144016
italy_u005,india_saraga_0045,1.5222293903600943
italy_u005,india_saraga_0035,0.8890082731274805
italy_u005,india_saraga_0002,1.038671845739359
italy_u005,india_saraga_0071,0.6772613105617178
italy_u005,india_saraga_0070,1.7520815827302743
italy_u005,india_saraga_0083,0.5662044190006416
italy_u005,china_ctis_0025,1.32616795996099
italy_u005,china_ctis_0056,1.4020974826630013
italy_u005,china_ctis_0039,0.6629442394288225
italy_u005,china_ctis_0011,0.9431863278711614
italy_u005,china_ctis_0027,0.5082208651293525
italy_u005,china_ctis_0035,1.2014211477419654
italy_u005,china_ctis_0050,1.7931664928118924
italy_u005,china_ctis_0030,1.0303446917099146
italy_u006,italy_0020,1.8157698375907583
italy_u006,italy_0064,0.6984203837894174
italy_u006,italy_0055,1.1663004834062551
italy_u006,italy_0060,1.2500325719908993
italy_u006,italy_0017,1.8096675629441286
italy_u006,italy_0018,0.9186621159969586
italy_u006,italy_0063,2.2092874141160483
italy_u006,italy_0013,2.2961393685699227
italy_u006,italy_0061,1.9876199929145952
italy_u006,italy_0048,1.092004065024586
italy_u006,italy_0032,1.720169978275674
italy_u006,italy_0015,0.7184303546789345
italy_u006,italy_0056,2.0779568195937306
italy_u006,italy_0016,1.4650877029239722
italy_u006,turkey_modern_0052,0.6881928745317107
italy_u006,turkey_modern_0087,0.8920123554082985
italy_u006,turkey_modern_0073,1.531002705058766
italy_u006,turkey_modern_0034,1.6248061360265127
italy_u006,turkey_modern_0030,1.1516130723614717
italy_u006,turkey_modern_0042,1.0984205254194088
italy_u006,turkey_modern_0057,1.4634919078469002
italy_u006,turkey_modern_0038,1.5653559904000491
italy_u006,germany_0102,1.4825431967343579
italy_u006,germany_0085,0.9689778678161803
italy_u006,germany_0086,1.3165997781725811
italy_u006,germany_0035,1.6074358761657523
italy_u006,germany_0104,0.6548768559640165
italy_u006,germany_0099,0.9739845249052002
italy_u006,germany_0091,0.5264354932316073
italy_u006,germany_0084,1.0019843356779898
italy_u006,italy_0023,1.9071865947596691
italy_u006,italy_0047,0.9148740649091384
italy_u006,italy_0002,1.5097553356895617
italy_u006,italy_0000,0.6381103901526518
italy_u006,italy_0031,2.1234462340121105
italy_u006,italy_0001,1.9895080987032785
italy_u006,italy_0008,1.4796058558326888
italy_u006,italy_0029,1.7924825680516132
italy_u006,italy_0046,0.7542553843987816
italy_u006,italy_0083,2.0329863812854643
italy_u007,italy_0011,1.501065841823671
italy_u007,italy_0036,1.8827149101574083
italy_u007,italy_0091,2.04603970960994
italy_u007,italy_0095,1.8711957907995165
italy_u007,italy_0025,1.6586678729896944
italy_u007,italy_0081,2.1406523962211086
italy_u007,italy_0039,1.4715459847165822
italy_u007,italy_0043,1.6675405504726173
italy_u007,italy_0079,1.285045449322473
italy_u007,italy_0006,1.1397377465192868
italy_u007,italy_0004,1.147202819570662
italy_u007,italy_0014,0.830847310953705
italy_u007,italy_0100,1.9491309474123935
italy_u007,italy_0029,0.670509945475363
italy_u007,italy_0094,1.7388320454937969
italy_u007,italy_0005,2.0661938326438865
italy_u007,italy_0002,1.4330638985497584
italy_u007,italy_0090,0.696096348676674
italy_u007,italy_0049,1.3140201213236367
italy_u007,italy_0078,1.1670658899720534
italy_u007,italy_0042,2.275055325791518
italy_u007,italy_0099,1.767432472792679
italy_u007,italy_0092,1.8193456633298866
italy_u007,italy_0093,1.4648014352098484
italy_u007,china_ctis_0062,1.4077092434968304
italy_u007,china_ctis_0037,1.4254708185749272
italy_u007,china_ctis_0024,0.5395844890072415
italy_u007,china_ctis_0038,0.750518808044315
italy_u007,china_ctis_0009,0.46750619982899616
italy_u007,china_ctis_0000,1.138239998003572
italy_u007,china_ctis_0034,1.6323298040286358
italy_u007,china_ctis_0053,1.2728986218386935
italy_u007,modern_english_pop_0045,1.1252801625404079
italy_u007,modern_english_pop_0010,1.700053894274364
italy_u007,modern_english_pop_0066,0.6824949898793679
italy_u007,modern_english_pop_0033,0.5507158160128757
italy_u007,modern_english_pop_0054,1.6883627441531188
italy_u007,modern_english_pop_0087,1.668755369140398
italy_u007,modern_english_pop_0074,1.3720128563874818
italy_u007,modern_english_pop_0015,0.7820718688296703
italy_u008,italy_0004,1.491646405339681
italy_u008,italy_0040,1.7076883570585895
italy_u008,italy_0102,0.6447337860366706
italy_u008,italy_0023,2.214888948721991
italy_u008,italy_0094,2.2248410779697525
italy_u008,italy_0043,1.0513412732582885
italy_u008,italy_0042,1.6588097077319055
italy_u008,italy_0091,0.9233037961412837
italy_u008,italy_0079,1.5193888456857914
italy_u008,italy_0099,1.9046114374895784
italy_u008,italy_0049,2.1961924752893016
italy_u008,italy_0039,1.1601491926332839
italy_u008,italy_0096,1.7712965787487636
italy_u008,italy_0014,1.8108367722488845
italy_u008,italy_0025,0.9564816820091786
italy_u008,italy_0095,1.6600804268261014
italy_u008,italy_0045,1.7056017238489147
italy_u008,italy_0005,1.893031283446909
italy_u008,italy_0008,2.2999090191090703
italy_u008,italy_0033,0.6444008372606789
italy_u008,italy_0100,0.9239762003437877
italy_u008,italy_0097,0.8252602950615526
italy_u008,italy_0101,0.8413987404257117
italy_u008,italy_0027,1.3585789395728896
italy_u008,turkey_modern_0144,1.6360243514274655
italy_u008,turkey_modern_0076,1.0557764132414693
italy_u008,turkey_modern_0105,1.352448537076458
italy_u008,turkey_modern_0127,0.9582738424157958
italy_u008,turkey_modern_0056,0.8815454756700054
italy_u008,turkey_modern_0027,1.576217499519207
italy_u008,turkey_modern_0029,1.3349891386598665
italy_u008,turkey_modern_0015,0.9237086389114236
italy_u008,russia_0027,1.6841163526836724
italy_u008,russia_0026,1.1229906129088203
italy_u008,russia_0024,0.7041709088540395
italy_u008,russia_0049,1.1023495143313695
italy_u008,russia_0021,1.3608442412101924
italy_u008,italy_0041,1.20826921646688
italy_u008,italy_0048,2.0305286700750536
italy_u008,italy_0035,1.4946733665455239
italy_u009,italy_0000,2.290011726650833
italy_u009,italy_0037,0.6645398994302318
italy_u009,italy_0067,1.4916289864701158
italy_u009,italy_0074,0.8713882919716127
italy_u009,italy_0054,1.6474570915252684
italy_u009,italy_0068,2.2819610595456603
italy_u009,italy_0021,2.122119544596405
italy_u009,italy_0070,2.1703635962709598
italy_u009,italy_0038,0.9430284279633713
italy_u009,italy_0034,1.5105013080840448
italy_u009,italy_0075,0.9800835032812898
italy_u009,italy_0073,2.126507620571448
italy_u009,italy_0065,0.9047406380530751
italy_u009,italy_0071,0.8405791239058695
italy_u009,italy_0050,0.5959805397066823
italy_u009,italy_0051,0.8888600586494224
italy_u009,italy_0052,0.9023409108240691
italy_u009,italy_0072,0.7086705734816802
italy_u009,italy_0028,2.0718534033876987
italy_u009,italy_0001,1.9204962200008138
italy_u009,italy_0022,1.0139805829240178
italy_u009,italy_0077,1.9261195382118244
italy_u009,italy_0031,1.3032338432244768
italy_u009,italy_0062,1.912772533625618
italy_u009,china_ctis_0032,0.8860603299774844
italy_u009,china_ctis_0029,1.2122832057586341
italy_u009,china_ctis_0048,0.9651742316381277
italy_u009,china_ctis_0051,0.7033623529816834
italy_u009,china_ctis_0009,1.240604393402701
italy_u009,china_ctis_0059,1.463621579970099
italy_u009,china_ctis_0026,1.466694618202101
italy_u009,china_ctis_0034,0.9309907147309788
italy_u009,india_saraga_0023,1.150260887347868
italy_u009,india_saraga_0051,1.4811011080898666
italy_u009,india_saraga_0048,0.5235717526054977
italy_u009,india_saraga_0084,0.5470492499561614
italy_u009,india_saraga_0081,0.9579006989623045
italy_u009,india_saraga_0041,0.7516866613891052
italy_u009,india_saraga_0017,0.9557721263927975
italy_u009,india_saraga_0065,0.5765666578104918
italy_u010,italy_0010,1.2888921253340366
italy_u010,italy_0086,2.028596252774513
italy_u010,italy_0084,1.6829769524711784
italy_u010,italy_0035,1.3200211977050738
italy_u010,italy_0080,0.9648621786745594
italy_u010,italy_0087,1.4037283102007105
italy_u010,italy_0019,0.85616513090612
italy_u010,italy_0088,1.7255968427662447
italy_u010,italy_0082,1.619882650003436
italy_u010,italy_0083,1.9723731100176995
italy_u010,italy_0085,1.3504379946179264
italy_u010,indonesia_gamelan_0036,0.8261755195871642
italy_u010,indonesia_gamelan_0038,1.57913373496827
italy_u010,indonesia_gamelan_0004,1.3828460599708445
italy_u010,indonesia_gamelan_0050,1.4040573714801226
italy_u010,indonesia_gamelan_0048,1.1629141713985665
italy_u010,indonesia_gamelan_0046,1.6325711300972787
italy_u010,indonesia_gamelan_0002,0.7575077350865734
italy_u010,indonesia_gamelan_0034,0.992284234226443
italy_u010,turkey_modern_0082,1.524913971747512
italy_u010,turkey_modern_0145,0.6294972176577195
italy_u010,turkey_modern_0025,1.54094781557189
italy_u010,turkey_modern_0061,0.9260035479866344
italy_u010,turkey_modern_0043,0.6194299936909954
italy_u010,turkey_modern_0044,0.5568518054725592
italy_u010,turkey_modern_0091,1.5880887703175413
italy_u010,turkey_modern_0134,1.501130986594608
italy_u010,italy_0020,1.0718713207969157
italy_u010,italy_0090,0.7757247764346499
italy_u010,italy_0027,1.0014793849150636
italy_u010,italy_0005,0.9424036715715906
italy_u010,italy_0042,1.8395209991690418
italy_u010,italy_0097,0.9468463205156827
italy_u010,italy_0078,0.9477699500491532
italy_u010,italy_0076,0.6306625285605255
italy_u010,italy_0055,1.6045829623339185
italy_u010,italy_0025,1.7634897207417848
italy_u010,italy_0102,1.7022710589354446
italy_u010,italy_0009,1.5558335443692353
italy_u010,italy_0056,2.2414792867504407
italy_u011,italy_0032,0.9245231202035701
italy_u011,italy_0048,1.2663456385963008
italy_u011,italy_0018,1.5262586816135681
italy_u011,italy_0016,2.194149520503824
italy_u011,italy_0061,0.9885173054397145
italy_u011,italy_0063,1.7239965205455294
italy_u011,italy_0013,0.8381416973259453
italy_u011,italy_0017,1.8062241353160262
italy_u011,italy_0015,0.5945630130733638
italy_u011,italy_0055,1.7064619136285868
italy_u011,italy_0064,0.8565504578325545
italy_u011,italy_0060,0.8860596700069202
italy_u011,italy_0020,1.5391156674676456
italy_u011,italy_0056,1.2225849166925287
italy_u011,india_saraga_0040,1.0862619532436288
italy_u011,india_saraga_0006,0.8669999914509482
italy_u011,india_saraga_0096,1.737180516863239
italy_u011,india_saraga_0082,0.8423857351105499
italy_u011,india_saraga_0066,1.181764023392925
italy_u011,india_saraga_0079,1.603379999980141
italy_u011,india_saraga_0048,1.3466440965521085
italy_u011,india_saraga_0012,0.8857488784253229
italy_u011,germany_0084,1.1957895225452062
italy_u011,germany_0035,0.562038020414182
italy_u011,germany_0104,1.1866766436553846
italy_u011,germany_0080,1.0323752692772816
italy_u011,germany_0102,1.4732105045491495
italy_u011,germany_0091,1.594668838231058
italy_u011,germany_0097,0.7194823042240427
italy_u011,germany_0026,0.5600734723720302
italy_u011,italy_0070,1.2487107926473413
italy_u011,italy_0014,1.4964094541459436
italy_u011,italy_0028,1.224983360843414
italy_u011,italy_0026,1.659268019971688
italy_u011,italy_0093,1.4472484575154045
italy_u011,italy_0050,2.1906799097972796
italy_u011,italy_0023,1.2811996877262979
italy_u011,italy_0000,0.7173024483363046
italy_u011,italy_0077,1.095837911469048
italy_u011,italy_0099,1.6201669125765967
italy_u012,italy_0009,1.2523451158608188
italy_u012,italy_0046,1.8477536085503825
italy_u012,italy_0030,2.1481882205107112
italy_u012,great_britain_0003,1.6909551212214264
italy_u012,great_britain_0002,0.6620681484731387
italy_u012,great_britain_0078,0.7255304067881865
italy_u012,great_britain_0009,1.4691547585662283
italy_u012,great_britain_0081,1.3018633460222426
italy_u012,great_britain_0087,1.6718948372541889
italy_u012,great_britain_0016,0.8736307552109729
italy_u012,great_britain_0000,1.594828095047455
italy_u012,germany_0064,1.373097406928211
italy_u012,germany_0060,0.7138660187114093
italy_u012,germany_0029,0.620767398144113
italy_u012,germany_0042,1.3986768627116204
italy_u012,germany_0098,0.6639230421777619
italy_u012,germany_0004,1.52234420365325
italy_u012,germany_0072,1.2020783041718783
italy_u012,germany_0050,1.0937705343247661
italy_u012,italy_0050,1.0502875869644488
italy_u012,italy_0041,2.272133651245383
italy_u012,italy_0086,1.820738266320658
italy_u012,italy_0005,1.9171597913594127
italy_u012,italy_0043,1.9010263502227083
italy_u012,italy_0057,1.582426870629629
italy_u012,italy_0008,2.195980502379064
italy_u012,italy_0022,1.5820920933351172
italy_u012,italy_0062,1.4720786343046575
italy_u012,italy_0016,1.047150513179446
italy_u012,italy_0028,1.0609944617268867
italy_u012,italy_0033,1.8461247378190249
italy_u012,italy_0054,1.1524738023283194
italy_u012,italy_0072,1.8320260353780191
italy_u012,italy_0014,2.218419158955573
italy_u012,italy_0097,1.332805328443359
italy_u012,italy_0103,0.7428867339673823
italy_u012,italy_0039,1.7247926802932774
italy_u012,italy_0023,0.5914272296747127
italy_u012,italy_0042,1.9325810741947118
italy_u012,italy_0100,1.4817516268917892
italy_u013,italy_0046,2.264497296890854
italy_u013,italy_0009,1.1200341399821918
italy_u013,italy_0030,0.6352788790613572
italy_u013,great_britain_0061,0.6428105294351677
italy_u013,great_britain_0103,0.6110847127050805
italy_u013,great_britain_0013,1.0754327617270685
italy_u013,great_britain_0073,1.4552782690418469
italy_u013,great_britain_0089,0.8501999208055089
italy_u013,great_britain_0024,0.6468877406391884
italy_u013,great_britain_0019,1.3150351345440514
italy_u013,great_britain_0083,0.8565932819464774
italy_u013,indonesia_gamelan_0034,1.2264799715715142
italy_u013,indonesia_gamelan_0000,1.710611855558215
italy_u013,indonesia_gamelan_0006,0.8433183891508104
italy_u013,indonesia_gamelan_0005,1.1418636795564625
italy_u013,indonesia_gamelan_0036,1.539196083402142
italy_u013,indonesia_gamelan_0014,1.3838194518717981
italy_u013,indonesia_gamelan_0017,1.4644955359519007
italy_u013,indonesia_gamelan_0018,1.4929686560557354
italy_u013,italy_0022,1.506355135076224
italy_u013,italy_0011,1.499707136131407
italy_u013,italy_0061,1.8150845262735718
italy_u013,italy_0044,1.7784432659458835
italy_u013,italy_0070,1.7308494704512065
italy_u013,italy_0060,1.2341823439460944
italy_u013,italy_0072,2.0042360636684124
italy_u013,italy_0094,0.9824499841647839
italy_u013,italy_0019,0.8436376419584285
italy_u013,italy_0034,1.170404827974585
italy_u013,italy_0084,1.012858889698549
italy_u013,italy_0095,1.7189898335504448
italy_u013,italy_0052,0.9735057932336825
italy_u013,italy_0053,1.7074449711552488
italy_u013,italy_0018,1.46030932110036
italy_u013,italy_0037,0.8379763674298228
italy_u013,italy_0103,1.0207335556087644
italy_u013,italy_0066,1.4749787029230592
italy_u013,italy_0029,1.8396066492683791
italy_u013,italy_0006,1.2619840862013159
italy_u013,italy_0021,0.976636307757119
italy_u014,italy_0060,1.984916431140295
italy_u014,italy_0032,1.5488200379083532
italy_u014,italy_0056,1.3132125681882307
italy_u014,italy_0063,1.8160420332152087
italy_u014,italy_0015,1.3648169116930662
italy_u014,italy_0016,0.7962140291262636
italy_u014,italy_0013,0.7604188428649364
italy_u014,italy_0018,1.137275272646671
italy_u014,italy_0055,1.6149511598861717
italy_u014,italy_0017,0.8076012901932043
italy_u014,italy_0048,1.5239814444530275
italy_u014,italy_0061,1.0400766372950652
italy_u014,italy_0064,1.7745881419243033
italy_u014,italy_0020,0.6237531595292394
italy_u014,germany_0072,1.0831816324987735
italy_u014,germany_0050,0.520556601169214
italy_u014,germany_0062,0.8961854966216827
italy_u014,germany_0033,0.4710264447872869
italy_u014,germany_0038,1.0832833267802073
italy_u014,germany_0005,1.4854714224453158
italy_u014,germany_0036,0.5852970509570252
italy_u014,germany_0090,1.4425506341919365
italy_u014,modern_english_pop_0098,1.2386636105746471
italy_u014,modern_english_pop_0095,1.131217118733627
italy_u014,modern_english_pop_0023,1.2593024040783263
italy_u014,modern_english_pop_0071,0.903461127834414
italy_u014,modern_english_pop_0099,1.4089583975871907
italy_u014,modern_english_pop_0066,1.5025488865930425
italy_u014,modern_english_pop_0083,1.5006022185422845
italy_u014,modern_english_pop_0009,0.8137707156814793
italy_u014,italy_0098,1.7029895917149953
italy_u014,italy_0011,0.8304651269106017
italy_u014,italy_0059,1.4295988334535605
italy_u014,italy_0019,0.5795354736026677
italy_u014,italy_0101,0.9089371592893883
italy_u014,italy_0100,1.6647413498112447
italy_u014,italy_0052,2.083273596475398
italy_u014,italy_0089,0.659573815060892
italy_u014,italy_0014,1.5385035665007192
italy_u014,italy_0026,1.6734369096811774
italy_u015,italy_0061,2.2940215604218084
italy_u015,italy_0015,1.5524586177063957
italy_u015,italy_0055,1.284830211861346
italy_u015,italy_0060,2.1788919002193916
italy_u015,italy_0064,0.9588086280073996
italy_u015,italy_0016,0.8846387779467711
italy_u015,italy_0018,1.4985035365953514
italy_u015,italy_0013,1.312095497759148
italy_u015,italy_0032,1.949800983369177
italy_u015,italy_0020,0.6474673212500334
italy_u015,italy_0017,1.6405770471093544
italy_u015,italy_0056,1.8009215214988368
italy_u015,italy_0063,2.2515564124213427
italy_u015,italy_0048,0.8264415204137161
italy_u015,turkey_modern_0140,0.7824283452577814
italy_u015,turkey_modern_0113,1.708798362618477
italy_u015,turkey_modern_0115,1.301348941402456
italy_u015,turkey_modern_0029,0.5013661941929407
italy_u015,turkey_modern_0077,0.5544144030453017
italy_u015,turkey_modern_0130,1.5103447568473523
italy_u015,turkey_modern_0125,1.2160905729161613
italy_u015,turkey_modern_0053,1.2133109001854798
italy_u015,germany_0027,1.6378186184702352
italy_u015,germany_0013,0.7754821911511581
italy_u015,germany_0031,0.666581825459727
italy_u015,germany_0070,1.2786380292898087
italy_u015,germany_0048,1.6412711818327426
italy_u015,italy_0082,1.0325573620516413
italy_u015,italy_0075,1.750232779265082
italy_u015,italy_0053,0.8378538299555229
italy_u015,italy_0047,0.8715425003052818
italy_u015,italy_0011,2.130104849813222
italy_u015,italy_0039,0.7784896162134974
italy_u015,italy_0004,0.6169960507302107
italy_u015,italy_0103,1.9117722729911029
italy_u015,italy_0051,1.2003289712059362
italy_u015,italy_0012,1.2592360025486757
italy_u015,italy_0079,1.9547542649666372
italy_u015,italy_0090,0.8853892404709256
italy_u015,italy_0036,1.6968139741237864
italy_u016,italy_0054,1.5351149826228938
italy_u016,italy_0074,2.169186504245763
italy_u016,italy_0072,0.8842897863031761
italy_u016,italy_0038,0.9278830598057772
italy_u016,italy_0066,2.211963589057364
italy_u016,italy_0068,0.7439889708560311
italy_u016,italy_0053,1.6698272591008938
italy_u016,italy_0059,0.6794730952963116
italy_u016,italy_0028,0.7078091440080407
italy_u016,italy_0037,1.60508158150547
italy_u016,italy_0051,1.5261097347157513
italy_u016,italy_0052,1.5634701928499473
italy_u016,italy_0000,1.3920498665486516
italy_u016,italy_0069,1.8555698625032682
italy_u016,italy_0062,2.28652522522945
italy_u016,italy_0034,1.0507226500233635
italy_u016,italy_0070,1.132933426118286
italy_u016,italy_0001,1.1322604605420452
italy_u016,italy_0065,1.8916389323775953
italy_u016,italy_0050,1.175326739438431
italy_u016,italy_0067,1.7423714415800722
italy_u016,italy_0031,1.344156035845577
italy_u016,italy_0021,1.6234630506146963
italy_u016,italy_0022,2.005051518088451
italy_u016,india_saraga_0080,1.1439792281981775
italy_u016,india_saraga_0075,1.0914838211430526
italy_u016,india_saraga_0066,0.8104156878671591
italy_u016,india_saraga_0028,1.1464711854567082
italy_u016,india_saraga_0011,0.8042565684279652
italy_u016,india_saraga_0014,1.5888197777192443
italy_u016,india_saraga_0027,0.9749664362631382
italy_u016,india_saraga_0091,0.6242953029771877
italy_u016,germany_0022,0.773956162700586
italy_u016,germany_0030,1.1716849810807959
italy_u016,germany_0032,1.686988146370166
italy_u016,germany_0028,0.8557580230759525
italy_u016,germany_0057,0.8069213755340706
italy_u016,germany_0023,0.9988557769936828
italy_u016,germany_0021,1.7564685456943976
italy_u016,germany_0037,1.591046560522828
italy_u017,italy_0046,1.2402035301331413
italy_u017,italy_0030,1.789455570181543
italy_u017,italy_0009,1.9319792274409033
italy_u017,france_0039,1.1016325668705504
italy_u017,france_0074,1.0243175783177747
italy_u017,france_0031,1.229515610002635
italy_u017,france_0100,1.2399705609827196
italy_u017,france_0046,1.024396941403828
italy_u017,france_0044,1.472844885897561
italy_u017,france_0073,0.9896239544676407
italy_u017,france_0032,1.0615477628913652
italy_u017,turkey_modern_0119,1.2671796027773419
italy_u017,turkey_modern_0005,1.7822460176063974
italy_u017,turkey_modern_0123,0.801926249869039
italy_u017,turkey_modern_0012,0.7631362798805587
italy_u017,turkey_modern_0086,0.6887978097925267
italy_u017,turkey_modern_0010,1.3807496893159803
italy_u017,turkey_modern_0117,1.0562777605148506
italy_u017,turkey_modern_0128,0.974618559100271
italy_u017,italy_0069,0.9270558954067983
italy_u017,italy_0104,2.1122137010207584
italy_u017,italy_0038,1.3394734857586155
italy_u017,italy_0032,1.6232709623139174
italy_u017,italy_0023,0.7691135225546114
italy_u017,italy_0065,0.7612520737814543
italy_u017,italy_0047,0.6911865843703927
italy_u017,italy_0057,1.2086719894460562
italy_u017,italy_0003,1.3907293887810475
italy_u017,italy_0011,0.9968973077999336
italy_u017,italy_0006,1.178193697638359
italy_u017,italy_0077,0.5857985586910027
italy_u017,italy_0013,1.1806276025759062
italy_u017,italy_0090,0.7805705525832118
italy_u017,italy_0019,0.7964632251949595
italy_u017,italy_0068,0.5827730182910057
italy_u017,italy_0101,1.7762564764623092
italy_u017,italy_0082,2.181464510235187
italy_u017,italy_0096,1.6471660924699711
italy_u017,italy_0093,0.7409485395756441
italy_u017,italy_0078,2.2821453002020693
italy_u018,italy_0045,1.3304696217295582
italy_u018,italy_0096,1.3125247966561313
italy_u018,italy_0004,1.0610283531632685
italy_u018,italy_0014,1.653378943120545
italy_u018,italy_0039,1.413544063457865
italy_u018,italy_0102,1.8321129356943784
italy_u018,italy_0024,1.189982679811462
italy_u018,italy_0041,0.8007071792760871
italy_u018,italy_0027,2.0627011549060583
italy_u018,italy_0100,2.003380974889081
italy_u018,italy_0092,1.1804753227746587
italy_u018,italy_0098,1.7658567127081983
italy_u018,italy_0043,1.4243950133254304
italy_u018,italy_0099,1.8876768675511475
italy_u018,italy_0103,1.2479783359462837
italy_u018,italy_0094,1.4989776810498707
italy_u018,italy_0040,0.6747327795116889
italy_u018,italy_0036,0.8767197182394402
italy_u018,italy_0008,1.9235456734120524
italy_u018,italy_0097,1.2332004567482135
italy_u018,italy_0078,0.6355568567960429
italy_u018,italy_0003,0.8641725928531079
italy_u018,italy_0006,1.2850066053476847
italy_u018,italy_0026,1.8134001096039316
italy_u018,india_saraga_0018,0.9407048064397618
italy_u018,india_saraga_0101,1.4560007684114733
italy_u018,india_saraga_0080,1.6083817928483626
italy_u018,india_saraga_0006,0.9105344291777121
italy_u018,india_saraga_0086,1.5305070206534743
italy_u018,india_saraga_0076,0.6212888990057559
italy_u018,india_saraga_0000,1.0106327588467405
italy_u018,india_saraga_0014,0.58170923498015
italy_u018,russia_0027,0.5209127848729472
italy_u018,russia_0026,0.5371119596053533
italy_u018,russia_0024,0.5914152365602092
italy_u018,russia_0021,1.5782299966121385
italy_u018,russia_0049,1.1839641169054815
italy_u018,italy_0075,2.2092446239153434
italy_u018,italy_0089,1.5030505197640858
italy_u018,italy_0072,1.659527048235417
italy_u019,italy_0059,0.929996964199663
italy_u019,italy_0072,2.0026473370822178
italy_u019,italy_0066,0.8392927486396713
italy_u019,italy_0053,1.0671067665359082
italy_u019,italy_0051,1.6601434904918029
italy_u019,italy_0068,0.8928188473558817
italy_u019,italy_0069,1.0978756886451642
italy_u019,italy_0071,1.3804244542875066
italy_u019,italy_0021,0.9684885144996932
italy_u019,italy_0075,2.2869136048619345
italy_u019,italy_0012,0.8569443798791869
italy_u019,italy_0070,2.0411415059874365
italy_u019,italy_0057,1.3859222093352905
italy_u019,italy_0058,0.797738347517325
italy_u019,italy_0077,0.7793886211054515
italy_u019,italy_0022,1.4380106966877255
italy_u019,italy_0050,1.1848222957843877
italy_u019,italy_0054,0.9796889659699141
italy_u019,italy_0076,2.2291700116109165
italy_u019,italy_0007,1.3743300525922542
italy_u019,italy_0073,2.177198942867265
italy_u019,italy_0067,0.8578995274618123
italy_u019,italy_0044,0.891478965971771
italy_u019,italy_0052,1.6031477668757288
italy_u019,france_0051,0.8143321175327105
italy_u019,france_0033,0.6996661050752015
italy_u019,france_0063,0.5778252703079699
italy_u019,france_0016,0.5529654049146712
italy_u019,france_0091,1.4667773203081258
italy_u019,france_0006,0.8309202475992524
italy_u019,france_0053,1.770865856965307
italy_u019,france_0083,0.6972135220968184
italy_u019,india_saraga_0029,0.9285029775321947
italy_u019,india_saraga_0093,0.9561266363011501
italy_u019,india_saraga_0085,1.1252062701947203
italy_u019,india_saraga_0066,1.6253584231222622
italy_u019,india_saraga_0044,1.576939783451653
italy_u019,india_saraga_0049,0.4634410466661237
italy_u019,india_saraga_0048,1.0024943403936546
italy_u019,india_saraga_0042,1.5677145869047857
italy_u020,italy_0030,1.1145802137266618
italy_u020,italy_0009,2.2858326578849475
italy_u020,italy_0046,0.8462740635352216
italy_u020,china_ctis_0034,0.8530243591029316
italy_u020,china_ctis_0063,1.692991105040893
italy_u020,china_ctis_0023,1.7504658852400836
italy_u020,china_ctis_0055,0.7589385375545494
italy_u020,china_ctis_0001,1.6386111410183877
italy_u020,china_ctis_0061,0.6375392251060684
italy_u020,china_ctis_0024,1.478074155255696
italy_u020,china_ctis_0046,0.4675610168739516
italy_u020,india_saraga_0066,0.9989364994752962
italy_u020,india_saraga_0094,0.783902529068474
italy_u020,india_saraga_0039,1.4004108191148157
italy_u020,india_saraga_0019,0.4716757773294993
italy_u020,india_saraga_0086,1.0776173031695697
italy_u020,india_saraga_0018,1.3905841834056625
italy_u020,india_saraga_0101,0.513051578887747
italy_u020,india_saraga_0022,1.6614902458754628
italy_u020,italy_0010,1.1980655277588743
italy_u020,italy_0055,0.8600835606178684
italy_u020,italy_0102,0.9639262556525449
italy_u020,italy_0048,1.159612727146299
italy_u020,italy_0085,0.9171970506434538
italy_u020,italy_0019,1.455748350503725
italy_u020,italy_0004,1.666807245461389
italy_u020,italy_0021,1.322666937823735
italy_u020,italy_0034,1.3116304585690859
italy_u020,italy_0075,1.9234316709110117
italy_u020,italy_0018,1.0942538298523516
italy_u020,italy_0059,1.6492762384899924
italy_u020,italy_0079,2.11528973419999
italy_u020,italy_0049,0.957112279790621
italy_u020,italy_0088,1.6443287592921887
italy_u020,italy_0094,2.2102513205945025
italy_u020,italy_0076,1.4888968147981587
italy_u020,italy_0062,2.2601485733775495
italy_u020,italy_0098,1.1098294262187738
italy_u020,italy_0095,1.5484069648491916
italy_u020,italy_0099,1.1115366708216434
italy_u021,italy_0046,0.613500673737973
italy_u021,italy_0030,1.9175665628277967
italy_u021,italy_0009,2.271921033679838
italy_u021,china_ctis_0037,1.3403886650098618
italy_u021,china_ctis_0060,1.2466878942403952
italy_u021,china_ctis_0011,1.675889388074479
italy_u021,china_ctis_0062,0.7941878815907017
italy_u021,china_ctis_0054,0.5397241119363071
italy_u021,china_ctis_0036,1.1384593717124913
italy_u021,china_ctis_0059,0.8014707492846688
italy_u021,china_ctis_0056,1.0589601798192179
italy_u021,india_saraga_0026,1.0660047982854426
italy_u021,india_saraga_0027,0.8804229624918938
italy_u021,india_saraga_0001,1.1065381851371223
italy_u021,india_saraga_0085,0.9632050387423673
italy_u021,india_saraga_0046,0.6026301046555336
italy_u021,india_saraga_0098,1.6200797049978028
italy_u021,india_saraga_0019,1.3967195144808051
italy_u021,india_saraga_0028,0.5057669677497848
italy_u021,italy_0040,0.7747315835930034
italy_u021,italy_0081,0.7414874619782413
italy_u021,italy_0007,0.6815076185902277
italy_u021,italy_0061,0.6768729383249447
italy_u021,italy_0033,0.8460187743149454
italy_u021,italy_0086,2.037574729714126
italy_u021,italy_0017,2.003702435941853
italy_u021,italy_0103,1.9259276698552146
italy_u021,italy_0015,1.6353687237790377
italy_u021,italy_0000,1.8230263792935195
italy_u021,italy_0058,1.848880088699528
italy_u021,italy_0079,2.109064701280726
italy_u021,italy_0059,1.8382917261216956
italy_u021,italy_0078,1.8453923063361652
italy_u021,italy_0018,1.9620400229307595
italy_u021,italy_0091,1.534712126475165
italy_u021,italy_0104,0.9424746628235009
italy_u021,italy_0056,0.7208357738066254
italy_u021,italy_0062,1.2978501416587753
italy_u021,italy_0087,0.7331577836584579
italy_u021,italy_0019,0.8670494544312213
italy_u022,italy_0019,1.3792663154526241
italy_u022,italy_0085,1.1975440327683744
italy_u022,italy_0080,1.7420930256091622
italy_u022,italy_0035,0.7045064372730825
italy_u022,italy_0087,1.418108704849239
italy_u022,italy_0088,0.8755983580592667
italy_u022,italy_0082,1.6216006405262904
italy_u022,italy_0086,0.7754679282865918
italy_u022,italy_0083,0.9159149697632385
italy_u022,italy_0084,1.9617084954047155
italy_u022,italy_0010,0.9806630578155737
italy_u022,turkey_modern_0095,1.4450382073716646
italy_u022,turkey_modern_0108,0.8186346445790579
italy_u022,turkey_modern_0053,0.767287132065672
italy_u022,turkey_modern_0122,0.8538589568897109
italy_u022,turkey_modern_0136,1.6392581789707106
italy_u022,turkey_modern_0097,0.9861736401045827
italy_u022,turkey_modern_0134,0.7790767153433645
italy_u022,turkey_modern_0030,1.174463289490833
italy_u022,china_opencpop_0014,0.9706159059099333
italy_u022,china_opencpop_0033,1.5167666516917453
italy_u022,china_opencpop_0032,1.7871015847225875
italy_u022,china_opencpop_0001,1.1608754975988753
italy_u022,china_opencpop_0019,1.0598610118313467
italy_u022,china_opencpop_0016,0.9130977877237457
italy_u022,china_opencpop_0010,1.764007288564686
italy_u022,china_opencpop_0028,1.102432422606321
italy_u022,italy_0078,0.8820445833896853
italy_u022,italy_0094,2.2468974367885663
italy_u022,italy_0016,2.2325216673488906
italy_u022,italy_0079,1.326625715278007
italy_u022,italy_0006,1.175620872481851
italy_u022,italy_0050,1.7487545955378958
italy_u022,italy_0103,2.004894125605177
italy_u022,italy_0064,1.4349679281890848
italy_u022,italy_0071,1.1456524095664826
italy_u022,italy_0030,1.094904668738698
italy_u022,italy_0043,1.138382804444871
italy_u022,italy_0009,0.7786068217111572
italy_u022,italy_0072,1.9181202527127348
italy_u023,italy_0025,0.8305836677143396
italy_u023,italy_0095,1.2550737324032801
italy_u023,italy_0042,2.0801785336802
italy_u023,italy_0027,1.1736783222290148
italy_u023,italy_0029,0.8317191613339793
italy_u023,italy_0003,1.4765417214896221
italy_u023,italy_0089,2.2861030837387415
italy_u023,italy_0081,0.8996126022036101
italy_u023,italy_0045,1.916834291780345
italy_u023,italy_0006,1.9952941776656719
italy_u023,italy_0014,1.2673086425392281
italy_u023,italy_0104,1.6437262316963055
italy_u023,italy_0099,1.3208442025458003
italy_u023,italy_0023,1.0275139655314514
italy_u023,italy_0079,1.3100549301248214
italy_u023,italy_0002,0.7393754856868734
italy_u023,italy_0005,1.7944992960650399
italy_u023,italy_0049,2.0053579795605496
italy_u023,italy_0033,1.1052648850640827
italy_u023,italy_0039,1.5521725220554696
italy_u023,italy_0004,0.9754562177680277
italy_u023,italy_0008,0.7948692765481002
italy_u023,italy_0094,1.7197420248184754
italy_u023,italy_0100,0.8063356039761488
italy_u023,germany_0019,1.505671743428326
italy_u023,germany_0046,0.8168686408137475
italy_u023,germany_0063,1.5549930805535919
italy_u023,germany_0009,0.9474811754270764
italy_u023,germany_0006,0.9479375000680295
italy_u023,germany_0054,1.4632732269078539
italy_u023,germany_0011,1.1388587957578862
italy_u023,germany_0068,0.7213195256533298
italy_u023,china_ctis_0027,1.5980515398721373
italy_u023,china_ctis_0021,0.9092068324682755
italy_u023,china_ctis_0016,0.588748627131842
italy_u023,china_ctis_0040,1.0116014106458848
italy_u023,china_ctis_0049,1.2248483802790666
italy_u023,china_ctis_0003,1.2733452008177817
italy_u023,china_ctis_0033,1.5780705911601571
italy_u023,china_ctis_0034,1.1808992121211908
modern_english_pop_u000,modern_english_pop_0011,1.224367373479421
modern_english_pop_u000,modern_english_pop_0064,1.728044988616857
modern_english_pop_u000,modern_english_pop_0013,1.8500883066494473
modern_english_pop_u000,modern_english_pop_0051,1.3032677062307787
modern_english_pop_u000,modern_english_pop_0012,0.8223335199588446
modern_english_pop_u000,modern_english_pop_0054,1.2420480178116402
modern_english_pop_u000,modern_english_pop_0094,2.077558562999593
modern_english_pop_u000,modern_english_pop_0086,1.1461229688301633
modern_english_pop_u000,modern_english_pop_0082,0.6830702884756386
modern_english_pop_u000,modern_english_pop_0092,2.2295016946437483
modern_english_pop_u000,modern_english_pop_0050,1.7491676679799228
modern_english_pop_u000,modern_english_pop_0075,1.507977897092301
modern_english_pop_u000,modern_english_pop_0108,2.005210173025135
modern_english_pop_u000,modern_english_pop_0107,1.2842521697174902
modern_english_pop_u000,modern_english_pop_0041,2.274324744668277
modern_english_pop_u000,modern_english_pop_0067,2.054313544711246
modern_english_pop_u000,modern_english_pop_0000,1.058939679356584
modern_english_pop_u000,modern_english_pop_0008,1.2150577778814287
modern_english_pop_u000,modern_english_pop_0105,1.0506566132423187
modern_english_pop_u000,modern_english_pop_0060,1.7123629539132117
modern_english_pop_u000,modern_english_pop_0113,1.6778475810912727
modern_english_pop_u000,modern_english_pop_0025,1.4763226318094367
modern_english_pop_u000,modern_english_pop_0023,2.2410746461381335
modern_english_pop_u000,modern_english_pop_0010,1.3896748721065149
modern_english_pop_u000,india_saraga_0098,1.5080252321653633
modern_english_pop_u000,india_saraga_0104,1.3384284081885043
modern_english_pop_u000,india_saraga_0033,1.1495496691953022
modern_english_pop_u000,india_saraga_0026,0.5068283947353878
modern_english_pop_u000,india_saraga_0011,1.3376182821571776
modern_english_pop_u000,india_saraga_0034,1.3175033637729043
modern_english_pop_u000,india_saraga_0029,0.61857989269994
modern_english_pop_u000,india_saraga_0016,1.524485216736899
modern_english_pop_u000,germany_0024,1.080442012650807
modern_english_pop_u000,germany_0023,0.8875971194464918
modern_english_pop_u000,germany_0037,1.562345170892054
modern_english_pop_u000,germany_0078,0.9135507953220621
modern_english_pop_u000,germany_0022,1.2894985682331657
modern_english_pop_u000,germany_0056,1.2841849819662645
modern_english_pop_u000,germany_0021,0.5212880764739104
modern_english_pop_u000,germany_0030,1.0208254012758666
modern_english_pop_u001,modern_english_pop_0069,0.9717506494317463
modern_english_pop_u001,modern_english_pop_0024,1.9456883206001674
modern_english_pop_u001,modern_english_pop_0097,1.6501386628500838
modern_english_pop_u001,modern_english_pop_0099,1.8876021326772097
modern_english_pop_u001,modern_english_pop_0001,0.743658837254365
modern_english_pop_u001,modern_english_pop_0059,1.3652298879157538
modern_english_pop_u001,modern_english_pop_0031,1.9500082825977978
modern_english_pop_u001,modern_english_pop_0113,1.0334924952480433
modern_english_pop_u001,modern_english_pop_0041,0.8668509704486492
modern_english_pop_u001,modern_english_pop_0095,1.2335772168346564
modern_english_pop_u001,modern_english_pop_0064,1.1500804548718966
modern_english_pop_u001,modern_english_pop_0054,0.8949405435718012
modern_english_pop_u001,modern_english_pop_0033,2.220554996239546
modern_english_pop_u001,modern_english_pop_0096,1.4083447478581341
modern_english_pop_u001,modern_english_pop_0026,1.6239317142896197
modern_english_pop_u001,modern_english_pop_0101,0.7839094175930514
modern_english_pop_u001,modern_english_pop_0068,1.6273105270268597
modern_english_pop_u001,modern_english_pop_0100,1.5329316457845998
modern_english_pop_u001,modern_english_pop_0080,2.182578090408481
modern_english_pop_u001,modern_english_pop_0019,1.2862464818492751
modern_english_pop_u001,modern_english_pop_0015,1.9240571233214743
modern_english_pop_u001,modern_english_pop_0021,1.0997121878471603
modern_english_pop_u001,modern_english_pop_0063,1.5736721146655939
modern_english_pop_u001,modern_english_pop_0076,2.1740239352462414
modern_english_pop_u001,germany_0014,1.29384626952451
modern_english_pop_u001,germany_0016,1.4100642230847862
modern_english_pop_u001,germany_0043,1.632579109023497
modern_english_pop_u001,germany_0071,1.6993228904668793
modern_english_pop_u001,germany_0040,0.7311710815241406
modern_english_pop_u001,germany_0055,0.7143813426994001
modern_english_pop_u001,germany_0075,1.1931427713268608
modern_english_pop_u001,germany_0017,1.7939471080135876
modern_english_pop_u001,france_0097,1.111705636469553
modern_english_pop_u001,france_0053,0.8967217001896268
modern_english_pop_u001,france_0016,1.1753027211596694
modern_english_pop_u001,france_0004,0.5369342950561975
modern_english_pop_u001,france_0001,0.689229139918384
modern_english_pop_u001,france_0083,0.6510425634177884
modern_english_pop_u001,france_0015,0.48768598584592
modern_english_pop_u001,france_0012,1.4249866091111334
modern_english_pop_u002,modern_english_pop_0039,2.286882011385416
modern_english_pop_u002,modern_english_pop_0072,1.3673869949018251
modern_english_pop_u002,modern_english_pop_0113,1.7317753696826343
modern_english_pop_u002,modern_english_pop_0094,0.6067809105349099
modern_english_pop_u002,modern_english_pop_0019,2.136275132453214
modern_english_pop_u002,modern_english_pop_0000,1.6371569260367986
modern_english_pop_u002,modern_english_pop_0038,1.3018200892463339
modern_english_pop_u002,modern_english_pop_0061,1.3241894812621224
modern_english_pop_u002,modern_english_pop_0016,1.8825424899716823
modern_english_pop_u002,modern_english_pop_0015,2.012735756099417
modern_english_pop_u002,modern_english_pop_0012,1.9686338416431193
modern_english_pop_u002,modern_english_pop_0040,1.4557585265061157
modern_english_pop_u002,modern_english_pop_0013,1.2152279498048546
modern_english_pop_u002,modern_english_pop_0021,2.2060553984417988
modern_english_pop_u002,modern_english_pop_0079,1.668994180228612
modern_english_pop_u002,modern_english_pop_0024,1.5128021305150148
modern_english_pop_u002,modern_english_pop_0032,1.6071001577488047
modern_english_pop_u002,modern_english_pop_0111,1.6615197266213375
modern_english_pop_u002,modern_english_pop_0115,1.805050725084409
modern_english_pop_u002,modern_english_pop_0096,1.529243598946011
modern_english_pop_u002,modern_english_pop_0050,2.0849879864391507
modern_english_pop_u002,modern_english_pop_0033,2.0580070196221603
modern_english_pop_u002,modern_english_pop_0075,1.3378946095261446
modern_english_pop_u002,modern_english_pop_0104,0.8657247934165505
modern_english_pop_u002,france_0014,1.2284852135909863
modern_english_pop_u002,france_0056,1.287998354877096
modern_english_pop_u002,france_0036,1.1565624248375426
modern_english_pop_u002,france_0009,1.6522800479198545
modern_english_pop_u002,france_0093,0.575577346982894
modern_english_pop_u002,france_0054,0.8380149815275206
modern_english_pop_u002,france_0057,1.6188162925355352
modern_english_pop_u002,france_0075,1.7182079725799775
modern_english_pop_u002,germany_0030,1.0249988508484678
modern_english_pop_u002,germany_0057,0.7100693754852663
modern_english_pop_u002,germany_0022,1.017444820288412
modern_english_pop_u002,germany_0025,1.0658247013225837
modern_english_pop_u002,germany_0032,1.1514186605194427
modern_english_pop_u002,germany_0021,0.8203766582469841
modern_english_pop_u002,germany_0078,0.8720469996077104
modern_english_pop_u002,germany_0028,1.3350433023172241
modern_english_pop_u003,modern_english_pop_0037,0.6131295720171137
modern_english_pop_u003,modern_english_pop_0112,0.6370753512171101
modern_english_pop_u003,modern_english_pop_0066,1.1067142972658317
modern_english_pop_u003,modern_english_pop_0067,1.6256551329855484
modern_english_pop_u003,modern_english_pop_0082,2.2355367416548058
modern_english_pop_u003,modern_english_pop_0010,0.7316015547304437
modern_english_pop_u003,modern_english_pop_0096,1.7879557837886397
modern_english_pop_u003,modern_english_pop_0114,1.76993531066179
modern_english_pop_u003,modern_english_pop_0036,1.7298430700434972
modern_english_pop_u003,modern_english_pop_0058,1.4653541641430479
modern_english_pop_u003,modern_english_pop_0071,2.242774764802498
modern_english_pop_u003,modern_english_pop_0042,1.4405621138929754
modern_english_pop_u003,modern_english_pop_0119,2.0210624616186332
modern_english_pop_u003,modern_english_pop_0064,1.027848039958795
modern_english_pop_u003,modern_english_pop_0028,1.965882161304325
modern_english_pop_u003,modern_english_pop_0034,2.2940413910446598
modern_english_pop_u003,modern_english_pop_0099,2.144898328909736
modern_english_pop_u003,modern_english_pop_0085,1.0995237148471055
modern_english_pop_u003,modern_english_pop_0050,2.0346216458384885
modern_english_pop_u003,modern_english_pop_0100,0.7393185372245415
modern_english_pop_u003,modern_english_pop_0033,1.7440455403325157
modern_english_pop_u003,modern_english_pop_0089,1.1652022519020342
modern_english_pop_u003,modern_english_pop_0093,1.7112059045524066
modern_english_pop_u003,modern_english_pop_0087,1.2861295380745779
modern_english_pop_u003,indonesia_gamelan_0053,0.4621947522641853
modern_english_pop_u003,indonesia_gamelan_0014,0.7622233479647339
modern_english_pop_u003,indonesia_gamelan_0043,0.5072214143587266
modern_english_pop_u003,indonesia_gamelan_0021,1.0268143957797993
modern_english_pop_u003,indonesia_gamelan_0015,1.5840962370830474
modern_english_pop_u003,indonesia_gamelan_0034,1.4462956246163559
modern_english_pop_u003,indonesia_gamelan_0013,1.5150314514294887
modern_english_pop_u003,indonesia_gamelan_0029,1.5397195258863843
modern_english_pop_u003,germany_0070,0.9521187138586918
modern_english_pop_u003,germany_0013,1.133134734816088
modern_english_pop_u003,germany_0048,1.1364090796152917
modern_english_pop_u003,germany_0031,0.6028314978636977
modern_english_pop_u003,germany_0027,1.25749186487317
modern_english_pop_u003,modern_english_pop_0011,1.8173101187755787
modern_english_pop_u003,modern_english_pop_0002,1.6289194879704325
modern_english_pop_u003,modern_english_pop_0062,1.8617912373739265
modern_english_pop_u004,modern_english_pop_0031,2.284362813994418
modern_english_pop_u004,modern_english_pop_0016,2.1273189564013735
modern_english_pop_u004,modern_english_pop_0052,1.775369673729229
modern_english_pop_u004,modern_english_pop_0073,0.8402074866649722
modern_english_pop_u004,modern_english_pop_0051,2.1603242596851513
modern_english_pop_u004,modern_english_pop_0058,2.1147109719712995
modern_english_pop_u004,modern_english_pop_0001,2.104563416878062
modern_english_pop_u004,modern_english_pop_0037,1.4013040910090213
modern_english_pop_u004,modern_english_pop_0113,0.869469076580323
modern_english_pop_u004,modern_english_pop_0065,1.8763455458213896
modern_english_pop_u004,modern_english_pop_0080,1.2451884422584805
modern_english_pop_u004,modern_english_pop_0093,1.1693802997191052
modern_english_pop_u004,modern_english_pop_0112,1.2490989716647534
modern_english_pop_u004,modern_english_pop_0025,1.539396711628526
modern_english_pop_u004,modern_english_pop_0034,1.150319983033674
modern_english_pop_u004,modern_english_pop_0086,1.7651130539717539
modern_english_pop_u004,modern_english_pop_0106,1.6923235476578178
modern_english_pop_u004,modern_english_pop_0040,1.4527880088514031
modern_english_pop_u004,modern_english_pop_0035,0.6681038246574793
modern_english_pop_u004,modern_english_pop_0061,2.1905361270902723
modern_english_pop_u004,modern_english_pop_0020,1.2851760883826728
modern_english_pop_u004,modern_english_pop_0114,1.3503067601431555
modern_english_pop_u004,modern_english_pop_0088,1.3616560836194607
modern_english_pop_u004,modern_english_pop_0029,1.2046732279613592
modern_english_pop_u004,france_0090,1.3606936793343132
modern_english_pop_u004,france_0019,0.4687888893621965
modern_english_pop_u004,france_0049,1.6292362445694164
modern_english_pop_u004,france_0096,0.5882926841139064
modern_english_pop_u004,france_0064,1.7996134613915038
modern_english_pop_u004,france_0017,1.2979115493885733
modern_english_pop_u004,france_0011,0.5394327400413234
modern_english_pop_u004,france_0081,1.2092900302262355
modern_english_pop_u004,great_britain_0032,0.8972655198285798
modern_english_pop_u004,great_britain_0014,1.7366083512204156
modern_english_pop_u004,great_britain_0041,1.4698858564555446
modern_english_pop_u004,great_britain_0101,1.134469802675389
modern_english_pop_u004,great_britain_0091,1.0301994893350905
modern_english_pop_u004,great_britain_0028,1.7944229688158742
modern_english_pop_u004,great_britain_0051,1.3509685146970272
modern_english_pop_u004,great_britain_0021,1.1438051522281751
modern_english_pop_u005,modern_english_pop_0069,1.7766428330833834
modern_english_pop_u005,modern_english_pop_0049,0.9660878658811318
modern_english_pop_u005,modern_english_pop_0097,1.9563553612704787
modern_english_pop_u005,modern_english_pop_0018,1.9893717450133601
modern_english_pop_u005,modern_english_pop_0059,1.0842988394565731
modern_english_pop_u005,modern_english_pop_0054,0.61664281526194
modern_english_pop_u005,modern_english_pop_0095,1.3188290593201972
modern_english_pop_u005,modern_english_pop_0109,0.8682509215729907
modern_english_pop_u005,modern_english_pop_0056,1.9870006134638059
modern_english_pop_u005,modern_english_pop_0082,1.0253928045795944
modern_english_pop_u005,modern_english_pop_0119,2.2028700671427592
modern_english_pop_u005,modern_english_pop_0038,2.2513704578576337
modern_english_pop_u005,modern_english_pop_0060,2.1427419690215457
modern_english_pop_u005,modern_english_pop_0084,1.6093349740431506
modern_english_pop_u005,modern_english_pop_0031,1.0363133068757049
modern_english_pop_u005,modern_english_pop_0099,1.9675207655869866
modern_english_pop_u005,modern_english_pop_0058,1.7852520325838246
modern_english_pop_u005,modern_english_pop_0052,2.2606153986617024
modern_english_pop_u005,modern_english_pop_0062,1.225759712620511
modern_english_pop_u005,modern_english_pop_0087,0.6763747985643171
modern_english_pop_u005,modern_english_pop_0005,2.2972164172471823
modern_english_pop_u005,modern_english_pop_0046,2.02100477803206
modern_english_pop_u005,modern_english_pop_0114,0.9570697123149972
modern_english_pop_u005,modern_english_pop_0070,1.8267080686769028
modern_english_pop_u005,russia_0041,0.45093173633745054
modern_english_pop_u005,russia_0053,1.2030422281428337
modern_english_pop_u005,russia_0032,0.9398316253521984
modern_english_pop_u005,russia_0061,0.9647996056707964
modern_english_pop_u005,russia_0064,0.7801017383323025
modern_english_pop_u005,russia_0046,0.8210410411050145
modern_english_pop_u005,russia_0031,1.063802696205804
modern_english_pop_u005,russia_0063,0.7849957978949971
modern_english_pop_u005,great_britain_0047,1.0796939282737412
modern_english_pop_u005,great_britain_0043,1.2294194227701152
modern_english_pop_u005,great_britain_0070,1.4100004208508885
modern_english_pop_u005,great_britain_0055,1.3641466284218042
modern_english_pop_u005,great_britain_0067,0.7766855186911066
modern_english_pop_u005,great_britain_0062,0.5029059470779528
modern_english_pop_u005,great_britain_0045,1.5741205192257264
modern_english_pop_u005,great_britain_0059,1.6276223380022008
modern_english_pop_u006,modern_english_pop_0077,1.3170512216360497
modern_english_pop_u006,modern_english_pop_0062,0.6564363455633114
modern_english_pop_u006,modern_english_pop_0086,1.0985317612512493
modern_english_pop_u006,modern_english_pop_0097,2.0173631152788363
modern_english_pop_u006,modern_english_pop_0107,2.215251473635488
modern_english_pop_u006,modern_english_pop_0111,2.0096341210982978
modern_english_pop_u006,modern_english_pop_0093,1.259382083142928
modern_english_pop_u006,modern_english_pop_0109,0.6725254619589213
modern_english_pop_u006,modern_english_pop_0116,1.4678304059164577
modern_english_pop_u006,modern_english_pop_0061,1.2242598277889465
modern_english_pop_u006,modern_english_pop_0102,0.7871273678821962
modern_english_pop_u006,modern_english_pop_0070,0.7575970225212069
modern_english_pop_u006,modern_english_pop_0016,0.8389886243067652
modern_english_pop_u006,modern_english_pop_0033,0.9300458365885034
modern_english_pop_u006,modern_english_pop_0055,1.8752815561554388
modern_english_pop_u006,modern_english_pop_0082,1.2334384866137211
modern_english_pop_u006,modern_english_pop_0030,1.3287182745866832
modern_english_pop_u006,modern_english_pop_0046,1.6072078028458783
modern_english_pop_u006,modern_english_pop_0092,2.2312302485702276
modern_english_pop_u006,modern_english_pop_0110,1.8799091093530838
modern_english_pop_u006,modern_english_pop_0090,1.6888542589450717
modern_english_pop_u006,modern_english_pop_0032,1.858110430473486
modern_english_pop_u006,modern_english_pop_0038,1.8157795989295633
modern_english_pop_u006,modern_english_pop_0042,1.7656799752151273
modern_english_pop_u006,indonesia_fma_0006,1.1201496113248066
modern_english_pop_u006,indonesia_fma_0010,1.2152435581889711
modern_english_pop_u006,indonesia_fma_0013,1.0730134797060782
modern_english_pop_u006,indonesia_fma_0015,0.9831939710134473
modern_english_pop_u006,indonesia_fma_0002,0.8155368968709416
modern_english_pop_u006,indonesia_fma_0012,0.9295378217042267
modern_english_pop_u006,indonesia_fma_0011,1.0285149833680334
modern_english_pop_u006,indonesia_fma_0019,1.2321621967290561
modern_english_pop_u006,turkey_modern_0120,1.124831381224069
modern_english_pop_u006,turkey_modern_0110,0.5957310882742999
modern_english_pop_u006,turkey_modern_0080,0.9089644348673016
modern_english_pop_u006,turkey_modern_0015,0.9578611826122005
modern_english_pop_u006,turkey_modern_0079,1.4043500529026747
modern_english_pop_u006,turkey_modern_0074,0.8994043138798636
modern_english_pop_u006,turkey_modern_0107,0.4607403510392611
modern_english_pop_u006,turkey_modern_0129,0.5638544414955562
modern_english_pop_u007,modern_english_pop_0104,1.0756498687143408
modern_english_pop_u007,modern_english_pop_0062,2.0672112174414545
modern_english_pop_u007,modern_english_pop_0097,2.2267825412724895
modern_english_pop_u007,modern_english_pop_0028,2.036926642206426
modern_english_pop_u007,modern_english_pop_0060,1.5580093648142546
modern_english_pop_u007,modern_english_pop_0115,1.8206493064884335
modern_english_pop_u007,modern_english_pop_0004,1.4048386232505503
modern_english_pop_u007,modern_english_pop_0067,1.6052662626757928
modern_english_pop_u007,modern_english_pop_0041,2.2559677655375197
modern_english_pop_u007,modern_english_pop_0018,1.008182959368315
modern_english_pop_u007,modern_english_pop_0088,1.9421437863826108
modern_english_pop_u007,modern_english_pop_0039,1.4482521833270356
modern_english_pop_u007,modern_english_pop_0029,0.8801063621699803
modern_english_pop_u007,modern_english_pop_0049,1.6850985317151659
modern_english_pop_u007,modern_english_pop_0100,1.941936413773007
modern_english_pop_u007,modern_english_pop_0030,1.556103788332812
modern_english_pop_u007,modern_english_pop_0032,2.0195715817106117
modern_english_pop_u007,modern_english_pop_0069,1.206123359300053
modern_english_pop_u007,modern_english_pop_0089,2.1512503157533382
modern_english_pop_u007,modern_english_pop_0011,1.6933521724764142
modern_english_pop_u007,modern_english_pop_0107,1.9604498355069462
modern_english_pop_u007,modern_english_pop_0059,1.0458993403805812
modern_english_pop_u007,modern_english_pop_0058,1.3445713380325313
modern_english_pop_u007,modern_english_pop_0003,2.1440900352517502
modern_english_pop_u007,great_britain_0004,0.5187089931775402
modern_english_pop_u007,great_britain_0092,0.9953753133102938
modern_english_pop_u007,great_britain_0044,1.5034301883726784
modern_english_pop_u007,great_britain_0040,1.4541498317403028
modern_english_pop_u007,great_britain_0017,1.5996908215386447
modern_english_pop_u007,great_britain_0082,1.4481769518163035
modern_english_pop_u007,great_britain_0006,1.7285744013781585
modern_english_pop_u007,great_britain_0054,1.1226503997225619
modern_english_pop_u007,russia_0033,1.292791279751943
modern_english_pop_u007,russia_0067,1.5944027740563058
modern_english_pop_u007,russia_0055,1.3972827823060687
modern_english_pop_u007,russia_0005,0.5877765704794534
modern_english_pop_u007,russia_0012,0.9454452110029686
modern_english_pop_u007,russia_0045,1.1959975777480274
modern_english_pop_u007,russia_0062,1.468868684213118
modern_english_pop_u007,russia_0017,1.183816217905074
modern_english_pop_u008,modern_english_pop_0080,0.6594849666854226
modern_english_pop_u008,modern_english_pop_0092,0.9597537493388438
modern_english_pop_u008,modern_english_pop_0032,1.9445954707928474
modern_english_pop_u008,modern_english_pop_0082,1.4720813586428754
modern_english_pop_u008,modern_english_pop_0009,0.7244166615836757
modern_english_pop_u008,modern_english_pop_0116,1.0372276002941363
modern_english_pop_u008,modern_english_pop_0022,1.134002809866567
modern_english_pop_u008,modern_english_pop_0089,1.1288331951842616
modern_english_pop_u008,modern_english_pop_0057,2.088985492833735
modern_english_pop_u008,modern_english_pop_0052,1.7170128889426213
modern_english_pop_u008,modern_english_pop_0101,1.8427323051865454
modern_english_pop_u008,modern_english_pop_0114,0.5984084033327514
modern_english_pop_u008,modern_english_pop_0062,1.3124582051067446
modern_english_pop_u008,modern_english_pop_0100,1.123240583413034
modern_english_pop_u008,modern_english_pop_0091,2.0445713188642998
modern_english_pop_u008,modern_english_pop_0086,2.220425153011744
modern_english_pop_u008,modern_english_pop_0016,1.305262965537584
modern_english_pop_u008,modern_english_pop_0119,2.25352956013549
modern_english_pop_u008,modern_english_pop_0117,0.5997696269755
modern_english_pop_u008,modern_english_pop_0026,1.1368659722598449
modern_english_pop_u008,modern_english_pop_0055,1.9117562819291634
modern_english_pop_u008,modern_english_pop_0113,1.1961718625694318
modern_english_pop_u008,modern_english_pop_0060,2.1636600199019056
modern_english_pop_u008,modern_english_pop_0024,0.951851939559275
modern_english_pop_u008,russia_0024,1.5241500818929494
modern_english_pop_u008,russia_0049,0.722298040743408
modern_english_pop_u008,russia_0027,0.7160916388583308
modern_english_pop_u008,russia_0021,1.0517616338174205
modern_english_pop_u008,russia_0026,1.725669794245949
modern_english_pop_u008,italy_0009,1.2403641985681702
modern_english_pop_u008,italy_0046,1.3072944080793332
modern_english_pop_u008,italy_0030,0.4631391078326319
modern_english_pop_u008,modern_english_pop_0102,0.6726612279897949
modern_english_pop_u008,modern_english_pop_0081,0.6904611942652655
modern_english_pop_u008,modern_english_pop_0049,1.9888827512906253
modern_english_pop_u008,modern_english_pop_0108,0.9835699100331288
modern_english_pop_u008,modern_english_pop_0098,1.1422458685018304
modern_english_pop_u008,modern_english_pop_0054,1.6271685431349914
modern_english_pop_u008,modern_english_pop_0067,1.5823211979519756
modern_english_pop_u008,modern_english_pop_0019,1.2831633833055596
modern_english_pop_u009,modern_english_pop_0043,1.2173172788174296
modern_english_pop_u009,modern_english_pop_0073,2.0989088021326117
modern_english_pop_u009,modern_english_pop_0001,1.2918445801415641
modern_english_pop_u009,modern_english_pop_0088,1.6073605233794999
modern_english_pop_u009,modern_english_pop_0051,2.083993754134372
modern_english_pop_u009,modern_english_pop_0100,1.309435031853461
modern_english_pop_u009,modern_english_pop_0047,2.0993885721220127
modern_english_pop_u009,modern_english_pop_0114,0.8103957641084534
modern_english_pop_u009,modern_english_pop_0083,1.2043544461009308
modern_english_pop_u009,modern_english_pop_0072,0.7384045046396513
modern_english_pop_u009,modern_english_pop_0078,1.542603610510216
modern_english_pop_u009,modern_english_pop_0097,2.226311554203459
modern_english_pop_u009,modern_english_pop_0005,1.7082419159291824
modern_english_pop_u009,modern_english_pop_0064,1.6549804399265913
modern_english_pop_u009,modern_english_pop_0033,1.0548236406194136
modern_english_pop_u009,modern_english_pop_0004,2.181159158624885
modern_english_pop_u009,modern_english_pop_0098,1.3883975037380731
modern_english_pop_u009,modern_english_pop_0103,1.035578541504038
modern_english_pop_u009,modern_english_pop_0057,2.2787824662469376
modern_english_pop_u009,modern_english_pop_0009,1.3048887857959248
modern_english_pop_u009,modern_english_pop_0090,1.2158357446564636
modern_english_pop_u009,modern_english_pop_0023,0.6353081860904893
modern_english_pop_u009,modern_english_pop_0086,0.8825588286745774
modern_english_pop_u009,modern_english_pop_0000,1.9708550874996835
modern_english_pop_u009,china_opencpop_0033,1.1016383912129029
modern_english_pop_u009,china_opencpop_0042,1.7390808813490113
modern_english_pop_u009,china_opencpop_0018,0.5632458343518347
modern_english_pop_u009,china_opencpop_0030,1.281523647237883
modern_english_pop_u009,china_opencpop_0040,1.4219785991834757
modern_english_pop_u009,china_opencpop_0041,1.2885972207272147
modern_english_pop_u009,china_opencpop_0048,1.165334706169905
modern_english_pop_u009,china_opencpop_0008,1.2307027324572597
modern_english_pop_u009,germany_0068,1.3808919483581672
modern_english_pop_u009,germany_0066,1.6154057839106644
modern_english_pop_u009,germany_0046,0.904065269784326
modern_english_pop_u009,germany_0006,1.0705330085962514
modern_english_pop_u009,germany_0076,1.308477941933181
modern_english_pop_u009,germany_0009,0.8741915356407042
modern_english_pop_u009,germany_0044,0.6913568690280388
modern_english_pop_u009,germany_0019,1.7543278216504796
modern_english_pop_u010,modern_english_pop_0006,1.677158382973334
modern_english_pop_u010,modern_english_pop_0049,1.1657549709171735
modern_english_pop_u010,modern_english_pop_0035,2.1716042435820717
modern_english_pop_u010,modern_english_pop_0065,0.7863065108006658
modern_english_pop_u010,modern_english_pop_0046,0.8661796809626603
modern_english_pop_u010,modern_english_pop_0092,1.3233525073550716
modern_english_pop_u010,modern_english_pop_0087,1.0643220253177381
modern_english_pop_u010,modern_english_pop_0038,1.637139104536178
modern_english_pop_u010,modern_english_pop_0061,2.136645817113975
modern_english_pop_u010,modern_english_pop_0070,1.422029037992472
modern_english_pop_u010,modern_english_pop_0111,1.530426773646968
modern_english_pop_u010,modern_english_pop_0059,1.3049056824923844
modern_english_pop_u010,modern_english_pop_0044,1.795556800958494
modern_english_pop_u010,modern_english_pop_0108,0.7486881452347188
modern_english_pop_u010,modern_english_pop_0007,0.6588175532233186
modern_english_pop_u010,modern_english_pop_0022,1.6813088683972057
modern_english_pop_u010,modern_english_pop_0119,1.497665490390912
modern_english_pop_u010,modern_english_pop_0115,1.2776926000584266
modern_english_pop_u010,modern_english_pop_0105,1.1511373072415716
modern_english_pop_u010,modern_english_pop_0003,0.6643678409743915
modern_english_pop_u010,modern_english_pop_0117,1.748959380164146
modern_english_pop_u010,modern_english_pop_0104,1.3020314992907371
modern_english_pop_u010,modern_english_pop_0085,1.343087368171339
modern_english_pop_u010,modern_english_pop_0013,2.116192368685513
modern_english_pop_u010,france_0101,1.4456896414066964
modern_english_pop_u010,france_0006,0.7462482507359436
modern_english_pop_u010,france_0094,1.3371747703044066
modern_english_pop_u010,france_0080,0.6285446799799379
modern_english_pop_u010,france_0051,0.7119862216003933
modern_english_pop_u010,france_0097,1.4141014749887866
modern_english_pop_u010,france_0065,0.6199520646373617
modern_english_pop_u010,france_0053,0.8282618343508202
modern_english_pop_u010,russia_0043,1.662381361777778
modern_english_pop_u010,russia_0032,1.4467258956800868
modern_english_pop_u010,russia_0053,1.704770348815377
modern_english_pop_u010,russia_0018,1.6404750116476245
modern_english_pop_u010,russia_0014,0.871982219666672
modern_english_pop_u010,russia_0039,1.3037095365493994
modern_english_pop_u010,russia_0015,0.9612391654643939
modern_english_pop_u010,russia_0003,1.391090847695248
modern_english_pop_u011,modern_english_pop_0009,2.1472051622638966
modern_english_pop_u011,modern_english_pop_0103,0.7138898058560362
modern_english_pop_u011,modern_english_pop_0055,1.5609220504928258
modern_english_pop_u011,modern_english_pop_0028,1.8666400379951913
modern_english_pop_u011,modern_english_pop_0000,0.9492240127555382
modern_english_pop_u011,modern_english_pop_0081,1.0297464716352316
modern_english_pop_u011,modern_english_pop_0084,1.0355134939786008
modern_english_pop_u011,modern_english_pop_0106,1.562274375793544
modern_english_pop_u011,modern_english_pop_0008,1.206644230603263
modern_english_pop_u011,modern_english_pop_0045,1.7240134267097584
modern_english_pop_u011,modern_english_pop_0091,1.62766345139469
modern_english_pop_u011,modern_english_pop_0066,1.7085179121027587
modern_english_pop_u011,modern_english_pop_0093,1.0102478889959154
modern_english_pop_u011,modern_english_pop_0100,1.8987156232946694
modern_english_pop_u011,modern_english_pop_0080,1.7204613250759968
modern_english_pop_u011,modern_english_pop_0021,0.8003705817892528
modern_english_pop_u011,modern_english_pop_0115,0.9202981704056394
modern_english_pop_u011,modern_english_pop_0097,1.094164877378652
modern_english_pop_u011,modern_english_pop_0071,2.189671601021811
modern_english_pop_u011,modern_english_pop_0062,1.1379535147173023
modern_english_pop_u011,modern_english_pop_0023,0.6092914175976757
modern_english_pop_u011,modern_english_pop_0077,0.819304397461516
modern_english_pop_u011,modern_english_pop_0029,0.630496395797652
modern_english_pop_u011,modern_english_pop_0048,1.2698976961470485
modern_english_pop_u011,great_britain_0074,1.5261570913091005
modern_english_pop_u011,great_britain_0070,1.0580883037951545
modern_english_pop_u011,great_britain_0062,1.5826420819707478
modern_english_pop_u011,great_britain_0043,0.5141645838369955
modern_english_pop_u011,great_britain_0063,1.0841258665954314
modern_english_pop_u011,great_britain_0052,1.5125517523747183
modern_english_pop_u011,great_britain_0064,1.3608749938328333
modern_english_pop_u011,great_britain_0072,1.6013144751396304
modern_english_pop_u011,china_jingju_0024,0.8196768772779264
modern_english_pop_u011,china_jingju_0055,1.1261485749888658
modern_english_pop_u011,china_jingju_0080,1.363786080762008
modern_english_pop_u011,china_jingju_0041,0.6774614408143632
modern_english_pop_u011,china_jingju_0008,1.551339064814
modern_english_pop_u011,china_jingju_0060,0.8704845685678133
modern_english_pop_u011,china_jingju_0013,0.575964860286188
modern_english_pop_u011,china_jingju_0049,1.4836967424206469
modern_english_pop_u012,modern_english_pop_0024,1.5804665630525034
modern_english_pop_u012,modern_english_pop_0106,1.062571323894796
modern_english_pop_u012,modern_english_pop_0118,2.149781298446216
modern_english_pop_u012,modern_english_pop_0088,1.6331284088169815
modern_english_pop_u012,modern_english_pop_0066,1.1953282087010615
modern_english_pop_u012,modern_english_pop_0087,2.273505090138558
modern_english_pop_u012,modern_english_pop_0057,2.219260505413476
modern_english_pop_u012,modern_english_pop_0044,1.9181112809083702
modern_english_pop_u012,modern_english_pop_0059,1.9406543401333698
modern_english_pop_u012,modern_english_pop_0020,2.2607909768797447
modern_english_pop_u012,modern_english_pop_0085,1.6107869840539315
modern_english_pop_u012,modern_english_pop_0054,2.093034240097449
modern_english_pop_u012,modern_english_pop_0028,0.6868278209674838
modern_english_pop_u012,modern_english_pop_0107,1.530757846058706
modern_english_pop_u012,modern_english_pop_0051,1.44184068558286
modern_english_pop_u012,modern_english_pop_0011,0.6400736623309644
modern_english_pop_u012,modern_english_pop_0026,0.7249921746841296
modern_english_pop_u012,modern_english_pop_0023,0.6126721439291062
modern_english_pop_u012,modern_english_pop_0104,1.08217588273912
modern_english_pop_u012,modern_english_pop_0111,0.6673068709155767
modern_english_pop_u012,modern_english_pop_0005,1.3049504562123826
modern_english_pop_u012,modern_english_pop_0119,1.9769875596182824
modern_english_pop_u012,modern_english_pop_0000,1.6338564195529326
modern_english_pop_u012,modern_english_pop_0101,1.7372875987116945
modern_english_pop_u012,italy_0079,0.49253402759800846
modern_english_pop_u012,italy_0005,1.5833605863454208
modern_english_pop_u012,italy_0102,0.6473570121670376
modern_english_pop_u012,italy_0045,0.8585786826438575
modern_english_pop_u012,italy_0081,1.1476717581600717
modern_english_pop_u012,italy_0029,1.705491131867764
modern_english_pop_u012,italy_0100,1.7975013773041748
modern_english_pop_u012,italy_0003,1.5065919228889033
modern_english_pop_u012,china_opencpop_0014,1.4345742020320835
modern_english_pop_u012,china_opencpop_0028,1.162371146461243
modern_english_pop_u012,china_opencpop_0045,1.3485969062988687
modern_english_pop_u012,china_opencpop_0043,0.6449726368282775
modern_english_pop_u012,china_opencpop_0031,0.8134147627760466
modern_english_pop_u012,china_opencpop_0041,1.779267865721064
modern_english_pop_u012,china_opencpop_0044,1.7724802812464768
modern_english_pop_u012,china_opencpop_0023,0.8860127327947975
modern_english_pop_u013,modern_english_pop_0099,1.0727221328737029
modern_english_pop_u013,modern_english_pop_0100,1.9850569170910803
modern_english_pop_u013,modern_english_pop_0086,0.6527482282098719
modern_english_pop_u013,modern_english_pop_0007,1.195024943764599
modern_english_pop_u013,modern_english_pop_0094,1.8026559492761605
modern_english_pop_u013,modern_english_pop_0022,1.2766260154595463
modern_english_pop_u013,modern_english_pop_0014,0.8235096818691302
modern_english_pop_u013,modern_english_pop_0105,1.6287205155094258
modern_english_pop_u013,modern_english_pop_0117,1.4765026577789924
modern_english_pop_u013,modern_english_pop_0036,2.2686719922998733
modern_english_pop_u013,modern_english_pop_0066,1.8662077279840856
modern_english_pop_u013,modern_english_pop_0113,2.2761535790338048
modern_english_pop_u013,modern_english_pop_0054,0.8964583059251029
modern_english_pop_u013,modern_english_pop_0030,1.8887513910043814
modern_english_pop_u013,modern_english_pop_0011,1.5265759289823562
modern_english_pop_u013,modern_english_pop_0093,1.8040788861221002
modern_english_pop_u013,modern_english_pop_0076,1.3815262728261093
modern_english_pop_u013,modern_english_pop_0106,0.9413741640047817
modern_english_pop_u013,modern_english_pop_0051,0.6538957444773398
modern_english_pop_u013,modern_english_pop_0037,2.0210472438885487
modern_english_pop_u013,modern_english_pop_0048,1.980544401311987
modern_english_pop_u013,modern_english_pop_0112,0.8553810407814302
modern_english_pop_u013,modern_english_pop_0055,1.6879370517131247
modern_english_pop_u013,modern_english_pop_0089,1.8475906334179781
modern_english_pop_u013,germany_0037,1.2027937437646075
modern_english_pop_u013,germany_0024,0.8782590191797421
modern_english_pop_u013,germany_0057,1.6392769679508217
modern_english_pop_u013,germany_0056,1.3172948606809314
modern_english_pop_u013,germany_0022,1.4222936412186982
modern_english_pop_u013,germany_0025,1.3303546148281482
modern_english_pop_u013,germany_0030,1.4237397066398687
modern_english_pop_u013,germany_0032,0.6458406456614995
modern_english_pop_u013,russia_0035,1.6955024377202732
modern_english_pop_u013,russia_0089,0.8358445772439772
modern_english_pop_u013,russia_0037,1.5793441510904431
modern_english_pop_u013,russia_0076,1.656068675530834
modern_english_pop_u013,russia_0088,1.3291518689910558
modern_english_pop_u013,russia_0090,1.257706028819806
modern_english_pop_u013,russia_0071,0.5972150850816343
modern_english_pop_u013,russia_0104,1.0388986552074981
modern_english_pop_u014,modern_english_pop_0036,1.9189810365648166
modern_english_pop_u014,modern_english_pop_0026,1.7836897875854751
modern_english_pop_u014,modern_english_pop_0089,0.8878328185855352
modern_english_pop_u014,modern_english_pop_0059,2.0116320474236864
modern_english_pop_u014,modern_english_pop_0052,1.3715856869320189
modern_english_pop_u014,modern_english_pop_0057,1.5131518620293
modern_english_pop_u014,modern_english_pop_0039,2.25067147486248
modern_english_pop_u014,modern_english_pop_0074,1.7076791384707903
modern_english_pop_u014,modern_english_pop_0070,1.5902714251677408
modern_english_pop_u014,modern_english_pop_0100,0.6039157823274992
modern_english_pop_u014,modern_english_pop_0021,0.9186455905370456
modern_english_pop_u014,modern_english_pop_0034,0.6208253513111426
modern_english_pop_u014,modern_english_pop_0101,1.1499639343603578
modern_english_pop_u014,modern_english_pop_0001,1.1692769089721333
modern_english_pop_u014,modern_english_pop_0086,1.4898193714259307
modern_english_pop_u014,modern_english_pop_0027,1.7648505710620923
modern_english_pop_u014,modern_english_pop_0031,0.8843704215211401
modern_english_pop_u014,modern_english_pop_0087,1.6128538758968054
modern_english_pop_u014,modern_english_pop_0007,2.1567840735623642
modern_english_pop_u014,modern_english_pop_0011,0.8941385518746335
modern_english_pop_u014,modern_english_pop_0017,1.7119268522077524
modern_english_pop_u014,modern_english_pop_0058,0.6536412686595402
modern_english_pop_u014,modern_english_pop_0076,1.4912296691521891
modern_english_pop_u014,modern_english_pop_0004,1.8541552185074697
modern_english_pop_u014,italy_0010,0.49595640460669305
modern_english_pop_u014,italy_0035,0.9004482780424214
modern_english_pop_u014,italy_0087,1.6352419302791854
modern_english_pop_u014,italy_0082,0.7543977243300521
modern_english_pop_u014,italy_0080,1.4258806484341902
modern_english_pop_u014,italy_0085,1.276521669802118
modern_english_pop_u014,italy_0084,0.6709783490453181
modern_english_pop_u014,italy_0088,1.4513051438754723
modern_english_pop_u014,indonesia_gamelan_0042,1.168309340593467
modern_english_pop_u014,indonesia_gamelan_0039,0.6012348309804824
modern_english_pop_u014,indonesia_gamelan_0008,1.7316513944081144
modern_english_pop_u014,indonesia_gamelan_0029,1.114148739343771
modern_english_pop_u014,indonesia_gamelan_0047,1.4558591269840542
modern_english_pop_u014,indonesia_gamelan_0010,0.743895358459743
modern_english_pop_u014,indonesia_gamelan_0005,0.6351973326958754
modern_english_pop_u014,indonesia_gamelan_0024,1.4507641477753903
modern_english_pop_u015,modern_english_pop_0061,2.0090821965158536
modern_english_pop_u015,modern_english_pop_0058,0.7229966187266335
modern_english_pop_u015,modern_english_pop_0093,1.8969721134420292
modern_english_pop_u015,modern_english_pop_0095,1.0033395073780136
modern_english_pop_u015,modern_english_pop_0055,2.1585831590312
modern_english_pop_u015,modern_english_pop_0008,0.5845894222624717
modern_english_pop_u015,modern_english_pop_0026,1.5352442569448603
modern_english_pop_u015,modern_english_pop_0035,1.648407097447599
modern_english_pop_u015,modern_english_pop_0033,1.5708430738159032
modern_english_pop_u015,modern_english_pop_0085,1.9809013790432963
modern_english_pop_u015,modern_english_pop_0096,0.7684829139445742
modern_english_pop_u015,modern_english_pop_0065,1.2918341074047077
modern_english_pop_u015,modern_english_pop_0082,2.0649459334594544
modern_english_pop_u015,modern_english_pop_0079,2.108068372712509
modern_english_pop_u015,modern_english_pop_0042,1.4346440955868704
modern_english_pop_u015,modern_english_pop_0051,1.5374928919258877
modern_english_pop_u015,modern_english_pop_0073,1.8927420598450786
modern_english_pop_u015,modern_english_pop_0080,1.9198279301651564
modern_english_pop_u015,modern_english_pop_0119,2.10694024164761
modern_english_pop_u015,modern_english_pop_0070,2.030654013590749
modern_english_pop_u015,modern_english_pop_0107,1.2898802146909076
modern_english_pop_u015,modern_english_pop_0088,1.6958244881636078
modern_english_pop_u015,modern_english_pop_0045,1.408580819811491
modern_english_pop_u015,modern_english_pop_0015,0.7784835295747272
modern_english_pop_u015,italy_0009,1.5592692420068346
modern_english_pop_u015,italy_0046,1.2623807650956842
modern_english_pop_u015,italy_0030,0.5283070251379819
modern_english_pop_u015,france_0014,1.363772176662113
modern_english_pop_u015,france_0041,0.8321863984610874
modern_english_pop_u015,france_0086,0.543508031767519
modern_english_pop_u015,france_0057,1.2688950348229202
modern_english_pop_u015,france_0028,1.4384816830744787
modern_english_pop_u015,france_0089,1.1483337973340142
modern_english_pop_u015,france_0009,0.4576251693196248
modern_english_pop_u015,france_0088,1.2287916948725146
modern_english_pop_u015,modern_english_pop_0111,0.5864006549234809
modern_english_pop_u015,modern_english_pop_0086,2.1730543197375285
modern_english_pop_u015,modern_english_pop_0032,1.0361013970757147
modern_english_pop_u015,modern_english_pop_0081,2.0774863910323664
modern_english_pop_u015,modern_english_pop_0029,0.5958885228641017
modern_english_pop_u016,modern_english_pop_0053,1.6303932595122688
modern_english_pop_u016,modern_english_pop_0042,1.635300059237806
modern_english_pop_u016,modern_english_pop_0107,0.9421635792108888
modern_english_pop_u016,modern_english_pop_0004,0.9928172306548648
modern_english_pop_u016,modern_english_pop_0102,1.3939441250807307
modern_english_pop_u016,modern_english_pop_0055,0.9852412785450081
modern_english_pop_u016,modern_english_pop_0043,1.7619340954372744
modern_english_pop_u016,modern_english_pop_0011,1.1072565336411828
modern_english_pop_u016,modern_english_pop_0026,0.8370553655833273
modern_english_pop_u016,modern_english_pop_0100,0.8365338977592399
modern_english_pop_u016,modern_english_pop_0095,0.794467918276752
modern_english_pop_u016,modern_english_pop_0010,1.3335688862169957
modern_english_pop_u016,modern_english_pop_0089,0.5802440626996487
modern_english_pop_u016,modern_english_pop_0063,1.5105921973218657
modern_english_pop_u016,modern_english_pop_0111,1.0895725420362243
modern_english_pop_u016,modern_english_pop_0117,1.52802598340637
modern_english_pop_u016,modern_english_pop_0062,2.188608838186731
modern_english_pop_u016,modern_english_pop_0021,2.074107127566509
modern_english_pop_u016,modern_english_pop_0115,1.5693414738938356
modern_english_pop_u016,modern_english_pop_0027,1.2961712893018007
modern_english_pop_u016,modern_english_pop_0052,1.7796756076173237
modern_english_pop_u016,modern_english_pop_0088,2.1674153487772987
modern_english_pop_u016,modern_english_pop_0037,1.4194686921957231
modern_english_pop_u016,modern_english_pop_0075,0.7463058240471746
modern_english_pop_u016,china_opencpop_0017,1.4842190705723866
modern_english_pop_u016,china_opencpop_0019,0.46414685775741865
modern_english_pop_u016,china_opencpop_0044,1.4822619475149095
modern_english_pop_u016,china_opencpop_0016,0.5646374152468695
modern_english_pop_u016,china_opencpop_0042,0.5939323753944874
modern_english_pop_u016,china_opencpop_0002,1.5053042745155603
modern_english_pop_u016,china_opencpop_0013,1.3808543016087973
modern_english_pop_u016,china_opencpop_0046,1.2085692246044613
modern_english_pop_u016,france_0032,1.5577900101587614
modern_english_pop_u016,france_0031,1.5993474895040805
modern_english_pop_u016,france_0035,1.067641545135987
modern_english_pop_u016,france_0045,1.7950032275236256
modern_english_pop_u016,france_0100,0.9327329185127948
modern_english_pop_u016,france_0030,0.6815354849380777
modern_english_pop_u016,france_0078,1.5920681982118536
modern_english_pop_u016,france_0068,1.0110198774050958
modern_english_pop_u017,modern_english_pop_0004,0.6214182858844296
modern_english_pop_u017,modern_english_pop_0025,1.4758852782755594
modern_english_pop_u017,modern_english_pop_0098,0.6756167697106203
modern_english_pop_u017,modern_english_pop_0087,1.9198222842591166
modern_english_pop_u017,modern_english_pop_0100,0.9398315040019705
modern_english_pop_u017,modern_english_pop_0009,1.5512164440080238
modern_english_pop_u017,modern_english_pop_0007,2.155869526969379
modern_english_pop_u017,modern_english_pop_0104,1.694971663931435
modern_english_pop_u017,modern_english_pop_0062,0.882601939580004
modern_english_pop_u017,modern_english_pop_0039,1.9492691511022038
modern_english_pop_u017,modern_english_pop_0001,1.3365523217444024
modern_english_pop_u017,modern_english_pop_0005,0.5977298736412552
modern_english_pop_u017,modern_english_pop_0086,1.4146695734360153
modern_english_pop_u017,modern_english_pop_0012,1.9765360682792619
modern_english_pop_u017,modern_english_pop_0082,1.3166769131879825
modern_english_pop_u017,modern_english_pop_0073,1.8832883870779866
modern_english_pop_u017,modern_english_pop_0010,1.7920321508218489
modern_english_pop_u017,modern_english_pop_0063,1.3631737474085412
modern_english_pop_u017,modern_english_pop_0103,1.1326624591688965
modern_english_pop_u017,modern_english_pop_0033,1.8282815026947195
modern_english_pop_u017,modern_english_pop_0036,1.2113842705986801
modern_english_pop_u017,modern_english_pop_0041,0.868400259106924
modern_english_pop_u017,modern_english_pop_0076,1.1284887811357645
modern_english_pop_u017,modern_english_pop_0043,2.087547607800883
modern_english_pop_u017,russia_0049,0.8325753013854705
modern_english_pop_u017,russia_0026,0.7671967220403938
modern_english_pop_u017,russia_0027,0.6301170954862589
modern_english_pop_u017,russia_0021,0.5244900901664274
modern_english_pop_u017,russia_0024,1.7685346781695026
modern_english_pop_u017,great_britain_0033,1.1746487168018243
modern_english_pop_u017,great_britain_0077,1.4350200218379416
modern_english_pop_u017,great_britain_0032,1.493514153272752
modern_english_pop_u017,great_britain_0001,0.925627942872638
modern_english_pop_u017,great_britain_0038,1.5285229787176484
modern_english_pop_u017,great_britain_0037,1.7480037299670659
modern_english_pop_u017,great_britain_0030,1.451378497824721
modern_english_pop_u017,great_britain_0090,1.4108397209947516
modern_english_pop_u017,modern_english_pop_0099,1.3206032818539846
modern_english_pop_u017,modern_english_pop_0016,2.0262772170201706
modern_english_pop_u017,modern_english_pop_0053,0.7282444720877782
modern_english_pop_u018,modern_english_pop_0045,2.1165501522210395
modern_english_pop_u018,modern_english_pop_0022,1.2309466319333684
modern_english_pop_u018,modern_english_pop_0101,2.065968525192836
modern_english_pop_u018,modern_english_pop_0106,0.629450574758612
modern_english_pop_u018,modern_english_pop_0071,1.173972250646251
modern_english_pop_u018,modern_english_pop_0077,2.0499931245842156
modern_english_pop_u018,modern_english_pop_0062,2.129758993543216
modern_english_pop_u018,modern_english_pop_0100,1.8798314711051594
modern_english_pop_u018,modern_english_pop_0072,1.7305185341450835
modern_english_pop_u018,modern_english_pop_0097,1.9817459688224661
modern_english_pop_u018,modern_english_pop_0115,1.7955378746831732
modern_english_pop_u018,modern_english_pop_0048,1.0135311464524326
modern_english_pop_u018,modern_english_pop_0111,1.3792586536986404
modern_english_pop_u018,modern_english_pop_0090,1.714716121353625
modern_english_pop_u018,modern_english_pop_0029,1.5889597560290747
modern_english_pop_u018,modern_english_pop_0113,2.101793372287279
modern_english_pop_u018,modern_english_pop_0002,1.3923820046690039
modern_english_pop_u018,modern_english_pop_0056,0.8820282270900307
modern_english_pop_u018,modern_english_pop_0040,0.9451540145372207
modern_english_pop_u018,modern_english_pop_0012,2.0344475640322766
modern_english_pop_u018,modern_english_pop_0082,0.5900436460348683
modern_english_pop_u018,modern_english_pop_0094,2.074249874444538
modern_english_pop_u018,modern_english_pop_0035,0.6708894476668736
modern_english_pop_u018,modern_english_pop_0107,1.250610857454224
modern_english_pop_u018,great_britain_0008,1.5302379070515992
modern_english_pop_u018,great_britain_0093,1.0002807587102387
modern_english_pop_u018,great_britain_0084,1.560170052522971
modern_english_pop_u018,great_britain_0068,0.5854034266098073
modern_english_pop_u018,great_britain_0018,1.1405820056875016
modern_english_pop_u018,italy_0015,1.2363399242986624
modern_english_pop_u018,italy_0064,1.6526726062702755
modern_english_pop_u018,italy_0063,0.5763888985579111
modern_english_pop_u018,italy_0061,0.9071109251320468
modern_english_pop_u018,italy_0032,1.340119928110732
modern_english_pop_u018,italy_0060,1.772905610511105
modern_english_pop_u018,italy_0017,1.5951703373431068
modern_english_pop_u018,italy_0055,1.5927683332894509
modern_english_pop_u018,modern_english_pop_0023,1.4671398632577595
modern_english_pop_u018,modern_english_pop_0091,1.5484159855992092
modern_english_pop_u018,modern_english_pop_0089,2.056050662289125
modern_english_pop_u019,modern_english_pop_0019,1.802803817379746
modern_english_pop_u019,modern_english_pop_0096,1.622757305643108
modern_english_pop_u019,modern_english_pop_0104,2.0052987410199385
modern_english_pop_u019,modern_english_pop_0114,0.9539524293890647
modern_english_pop_u019,modern_english_pop_0099,1.6664807449911887
modern_english_pop_u019,modern_english_pop_0117,1.2484466405511192
modern_english_pop_u019,modern_english_pop_0034,1.858039439027606
modern_english_pop_u019,modern_english_pop_0088,0.6172097313724335
modern_english_pop_u019,modern_english_pop_0097,1.3128033665089267
modern_english_pop_u019,modern_english_pop_0074,1.6991857806617856
modern_english_pop_u019,modern_english_pop_0093,1.3696028553627262
modern_english_pop_u019,modern_english_pop_0011,0.9855010026062203
modern_english_pop_u019,modern_english_pop_0119,1.3760024591470268
modern_english_pop_u019,modern_english_pop_0030,2.040809306469433
modern_english_pop_u019,modern_english_pop_0059,0.9317973048392778
modern_english_pop_u019,modern_english_pop_0081,1.2083719822611345
modern_english_pop_u019,modern_english_pop_0023,2.28332877458772
modern_english_pop_u019,modern_english_pop_0073,2.1496096163360248
modern_english_pop_u019,modern_english_pop_0056,0.633595390168481
modern_english_pop_u019,modern_english_pop_0077,1.4898226441134748
modern_english_pop_u019,modern_english_pop_0109,0.6878374713125991
modern_english_pop_u019,modern_english_pop_0054,2.168735993309551
modern_english_pop_u019,modern_english_pop_0118,1.3366649743816779
modern_english_pop_u019,modern_english_pop_0035,1.2968038317758026
modern_english_pop_u019,russia_0099,0.8184771429830694
modern_english_pop_u019,russia_0090,1.2179056235294077
modern_english_pop_u019,russia_0075,0.6457482760410802
modern_english_pop_u019,russia_0057,1.5285892507229888
modern_english_pop_u019,russia_0069,1.1131339655428878
modern_english_pop_u019,russia_0056,1.2147249032741165
modern_english_pop_u019,russia_0084,1.5850864093336028
modern_english_pop_u019,russia_0076,0.6999508447446812
modern_english_pop_u019,indonesia_fma_0006,0.6864971490118562
modern_english_pop_u019,indonesia_fma_0016,1.0180822583742923
modern_english_pop_u019,indonesia_fma_0002,1.5112731256127108
modern_english_pop_u019,indonesia_fma_0017,0.5290364972521973
modern_english_pop_u019,indonesia_fma_0007,1.5234797752633067
modern_english_pop_u019,indonesia_fma_0012,1.1260214013489431
modern_english_pop_u019,indonesia_fma_0005,1.2083806574301033
modern_english_pop_u019,indonesia_fma_0013,1.211921016676884
modern_english_pop_u020,modern_english_pop_0057,0.6483853121904558
modern_english_pop_u020,modern_english_pop_0112,1.5451476277467648
modern_english_pop_u020,modern_english_pop_0064,0.9620110474073912
modern_english_pop_u020,modern_english_pop_0041,1.3671253874926064
modern_english_pop_u020,modern_english_pop_0058,1.9589920054571286
modern_english_pop_u020,modern_english_pop_0107,1.9404181622905616
modern_english_pop_u020,modern_english_pop_0000,1.6106651880888903
modern_english_pop_u020,modern_english_pop_0109,2.2618290424344414
modern_english_pop_u020,modern_english_pop_0051,1.3749706392993444
modern_english_pop_u020,modern_english_pop_0012,0.6429449733620529
modern_english_pop_u020,modern_english_pop_0039,1.9885083834230668
modern_english_pop_u020,modern_english_pop_0069,0.9567319258480848
modern_english_pop_u020,modern_english_pop_0004,0.879011945519867
modern_english_pop_u020,modern_english_pop_0040,0.6957671153921979
modern_english_pop_u020,modern_english_pop_0099,1.1406274027766519
modern_english_pop_u020,modern_english_pop_0038,1.1376242181684741
modern_english_pop_u020,modern_english_pop_0016,1.0972808926421302
modern_english_pop_u020,modern_english_pop_0020,1.5982578211009686
modern_english_pop_u020,modern_english_pop_0074,1.8714102420909824
modern_english_pop_u020,modern_english_pop_0045,2.19264758966666
modern_english_pop_u020,modern_english_pop_0063,0.7372363857232546
modern_english_pop_u020,modern_english_pop_0024,0.8344086610420535
modern_english_pop_u020,modern_english_pop_0049,1.5924783306548782
modern_english_pop_u020,modern_english_pop_0037,0.744283899438274
modern_english_pop_u020,indonesia_gamelan_0009,0.950531784236005
modern_english_pop_u020,indonesia_gamelan_0019,1.29314551123715
modern_english_pop_u020,indonesia_gamelan_0018,1.5037357932524633
modern_english_pop_u020,indonesia_gamelan_0037,0.7437590380683428
modern_english_pop_u020,indonesia_gamelan_0011,1.351780511530966
modern_english_pop_u020,indonesia_gamelan_0027,1.321924048893738
modern_english_pop_u020,indonesia_gamelan_0026,1.6104817704487244
modern_english_pop_u020,indonesia_gamelan_0005,0.8735591192813871
modern_english_pop_u020,china_opencpop_0012,1.4626240175990384
modern_english_pop_u020,china_opencpop_0033,1.4651998169960179
modern_english_pop_u020,china_opencpop_0018,0.7729126316881976
modern_english_pop_u020,china_opencpop_0034,1.2885630809738773
modern_english_pop_u020,china_opencpop_0031,1.3614688183524266
modern_english_pop_u020,china_opencpop_0028,0.8204783570400697
modern_english_pop_u020,china_opencpop_0024,1.059929993742263
modern_english_pop_u020,china_opencpop_0048,1.0382999317962656
modern_english_pop_u021,modern_english_pop_0085,0.9159769758064668
modern_english_pop_u021,modern_english_pop_0036,0.8677266416632925
modern_english_pop_u021,modern_english_pop_0015,1.1024965862581526
modern_english_pop_u021,modern_english_pop_0053,2.198589723871479
modern_english_pop_u021,modern_english_pop_0046,1.4144223944194556
modern_english_pop_u021,modern_english_pop_0061,1.0250144453024475
modern_english_pop_u021,modern_english_pop_0091,0.8689240604901914
modern_english_pop_u021,modern_english_pop_0042,0.6076049489918806
modern_english_pop_u021,modern_english_pop_0034,1.2046123161928992
modern_english_pop_u021,modern_english_pop_0066,0.7648560430399917
modern_english_pop_u021,modern_english_pop_0049,0.6215956925293054
modern_english_pop_u021,modern_english_pop_0114,0.7526399927393118
modern_english_pop_u021,modern_english_pop_0070,1.1244496157769008
modern_english_pop_u021,modern_english_pop_0059,1.8702398849810475
modern_english_pop_u021,modern_english_pop_0057,0.6905512832657078
modern_english_pop_u021,modern_english_pop_0000,1.7457125184801041
modern_english_pop_u021,modern_english_pop_0051,1.6454358621821499
modern_english_pop_u021,modern_english_pop_0105,2.096433104430209
modern_english_pop_u021,modern_english_pop_0071,0.8923775896143018
modern_english_pop_u021,modern_english_pop_0048,1.9451117922962302
modern_english_pop_u021,modern_english_pop_0018,2.0668924994079294
modern_english_pop_u021,modern_english_pop_0110,2.259435127099246
modern_english_pop_u021,modern_english_pop_0035,1.9697476425830478
modern_english_pop_u021,modern_english_pop_0077,0.7885001464130916
modern_english_pop_u021,germany_0073,1.7286241637206314
modern_english_pop_u021,germany_0008,1.5502392712851083
modern_english_pop_u021,germany_0043,0.7366389990138139
modern_english_pop_u021,germany_0069,0.6730164907374985
modern_english_pop_u021,germany_0074,1.714159103040515
modern_english_pop_u021,germany_0017,0.660193145242936
modern_english_pop_u021,germany_0077,1.499089570302267
modern_english_pop_u021,germany_0075,0.9970999932552637
modern_english_pop_u021,italy_0024,1.4271371084152242
modern_english_pop_u021,italy_0096,0.5739993632249758
modern_english_pop_u021,italy_0097,1.4288286884469334
modern_english_pop_u021,italy_0101,1.1410803593807586
modern_english_pop_u021,italy_0008,1.6655108202074445
modern_english_pop_u021,italy_0089,0.7043378632793412
modern_english_pop_u021,italy_0091,0.597630705266252
modern_english_pop_u021,italy_0092,0.7148974029545688
modern_english_pop_u022,modern_english_pop_0118,1.5640817781445058
modern_english_pop_u022,modern_english_pop_0115,0.9358443142670624
modern_english_pop_u022,modern_english_pop_0060,2.2639948334604916
modern_english_pop_u022,modern_english_pop_0094,1.5176117024041742
modern_english_pop_u022,modern_english_pop_0037,0.8604394969179971
modern_english_pop_u022,modern_english_pop_0105,1.4672427435416526
modern_english_pop_u022,modern_english_pop_0114,2.229877125434846
modern_english_pop_u022,modern_english_pop_0068,1.3067626482028274
modern_english_pop_u022,modern_english_pop_0012,1.3087210080184228
modern_english_pop_u022,modern_english_pop_0020,1.3704435958377776
modern_english_pop_u022,modern_english_pop_0006,1.0581786257414931
modern_english_pop_u022,modern_english_pop_0095,0.8540767325002987
modern_english_pop_u022,modern_english_pop_0069,1.5736502883105354
modern_english_pop_u022,modern_english_pop_0023,2.1174953393377764
modern_english_pop_u022,modern_english_pop_0075,1.8441338047799485
modern_english_pop_u022,modern_english_pop_0119,0.7409232781747762
modern_english_pop_u022,modern_english_pop_0057,1.2664644836956134
modern_english_pop_u022,modern_english_pop_0071,0.584135392836991
modern_english_pop_u022,modern_english_pop_0083,1.1061971656552068
modern_english_pop_u022,modern_english_pop_0044,1.729674622259298
modern_english_pop_u022,modern_english_pop_0035,1.0756541390219927
modern_english_pop_u022,modern_english_pop_0025,2.024963100439162
modern_english_pop_u022,modern_english_pop_0073,1.3984877683577275
modern_english_pop_u022,modern_english_pop_0033,1.7293150808989004
modern_english_pop_u022,china_opencpop_0049,1.6432180514300028
modern_english_pop_u022,china_opencpop_0013,1.3717939166767206
modern_english_pop_u022,china_opencpop_0047,1.6613903757853883
modern_english_pop_u022,china_opencpop_0042,1.5408882304991602
modern_english_pop_u022,china_opencpop_0014,1.2155367312824272
modern_english_pop_u022,china_opencpop_0040,0.8512646850235904
modern_english_pop_u022,china_opencpop_0041,0.8524922462793307
modern_english_pop_u022,china_opencpop_0003,1.6316969713087808
modern_english_pop_u022,india_saraga_0059,0.5227437101469775
modern_english_pop_u022,india_saraga_0029,1.7209397449307124
modern_english_pop_u022,india_saraga_0002,0.8915307302594399
modern_english_pop_u022,india_saraga_0043,1.4474759307480973
modern_english_pop_u022,india_saraga_0000,0.8955401660605552
modern_english_pop_u022,india_saraga_0069,1.736956875464767
modern_english_pop_u022,india_saraga_0047,0.4992399407115799
modern_english_pop_u022,india_saraga_0025,0.9269804834644272
modern_english_pop_u023,modern_english_pop_0031,0.5914960753438422
modern_english_pop_u023,modern_english_pop_0086,1.7136047111595365
modern_english_pop_u023,modern_english_pop_0038,0.920108797221708
modern_english_pop_u023,modern_english_pop_0030,1.511390655125579
modern_english_pop_u023,modern_english_pop_0070,0.6006680862941924
modern_english_pop_u023,modern_english_pop_0065,1.4527660009472207
modern_english_pop_u023,modern_english_pop_0068,1.2539746379484367
modern_english_pop_u023,modern_english_pop_0024,2.0937106775451575
modern_english_pop_u023,modern_english_pop_0010,1.8201288040409516
modern_english_pop_u023,modern_english_pop_0076,0.6371485672074948
modern_english_pop_u023,modern_english_pop_0073,1.9369261342019761
modern_english_pop_u023,modern_english_pop_0011,1.9398673587980144
modern_english_pop_u023,modern_english_pop_0027,1.7193814708746231
modern_english_pop_u023,modern_english_pop_0055,2.1780368694338166
modern_english_pop_u023,modern_english_pop_0000,1.9606123352240845
modern_english_pop_u023,modern_english_pop_0026,0.9526001964383711
modern_english_pop_u023,modern_english_pop_0111,1.2331666516669564
modern_english_pop_u023,modern_english_pop_0091,1.1786175587027437
modern_english_pop_u023,modern_english_pop_0023,1.4459659833579712
modern_english_pop_u023,modern_english_pop_0001,2.220155994840921
modern_english_pop_u023,modern_english_pop_0062,1.6369071855724753
modern_english_pop_u023,modern_english_pop_0019,1.114819877499722
modern_english_pop_u023,modern_english_pop_0014,2.1991180987148815
modern_english_pop_u023,modern_english_pop_0082,1.7829682906312274
modern_english_pop_u023,russia_0095,0.8092087067007045
modern_english_pop_u023,russia_0102,1.67379223788301
modern_english_pop_u023,russia_0103,0.9146874120337336
modern_english_pop_u023,russia_0078,1.1468852220390537
modern_english_pop_u023,russia_0037,1.0969508416811633
modern_english_pop_u023,russia_0030,1.6969016789539026
modern_english_pop_u023,russia_0087,0.8086455351913289
modern_english_pop_u023,russia_0076,0.8999641082695221
modern_english_pop_u023,india_saraga_0028,1.3412162475053684
modern_english_pop_u023,india_saraga_0025,1.6469311989334778
modern_english_pop_u023,india_saraga_0072,0.6050935224029522
modern_english_pop_u023,india_saraga_0078,0.7333427505223636
modern_english_pop_u023,india_saraga_0037,1.72984655135371
modern_english_pop_u023,india_saraga_0082,1.4993510909459813
modern_english_pop_u023,india_saraga_0051,0.917194186108642
modern_english_pop_u023,india_saraga_0006,0.9328069909074982
russia_u000,russia_0026,0.844670128899041
russia_u000,russia_0049,1.5986901492958254
russia_u000,russia_0027,2.2256681169970474
russia_u000,russia_0021,1.2936771975423533
russia_u000,russia_0024,2.2934556632503993
russia_u000,great_britain_0018,0.688159716069383
russia_u000,great_britain_0068,1.5247342697064095
russia_u000,great_britain_0084,1.7029461423792467
russia_u000,great_britain_0093,1.3788733760953886
russia_u000,great_britain_0008,0.5975904905696687
russia_u000,india_saraga_0042,0.8908308276819145
russia_u000,india_saraga_0069,0.5656488477893437
russia_u000,india_saraga_0018,1.262359963236331
russia_u000,india_saraga_0022,1.797500892364557
russia_u000,india_saraga_0070,0.9559187278675997
russia_u000,india_saraga_0057,0.6699758074104528
russia_u000,india_saraga_0064,0.812664262800484
russia_u000,india_saraga_0107,1.2205826584337551
russia_u000,russia_0018,1.556459082289115
russia_u000,russia_0091,0.9714409368151279
russia_u000,russia_0034,1.869965677427748
russia_u000,russia_0029,0.7268212028260466
russia_u000,russia_0011,1.6497444877679381
russia_u000,russia_0004,1.3093306869394086
russia_u000,russia_0056,0.7943769092296005
russia_u000,russia_0103,1.6693136973650033
russia_u000,russia_0038,1.7360102463862535
russia_u000,russia_0069,1.3340350099638052
russia_u000,russia_0102,1.9515376135778406
russia_u000,russia_0003,1.4535711081080875
russia_u000,russia_0098,1.0679264298699853
russia_u000,russia_0009,2.2199622044433207
russia_u000,russia_0079,2.203475965118527
russia_u000,russia_0057,0.7399469058891449
russia_u000,russia_0093,2.2069902123959615
russia_u000,russia_0032,1.912707106773596
russia_u000,russia_0084,0.7589611804112297
russia_u000,russia_0058,1.4708360939450698
russia_u000,russia_0065,0.6352910098838581
russia_u000,russia_0008,1.5907784467175123
russia_u001,russia_0005,1.371118922616752
russia_u001,russia_0033,0.7070080567360563
russia_u001,russia_0017,0.9443159550314874
russia_u001,russia_0045,1.7725674045943625
russia_u001,russia_0062,0.7618668863936726
russia_u001,russia_0040,1.9567683156982536
russia_u001,russia_0067,1.6532302145673956
russia_u001,russia_0025,0.7489793511742219
russia_u001,russia_0012,1.0697552346166017
russia_u001,russia_0055,0.8116318125483412
russia_u001,italy_0059,1.5267617490029857
russia_u001,italy_0065,1.1694954939196505
russia_u001,italy_0044,0.45382041456739175
russia_u001,italy_0071,1.182919923758006
russia_u001,italy_0058,1.101784973757684
russia_u001,italy_0072,1.3181531440398822
russia_u001,italy_0050,0.49703947490744477
russia_u001,italy_0077,0.4978248191096139
russia_u001,turkey_modern_0009,0.9216469418787318
russia_u001,turkey_modern_0141,1.3795264298180079
russia_u001,turkey_modern_0029,1.3498534249947394
russia_u001,turkey_modern_0090,0.8256558319338438
russia_u001,turkey_modern_0008,0.7416911851599095
russia_u001,turkey_modern_0098,1.3722195564644346
russia_u001,turkey_modern_0035,0.4866021937806335
russia_u001,turkey_modern_0054,1.2016574977875139
russia_u001,russia_0078,1.306570157526119
russia_u001,russia_0073,0.9874247609382374
russia_u001,russia_0000,1.4725142040985015
russia_u001,russia_0069,0.949614207674335
russia_u001,russia_0101,1.5484547695724427
russia_u001,russia_0027,0.8319798674904423
russia_u001,russia_0050,1.2748202733575895
russia_u001,russia_0100,1.4554854284007892
russia_u001,russia_0079,0.6296842733756023
russia_u001,russia_0052,1.6284872398100845
russia_u001,russia_0036,1.8692938812831932
russia_u001,russia_0037,2.2242268958490423
russia_u001,russia_0071,0.9253929580011065
russia_u001,russia_0086,0.9349995085055232
russia_u002,russia_0047,1.9087473243159752
russia_u002,russia_0044,2.2439913205544175
russia_u002,russia_0066,1.5833442566312337
russia_u002,russia_0020,2.1349408744574396
russia_u002,russia_0016,1.6822660847677264
russia_u002,russia_0019,0.8885089971927299
russia_u002,russia_0048,1.9538066096529538
russia_u002,germany_0094,1.3864931426885154
russia_u002,germany_0103,1.7702186998611367
russia_u002,germany_0083,0.7786331850700045
russia_u002,germany_0087,0.899719446983309
russia_u002,germany_0091,1.5590128859132022
russia_u002,germany_0093,0.5349009573453336
russia_u002,germany_0099,1.30481968223017
russia_u002,germany_0086,1.1728926711893815
russia_u002,modern_english_pop_0008,0.6779095275612018
russia_u002,modern_english_pop_0003,0.6729143075013283
russia_u002,modern_english_pop_0084,1.5437667886928723
russia_u002,modern_english_pop_0116,0.4708509598408609
russia_u002,modern_english_pop_0029,1.4582359444184216
russia_u002,modern_english_pop_0105,1.4391007564560574
russia_u002,modern_english_pop_0085,1.3270679680976838
russia_u002,modern_english_pop_0026,1.0028488451597093
russia_u002,russia_0080,0.6238531790792571
russia_u002,russia_0012,1.9580647528054544
russia_u002,russia_0095,0.7918449265661112
russia_u002,russia_0063,1.059358410175492
russia_u002,russia_0031,2.2082005487148253
russia_u002,russia_0104,1.0957102707403952
russia_u002,russia_0045,1.0151150344312396
russia_u002,russia_0090,2.2540642080277475
russia_u002,russia_0037,0.7232330486150288
russia_u002,russia_0033,0.8521909191574244
russia_u002,russia_0017,1.3310977131710793
russia_u002,russia_0051,1.933736145526675
russia_u002,russia_0059,2.1005191696771517
russia_u002,russia_0077,1.878471621627771
russia_u002,russia_0079,2.2589019295149226
russia_u002,russia_0000,0.6040595959970035
russia_u002,russia_0026,1.643648807360233
russia_u003,russia_0085,1.5316800495831064
russia_u003,russia_0071,1.5004864034175542
russia_u003,russia_0051,1.8823615949461783
russia_u003,russia_0088,1.626572476023259
russia_u003,russia_0000,0.7080482724324513
russia_u003,russia_0074,0.8852441021783872
russia_u003,russia_0077,1.4931123106300537
russia_u003,russia_0090,1.7730946118343975
russia_u003,russia_0079,1.461951068063247
russia_u003,russia_0104,1.1882509264348016
russia_u003,russia_0087,0.6632071190116162
russia_u003,russia_0036,1.9306445513530668
russia_u003,russia_0078,1.4326600638242029
russia_u003,russia_0056,1.5044112501937348
russia_u003,russia_0001,1.3839527919621553
russia_u003,russia_0035,1.032720842161413
russia_u003,russia_0081,1.0517442266834829
russia_u003,russia_0030,0.6845388580062338
russia_u003,russia_0006,1.7956083029483338
russia_u003,russia_0075,1.0439807061553252
russia_u003,russia_0100,1.090018325600629
russia_u003,russia_0076,2.288787708729899
russia_u003,russia_0094,1.240526658796743
russia_u003,russia_0007,1.455952683375665
russia_u003,france_0071,0.9717386860275951
russia_u003,france_0070,0.8417580028799069
russia_u003,france_0047,0.4578984966331333
russia_u003,france_0024,1.6040965694965943
russia_u003,france_0102,1.0887574618440832
russia_u003,france_0095,1.421851910007713
russia_u003,france_0021,1.74418653369992
russia_u003,france_0023,0.45382230893754544
russia_u003,china_opencpop_0022,1.3613034692397472
russia_u003,china_opencpop_0039,0.6101649504458172
russia_u003,china_opencpop_0044,1.0682528278714043
russia_u003,china_opencpop_0007,1.5931558092034561
russia_u003,china_opencpop_0038,0.5465193961290322
russia_u003,china_opencpop_0047,1.7859782045861563
russia_u003,china_opencpop_0048,1.23412836795979
russia_u003,china_opencpop_0031,0.9832411695381595
russia_u004,russia_0020,1.1252016819604713
russia_u004,russia_0066,1.4667609517778337
russia_u004,russia_0047,1.6211126625801375
russia_u004,russia_0044,1.2091880439397442
russia_u004,russia_0019,1.6368789606248986
russia_u004,russia_0016,1.3238691774938895
russia_u004,russia_0048,2.089670500729568
russia_u004,china_jingju_0068,1.4199928560323294
russia_u004,china_jingju_0000,0.599174977243817
russia_u004,china_jingju_0052,1.5294642979393072
russia_u004,china_jingju_0027,0.905632602383262
russia_u004,china_jingju_0071,1.7130173697432116
russia_u004,china_jingju_0024,1.264551227700372
russia_u004,china_jingju_0030,0.4872302468650752
russia_u004,china_jingju_0057,1.4413896518864306
russia_u004,germany_0000,0.6264913981109126
russia_u004,germany_0091,1.6343111019923262
russia_u004,germany_0094,1.7302459152024932
russia_u004,germany_0102,1.3885954015896116
russia_u004,germany_0026,1.1693782485665243
russia_u004,germany_0099,1.2627850605745232
russia_u004,germany_0100,1.0289544811145086
russia_u004,germany_0080,0.5628367557196966
russia_u004,russia_0097,2.1772550354891957
russia_u004,russia_0021,1.1428467724514129
russia_u004,russia_0006,1.114662409633195
russia_u004,russia_0091,0.9050352383116206
russia_u004,russia_0080,2.2869042292394473
russia_u004,russia_0034,2.2009236543085025
russia_u004,russia_0001,1.1777708379977323
russia_u004,russia_0075,1.0235092821299685
russia_u004,russia_0004,1.964262438702071
russia_u004,russia_0063,1.3040023365883406
russia_u004,russia_0042,2.244434386402046
russia_u004,russia_0104,2.1295988585761028
russia_u004,russia_0068,1.8850535653988318
russia_u004,russia_0069,0.7301194004472827
russia_u004,russia_0067,1.786170345558238
russia_u004,russia_0102,2.27801381733501
russia_u004,russia_0078,1.2189296193969976
russia_u005,russia_0057,2.0247492007636874
russia_u005,russia_0078,2.211436676188004
russia_u005,russia_0092,1.9930810091735947
russia_u005,russia_0009,0.5761184609552358
russia_u005,russia_0006,1.5548418163093818
russia_u005,russia_0070,0.8624887235029678
russia_u005,russia_0059,1.2231634218316572
russia_u005,russia_0082,1.3131601786504274
russia_u005,russia_0101,2.201572807225765
russia_u005,russia_0072,1.6681993125113264
russia_u005,russia_0008,1.0367049646658033
russia_u005,russia_0037,1.683821100092683
russia_u005,russia_0081,2.2169679487805163
russia_u005,russia_0056,0.6770494890588495
russia_u005,russia_0085,1.9825787270285267
russia_u005,russia_0002,0.9491482836068901
russia_u005,russia_0035,0.8391112173103258
russia_u005,russia_0097,2.1255454347117015
russia_u005,russia_0100,0.5781903133213728
russia_u005,russia_0103,1.853372902143239
russia_u005,russia_0052,0.7254690070591944
russia_u005,russia_0091,1.641041883945063
russia_u005,russia_0073,1.64604715489873
russia_u005,russia_0098,2.063288685372771
russia_u005,modern_english_pop_0055,1.5605187712598907
russia_u005,modern_english_pop_0105,1.3749718631661512
russia_u005,modern_english_pop_0106,0.9637392470682582
russia_u005,modern_english_pop_0086,0.6746477585142198
russia_u005,modern_english_pop_0010,1.3081719502340345
russia_u005,modern_english_pop_0112,1.120909228255682
russia_u005,modern_english_pop_0056,0.5552220540798731
russia_u005,modern_english_pop_0012,1.7400085521329511
russia_u005,germany_0090,0.8744663518809466
russia_u005,germany_0007,0.4528900327396122
russia_u005,germany_0064,1.6672819101805463
russia_u005,germany_0041,1.2290186878253997
russia_u005,germany_0079,1.4396319092929286
russia_u005,germany_0059,0.6560994243987694
russia_u005,germany_0101,0.9962176599351565
russia_u005,germany_0004,1.3208326602485578
russia_u006,russia_0015,1.796831049278772
russia_u006,russia_0032,0.7215564473642787
russia_u006,russia_0064,1.0272479991842227
russia_u006,russia_0042,0.8406097713593135
russia_u006,russia_0041,1.8231609475829669
russia_u006,russia_0018,1.5736601000100001
russia_u006,russia_0003,0.6862256053413082
russia_u006,russia_0053,1.368731556067772
russia_u006,russia_0065,0.9346675508276785
russia_u006,russia_0054,2.244280081519643
russia_u006,russia_0061,0.7611584591081145
russia_u006,russia_0004,1.6066451775029604
russia_u006,russia_0039,1.406186481835761
russia_u006,russia_0063,1.572195757322207
russia_u006,russia_0046,2.224950167468103
russia_u006,russia_0011,1.1637112392334386
russia_u006,russia_0031,1.8666219937891104
russia_u006,russia_0013,1.3468796731277608
russia_u006,russia_0014,1.7148137854015488
russia_u006,russia_0043,1.205759267375396
russia_u006,china_ctis_0021,0.7566149770906261
russia_u006,china_ctis_0037,0.5628820851596485
russia_u006,china_ctis_0050,0.587364189283185
russia_u006,china_ctis_0017,1.7452309303307474
russia_u006,china_ctis_0036,1.514416436560973
russia_u006,china_ctis_0064,0.7806949874608599
russia_u006,china_ctis_0057,1.164348769730575
russia_u006,china_ctis_0026,1.414214177872591
russia_u006,germany_0019,0.9259261677033652
russia_u006,germany_0044,1.043983878515709
russia_u006,germany_0068,1.4198155914231536
russia_u006,germany_0076,0.7570633249167306
russia_u006,germany_0066,1.1605648839299882
russia_u006,germany_0046,0.7336190317764136
russia_u006,germany_0063,0.4541547613709601
russia_u006,germany_0006,1.3818560430127556
russia_u006,russia_0084,1.795031882846643
russia_u006,russia_0060,2.2926216550796874
russia_u006,russia_0102,0.8872516415810292
russia_u006,russia_0008,1.8507760607384014
russia_u007,russia_0042,1.6020585235458884
russia_u007,russia_0065,1.2131060459193994
russia_u007,russia_0063,1.174331111608859
russia_u007,russia_0004,2.2106936469631635
russia_u007,russia_0064,0.8592514222423953
russia_u007,russia_0061,2.006704432561368
russia_u007,russia_0031,1.0605332849889624
russia_u007,russia_0053,0.6244309600595439
russia_u007,russia_0003,0.6447988127047273
russia_u007,russia_0015,1.3153311747106282
russia_u007,russia_0032,1.358945063106117
russia_u007,russia_0043,1.1274331965665012
russia_u007,russia_0054,1.7286448195985311
russia_u007,russia_0013,1.4122162928999933
russia_u007,russia_0041,0.7028450394212455
russia_u007,russia_0046,1.1754228112254002
russia_u007,russia_0039,0.7508857158910843
russia_u007,russia_0014,0.6835295719606673
russia_u007,russia_0011,0.9343289281205875
russia_u007,russia_0018,1.783492670503703
russia_u007,modern_english_pop_0055,1.3896022217297324
russia_u007,modern_english_pop_0074,1.6128753215898075
russia_u007,modern_english_pop_0092,1.4711660448620485
russia_u007,modern_english_pop_0108,1.1729191778025474
russia_u007,modern_english_pop_0095,0.8720263188125023
russia_u007,modern_english_pop_0003,0.45784551847646343
russia_u007,modern_english_pop_0023,1.3236355997385225
russia_u007,modern_english_pop_0030,0.8411128032800433
russia_u007,germany_0029,0.7876351373326893
russia_u007,germany_0089,1.766014480045179
russia_u007,germany_0050,0.685224259748439
russia_u007,germany_0062,0.49378689879668586
russia_u007,germany_0042,1.7316770335093572
russia_u007,germany_0036,0.8631090747761865
russia_u007,germany_0059,0.981117068337878
russia_u007,germany_0039,0.5592621203236193
russia_u007,russia_0092,1.2720124949319787
russia_u007,russia_0082,2.252081726575749
russia_u007,russia_0079,1.7721840132706814
russia_u007,russia_0049,1.3923478573372694
russia_u008,russia_0060,2.2918024932923067
russia_u008,russia_0038,1.815592895232926
russia_u008,russia_0022,0.95085215660561
russia_u008,russia_0023,0.7324225423268387
russia_u008,russia_0068,0.918762043345224
russia_u008,russia_0010,1.002355991740572
russia_u008,china_jingju_0038,0.599965626503164
russia_u008,china_jingju_0060,0.7600293504635445
russia_u008,china_jingju_0071,0.6076526016594567
russia_u008,china_jingju_0041,0.9599377961968595
russia_u008,china_jingju_0011,1.1063635998792867
russia_u008,china_jingju_0055,1.0646347129842395
russia_u008,china_jingju_0057,1.5694335922712372
russia_u008,china_jingju_0033,0.7928937715518604
russia_u008,germany_0067,1.6475766622492676
russia_u008,germany_0055,1.675965805013883
russia_u008,germany_0017,1.7457296112049197
russia_u008,germany_0049,0.6943273657445945
russia_u008,germany_0073,0.7817640474177513
russia_u008,germany_0065,1.2921735744324996
russia_u008,germany_0014,0.6402037048268701
russia_u008,germany_0077,0.565588795954173
russia_u008,russia_0071,0.7021276907542474
russia_u008,russia_0012,1.6206081197992792
russia_u008,russia_0081,1.9630697949672267
russia_u008,russia_0062,1.0215777680871003
russia_u008,russia_0037,2.185345955291985
russia_u008,russia_0029,1.9410887511258625
russia_u008,russia_0072,0.7086191992547479
russia_u008,russia_0045,1.2775978967053054
russia_u008,russia_0100,0.6923256439090963
russia_u008,russia_0035,2.1537099221937788
russia_u008,russia_0078,1.856333699215313
russia_u008,russia_0070,1.7592903498618868
russia_u008,russia_0020,1.7526606854094922
russia_u008,russia_0088,1.0669398157701577
russia_u008,russia_0097,2.185355042721222
russia_u008,russia_0084,2.166789735430181
russia_u008,russia_0069,1.850618196170548
russia_u008,russia_0002,1.3839046071988428
russia_u009,russia_0061,1.9957494822025694
russia_u009,russia_0018,1.3227685641070193
russia_u009,russia_0003,1.3272473766968276
russia_u009,russia_0014,2.273097712949058
russia_u009,russia_0053,2.1179501806816594
russia_u009,russia_0031,0.9929433328254544
russia_u009,russia_0063,2.145255588303451
russia_u009,russia_0043,0.8129924821969066
russia_u009,russia_0041,2.0470995763265005
russia_u009,russia_0054,0.8912328248592798
russia_u009,russia_0011,1.3091657768496778
russia_u009,russia_0065,2.2722648139378854
russia_u009,russia_0013,0.7424094155525972
russia_u009,russia_0004,2.023633989444809
russia_u009,russia_0032,1.4284160629352127
russia_u009,russia_0015,0.7664601059620653
russia_u009,russia_0064,2.2180476289561297
russia_u009,russia_0046,1.5224241100401645
russia_u009,russia_0039,2.0941057628194786
russia_u009,russia_0042,2.074209474927145
russia_u009,italy_0047,0.46975668696994205
russia_u009,italy_0053,0.8075349498138785
russia_u009,italy_0073,0.904844132477756
russia_u009,italy_0044,1.172066461481032
russia_u009,italy_0059,0.5470191132854589
russia_u009,italy_0034,0.9751053127450815
russia_u009,italy_0054,1.5497614668911808
russia_u009,italy_0074,0.68380800525981
russia_u009,china_ctis_0029,1.3967232406781167
russia_u009,china_ctis_0000,1.0714447026728195
russia_u009,china_ctis_0012,0.5454519105102544
russia_u009,china_ctis_0044,0.6894549885990889
russia_u009,china_ctis_0027,0.6403914878407038
russia_u009,china_ctis_0043,1.2866190925303167
russia_u009,china_ctis_0031,0.5678879384918094
russia_u009,china_ctis_0050,1.5611131540496155
russia_u009,russia_0066,1.966487000866147
russia_u009,russia_0035,0.7131069450333496
russia_u009,russia_0084,2.1071401660845663
russia_u009,russia_0027,2.229552424291443
russia_u010,russia_0023,2.0845386772961407
russia_u010,russia_0068,1.8851027408937069
russia_u010,russia_0010,1.4717844662338369
russia_u010,russia_0038,1.3833184469709612
russia_u010,russia_0060,2.2308299111999212
russia_u010,russia_0022,2.2248972340923836
russia_u010,china_ctis_0002,1.4014406716783483
russia_u010,china_ctis_0012,1.4761997007566845
russia_u010,china_ctis_0042,1.6637754260076514
russia_u010,china_ctis_0004,1.7518168204254958
russia_u010,china_ctis_0028,0.5610709344656115
russia_u010,china_ctis_0056,1.7964074238352854
russia_u010,china_ctis_0010,1.3990799902086883
russia_u010,china_ctis_0059,1.2502055531586973
russia_u010,indonesia_gamelan_0032,1.0077756191913119
russia_u010,indonesia_gamelan_0006,0.9041263564761505
russia_u010,indonesia_gamelan_0051,1.5356837815073694
russia_u010,indonesia_gamelan_0043,1.3334873263379268
russia_u010,indonesia_gamelan_0019,0.720951977909017
russia_u010,indonesia_gamelan_0020,1.273379900130908
russia_u010,indonesia_gamelan_0025,0.6405742373239782
russia_u010,indonesia_gamelan_0002,1.1207810157832736
russia_u010,russia_0058,1.5814644252647685
russia_u010,russia_0072,1.6715550220334556
russia_u010,russia_0034,0.8255772772729256
russia_u010,russia_0030,0.7399074619225788
russia_u010,russia_0050,1.0212715863074922
russia_u010,russia_0097,1.622126460466708
russia_u010,russia_0042,2.1821528540998414
russia_u010,russia_0003,1.9189880908031096
russia_u010,russia_0047,1.8613506559224373
russia_u010,russia_0033,1.1446507943620599
russia_u010,russia_0046,0.7676952301121485
russia_u010,russia_0101,2.1135954755574344
russia_u010,russia_0067,1.4389722961536844
russia_u010,russia_0029,0.7483812097023347
russia_u010,russia_0028,1.497821059452134
russia_u010,russia_0065,1.740082668597567
russia_u010,russia_0048,1.1268275510640338
russia_u010,russia_0100,0.5909544071542717
russia_u011,russia_0040,1.368003826754599
russia_u011,russia_0033,1.181273442783323
russia_u011,russia_0017,0.9227304390741918
russia_u011,russia_0062,1.2175732934230903
russia_u011,russia_0012,1.6984547421890586
russia_u011,russia_0045,1.420781429183685
russia_u011,russia_0025,2.0314762038345964
russia_u011,russia_0055,2.1360328968133815
russia_u011,russia_0067,1.4062651337672922
russia_u011,russia_0005,2.268477891910681
russia_u011,indonesia_gamelan_0011,0.5472280307743883
russia_u011,indonesia_gamelan_0021,0.823057948803935
russia_u011,indonesia_gamelan_0025,1.0125602150515776
russia_u011,indonesia_gamelan_0018,1.2366470389837418
russia_u011,indonesia_gamelan_0019,1.1870051507728343
russia_u011,indonesia_gamelan_0038,1.2167686311057995
russia_u011,indonesia_gamelan_0016,1.6599384755216522
russia_u011,indonesia_gamelan_0028,0.8247130091369631
russia_u011,great_britain_0052,1.5527525565446487
russia_u011,great_britain_0060,1.20330074807234
russia_u011,great_britain_0074,1.112162151945633
russia_u011,great_britain_0046,0.8542081245943834
russia_u011,great_britain_0056,0.8604928837260037
russia_u011,great_britain_0067,0.9744478264505975
russia_u011,great_britain_0048,1.4807391589345835
russia_u011,great_britain_0035,1.093589398249566
russia_u011,russia_0094,0.8403631070670311
russia_u011,russia_0068,1.8857639809163296
russia_u011,russia_0085,1.719330479154873
russia_u011,russia_0014,2.212436875492013
russia_u011,russia_0018,1.488239325293712
russia_u011,russia_0066,1.7038781957397122
russia_u011,russia_0026,1.4018447205130895
russia_u011,russia_0042,1.7493458592794886
russia_u011,russia_0061,1.3273019340203165
russia_u011,russia_0080,0.812802425819297
russia_u011,russia_0057,2.277028582616001
russia_u011,russia_0035,1.8176273873228506
russia_u011,russia_0047,1.6248795485214935
russia_u011,russia_0086,1.405450794070021
russia_u012,russia_0035,1.886517575752793
russia_u012,russia_0073,1.7724946414681744
russia_u012,russia_0006,2.277670356321327
russia_u012,russia_0029,1.1951954101611888
russia_u012,russia_0089,1.0508366181281168
russia_u012,russia_0075,1.2274081259474983
russia_u012,russia_0080,1.9243920509675332
russia_u012,russia_0103,0.9446674156839632
russia_u012,russia_0098,2.2098652728251307
russia_u012,russia_0081,1.4591475986137237
russia_u012,russia_0069,1.9259251177109602
russia_u012,russia_0001,2.002026647234756
russia_u012,russia_0091,1.4009560774076186
russia_u012,russia_0028,1.8538656311944623
russia_u012,russia_0007,1.20409770878867
russia_u012,russia_0036,1.9738508246212771
russia_u012,russia_0085,1.9962326898650675
russia_u012,russia_0087,1.5517050385312723
russia_u012,russia_0086,0.9513049823809894
russia_u012,russia_0092,2.248634977186129
russia_u012,russia_0000,2.208540276052302
russia_u012,russia_0058,1.6441904393993556
russia_u012,russia_0034,2.2721947263472613
russia_u012,russia_0100,1.4423236112748745
russia_u012,india_saraga_0102,0.9569039061501439
russia_u012,india_saraga_0030,1.0716790712890447
russia_u012,india_saraga_0021,0.5119744745504385
russia_u012,india_saraga_0078,1.1913144950583385
russia_u012,india_saraga_0076,1.3494137947603166
russia_u012,india_saraga_0028,0.5978519645363761
russia_u012,india_saraga_0057,0.7950567217898291
russia_u012,india_saraga_0049,1.423598548298599
russia_u012,indonesia_gamelan_0044,1.521346740784468
russia_u012,indonesia_gamelan_0038,1.780920516615001
russia_u012,indonesia_gamelan_0010,0.791851975952514
russia_u012,indonesia_gamelan_0017,1.5859432867471843
russia_u012,indonesia_gamelan_0013,0.6823390029041249
russia_u012,indonesia_gamelan_0042,0.6266858337881673
russia_u012,indonesia_gamelan_0018,1.4344248345870878
russia_u012,indonesia_gamelan_0026,1.051927701445558
russia_u013,russia_0024,1.4319877047274316
russia_u013,russia_0027,1.1040857792936285
russia_u013,russia_0049,1.4075433387447203
russia_u013,russia_0021,0.9532613657685727
russia_u013,russia_0026,1.3999607189446566
russia_u013,turkey_modern_0081,0.7597319926627412
russia_u013,turkey_modern_0113,1.2899737274559897
russia_u013,turkey_modern_0023,1.475850394444068
russia_u013,turkey_modern_0085,1.7587275141719991
russia_u013,turkey_modern_0018,1.587470133560918
russia_u013,turkey_modern_0046,0.5662820404888474
russia_u013,turkey_modern_0112,0.7355558879212395
russia_u013,turkey_modern_0134,1.1677840081362527
russia_u013,italy_0017,0.7977478421551486
russia_u013,italy_0015,0.4693930295624558
russia_u013,italy_0056,1.4689677823798777
russia_u013,italy_0020,0.9329922102432205
russia_u013,italy_0055,0.5392350437668134
russia_u013,italy_0060,1.136929162305559
russia_u013,italy_0013,1.7692317627503271
russia_u013,italy_0061,1.3660271456707274
russia_u013,russia_0016,0.8488715453436205
russia_u013,russia_0056,1.4621598857287277
russia_u013,russia_0104,2.1304712346912624
russia_u013,russia_0004,0.6685703254923525
russia_u013,russia_0003,1.6753657713195154
russia_u013,russia_0007,1.8191959073720483
russia_u013,russia_0051,1.7894201813175283
russia_u013,russia_0066,0.8340439719937213
russia_u013,russia_0081,2.1400554672088257
russia_u013,russia_0032,1.13091804893005
russia_u013,russia_0067,0.6642549903494838
russia_u013,russia_0074,0.7185561119823964
russia_u013,russia_0006,1.3643209836044798
russia_u013,russia_0005,0.6439689535863562
russia_u013,russia_0090,1.9197280931502543
russia_u013,russia_0091,2.0685455477987986
russia_u013,russia_0014,0.5980687269117508
russia_u013,russia_0076,1.9722732932394955
russia_u013,russia_0013,2.267581159196461
russia_u014,russia_0077,1.027225140644409
russia_u014,russia_0058,1.509644367950053
russia_u014,russia_0069,0.7670483700087246
russia_u014,russia_0084,0.6147138152122865
russia_u014,russia_0073,0.6010814976378587
russia_u014,russia_0101,0.8478855338433143
russia_u014,russia_0090,0.6093145739025115
russia_u014,russia_0099,0.8033855509680067
russia_u014,russia_0098,1.5395744692442306
russia_u014,russia_0056,1.265470634463418
russia_u014,russia_0100,2.266790511468877
russia_u014,russia_0002,1.9699977713746737
russia_u014,russia_0078,0.8281881764928875
russia_u014,russia_0087,1.2939617037203206
russia_u014,russia_0082,1.3184246240717283
russia_u014,russia_0096,1.1996514436909678
russia_u014,russia_0008,1.4298923716652998
russia_u014,russia_0034,1.7305335908934272
russia_u014,russia_0079,1.680534759512901
russia_u014,russia_0030,1.1909960581303796
russia_u014,russia_0080,1.7912036999312013
russia_u014,russia_0095,1.0743623126944213
russia_u014,russia_0097,2.0161820312905054
russia_u014,russia_0037,2.2385417746304443
russia_u014,china_ctis_0020,0.8478944835060085
russia_u014,china_ctis_0001,1.5093295462400822
russia_u014,china_ctis_0037,1.5481248352079318
russia_u014,china_ctis_0063,1.1125305556220866
russia_u014,china_ctis_0007,0.5684588707316097
russia_u014,china_ctis_0023,1.5113455516340335
russia_u014,china_ctis_0041,1.0000956216139019
russia_u014,china_ctis_0022,0.7308962219273654
russia_u014,germany_0031,1.2959778139570524
russia_u014,germany_0048,1.0398664426690316
russia_u014,germany_0013,0.5682228057182459
russia_u014,germany_0070,1.7779607492400544
russia_u014,germany_0027,0.7802935248295961
russia_u014,russia_0031,1.4564147207023885
russia_u014,russia_0060,1.7260722514860158
russia_u014,russia_0043,0.7735291535877429
russia_u015,russia_0029,1.156406727306057
russia_u015,russia_0089,1.378054026332022
russia_u015,russia_0103,1.6851228062181114
russia_u015,russia_0002,1.5084650577357555
russia_u015,russia_0093,0.8583164566612987
russia_u015,russia_0009,1.4224729246030619
russia_u015,russia_0074,1.369557526958439
russia_u015,russia_0101,1.5163967528925306
russia_u015,russia_0072,0.7659058035446621
russia_u015,russia_0007,0.8398342872487182
russia_u015,russia_0092,1.4896712072362084
russia_u015,russia_0036,1.0501254483981175
russia_u015,russia_0097,1.6600796630270733
russia_u015,russia_0102,1.2179961351215511
russia_u015,russia_0070,0.9557674397228766
russia_u015,russia_0090,1.7072810098646412
russia_u015,russia_0035,1.2544907301333375
russia_u015,russia_0086,0.8468815116292748
russia_u015,russia_0104,1.97019548924125
russia_u015,russia_0052,1.3197837780975599
russia_u015,russia_0056,2.15349633602156
russia_u015,russia_0030,0.9086166016890692
russia_u015,russia_0059,2.086704154696166
russia_u015,russia_0079,1.9824446994558942
russia_u015,great_britain_0085,0.5902863625191117
russia_u015,great_britain_0079,1.1677697761279286
russia_u015,great_britain_0081,1.3324718611977033
russia_u015,great_britain_0016,1.1189009628817943
russia_u015,great_britain_0011,0.9768551636510132
russia_u015,great_britain_0036,1.724186871941
russia_u015,great_britain_0003,1.3961081606519965
russia_u015,great_britain_0002,1.7539243347120628
russia_u015,italy_0046,1.5924109196518086
russia_u015,italy_0009,1.5531273875918103
russia_u015,italy_0030,1.429603591905013
russia_u015,russia_0099,1.6894866927005852
russia_u015,russia_0008,2.104837107168824
russia_u015,russia_0010,1.6331318578437841
russia_u015,russia_0088,0.7048724915959554
russia_u015,russia_0063,1.5799220702634449
russia_u016,russia_0027,0.6231869779905829
russia_u016,russia_0049,1.8577101648234717
russia_u016,russia_0024,0.9940458289728714
russia_u016,russia_0021,1.6868958457788823
russia_u016,russia_0026,1.5395281283589415
russia_u016,china_opencpop_0014,1.0316314113208993
russia_u016,china_opencpop_0011,1.2468908294257928
russia_u016,china_opencpop_0049,1.3883023043603937
russia_u016,china_opencpop_0024,1.2225298292270488
russia_u016,china_opencpop_0028,1.202659333338621
russia_u016,china_opencpop_0021,1.038704958257067
russia_u016,china_opencpop_0033,1.0305466053373555
russia_u016,china_opencpop_0030,1.1128040797897087
russia_u016,germany_0005,1.0603051814106537
russia_u016,germany_0034,1.0426831888144692
russia_u016,germany_0060,0.7339995961340583
russia_u016,germany_0090,1.4285311934250182
russia_u016,germany_0002,0.6294858330278309
russia_u016,germany_0050,1.6767590706022362
russia_u016,germany_0062,1.293542384542414
russia_u016,germany_0079,0.516015916816421
russia_u016,russia_0064,1.7117727570657382
russia_u016,russia_0101,1.1986121010975346
russia_u016,russia_0051,2.178844356556613
russia_u016,russia_0071,2.189730214194746
russia_u016,russia_0053,2.03422645869616
russia_u016,russia_0012,1.5545393559050673
russia_u016,russia_0013,2.1605815175014893
russia_u016,russia_0025,1.6959191261506812
russia_u016,russia_0006,2.0845976206876653
russia_u016,russia_0057,0.8510917687427206
russia_u016,russia_0095,2.1347110406688263
russia_u016,russia_0039,1.7162439481254312
russia_u016,russia_0088,1.0981475174142972
russia_u016,russia_0091,2.296228334387053
russia_u016,russia_0081,1.7598748436864662
russia_u016,russia_0038,2.142017700085757
russia_u016,russia_0096,0.5846350236853551
russia_u016,russia_0054,1.5277837564723453
russia_u016,russia_0094,1.8041187756629125
russia_u017,russia_0062,1.563931399849881
russia_u017,russia_0005,0.676055796019859
russia_u017,russia_0012,1.6854103930707394
russia_u017,russia_0040,2.2052684399417113
russia_u017,russia_0017,1.7406168174381642
russia_u017,russia_0067,1.3763230687333416
russia_u017,russia_0045,2.2325197053548176
russia_u017,russia_0033,1.762690813983388
russia_u017,russia_0055,0.6732567515998646
russia_u017,russia_0025,1.7308302673776519
russia_u017,china_ctis_0020,0.5305894147164726
russia_u017,china_ctis_0037,0.8647603417664568
russia_u017,china_ctis_0019,1.2811726985436684
russia_u017,china_ctis_0026,0.7410816218522657
russia_u017,china_ctis_0053,0.5015553992023039
russia_u017,china_ctis_0064,1.2842374798528473
russia_u017,china_ctis_0024,0.8359073318920649
russia_u017,china_ctis_0006,1.1695017028579178
russia_u017,india_saraga_0068,0.8025465315212384
russia_u017,india_saraga_0082,1.3766789433538966
russia_u017,india_saraga_0017,1.6591968780656006
russia_u017,india_saraga_0026,0.5668624837741166
russia_u017,india_saraga_0041,1.5115302253639242
russia_u017,india_saraga_0010,0.6607283244124712
russia_u017,india_saraga_0016,0.8947032126920701
russia_u017,india_saraga_0040,0.9324431493636918
russia_u017,russia_0072,0.9308847310565
russia_u017,russia_0083,0.7047792379887396
russia_u017,russia_0002,1.900639178453352
russia_u017,russia_0087,1.9440075052464
russia_u017,russia_0078,2.294537425902091
russia_u017,russia_0059,2.187192329516939
russia_u017,russia_0080,1.3247581803388184
russia_u017,russia_0039,0.8050943250845589
russia_u017,russia_0004,0.593457513833681
russia_u017,russia_0000,1.4918677539075842
russia_u017,russia_0079,2.0594770586866624
russia_u017,russia_0024,1.0371339507763975
russia_u017,russia_0053,0.9181738597794192
russia_u017,russia_0077,1.3321945663046684
russia_u018,russia_0033,2.147503333933238
russia_u018,russia_0012,1.2341944688031536
russia_u018,russia_0025,0.9679634049755418
russia_u018,russia_0067,0.8905091613621748
russia_u018,russia_0017,2.082235945681332
russia_u018,russia_0062,2.0009390768543747
russia_u018,russia_0040,2.267118711252767
russia_u018,russia_0055,2.038234875008317
russia_u018,russia_0045,1.6658312015231955
russia_u018,russia_0005,0.8204360202534238
russia_u018,modern_english_pop_0015,0.672544176778211
russia_u018,modern_english_pop_0037,1.0894943611751073
russia_u018,modern_english_pop_0064,1.4865239670448938
russia_u018,modern_english_pop_0019,0.6839217767399655
russia_u018,modern_english_pop_0062,1.685948635703951
russia_u018,modern_english_pop_0013,1.3731174861572555
russia_u018,modern_english_pop_0000,0.8716172721026664
russia_u018,modern_english_pop_0117,1.645775449416743
russia_u018,turkey_modern_0148,1.25815099704427
russia_u018,turkey_modern_0085,1.4397639507339208
russia_u018,turkey_modern_0139,0.9703469784450028
russia_u018,turkey_modern_0021,0.9812932280729921
russia_u018,turkey_modern_0039,0.467033720149985
russia_u018,turkey_modern_0103,1.1761677307192626
russia_u018,turkey_modern_0143,1.47707568787572
russia_u018,turkey_modern_0140,1.7579130933419151
russia_u018,russia_0084,2.1140912933217093
russia_u018,russia_0080,0.7250596325835023
russia_u018,russia_0091,2.2663972076154946
russia_u018,russia_0002,0.8328541885264671
russia_u018,russia_0097,0.6459221647263432
russia_u018,russia_0027,1.8669039661826887
russia_u018,russia_0051,2.1376541268177855
russia_u018,russia_0071,2.213375512893452
russia_u018,russia_0060,1.9980837858967155
russia_u018,russia_0089,0.9284632221021312
russia_u018,russia_0031,0.840655027502859
russia_u018,russia_0101,0.6767206238107562
russia_u018,russia_0057,1.5788966628173622
russia_u018,russia_0010,1.4154565288812457
russia_u019,russia_0018,2.1489874446232267
russia_u019,russia_0014,1.033042290732602
russia_u019,russia_0011,1.579609231686356
russia_u019,russia_0046,2.0221317741789204
russia_u019,russia_0065,1.8616897120088642
russia_u019,russia_0063,0.6554329908988599
russia_u019,russia_0015,1.5426365089815046
russia_u019,russia_0031,1.5096013207396333
russia_u019,russia_0003,1.178888307413047
russia_u019,russia_0041,1.8748961428604063
russia_u019,russia_0064,2.237909760007771
russia_u019,russia_0043,0.8288969780394517
russia_u019,russia_0053,0.8255114064590247
russia_u019,russia_0061,1.842419633569999
russia_u019,russia_0004,1.35886830753683
russia_u019,russia_0039,1.94675265525001
russia_u019,russia_0032,0.8183588766411967
russia_u019,russia_0013,0.6437542636453124
russia_u019,russia_0042,1.7789362791190808
russia_u019,russia_0054,2.2908765663458404
russia_u019,turkey_modern_0003,0.5779775838991957
russia_u019,turkey_modern_0093,1.6168561507581345
russia_u019,turkey_modern_0008,0.9701411500441098
russia_u019,turkey_modern_0107,0.47266588614569466
russia_u019,turkey_modern_0044,1.1385294205111347
russia_u019,turkey_modern_0071,0.8264531796185068
russia_u019,turkey_modern_0067,1.3860942410522432
russia_u019,turkey_modern_0046,0.8385713402873741
russia_u019,china_jingju_0035,1.1002951666346124
russia_u019,china_jingju_0080,0.7207630893146555
russia_u019,china_jingju_0030,1.5679373733588065
russia_u019,china_jingju_0074,1.699332473521946
russia_u019,china_jingju_0068,0.9945032681922262
russia_u019,china_jingju_0000,1.0559880439667764
russia_u019,china_jingju_0052,1.7766229588355682
russia_u019,china_jingju_0066,0.6418558935782956
russia_u019,russia_0045,1.9698686626678166
russia_u019,russia_0078,1.5535555950916662
russia_u019,russia_0087,2.094266876059724
russia_u019,russia_0005,1.079439239826423
russia_u020,russia_0012,2.082073439173106
russia_u020,russia_0067,0.5804477644166861
russia_u020,russia_0033,1.3292307538193893
russia_u020,russia_0040,1.5827427991063665
russia_u020,russia_0045,1.4831957822601594
russia_u020,russia_0055,1.839032883926578
russia_u020,russia_0062,0.6880255999956172
russia_u020,russia_0017,1.929843848185579
russia_u020,russia_0025,1.0634691748302587
russia_u020,russia_0005,1.9967956917538232
russia_u020,turkey_modern_0113,1.0163087011519996
russia_u020,turkey_modern_0135,0.5079400989340451
russia_u020,turkey_modern_0031,1.751284933656365
russia_u020,turkey_modern_0007,1.5037415421710134
russia_u020,turkey_modern_0000,0.9195516435811718
russia_u020,turkey_modern_0120,0.8145369470947903
russia_u020,turkey_modern_0119,1.2451010334075732
russia_u020,turkey_modern_0103,1.7828477138122802
russia_u020,germany_0024,0.8417252126426594
russia_u020,germany_0057,1.7301660076073064
russia_u020,germany_0030,0.8960226114850952
russia_u020,germany_0056,1.4005319830980298
russia_u020,germany_0023,0.9653413830192538
russia_u020,germany_0028,0.5648205024116759
russia_u020,germany_0078,1.7138556435779402
russia_u020,germany_0022,0.6713027928674045
russia_u020,russia_0102,2.2045927822958573
russia_u020,russia_0091,0.7532042747272748
russia_u020,russia_0054,1.0354843425499602
russia_u020,russia_0032,2.163593035248108
russia_u020,russia_0084,1.7109829885155634
russia_u020,russia_0080,0.9018589268269247
russia_u020,russia_0010,1.5963609622603607
russia_u020,russia_0030,0.8861748338613306
russia_u020,russia_0068,2.0834125667313392
russia_u020,russia_0075,0.6609543476589513
russia_u020,russia_0009,1.4888665286661846
russia_u020,russia_0090,0.6844909695558228
russia_u020,russia_0013,1.7739142455916534
russia_u020,russia_0065,2.189250230709076
russia_u021,russia_0060,1.1382322722522686
russia_u021,russia_0023,2.2487788804345548
russia_u021,russia_0022,0.759442435765986
russia_u021,russia_0010,0.8102852278477409
russia_u021,russia_0038,1.6863478068747744
russia_u021,russia_0068,1.4621661625103015
russia_u021,china_ctis_0031,0.8070306235452632
russia_u021,china_ctis_0027,0.8607669252175466
russia_u021,china_ctis_0035,0.6619814667569061
russia_u021,china_ctis_0059,1.621481587531029
russia_u021,china_ctis_0021,1.218850478738582
russia_u021,china_ctis_0019,0.7805266778076727
russia_u021,china_ctis_0000,0.9811180229076129
russia_u021,china_ctis_0064,1.6740248233115922
russia_u021,italy_0046,1.647235568231635
russia_u021,italy_0009,0.5432940330028305
russia_u021,italy_0030,1.333035186677599
russia_u021,russia_0024,0.8388752699227735
russia_u021,russia_0064,0.9387738055707435
russia_u021,russia_0085,2.065758096625068
russia_u021,russia_0069,2.1192032976460276
russia_u021,russia_0061,0.7176435549170611
russia_u021,russia_0028,2.0825177433507465
russia_u021,russia_0052,1.831651378654562
russia_u021,russia_0009,1.9131003766350558
russia_u021,russia_0067,1.9408814401890229
russia_u021,russia_0077,1.449977393748042
russia_u021,russia_0086,2.2084156841546476
russia_u021,russia_0020,0.9206203168665268
russia_u021,russia_0036,1.4460648104677616
russia_u021,russia_0004,1.1245032003074977
russia_u021,russia_0040,1.9936938938343254
russia_u021,russia_0051,0.717658728422141
russia_u021,russia_0049,1.323095389944362
russia_u021,russia_0053,1.9092489570231932
russia_u021,russia_0091,1.1137880724371005
russia_u021,russia_0014,0.9898215903665241
russia_u021,russia_0055,1.0278972920211957
russia_u021,russia_0070,1.8059429352762904
russia_u021,russia_0072,1.0697001158219832
russia_u022,russia_0033,1.0619942590173097
russia_u022,russia_0012,1.9180493608703952
russia_u022,russia_0017,1.8558956541023734
russia_u022,russia_0005,0.5929576856340749
russia_u022,russia_0045,1.3862610015113075
russia_u022,russia_0025,1.3293738478218364
russia_u022,russia_0055,1.7001853741018749
russia_u022,russia_0067,0.790590569112121
russia_u022,russia_0040,1.6469412767219156
russia_u022,russia_0062,2.2084335847778123
russia_u022,great_britain_0104,0.9518618717305873
russia_u022,great_britain_0032,0.9054311638406735
russia_u022,great_britain_0012,0.4881692444020353
russia_u022,great_britain_0023,0.5274833295898326
russia_u022,great_britain_0021,1.70762280335512
russia_u022,great_britain_0031,1.7669274928272305
russia_u022,great_britain_0025,0.4576162955893921
russia_u022,great_britain_0001,1.6659175765632726
russia_u022,china_jingju_0005,0.6848460414191082
russia_u022,china_jingju_0044,1.20783427018618
russia_u022,china_jingju_0008,1.3654902467638115
russia_u022,china_jingju_0002,0.9347292592567817
russia_u022,china_jingju_0019,1.1641339238904682
russia_u022,china_jingju_0011,1.2971819540096623
russia_u022,china_jingju_0013,0.7118005041694717
russia_u022,china_jingju_0027,1.792246439140671
russia_u022,russia_0047,0.9266961663849632
russia_u022,russia_0069,0.5928338515844173
russia_u022,russia_0050,2.2038909213806903
russia_u022,russia_0036,1.3152452839906468
russia_u022,russia_0101,1.2626190151481753
russia_u022,russia_0034,1.0505330243544078
russia_u022,russia_0079,0.6195600737147642
russia_u022,russia_0026,1.0313801335807606
russia_u022,russia_0019,1.2534430909263188
russia_u022,russia_0093,1.4725679542950958
russia_u022,russia_0094,1.3644362797104197
russia_u022,russia_0006,2.091337458289439
russia_u022,russia_0074,2.1470440118295073
russia_u022,russia_0099,1.1220922401321083
russia_u023,russia_0038,1.7066724918975549
russia_u023,russia_0022,1.3599450531251644
russia_u023,russia_0068,0.8262299323701742
russia_u023,russia_0023,0.5772737427686772
russia_u023,russia_0010,1.041507816770691
russia_u023,russia_0060,1.522127302772595
russia_u023,turkey_modern_0017,1.1716365129033943
russia_u023,turkey_modern_0129,0.6269470641520918
russia_u023,turkey_modern_0047,1.2784911430725274
russia_u023,turkey_modern_0130,1.7985479106038513
russia_u023,turkey_modern_0055,1.2395703234524893
russia_u023,turkey_modern_0073,1.1623115372074935
russia_u023,turkey_modern_0107,1.290554716850437
russia_u023,turkey_modern_0000,1.6375557018519895
russia_u023,great_britain_0084,1.7270991153391075
russia_u023,great_britain_0018,0.5053952462660893
russia_u023,great_britain_0093,0.7267416339354575
russia_u023,great_britain_0068,0.6062814864080518
russia_u023,great_britain_0008,1.492677610698564
russia_u023,russia_0021,0.6535959316921066
russia_u023,russia_0103,2.1320452835597
russia_u023,russia_0035,0.6104580044579007
russia_u023,russia_0032,1.6143932523372382
russia_u023,russia_0047,1.0503689346159608
russia_u023,russia_0027,1.38672208052333
russia_u023,russia_0085,1.3372532016584222
russia_u023,russia_0015,1.8668408919988704
russia_u023,russia_0026,1.4317076243283589
russia_u023,russia_0088,1.3016059319683
russia_u023,russia_0054,1.834728001958011
russia_u023,russia_0005,2.1720169358008756
russia_u023,russia_0046,1.9445161426281523
russia_u023,russia_0074,1.8458368793419055
russia_u023,russia_0057,1.4163205899589986
russia_u023,russia_0036,2.127872252035296
russia_u023,russia_0012,1.4138907140524124
russia_u023,russia_0042,2.1797429796693004
russia_u023,russia_0089,1.9600409026772772
russia_u023,russia_0002,0.8341989064274735
russia_u023,russia_0087,0.6560614979546824
turkey_u000,turkey_modern_0003,1.4064305539095132
turkey_u000,turkey_modern_0011,0.6106046097556362
turkey_u000,turkey_modern_0071,1.5770027513854494
turkey_u000,turkey_modern_0114,1.119978994118539
turkey_u000,turkey_modern_0072,0.889787620038127
turkey_u000,turkey_modern_0097,0.8664433322575792
turkey_u000,turkey_modern_0031,0.8842156345747139
turkey_u000,turkey_modern_0135,1.1457007259993128
turkey_u000,turkey_modern_0042,1.0590698720698626
turkey_u000,turkey_modern_0136,2.0178328359817517
turkey_u000,turkey_modern_0149,1.4294178702477918
turkey_u000,turkey_modern_0124,1.312691924502208
turkey_u000,turkey_modern_0081,0.8265628860224578
turkey_u000,turkey_modern_0119,2.0859116181340074
turkey_u000,turkey_modern_0147,0.6695683049942861
turkey_u000,turkey_modern_0096,0.9881915940584785
turkey_u000,turkey_modern_0129,1.647039675643423
turkey_u000,turkey_modern_0046,1.786488938317886
turkey_u000,turkey_modern_0087,1.9569950915630285
turkey_u000,turkey_modern_0141,1.2827524950359348
turkey_u000,turkey_modern_0064,1.1731266494564456
turkey_u000,turkey_modern_0000,1.0727515409860495
turkey_u000,turkey_modern_0127,1.554963307609078
turkey_u000,turkey_modern_0077,1.17639643612575
turkey_u000,italy_0046,0.8929272249125096
turkey_u000,italy_0030,0.4728026521377853
turkey_u000,italy_0009,1.7302265831811705
turkey_u000,france_0011,0.5318022298327291
turkey_u000,france_0090,0.8156765497197682
turkey_u000,france_0019,1.6939164969099398
turkey_u000,france_0096,1.4427200636041664
turkey_u000,france_0002,1.230488735653044
turkey_u000,france_0081,1.3420987828137534
turkey_u000,france_0017,0.581031071297274
turkey_u000,france_0066,1.5416739139345499
turkey_u000,turkey_modern_0004,1.0064341640749903
turkey_u000,turkey_modern_0137,2.2244691118410516
turkey_u000,turkey_modern_0089,0.9741211915446822
turkey_u000,turkey_modern_0107,1.653753617999899
turkey_u000,turkey_modern_0044,1.5156847487209921
turkey_u001,turkey_modern_0084,0.9900203145299318
turkey_u001,turkey_modern_0027,1.930521215527964
turkey_u001,turkey_modern_0005,0.7324277630525435
turkey_u001,turkey_modern_0066,1.986289552625649
turkey_u001,turkey_modern_0079,0.9406428310496272
turkey_u001,turkey_modern_0147,1.5920242898981007
turkey_u001,turkey_modern_0128,1.1741092789072782
turkey_u001,turkey_modern_0085,1.6268702009227682
turkey_u001,turkey_modern_0107,1.036295788273301
turkey_u001,turkey_modern_0126,1.5564623341146309
turkey_u001,turkey_modern_0114,0.5891419988683981
turkey_u001,turkey_modern_0046,1.2209339393896732
turkey_u001,turkey_modern_0093,2.000521678882276
turkey_u001,turkey_modern_0083,1.3736863617220008
turkey_u001,turkey_modern_0144,1.4362253957576907
turkey_u001,turkey_modern_0022,1.6472200454016377
turkey_u001,turkey_modern_0044,1.3240115579886194
turkey_u001,turkey_modern_0100,2.070707355323578
turkey_u001,turkey_modern_0097,1.2707350554881254
turkey_u001,turkey_modern_0026,2.200902949069607
turkey_u001,turkey_modern_0090,2.0877180902343455
turkey_u001,turkey_modern_0039,1.3013764250867492
turkey_u001,turkey_modern_0086,1.206006508682649
turkey_u001,turkey_modern_0140,1.74218333260279
turkey_u001,india_saraga_0055,1.4696641107099844
turkey_u001,india_saraga_0097,0.7009131293881938
turkey_u001,india_saraga_0030,0.7754110243017511
turkey_u001,india_saraga_0007,0.6474408974754655
turkey_u001,india_saraga_0024,1.47693403555423
turkey_u001,india_saraga_0047,1.4144425177217645
turkey_u001,india_saraga_0073,0.7052226493298079
turkey_u001,india_saraga_0081,1.174780961308363
turkey_u001,france_0080,1.4817231349245898
turkey_u001,france_0003,1.7284886947035534
turkey_u001,france_0063,0.6910055830768924
turkey_u001,france_0092,0.8608452028510805
turkey_u001,france_0013,0.9202587079127497
turkey_u001,france_0097,1.2937194348298326
turkey_u001,france_0042,0.6341654477821327
turkey_u001,france_0006,0.7111292434893803
turkey_u002,turkey_modern_0052,1.5509254363193912
turkey_u002,turkey_modern_0015,0.8292670887601785
turkey_u002,turkey_modern_0129,1.8097229408973334
turkey_u002,turkey_modern_0121,1.4100439154742537
turkey_u002,turkey_modern_0020,0.7654209632437509
turkey_u002,turkey_modern_0133,1.5358920874308999
turkey_u002,turkey_modern_0055,2.145915498152351
turkey_u002,turkey_modern_0131,1.163560827024688
turkey_u002,turkey_modern_0065,0.6626396854644137
turkey_u002,turkey_modern_0000,2.205482266931511
turkey_u002,turkey_modern_0030,0.8196035993163022
turkey_u002,turkey_modern_0095,1.3944647015201281
turkey_u002,turkey_modern_0051,1.5145680455382904
turkey_u002,turkey_modern_0060,0.9839758739876678
turkey_u002,turkey_modern_0102,0.8810461052657896
turkey_u002,turkey_modern_0067,0.7701645690606329
turkey_u002,turkey_modern_0111,0.6956728620606042
turkey_u002,turkey_modern_0049,1.4515182947485947
turkey_u002,turkey_modern_0096,2.0274858400391955
turkey_u002,turkey_modern_0069,0.7936588806073871
turkey_u002,turkey_modern_0126,1.7835678240684845
turkey_u002,turkey_modern_0008,1.2867708289807096
turkey_u002,turkey_modern_0018,0.635761812224261
turkey_u002,turkey_modern_0106,1.4995522347581443
turkey_u002,indonesia_fma_0011,0.7902111592797881
turkey_u002,indonesia_fma_0013,1.2670930256046782
turkey_u002,indonesia_fma_0012,0.9215860646324762
turkey_u002,indonesia_fma_0007,1.3497106296549948
turkey_u002,indonesia_fma_0006,1.689979539956889
turkey_u002,indonesia_fma_0019,0.7801351588099699
turkey_u002,indonesia_fma_0017,1.7187846331333916
turkey_u002,indonesia_fma_0000,0.725816961337948
turkey_u002,france_0000,0.5454380910015402
turkey_u002,france_0102,0.7101463329739077
turkey_u002,france_0071,1.5501375443459904
turkey_u002,france_0029,1.3647009311071314
turkey_u002,france_0079,1.760626106902932
turkey_u002,france_0103,1.4082668690736564
turkey_u002,france_0021,1.007052207799456
turkey_u002,france_0077,1.654781815079383
turkey_u003,turkey_modern_0113,1.7213423137497126
turkey_u003,turkey_modern_0101,1.5902005325204245
turkey_u003,turkey_modern_0090,1.4059046925284568
turkey_u003,turkey_modern_0058,1.2545468702496363
turkey_u003,turkey_modern_0020,1.0334812155779294
turkey_u003,turkey_modern_0122,1.799651008603243
turkey_u003,turkey_modern_0100,1.1226897776792146
turkey_u003,turkey_modern_0023,2.0405279038321695
turkey_u003,turkey_modern_0141,1.5861302364067769
turkey_u003,turkey_modern_0140,1.6685538804611113
turkey_u003,turkey_modern_0072,1.45266314826409
turkey_u003,turkey_modern_0137,2.1767592115247827
turkey_u003,turkey_modern_0093,1.3022523558656092
turkey_u003,turkey_modern_0112,1.3115205821474516
turkey_u003,turkey_modern_0052,2.115450005206407
turkey_u003,turkey_modern_0007,1.6184644386562959
turkey_u003,turkey_modern_0105,1.349781534624142
turkey_u003,turkey_modern_0025,1.0272106725413606
turkey_u003,turkey_modern_0067,0.997701667714558
turkey_u003,turkey_modern_0030,1.957474191227782
turkey_u003,turkey_modern_0027,1.0570789839009171
turkey_u003,turkey_modern_0109,0.5848975157733057
turkey_u003,turkey_modern_0128,0.6085696027896083
turkey_u003,turkey_modern_0069,2.2627445050040738
turkey_u003,china_opencpop_0040,1.2057812144409747
turkey_u003,china_opencpop_0021,1.1101832530101836
turkey_u003,china_opencpop_0029,1.6891326932962458
turkey_u003,china_opencpop_0035,0.9247779886368952
turkey_u003,china_opencpop_0037,1.5232467055345646
turkey_u003,china_opencpop_0012,1.4244432472531874
turkey_u003,china_opencpop_0006,1.0940802511344814
turkey_u003,china_opencpop_0009,1.495753061569233
turkey_u003,russia_0017,1.7538008232500601
turkey_u003,russia_0012,0.7208199573125454
turkey_u003,russia_0033,0.473637709576379
turkey_u003,russia_0040,1.5589634484568042
turkey_u003,russia_0055,0.9948425483404985
turkey_u003,russia_0067,1.1849433662452609
turkey_u003,russia_0005,0.7503241329889182
turkey_u003,russia_0062,1.5864148285013842
turkey_u004,turkey_modern_0122,1.2696189425297957
turkey_u004,turkey_modern_0005,1.3721830854391397
turkey_u004,turkey_modern_0079,1.1643860278281801
turkey_u004,turkey_modern_0036,2.207167098560399
turkey_u004,turkey_modern_0032,1.0111797811546943
turkey_u004,turkey_modern_0100,1.2811223374797773
turkey_u004,turkey_modern_0052,1.9174362700231056
turkey_u004,turkey_modern_0103,1.2034893852799604
turkey_u004,turkey_modern_0029,2.1044037963557556
turkey_u004,turkey_modern_0024,0.9943003042536592
turkey_u004,turkey_modern_0050,0.6290698519487217
turkey_u004,turkey_modern_0068,1.6595956686344735
turkey_u004,turkey_modern_0115,1.4517372145930998
turkey_u004,turkey_modern_0006,2.1845251878116687
turkey_u004,turkey_modern_0061,1.3049032621705339
turkey_u004,turkey_modern_0144,0.8088931949778844
turkey_u004,turkey_modern_0093,1.1438110517499536
turkey_u004,turkey_modern_0084,1.25329037218173
turkey_u004,turkey_modern_0128,1.5809023788495131
turkey_u004,turkey_modern_0113,1.0485133471288284
turkey_u004,turkey_modern_0107,1.5242904772998138
turkey_u004,turkey_modern_0139,2.141379118101287
turkey_u004,turkey_modern_0142,1.305934853402539
turkey_u004,turkey_modern_0027,1.6989573770424138
turkey_u004,india_saraga_0104,0.7590130926198246
turkey_u004,india_saraga_0048,1.53179151081213
turkey_u004,india_saraga_0016,0.8140553509860797
turkey_u004,india_saraga_0060,1.2327337712325017
turkey_u004,india_saraga_0035,0.8553340841391248
turkey_u004,india_saraga_0096,0.5409931725834936
turkey_u004,india_saraga_0013,0.8815446997573915
turkey_u004,india_saraga_0017,0.7362413919603216
turkey_u004,great_britain_0038,1.6551095873435493
turkey_u004,great_britain_0033,0.8093188547614933
turkey_u004,great_britain_0037,1.7654712953880447
turkey_u004,great_britain_0091,1.114666845828568
turkey_u004,great_britain_0020,0.7484377048663264
turkey_u004,great_britain_0012,0.9783145797736892
turkey_u004,great_britain_0034,0.6976320086217429
turkey_u004,great_britain_0090,1.5754723926913627
turkey_u005,turkey_modern_0039,1.2659787776031715
turkey_u005,turkey_modern_0110,1.7557513950494898
turkey_u005,turkey_modern_0144,0.8315416749987362
turkey_u005,turkey_modern_0123,1.4709656730464544
turkey_u005,turkey_modern_0037,0.8143823045711158
turkey_u005,turkey_modern_0077,1.6603656681585317
turkey_u005,turkey_modern_0053,2.0071780298984554
turkey_u005,turkey_modern_0092,0.6094949055463978
turkey_u005,turkey_modern_0018,1.3632149824392867
turkey_u005,turkey_modern_0093,1.4249136958727593
turkey_u005,turkey_modern_0085,1.8174385133766615
turkey_u005,turkey_modern_0131,0.7038918826569367
turkey_u005,turkey_modern_0147,1.2753858476909155
turkey_u005,turkey_modern_0030,1.9299551237726589
turkey_u005,turkey_modern_0051,1.492949368606258
turkey_u005,turkey_modern_0005,1.8684846744953756
turkey_u005,turkey_modern_0055,1.20291687096861
turkey_u005,turkey_modern_0143,2.1621512512531
turkey_u005,turkey_modern_0087,0.7084205704286631
turkey_u005,turkey_modern_0070,0.7322586000098256
turkey_u005,turkey_modern_0107,1.4866381859681048
turkey_u005,turkey_modern_0142,1.3871711395865005
turkey_u005,turkey_modern_0130,1.676356484876955
turkey_u005,turkey_modern_0136,0.9701218324251512
turkey_u005,france_0076,0.755138192818782
turkey_u005,france_0061,1.4612979164891
turkey_u005,france_0056,0.8438830209513087
turkey_u005,france_0093,1.431843842466003
turkey_u005,france_0089,1.3149544298574327
turkey_u005,france_0052,0.5624916569943844
turkey_u005,france_0025,1.4100250136437
turkey_u005,france_0005,1.6373457557179996
turkey_u005,russia_0020,1.5524724474192901
turkey_u005,russia_0044,0.4619635189511965
turkey_u005,russia_0047,1.1786137732871422
turkey_u005,russia_0016,1.6830052358941192
turkey_u005,russia_0048,1.2582796601688746
turkey_u005,russia_0019,0.8419401953816872
turkey_u005,russia_0066,0.7126352666997264
turkey_u005,turkey_modern_0072,1.7565344881373093
turkey_u006,turkey_modern_0086,1.8753655572559773
turkey_u006,turkey_modern_0082,1.8379483755731525
turkey_u006,turkey_modern_0137,1.0127834656536818
turkey_u006,turkey_modern_0070,2.287648498320802
turkey_u006,turkey_modern_0069,1.383005198843772
turkey_u006,turkey_modern_0116,1.2951014264316598
turkey_u006,turkey_modern_0087,1.440738813902986
turkey_u006,turkey_modern_0092,1.2547473861751037
turkey_u006,turkey_modern_0080,1.5990248103647713
turkey_u006,turkey_modern_0084,1.1781024173791703
turkey_u006,turkey_modern_0078,0.9889048644294278
turkey_u006,turkey_modern_0012,2.1757912055976507
turkey_u006,turkey_modern_0063,2.1755041279496505
turkey_u006,turkey_modern_0088,1.4310233370466878
turkey_u006,turkey_modern_0021,2.234704168303923
turkey_u006,turkey_modern_0135,1.2921121007315166
turkey_u006,turkey_modern_0073,1.2432285481049168
turkey_u006,turkey_modern_0013,2.1566630841069507
turkey_u006,turkey_modern_0044,1.6667818302149746
turkey_u006,turkey_modern_0048,1.8903424632446217
turkey_u006,turkey_modern_0130,1.2869831094479367
turkey_u006,turkey_modern_0115,1.277077871221126
turkey_u006,turkey_modern_0024,0.7186988909147233
turkey_u006,turkey_modern_0009,2.2426332009587586
turkey_u006,italy_0073,0.7577446052368432
turkey_u006,italy_0021,1.117260535905807
turkey_u006,italy_0075,0.6047238669921953
turkey_u006,italy_0028,1.3233873780283945
turkey_u006,italy_0074,0.9776818578344856
turkey_u006,italy_0071,1.4863435300247771
turkey_u006,italy_0051,1.1633111835587526
turkey_u006,italy_0022,0.624797075499666
turkey_u006,india_saraga_0000,0.4644996866031772
turkey_u006,india_saraga_0081,0.736805721105411
turkey_u006,india_saraga_0056,1.4278677680076153
turkey_u006,india_saraga_0098,1.5684940722611658
turkey_u006,india_saraga_0019,0.9108022981404795
turkey_u006,india_saraga_0089,1.1734988461643536
turkey_u006,india_saraga_0066,0.7740179421190506
turkey_u006,india_saraga_0038,1.6385983752419468
turkey_u007,turkey_modern_0040,0.5790478800242023
turkey_u007,turkey_modern_0131,0.9337547597822684
turkey_u007,turkey_modern_0137,1.7360418090685996
turkey_u007,turkey_modern_0092,1.0642705549527007
turkey_u007,turkey_modern_0024,0.8194374232424867
turkey_u007,turkey_modern_0082,0.7163397694355774
turkey_u007,turkey_modern_0138,1.6753412695223588
turkey_u007,turkey_modern_0127,1.6011331843738945
turkey_u007,turkey_modern_0132,2.0561084119581796
turkey_u007,turkey_modern_0128,1.1180949759980816
turkey_u007,turkey_modern_0096,0.8108396166288285
turkey_u007,turkey_modern_0059,1.953542527990568
turkey_u007,turkey_modern_0030,2.2796207203702745
turkey_u007,turkey_modern_0011,1.196671957566427
turkey_u007,turkey_modern_0013,2.0677280845638792
turkey_u007,turkey_modern_0057,1.8903909370624872
turkey_u007,turkey_modern_0087,2.1474846334588404
turkey_u007,turkey_modern_0109,1.3070425221021031
turkey_u007,turkey_modern_0105,0.7497450958210967
turkey_u007,turkey_modern_0073,0.779164455979502
turkey_u007,turkey_modern_0149,1.8915172752901224
turkey_u007,turkey_modern_0054,2.0642474231346846
turkey_u007,turkey_modern_0043,1.363353878116413
turkey_u007,turkey_modern_0031,0.6777597839340767
turkey_u007,modern_english_pop_0078,0.5400531544857161
turkey_u007,modern_english_pop_0102,1.258110472584272
turkey_u007,modern_english_pop_0071,1.6901428727902097
turkey_u007,modern_english_pop_0070,0.9894377435029872
turkey_u007,modern_english_pop_0044,1.3283367505188604
turkey_u007,modern_english_pop_0103,1.1817104880916416
turkey_u007,modern_english_pop_0046,1.651173090010283
turkey_u007,modern_english_pop_0116,1.5737232757170176
turkey_u007,india_saraga_0077,0.719120556228695
turkey_u007,india_saraga_0066,1.3646831830556199
turkey_u007,india_saraga_0079,1.5941293008428767
turkey_u007,india_saraga_0035,1.705836665446928
turkey_u007,india_saraga_0101,1.2464016397090498
turkey_u007,india_saraga_0068,0.6874801674666976
turkey_u007,india_saraga_0093,1.2036133135140017
turkey_u007,india_saraga_0041,1.3488556657387734
turkey_u008,turkey_modern_0029,1.0287588868912427
turkey_u008,turkey_modern_0013,1.8084230378026476
turkey_u008,turkey_modern_0087,2.2276380427819267
turkey_u008,turkey_modern_0139,1.1970887779607018
turkey_u008,turkey_modern_0126,1.2436680853931
turkey_u008,turkey_modern_0056,1.3556703283847893
turkey_u008,turkey_modern_0092,1.9705926918797902
turkey_u008,turkey_modern_0074,1.3327661449948776
turkey_u008,turkey_modern_0137,1.4137742741127224
turkey_u008,turkey_modern_0042,0.9584976698537282
turkey_u008,turkey_modern_0120,2.279895237732529
turkey_u008,turkey_modern_0098,2.1143109155980744
turkey_u008,turkey_modern_0123,1.6104386899740892
turkey_u008,turkey_modern_0104,2.2319661232683594
turkey_u008,turkey_modern_0077,1.7600711476392303
turkey_u008,turkey_modern_0052,2.2294572160955557
turkey_u008,turkey_modern_0124,0.8536493701258613
turkey_u008,turkey_modern_0084,0.9639140269078144
turkey_u008,turkey_modern_0062,2.1019397497762298
turkey_u008,turkey_modern_0000,1.2992833255559204
turkey_u008,turkey_modern_0136,1.21524703957693
turkey_u008,turkey_modern_0090,1.8762284897624182
turkey_u008,turkey_modern_0060,1.6623117637921452
turkey_u008,turkey_modern_0112,1.1685235095984936
turkey_u008,russia_0010,0.9871117931961813
turkey_u008,russia_0022,1.0013180737052083
turkey_u008,russia_0060,0.6205472928932096
turkey_u008,russia_0038,0.7598978047847409
turkey_u008,russia_0068,1.17566588016338
turkey_u008,russia_0023,1.5054666555759744
turkey_u008,italy_0046,1.0157151839794485
turkey_u008,italy_0030,0.9675262794410449
turkey_u008,italy_0009,1.3281968072661983
turkey_u008,turkey_modern_0121,0.8462629151933672
turkey_u008,turkey_modern_0089,1.231794309619503
turkey_u008,turkey_modern_0026,0.9340350074398143
turkey_u008,turkey_modern_0053,1.699089754215653
turkey_u008,turkey_modern_0106,0.7688279257302334
turkey_u008,turkey_modern_0107,1.3474943638142138
turkey_u008,turkey_modern_0118,1.6034140484844046
turkey_u009,turkey_modern_0013,1.8137699492008312
turkey_u009,turkey_modern_0121,0.8206471530831339
turkey_u009,turkey_modern_0101,0.6645319737853901
turkey_u009,turkey_modern_0052,1.1628200455219795
turkey_u009,turkey_modern_0046,1.4289955061041086
turkey_u009,turkey_modern_0014,1.0970210537757281
turkey_u009,turkey_modern_0045,1.855306961021653
turkey_u009,turkey_modern_0031,1.8212149991496698
turkey_u009,turkey_modern_0146,2.251569764421209
turkey_u009,turkey_modern_0131,1.2659885811114813
turkey_u009,turkey_modern_0047,1.9303802148968416
turkey_u009,turkey_modern_0075,1.8535699495270292
turkey_u009,turkey_modern_0104,2.280592917242956
turkey_u009,turkey_modern_0019,1.9094863083361542
turkey_u009,turkey_modern_0053,1.0641660654610572
turkey_u009,turkey_modern_0118,0.601344888495341
turkey_u009,turkey_modern_0140,2.245086616475892
turkey_u009,turkey_modern_0033,1.8102191006321884
turkey_u009,turkey_modern_0139,1.976746433189338
turkey_u009,turkey_modern_0007,1.9433461663895977
turkey_u009,turkey_modern_0141,1.8441878802382168
turkey_u009,turkey_modern_0089,1.8712934583077023
turkey_u009,turkey_modern_0092,2.178315368734923
turkey_u009,turkey_modern_0038,2.151841961326617
turkey_u009,indonesia_gamelan_0011,0.9619561068839771
turkey_u009,indonesia_gamelan_0046,0.4917980569043447
turkey_u009,indonesia_gamelan_0053,0.5022201512196901
turkey_u009,indonesia_gamelan_0015,1.0529617921066827
turkey_u009,indonesia_gamelan_0008,1.5772223653655497
turkey_u009,indonesia_gamelan_0032,1.5942751559309545
turkey_u009,indonesia_gamelan_0036,0.995925934660398
turkey_u009,indonesia_gamelan_0018,0.8571756942197558
turkey_u009,modern_english_pop_0109,1.1339119499825872
turkey_u009,modern_english_pop_0009,1.5739333292744158
turkey_u009,modern_english_pop_0033,1.3092697615641768
turkey_u009,modern_english_pop_0020,0.6387378484403721
turkey_u009,modern_english_pop_0063,0.939015823939053
turkey_u009,modern_english_pop_0030,1.199824985508576
turkey_u009,modern_english_pop_0093,1.1766542822376824
turkey_u009,modern_english_pop_0036,1.571355927119755
turkey_u010,turkey_modern_0039,0.7120529236487944
turkey_u010,turkey_modern_0132,1.1585429895206167
turkey_u010,turkey_modern_0055,1.9235164741019415
turkey_u010,turkey_modern_0005,1.8669671752967765
turkey_u010,turkey_modern_0015,1.6794995951431535
turkey_u010,turkey_modern_0029,1.7721856020013957
turkey_u010,turkey_modern_0051,1.698374035803663
turkey_u010,turkey_modern_0130,1.6812010292867823
turkey_u010,turkey_modern_0012,1.1781542540714145
turkey_u010,turkey_modern_0021,0.623585839532576
turkey_u010,turkey_modern_0062,1.3371495909322204
turkey_u010,turkey_modern_0123,0.6534178989933446
turkey_u010,turkey_modern_0014,1.3837962565882822
turkey_u010,turkey_modern_0120,1.3755362348588303
turkey_u010,turkey_modern_0009,0.8832946517800881
turkey_u010,turkey_modern_0045,1.9278513123868457
turkey_u010,turkey_modern_0136,1.7897611147954937
turkey_u010,turkey_modern_0084,1.5402057077091287
turkey_u010,turkey_modern_0057,2.1721923007099107
turkey_u010,turkey_modern_0067,1.0703977702876135
turkey_u010,turkey_modern_0119,1.0270055820271138
turkey_u010,turkey_modern_0141,0.8914267818278709
turkey_u010,turkey_modern_0065,1.514158633923432
turkey_u010,turkey_modern_0046,0.9292411401550513
turkey_u010,italy_0010,1.6230090308421845
turkey_u010,italy_0087,0.8608181901531353
turkey_u010,italy_0019,1.1127568638186816
turkey_u010,italy_0088,1.1648395326557193
turkey_u010,italy_0084,0.865322839037923
turkey_u010,italy_0086,1.4468664884440792
turkey_u010,italy_0082,1.3842984639155713
turkey_u010,italy_0035,1.4770948880986803
turkey_u010,russia_0022,1.267992634217842
turkey_u010,russia_0038,1.0712460945508349
turkey_u010,russia_0023,1.056038080332397
turkey_u010,russia_0010,1.4173216581849284
turkey_u010,russia_0068,0.9589975754249466
turkey_u010,russia_0060,1.0403007045014512
turkey_u010,turkey_modern_0001,0.8573326806580093
turkey_u010,turkey_modern_0144,1.7473625371543804
turkey_u011,turkey_modern_0122,1.1325614357050264
turkey_u011,turkey_modern_0044,1.608012301532826
turkey_u011,turkey_modern_0025,0.9331011827507609
turkey_u011,turkey_modern_0060,0.6484324205925682
turkey_u011,turkey_modern_0125,1.7694842743535557
turkey_u011,turkey_modern_0126,0.61261604104504
turkey_u011,turkey_modern_0014,2.2496038108068928
turkey_u011,turkey_modern_0111,1.1792425051755069
turkey_u011,turkey_modern_0052,0.58635286725059
turkey_u011,turkey_modern_0018,2.100909662190048
turkey_u011,turkey_modern_0039,1.6096628200060281
turkey_u011,turkey_modern_0136,1.9850017086007365
turkey_u011,turkey_modern_0034,1.3254176344720403
turkey_u011,turkey_modern_0100,1.1859637481990348
turkey_u011,turkey_modern_0141,1.7052017892576794
turkey_u011,turkey_modern_0050,1.2753515091871965
turkey_u011,turkey_modern_0049,1.5344598315860891
turkey_u011,turkey_modern_0031,1.0542444647479332
turkey_u011,turkey_modern_0054,1.1488133266105869
turkey_u011,turkey_modern_0019,0.7167790665574693
turkey_u011,turkey_modern_0070,1.9228666770891802
turkey_u011,turkey_modern_0037,1.1767676765299726
turkey_u011,turkey_modern_0056,2.2568735258686896
turkey_u011,turkey_modern_0035,1.0230839716049158
turkey_u011,france_0026,1.0913211183638598
turkey_u011,france_0073,0.8624684707268281
turkey_u011,france_0074,1.3867992561361595
turkey_u011,france_0032,1.5412939914875678
turkey_u011,france_0031,1.1074644861991347
turkey_u011,france_0035,0.9453522024983863
turkey_u011,france_0045,1.4554142807361925
turkey_u011,france_0043,0.7084643094864341
turkey_u011,indonesia_fma_0013,1.2592795565863781
turkey_u011,indonesia_fma_0001,1.4403930213684415
turkey_u011,indonesia_fma_0007,0.8135139753617482
turkey_u011,indonesia_fma_0012,1.3351941091539263
turkey_u011,indonesia_fma_0005,1.4425552958673502
turkey_u011,indonesia_fma_0017,0.608512449803498
turkey_u011,indonesia_fma_0019,0.8872751038578793
turkey_u011,indonesia_fma_0006,0.9985131647111543
turkey_u012,turkey_modern_0033,0.7448004076496657
turkey_u012,turkey_modern_0089,0.9761537735119696
turkey_u012,turkey_modern_0038,0.9462053512141703
turkey_u012,turkey_modern_0088,2.161398521436529
turkey_u012,turkey_modern_0052,1.180655993794663
turkey_u012,turkey_modern_0134,2.0179130501003497
turkey_u012,turkey_modern_0086,1.3995810537557993
turkey_u012,turkey_modern_0063,1.3637028512346852
turkey_u012,turkey_modern_0002,2.133401841848346
turkey_u012,turkey_modern_0085,1.3355549274103866
turkey_u012,turkey_modern_0146,1.8598695572233475
turkey_u012,turkey_modern_0072,1.3070511905883833
turkey_u012,turkey_modern_0141,0.7507252955941391
turkey_u012,turkey_modern_0042,0.666588520508098
turkey_u012,turkey_modern_0021,0.9342143052882538
turkey_u012,turkey_modern_0006,1.8209123624917543
turkey_u012,turkey_modern_0055,1.2195457671733532
turkey_u012,turkey_modern_0054,1.3583355778934811
turkey_u012,turkey_modern_0060,0.7507367874427707
turkey_u012,turkey_modern_0016,1.6497398596344026
turkey_u012,turkey_modern_0000,1.960948162943367
turkey_u012,turkey_modern_0118,1.6525785959075243
turkey_u012,turkey_modern_0058,2.273459291148653
turkey_u012,turkey_modern_0112,0.6031889003590127
turkey_u012,germany_0013,0.47115426678820366
turkey_u012,germany_0031,1.1250075642053043
turkey_u012,germany_0027,0.8096508794840267
turkey_u012,germany_0048,1.3767890472238553
turkey_u012,germany_0070,1.5208337072967288
turkey_u012,india_saraga_0007,0.5882884768570495
turkey_u012,india_saraga_0064,1.688406573707418
turkey_u012,india_saraga_0033,0.4903959660382365
turkey_u012,india_saraga_0012,1.3793453025225706
turkey_u012,india_saraga_0014,0.9690760344473403
turkey_u012,india_saraga_0065,1.351042937293341
turkey_u012,india_saraga_0022,0.5818090341747103
turkey_u012,india_saraga_0008,1.715058431242365
turkey_u012,turkey_modern_0046,2.1920293862240317
turkey_u012,turkey_modern_0122,1.4709664044537927
turkey_u012,turkey_modern_0079,1.4540333212623744
turkey_u013,turkey_modern_0031,1.8924197086511862
turkey_u013,turkey_modern_0038,2.0407782053667964
turkey_u013,turkey_modern_0119,1.4567249662563067
turkey_u013,turkey_modern_0007,1.6658345133198127
turkey_u013,turkey_modern_0114,0.9875453084297464
turkey_u013,turkey_modern_0146,2.187992206101395
turkey_u013,turkey_modern_0026,1.5546641874065048
turkey_u013,turkey_modern_0130,1.8163184361042075
turkey_u013,turkey_modern_0117,0.7720175187581846
turkey_u013,turkey_modern_0096,1.6736886428170608
turkey_u013,turkey_modern_0148,1.2114383746460946
turkey_u013,turkey_modern_0077,1.3513586321828952
turkey_u013,turkey_modern_0070,1.7517295057906446
turkey_u013,turkey_modern_0030,1.9486650120345672
turkey_u013,turkey_modern_0132,1.1776550361279297
turkey_u013,turkey_modern_0014,2.081333570104738
turkey_u013,turkey_modern_0023,0.9527582747306739
turkey_u013,turkey_modern_0082,1.545999452378016
turkey_u013,turkey_modern_0072,0.8359329535774251
turkey_u013,turkey_modern_0048,1.0739558573803174
turkey_u013,turkey_modern_0073,2.119584784710272
turkey_u013,turkey_modern_0144,0.5949354387292967
turkey_u013,turkey_modern_0127,2.154429300413396
turkey_u013,turkey_modern_0005,1.1414935085014086
turkey_u013,indonesia_gamelan_0041,1.3893238168340634
turkey_u013,indonesia_gamelan_0053,0.5738196974861265
turkey_u013,indonesia_gamelan_0025,1.3157164741544662
turkey_u013,indonesia_gamelan_0030,1.6777727276830046
turkey_u013,indonesia_gamelan_0037,1.1995225992899772
turkey_u013,indonesia_gamelan_0047,0.9388640226826923
turkey_u013,indonesia_gamelan_0044,1.5213297871298617
turkey_u013,indonesia_gamelan_0015,1.4121793229016504
turkey_u013,modern_english_pop_0101,0.6088849572446143
turkey_u013,modern_english_pop_0032,1.3486970747834592
turkey_u013,modern_english_pop_0057,1.3472853922145875
turkey_u013,modern_english_pop_0053,1.4650935759355923
turkey_u013,modern_english_pop_0013,0.8770142679393463
turkey_u013,modern_english_pop_0090,0.9917252752150746
turkey_u013,modern_english_pop_0008,1.746051376323346
turkey_u013,modern_english_pop_0051,1.22416684305002
turkey_u014,turkey_modern_0144,1.1544490987883245
turkey_u014,turkey_modern_0101,0.8539043108929766
turkey_u014,turkey_modern_0057,1.7738027016971167
turkey_u014,turkey_modern_0013,2.039565284061982
turkey_u014,turkey_modern_0098,2.020949021712073
turkey_u014,turkey_modern_0091,1.6557208522194813
turkey_u014,turkey_modern_0133,0.9672775402925037
turkey_u014,turkey_modern_0090,1.1204621935975905
turkey_u014,turkey_modern_0021,1.8767327496204245
turkey_u014,turkey_modern_0044,1.2837230287444503
turkey_u014,turkey_modern_0004,1.8385580468576113
turkey_u014,turkey_modern_0148,1.1088012372231417
turkey_u014,turkey_modern_0136,0.5858989752758625
turkey_u014,turkey_modern_0029,1.6160203615321593
turkey_u014,turkey_modern_0096,1.6115807125568158
turkey_u014,turkey_modern_0126,1.657531827795494
turkey_u014,turkey_modern_0075,1.0376202217006312
turkey_u014,turkey_modern_0019,1.9740973892874907
turkey_u014,turkey_modern_0069,1.41588029698238
turkey_u014,turkey_modern_0109,1.8901191429988613
turkey_u014,turkey_modern_0051,1.6291362260490563
turkey_u014,turkey_modern_0009,1.2927221555340032
turkey_u014,turkey_modern_0071,1.7473563104550556
turkey_u014,turkey_modern_0052,1.5668359391207958
turkey_u014,great_britain_0015,1.139460030087148
turkey_u014,great_britain_0001,1.3255567099910643
turkey_u014,great_britain_0057,0.5660176180953547
turkey_u014,great_britain_0077,1.678852470629829
turkey_u014,great_britain_0088,0.9023607622111864
turkey_u014,great_britain_0025,0.7533355008424897
turkey_u014,great_britain_0051,1.4919250828628403
turkey_u014,great_britain_0104,0.7621495475748996
turkey_u014,india_saraga_0001,1.794288991321431
turkey_u014,india_saraga_0086,1.017664931110648
turkey_u014,india_saraga_0054,0.8504429516952435
turkey_u014,india_saraga_0084,0.5337878480451992
turkey_u014,india_saraga_0105,0.5064356394411572
turkey_u014,india_saraga_0006,0.5784397575394967
turkey_u014,india_saraga_0067,0.4567943188963511
turkey_u014,india_saraga_0013,0.8915714721980195
turkey_u015,turkey_modern_0131,1.8020969391635406
turkey_u015,turkey_modern_0051,0.6326157170945792
turkey_u015,turkey_modern_0066,2.094849924823515
turkey_u015,turkey_modern_0030,1.936637599411081
turkey_u015,turkey_modern_0054,1.948216005255338
turkey_u015,turkey_modern_0034,1.9708545650778213
turkey_u015,turkey_modern_0024,1.579904320154485
turkey_u015,turkey_modern_0037,2.2885819953813895
turkey_u015,turkey_modern_0008,0.8840374423236099
turkey_u015,turkey_modern_0009,0.699779480874389
turkey_u015,turkey_modern_0062,1.789688889854503
turkey_u015,turkey_modern_0002,1.0820417345075586
turkey_u015,turkey_modern_0099,1.624202311279341
turkey_u015,turkey_modern_0085,1.2506852823195034
turkey_u015,turkey_modern_0021,1.150329173414231
turkey_u015,turkey_modern_0146,2.115853877426155
turkey_u015,turkey_modern_0118,0.8200249661055825
turkey_u015,turkey_modern_0020,0.9010002538290446
turkey_u015,turkey_modern_0043,1.727025471200889
turkey_u015,turkey_modern_0057,1.9249867470198487
turkey_u015,turkey_modern_0145,2.010569998673989
turkey_u015,turkey_modern_0103,0.9737332606903844
turkey_u015,turkey_modern_0040,2.0966456465493075
turkey_u015,turkey_modern_0102,1.6264748823323578
turkey_u015,germany_0097,1.5613448655339583
turkey_u015,germany_0082,0.5425046192743466
turkey_u015,germany_0087,0.9318073535803192
turkey_u015,germany_0000,1.158566379062403
turkey_u015,germany_0080,1.228891993986086
turkey_u015,germany_0100,0.5837465979995033
turkey_u015,germany_0099,1.1771886302129368
turkey_u015,germany_0081,1.3484066846755831
turkey_u015,russia_0036,0.9381533657823082
turkey_u015,russia_0056,1.1259979797788515
turkey_u015,russia_0104,0.8449646692194808
turkey_u015,russia_0058,1.6251753670271805
turkey_u015,russia_0096,1.2589289190315356
turkey_u015,russia_0071,1.1942197597834592
turkey_u015,russia_0072,1.7248825249349087
turkey_u015,russia_0009,1.3476575569411475
turkey_u016,turkey_modern_0134,1.5011347890390765
turkey_u016,turkey_modern_0118,1.6026637396062053
turkey_u016,turkey_modern_0003,2.113064823005476
turkey_u016,turkey_modern_0089,1.4393941634126817
turkey_u016,turkey_modern_0101,0.8464760541197729
turkey_u016,turkey_modern_0111,0.8855981546102769
turkey_u016,turkey_modern_0117,0.8507712969529183
turkey_u016,turkey_modern_0119,2.1939726577458427
turkey_u016,turkey_modern_0141,1.9435964689467025
turkey_u016,turkey_modern_0083,1.9977215679020925
turkey_u016,turkey_modern_0095,2.024747819948033
turkey_u016,turkey_modern_0139,0.739969758467621
turkey_u016,turkey_modern_0021,1.7862550769132808
turkey_u016,turkey_modern_0098,1.7899808291004933
turkey_u016,turkey_modern_0013,0.9628174461805349
turkey_u016,turkey_modern_0081,1.4213984536626842
turkey_u016,turkey_modern_0124,1.717693275104386
turkey_u016,turkey_modern_0073,2.1229053536742875
turkey_u016,turkey_modern_0002,0.7654840063542216
turkey_u016,turkey_modern_0132,2.1140331906614453
turkey_u016,turkey_modern_0099,2.1661658173743725
turkey_u016,turkey_modern_0050,2.1682269650714816
turkey_u016,turkey_modern_0075,0.5833401888814325
turkey_u016,turkey_modern_0010,0.9562228830020624
turkey_u016,china_opencpop_0019,1.3831810686342512
turkey_u016,china_opencpop_0028,0.8843487043341748
turkey_u016,china_opencpop_0038,0.5324624435464148
turkey_u016,china_opencpop_0043,1.4799718087415155
turkey_u016,china_opencpop_0016,0.4885994598278673
turkey_u016,china_opencpop_0009,1.0521287927083944
turkey_u016,china_opencpop_0027,1.7292277225199104
turkey_u016,china_opencpop_0047,1.0443143155915144
turkey_u016,germany_0064,1.6810478352937888
turkey_u016,germany_0029,1.0021557320044476
turkey_u016,germany_0034,0.9180262472876454
turkey_u016,germany_0004,0.5949667835086816
turkey_u016,germany_0038,0.933422727186719
turkey_u016,germany_0039,0.9049317615294387
turkey_u016,germany_0060,1.5928441010689298
turkey_u016,germany_0090,1.6918854851915812
turkey_u017,turkey_modern_0002,1.055078197431331
turkey_u017,turkey_modern_0073,2.294663096015211
turkey_u017,turkey_modern_0105,0.8859265789105745
turkey_u017,turkey_modern_0043,1.1846466841773444
turkey_u017,turkey_modern_0062,2.1884340385866627
turkey_u017,turkey_modern_0016,1.2141854420626643
turkey_u017,turkey_modern_0078,0.9369677504455197
turkey_u017,turkey_modern_0063,0.6776152569413202
turkey_u017,turkey_modern_0030,0.8319529117706344
turkey_u017,turkey_modern_0061,1.1877604345540453
turkey_u017,turkey_modern_0136,1.3016252905085228
turkey_u017,turkey_modern_0082,1.5107282068749133
turkey_u017,turkey_modern_0041,1.9784392905593866
turkey_u017,turkey_modern_0039,0.5981406159367126
turkey_u017,turkey_modern_0147,2.025925326372745
turkey_u017,turkey_modern_0064,1.5707551167148632
turkey_u017,turkey_modern_0035,1.8799246505407656
turkey_u017,turkey_modern_0065,1.8807891557204792
turkey_u017,turkey_modern_0012,2.1330246218050677
turkey_u017,turkey_modern_0076,0.7360808602392505
turkey_u017,turkey_modern_0000,1.5608638724147983
turkey_u017,turkey_modern_0140,2.1430759364810656
turkey_u017,turkey_modern_0001,1.815630891715928
turkey_u017,turkey_modern_0053,0.7416089723315279
turkey_u017,china_opencpop_0021,1.278851819687672
turkey_u017,china_opencpop_0030,1.529839227421275
turkey_u017,china_opencpop_0014,0.8210634115126934
turkey_u017,china_opencpop_0049,1.3038658672725638
turkey_u017,china_opencpop_0046,1.5845564988820948
turkey_u017,china_opencpop_0000,1.1572203904760088
turkey_u017,china_opencpop_0027,0.7121527211413247
turkey_u017,china_opencpop_0029,1.1920708648576046
turkey_u017,russia_0055,1.2438053097591806
turkey_u017,russia_0025,0.9938512425159807
turkey_u017,russia_0017,1.3674824431122563
turkey_u017,russia_0005,1.0349994078293323
turkey_u017,russia_0067,1.63449686833354
turkey_u017,russia_0033,1.5186943811414457
turkey_u017,russia_0045,1.5364420188963526
turkey_u017,russia_0040,1.1602035521189353
turkey_u018,turkey_modern_0093,1.5126802410975408
turkey_u018,turkey_modern_0092,0.6683015807127006
turkey_u018,turkey_modern_0140,0.6969507828469509
turkey_u018,turkey_modern_0009,1.4124291780112581
turkey_u018,turkey_modern_0058,1.4371951071394877
turkey_u018,turkey_modern_0001,1.1597659832407758
turkey_u018,turkey_modern_0067,1.6475557655879094
turkey_u018,turkey_modern_0000,1.2431932445795144
turkey_u018,turkey_modern_0003,1.587506998797403
turkey_u018,turkey_modern_0010,1.178379017014369
turkey_u018,turkey_modern_0125,1.8083180140367328
turkey_u018,turkey_modern_0132,1.574268552617754
turkey_u018,turkey_modern_0007,0.8510751183028425
turkey_u018,turkey_modern_0071,1.7588137751815667
turkey_u018,turkey_modern_0043,1.9272894663702156
turkey_u018,turkey_modern_0106,0.6886327672242426
turkey_u018,turkey_modern_0017,1.6271820268935513
turkey_u018,turkey_modern_0128,1.93849115662255
turkey_u018,turkey_modern_0056,0.7727762486680909
turkey_u018,turkey_modern_0149,2.1303504240429283
turkey_u018,turkey_modern_0008,1.290527906286004
turkey_u018,turkey_modern_0065,1.8477736913952887
turkey_u018,turkey_modern_0044,2.125860985780486
turkey_u018,turkey_modern_0147,2.282124085251238
turkey_u018,china_ctis_0062,1.2382988364422411
turkey_u018,china_ctis_0042,1.4007698034792582
turkey_u018,china_ctis_0060,0.7897945600585168
turkey_u018,china_ctis_0046,0.8415626024502721
turkey_u018,china_ctis_0064,1.5985387263185031
turkey_u018,china_ctis_0008,0.9876292699306584
turkey_u018,china_ctis_0015,1.560285838477851
turkey_u018,china_ctis_0059,0.5183056996269113
turkey_u018,france_0005,0.7446421194204318
turkey_u018,france_0084,0.6796270201097064
turkey_u018,france_0104,1.1615410840983176
turkey_u018,france_0009,0.55871623920145
turkey_u018,france_0041,0.914225090518766
turkey_u018,france_0040,1.781430898298305
turkey_u018,france_0088,1.5221931345455024
turkey_u018,france_0054,1.476798407441948
turkey_u019,turkey_modern_0136,1.3083688816075454
turkey_u019,turkey_modern_0027,0.5939309709599747
turkey_u019,turkey_modern_0095,1.7601356514648479
turkey_u019,turkey_modern_0037,1.1659233183780344
turkey_u019,turkey_modern_0014,0.8368773468445866
turkey_u019,turkey_modern_0128,0.8460126394897728
turkey_u019,turkey_modern_0142,1.9018079963090289
turkey_u019,turkey_modern_0138,0.8982467567664603
turkey_u019,turkey_modern_0006,1.4100695642952372
turkey_u019,turkey_modern_0057,2.248921645407563
turkey_u019,turkey_modern_0089,1.8839622538228893
turkey_u019,turkey_modern_0099,1.518909044032915
turkey_u019,turkey_modern_0046,1.4862749832767441
turkey_u019,turkey_modern_0101,0.8636398366679143
turkey_u019,turkey_modern_0060,1.3450806669013473
turkey_u019,turkey_modern_0107,0.8249519029884286
turkey_u019,turkey_modern_0087,0.7191791487735499
turkey_u019,turkey_modern_0011,0.7632617320296795
turkey_u019,turkey_modern_0093,1.6214042452243171
turkey_u019,turkey_modern_0050,0.9088788952642021
turkey_u019,turkey_modern_0002,0.8326210133596196
turkey_u019,turkey_modern_0125,2.070800909617303
turkey_u019,turkey_modern_0094,0.7854723615794311
turkey_u019,turkey_modern_0028,1.7922205714926784
turkey_u019,france_0098,1.0129503538989852
turkey_u019,france_0011,1.231757645982695
turkey_u019,france_0049,0.4815298095709612
turkey_u019,france_0002,0.45002597334738137
turkey_u019,france_0090,1.553285534425548
turkey_u019,france_0081,1.0918455639881846
turkey_u019,france_0064,0.5462643642064102
turkey_u019,france_0017,0.9136657393072403
turkey_u019,germany_0001,1.1335784889385605
turkey_u019,germany_0018,0.6329161937434497
turkey_u019,germany_0040,1.1875562321996758
turkey_u019,germany_0055,1.1638134717803068
turkey_u019,germany_0069,1.263827474564705
turkey_u019,germany_0043,1.5438534370948422
turkey_u019,germany_0014,1.0072513980722635
turkey_u019,germany_0020,1.649556038421096
turkey_u020,turkey_modern_0117,0.7498978228119811
turkey_u020,turkey_modern_0116,1.5923151764807753
turkey_u020,turkey_modern_0002,1.9045559307094018
turkey_u020,turkey_modern_0132,1.5437112069972072
turkey_u020,turkey_modern_0080,1.098631974894788
turkey_u020,turkey_modern_0012,1.8165426126373945
turkey_u020,turkey_modern_0058,1.3477525557201715
turkey_u020,turkey_modern_0123,1.0693661997292594
turkey_u020,turkey_modern_0039,2.025870741842109
turkey_u020,turkey_modern_0088,1.569494897428907
turkey_u020,turkey_modern_0001,1.0639477963538502
turkey_u020,turkey_modern_0000,1.141842476700135
turkey_u020,turkey_modern_0078,1.5611223240387129
turkey_u020,turkey_modern_0081,1.3045431996361174
turkey_u020,turkey_modern_0144,0.8518954787818418
turkey_u020,turkey_modern_0075,1.6280606333763377
turkey_u020,turkey_modern_0133,1.763714863940123
turkey_u020,turkey_modern_0129,0.5751876735889245
turkey_u020,turkey_modern_0086,1.5010995702610848
turkey_u020,turkey_modern_0014,1.5706035527974276
turkey_u020,turkey_modern_0052,1.14781049354497
turkey_u020,turkey_modern_0084,1.1593114218407807
turkey_u020,turkey_modern_0146,1.1229615720180783
turkey_u020,turkey_modern_0110,1.3431909178657755
turkey_u020,china_opencpop_0016,1.5461188364600549
turkey_u020,china_opencpop_0029,1.0831851905754537
turkey_u020,china_opencpop_0027,1.791425754019432
turkey_u020,china_opencpop_0047,0.9578142109352246
turkey_u020,china_opencpop_0049,1.394004045825862
turkey_u020,china_opencpop_0019,1.1911036563775308
turkey_u020,china_opencpop_0040,1.4790896385154477
turkey_u020,china_opencpop_0024,1.6492921681631805
turkey_u020,india_saraga_0106,1.1407724457124286
turkey_u020,india_saraga_0077,1.1175469323911726
turkey_u020,india_saraga_0084,1.7226706903562519
turkey_u020,india_saraga_0068,1.7104404230505186
turkey_u020,india_saraga_0041,1.7959455849508568
turkey_u020,india_saraga_0057,0.6612424856385232
turkey_u020,india_saraga_0080,0.45481777690762465
turkey_u020,india_saraga_0039,1.0403689077986906
turkey_u021,turkey_modern_0044,1.087270164693848
turkey_u021,turkey_modern_0055,1.7298572625046624
turkey_u021,turkey_modern_0048,1.0837281733072315
turkey_u021,turkey_modern_0040,1.1180200154301108
turkey_u021,turkey_modern_0043,0.9369304116880265
turkey_u021,turkey_modern_0086,2.271911758627286
turkey_u021,turkey_modern_0099,0.6027212504113922
turkey_u021,turkey_modern_0028,0.79451044841132
turkey_u021,turkey_modern_0098,2.0176005621244943
turkey_u021,turkey_modern_0117,0.813328991254399
turkey_u021,turkey_modern_0076,1.059202138598351
turkey_u021,turkey_modern_0128,1.0283040702789619
turkey_u021,turkey_modern_0059,1.7773001293948454
turkey_u021,turkey_modern_0104,1.2843220321186963
turkey_u021,turkey_modern_0118,2.0250139940384564
turkey_u021,turkey_modern_0069,1.8643119126499026
turkey_u021,turkey_modern_0000,1.4911497963334828
turkey_u021,turkey_modern_0025,1.004631562942903
turkey_u021,turkey_modern_0009,1.941922446449654
turkey_u021,turkey_modern_0053,2.0688337058130237
turkey_u021,turkey_modern_0031,2.0175873316623436
turkey_u021,turkey_modern_0049,0.6642062491298409
turkey_u021,turkey_modern_0079,1.7789787279256335
turkey_u021,turkey_modern_0065,1.7892941475865827
turkey_u021,germany_0035,1.723151978859831
turkey_u021,germany_0084,0.8056957950841952
turkey_u021,germany_0103,1.5115682198383995
turkey_u021,germany_0087,1.3802802752191228
turkey_u021,germany_0026,1.6362814111049695
turkey_u021,germany_0102,1.3859658409240663
turkey_u021,germany_0094,1.6008136245901512
turkey_u021,germany_0091,0.9354267184999426
turkey_u021,india_saraga_0068,0.6627929679883383
turkey_u021,india_saraga_0038,0.9405252467719978
turkey_u021,india_saraga_0047,1.5503197799410804
turkey_u021,india_saraga_0016,0.6277274698661407
turkey_u021,india_saraga_0012,1.3112259920483553
turkey_u021,india_saraga_0020,1.7832006744992515
turkey_u021,india_saraga_0059,1.6582700823239847
turkey_u021,india_saraga_0002,1.3560974932440828
turkey_u022,turkey_modern_0014,1.6244431114159912
turkey_u022,turkey_modern_0143,1.8530219018276368
turkey_u022,turkey_modern_0142,1.2195222434914343
turkey_u022,turkey_modern_0064,1.8650910292989906
turkey_u022,turkey_modern_0109,1.491063566057952
turkey_u022,turkey_modern_0105,1.0948393249568984
turkey_u022,turkey_modern_0047,1.6609241190638773
turkey_u022,turkey_modern_0104,1.2459345505157635
turkey_u022,turkey_modern_0120,1.9322739943228076
turkey_u022,turkey_modern_0097,0.580313048156581
turkey_u022,turkey_modern_0136,1.9863572500194622
turkey_u022,turkey_modern_0134,1.1038423537405613
turkey_u022,turkey_modern_0017,2.2303558220029664
turkey_u022,turkey_modern_0038,1.8845593966520267
turkey_u022,turkey_modern_0075,0.9907944912209861
turkey_u022,turkey_modern_0140,2.2634285488118047
turkey_u022,turkey_modern_0084,1.4367765211943446
turkey_u022,turkey_modern_0025,1.4770435502814308
turkey_u022,turkey_modern_0099,2.1439187813119176
turkey_u022,turkey_modern_0041,2.1592452914060796
turkey_u022,turkey_modern_0124,1.7771223197736916
turkey_u022,turkey_modern_0015,2.2628256282448875
turkey_u022,turkey_modern_0069,1.1423012840382927
turkey_u022,turkey_modern_0144,0.9757806080933341
turkey_u022,india_saraga_0004,0.48949657395372753
turkey_u022,india_saraga_0073,0.9175656669450132
turkey_u022,india_saraga_0020,1.2635550134713145
turkey_u022,india_saraga_0036,0.8622617173874514
turkey_u022,india_saraga_0051,1.2324873471283277
turkey_u022,india_saraga_0093,0.5153207654212213
turkey_u022,india_saraga_0030,0.928022937272412
turkey_u022,india_saraga_0039,1.4598066237489378
turkey_u022,modern_english_pop_0013,0.5908412612578056
turkey_u022,modern_english_pop_0063,1.415030565134946
turkey_u022,modern_english_pop_0107,1.4804700025628101
turkey_u022,modern_english_pop_0061,1.2178280373077794
turkey_u022,modern_english_pop_0003,1.646218196645809
turkey_u022,modern_english_pop_0102,1.738660741504629
turkey_u022,modern_english_pop_0113,0.496814601987511
turkey_u022,modern_english_pop_0047,1.36676208249523
turkey_u023,turkey_modern_0039,1.5093944304181557
turkey_u023,turkey_modern_0095,1.5738770885496611
turkey_u023,turkey_modern_0016,1.3648967875370783
turkey_u023,turkey_modern_0064,1.3677431944463958
turkey_u023,turkey_modern_0105,1.8741702695843279
turkey_u023,turkey_modern_0094,1.0745084821852025
turkey_u023,turkey_modern_0131,0.9850632360654206
turkey_u023,turkey_modern_0013,2.048709224354908
turkey_u023,turkey_modern_0003,1.7639800683102467
turkey_u023,turkey_modern_0002,1.3975946246679514
turkey_u023,turkey_modern_0093,1.0500733240461622
turkey_u023,turkey_modern_0081,0.8106036387731169
turkey_u023,turkey_modern_0111,0.6395515643937093
turkey_u023,turkey_modern_0148,2.0453302425348916
turkey_u023,turkey_modern_0076,1.598589989910155
turkey_u023,turkey_modern_0116,0.6540558752729918
turkey_u023,turkey_modern_0079,0.8485632613684514
turkey_u023,turkey_modern_0007,1.0572483625643114
turkey_u023,turkey_modern_0138,1.028798488806329
turkey_u023,turkey_modern_0030,1.520974456406689
turkey_u023,turkey_modern_0080,1.2640402499973422
turkey_u023,turkey_modern_0083,2.0968236423518922
turkey_u023,turkey_modern_0051,1.8159834585484917
turkey_u023,turkey_modern_0106,2.146013682059887
turkey_u023,india_saraga_0099,1.6148051439652604
turkey_u023,india_saraga_0026,1.6938483302161649
turkey_u023,india_saraga_0034,1.773015457889832
turkey_u023,india_saraga_0066,0.8707901913802746
turkey_u023,india_saraga_0058,0.7330688152024409
turkey_u023,india_saraga_0010,0.6729556889912532
turkey_u023,india_saraga_0106,1.2979194277713089
turkey_u023,india_saraga_0087,1.3693050425381403
turkey_u023,germany_0049,0.5685806171843729
turkey_u023,germany_0065,1.5584466555890562
turkey_u023,germany_0016,1.5071398174481827
turkey_u023,germany_0061,1.298439809827815
turkey_u023,germany_0020,1.0380768472840052
turkey_u023,germany_0071,0.6574373393075945
turkey_u023,germany_0008,1.1325495657580475
turkey_u023,germany_0017,0.664878548981004
