user_id,track_id,weight
china_u000,china_opencpop_0043,1.155727878308496
china_u000,china_opencpop_0016,1.749017294086756
china_u000,china_opencpop_0026,1.5503976530033736
china_u000,china_opencpop_0017,0.9685499620730615
china_u000,china_opencpop_0003,1.7483897020928016
china_u000,china_opencpop_0046,1.7071465362452027
china_u000,china_opencpop_0038,1.0812175685452616
china_u000,china_opencpop_0010,0.9324921558953662
china_u000,china_opencpop_0012,1.5237432559624633
china_u000,china_opencpop_0014,0.7096287254139647
china_u000,china_opencpop_0018,0.7998623037126624
china_u000,china_opencpop_0030,0.5110434046265082
china_u000,china_opencpop_0008,1.6803865662532076
china_u000,china_opencpop_0031,1.497276284888048
china_u000,china_opencpop_0041,1.5577480679395026
china_u000,china_opencpop_0039,1.6710935465329517
china_u000,china_opencpop_0028,1.18837366330751
china_u000,china_opencpop_0042,1.3531117939293407
china_u000,china_opencpop_0011,0.7096954971914862
china_u000,china_opencpop_0019,0.6717951103039601
china_u000,china_opencpop_0015,1.5026044426857075
china_u000,china_opencpop_0045,1.2066443092146988
china_u000,china_opencpop_0027,1.3478541597217832
china_u000,china_opencpop_0006,1.6474982861240384
china_u000,china_opencpop_0036,1.4520774800008862
china_u000,china_opencpop_0007,1.3303691009869938
china_u000,china_opencpop_0048,1.3388107411181203
china_u000,china_opencpop_0047,0.9559251470939183
china_u000,china_opencpop_0020,0.546226751851909
china_u000,china_opencpop_0001,1.1550760838485434
china_u000,china_opencpop_0033,0.8218770092292937
china_u000,china_opencpop_0022,1.1127929655869542
china_u000,china_opencpop_0032,1.7801046099022493
china_u000,china_opencpop_0049,0.8509092287980111
china_u000,china_opencpop_0013,0.587454112533599
china_u000,china_opencpop_0002,0.9220758380329948
china_u000,china_opencpop_0005,0.9403906366500254
china_u000,china_opencpop_0023,1.4928747720903426
china_u000,china_opencpop_0037,1.3355482285119176
china_u000,china_opencpop_0009,1.6758473136596201
china_u001,china_jingju_0013,1.440963261053665
china_u001,china_jingju_0071,1.3761469533691033
china_u001,china_jingju_0041,1.47476990233223
china_u001,china_jingju_0000,0.6266664817098336
china_u001,china_jingju_0002,1.1237111032559144
china_u001,china_jingju_0011,0.5624212607928387
china_u001,china_jingju_0044,1.2409862288667783
china_u001,china_jingju_0035,0.994791818499178
china_u001,china_jingju_0016,0.7167862832990703
china_u001,china_jingju_0060,0.6551044515838275
china_u001,china_jingju_0077,1.3814668582665681
china_u001,china_jingju_0038,0.7558894528053292
china_u001,china_jingju_0033,1.887680177565196
china_u001,china_jingju_0027,1.3715917095505925
china_u001,china_jingju_0008,1.0203047068022557
china_u001,china_jingju_0052,1.3863732372221251
china_u001,china_jingju_0030,0.5342058065445463
china_u001,china_jingju_0063,1.937838819862168
china_u001,china_jingju_0074,1.2234551554143502
china_u001,china_jingju_0057,1.6741028408754293
china_u001,china_jingju_0080,0.6240949998836578
china_u001,china_jingju_0019,1.2299874962572406
china_u001,china_jingju_0068,1.2360604915317814
china_u001,china_jingju_0022,1.9067396824624743
china_u001,china_jingju_0005,1.3575920785641131
china_u001,china_jingju_0066,1.2102341015854308
china_u001,china_jingju_0024,0.9004634946378404
china_u001,china_jingju_0046,0.9973534960138283
china_u001,china_jingju_0049,1.2810086037073067
china_u001,china_jingju_0055,1.15836719045757
china_u001,china_opencpop_0011,0.5324181198204956
china_u001,china_opencpop_0026,1.7394378862915367
china_u001,china_ctis_0062,1.84424115775965
china_u001,china_opencpop_0015,0.7103736334979162
china_u001,china_ctis_0049,1.331054215308574
china_u001,china_opencpop_0001,0.6628636117031653
china_u001,china_opencpop_0030,1.5083601395597175
china_u001,china_ctis_0034,0.9218506757585125
china_u001,china_ctis_0022,1.4891339520378526
china_u001,china_ctis_0013,1.590491921430324
china_u002,china_jingju_0030,0.7946519985718599
china_u002,china_jingju_0022,0.9654855093501422
china_u002,china_jingju_0024,1.6661072573617663
china_u002,china_jingju_0066,1.957739639091451
china_u002,china_jingju_0055,1.2511117793035136
china_u002,china_jingju_0068,0.7158462538268762
china_u002,china_jingju_0077,0.5209044315623024
china_u002,china_jingju_0005,0.8444840449982829
china_u002,china_jingju_0033,0.6977333266797816
china_u002,china_jingju_0000,1.5164880104192862
china_u002,china_jingju_0044,0.6827487569427967
china_u002,china_jingju_0080,1.2594948974309494
china_u002,china_jingju_0016,1.5413936534643298
china_u002,china_jingju_0052,1.3716749138313535
china_u002,china_jingju_0035,0.7996634774900864
china_u002,china_jingju_0057,1.706186789273394
china_u002,china_jingju_0046,1.5731106944237025
china_u002,china_jingju_0041,1.6084760058733125
china_u002,china_jingju_0074,0.6965866273359699
china_u002,china_jingju_0071,0.6856307054755169
china_u002,china_jingju_0049,1.8913438265097615
china_u002,china_jingju_0008,1.096367290737411
china_u002,china_jingju_0060,0.9514230376714097
china_u002,china_jingju_0063,1.2328760680272999
china_u002,china_jingju_0027,1.4942963191453735
china_u002,china_jingju_0019,1.9334348855704548
china_u002,china_jingju_0002,0.9296693403230825
china_u002,china_jingju_0038,1.8872126439680406
china_u002,china_jingju_0011,0.5372892370793845
china_u002,china_jingju_0013,1.332797063490237
china_u002,china_opencpop_0014,1.4509626675216276
china_u002,china_opencpop_0038,0.6588461056261299
china_u002,china_ctis_0000,0.710509395595869
china_u002,china_ctis_0028,1.1286714789744559
china_u002,china_ctis_0026,1.9493478682147725
china_u002,china_ctis_0003,1.3940638298515593
china_u002,china_opencpop_0040,1.8995348324003167
china_u002,china_ctis_0040,1.706541373419456
china_u002,china_ctis_0007,1.2010724023329373
china_u002,china_ctis_0013,1.6771451738782812
china_u003,china_jingju_0035,1.2567893555333451
china_u003,china_jingju_0052,1.8125074133519128
china_u003,china_jingju_0080,1.7766974402333089
china_u003,china_jingju_0011,0.5652125930191879
china_u003,china_jingju_0000,0.7722476143947861
china_u003,china_jingju_0033,0.855117306656594
china_u003,china_jingju_0071,0.8740813637483178
china_u003,china_jingju_0074,1.356848977614159
china_u003,china_jingju_0060,1.1243936385547884
china_u003,china_jingju_0024,0.573881179891391
china_u003,china_jingju_0030,1.0604212076893573
china_u003,china_jingju_0008,1.2856294230764558
china_u003,china_jingju_0044,0.652507854355574
china_u003,china_jingju_0038,1.7501878306828396
china_u003,china_jingju_0063,0.5779427996976564
china_u003,china_jingju_0013,1.887262803527093
china_u003,china_jingju_0027,0.6486697123698133
china_u003,china_jingju_0022,1.765362427396629
china_u003,china_jingju_0002,1.8539797158914255
china_u003,china_jingju_0046,1.969356020879889
china_u003,china_jingju_0005,1.7030388204103903
china_u003,china_jingju_0057,1.6692163111569933
china_u003,china_jingju_0066,1.4637249139933215
china_u003,china_jingju_0055,1.6684945318671935
china_u003,china_jingju_0049,0.7018283126197207
china_u003,china_jingju_0068,1.304102053921456
china_u003,china_jingju_0016,1.2713343052856216
china_u003,china_jingju_0077,1.7863582161838363
china_u003,china_jingju_0019,1.1941990483902738
china_u003,china_jingju_0041,1.0776342441505302
china_u003,china_ctis_0006,1.4593449068556652
china_u003,china_opencpop_0030,0.8996949762512692
china_u003,china_ctis_0012,0.7096526164309354
china_u003,china_ctis_0048,1.2168159110356187
china_u003,china_opencpop_0013,1.1253340528923275
china_u003,china_ctis_0022,0.8488549107933105
china_u003,china_ctis_0019,1.051267715172692
china_u003,china_ctis_0002,1.049588674739371
china_u003,china_ctis_0058,0.9912433466188182
china_u003,china_ctis_0016,1.0691961195903934
china_u004,china_opencpop_0028,1.6988670747681
china_u004,china_opencpop_0005,1.2382298233631437
china_u004,china_opencpop_0024,1.3993901622839184
china_u004,china_opencpop_0019,1.8968543535351527
china_u004,china_opencpop_0015,0.6796003827516842
china_u004,china_opencpop_0038,0.6756553488501658
china_u004,china_opencpop_0047,0.6315635178661526
china_u004,china_opencpop_0045,1.4867949275607917
china_u004,china_opencpop_0001,1.1279124511855692
china_u004,china_opencpop_0033,1.6614821242127649
china_u004,china_opencpop_0025,1.506847119962889
china_u004,china_opencpop_0027,1.0004566374923574
china_u004,china_opencpop_0003,1.8475498210423036
china_u004,china_opencpop_0009,1.6437982206059785
china_u004,china_opencpop_0017,0.9058024113652636
china_u004,china_opencpop_0004,1.046288026658081
china_u004,china_opencpop_0007,0.9716599703063944
china_u004,china_opencpop_0006,0.7364174729374995
china_u004,china_opencpop_0023,0.7216750588132874
china_u004,china_opencpop_0037,1.9041911950636161
china_u004,china_opencpop_0002,1.15685605579813
china_u004,china_opencpop_0044,1.0749797341661147
china_u004,china_opencpop_0031,1.5945285630160668
china_u004,china_opencpop_0046,1.32948959787935
china_u004,china_opencpop_0049,1.9042099802576933
china_u004,china_opencpop_0030,1.6704522408640883
china_u004,china_opencpop_0012,1.2190543461868106
china_u004,china_opencpop_0026,1.0645392102212394
china_u004,china_opencpop_0021,1.979947317386483
china_u004,china_opencpop_0034,1.5766403540054652
china_u004,china_opencpop_0010,1.9267919900057617
china_u004,china_opencpop_0040,0.677717865825562
china_u004,china_opencpop_0041,1.7758005187861738
china_u004,china_opencpop_0014,1.4556108259868115
china_u004,china_opencpop_0035,0.6828825175026689
china_u004,china_opencpop_0043,1.382386999953831
china_u004,china_opencpop_0016,1.529144547658173
china_u004,china_opencpop_0011,0.5184540288329043
china_u004,china_opencpop_0020,1.18147694276262
china_u004,china_opencpop_0039,1.7380992667944817
china_u005,china_ctis_0015,1.2567964852894797
china_u005,china_ctis_0043,1.6177821924932667
china_u005,china_ctis_0033,1.445017766864598
china_u005,china_ctis_0002,1.7766966496429024
china_u005,china_ctis_0012,0.7328194886616364
china_u005,china_ctis_0054,1.6019316379027424
china_u005,china_ctis_0009,0.7895622363033561
china_u005,china_ctis_0059,0.9061381269767004
china_u005,china_ctis_0062,1.564857045921956
china_u005,china_ctis_0038,1.9703071773480227
china_u005,china_ctis_0032,1.4173154089656044
china_u005,china_ctis_0025,0.5817504724869433
china_u005,china_ctis_0029,1.424463454891299
china_u005,china_ctis_0050,0.5635258273702506
china_u005,china_ctis_0039,1.8262185670502258
china_u005,china_ctis_0004,1.564367427650931
china_u005,china_ctis_0020,0.7596917696337548
china_u005,china_ctis_0052,0.637581508736297
china_u005,china_ctis_0053,0.7752998433204785
china_u005,china_ctis_0036,1.9700407693312887
china_u005,china_ctis_0031,1.1878409636877347
china_u005,china_ctis_0000,1.676121422512112
china_u005,china_ctis_0034,1.4546125131616652
china_u005,china_ctis_0035,1.358619724937956
china_u005,china_ctis_0049,0.7176953819975745
china_u005,china_ctis_0001,1.9190366803371426
china_u005,china_ctis_0058,0.9520139487720769
china_u005,china_ctis_0063,1.3670258237113133
china_u005,china_ctis_0013,1.549663916883599
china_u005,china_ctis_0060,1.4738497328679634
china_u005,china_ctis_0014,1.9108916145432777
china_u005,china_ctis_0026,0.722658484880087
china_u005,china_ctis_0055,1.262529107670413
china_u005,china_ctis_0005,1.1060515861111488
china_u005,china_ctis_0028,1.2112530942239272
china_u005,china_ctis_0057,0.6788262892966169
china_u005,china_ctis_0007,0.701141914809148
china_u005,china_ctis_0017,0.9171133186718861
china_u005,china_ctis_0064,0.957056905641247
china_u005,china_ctis_0056,1.141854820522025
china_u006,china_jingju_0038,0.9708400547029838
china_u006,china_jingju_0000,1.6140388500876286
china_u006,china_jingju_0013,0.5220242653401062
china_u006,china_jingju_0066,1.7407601367810297
china_u006,china_jingju_0005,1.7848220353618371
china_u006,china_jingju_0057,1.0583923597873222
china_u006,china_jingju_0008,0.7304193485909523
china_u006,china_jingju_0035,1.4012606119176212
china_u006,china_jingju_0063,0.6795088337973415
china_u006,china_jingju_0002,1.0473790416173787
china_u006,china_jingju_0060,1.9376437713514587
china_u006,china_jingju_0044,1.9931967088754556
china_u006,china_jingju_0074,1.6581573370318785
china_u006,china_jingju_0077,0.9664422648811493
china_u006,china_jingju_0019,1.5314975737491388
china_u006,china_jingju_0041,1.558109548226019
china_u006,china_jingju_0068,1.0817625427454747
china_u006,china_jingju_0055,1.461332951879239
china_u006,china_jingju_0030,0.5160914674635144
china_u006,china_jingju_0027,0.8135864879033622
china_u006,china_jingju_0024,1.2876324544508917
china_u006,china_jingju_0011,0.7456269563874438
china_u006,china_jingju_0033,0.7488603018148005
china_u006,china_jingju_0071,1.754456435825357
china_u006,china_jingju_0052,1.9836995040254082
china_u006,china_jingju_0016,1.3339541420426726
china_u006,china_jingju_0022,1.75860459632257
china_u006,china_jingju_0080,1.9854824964894089
china_u006,china_jingju_0049,0.712393832853162
china_u006,china_jingju_0046,1.1723684198815265
china_u006,china_ctis_0054,1.0888590737628798
china_u006,china_ctis_0012,0.6200739254692775
china_u006,china_ctis_0041,1.6329952591921166
china_u006,china_ctis_0004,1.1506685409838895
china_u006,china_opencpop_0025,1.203990401285602
china_u006,china_ctis_0055,0.7260094607198603
china_u006,china_opencpop_0034,0.7713899783463022
china_u006,china_ctis_0033,1.8606554332343226
china_u006,china_ctis_0006,0.5669736334614184
china_u006,china_ctis_0008,0.8492784274155594
china_u007,china_opencpop_0005,1.554550198548339
china_u007,china_opencpop_0017,1.4506546596038945
china_u007,china_opencpop_0002,1.9727089213138032
china_u007,china_opencpop_0027,1.430536564487066
china_u007,china_opencpop_0026,1.2162588104415992
china_u007,china_opencpop_0030,1.6421488447760115
china_u007,china_opencpop_0031,1.8549918079460797
china_u007,china_opencpop_0033,1.5810439200775273
china_u007,china_opencpop_0024,1.9448168353240693
china_u007,china_opencpop_0021,1.6730077561072658
china_u007,china_opencpop_0019,1.8002021573928897
china_u007,china_opencpop_0043,0.6711561067754558
china_u007,china_opencpop_0000,1.5986202544906816
china_u007,china_opencpop_0028,1.1601330492910529
china_u007,china_opencpop_0037,1.3296557036169128
china_u007,china_opencpop_0042,1.481153614223535
china_u007,china_opencpop_0011,1.9547226750583542
china_u007,china_opencpop_0016,1.976867122147437
china_u007,china_opencpop_0045,0.9323423682318579
china_u007,china_opencpop_0013,1.6006302461568742
china_u007,china_opencpop_0001,1.624975306902903
china_u007,china_opencpop_0044,1.0197392919695731
china_u007,china_opencpop_0038,0.6858046622963315
china_u007,china_opencpop_0047,0.5614204404285796
china_u007,china_opencpop_0012,1.666014691293768
china_u007,china_opencpop_0020,1.2345496127253588
china_u007,china_opencpop_0003,1.9783102542423894
china_u007,china_opencpop_0006,1.1974601842904795
china_u007,china_opencpop_0015,1.9668754686107603
china_u007,china_opencpop_0041,1.1173640032910899
china_u007,china_opencpop_0036,1.690523225839959
china_u007,china_opencpop_0014,0.627228908467748
china_u007,china_opencpop_0029,1.3331925652066459
china_u007,china_opencpop_0048,1.7030896804785862
china_u007,china_opencpop_0023,1.887052500829833
china_u007,china_opencpop_0034,1.7338746359261474
china_u007,china_opencpop_0008,0.5554560908017614
china_u007,china_opencpop_0032,1.0590535119601012
china_u007,china_opencpop_0018,0.5730477084707769
china_u007,china_opencpop_0040,0.663923436671837
china_u008,china_jingju_0027,1.088553639382691
china_u008,china_jingju_0063,1.8729481404283321
china_u008,china_jingju_0038,1.2453748941955243
china_u008,china_jingju_0005,0.7015503699695922
china_u008,china_jingju_0000,1.0480676947987002
china_u008,china_jingju_0011,0.6007500032716504
china_u008,china_jingju_0060,0.8029685565331723
china_u008,china_jingju_0035,0.5265031714998682
china_u008,china_jingju_0080,1.179919874750245
china_u008,china_jingju_0033,1.4518103974276957
china_u008,china_jingju_0008,1.0149386935683617
china_u008,china_jingju_0002,1.1305726572579156
china_u008,china_jingju_0074,1.938813909266864
china_u008,china_jingju_0077,1.6279446823623733
china_u008,china_jingju_0022,1.3112849554174268
china_u008,china_jingju_0057,0.9268113126677379
china_u008,china_jingju_0066,1.845495198159493
china_u008,china_jingju_0071,0.8526456753209892
china_u008,china_jingju_0044,0.9880140957750156
china_u008,china_jingju_0041,1.8635972216344228
china_u008,china_jingju_0019,1.2943130829276086
china_u008,china_jingju_0030,1.613476924126965
china_u008,china_jingju_0052,1.3861171912456491
china_u008,china_jingju_0024,1.4801588135142427
china_u008,china_jingju_0013,0.9490749372722384
china_u008,china_jingju_0016,0.8620580924399943
china_u008,china_jingju_0049,0.9837385207529978
china_u008,china_jingju_0046,0.7331623461251338
china_u008,china_jingju_0068,1.8114715479362111
china_u008,china_jingju_0055,0.9248703998751711
china_u008,china_opencpop_0011,1.342234091621577
china_u008,china_ctis_0033,1.687961637712061
china_u008,china_ctis_0058,1.6757361640635704
china_u008,china_opencpop_0022,1.1575793878762894
china_u008,china_opencpop_0047,1.2143859628800886
china_u008,china_opencpop_0005,1.9920526234025373
china_u008,china_ctis_0046,1.511896215468536
china_u008,china_opencpop_0044,1.721957664676824
china_u008,china_ctis_0061,1.8538309538288478
china_u008,china_ctis_0045,1.6813847543440088
china_u009,china_ctis_0043,0.8423793131951308
china_u009,china_ctis_0064,0.9961036130823
china_u009,china_ctis_0057,1.8955769263837257
china_u009,china_ctis_0002,0.5728539347704371
china_u009,china_ctis_0016,1.1911544078593495
china_u009,china_ctis_0026,1.5673370623951668
china_u009,china_ctis_0049,0.7256810173362112
china_u009,china_ctis_0001,0.5710610300082228
china_u009,china_ctis_0044,0.7073080574577961
china_u009,china_ctis_0050,1.8782347902960244
china_u009,china_ctis_0006,0.5138896727316851
china_u009,china_ctis_0056,0.7824829622170277
china_u009,china_ctis_0038,0.5469252693524669
china_u009,china_ctis_0060,0.6659442013433049
china_u009,china_ctis_0053,1.4302239299424444
china_u009,china_ctis_0040,0.8624583631086287
china_u009,china_ctis_0020,1.3538180756460152
china_u009,china_ctis_0045,1.3852930741491893
china_u009,china_ctis_0028,1.7741529996346685
china_u009,china_ctis_0027,0.5071120893678109
china_u009,china_ctis_0013,1.7800541890135502
china_u009,china_ctis_0023,1.428678629640461
china_u009,china_ctis_0015,0.7441152291574364
china_u009,china_ctis_0054,1.659406082202926
china_u009,china_ctis_0017,1.7832373126858787
china_u009,china_ctis_0011,0.881395225631236
china_u009,china_ctis_0034,1.8781905213540213
china_u009,china_ctis_0009,1.1816861454479868
china_u009,china_ctis_0032,1.4051366814999822
china_u009,china_ctis_0004,1.9769743004264655
china_u009,china_ctis_0003,1.042304117958799
china_u009,china_ctis_0058,1.7197390187301693
china_u009,china_ctis_0048,0.9775986767426894
china_u009,china_ctis_0005,1.6988202833622366
china_u009,china_ctis_0063,1.4011008782939638
china_u009,china_ctis_0018,0.8245335428381022
china_u009,china_ctis_0061,1.1210391406838545
china_u009,china_ctis_0010,0.9764534515453425
china_u009,china_ctis_0031,0.6171625896205458
china_u009,china_ctis_0052,0.5447521551495462
china_u010,china_jingju_0013,1.588654452073151
china_u010,china_jingju_0052,1.3504066929790803
china_u010,china_jingju_0024,1.6376333557771312
china_u010,china_jingju_0041,1.9751256139894064
china_u010,china_jingju_0049,1.1289085818512077
china_u010,china_jingju_0033,1.2718745778282963
china_u010,china_jingju_0011,0.5187048169118198
china_u010,china_jingju_0027,1.6940428344655676
china_u010,china_jingju_0071,1.2803451005689908
china_u010,china_jingju_0080,1.1119421455408478
china_u010,china_jingju_0008,0.6411079446340937
china_u010,china_jingju_0060,1.834484632513096
china_u010,china_jingju_0044,1.0925108600608346
china_u010,china_jingju_0055,1.5238723973138306
china_u010,china_jingju_0057,0.7240612345522262
china_u010,china_jingju_0016,1.9423244443115488
china_u010,china_jingju_0074,0.7676626427327464
china_u010,china_jingju_0002,0.7993129893492356
china_u010,china_jingju_0046,1.7884742908365707
china_u010,china_jingju_0030,1.8688741162128968
china_u010,china_jingju_0005,0.8182211112849521
china_u010,china_jingju_0022,1.2047013322622417
china_u010,china_jingju_0063,1.6002423568442448
china_u010,china_jingju_0035,1.8175486007162025
china_u010,china_jingju_0066,1.0685790425559578
china_u010,china_jingju_0038,1.2755292302741439
china_u010,china_jingju_0077,1.6125746157796024
china_u010,china_jingju_0068,1.5967039649791932
china_u010,china_jingju_0000,1.6744401950391272
china_u010,china_jingju_0019,1.3549007279622896
china_u010,china_opencpop_0023,0.6569226452071628
china_u010,china_opencpop_0034,1.85595993631706
china_u010,china_opencpop_0030,1.7983588089815423
china_u010,china_ctis_0025,1.6971461537274997
china_u010,china_opencpop_0031,0.6497937157410942
china_u010,china_ctis_0005,0.8065960506221438
china_u010,china_ctis_0020,1.615400547661478
china_u010,china_opencpop_0000,0.5347101418729197
china_u010,china_ctis_0017,1.9688369505609193
china_u010,china_ctis_0001,1.0657170205335211
china_u011,china_jingju_0022,1.9768529123761311
china_u011,china_jingju_0041,1.9735500246567987
china_u011,china_jingju_0035,1.929498699151972
china_u011,china_jingju_0019,0.6077332107543265
china_u011,china_jingju_0074,0.7066903038917078
china_u011,china_jingju_0066,0.9566997897140493
china_u011,china_jingju_0008,1.3293473810966923
china_u011,china_jingju_0068,0.645466833058219
china_u011,china_jingju_0077,1.7686954367032137
china_u011,china_jingju_0044,1.4251342686159636
china_u011,china_jingju_0033,1.3135466034533074
china_u011,china_jingju_0030,0.7479669850509367
china_u011,china_jingju_0055,0.879883211600296
china_u011,china_jingju_0016,0.7404680374733871
china_u011,china_jingju_0057,1.777899736692198
china_u011,china_jingju_0060,1.3763417900918273
china_u011,china_jingju_0049,1.60269414127945
china_u011,china_jingju_0027,0.9440492943650386
china_u011,china_jingju_0038,1.0568789556324156
china_u011,china_jingju_0071,1.1072824466398008
china_u011,china_jingju_0005,1.6400224576160523
china_u011,china_jingju_0011,1.658529481511852
china_u011,china_jingju_0013,0.8102202912710476
china_u011,china_jingju_0046,1.9123082851071485
china_u011,china_jingju_0063,0.6809830061655295
china_u011,china_jingju_0000,1.8441831236354456
china_u011,china_jingju_0080,0.6505934684747139
china_u011,china_jingju_0002,0.8968097167269666
china_u011,china_jingju_0052,1.7697178041019355
china_u011,china_jingju_0024,0.7692381085191311
china_u011,china_ctis_0051,1.1203518969649546
china_u011,china_opencpop_0009,1.1747889499161892
china_u011,china_ctis_0055,0.8678884595348144
china_u011,china_ctis_0026,1.5653678020039798
china_u011,china_ctis_0012,1.7770019741033058
china_u011,china_opencpop_0006,1.8118627097833577
china_u011,china_opencpop_0034,1.0089832186048415
china_u011,china_opencpop_0049,1.2962755914317217
china_u011,china_ctis_0009,0.8726096057984772
china_u011,china_opencpop_0038,0.8671947523252181
china_u012,china_opencpop_0041,0.8179319166208139
china_u012,china_opencpop_0027,1.8856749741397703
china_u012,china_opencpop_0000,1.1569844043805588
china_u012,china_opencpop_0037,1.458520473896247
china_u012,china_opencpop_0009,0.5034631588801131
china_u012,china_opencpop_0033,1.990052747616767
china_u012,china_opencpop_0023,0.9213445789462327
china_u012,china_opencpop_0016,0.5930946598102329
china_u012,china_opencpop_0021,1.1873930623047708
china_u012,china_opencpop_0034,0.6935450857730626
china_u012,china_opencpop_0036,0.7284900652363635
china_u012,china_opencpop_0048,1.4484242195453152
china_u012,china_opencpop_0030,1.0893910873553498
china_u012,china_opencpop_0014,1.8827786752324926
china_u012,china_opencpop_0010,0.9787347419121051
china_u012,china_opencpop_0045,1.5892701925758517
china_u012,china_opencpop_0024,1.1916491452323614
china_u012,china_opencpop_0044,1.4899269516939182
china_u012,china_opencpop_0039,1.3995430350739855
china_u012,china_opencpop_0019,1.2091759591384972
china_u012,china_opencpop_0005,1.9250916419366557
china_u012,china_opencpop_0040,1.0140704641324338
china_u012,china_opencpop_0003,0.7658532518739088
china_u012,china_opencpop_0006,1.5171410913197425
china_u012,china_opencpop_0013,1.7690113419618632
china_u012,china_opencpop_0035,0.5603806099098856
china_u012,china_opencpop_0032,1.174449032634021
china_u012,china_opencpop_0015,1.8387315345309894
china_u012,china_opencpop_0029,1.6244279283843013
china_u012,china_opencpop_0049,1.9877115747464424
china_u012,china_opencpop_0011,1.2971207173958657
china_u012,china_opencpop_0018,1.4899935782017268
china_u012,china_opencpop_0008,0.9537204217068922
china_u012,china_opencpop_0025,1.9213033994989885
china_u012,china_opencpop_0012,1.0495032328348044
china_u012,china_opencpop_0031,1.607766069029943
china_u012,china_opencpop_0007,1.1047103061786228
china_u012,china_opencpop_0022,1.342728395094499
china_u012,china_opencpop_0001,1.5796738025323194
china_u012,china_opencpop_0046,1.2634012276270314
china_u013,china_jingju_0000,1.1659143295939645
china_u013,china_jingju_0008,1.903906249153589
china_u013,china_jingju_0002,1.7809765642208437
china_u013,china_jingju_0038,0.9833235107344074
china_u013,china_jingju_0046,1.3168226030620094
china_u013,china_jingju_0071,1.234736384138694
china_u013,china_jingju_0019,1.4483037501722935
china_u013,china_jingju_0035,1.0011669004381334
china_u013,china_jingju_0074,0.8663075011488324
china_u013,china_jingju_0024,1.869007752883304
china_u013,china_jingju_0049,1.8858117492477595
china_u013,china_jingju_0022,1.7649843286429685
china_u013,china_jingju_0030,1.967306646146842
china_u013,china_jingju_0033,1.6174872886695328
china_u013,china_jingju_0027,1.6470008428429994
china_u013,china_jingju_0080,1.6438851379439612
china_u013,china_jingju_0068,1.2209114464134598
china_u013,china_jingju_0055,1.1846782917714074
china_u013,china_jingju_0060,0.8603394142235048
china_u013,china_jingju_0041,1.4672287915389357
china_u013,china_jingju_0013,0.9339802041535018
china_u013,china_jingju_0052,0.8867126145535316
china_u013,china_jingju_0005,1.3789420611440821
china_u013,china_jingju_0011,1.1149735823375648
china_u013,china_jingju_0044,0.8282849131919483
china_u013,china_jingju_0063,1.7240840251292466
china_u013,china_jingju_0016,1.790854878941564
china_u013,china_jingju_0057,0.7515492795166714
china_u013,china_jingju_0066,0.5112605491999997
china_u013,china_jingju_0077,1.0041949527940606
china_u013,china_ctis_0058,1.6962662535211288
china_u013,china_ctis_0032,1.7587607993514867
china_u013,china_opencpop_0014,0.7074936051740739
china_u013,china_ctis_0045,1.6615038517745768
china_u013,china_ctis_0050,0.6735562509641442
china_u013,china_opencpop_0002,1.0850938852347938
china_u013,china_ctis_0006,1.9979142725178738
china_u013,china_ctis_0027,0.7888862348463648
china_u013,china_ctis_0035,0.7309453738664397
china_u013,china_opencpop_0044,1.1342004988201904
china_u014,china_ctis_0000,0.6441428494578219
china_u014,china_ctis_0026,0.7302882830819208
china_u014,china_ctis_0018,1.3007600199109406
china_u014,china_ctis_0016,0.6012777202811226
china_u014,china_ctis_0021,0.5792106521001655
china_u014,china_ctis_0043,0.5007781162485583
china_u014,china_ctis_0033,1.1544749895413946
china_u014,china_ctis_0054,1.6619358219383447
china_u014,china_ctis_0062,0.5522575254198735
china_u014,china_ctis_0059,1.478386409698783
china_u014,china_ctis_0047,1.7346909761242797
china_u014,china_ctis_0007,0.7520012728668066
china_u014,china_ctis_0006,0.7202956022321063
china_u014,china_ctis_0061,1.7912014604308042
china_u014,china_ctis_0055,1.734686914925142
china_u014,china_ctis_0053,1.3084126493962804
china_u014,china_ctis_0040,1.7287998189409706
china_u014,china_ctis_0038,0.6391341161367421
china_u014,china_ctis_0046,1.0917222769081316
china_u014,china_ctis_0027,1.6066963341595593
china_u014,china_ctis_0045,0.886177938985945
china_u014,china_ctis_0025,1.6284933716503291
china_u014,china_ctis_0030,1.2562679065862208
china_u014,china_ctis_0004,1.6253989819223496
china_u014,china_ctis_0031,1.1970194567859944
china_u014,china_ctis_0042,1.0518565103327264
china_u014,china_ctis_0037,0.8287838247179484
china_u014,china_ctis_0023,0.8125690121525225
china_u014,china_ctis_0002,1.6272362158570939
china_u014,china_ctis_0010,0.6783655220509408
china_u014,china_ctis_0019,0.6289735251664177
china_u014,china_ctis_0035,0.7644370475331952
china_u014,china_ctis_0020,0.7630197671808828
china_u014,china_ctis_0028,1.7346614342103497
china_u014,china_ctis_0009,1.0977599352113185
china_u014,china_ctis_0001,1.9855826860407237
china_u014,china_ctis_0029,0.7058168866859186
china_u014,china_ctis_0012,1.4803097385404649
china_u014,china_ctis_0051,1.173094260801876
china_u014,china_ctis_0008,1.089377265045611
china_u015,china_opencpop_0048,0.7932297643730062
china_u015,china_opencpop_0000,1.5192905138134367
china_u015,china_opencpop_0026,0.8211384340050802
china_u015,china_opencpop_0029,0.6487354558982215
china_u015,china_opencpop_0039,0.8104777394612597
china_u015,china_opencpop_0001,1.1341010514080934
china_u015,china_opencpop_0013,0.7642074487596198
china_u015,china_opencpop_0004,0.702038037385021
china_u015,china_opencpop_0017,1.7904228293284112
china_u015,china_opencpop_0031,0.9805958053959618
china_u015,china_opencpop_0034,1.0411380297773805
china_u015,china_opencpop_0042,0.5829056142518414
china_u015,china_opencpop_0035,1.0360544352530812
china_u015,china_opencpop_0046,0.8972107659823695
china_u015,china_opencpop_0025,1.4157276010126827
china_u015,china_opencpop_0012,0.80808544650861
china_u015,china_opencpop_0040,1.8325481795942609
china_u015,china_opencpop_0021,1.8944999313793327
china_u015,china_opencpop_0047,0.6497465857651853
china_u015,china_opencpop_0043,0.6611044344328658
china_u015,china_opencpop_0006,0.672989657166482
china_u015,china_opencpop_0044,1.429353884465468
china_u015,china_opencpop_0033,0.6829534463144343
china_u015,china_opencpop_0009,1.7785734768953994
china_u015,china_opencpop_0045,1.6314072724068387
china_u015,china_opencpop_0011,1.7297132873570362
china_u015,china_opencpop_0049,1.2890907903290314
china_u015,china_opencpop_0038,1.9950158172787302
china_u015,china_opencpop_0028,0.5662626544162419
china_u015,china_opencpop_0015,1.10189744627917
china_u015,china_opencpop_0023,0.9859050034064543
china_u015,china_opencpop_0020,1.9229682480689616
china_u015,china_opencpop_0007,1.3652914377463894
china_u015,china_opencpop_0027,1.709286448167088
china_u015,china_opencpop_0014,0.7555117904877783
china_u015,china_opencpop_0019,1.9679512158506585
china_u015,china_opencpop_0037,1.2479593203144728
china_u015,china_opencpop_0018,1.2405081144059686
china_u015,china_opencpop_0003,1.9563270928186067
china_u015,china_opencpop_0032,1.0710985418257175
china_u016,china_jingju_0005,1.8858506008181448
china_u016,china_jingju_0052,1.368466287125364
china_u016,china_jingju_0055,0.5069281982649914
china_u016,china_jingju_0080,0.5578129989851536
china_u016,china_jingju_0022,1.520628208504883
china_u016,china_jingju_0030,1.3440020207478995
china_u016,china_jingju_0066,0.5397986558091115
china_u016,china_jingju_0071,1.615189941833578
china_u016,china_jingju_0049,1.7782180056037726
china_u016,china_jingju_0008,1.2446262236589625
china_u016,china_jingju_0002,1.1986361605358824
china_u016,china_jingju_0046,0.5082096632519413
china_u016,china_jingju_0011,1.6799745687403989
china_u016,china_jingju_0000,0.9960741001191582
china_u016,china_jingju_0044,1.8181454296738093
china_u016,china_jingju_0041,1.0595908813370796
china_u016,china_jingju_0013,1.3476168659460583
china_u016,china_jingju_0057,0.9055126822989913
china_u016,china_jingju_0060,0.7408824688773781
china_u016,china_jingju_0074,1.662361855071992
china_u016,china_jingju_0035,1.2448857182694224
china_u016,china_jingju_0016,1.304731885628376
china_u016,china_jingju_0027,1.9481239302226032
china_u016,china_jingju_0077,1.9453698683332306
china_u016,china_jingju_0038,1.7834631825536054
china_u016,china_jingju_0068,0.7814139391475503
china_u016,china_jingju_0033,1.3914090414523699
china_u016,china_jingju_0019,1.817221136983306
china_u016,china_jingju_0024,1.0616959046734067
china_u016,china_jingju_0063,0.6516592489033775
china_u016,china_opencpop_0016,1.7164443533598828
china_u016,china_opencpop_0044,1.2226453270432573
china_u016,china_opencpop_0042,1.3465890205387678
china_u016,china_ctis_0028,1.9732164444767666
china_u016,china_ctis_0058,1.4108171457411083
china_u016,china_opencpop_0040,1.1374690784991521
china_u016,china_opencpop_0027,1.0549765517707967
china_u016,china_ctis_0020,1.1264289389810684
china_u016,china_ctis_0059,0.6775986247680031
china_u016,china_opencpop_0045,1.6921258376263577
china_u017,china_opencpop_0027,1.7562136156816655
china_u017,china_opencpop_0022,0.6762565733789023
china_u017,china_opencpop_0035,0.5897365059759487
china_u017,china_opencpop_0021,1.7520614964904038
china_u017,china_opencpop_0000,0.7336365064618691
china_u017,china_opencpop_0011,1.3023472294638059
china_u017,china_opencpop_0008,1.8736172868180643
china_u017,china_opencpop_0036,1.351172170323985
china_u017,china_opencpop_0004,1.0958499522092362
china_u017,china_opencpop_0044,1.1675240822809883
china_u017,china_opencpop_0041,0.5946757560558065
china_u017,china_opencpop_0045,1.9531284820423982
china_u017,china_opencpop_0037,0.9659812776216241
china_u017,china_opencpop_0023,0.7840452375092808
china_u017,china_opencpop_0030,0.9290709527605929
china_u017,china_opencpop_0049,1.9465597923372182
china_u017,china_opencpop_0014,0.6414290802320105
china_u017,china_opencpop_0025,1.800954560751772
china_u017,china_opencpop_0020,1.5617658416021718
china_u017,china_opencpop_0009,1.7450287687385422
china_u017,china_opencpop_0048,1.9638463105518444
china_u017,china_opencpop_0019,1.7632319832753078
china_u017,china_opencpop_0013,1.9150735269167793
china_u017,china_opencpop_0010,0.6904028851863797
china_u017,china_opencpop_0006,1.693682847750455
china_u017,china_opencpop_0026,1.3185135411215716
china_u017,china_opencpop_0033,1.315243392619791
china_u017,china_opencpop_0034,1.8483823644807704
china_u017,china_opencpop_0038,1.957705727970067
china_u017,china_opencpop_0029,1.5572574845647713
china_u017,china_opencpop_0028,1.2244075842076758
china_u017,china_opencpop_0003,1.184605786852768
china_u017,china_opencpop_0016,1.0795121858347727
china_u017,china_opencpop_0043,1.042398544358994
china_u017,china_opencpop_0017,1.0872602625266472
china_u017,china_opencpop_0039,0.6346298528767929
china_u017,china_opencpop_0018,0.6161541278906573
china_u017,china_opencpop_0015,1.6698047658084676
china_u017,china_opencpop_0001,1.1691093393803391
china_u017,china_opencpop_0047,1.8960267328169307
china_u018,china_jingju_0022,1.9050045377976899
china_u018,china_jingju_0080,0.781855368554715
china_u018,china_jingju_0063,0.6609685442487807
china_u018,china_jingju_0013,1.2464715535480682
china_u018,china_jingju_0066,1.2793243971645412
china_u018,china_jingju_0016,1.2622893721673671
china_u018,china_jingju_0074,1.1550012340082592
china_u018,china_jingju_0008,1.9922223392444125
china_u018,china_jingju_0005,1.229420919005873
china_u018,china_jingju_0033,1.2169198711097464
china_u018,china_jingju_0000,1.1326490940718419
china_u018,china_jingju_0035,0.6002386320521944
china_u018,china_jingju_0060,1.389434946724424
china_u018,china_jingju_0002,0.8419516583347737
china_u018,china_jingju_0055,1.4564134703435747
china_u018,china_jingju_0024,0.5762501929227157
china_u018,china_jingju_0077,1.9720806518795024
china_u018,china_jingju_0049,1.2035076185190083
china_u018,china_jingju_0057,1.8451330573860476
china_u018,china_jingju_0068,1.2133417598494023
china_u018,china_jingju_0044,0.5904962278613326
china_u018,china_jingju_0030,1.7333203191407103
china_u018,china_jingju_0011,1.4722755945007016
china_u018,china_jingju_0052,1.6726355713609178
china_u018,china_jingju_0041,1.14225479526331
china_u018,china_jingju_0046,1.4569051163699673
china_u018,china_jingju_0038,1.7843435056949113
china_u018,china_jingju_0019,1.4465981643078312
china_u018,china_jingju_0071,1.021510452253855
china_u018,china_jingju_0027,1.4937943915492997
china_u018,china_opencpop_0049,1.507781282921101
china_u018,china_opencpop_0016,1.9408804437599376
china_u018,china_ctis_0020,1.0563684823125037
china_u018,china_ctis_0058,1.1376226512711969
china_u018,china_opencpop_0047,1.7181844417805887
china_u018,china_opencpop_0009,1.258643472114112
china_u018,china_opencpop_0003,1.6048596396735997
china_u018,china_ctis_0046,1.189564196680388
china_u018,china_ctis_0013,0.8232427127190507
china_u018,china_ctis_0035,1.6178057641715162
china_u019,china_ctis_0013,0.6963354962757426
china_u019,china_ctis_0055,1.158232552702923
china_u019,china_ctis_0020,0.954446943255953
china_u019,china_ctis_0007,1.053909262011453
china_u019,china_ctis_0003,0.853995893930829
china_u019,china_ctis_0012,1.6447332347298507
china_u019,china_ctis_0033,1.895005021032076
china_u019,china_ctis_0010,1.2468977791833313
china_u019,china_ctis_0053,1.4644976350112489
china_u019,china_ctis_0009,1.800758414910059
china_u019,china_ctis_0016,1.998244456000488
china_u019,china_ctis_0061,1.4202747270947482
china_u019,china_ctis_0028,1.834669199809803
china_u019,china_ctis_0059,1.862912369833463
china_u019,china_ctis_0044,1.6871772317114335
china_u019,china_ctis_0046,1.1913970866096653
china_u019,china_ctis_0008,0.621731000635849
china_u019,china_ctis_0047,0.5237083331602008
china_u019,china_ctis_0030,1.215800949924387
china_u019,china_ctis_0006,1.2414718003019267
china_u019,china_ctis_0052,1.1110435817944584
china_u019,china_ctis_0025,1.3522510269370467
china_u019,china_ctis_0057,1.3282440549566406
china_u019,china_ctis_0037,1.7549195615490394
china_u019,china_ctis_0042,0.6629856548933937
china_u019,china_ctis_0060,0.8377664991583182
china_u019,china_ctis_0032,1.6895074684394455
china_u019,china_ctis_0015,1.7717553008354818
china_u019,china_ctis_0023,1.9922363204313016
china_u019,china_ctis_0063,1.8093680245806263
china_u019,china_ctis_0038,1.8348485106084966
china_u019,china_ctis_0005,0.9715219139448572
china_u019,china_ctis_0024,1.1024924510140646
china_u019,china_ctis_0048,0.9021276572308266
china_u019,china_ctis_0045,1.4094490972890734
china_u019,china_ctis_0017,1.9082080313105576
china_u019,china_ctis_0051,1.0169613297674265
china_u019,china_ctis_0018,1.3355026728221753
china_u019,china_ctis_0039,0.9444494456802276
china_u019,china_ctis_0004,0.7546999606590612
china_u020,china_opencpop_0007,1.2191256122088368
china_u020,china_opencpop_0034,1.792721626724021
china_u020,china_opencpop_0012,1.4633786278519902
china_u020,china_opencpop_0035,1.5356029317732522
china_u020,china_opencpop_0031,1.9744807573038605
china_u020,china_opencpop_0047,1.1177651604514607
china_u020,china_opencpop_0015,1.1050316048736923
china_u020,china_opencpop_0000,1.8850204515887183
china_u020,china_opencpop_0048,0.8688133805075879
china_u020,china_opencpop_0001,1.5947228694543
china_u020,china_opencpop_0013,1.631859707327202
china_u020,china_opencpop_0009,0.6466819961681647
china_u020,china_opencpop_0017,1.202347108540376
china_u020,china_opencpop_0008,0.8008437069823311
china_u020,china_opencpop_0021,0.7780629092037286
china_u020,china_opencpop_0026,1.1957421656943144
china_u020,china_opencpop_0043,0.9341445612620974
china_u020,china_opencpop_0042,1.6940906714388064
china_u020,china_opencpop_0027,1.8614073370857236
china_u020,china_opencpop_0046,1.7040809079325485
china_u020,china_opencpop_0014,0.8990463089324978
china_u020,china_opencpop_0045,0.9112015905329125
china_u020,china_opencpop_0044,0.8820925251762011
china_u020,china_opencpop_0010,0.7025571440843541
china_u020,china_opencpop_0019,1.9156975521555668
china_u020,china_opencpop_0024,1.103071697235604
china_u020,china_opencpop_0005,0.8370342118188105
china_u020,china_opencpop_0002,1.7700065757623653
china_u020,china_opencpop_0029,1.0987929539866856
china_u020,china_opencpop_0006,0.5526752166644999
china_u020,china_opencpop_0041,0.7429123553744468
china_u020,china_opencpop_0030,1.458875510534255
china_u020,china_opencpop_0023,1.674357911257586
china_u020,china_opencpop_0004,0.8164015827330694
china_u020,china_opencpop_0028,1.8760933838992133
china_u020,china_opencpop_0037,1.7764956800782468
china_u020,china_opencpop_0032,1.7725711310916215
china_u020,china_opencpop_0038,0.8414917201988212
china_u020,china_opencpop_0011,0.5758039829750865
china_u020,china_opencpop_0020,1.8011353092238755
china_u021,china_ctis_0027,1.681689275958309
china_u021,china_ctis_0037,1.0741747441703835
china_u021,china_ctis_0013,1.9699678098352373
china_u021,china_ctis_0036,1.8252947546355613
china_u021,china_ctis_0015,0.951980536493923
china_u021,china_ctis_0044,1.6552896703067828
china_u021,china_ctis_0022,1.005284815749903
china_u021,china_ctis_0033,1.4095442603233026
china_u021,china_ctis_0002,1.4877211525899379
china_u021,china_ctis_0014,1.7443931136285573
china_u021,china_ctis_0047,0.5366762613230223
china_u021,china_ctis_0039,0.8302368367284495
china_u021,china_ctis_0038,1.5678767158828681
china_u021,china_ctis_0060,1.345284855454306
china_u021,china_ctis_0064,1.2434076173017146
china_u021,china_ctis_0025,0.5828149350619707
china_u021,china_ctis_0004,1.0224138251921844
china_u021,china_ctis_0058,1.7976503478659724
china_u021,china_ctis_0017,0.5463392555540483
china_u021,china_ctis_0023,1.0946543530472181
china_u021,china_ctis_0008,1.917722431506159
china_u021,china_ctis_0061,0.5763211018175219
china_u021,china_ctis_0007,1.6245586265669552
china_u021,china_ctis_0006,0.8864189242730547
china_u021,china_ctis_0003,1.7999132482305087
china_u021,china_ctis_0034,1.6191019684390475
china_u021,china_ctis_0029,1.8285577562875444
china_u021,china_ctis_0018,0.823887185646899
china_u021,china_ctis_0048,1.2969391322279074
china_u021,china_ctis_0040,1.668904915362201
china_u021,china_ctis_0032,0.8685496144924715
china_u021,china_ctis_0046,0.8461194579008254
china_u021,china_ctis_0005,0.5407732002463775
china_u021,china_ctis_0031,1.9377729409631785
china_u021,china_ctis_0052,1.565025320081935
china_u021,china_ctis_0026,1.4533405310152774
china_u021,china_ctis_0054,1.6159920840424864
china_u021,china_ctis_0030,1.297419378043159
china_u021,china_ctis_0062,1.2142007316356156
china_u021,china_ctis_0056,1.1742983616852813
china_u022,china_opencpop_0041,1.6475366077670643
china_u022,china_opencpop_0007,0.961498199568545
china_u022,china_opencpop_0028,0.8249335462760641
china_u022,china_opencpop_0015,1.5333521786794582
china_u022,china_opencpop_0038,1.8646949340998507
china_u022,china_opencpop_0043,0.9425288130685932
china_u022,china_opencpop_0022,1.3532507080764786
china_u022,china_opencpop_0035,0.9347511707742373
china_u022,china_opencpop_0034,1.331428378589642
china_u022,china_opencpop_0031,1.4327930459815108
china_u022,china_opencpop_0049,1.4155030831852697
china_u022,china_opencpop_0026,1.4353195544641189
china_u022,china_opencpop_0019,0.7026196883262861
china_u022,china_opencpop_0002,1.5403107043800794
china_u022,china_opencpop_0016,1.5121255345703348
china_u022,china_opencpop_0013,1.5238821833253247
china_u022,china_opencpop_0040,0.6111058291080596
china_u022,china_opencpop_0044,1.1702582636212289
china_u022,china_opencpop_0001,1.1135526980685946
china_u022,china_opencpop_0045,0.6300672254647988
china_u022,china_opencpop_0046,0.833551891845216
china_u022,china_opencpop_0042,1.161443947697055
china_u022,china_opencpop_0048,1.6143594647871233
china_u022,china_opencpop_0006,0.8555931154769948
china_u022,china_opencpop_0018,1.7446248651873673
china_u022,china_opencpop_0036,1.318697428609195
china_u022,china_opencpop_0021,1.6406325277769263
china_u022,china_opencpop_0029,1.2088339750052857
china_u022,china_opencpop_0037,1.248791338133335
china_u022,china_opencpop_0004,1.4295790840694602
china_u022,china_opencpop_0023,1.8919559122487364
china_u022,china_opencpop_0010,1.2377188721193648
china_u022,china_opencpop_0012,1.2929863071624363
china_u022,china_opencpop_0025,1.4029954452912943
china_u022,china_opencpop_0024,1.6062727059465887
china_u022,china_opencpop_0005,0.6077755032293515
china_u022,china_opencpop_0003,1.273531157782958
china_u022,china_opencpop_0039,1.2223873838090653
china_u022,china_opencpop_0000,1.8825274763563555
china_u022,china_opencpop_0009,1.2402598706545116
china_u023,china_ctis_0057,0.9548031149518874
china_u023,china_ctis_0000,1.1597135637207001
china_u023,china_ctis_0063,1.978431652268012
china_u023,china_ctis_0009,1.9775700450813065
china_u023,china_ctis_0010,1.8591602161477725
china_u023,china_ctis_0060,1.6976725172420863
china_u023,china_ctis_0027,0.9036957510842086
china_u023,china_ctis_0003,0.9812751111007811
china_u023,china_ctis_0014,1.320924261807312
china_u023,china_ctis_0049,1.3411660618430181
china_u023,china_ctis_0051,1.2582542290356005
china_u023,china_ctis_0001,1.455005419874459
china_u023,china_ctis_0013,1.112484533949483
china_u023,china_ctis_0058,1.6237612359732994
china_u023,china_ctis_0026,1.000324889717533
china_u023,china_ctis_0047,0.9960154954195288
china_u023,china_ctis_0012,0.6908389428377419
china_u023,china_ctis_0023,0.7830683150433788
china_u023,china_ctis_0017,1.7757813183820366
china_u023,china_ctis_0035,1.1694235078706623
china_u023,china_ctis_0025,0.8418016798292507
china_u023,china_ctis_0061,1.6390116500335812
china_u023,china_ctis_0015,1.3309716887252891
china_u023,china_ctis_0011,0.5317340171349403
china_u023,china_ctis_0007,0.9745421860050727
china_u023,china_ctis_0032,0.7655021166820115
china_u023,china_ctis_0031,1.4838092914742609
china_u023,china_ctis_0005,0.9125465609453793
china_u023,china_ctis_0048,0.5974201688149154
china_u023,china_ctis_0022,0.5824024837965038
china_u023,china_ctis_0021,1.3725909469380724
china_u023,china_ctis_0052,0.5325851835561344
china_u023,china_ctis_0041,1.7731881697041332
china_u023,china_ctis_0050,0.7330956788859134
china_u023,china_ctis_0018,1.4098495027931448
china_u023,china_ctis_0043,1.1670320420161184
china_u023,china_ctis_0062,1.1642772818478537
china_u023,china_ctis_0038,0.6076957135400688
china_u023,china_ctis_0064,1.7041283753183234
china_u023,china_ctis_0034,1.839578727129879
france_u000,france_0097,1.8874437090604181
france_u000,france_0085,1.9278931851213619
france_u000,france_0083,0.5180777945238878
france_u000,france_0053,1.6445289451651222
france_u000,france_0013,1.955302358854765
france_u000,france_0063,1.8588533282266675
france_u000,france_0006,1.9560652417943194
france_u000,france_0015,1.325485258546459
france_u000,france_0069,0.6172342098280824
france_u000,france_0101,1.7746837967075542
france_u000,france_0051,1.4207423837135174
france_u000,france_0094,1.4221051162824336
france_u000,france_0059,1.1258804147880292
france_u000,france_0080,1.3577629647816636
france_u000,france_0042,0.7303696686291719
france_u000,france_0060,1.6096550398492255
france_u000,france_0065,0.6125259610273135
france_u000,france_0012,1.594671150565688
france_u000,france_0091,1.773467633937281
france_u000,france_0033,1.2087030163467323
france_u000,france_0092,1.264745549085574
france_u000,france_0016,0.9683214093831174
france_u000,france_0001,1.9541878755883815
france_u000,france_0018,1.5996867118393179
france_u000,france_0062,1.0534828299505175
france_u000,france_0050,0.7622110793495076
france_u000,france_0022,0.829369388303137
france_u000,france_0004,1.195883429165075
france_u000,france_0003,1.9138526004715068
france_u000,france_0082,1.6012195186413771
france_u000,france_0025,0.8228656222687247
france_u000,france_0005,1.7893417001283471
france_u000,france_0019,1.0673007845145217
france_u000,france_0043,1.777583274128778
france_u000,france_0040,0.8625493969716964
france_u000,france_0078,1.4279909179044763
france_u000,france_0054,1.890005732121923
france_u000,france_0010,0.8868410137216912
france_u000,france_0020,1.5393898858787824
france_u000,france_0023,1.9809689299357158
france_u001,france_0089,1.2956617694046184
france_u001,france_0076,1.3902733886632883
france_u001,france_0036,0.5327470874687175
france_u001,france_0014,1.2727000652692835
france_u001,france_0057,1.017246889098257
france_u001,france_0072,1.131920191524882
france_u001,france_0005,0.6504310977428753
france_u001,france_0040,1.6742308484729678
france_u001,france_0075,1.9136063762127837
france_u001,france_0041,0.5334032309444
france_u001,france_0054,1.4020591442170218
france_u001,france_0086,1.645766100932537
france_u001,france_0007,0.9272113829748341
france_u001,france_0093,1.6813333772948251
france_u001,france_0028,1.4485325761494519
france_u001,france_0104,1.893743948406605
france_u001,france_0061,1.9715072170306591
france_u001,france_0027,0.5635191709980572
france_u001,france_0009,1.1674066415405093
france_u001,france_0010,1.3204816813673272
france_u001,france_0056,0.7201148498114787
france_u001,france_0025,1.0044287456410426
france_u001,france_0088,1.9814711716346927
france_u001,france_0084,0.5243456845137071
france_u001,france_0052,1.178761897286576
france_u001,france_0033,1.7639819325772943
france_u001,france_0101,0.9858518940789327
france_u001,france_0068,1.21969775413273
france_u001,france_0099,1.96706861868197
france_u001,france_0042,1.2123152547135558
france_u001,france_0026,0.6963819682197485
france_u001,france_0067,0.5775822374995866
france_u001,france_0002,1.9181248586599227
france_u001,france_0048,0.8987141199125985
france_u001,france_0037,1.2560958598468264
france_u001,france_0047,0.636052649134953
france_u001,france_0038,1.1354826808259075
france_u001,france_0024,1.8951582788751862
france_u001,france_0062,1.2536194904464075
france_u001,france_0031,1.9567027277034919
france_u002,france_0032,1.9892119359056673
france_u002,france_0035,1.0123073933024342
france_u002,france_0043,0.7442848268640537
france_u002,france_0039,1.2787508523714823
france_u002,france_0046,1.2998747147475624
france_u002,france_0045,0.7668687324442167
france_u002,france_0026,1.4196641284912093
france_u002,france_0030,0.521187100215236
france_u002,france_0068,1.8915026036813323
france_u002,france_0100,0.8968614167318925
france_u002,france_0073,0.5593403125852877
france_u002,france_0031,0.6623741622122856
france_u002,france_0078,0.8603734224194626
france_u002,france_0074,0.9108592529090678
france_u002,france_0044,0.549214999246593
france_u002,france_0065,0.9190322182905937
france_u002,france_0027,0.7894126047402232
france_u002,france_0018,1.0679313911517778
france_u002,france_0102,1.0777516060339538
france_u002,france_0101,1.0085116109043186
france_u002,france_0092,0.9918858252960561
france_u002,france_0059,0.6345969166118768
france_u002,france_0042,0.5378074206892433
france_u002,france_0004,0.8031714502346998
france_u002,france_0003,1.634974141124923
france_u002,france_0062,1.9862146483266832
france_u002,france_0034,1.8927892625859934
france_u002,france_0057,1.256329033306653
france_u002,france_0047,1.2977357836669015
france_u002,france_0085,0.9718723535537639
france_u002,france_0040,1.6609091579564843
france_u002,france_0033,1.6471350318989728
france_u002,france_0012,1.7664085363736668
france_u002,france_0095,1.8432568657953265
france_u002,france_0088,1.1515238723379437
france_u002,france_0023,1.6503133521607964
france_u002,france_0054,1.709598093193818
france_u002,france_0008,0.9626894337466252
france_u002,france_0087,1.893863366009225
france_u002,france_0089,0.6415122539594832
france_u003,france_0032,1.727341028940886
france_u003,france_0074,1.3762432237749438
france_u003,france_0068,0.8951739715353586
france_u003,france_0043,1.8943984580107571
france_u003,france_0026,0.6727790799713911
france_u003,france_0039,1.345793605206971
france_u003,france_0045,1.5815608320000882
france_u003,france_0100,0.5882728059986477
france_u003,france_0031,1.3967840498093054
france_u003,france_0078,1.7238518231946411
france_u003,france_0030,0.60129097162708
france_u003,france_0035,1.2683644566599406
france_u003,france_0073,0.8878357672231101
france_u003,france_0044,1.494386677305381
france_u003,france_0046,0.6780160506182673
france_u003,france_0069,1.9055771460057604
france_u003,france_0104,1.8420928725720978
france_u003,france_0013,0.7789616298135638
france_u003,france_0027,0.9848988265476569
france_u003,france_0094,1.3814524619795645
france_u003,france_0037,1.5770935049513757
france_u003,france_0079,1.1639840227403873
france_u003,france_0076,0.7344369829414625
france_u003,france_0004,0.6562272407043074
france_u003,france_0022,1.9996480053715158
france_u003,france_0003,1.1830281821652309
france_u003,france_0041,1.8087976237227472
france_u003,france_0017,1.2235640069436717
france_u003,france_0054,1.8835364578190048
france_u003,france_0081,0.6316390741573259
france_u003,france_0033,0.6710287870018264
france_u003,france_0051,1.8944482815863364
france_u003,france_0093,1.9212395675671774
france_u003,france_0077,0.972076171198045
france_u003,france_0103,1.0327473304908077
france_u003,france_0084,1.178675352252137
france_u003,france_0038,1.1242425201009363
france_u003,france_0070,0.785067823939395
france_u003,france_0020,1.8475630759090618
france_u003,france_0049,0.8799614010584655
france_u004,france_0047,0.6898456881859405
france_u004,france_0103,1.62727934041909
france_u004,france_0029,1.2615154961926667
france_u004,france_0071,1.5851470525659297
france_u004,france_0000,1.8040427403177857
france_u004,france_0023,1.4434220257441657
france_u004,france_0102,1.4186589938797725
france_u004,france_0024,1.631855443159447
france_u004,france_0070,1.763682502179001
france_u004,france_0077,1.803580679415504
france_u004,france_0095,0.5546452935243249
france_u004,france_0079,1.334285445196684
france_u004,france_0021,0.8244039646963272
france_u004,france_0037,1.7905188361726752
france_u004,france_0030,1.4725965278050417
france_u004,france_0064,1.1303337185486573
france_u004,france_0032,0.782156342182027
france_u004,france_0015,1.0085354388797398
france_u004,france_0058,1.5556665418103368
france_u004,france_0057,0.8065393178174582
france_u004,france_0054,0.6403744180075591
france_u004,france_0022,1.8320431373413264
france_u004,france_0038,1.6463155243701753
france_u004,france_0033,0.7996923959871989
france_u004,france_0067,0.9384673151449875
france_u004,france_0101,1.9581052656963287
france_u004,france_0081,1.562276730138676
france_u004,france_0065,1.415783006320737
france_u004,france_0035,0.9614427281361955
france_u004,france_0062,0.9486877162497833
france_u004,france_0025,0.5592854280353456
france_u004,france_0041,1.592722800352897
france_u004,france_0020,0.5647628375853269
france_u004,france_0098,0.5072860066659186
france_u004,france_0097,1.5942426317914689
france_u004,france_0005,1.923310635723688
france_u004,france_0016,1.6347545715909657
france_u004,france_0039,1.207460285936568
france_u004,france_0045,1.2290678743413095
france_u004,france_0028,1.154204633973658
france_u005,france_0080,1.5856179352877566
france_u005,france_0060,0.5995974185649118
france_u005,france_0101,1.7938217006124881
france_u005,france_0022,1.7532952971666376
france_u005,france_0012,0.6333931145754239
france_u005,france_0050,0.5356347596857798
france_u005,france_0053,0.5844332194729868
france_u005,france_0051,1.7804452597201008
france_u005,france_0085,0.8520552335778436
france_u005,france_0018,1.322409976787283
france_u005,france_0042,1.139366304770085
france_u005,france_0083,1.693288289342903
france_u005,france_0065,1.233347452206006
france_u005,france_0059,1.2509912609919045
france_u005,france_0004,1.9836379092498535
france_u005,france_0082,0.7251943351238856
france_u005,france_0006,1.746055908118897
france_u005,france_0069,0.5776246184058271
france_u005,france_0063,1.216473154359456
france_u005,france_0016,1.8295022358995352
france_u005,france_0013,1.497820948406182
france_u005,france_0015,1.5278219290491994
france_u005,france_0094,0.8949759233847283
france_u005,france_0062,1.1278621870421814
france_u005,france_0033,1.0498715952485758
france_u005,france_0097,1.2821648152369913
france_u005,france_0003,1.1933418952155022
france_u005,france_0092,0.9903475278154841
france_u005,france_0001,0.9582209185567552
france_u005,france_0091,0.8762793374826832
france_u005,france_0055,1.0475708703271376
france_u005,france_0081,0.724912216901091
france_u005,france_0024,1.8081564530053607
france_u005,france_0037,1.403179087750141
france_u005,france_0057,0.7006796383907832
france_u005,france_0070,1.540789001313502
france_u005,france_0084,1.7714997019969598
france_u005,france_0010,0.8563035080783883
france_u005,france_0066,0.7259008915058959
france_u005,france_0039,0.512925885700628
france_u006,france_0004,0.6454018126839706
france_u006,france_0001,1.850417149423114
france_u006,france_0101,1.5885514560838034
france_u006,france_0003,0.6029312856632884
france_u006,france_0015,1.5377705919284792
france_u006,france_0022,1.4474428132569768
france_u006,france_0085,1.636024149109878
france_u006,france_0083,1.7422967787340038
france_u006,france_0053,1.5775258447597325
france_u006,france_0091,1.3792644429064578
france_u006,france_0050,0.9836949778726665
france_u006,france_0051,1.5459104927448937
france_u006,france_0082,1.9354573769461692
france_u006,france_0080,1.3812826707933115
france_u006,france_0069,1.4965173026513807
france_u006,france_0018,1.1556920632997012
france_u006,france_0012,1.6341812146146115
france_u006,france_0006,1.9965010885079537
france_u006,france_0059,0.7405839861016041
france_u006,france_0016,0.8036079192556435
france_u006,france_0063,1.3091566379965842
france_u006,france_0033,1.2220630958924874
france_u006,france_0094,1.3573546767600781
france_u006,france_0092,0.5736110715864096
france_u006,france_0065,1.1064146844956735
france_u006,france_0013,1.374467393098341
france_u006,france_0097,1.377787026957444
france_u006,france_0062,1.4860009426525602
france_u006,france_0060,1.5803240435039956
france_u006,france_0042,1.4623208050112848
france_u006,france_0035,1.6853647330841526
france_u006,france_0086,1.4371409520268874
france_u006,france_0045,1.3062614938058068
france_u006,france_0011,1.4092946433317164
france_u006,france_0027,0.6517900501299985
france_u006,france_0019,0.9097348110882799
france_u006,france_0038,1.291099670987197
france_u006,france_0054,1.8094808231025605
france_u006,france_0100,1.5185773344319897
france_u006,france_0047,0.6356121177078464
france_u007,france_0095,1.925744404704059
france_u007,france_0079,1.7437257355186255
france_u007,france_0024,0.9157972103158096
france_u007,france_0021,0.579987627400011
france_u007,france_0070,1.9105271188072708
france_u007,france_0023,1.9055940873195523
france_u007,france_0047,1.298622979569304
france_u007,france_0000,1.4634761175073026
france_u007,france_0071,1.1939000910662125
france_u007,france_0102,1.1296480506481381
france_u007,france_0103,0.6791726538930505
france_u007,france_0077,0.645129347541644
france_u007,france_0029,0.8490982200142811
france_u007,france_0030,1.7549611196098165
france_u007,france_0012,0.71874845110352
france_u007,france_0082,0.8400479778720661
france_u007,france_0043,1.3229210889833114
france_u007,france_0004,0.8226968271174115
france_u007,france_0092,0.7448100270766806
france_u007,france_0037,1.3449743625469432
france_u007,france_0097,1.0521399064949233
france_u007,france_0085,1.439238928760704
france_u007,france_0010,1.8683080106130143
france_u007,france_0084,0.7264896971526015
france_u007,france_0031,1.8701504897195957
france_u007,france_0019,1.853734951134378
france_u007,france_0075,1.7436313750038543
france_u007,france_0033,1.4469288759591277
france_u007,france_0009,1.4302199861983211
france_u007,france_0101,1.4588189899047523
france_u007,france_0032,1.5357433268267198
france_u007,france_0076,0.5247233008942356
france_u007,france_0058,1.9371388687409745
france_u007,france_0011,1.3784056421983697
france_u007,france_0078,1.6721987591036325
france_u007,france_0014,1.0659227585920448
france_u007,france_0081,0.5185958208736939
france_u007,france_0098,1.2646019898146659
france_u007,france_0090,1.2607851789738933
france_u007,france_0100,1.1554839324671777
france_u008,france_0009,1.754299626436663
france_u008,france_0057,0.6151106398395458
france_u008,france_0025,0.7919423174073834
france_u008,france_0041,0.5058412195716989
france_u008,france_0054,1.167885058304061
france_u008,france_0075,1.0015388400760883
france_u008,france_0010,0.748989367230541
france_u008,france_0040,1.1766352412058594
france_u008,france_0027,1.1035563247582758
france_u008,france_0007,1.6514915490481124
france_u008,france_0089,1.8396954591050485
france_u008,france_0072,1.4788508776506228
france_u008,france_0036,0.6866155830897858
france_u008,france_0052,0.943086192064776
france_u008,france_0086,1.8699774452484197
france_u008,france_0093,0.6331017395118337
france_u008,france_0104,1.1102837590862398
france_u008,france_0076,1.9137569288502219
france_u008,france_0084,1.9259972622042285
france_u008,france_0014,1.1168047655733386
france_u008,france_0005,1.5010953321481961
france_u008,france_0088,1.1851183975309985
france_u008,france_0061,1.6301908091545125
france_u008,france_0056,0.5473719960394978
france_u008,france_0028,0.7162357233820377
france_u008,france_0055,1.4212982053153989
france_u008,france_0060,0.8488283936645954
france_u008,france_0064,1.4990784489037228
france_u008,france_0042,1.0268343911919475
france_u008,france_0087,1.8299683371917321
france_u008,france_0002,1.7288890783399797
france_u008,france_0001,1.2392567001031733
france_u008,france_0065,1.6593426306422867
france_u008,france_0100,0.9067068293526356
france_u008,france_0095,1.241389665217794
france_u008,france_0077,0.7962230777949173
france_u008,france_0048,1.7913292527814908
france_u008,france_0008,1.7346014248526223
france_u008,france_0035,1.853224502613502
france_u008,france_0006,1.8162154718363892
france_u009,france_0045,1.761044255800641
france_u009,france_0068,1.094829084243271
france_u009,france_0030,1.0911261341228873
france_u009,france_0031,0.8689715272859304
france_u009,france_0078,1.2374155014461816
france_u009,france_0074,1.7087254420259337
france_u009,france_0044,1.8427461766606095
france_u009,france_0043,0.6051716480662759
france_u009,france_0100,1.3622310968601732
france_u009,france_0039,1.2009100518385019
france_u009,france_0026,1.4214227757073674
france_u009,france_0073,1.1709135303624036
france_u009,france_0032,1.0979672312801227
france_u009,france_0046,1.207821068644234
france_u009,france_0035,1.3729986931346212
france_u009,france_0087,1.2514748165476652
france_u009,france_0076,1.2082166765309692
france_u009,france_0014,1.7267529649371212
france_u009,france_0091,1.6184719868567865
france_u009,france_0070,1.0120677412717893
france_u009,france_0021,1.7008656762729806
france_u009,france_0036,1.7804760035067502
france_u009,france_0084,0.7302383080612858
france_u009,france_0089,1.3740236925961382
france_u009,france_0063,0.9279679903988207
france_u009,france_0096,1.6087584828900838
france_u009,france_0055,0.8581779940380249
france_u009,france_0085,1.5071052862595478
france_u009,france_0064,0.8826869840864509
france_u009,france_0017,1.2667156451449149
france_u009,france_0092,1.9229697018742882
france_u009,france_0033,1.0719613076846517
france_u009,france_0028,1.8136077289448116
france_u009,france_0077,1.980416871805842
france_u009,france_0098,1.8122762732077449
france_u009,france_0016,0.7487990445850143
france_u009,france_0024,1.7294873293027446
france_u009,france_0052,0.5482240926508419
france_u009,france_0023,1.089952825548962
france_u009,france_0029,1.8061000599767958
france_u010,france_0078,1.3629424289427532
france_u010,france_0074,0.6396639962877964
france_u010,france_0068,1.76661292124836
france_u010,france_0100,0.7624667562312323
france_u010,france_0039,1.647218000916693
france_u010,france_0073,1.0408476661637756
france_u010,france_0030,1.6741420220841534
france_u010,france_0026,0.8094093551080186
france_u010,france_0046,0.7799931555431447
france_u010,france_0045,1.2455387693262234
france_u010,france_0044,0.5494040220475407
france_u010,france_0043,0.8379460081735001
france_u010,france_0031,1.5860183782765225
france_u010,france_0035,1.7560752174581382
france_u010,france_0032,0.6211780459067157
france_u010,france_0086,1.8231165641571565
france_u010,france_0014,1.6962758060797687
france_u010,france_0049,1.804526443560448
france_u010,france_0036,1.5476428318682598
france_u010,france_0095,1.5112296009409472
france_u010,france_0077,1.2876398500172956
france_u010,france_0101,1.4791808367369725
france_u010,france_0079,1.8786644968499078
france_u010,france_0047,0.6507830021250627
france_u010,france_0093,0.9736467167691367
france_u010,france_0085,0.6086824603938077
france_u010,france_0020,1.9172077579160578
france_u010,france_0040,1.167898198999082
france_u010,france_0084,1.5130167060142825
france_u010,france_0015,1.761680096756482
france_u010,france_0041,1.9865003721147327
france_u010,france_0091,0.7426736866883986
france_u010,france_0066,1.6992689085773431
france_u010,france_0042,1.8311343472051045
france_u010,france_0065,0.5733130652763134
france_u010,france_0052,1.6311358402783602
france_u010,france_0000,1.0320879817948254
france_u010,france_0089,1.4728951872056482
france_u010,france_0022,1.271072294058297
france_u010,france_0033,0.8896133781299553
france_u011,france_0089,1.151906263521448
france_u011,france_0010,1.884968843465382
france_u011,france_0025,0.9317135224420519
france_u011,france_0054,1.5187180526583401
france_u011,france_0057,0.5810814674278988
france_u011,france_0005,1.933790801283388
france_u011,france_0061,1.9711362018625282
france_u011,france_0009,1.6086119435246187
france_u011,france_0056,1.1978187073453597
france_u011,france_0041,0.829990158990892
france_u011,france_0028,1.7187745103719472
france_u011,france_0027,1.6045311457205333
france_u011,france_0088,0.8329310593414236
france_u011,france_0093,1.1768229412358986
france_u011,france_0076,1.1941984067251776
france_u011,france_0036,1.7396158249590636
france_u011,france_0040,1.5257670265011147
france_u011,france_0104,1.4647513153100826
france_u011,france_0084,1.4747411338449177
france_u011,france_0072,0.9057051190737184
france_u011,france_0086,1.057566889744301
france_u011,france_0014,0.5684934281550592
france_u011,france_0075,1.6804117037181856
france_u011,france_0052,1.1494973227547207
france_u011,france_0007,1.1573575356313603
france_u011,france_0053,0.8680343974004401
france_u011,france_0060,0.8141409221891434
france_u011,france_0018,1.3817328943535439
france_u011,france_0051,0.8488295228055136
france_u011,france_0001,0.5963132773481966
france_u011,france_0031,1.6512611239713475
france_u011,france_0092,1.0647041516095488
france_u011,france_0078,1.0703533758489567
france_u011,france_0003,1.146977422273687
france_u011,france_0050,1.7225672351121406
france_u011,france_0022,0.9812553439097257
france_u011,france_0070,1.6370543168867542
france_u011,france_0012,1.9093172611693148
france_u011,france_0017,1.4913022938871991
france_u011,france_0024,1.147521621765537
france_u012,france_0058,0.8060197198310614
france_u012,france_0002,1.4346072553430531
france_u012,france_0096,1.1301253479541875
france_u012,france_0090,1.0759277202157673
france_u012,france_0066,1.8968649927191938
france_u012,france_0019,0.7238415926603847
france_u012,france_0017,1.9956035166143653
france_u012,france_0064,1.0686875916373229
france_u012,france_0011,1.4731623558328315
france_u012,france_0081,1.9518600972250402
france_u012,france_0098,0.5864015755684622
france_u012,france_0049,1.884296544387786
france_u012,france_0050,1.3517170780315149
france_u012,france_0087,1.5565953184661785
france_u012,france_0031,0.7237762758295225
france_u012,france_0012,1.3000811462465482
france_u012,france_0016,1.5102705720878655
france_u012,france_0009,1.1843709610815227
france_u012,france_0069,0.7324777671590851
france_u012,france_0036,0.8661786126283649
france_u012,france_0021,1.7815891864902478
france_u012,france_0000,0.5517064892491441
france_u012,france_0079,1.5632931176612186
france_u012,france_0091,1.9990850547717902
france_u012,france_0075,0.5112244941601499
france_u012,france_0032,0.7415685242299099
france_u012,france_0013,1.5112164513397017
france_u012,france_0046,0.5899862518780223
france_u012,france_0103,1.3846849757837885
france_u012,france_0055,1.5260001553415843
france_u012,france_0035,1.3822195221711053
france_u012,france_0048,1.0477770545316007
france_u012,france_0010,1.5459234439799583
france_u012,france_0003,1.3914416420207307
france_u012,france_0104,0.8114557581408797
france_u012,france_0001,1.3447033153776646
france_u012,france_0022,1.8228608257083914
france_u012,france_0025,1.500249928535675
france_u012,france_0020,1.2076872610907707
france_u012,france_0077,0.9823761543041767
france_u013,france_0048,1.480858145931595
france_u013,france_0008,1.5650014118338182
france_u013,france_0038,1.574196411489257
france_u013,france_0034,1.8126498455922089
france_u013,france_0055,1.4204081525703862
france_u013,france_0037,0.9173257275820844
france_u013,france_0099,0.6492644642981857
france_u013,france_0087,1.4093759291752121
france_u013,france_0067,0.5995292056558716
france_u013,france_0020,0.8619401775342953
france_u013,france_0023,0.5910607769028675
france_u013,france_0085,1.3233313835098506
france_u013,france_0030,0.7405071874143021
france_u013,france_0012,1.4156109791502098
france_u013,france_0075,1.6862976962949014
france_u013,france_0096,1.7328210811577935
france_u013,france_0082,0.9643152622064411
france_u013,france_0041,1.3234317990417441
france_u013,france_0066,1.3445161401295385
france_u013,france_0065,1.20933077323125
france_u013,france_0042,1.4826708371371473
france_u013,france_0017,0.8151306857353003
france_u013,france_0001,1.9688648593801914
france_u013,france_0047,0.6471197406363987
france_u013,france_0081,1.7438317118046789
france_u013,france_0007,1.3911439804267818
france_u013,france_0024,0.8672821207905739
france_u013,france_0052,1.6185125009904497
france_u013,france_0069,0.6267213435156079
france_u013,france_0097,1.6616267516731746
france_u013,france_0080,1.3849778333645202
france_u013,france_0015,0.6661254775946024
france_u013,france_0051,0.6192583446385553
france_u013,france_0071,1.6262545001546937
france_u013,france_0102,0.9394038597557557
france_u013,france_0072,1.83395277615082
france_u013,france_0014,1.6431095315452642
france_u013,france_0061,1.547285367076574
france_u013,france_0093,0.9179090789501765
france_u013,france_0070,1.5634167785324269
france_u014,france_0020,1.2433022062288146
france_u014,france_0067,1.426020649888529
france_u014,france_0087,0.7274955631691669
france_u014,france_0048,0.8233560654953276
france_u014,france_0034,0.904849015934513
france_u014,france_0008,1.3966690109450572
france_u014,france_0099,1.1628516106176057
france_u014,france_0038,0.8667137637287593
france_u014,france_0055,1.8242139982168701
france_u014,france_0037,1.060882760439835
france_u014,france_0040,1.1690475788448367
france_u014,france_0086,1.1145516148234917
france_u014,france_0028,0.772914432915129
france_u014,france_0066,1.59744052314535
france_u014,france_0052,1.172687393403287
france_u014,france_0017,0.5243856648390777
france_u014,france_0070,1.9460205535396955
france_u014,france_0010,1.7236454173931204
france_u014,france_0094,1.585339031137705
france_u014,france_0013,1.8036378057777935
france_u014,france_0098,1.8602108804083253
france_u014,france_0019,1.006234559576658
france_u014,france_0022,1.416438017625048
france_u014,france_0005,1.4132117138083913
france_u014,france_0033,0.9009495032158954
france_u014,france_0097,0.8329283771706009
france_u014,france_0000,0.6708608822285331
france_u014,france_0061,1.488971293874679
france_u014,france_0065,1.6713784865461698
france_u014,france_0060,1.6414294692755056
france_u014,france_0068,0.9744130657774615
france_u014,france_0090,0.8078897756978034
france_u014,france_0029,1.180421267681933
france_u014,france_0083,1.3202201903607658
france_u014,france_0104,1.8786306919528335
france_u014,france_0011,1.8122347314110812
france_u014,france_0091,1.8740874969527415
france_u014,france_0100,1.7753935777039693
france_u014,france_0049,1.9468718066544668
france_u014,france_0031,1.1982499957535862
france_u015,france_0039,1.58205331627076
france_u015,france_0045,1.6415323594722449
france_u015,france_0074,1.764587361448627
france_u015,france_0030,0.5852265175999721
france_u015,france_0073,1.6653605824352455
france_u015,france_0068,1.0648080991948727
france_u015,france_0031,0.9550064490232979
france_u015,france_0035,0.7595358820149454
france_u015,france_0043,1.9940236326537906
france_u015,france_0026,0.5954953839782955
france_u015,france_0044,1.7405120219119992
france_u015,france_0032,1.4592416532357912
france_u015,france_0078,1.6026206663928007
france_u015,france_0046,1.5675756798826948
france_u015,france_0100,1.7876517276097739
france_u015,france_0061,0.7756881047841624
france_u015,france_0095,0.5012369252520281
france_u015,france_0065,1.3977927335648992
france_u015,france_0072,1.0307879589850009
france_u015,france_0020,0.6856809966757065
france_u015,france_0027,0.7792081311563583
france_u015,france_0040,0.9976239686888344
france_u015,france_0012,0.6053500563300549
france_u015,france_0011,0.5853698031926763
france_u015,france_0066,1.8740393822486663
france_u015,france_0042,0.9681541240305442
france_u015,france_0014,1.9733460462103773
france_u015,france_0094,1.9465505124956
france_u015,france_0033,0.7138569234906706
france_u015,france_0081,1.5723864543442865
france_u015,france_0058,1.401207333690604
france_u015,france_0017,1.5359706096577304
france_u015,france_0098,0.6442865000217122
france_u015,france_0059,0.7828401179518371
france_u015,france_0056,0.6149579921763222
france_u015,france_0018,1.4062013078256068
france_u015,france_0000,1.9798866137736366
france_u015,france_0022,1.5079768064869121
france_u015,france_0053,1.5661423025328944
france_u015,france_0023,1.9768775623149217
france_u016,france_0095,1.385319911516937
france_u016,france_0071,0.7196542618354693
france_u016,france_0102,1.6218524032222628
france_u016,france_0024,1.0322028787063984
france_u016,france_0047,0.5194900230076944
france_u016,france_0000,0.920882930799124
france_u016,france_0021,0.9959008312114668
france_u016,france_0070,0.9113683028271544
france_u016,france_0029,1.7178052297813784
france_u016,france_0077,1.6398895963911355
france_u016,france_0023,1.5433280456189622
france_u016,france_0079,0.708507617768398
france_u016,france_0103,1.711750864559423
france_u016,france_0056,1.5157639424949856
france_u016,france_0099,0.7922565297220878
france_u016,france_0057,1.4721408954222746
france_u016,france_0045,1.2252674615055215
france_u016,france_0014,1.1590250927843375
france_u016,france_0003,0.6681847452085832
france_u016,france_0011,1.277456413767748
france_u016,france_0019,0.6498977134585455
france_u016,france_0015,0.7463800808814
france_u016,france_0069,0.6988194714121441
france_u016,france_0064,1.9311624186050114
france_u016,france_0043,0.9272970356658351
france_u016,france_0076,1.0328064853940115
france_u016,france_0053,0.9831209094440541
france_u016,france_0010,1.8473756677672157
france_u016,france_0022,1.3444488670023327
france_u016,france_0104,1.8787398483999675
france_u016,france_0059,0.9498873587418433
france_u016,france_0051,0.6722520116479234
france_u016,france_0049,1.334327679086262
france_u016,france_0018,1.0183054876850264
france_u016,france_0096,1.7028602502361225
france_u016,france_0037,1.819135113367488
france_u016,france_0009,1.2088602663606076
france_u016,france_0025,1.9570385361282625
france_u016,france_0094,1.3295195095166088
france_u016,france_0061,0.9063805900794687
france_u017,france_0044,1.3685399122985775
france_u017,france_0073,1.2373486510054985
france_u017,france_0039,1.2304731234574928
france_u017,france_0045,1.9494453308906283
france_u017,france_0100,1.6344413325551757
france_u017,france_0074,1.2454693406901918
france_u017,france_0078,1.2188339193334663
france_u017,france_0043,0.5397186519574452
france_u017,france_0035,1.91376389497971
france_u017,france_0068,0.9787609576509945
france_u017,france_0026,0.8839086228211157
france_u017,france_0032,1.999113388081507
france_u017,france_0046,1.5780345072567867
france_u017,france_0031,0.571045659948932
france_u017,france_0030,0.5928282155383646
france_u017,france_0083,0.5382523459402968
france_u017,france_0012,1.3994283492693036
france_u017,france_0098,0.6073467500929277
france_u017,france_0029,1.900082535267396
france_u017,france_0041,1.905359810034017
france_u017,france_0081,1.3190811001221197
france_u017,france_0063,1.4249583970939264
france_u017,france_0092,0.9378416022878747
france_u017,france_0066,0.59595881361241
france_u017,france_0009,1.6061906677877233
france_u017,france_0014,0.6526789831235262
france_u017,france_0086,0.6283364615275897
france_u017,france_0055,0.9668346638063356
france_u017,france_0054,0.5186984897568231
france_u017,france_0065,1.151053423634474
france_u017,france_0022,1.561521365120115
france_u017,france_0077,1.7020233971329084
france_u017,france_0050,1.4064609556983818
france_u017,france_0023,1.770311304670869
france_u017,france_0080,1.1097533056506654
france_u017,france_0101,1.773158127590715
france_u017,france_0060,1.259709965747569
france_u017,france_0058,0.834554191997443
france_u017,france_0104,1.916218469990699
france_u017,france_0094,0.9124563107556747
france_u018,france_0037,0.5544585141567129
france_u018,france_0038,1.7827459197263205
france_u018,france_0020,0.7447672355962154
france_u018,france_0008,1.2608729486925738
france_u018,france_0087,1.1365046433845172
france_u018,france_0099,0.5151940060121882
france_u018,france_0034,1.873095405634448
france_u018,france_0055,1.1823878410014586
france_u018,france_0067,1.9314024151409224
france_u018,france_0048,0.9301158514688268
france_u018,france_0101,1.7994136601239585
france_u018,france_0084,1.8835843609934457
france_u018,france_0035,1.335248624556171
france_u018,france_0036,0.8040166818015763
france_u018,france_0097,1.52787114815858
france_u018,france_0061,1.3234670997941902
france_u018,france_0051,1.916794498778939
france_u018,france_0002,1.1589080927157378
france_u018,france_0011,0.902770471459733
france_u018,france_0019,0.7074305022411607
france_u018,france_0003,1.5479503530300192
france_u018,france_0010,1.9611644284708734
france_u018,france_0081,0.5425156558570977
france_u018,france_0031,1.6106680321671902
france_u018,france_0027,1.8903955438395
france_u018,france_0070,0.6121723013410241
france_u018,france_0069,0.6652550676591997
france_u018,france_0068,1.537935647674563
france_u018,france_0056,1.4719450638436826
france_u018,france_0085,0.6032411229743686
france_u018,france_0014,1.7516341282267347
france_u018,france_0041,1.2851357717673386
france_u018,france_0050,1.860796060004919
france_u018,france_0060,1.8169863214890567
france_u018,france_0007,1.7187616535752486
france_u018,france_0091,1.273848344366632
france_u018,france_0028,0.8775659626241483
france_u018,france_0077,1.2589632558666988
france_u018,france_0029,0.6512170667026701
france_u018,france_0090,1.4882692227101393
france_u019,france_0045,1.5378194895004236
france_u019,france_0043,1.3388633430514272
france_u019,france_0039,0.5014886960759434
france_u019,france_0030,0.5526361488842122
france_u019,france_0044,1.986298766159095
france_u019,france_0078,1.673425885255339
france_u019,france_0068,1.9063478881594205
france_u019,france_0031,1.8534548073770414
france_u019,france_0074,0.5306644747141263
france_u019,france_0035,1.6877709346866108
france_u019,france_0046,1.176718616016732
france_u019,france_0032,1.6843373060009834
france_u019,france_0073,0.5100736762450777
france_u019,france_0100,0.9322989518008464
france_u019,france_0026,1.6269856636869533
france_u019,france_0087,1.6895311829023847
france_u019,france_0064,1.429571901821936
france_u019,france_0005,0.9518842841693956
france_u019,france_0036,0.9655438869317944
france_u019,france_0033,1.950145945463049
france_u019,france_0058,1.1588182688513067
france_u019,france_0072,1.1706883253657556
france_u019,france_0006,1.3284991253610492
france_u019,france_0042,1.1142535052965832
france_u019,france_0075,1.3290073468961212
france_u019,france_0053,1.1485031341513368
france_u019,france_0052,1.74007237940328
france_u019,france_0055,1.863576529697426
france_u019,france_0012,1.8981653897230424
france_u019,france_0101,1.3464443087440798
france_u019,france_0020,1.163222836196743
france_u019,france_0049,1.557860088187757
france_u019,france_0071,1.75748538694386
france_u019,france_0092,1.3444733630995658
france_u019,france_0059,1.5499715327333918
france_u019,france_0080,1.624594026081872
france_u019,france_0029,1.51459066507593
france_u019,france_0085,1.6192003335939642
france_u019,france_0040,0.8129679988339975
france_u019,france_0013,1.2475618205326962
france_u020,france_0002,1.2265763888021766
france_u020,france_0058,0.5730836401290915
france_u020,france_0011,0.5247368884664749
france_u020,france_0019,1.21021310299149
france_u020,france_0049,0.7465680888866655
france_u020,france_0081,1.5576889189988328
france_u020,france_0090,1.692985193791627
france_u020,france_0098,0.8424450626856583
france_u020,france_0064,1.3882654173226712
france_u020,france_0096,0.731666965228079
france_u020,france_0066,0.9553739773915806
france_u020,france_0017,1.8331932412721499
france_u020,france_0060,1.3161471372234663
france_u020,france_0000,1.8288330427163002
france_u020,france_0094,0.8378717062692604
france_u020,france_0068,0.995036514872999
france_u020,france_0056,1.2064282076852255
france_u020,france_0041,1.2201201127918142
france_u020,france_0103,1.9964719507755506
france_u020,france_0046,0.6716679784566951
france_u020,france_0026,1.777947553402386
france_u020,france_0076,1.7955230591328053
france_u020,france_0045,1.329797947306681
france_u020,france_0025,1.0160557523887306
france_u020,france_0003,1.2788391564324444
france_u020,france_0097,0.9387015572098457
france_u020,france_0071,1.6986611726599092
france_u020,france_0053,1.247418738065495
france_u020,france_0093,1.888763268316176
france_u020,france_0061,1.4340370165340657
france_u020,france_0084,1.271478999672025
france_u020,france_0044,1.5666040309664784
france_u020,france_0047,1.2558994466453515
france_u020,france_0037,1.8567595256291707
france_u020,france_0029,0.7766689413302619
france_u020,france_0050,1.9600230256188584
france_u020,france_0092,1.718285827776788
france_u020,france_0089,1.7911000427973045
france_u020,france_0099,1.2243617485566067
france_u020,france_0012,1.755802324006396
france_u021,france_0064,0.7984350673897926
france_u021,france_0017,0.8386676548695655
france_u021,france_0058,1.4840714075917676
france_u021,france_0002,0.9912681174697238
france_u021,france_0081,1.4225365728550599
france_u021,france_0096,1.835386900469437
france_u021,france_0090,1.403835148288553
france_u021,france_0019,1.5417991869295722
france_u021,france_0098,1.048254947332036
france_u021,france_0011,0.7396077014340637
france_u021,france_0049,0.9808760936748592
france_u021,france_0066,1.946423973056162
france_u021,france_0010,1.4327170766797057
france_u021,france_0089,0.9162666791510228
france_u021,france_0075,1.1763729007431558
france_u021,france_0071,1.7532695561464915
france_u021,france_0083,1.5026653560586603
france_u021,france_0008,1.3409792610937523
france_u021,france_0078,1.8277443149507615
france_u021,france_0099,1.5086593583251855
france_u021,france_0080,1.4640945961866432
france_u021,france_0059,0.7846522058161522
france_u021,france_0068,0.6595830245186116
france_u021,france_0024,1.9477131755860986
france_u021,france_0055,1.398287555150529
france_u021,france_0104,1.1235251137196436
france_u021,france_0047,1.3835312313653263
france_u021,france_0028,0.5927179416075731
france_u021,france_0085,1.7331909108561603
france_u021,france_0033,0.824968303346504
france_u021,france_0032,1.7068190094769204
france_u021,france_0006,1.301567664895416
france_u021,france_0057,0.9148580204853541
france_u021,france_0041,0.5453149223631057
france_u021,france_0036,1.7237500329899085
france_u021,france_0077,0.76469021220396
france_u021,france_0042,0.5777076734598101
france_u021,france_0046,1.6338165962388214
france_u021,france_0034,1.025064833559468
france_u021,france_0045,1.084001008387475
france_u022,france_0098,1.9284288613254776
france_u022,france_0064,1.4227033849826323
france_u022,france_0096,1.0721153426043537
france_u022,france_0066,0.5583662311613224
france_u022,france_0017,1.4004099220866228
france_u022,france_0058,0.6383864614030589
france_u022,france_0011,1.3138161065712894
france_u022,france_0049,1.6279257624076144
france_u022,france_0002,1.1353780224421794
france_u022,france_0081,0.9491172422247867
france_u022,france_0019,0.5710763507263978
france_u022,france_0090,0.5371668127423952
france_u022,france_0102,1.1450398544682818
france_u022,france_0104,1.8250179060544518
france_u022,france_0089,0.8660941681897856
france_u022,france_0099,1.361083258672732
france_u022,france_0084,1.5264587295196428
france_u022,france_0016,0.5912448012520422
france_u022,france_0036,0.7296505637050656
france_u022,france_0071,0.9969151901293506
france_u022,france_0072,1.5051397612228556
france_u022,france_0077,1.1585526683421454
france_u022,france_0030,1.601292602327368
france_u022,france_0075,1.8013967983597887
france_u022,france_0012,1.6375584148978144
france_u022,france_0022,1.9883708109698737
france_u022,france_0031,1.6315416030974745
france_u022,france_0004,1.7782687925111758
france_u022,france_0020,1.7485495376975013
france_u022,france_0035,1.59539864342007
france_u022,france_0037,1.7027027249838358
france_u022,france_0023,1.9020248418011154
france_u022,france_0103,1.2128110677894388
france_u022,france_0021,1.4574305358688153
france_u022,france_0055,1.272409582359159
france_u022,france_0085,1.7765554807881094
france_u022,france_0010,1.147039404307261
france_u022,france_0054,1.7295901567170993
france_u022,france_0060,1.6990318625857082
france_u022,france_0033,1.9428291520528858
france_u023,france_0054,1.2688293688116583
france_u023,france_0089,1.0054799283002014
france_u023,france_0093,1.4930744069473438
france_u023,france_0025,1.4459697889254803
france_u023,france_0056,1.9098081338413855
france_u023,france_0086,1.9418907751225696
france_u023,france_0088,1.5210256634981079
france_u023,france_0027,1.7267238908662528
france_u023,france_0028,1.6886376505027678
france_u023,france_0076,1.2369552990498498
france_u023,france_0104,1.5566874320501254
france_u023,france_0009,0.6173885115253552
france_u023,france_0040,1.6370316247254604
france_u023,france_0075,1.9427495107885515
france_u023,france_0007,0.6274621296886076
france_u023,france_0084,1.7541736768877818
france_u023,france_0036,1.8994700399739068
france_u023,france_0057,0.8392833347030931
france_u023,france_0072,1.2872167814138056
france_u023,france_0005,1.8917873381944827
france_u023,france_0010,1.940339006784452
france_u023,france_0041,0.6918235765284746
france_u023,france_0014,1.023506338333176
france_u023,france_0061,1.547216961726285
france_u023,france_0052,0.8323377490788955
france_u023,france_0033,0.9871559429517212
france_u023,france_0095,0.53493659000704
france_u023,france_0024,0.7302825213967983
france_u023,france_0035,1.3434942416266158
france_u023,france_0068,1.4796350994562741
france_u023,france_0101,1.4733677466437554
france_u023,france_0001,1.667540706167325
france_u023,france_0044,1.1229221206081872
france_u023,france_0047,0.9102360743617333
france_u023,france_0098,0.5233710500637875
france_u023,france_0059,0.8099447390785803
france_u023,france_0029,0.9685817183030558
france_u023,france_0066,0.7673102847206983
france_u023,france_0039,0.5302167072449033
france_u023,france_0015,0.7361714129977874
germany_u000,germany_0081,1.2625162440430864
germany_u000,germany_0097,1.5984786732730272
germany_u000,germany_0095,1.5581739968518664
germany_u000,germany_0085,0.8544013659174956
germany_u000,germany_0087,0.9249587587802384
germany_u000,germany_0099,1.1360256472354517
germany_u000,germany_0103,0.9165468956948138
germany_u000,germany_0035,1.0501146483949395
germany_u000,germany_0080,1.0864409208924588
germany_u000,germany_0104,1.405796841407516
germany_u000,germany_0091,0.8298350641025924
germany_u000,germany_0082,1.706437798815031
germany_u000,germany_0000,1.156304535157257
germany_u000,germany_0100,1.5593661675248702
germany_u000,germany_0084,0.6221637218612268
germany_u000,germany_0026,1.2049480911865502
germany_u000,germany_0086,0.5423292982659924
germany_u000,germany_0083,1.5138649877233472
germany_u000,germany_0093,1.0155651154956042
germany_u000,germany_0088,1.923879221158743
germany_u000,germany_0102,0.9861863219021291
germany_u000,germany_0096,1.3457088470265903
germany_u000,germany_0094,0.886081363541922
germany_u000,germany_0058,1.4301689434210105
germany_u000,germany_0037,1.2005635251998519
germany_u000,germany_0070,1.0559423922584492
germany_u000,germany_0046,0.8055340236202698
germany_u000,germany_0034,0.667282015957183
germany_u000,germany_0098,0.6798187009350098
germany_u000,germany_0022,1.9985600262583296
germany_u000,germany_0023,1.118466090285852
germany_u000,germany_0090,0.5028945618100091
germany_u000,germany_0076,1.9293931859390214
germany_u000,germany_0075,0.529969886344719
germany_u000,germany_0060,1.1278791883318005
germany_u000,germany_0031,1.576216378955984
germany_u000,germany_0059,1.8718988665576424
germany_u000,germany_0057,1.5693294371481517
germany_u000,germany_0007,1.1954386323500177
germany_u000,germany_0044,1.9616630584761552
germany_u001,germany_0006,0.8110299995396837
germany_u001,germany_0076,1.3400862143543457
germany_u001,germany_0068,1.3049226402941785
germany_u001,germany_0054,1.742971771890493
germany_u001,germany_0011,0.7082770801262446
germany_u001,germany_0044,1.864905759376192
germany_u001,germany_0063,1.2971422582581051
germany_u001,germany_0019,1.3791640758715495
germany_u001,germany_0046,1.2652494399466505
germany_u001,germany_0066,0.5540373602543998
germany_u001,germany_0009,1.2456359927098972
germany_u001,germany_0025,0.8953244940154859
germany_u001,germany_0035,1.014032270566747
germany_u001,germany_0013,1.47365239878071
germany_u001,germany_0099,1.246545694211159
germany_u001,germany_0057,0.6398273190011907
germany_u001,germany_0055,0.6095619121426383
germany_u001,germany_0049,0.7784865434260555
germany_u001,germany_0056,0.7863277198583355
germany_u001,germany_0036,1.4124511354570473
germany_u001,germany_0088,0.7667216960683142
germany_u001,germany_0023,1.8225791349121558
germany_u001,germany_0074,0.8146409909201198
germany_u001,germany_0010,0.6366971681395739
germany_u001,germany_0048,1.8136190245394703
germany_u001,germany_0069,0.9429913641150995
germany_u001,germany_0097,1.1381339447506038
germany_u001,germany_0082,1.9385395760186634
germany_u001,germany_0071,1.9165538287366608
germany_u001,germany_0002,1.5723753338973767
germany_u001,germany_0043,0.6034084275988321
germany_u001,germany_0064,1.3900101881170963
germany_u001,germany_0017,1.9836169025633867
germany_u001,germany_0012,1.9203743426359707
germany_u001,germany_0100,0.6590037387799144
germany_u001,germany_0065,1.093950954635553
germany_u001,germany_0073,0.973305118854259
germany_u001,germany_0045,0.6945921603573584
germany_u001,germany_0090,1.5421974668731413
germany_u001,germany_0032,0.9107725465403551
germany_u002,germany_0030,0.8614657403946759
germany_u002,germany_0037,1.307590235129937
germany_u002,germany_0056,0.7762088257237737
germany_u002,germany_0023,1.2429509245787629
germany_u002,germany_0021,0.7286997634675794
germany_u002,germany_0025,0.7423679365572828
germany_u002,germany_0024,1.4183350655630236
germany_u002,germany_0078,0.8956790632636501
germany_u002,germany_0022,0.758550839846371
germany_u002,germany_0028,1.8946523752026097
germany_u002,germany_0057,0.5645048761100766
germany_u002,germany_0032,1.3477221690438308
germany_u002,germany_0017,1.322395762749898
germany_u002,germany_0035,0.8759133116045896
germany_u002,germany_0003,1.1791576176692267
germany_u002,germany_0043,0.6316066746239533
germany_u002,germany_0055,1.5819052188858285
germany_u002,germany_0018,0.8325457225652348
germany_u002,germany_0099,0.7900780397398339
germany_u002,germany_0085,0.9723177174162545
germany_u002,germany_0051,1.853554880394713
germany_u002,germany_0054,1.694699972425314
germany_u002,germany_0082,1.9203384367006364
germany_u002,germany_0059,1.4779435190496282
germany_u002,germany_0088,1.4943822665481314
germany_u002,germany_0046,1.2200464991393254
germany_u002,germany_0103,1.8577794850504632
germany_u002,germany_0040,1.2663157239054934
germany_u002,germany_0097,1.0325901061925369
germany_u002,germany_0009,1.4605625148764978
germany_u002,germany_0013,1.3192092401014452
germany_u002,germany_0044,0.6860297229648432
germany_u002,germany_0000,1.0890881208686443
germany_u002,germany_0071,0.9699881166417199
germany_u002,germany_0019,1.7702506625166976
germany_u002,germany_0006,1.0682638354596632
germany_u002,germany_0004,1.732332848958339
germany_u002,germany_0005,1.1635843908514183
germany_u002,germany_0011,1.630250845168415
germany_u002,germany_0052,0.7029228927667849
germany_u003,germany_0041,1.5939068657905837
germany_u003,germany_0060,0.9644780450407765
germany_u003,germany_0036,1.3102129284995438
germany_u003,germany_0079,1.884835302904425
germany_u003,germany_0005,1.3089139733803736
germany_u003,germany_0101,1.4255343652408412
germany_u003,germany_0002,0.6098689792513271
germany_u003,germany_0062,0.7672012156126045
germany_u003,germany_0029,0.6514267989471703
germany_u003,germany_0098,1.6472194225337602
germany_u003,germany_0003,1.7538816213752635
germany_u003,germany_0042,0.7796829397918665
germany_u003,germany_0038,0.8289076263846366
germany_u003,germany_0039,0.9848109342391743
germany_u003,germany_0059,1.3866164254307531
germany_u003,germany_0064,1.4326942907000293
germany_u003,germany_0050,1.5301309378121863
germany_u003,germany_0072,1.857789134320194
germany_u003,germany_0034,0.9425602107448072
germany_u003,germany_0004,1.4881384838101634
germany_u003,germany_0089,1.3395842686665382
germany_u003,germany_0092,0.9587558606188507
germany_u003,germany_0033,1.8611227798905101
germany_u003,germany_0007,0.6432251179388262
germany_u003,germany_0090,1.5680015402480771
germany_u003,germany_0097,1.5918105695339029
germany_u003,germany_0044,1.8729897915349425
germany_u003,germany_0080,1.2778708885270302
germany_u003,germany_0100,0.9824335073288688
germany_u003,germany_0065,1.7416110047900308
germany_u003,germany_0081,1.656215422748589
germany_u003,germany_0037,1.2504734216292055
germany_u003,germany_0073,1.6517860634507167
germany_u003,germany_0061,0.9018134031158912
germany_u003,germany_0006,1.384259495605202
germany_u003,germany_0017,1.7977751821818133
germany_u003,germany_0040,0.9769767569247687
germany_u003,germany_0012,1.225324973646115
germany_u003,germany_0093,1.9265672812593342
germany_u003,germany_0018,1.697317762957605
germany_u004,germany_0027,0.9203451631957067
germany_u004,germany_0048,1.7900097470939058
germany_u004,germany_0013,1.0945397509436303
germany_u004,germany_0031,1.458133333652656
germany_u004,germany_0070,0.8733195922218184
germany_u004,germany_0041,0.5291092257410263
germany_u004,germany_0078,1.1062318034199141
germany_u004,germany_0001,1.3047297343374353
germany_u004,germany_0085,1.1893207268926254
germany_u004,germany_0067,1.94302154572829
germany_u004,germany_0098,1.5602587607690426
germany_u004,germany_0102,1.9935047009380928
germany_u004,germany_0011,0.9425901354709579
germany_u004,germany_0016,1.68357991941072
germany_u004,germany_0072,1.3333377013199208
germany_u004,germany_0059,1.4176405316727492
germany_u004,germany_0036,1.9787798006634916
germany_u004,germany_0000,1.4809807996266755
germany_u004,germany_0005,1.8482253385053768
germany_u004,germany_0063,1.5886253520788705
germany_u004,germany_0104,0.6910791825871251
germany_u004,germany_0082,1.5491355654834689
germany_u004,germany_0050,1.2264733830282228
germany_u004,germany_0069,1.8781969894735138
germany_u004,germany_0046,1.7102516707856827
germany_u004,germany_0051,0.6562020314108379
germany_u004,germany_0039,0.7008734654803377
germany_u004,germany_0080,0.6044165026979084
germany_u004,germany_0062,1.2398673121169261
germany_u004,germany_0054,0.6211576388110296
germany_u004,germany_0003,1.5855175048620411
germany_u004,germany_0006,1.3285378721756491
germany_u004,germany_0010,1.7538275263297136
germany_u004,germany_0035,0.9196936830069744
germany_u004,germany_0037,1.2787111762417112
germany_u004,germany_0057,0.6762195288658166
germany_u004,germany_0058,1.8269150039754207
germany_u004,germany_0043,0.7625074434347574
germany_u004,germany_0044,0.6535433770256075
germany_u004,germany_0030,0.8075758977847749
germany_u005,germany_0074,1.674519253185264
germany_u005,germany_0020,1.7421841825062798
germany_u005,germany_0049,1.2144268146255217
germany_u005,germany_0043,1.263189708160222
germany_u005,germany_0073,1.5770087856316692
germany_u005,germany_0017,0.8950135381034396
germany_u005,germany_0016,1.7817346045482867
germany_u005,germany_0045,0.5311802367137624
germany_u005,germany_0055,0.793657403314587
germany_u005,germany_0053,1.7002999145547548
germany_u005,germany_0069,1.0103873178390084
germany_u005,germany_0061,0.7247492490384589
germany_u005,germany_0051,0.780132133567105
germany_u005,germany_0040,1.2961346029041043
germany_u005,germany_0001,1.7692722940174817
germany_u005,germany_0067,0.605976073656666
germany_u005,germany_0012,0.5457213636869741
germany_u005,germany_0071,1.1977522037552646
germany_u005,germany_0047,1.934281122580452
germany_u005,germany_0075,0.9185147051211896
germany_u005,germany_0065,1.9387558086005725
germany_u005,germany_0014,1.831521764885002
germany_u005,germany_0008,0.9247026145812667
germany_u005,germany_0018,1.7254220963842202
germany_u005,germany_0052,1.5288009538532281
germany_u005,germany_0077,1.2677335833571357
germany_u005,germany_0015,1.134374214564312
germany_u005,germany_0010,1.723254133888185
germany_u005,germany_0104,1.6896191490425319
germany_u005,germany_0048,1.6354045039138387
germany_u005,germany_0039,1.9973839268229439
germany_u005,germany_0082,1.2177686914120758
germany_u005,germany_0027,1.7103844667298738
germany_u005,germany_0086,1.7937175504752176
germany_u005,germany_0072,0.8174038721805259
germany_u005,germany_0079,0.5630996630795915
germany_u005,germany_0096,1.1071226032828694
germany_u005,germany_0037,1.785105026655164
germany_u005,germany_0003,0.9336549217917653
germany_u005,germany_0054,1.5500152311011361
germany_u006,germany_0037,1.0954320427572508
germany_u006,germany_0023,1.7363584191501893
germany_u006,germany_0032,1.3262474975454
germany_u006,germany_0021,1.4278103547547984
germany_u006,germany_0024,0.5883730090037053
germany_u006,germany_0028,0.8023275457615882
germany_u006,germany_0030,1.326446623270329
germany_u006,germany_0025,0.5882015867352465
germany_u006,germany_0022,1.6121702098815698
germany_u006,germany_0056,1.7600855127828523
germany_u006,germany_0078,1.8805435419422074
germany_u006,germany_0057,0.6526526887697088
germany_u006,germany_0005,1.9095803720342002
germany_u006,germany_0013,0.6014300114439425
germany_u006,germany_0088,1.211084323891723
germany_u006,germany_0069,1.7603765309417176
germany_u006,germany_0038,0.6054667078466831
germany_u006,germany_0045,0.5273466094834754
germany_u006,germany_0031,0.537421578059976
germany_u006,germany_0036,1.2669053591540504
germany_u006,germany_0040,1.7173951168949944
germany_u006,germany_0048,0.6911400066088995
germany_u006,germany_0090,0.6869153811193109
germany_u006,germany_0099,1.3528202825746876
germany_u006,germany_0001,0.8514434012178855
germany_u006,germany_0067,1.5953206027173108
germany_u006,germany_0018,1.9244530822651247
germany_u006,germany_0026,1.6490501099006196
germany_u006,germany_0077,1.8157630495683748
germany_u006,germany_0015,1.2793790863575054
germany_u006,germany_0016,1.7484789563263
germany_u006,germany_0054,0.7743547759800236
germany_u006,germany_0004,0.6025218355934411
germany_u006,germany_0072,1.4839296651870288
germany_u006,germany_0080,0.5779287556370839
germany_u006,germany_0085,1.8387221287095208
germany_u006,germany_0050,1.5373312206611278
germany_u006,germany_0051,1.928301088113368
germany_u006,germany_0042,0.9708299844698535
germany_u006,germany_0063,1.2292374638024313
germany_u007,germany_0013,0.7355169862276878
germany_u007,germany_0070,1.667453892126592
germany_u007,germany_0027,1.697011782326879
germany_u007,germany_0048,1.6199014460826824
germany_u007,germany_0031,0.5291341820881106
germany_u007,germany_0008,0.9096998189100103
germany_u007,germany_0029,1.2025066141877205
germany_u007,germany_0007,1.3933165680751936
germany_u007,germany_0046,1.8788331490535752
germany_u007,germany_0009,1.0634089581930535
germany_u007,germany_0041,1.8125349781609312
germany_u007,germany_0016,0.7451439322052549
germany_u007,germany_0096,1.0569207312629405
germany_u007,germany_0068,0.5784230162319846
germany_u007,germany_0055,1.6137339365834333
germany_u007,germany_0088,0.7259791361493695
germany_u007,germany_0091,0.8855300234726866
germany_u007,germany_0076,1.6628498782898222
germany_u007,germany_0015,1.302075076134065
germany_u007,germany_0071,0.5209590791276939
germany_u007,germany_0086,0.5033528071210958
germany_u007,germany_0102,1.2659909476098457
germany_u007,germany_0099,0.9574332706237922
germany_u007,germany_0054,0.7704671689927657
germany_u007,germany_0073,1.4203909065741664
germany_u007,germany_0087,0.8426547075761406
germany_u007,germany_0098,1.3883107245274218
germany_u007,germany_0059,1.0688989258794093
germany_u007,germany_0022,0.7801193265046846
germany_u007,germany_0036,0.707157106803123
germany_u007,germany_0056,0.855290904690932
germany_u007,germany_0002,0.5447481620194776
germany_u007,germany_0019,0.9621904430544026
germany_u007,germany_0044,1.8529320352726912
germany_u007,germany_0023,1.7470431888245423
germany_u007,germany_0037,1.0580056350794884
germany_u007,germany_0060,1.3637504278727057
germany_u007,germany_0035,1.3510408385210877
germany_u007,germany_0011,1.7431063087905685
germany_u007,germany_0072,0.8544351522754484
germany_u008,germany_0011,0.8567530773226867
germany_u008,germany_0066,1.7427454224018732
germany_u008,germany_0054,1.9552047668573604
germany_u008,germany_0068,1.188794143538098
germany_u008,germany_0009,1.4538788977838806
germany_u008,germany_0044,1.685619902518359
germany_u008,germany_0019,0.862233590932691
germany_u008,germany_0063,1.7966755728931783
germany_u008,germany_0006,0.9203013579649963
germany_u008,germany_0046,1.6637462052728582
germany_u008,germany_0076,0.6681488486396331
germany_u008,germany_0069,0.9325800551212546
germany_u008,germany_0029,1.3004299009098017
germany_u008,germany_0030,1.2873831435564727
germany_u008,germany_0045,1.7756467767295494
germany_u008,germany_0003,1.9941908864579108
germany_u008,germany_0001,0.6608162687902109
germany_u008,germany_0078,0.9070821992375555
germany_u008,germany_0055,1.0363973153346138
germany_u008,germany_0057,1.2183776117150076
germany_u008,germany_0034,1.2408646147315987
germany_u008,germany_0040,1.784292594722625
germany_u008,germany_0015,1.6558389541776497
germany_u008,germany_0095,0.52827736855693
germany_u008,germany_0047,1.1825326408747818
germany_u008,germany_0056,1.4271107573661332
germany_u008,germany_0041,1.1905933806395352
germany_u008,germany_0062,0.6959678840385535
germany_u008,germany_0042,1.0962111255359723
germany_u008,germany_0094,1.1174835426946041
germany_u008,germany_0083,0.7815738836746382
germany_u008,germany_0050,1.6344606717064303
germany_u008,germany_0074,0.9821010202137153
germany_u008,germany_0022,1.3834809358529243
germany_u008,germany_0012,1.2735952714381513
germany_u008,germany_0071,1.816140618824583
germany_u008,germany_0067,0.6830223977942573
germany_u008,germany_0093,0.6713945123801902
germany_u008,germany_0037,0.9504795036845237
germany_u008,germany_0081,1.1468224521887525
germany_u009,germany_0028,1.654625251025974
germany_u009,germany_0022,1.586160858226307
germany_u009,germany_0023,0.5367251622014155
germany_u009,germany_0057,1.5556049294656527
germany_u009,germany_0037,1.9852184210836448
germany_u009,germany_0032,0.8639380527884344
germany_u009,germany_0024,0.9113578583380078
germany_u009,germany_0021,1.7202898243708091
germany_u009,germany_0030,0.7405952075841209
germany_u009,germany_0025,1.4908755132568272
germany_u009,germany_0056,1.6325395662508677
germany_u009,germany_0078,0.5557409927290358
germany_u009,germany_0093,1.3306431413978392
germany_u009,germany_0075,1.3638158878038245
germany_u009,germany_0053,0.9551643460876913
germany_u009,germany_0045,1.8145170040962757
germany_u009,germany_0077,0.7441245789497846
germany_u009,germany_0043,1.0462920642587907
germany_u009,germany_0009,1.773003030720994
germany_u009,germany_0001,0.7859641349089888
germany_u009,germany_0041,1.7320612044915125
germany_u009,germany_0012,0.6186037660519336
germany_u009,germany_0054,1.2338436007849851
germany_u009,germany_0015,0.6129959936685552
germany_u009,germany_0065,1.5168553775922713
germany_u009,germany_0002,1.6859022335834004
germany_u009,germany_0008,1.7747878223702043
germany_u009,germany_0047,1.9718933761159831
germany_u009,germany_0046,1.5080235834493803
germany_u009,germany_0064,1.6535928707600305
germany_u009,germany_0004,1.258637417481994
germany_u009,germany_0070,1.8691053517716893
germany_u009,germany_0007,1.465637573299194
germany_u009,germany_0027,1.8253271093770151
germany_u009,germany_0017,0.8531780255208212
germany_u009,germany_0059,1.2451066710770964
germany_u009,germany_0055,1.594728381595706
germany_u009,germany_0048,0.8040826318440248
germany_u009,germany_0084,0.8170096898929674
germany_u009,germany_0104,1.967064110608456
germany_u010,germany_0021,0.5795485575078267
germany_u010,germany_0037,1.010545667209595
germany_u010,germany_0078,1.5346279489107122
germany_u010,germany_0056,0.7637746239215089
germany_u010,germany_0022,0.8313917933193686
germany_u010,germany_0030,0.8009999381193762
germany_u010,germany_0025,0.5013891600971074
germany_u010,germany_0023,1.2106516277473591
germany_u010,germany_0028,0.5584381841241848
germany_u010,germany_0024,0.9094097176623501
germany_u010,germany_0057,1.9922051368879574
germany_u010,germany_0032,1.8775943170854497
germany_u010,germany_0014,0.8226137122345013
germany_u010,germany_0102,0.9650036478708991
germany_u010,germany_0073,1.1955568734028272
germany_u010,germany_0094,1.7666203199888653
germany_u010,germany_0005,1.7039689120896366
germany_u010,germany_0027,0.6893621548494233
germany_u010,germany_0062,0.6866732725225282
germany_u010,germany_0048,1.125098380841067
germany_u010,germany_0059,1.8051430844206582
germany_u010,germany_0049,1.8231274986432535
germany_u010,germany_0081,0.6610487745297953
germany_u010,germany_0080,1.3614459319483274
germany_u010,germany_0071,0.7335127956876694
germany_u010,germany_0055,1.5291939650041741
germany_u010,germany_0040,1.8746498718933597
germany_u010,germany_0011,1.1821539387133904
germany_u010,germany_0033,0.6246241620380772
germany_u010,germany_0053,1.3688812938418182
germany_u010,germany_0010,1.112775005203782
germany_u010,germany_0045,1.7163481285009403
germany_u010,germany_0074,1.0105166958895815
germany_u010,germany_0007,1.8123458007088837
germany_u010,germany_0066,0.9105506114521773
germany_u010,germany_0098,0.7362764538330289
germany_u010,germany_0068,0.9597205659778698
germany_u010,germany_0029,0.5523736877341198
germany_u010,germany_0058,0.921868950311362
germany_u010,germany_0019,1.490176450823046
germany_u011,germany_0034,1.3503937805443202
germany_u011,germany_0059,0.790688919158619
germany_u011,germany_0042,1.0171492909489315
germany_u011,germany_0092,1.385553810776099
germany_u011,germany_0072,1.2599167096397803
germany_u011,germany_0003,0.7229297544153557
germany_u011,germany_0004,1.1701945170358534
germany_u011,germany_0038,1.3146000423653725
germany_u011,germany_0089,0.9009990716863587
germany_u011,germany_0005,1.418668273009778
germany_u011,germany_0062,0.6052401492278148
germany_u011,germany_0029,1.0049105503482751
germany_u011,germany_0090,1.7064152491663616
germany_u011,germany_0101,0.8889272013622331
germany_u011,germany_0098,1.4077652750046172
germany_u011,germany_0033,1.115044570565468
germany_u011,germany_0007,0.9746902136228701
germany_u011,germany_0050,1.8741975318650403
germany_u011,germany_0036,1.0148925771205752
germany_u011,germany_0002,0.8550138522305275
germany_u011,germany_0060,1.8639519734604058
germany_u011,germany_0064,1.6189165339037224
germany_u011,germany_0079,1.522699570547296
germany_u011,germany_0039,0.5743024131003137
germany_u011,germany_0041,0.6968074410736638
germany_u011,germany_0015,1.4575099457144942
germany_u011,germany_0011,0.8141492547893903
germany_u011,germany_0035,0.8384569784455387
germany_u011,germany_0100,1.668707773015416
germany_u011,germany_0028,0.928887423255414
germany_u011,germany_0045,0.607380953227874
germany_u011,germany_0024,0.5546479209647917
germany_u011,germany_0030,1.1647669808679317
germany_u011,germany_0044,1.425692866526969
germany_u011,germany_0087,1.8033278500877044
germany_u011,germany_0069,0.6662065925489589
germany_u011,germany_0086,0.7950092394324444
germany_u011,germany_0103,1.2947009163612067
germany_u011,germany_0073,1.0461625433629627
germany_u011,germany_0084,1.223806176868242
germany_u012,germany_0090,1.9330733261063728
germany_u012,germany_0005,0.973747227632721
germany_u012,germany_0034,0.772181682952161
germany_u012,germany_0003,0.7812971698583124
germany_u012,germany_0059,1.2188198969629236
germany_u012,germany_0098,1.7639738610058024
germany_u012,germany_0036,1.6370026477000197
germany_u012,germany_0033,1.1552780113066614
germany_u012,germany_0041,0.8130903251554409
germany_u012,germany_0072,0.5690973501532867
germany_u012,germany_0060,1.1939454792240967
germany_u012,germany_0042,1.7221630227772875
germany_u012,germany_0064,1.5945229903914706
germany_u012,germany_0038,1.1129011514408753
germany_u012,germany_0029,1.3920540078764003
germany_u012,germany_0089,1.1543697814193266
germany_u012,germany_0079,1.3685241646852666
germany_u012,germany_0002,1.2762578665903237
germany_u012,germany_0092,1.5214499001877384
germany_u012,germany_0039,1.261563265299686
germany_u012,germany_0007,1.9109164972513377
germany_u012,germany_0101,1.1420422723725294
germany_u012,germany_0050,0.5238744545595664
germany_u012,germany_0004,0.8545603031134767
germany_u012,germany_0062,1.250910287159984
germany_u012,germany_0043,1.310857777832993
germany_u012,germany_0094,1.3285771839680802
germany_u012,germany_0087,1.5718281474051232
germany_u012,germany_0023,0.9119722139262918
germany_u012,germany_0103,1.4973555185622158
germany_u012,germany_0091,1.5560484096788192
germany_u012,germany_0099,1.1169211289312395
germany_u012,germany_0063,1.103253648719483
germany_u012,germany_0102,0.7683871784846746
germany_u012,germany_0069,1.1209810643830607
germany_u012,germany_0052,1.6802244375605186
germany_u012,germany_0096,1.863459508324826
germany_u012,germany_0021,1.3904197869769481
germany_u012,germany_0026,0.9490555150314481
germany_u012,germany_0058,1.523434577989597
germany_u013,germany_0027,1.5438181523424133
germany_u013,germany_0031,1.3767066420672347
germany_u013,germany_0013,1.278970861123538
germany_u013,germany_0048,1.3316293961689676
germany_u013,germany_0070,0.8328509694407353
germany_u013,germany_0052,1.5206465916386844
germany_u013,germany_0037,1.0812508033081525
germany_u013,germany_0082,1.0452017295950293
germany_u013,germany_0085,0.7246013124001558
germany_u013,germany_0034,1.3952560018256697
germany_u013,germany_0071,1.4039966158197599
germany_u013,germany_0067,1.0104509654997926
germany_u013,germany_0057,1.789775085298301
germany_u013,germany_0025,1.7681868480731424
germany_u013,germany_0012,0.6635814597236469
germany_u013,germany_0104,1.5425575817148773
germany_u013,germany_0060,1.0907521342775335
germany_u013,germany_0003,1.9995722765943391
germany_u013,germany_0058,0.8375354445269786
germany_u013,germany_0007,0.9207863081217341
germany_u013,germany_0021,1.1631594418335913
germany_u013,germany_0019,0.9030727230209947
germany_u013,germany_0022,1.5379900495797714
germany_u013,germany_0073,1.2213621682722209
germany_u013,germany_0074,0.8313182522743103
germany_u013,germany_0001,1.259561104229844
germany_u013,germany_0089,1.8331816495475577
germany_u013,germany_0008,1.6885934702750793
germany_u013,germany_0036,1.2482433866402316
germany_u013,germany_0090,0.9327389047129215
germany_u013,germany_0035,0.7698296970537917
germany_u013,germany_0033,1.8175743157803432
germany_u013,germany_0000,1.5652504107480445
germany_u013,germany_0103,1.3582449547211877
germany_u013,germany_0011,1.8191519689305027
germany_u013,germany_0040,0.6825354310611342
germany_u013,germany_0084,1.5237339290031024
germany_u013,germany_0053,0.825068468619848
germany_u013,germany_0102,0.6808661615239805
germany_u013,germany_0010,1.1984127650103997
germany_u014,germany_0001,1.6127313703593766
germany_u014,germany_0067,0.8568648299964962
germany_u014,germany_0018,1.9709604127138822
germany_u014,germany_0014,0.841680786441807
germany_u014,germany_0073,0.8550260053964844
germany_u014,germany_0055,1.7880096807257961
germany_u014,germany_0010,0.8644787929442287
germany_u014,germany_0020,1.0413541902369245
germany_u014,germany_0008,1.5719602417685405
germany_u014,germany_0074,0.7381228702921449
germany_u014,germany_0065,0.7386076322412534
germany_u014,germany_0075,1.2295376348999283
germany_u014,germany_0047,0.8655451313490903
germany_u014,germany_0012,0.8534869333535504
germany_u014,germany_0043,0.513858382127769
germany_u014,germany_0069,1.0556743867969218
germany_u014,germany_0061,0.9773758319276049
germany_u014,germany_0051,0.5467337162400057
germany_u014,germany_0049,1.4318497673204953
germany_u014,germany_0040,1.439982773005031
germany_u014,germany_0016,0.6062007076604883
germany_u014,germany_0077,0.9755623443641797
germany_u014,germany_0052,1.8092082979930968
germany_u014,germany_0017,1.3732506023668676
germany_u014,germany_0045,1.1179620860179817
germany_u014,germany_0053,1.1976528926961438
germany_u014,germany_0015,0.8124199916537077
germany_u014,germany_0071,1.717822251061892
germany_u014,germany_0100,1.8710070581764513
germany_u014,germany_0059,1.8659960633750654
germany_u014,germany_0036,0.8359015875384495
germany_u014,germany_0086,0.9661104016646853
germany_u014,germany_0066,0.7409341622143052
germany_u014,germany_0096,0.9608017004484697
germany_u014,germany_0104,0.9992080581839005
germany_u014,germany_0062,1.4496586055969531
germany_u014,germany_0004,0.784469572322187
germany_u014,germany_0027,1.8790953865516153
germany_u014,germany_0022,0.6546492051279649
germany_u014,germany_0098,0.5103170165514996
germany_u015,germany_0081,0.5111846471357046
germany_u015,germany_0083,1.7774627394451228
germany_u015,germany_0097,0.5696360671664333
germany_u015,germany_0082,1.2871927255001272
germany_u015,germany_0026,1.4224816444244677
germany_u015,germany_0102,0.7972568444336534
germany_u015,germany_0103,1.8435962573977225
germany_u015,germany_0104,0.7851436576225626
germany_u015,germany_0095,1.8267724810500119
germany_u015,germany_0035,1.6444854039995527
germany_u015,germany_0080,0.861114430286291
germany_u015,germany_0088,0.7261162494141403
germany_u015,germany_0093,0.9743490652793527
germany_u015,germany_0096,1.096925849405412
germany_u015,germany_0085,0.8686770147483851
germany_u015,germany_0086,1.9983373231316348
germany_u015,germany_0099,0.8444785043593716
germany_u015,germany_0087,1.7459522404742853
germany_u015,germany_0084,0.7386766206357092
germany_u015,germany_0091,1.9703669379139213
germany_u015,germany_0000,0.8382851874246273
germany_u015,germany_0100,1.1325328321753885
germany_u015,germany_0058,1.3378461001518598
germany_u015,germany_0094,0.6804285727341399
germany_u015,germany_0090,1.725230101218652
germany_u015,germany_0013,0.9120282990212447
germany_u015,germany_0059,1.3239048524024957
germany_u015,germany_0020,1.3244507160398704
germany_u015,germany_0078,1.4039609784886775
germany_u015,germany_0005,0.583228979786472
germany_u015,germany_0031,0.7529281427473518
germany_u015,germany_0036,0.7417883643850463
germany_u015,germany_0048,0.9530768891237777
germany_u015,germany_0075,0.7173712352875098
germany_u015,germany_0063,1.8828819811614346
germany_u015,germany_0046,1.269431675766951
germany_u015,germany_0038,1.4353627215540266
germany_u015,germany_0047,1.0362322630971812
germany_u015,germany_0076,0.9143692115508673
germany_u015,germany_0071,1.2547657553483194
germany_u016,germany_0095,1.7550218284664998
germany_u016,germany_0088,0.7576297191026309
germany_u016,germany_0097,1.4182248135642712
germany_u016,germany_0080,1.630052920925818
germany_u016,germany_0058,1.9040712805022348
germany_u016,germany_0000,0.6750555375182892
germany_u016,germany_0103,1.889587451246836
germany_u016,germany_0082,1.4022013027617193
germany_u016,germany_0035,1.650052381148429
germany_u016,germany_0093,0.5806620643528332
germany_u016,germany_0104,1.2592222334608927
germany_u016,germany_0094,1.4339445111211906
germany_u016,germany_0081,0.9602507598092602
germany_u016,germany_0091,1.147475312151879
germany_u016,germany_0087,1.331447202919397
germany_u016,germany_0084,1.3288219096594698
germany_u016,germany_0102,0.5627922881102572
germany_u016,germany_0100,1.1592226498683385
germany_u016,germany_0099,0.8207272321883463
germany_u016,germany_0096,1.8750426171280248
germany_u016,germany_0026,1.9648699851850011
germany_u016,germany_0083,0.9494703445281036
germany_u016,germany_0085,0.7627780958765882
germany_u016,germany_0086,0.8292562264225146
germany_u016,germany_0074,1.2166283830294307
germany_u016,germany_0071,1.8117583986697676
germany_u016,germany_0090,1.2500543224064593
germany_u016,germany_0048,0.5830880925729465
germany_u016,germany_0070,0.559828404069716
germany_u016,germany_0019,0.8410864184342728
germany_u016,germany_0052,1.7641569164141433
germany_u016,germany_0002,1.432220836302716
germany_u016,germany_0008,1.3444367806794373
germany_u016,germany_0098,0.9784543888739632
germany_u016,germany_0050,1.894138107569281
germany_u016,germany_0069,0.9967673674431987
germany_u016,germany_0079,1.7524166189794201
germany_u016,germany_0025,1.8438552769638261
germany_u016,germany_0066,1.225002519824205
germany_u016,germany_0041,1.8414339042211139
germany_u017,germany_0002,1.8423768235782811
germany_u017,germany_0039,1.3587343636831701
germany_u017,germany_0050,1.412625119815895
germany_u017,germany_0062,1.5224162725061086
germany_u017,germany_0005,0.6836132715957005
germany_u017,germany_0033,1.5123906512158394
germany_u017,germany_0034,1.8205323230192227
germany_u017,germany_0059,1.9613312492529746
germany_u017,germany_0041,1.1645779990375207
germany_u017,germany_0060,1.0167572775163203
germany_u017,germany_0003,1.6299644233944757
germany_u017,germany_0092,1.3143114321429719
germany_u017,germany_0038,0.8859569816825457
germany_u017,germany_0007,0.7582368274545545
germany_u017,germany_0064,0.7553454508891155
germany_u017,germany_0089,1.188765554909228
germany_u017,germany_0072,0.7551866084234752
germany_u017,germany_0029,0.5295784160172287
germany_u017,germany_0090,0.5781331624545349
germany_u017,germany_0101,1.8948268159294486
germany_u017,germany_0036,0.6094420117402036
germany_u017,germany_0079,0.6097710358714393
germany_u017,germany_0004,1.1767826683002987
germany_u017,germany_0042,0.8676504235025488
germany_u017,germany_0098,1.9440407782587465
germany_u017,germany_0070,1.8664787592467063
germany_u017,germany_0091,1.1071148730069007
germany_u017,germany_0052,1.1730972791243888
germany_u017,germany_0001,1.0626704796133553
germany_u017,germany_0067,0.5567991749646923
germany_u017,germany_0048,0.939270258882063
germany_u017,germany_0055,0.6840102044179761
germany_u017,germany_0097,0.6535554950226841
germany_u017,germany_0081,1.3412923594045818
germany_u017,germany_0018,0.6481472865703434
germany_u017,germany_0016,0.6543969856928954
germany_u017,germany_0008,1.2207705722290227
germany_u017,germany_0058,1.163423547683958
germany_u017,germany_0022,0.7064521776985541
germany_u017,germany_0000,0.5066735372132944
germany_u018,germany_0103,1.8047850720673637
germany_u018,germany_0099,1.8754348787926767
germany_u018,germany_0091,1.2355976258894503
germany_u018,germany_0093,1.9345099101101269
germany_u018,germany_0086,1.812862713817964
germany_u018,germany_0083,1.737846075648838
germany_u018,germany_0087,1.789565097023309
germany_u018,germany_0085,1.0728131182532352
germany_u018,germany_0026,1.6347034111333154
germany_u018,germany_0096,1.3660085046142239
germany_u018,germany_0097,1.57952600261046
germany_u018,germany_0000,0.7666791613711619
germany_u018,germany_0084,1.597090867662413
germany_u018,germany_0088,1.9363886512912576
germany_u018,germany_0100,0.9539949835721444
germany_u018,germany_0094,1.9792419859334407
germany_u018,germany_0080,1.0675640222080567
germany_u018,germany_0095,0.7995852455315493
germany_u018,germany_0081,0.6684293447003575
germany_u018,germany_0035,1.6774428699322668
germany_u018,germany_0104,1.3322381005648525
germany_u018,germany_0102,0.9606969404930432
germany_u018,germany_0058,1.4126755546906369
germany_u018,germany_0082,0.9981517817615071
germany_u018,germany_0048,1.172536635992688
germany_u018,germany_0101,1.7939961886296367
germany_u018,germany_0057,1.502249715288747
germany_u018,germany_0005,1.6436027595570746
germany_u018,germany_0069,1.3752403272043643
germany_u018,germany_0018,1.9870970733284314
germany_u018,germany_0033,0.862115099436339
germany_u018,germany_0068,0.8934367410782221
germany_u018,germany_0029,0.6388384081074994
germany_u018,germany_0028,1.3310292531060657
germany_u018,germany_0034,1.4200388546125517
germany_u018,germany_0045,1.5889423593482297
germany_u018,germany_0060,1.0031688889238914
germany_u018,germany_0078,0.5183852027975409
germany_u018,germany_0037,1.4483443056324798
germany_u018,germany_0003,1.998043238780574
germany_u019,germany_0013,1.5851142547436896
germany_u019,germany_0031,1.6231062793235917
germany_u019,germany_0048,1.4992679781725338
germany_u019,germany_0070,0.8056714564200943
germany_u019,germany_0027,1.8698240877629073
germany_u019,germany_0024,1.6297370285313144
germany_u019,germany_0043,1.4866344853759554
germany_u019,germany_0034,1.4764158851326812
germany_u019,germany_0069,1.8565365501374618
germany_u019,germany_0101,1.8924606996456856
germany_u019,germany_0065,1.39345612701536
germany_u019,germany_0014,1.1250041164438227
germany_u019,germany_0058,1.0456009693391244
germany_u019,germany_0046,1.7286182616210837
germany_u019,germany_0017,1.4669080097515004
germany_u019,germany_0009,0.6158990453804805
germany_u019,germany_0028,0.7132790195225408
germany_u019,germany_0079,1.8502788426572696
germany_u019,germany_0035,1.8267472221567513
germany_u019,germany_0020,1.9277486730462032
germany_u019,germany_0007,1.1417764509924857
germany_u019,germany_0095,1.6760913614610606
germany_u019,germany_0103,1.7423375409714823
germany_u019,germany_0102,0.9735453587572896
germany_u019,germany_0002,0.7180065668407134
germany_u019,germany_0092,1.9955395424587594
germany_u019,germany_0044,0.5453288056270249
germany_u019,germany_0097,1.3960038780671644
germany_u019,germany_0098,1.4753184112725632
germany_u019,germany_0003,1.5226840129544725
germany_u019,germany_0047,0.8834416159536346
germany_u019,germany_0076,1.5823688664482762
germany_u019,germany_0025,0.8245993449218982
germany_u019,germany_0061,1.7435573836275235
germany_u019,germany_0081,0.8286750111269519
germany_u019,germany_0032,1.5450590436141163
germany_u019,germany_0094,1.6751202287509637
germany_u019,germany_0072,0.7834186256932831
germany_u019,germany_0006,0.8569797314489042
germany_u019,germany_0053,1.6686556081015502
germany_u020,germany_0048,1.4689841903045169
germany_u020,germany_0013,1.9259733187234034
germany_u020,germany_0070,1.7260843061247286
germany_u020,germany_0027,1.8917573271248254
germany_u020,germany_0031,1.4015008264035171
germany_u020,germany_0016,1.0359634743157622
germany_u020,germany_0032,1.1643710946704056
germany_u020,germany_0083,1.4870484655761693
germany_u020,germany_0037,1.1403977896495046
germany_u020,germany_0025,1.597509175201684
germany_u020,germany_0024,0.6377720241200444
germany_u020,germany_0000,1.744979973477333
germany_u020,germany_0046,0.8062829594630063
germany_u020,germany_0071,1.9159214142870837
germany_u020,germany_0055,0.7333186999059018
germany_u020,germany_0034,0.6937462941535968
germany_u020,germany_0059,1.7178141658810893
germany_u020,germany_0007,1.7280527415545215
germany_u020,germany_0075,1.608139129821871
germany_u020,germany_0053,1.940795695857057
germany_u020,germany_0033,0.905809443028124
germany_u020,germany_0028,1.7399731084854313
germany_u020,germany_0040,1.0280607950651313
germany_u020,germany_0062,1.306097938354011
germany_u020,germany_0050,1.168400044551993
germany_u020,germany_0036,0.5087750340104109
germany_u020,germany_0018,1.3616932903087366
germany_u020,germany_0102,1.6212588316459295
germany_u020,germany_0073,0.7618285753629068
germany_u020,germany_0084,1.897483792839556
germany_u020,germany_0099,1.2955993091277558
germany_u020,germany_0003,0.7673690047266403
germany_u020,germany_0023,1.4689213563753278
germany_u020,germany_0060,0.7878840627730159
germany_u020,germany_0035,0.5953000224430046
germany_u020,germany_0011,1.5279728636288634
germany_u020,germany_0017,0.6660423249582417
germany_u020,germany_0086,0.659326172564653
germany_u020,germany_0008,1.60991534477272
germany_u020,germany_0014,0.5828033498121068
germany_u021,germany_0046,1.812348605834742
germany_u021,germany_0066,1.0437783227056037
germany_u021,germany_0011,0.7527390789581067
germany_u021,germany_0019,1.1000374936766195
germany_u021,germany_0009,1.6789502321759406
germany_u021,germany_0063,1.3872315111193934
germany_u021,germany_0068,0.6517148199914047
germany_u021,germany_0044,1.30578073149055
germany_u021,germany_0006,1.2021280721833898
germany_u021,germany_0076,0.9906683840317422
germany_u021,germany_0054,0.665240894079985
germany_u021,germany_0001,1.9716679034304123
germany_u021,germany_0096,0.7640649798398834
germany_u021,germany_0067,0.7891143361861181
germany_u021,germany_0087,0.7183740381533538
germany_u021,germany_0083,1.3552895580484072
germany_u021,germany_0007,1.1655043617240506
germany_u021,germany_0089,0.874335773039834
germany_u021,germany_0071,1.1441350745322922
germany_u021,germany_0078,1.5102827765925768
germany_u021,germany_0000,0.9225507972479452
germany_u021,germany_0085,1.8728686640455705
germany_u021,germany_0010,0.9595193557665587
germany_u021,germany_0017,0.7972685462342799
germany_u021,germany_0081,1.9318517703092217
germany_u021,germany_0102,1.715840915177269
germany_u021,germany_0034,1.0147064372651984
germany_u021,germany_0086,1.762147776715814
germany_u021,germany_0035,1.2782213737307
germany_u021,germany_0047,1.020128747391594
germany_u021,germany_0101,1.7594173843088214
germany_u021,germany_0064,1.6282476002966606
germany_u021,germany_0055,0.9468122639646588
germany_u021,germany_0026,1.4100177728869607
germany_u021,germany_0041,1.0540853352796957
germany_u021,germany_0088,0.5015779588405822
germany_u021,germany_0002,1.942723612100419
germany_u021,germany_0015,1.324443614109255
germany_u021,germany_0084,1.3976489024986747
germany_u021,germany_0032,1.3998371385159425
germany_u022,germany_0052,1.575437893841711
germany_u022,germany_0071,1.5750695122658454
germany_u022,germany_0051,1.92588257607364
germany_u022,germany_0001,1.3529897267724835
germany_u022,germany_0053,0.9419316586815103
germany_u022,germany_0061,1.2342931989957162
germany_u022,germany_0077,1.4205707250888788
germany_u022,germany_0069,1.1400946993653687
germany_u022,germany_0075,1.6866996850393223
germany_u022,germany_0018,1.3769198183237565
germany_u022,germany_0043,0.5141535914414759
germany_u022,germany_0065,1.3547598323480128
germany_u022,germany_0073,1.4504056789127915
germany_u022,germany_0040,1.872891877316106
germany_u022,germany_0047,1.1205825104962828
germany_u022,germany_0049,1.3617014889070376
germany_u022,germany_0010,1.212496176071561
germany_u022,germany_0014,1.2974846427033282
germany_u022,germany_0008,0.6009561060034947
germany_u022,germany_0045,1.8459255012996523
germany_u022,germany_0074,1.8656185097474385
germany_u022,germany_0015,1.322089414763949
germany_u022,germany_0067,1.3348332735814183
germany_u022,germany_0016,0.5863340539159319
germany_u022,germany_0012,1.396925769679635
germany_u022,germany_0017,1.1437276848187437
germany_u022,germany_0055,1.5635654453516559
germany_u022,germany_0020,0.5706873748933585
germany_u022,germany_0098,1.5663315240942346
germany_u022,germany_0002,0.9303407357484708
germany_u022,germany_0000,1.4775579956796618
germany_u022,germany_0066,1.4406889629681845
germany_u022,germany_0102,0.8402622269483488
germany_u022,germany_0088,1.1606785178244001
germany_u022,germany_0033,1.7534498885799867
germany_u022,germany_0011,1.4083874653921609
germany_u022,germany_0099,0.6031074529676173
germany_u022,germany_0104,1.1643632469812446
germany_u022,germany_0048,0.9676571881668755
germany_u022,germany_0013,1.462468518367449
germany_u023,germany_0071,1.2925509805643332
germany_u023,germany_0052,0.6950696601272992
germany_u023,germany_0053,0.814901469640392
germany_u023,germany_0073,1.5440614421361394
germany_u023,germany_0040,0.8857130557117942
germany_u023,germany_0069,1.8378323027627248
germany_u023,germany_0055,1.485754637636255
germany_u023,germany_0016,1.7484252273662135
germany_u023,germany_0049,1.4227843074952762
germany_u023,germany_0017,1.8032743865330239
germany_u023,germany_0075,1.0425270125332253
germany_u023,germany_0020,1.3237108653283696
germany_u023,germany_0065,1.2738356006665004
germany_u023,germany_0067,1.8556860621169557
germany_u023,germany_0015,0.7473731129129203
germany_u023,germany_0001,1.3670911447800387
germany_u023,germany_0047,1.6316467913404704
germany_u023,germany_0043,1.0550746408004905
germany_u023,germany_0051,1.8013722869239646
germany_u023,germany_0010,1.059522150616601
germany_u023,germany_0018,0.7599631398438742
germany_u023,germany_0077,1.3760725331075476
germany_u023,germany_0074,1.1308520150559687
germany_u023,germany_0014,0.5227851570230069
germany_u023,germany_0008,0.6047578887402548
germany_u023,germany_0045,0.792915770309885
germany_u023,germany_0061,1.6539949392772284
germany_u023,germany_0012,1.8380592740506225
germany_u023,germany_0041,1.3184613110213337
germany_u023,germany_0086,0.6583481937711853
germany_u023,germany_0035,1.301628428362769
germany_u023,germany_0100,1.7834081908954174
germany_u023,germany_0078,1.6242164436838844
germany_u023,germany_0060,0.9366472455460624
germany_u023,germany_0023,0.6858359139325367
germany_u023,germany_0082,1.8510225496433645
germany_u023,germany_0011,1.7811331199483165
germany_u023,germany_0036,0.5805730477178387
germany_u023,germany_0031,1.7355117347368463
germany_u023,germany_0025,0.6458189566774093
great_britain_u000,great_britain_0065,1.460510931686726
great_britain_u000,great_britain_0072,1.6816290782989403
great_britain_u000,great_britain_0063,1.8454141877499608
great_britain_u000,great_britain_0062,1.5200912831451419
great_britain_u000,great_britain_0043,0.6014593317545965
great_britain_u000,great_britain_0064,0.7747105187746703
great_britain_u000,great_britain_0056,1.930967273400626
great_britain_u000,great_britain_0047,1.9529757100658394
great_britain_u000,great_britain_0048,1.9511199705475437
great_britain_u000,great_britain_0055,0.555199100600177
great_britain_u000,great_britain_0052,1.0736722519241275
great_britain_u000,great_britain_0049,1.639509055981994
great_britain_u000,great_britain_0060,1.6293287054867462
great_britain_u000,great_britain_0045,0.6288633574249378
great_britain_u000,great_britain_0035,1.4142333306342785
great_britain_u000,great_britain_0071,0.7143044278112862
great_britain_u000,great_britain_0058,1.2398139993016901
great_britain_u000,great_britain_0074,0.8595285512616823
great_britain_u000,great_britain_0039,0.5797417576020916
great_britain_u000,great_britain_0066,0.6200291382899143
great_britain_u000,great_britain_0069,1.8663394245948624
great_britain_u000,great_britain_0042,1.6169689463023011
great_britain_u000,great_britain_0070,1.8977359726594256
great_britain_u000,great_britain_0075,1.204984898500329
great_britain_u000,great_britain_0067,1.1199387484292065
great_britain_u000,great_britain_0059,1.0376109387531434
great_britain_u000,great_britain_0046,1.424460644078135
great_britain_u000,great_britain_0094,1.0273390804570004
great_britain_u000,great_britain_0010,1.6194098509730093
great_britain_u000,great_britain_0019,1.7019759893237931
great_britain_u000,great_britain_0020,1.8137668901440716
great_britain_u000,great_britain_0095,0.864201395367916
great_britain_u000,great_britain_0009,1.2905330739385632
great_britain_u000,great_britain_0086,0.8351669250947582
great_britain_u000,great_britain_0051,0.5563337351305118
great_britain_u000,great_britain_0077,1.5617379562547566
great_britain_u000,great_britain_0012,1.323471910902687
great_britain_u000,great_britain_0084,1.5858909193296256
great_britain_u000,great_britain_0103,0.6314343671098057
great_britain_u000,great_britain_0090,1.9932892685929129
great_britain_u001,great_britain_0035,1.5439004036032533
great_britain_u001,great_britain_0039,1.7682799068173414
great_britain_u001,great_britain_0064,1.5813772851180148
great_britain_u001,great_britain_0052,0.7609813386044022
great_britain_u001,great_britain_0071,1.0493256272003861
great_britain_u001,great_britain_0074,0.7376205701716669
great_britain_u001,great_britain_0043,1.530086299337077
great_britain_u001,great_britain_0045,0.8722578173253412
great_britain_u001,great_britain_0046,1.2880803992777703
great_britain_u001,great_britain_0065,1.6877447647920265
great_britain_u001,great_britain_0069,1.5064089123824227
great_britain_u001,great_britain_0049,0.947560985997699
great_britain_u001,great_britain_0048,0.9993001259245113
great_britain_u001,great_britain_0070,1.4800464299045477
great_britain_u001,great_britain_0063,1.3242016240099161
great_britain_u001,great_britain_0060,0.6445902312050666
great_britain_u001,great_britain_0047,1.8109873839103192
great_britain_u001,great_britain_0075,1.2689198720804429
great_britain_u001,great_britain_0058,1.210041519796198
great_britain_u001,great_britain_0055,0.7976590049483935
great_britain_u001,great_britain_0066,1.065490728455806
great_britain_u001,great_britain_0059,0.9992372934726487
great_britain_u001,great_britain_0056,0.9061035242441402
great_britain_u001,great_britain_0072,1.3511098619701598
great_britain_u001,great_britain_0062,1.193413040420423
great_britain_u001,great_britain_0042,1.8337965279720008
great_britain_u001,great_britain_0067,1.9120159655707414
great_britain_u001,great_britain_0023,0.8292101438421363
great_britain_u001,great_britain_0078,0.6501581431508158
great_britain_u001,great_britain_0081,1.6780063272316241
great_britain_u001,great_britain_0079,1.9922921054579135
great_britain_u001,great_britain_0084,1.7954001047812311
great_britain_u001,great_britain_0024,0.5355461031781021
great_britain_u001,great_britain_0073,0.876895326059699
great_britain_u001,great_britain_0005,0.5650134155618959
great_britain_u001,great_britain_0004,1.7311690655617498
great_britain_u001,great_britain_0083,1.3721104644384745
great_britain_u001,great_britain_0041,1.2705778117505808
great_britain_u001,great_britain_0082,1.3316748229947915
great_britain_u001,great_britain_0037,0.8786768880448868
great_britain_u002,great_britain_0017,0.5916941035401377
great_britain_u002,great_britain_0006,1.7498675582019865
great_britain_u002,great_britain_0082,0.5409711756068775
great_britain_u002,great_britain_0040,0.7075560393404052
great_britain_u002,great_britain_0050,1.6967367857399434
great_britain_u002,great_britain_0004,1.1973066857868364
great_britain_u002,great_britain_0044,1.8220830565322506
great_britain_u002,great_britain_0092,1.4531439091866254
great_britain_u002,great_britain_0054,1.435293131555612
great_britain_u002,great_britain_0102,0.9383526591980222
great_britain_u002,great_britain_0026,0.7005207853276003
great_britain_u002,great_britain_0066,1.941758586345024
great_britain_u002,great_britain_0038,0.6571965337150927
great_britain_u002,great_britain_0020,1.2935159001103513
great_britain_u002,great_britain_0051,0.9088528862521703
great_britain_u002,great_britain_0078,0.8962109953721821
great_britain_u002,great_britain_0001,1.3918793289542197
great_britain_u002,great_britain_0021,1.6969011757683032
great_britain_u002,great_britain_0014,1.665769224246918
great_britain_u002,great_britain_0055,1.8032025337903304
great_britain_u002,great_britain_0048,0.9393541068685507
great_britain_u002,great_britain_0037,1.1986270725726107
great_britain_u002,great_britain_0098,0.5140018598300374
great_britain_u002,great_britain_0072,1.6202864347045483
great_britain_u002,great_britain_0007,0.9535146682134246
great_britain_u002,great_britain_0010,1.3422402999052796
great_britain_u002,great_britain_0083,0.753950423029176
great_britain_u002,great_britain_0016,1.7290992607014928
great_britain_u002,great_britain_0097,1.7259083289174166
great_britain_u002,great_britain_0022,1.8161793721294333
great_britain_u002,great_britain_0103,0.5689054956600843
great_britain_u002,great_britain_0030,1.9886880646625205
great_britain_u002,great_britain_0027,0.8716691216595418
great_britain_u002,great_britain_0090,0.9641505290710242
great_britain_u002,great_britain_0045,0.8740035937856692
great_britain_u002,great_britain_0053,0.9012990475497986
great_britain_u002,great_britain_0013,1.32899203415547
great_britain_u002,great_britain_0041,0.8597158164556693
great_britain_u002,great_britain_0042,1.0906569671006072
great_britain_u002,great_britain_0085,1.4834098736648231
great_britain_u003,great_britain_0071,0.7404087202746372
great_britain_u003,great_britain_0046,1.4988720509037399
great_britain_u003,great_britain_0042,1.2513030942901535
great_britain_u003,great_britain_0062,1.308845836483516
great_britain_u003,great_britain_0049,1.7410889933532627
great_britain_u003,great_britain_0070,1.0048155138311345
great_britain_u003,great_britain_0043,1.5006421393334946
great_britain_u003,great_britain_0048,1.049287200443938
great_britain_u003,great_britain_0066,0.5640858448706438
great_britain_u003,great_britain_0056,1.0670226610045233
great_britain_u003,great_britain_0035,1.925051694806202
great_britain_u003,great_britain_0060,1.2248937231326256
great_britain_u003,great_britain_0067,0.6623456552553022
great_britain_u003,great_britain_0074,1.5317402440643388
great_britain_u003,great_britain_0065,1.9450690245777817
great_britain_u003,great_britain_0047,1.8619178698163856
great_britain_u003,great_britain_0064,1.357941256712208
great_britain_u003,great_britain_0072,1.0644211165227968
great_britain_u003,great_britain_0055,1.3710165027638606
great_britain_u003,great_britain_0063,1.7238965932988743
great_britain_u003,great_britain_0059,1.7918560130276813
great_britain_u003,great_britain_0045,1.7282658274136617
great_britain_u003,great_britain_0052,1.1832145676626067
great_britain_u003,great_britain_0075,0.678286984355345
great_britain_u003,great_britain_0039,1.3537601401081645
great_britain_u003,great_britain_0069,0.7346432420500478
great_britain_u003,great_britain_0058,0.591437500846784
great_britain_u003,great_britain_0079,1.2480017501432914
great_britain_u003,great_britain_0015,1.483060175069942
great_britain_u003,great_britain_0029,1.7812209596095896
great_britain_u003,great_britain_0103,1.6742533309314553
great_britain_u003,great_britain_0009,1.7858607691348223
great_britain_u003,great_britain_0086,1.6401031562313357
great_britain_u003,great_britain_0020,1.554859095359209
great_britain_u003,great_britain_0099,0.5152063537110494
great_britain_u003,great_britain_0005,1.4391534677138158
great_britain_u003,great_britain_0003,0.6807227062086765
great_britain_u003,great_britain_0024,0.5880006984988115
great_britain_u003,great_britain_0054,0.7346182281584831
great_britain_u003,great_britain_0022,1.7349382421626254
great_britain_u004,great_britain_0083,1.3557244772066037
great_britain_u004,great_britain_0022,1.7122772150568872
great_britain_u004,great_britain_0024,1.8302089089209472
great_britain_u004,great_britain_0007,1.4526698029624567
great_britain_u004,great_britain_0053,1.10471487867634
great_britain_u004,great_britain_0019,0.7317720622342212
great_britain_u004,great_britain_0061,1.1021275091652185
great_britain_u004,great_britain_0089,0.9986227008616753
great_britain_u004,great_britain_0103,1.8050388212857067
great_britain_u004,great_britain_0027,1.230079066115911
great_britain_u004,great_britain_0098,0.8392938499317932
great_britain_u004,great_britain_0073,0.9332016002236698
great_britain_u004,great_britain_0013,0.7047052468140336
great_britain_u004,great_britain_0094,1.8778781736036967
great_britain_u004,great_britain_0100,0.5755187693547028
great_britain_u004,great_britain_0075,0.5192693728338413
great_britain_u004,great_britain_0071,0.7744834002903032
great_britain_u004,great_britain_0001,1.7163110268659385
great_britain_u004,great_britain_0032,1.285200179946622
great_britain_u004,great_britain_0102,1.4387649310654795
great_britain_u004,great_britain_0040,1.0365975131236023
great_britain_u004,great_britain_0043,0.6030169783237551
great_britain_u004,great_britain_0097,1.7842372437382523
great_britain_u004,great_britain_0054,0.7878414081881111
great_britain_u004,great_britain_0038,0.549588800817672
great_britain_u004,great_britain_0009,1.3590562038997906
great_britain_u004,great_britain_0074,0.6249338305769017
great_britain_u004,great_britain_0101,0.6436427777897513
great_britain_u004,great_britain_0000,1.7005655472237877
great_britain_u004,great_britain_0026,1.237414383976993
great_britain_u004,great_britain_0099,0.8622626783707146
great_britain_u004,great_britain_0039,1.022939635039278
great_britain_u004,great_britain_0078,1.5938614682647572
great_britain_u004,great_britain_0080,0.5995312171349028
great_britain_u004,great_britain_0021,0.6747209238998149
great_britain_u004,great_britain_0020,1.4243930524858546
great_britain_u004,great_britain_0076,1.410457601700661
great_britain_u004,great_britain_0096,1.9586932768030576
great_britain_u004,great_britain_0014,1.0618242218831744
great_britain_u004,great_britain_0064,0.5976164407662738
great_britain_u005,great_britain_0077,1.9353329004742879
great_britain_u005,great_britain_0037,0.7857795904811042
great_britain_u005,great_britain_0057,0.7747709054505144
great_britain_u005,great_britain_0088,1.167552943747298
great_britain_u005,great_britain_0032,0.7839595388008538
great_britain_u005,great_britain_0099,0.7350626844284123
great_britain_u005,great_britain_0051,0.6438193065516282
great_britain_u005,great_britain_0090,1.460256872162374
great_britain_u005,great_britain_0031,1.418123382352844
great_britain_u005,great_britain_0091,1.4752443378169495
great_britain_u005,great_britain_0020,1.6599500120140944
great_britain_u005,great_britain_0023,0.9895370191888637
great_britain_u005,great_britain_0038,1.8776356004178822
great_britain_u005,great_britain_0015,1.599806916603134
great_britain_u005,great_britain_0001,1.7070628828717802
great_britain_u005,great_britain_0101,1.5814432457400667
great_britain_u005,great_britain_0097,1.0376834681488427
great_britain_u005,great_britain_0029,0.9245487320939524
great_britain_u005,great_britain_0014,1.1337756043685212
great_britain_u005,great_britain_0033,0.6455455408000377
great_britain_u005,great_britain_0028,1.1769207523489207
great_britain_u005,great_britain_0095,0.5647114746428598
great_britain_u005,great_britain_0041,0.5059189400407917
great_britain_u005,great_britain_0012,1.8972484092120392
great_britain_u005,great_britain_0030,1.5340052908818393
great_britain_u005,great_britain_0104,1.3427704205989535
great_britain_u005,great_britain_0096,1.0116530591345867
great_britain_u005,great_britain_0021,1.3558070220276113
great_britain_u005,great_britain_0025,1.8373636645074976
great_britain_u005,great_britain_0034,1.4785702009157968
great_britain_u005,great_britain_0086,1.4037229969302563
great_britain_u005,great_britain_0022,1.190306754457517
great_britain_u005,great_britain_0042,1.0185455459762869
great_britain_u005,great_britain_0056,1.5478206708825677
great_britain_u005,great_britain_0008,1.9714714115237213
great_britain_u005,great_britain_0085,1.1371365402808853
great_britain_u005,great_britain_0036,1.0883078060213012
great_britain_u005,great_britain_0003,1.1421702085475638
great_britain_u005,great_britain_0000,1.1383159520745822
great_britain_u005,great_britain_0009,1.9859371600527427
great_britain_u006,great_britain_0098,0.7330994993481097
great_britain_u006,great_britain_0100,1.300082001252421
great_britain_u006,great_britain_0089,1.5434265424312155
great_britain_u006,great_britain_0027,0.7932399424177199
great_britain_u006,great_britain_0022,1.1545384211488463
great_britain_u006,great_britain_0024,1.1669824554370936
great_britain_u006,great_britain_0061,0.8239687236191942
great_britain_u006,great_britain_0094,1.3475741693781966
great_britain_u006,great_britain_0053,0.718903530172551
great_britain_u006,great_britain_0007,1.26462375997787
great_britain_u006,great_britain_0073,0.6701472670489992
great_britain_u006,great_britain_0013,1.2283136132827062
great_britain_u006,great_britain_0019,0.9673985823133353
great_britain_u006,great_britain_0103,1.1783694381223024
great_britain_u006,great_britain_0083,1.1506240391647613
great_britain_u006,great_britain_0057,1.8618996842278892
great_britain_u006,great_britain_0009,1.2349033999346941
great_britain_u006,great_britain_0003,1.7277483558153115
great_britain_u006,great_britain_0049,0.8384785893675728
great_britain_u006,great_britain_0099,1.0281241919513882
great_britain_u006,great_britain_0101,0.6126340709497864
great_britain_u006,great_britain_0010,1.1311216922322405
great_britain_u006,great_britain_0042,1.5030498306123965
great_britain_u006,great_britain_0090,1.7572505511640943
great_britain_u006,great_britain_0012,1.3488723676987329
great_britain_u006,great_britain_0044,1.4601090043896177
great_britain_u006,great_britain_0037,0.7659006164254223
great_britain_u006,great_britain_0043,0.5558090573501591
great_britain_u006,great_britain_0063,1.687532217765974
great_britain_u006,great_britain_0004,0.7505573111619296
great_britain_u006,great_britain_0033,0.6367543032991286
great_britain_u006,great_britain_0016,1.906343481359893
great_britain_u006,great_britain_0095,1.9452820460887648
great_britain_u006,great_britain_0064,1.424385937403742
great_britain_u006,great_britain_0054,1.06795590903094
great_britain_u006,great_britain_0091,1.7498593114460779
great_britain_u006,great_britain_0068,0.8070799390031187
great_britain_u006,great_britain_0040,1.1440884911445228
great_britain_u006,great_britain_0015,1.0355259485009025
great_britain_u006,great_britain_0069,1.8690499861125225
great_britain_u007,great_britain_0098,0.6975151280557363
great_britain_u007,great_britain_0019,1.6940245881373925
great_britain_u007,great_britain_0027,1.7067415324212547
great_britain_u007,great_britain_0094,1.4665602922677303
great_britain_u007,great_britain_0089,0.918291437357303
great_britain_u007,great_britain_0100,1.9477224074424726
great_britain_u007,great_britain_0103,0.8066332068353144
great_britain_u007,great_britain_0013,1.2493630675376586
great_britain_u007,great_britain_0061,1.2822306692287793
great_britain_u007,great_britain_0022,0.7427440172540583
great_britain_u007,great_britain_0024,1.5837932334998612
great_britain_u007,great_britain_0073,0.6333007462703597
great_britain_u007,great_britain_0083,1.5396466682700665
great_britain_u007,great_britain_0053,1.7729232444359555
great_britain_u007,great_britain_0007,1.0240946376235993
great_britain_u007,great_britain_0001,1.5641312128988003
great_britain_u007,great_britain_0039,0.7351610122217747
great_britain_u007,great_britain_0037,1.768923502179318
great_britain_u007,great_britain_0064,1.928047547829837
great_britain_u007,great_britain_0069,0.7290405402496654
great_britain_u007,great_britain_0067,1.5377892109584983
great_britain_u007,great_britain_0048,1.2587466448347886
great_britain_u007,great_britain_0049,1.297248997748568
great_britain_u007,great_britain_0093,1.5597345779010323
great_britain_u007,great_britain_0060,1.233110749004656
great_britain_u007,great_britain_0036,1.400489588026575
great_britain_u007,great_britain_0017,0.8463515291170658
great_britain_u007,great_britain_0018,1.0677598947329454
great_britain_u007,great_britain_0041,1.797860525107253
great_britain_u007,great_britain_0030,0.6648537674725784
great_britain_u007,great_britain_0082,1.3963628914004598
great_britain_u007,great_britain_0059,0.7764305933523353
great_britain_u007,great_britain_0076,1.769809396885058
great_britain_u007,great_britain_0004,1.3685659307803246
great_britain_u007,great_britain_0092,1.1045731740054068
great_britain_u007,great_britain_0097,0.8747370104777269
great_britain_u007,great_britain_0062,1.1552670487844516
great_britain_u007,great_britain_0002,1.9364184888826135
great_britain_u007,great_britain_0005,1.263813934615431
great_britain_u007,great_britain_0070,1.2042342975497902
great_britain_u008,great_britain_0056,1.5557266130305352
great_britain_u008,great_britain_0045,0.9264480266172761
great_britain_u008,great_britain_0065,0.8067121325209491
great_britain_u008,great_britain_0048,0.9441318779818969
great_britain_u008,great_britain_0049,1.8135886274996635
great_britain_u008,great_britain_0035,0.9370852597939257
great_britain_u008,great_britain_0060,1.1942317018358537
great_britain_u008,great_britain_0052,1.5586070813633488
great_britain_u008,great_britain_0042,1.8079847955858284
great_britain_u008,great_britain_0069,1.4878567435191563
great_britain_u008,great_britain_0046,1.629663794801634
great_britain_u008,great_britain_0074,0.7599901944439333
great_britain_u008,great_britain_0043,1.8161117415367083
great_britain_u008,great_britain_0055,0.913578775427166
great_britain_u008,great_britain_0070,0.6925672460847736
great_britain_u008,great_britain_0047,1.964366435511004
great_britain_u008,great_britain_0075,0.8024598881812415
great_britain_u008,great_britain_0039,0.7049779551169647
great_britain_u008,great_britain_0071,1.43903135015268
great_britain_u008,great_britain_0072,0.9782947242441429
great_britain_u008,great_britain_0063,0.7000238077707399
great_britain_u008,great_britain_0067,1.401681675823814
great_britain_u008,great_britain_0062,1.6384778408333531
great_britain_u008,great_britain_0064,1.6897975613107348
great_britain_u008,great_britain_0058,0.7332689015184086
great_britain_u008,great_britain_0059,1.3353006019099134
great_britain_u008,great_britain_0066,1.720517556022191
great_britain_u008,great_britain_0073,0.7416305171362778
great_britain_u008,great_britain_0027,0.8115233776560123
great_britain_u008,great_britain_0098,0.5036170961475164
great_britain_u008,great_britain_0022,1.2869512345929321
great_britain_u008,great_britain_0091,0.7920225452929264
great_britain_u008,great_britain_0095,1.5863638635903485
great_britain_u008,great_britain_0033,1.9433207834264086
great_britain_u008,great_britain_0094,0.8131332334986054
great_britain_u008,great_britain_0009,1.473645517645299
great_britain_u008,great_britain_0030,0.817751692187767
great_britain_u008,great_britain_0037,0.527010288469556
great_britain_u008,great_britain_0053,1.637831291321877
great_britain_u008,great_britain_0090,1.1510070149763392
great_britain_u009,great_britain_0006,1.2362473493872757
great_britain_u009,great_britain_0054,0.9103239702897461
great_britain_u009,great_britain_0044,1.5009429140242994
great_britain_u009,great_britain_0040,1.6200956688210753
great_britain_u009,great_britain_0082,1.2080584190798667
great_britain_u009,great_britain_0026,1.5856996483979648
great_britain_u009,great_britain_0017,1.2656563536061642
great_britain_u009,great_britain_0004,1.5693075829505139
great_britain_u009,great_britain_0102,0.837452371693588
great_britain_u009,great_britain_0050,1.608264568899563
great_britain_u009,great_britain_0092,1.5726860351855265
great_britain_u009,great_britain_0012,0.8999085605737664
great_britain_u009,great_britain_0053,1.3339564865602624
great_britain_u009,great_britain_0019,1.7829675018116025
great_britain_u009,great_britain_0020,0.8742839704586585
great_britain_u009,great_britain_0089,1.6039696760220146
great_britain_u009,great_britain_0011,1.9309500757203306
great_britain_u009,great_britain_0052,1.7993628796363474
great_britain_u009,great_britain_0039,1.1022801240204143
great_britain_u009,great_britain_0058,1.4108115994822077
great_britain_u009,great_britain_0001,1.9876552013790558
great_britain_u009,great_britain_0023,1.3526561170635776
great_britain_u009,great_britain_0033,0.6725414036455499
great_britain_u009,great_britain_0038,0.5681461321681414
great_britain_u009,great_britain_0007,1.6854717646160426
great_britain_u009,great_britain_0059,1.1354424881027692
great_britain_u009,great_britain_0071,0.8702193359437916
great_britain_u009,great_britain_0030,1.0215080459914205
great_britain_u009,great_britain_0104,1.6360592998196783
great_britain_u009,great_britain_0055,1.1978710034507438
great_britain_u009,great_britain_0060,1.8027492387888149
great_britain_u009,great_britain_0081,1.602388383166549
great_britain_u009,great_britain_0087,1.9610212256681376
great_britain_u009,great_britain_0041,1.832755650184765
great_britain_u009,great_britain_0079,0.8818208176790137
great_britain_u009,great_britain_0093,1.48858884920383
great_britain_u009,great_britain_0036,0.5308145517922158
great_britain_u009,great_britain_0010,1.9866600866443973
great_britain_u009,great_britain_0065,0.8915091632038948
great_britain_u009,great_britain_0100,1.497192640435376
great_britain_u010,great_britain_0068,1.9885747641409086
great_britain_u010,great_britain_0018,1.5569577783952315
great_britain_u010,great_britain_0084,0.5759999439243055
great_britain_u010,great_britain_0008,1.1730300778876939
great_britain_u010,great_britain_0093,0.757456268943274
great_britain_u010,great_britain_0081,0.6844169846031819
great_britain_u010,great_britain_0015,1.380598120023203
great_britain_u010,great_britain_0076,1.2584838344603235
great_britain_u010,great_britain_0097,1.6142998764732623
great_britain_u010,great_britain_0047,1.8384593423477895
great_britain_u010,great_britain_0005,0.870022786147493
great_britain_u010,great_britain_0062,1.8844879799830956
great_britain_u010,great_britain_0086,1.276987658831143
great_britain_u010,great_britain_0026,0.8882523772776758
great_britain_u010,great_britain_0065,1.768678757153914
great_britain_u010,great_britain_0034,0.5532948770435338
great_britain_u010,great_britain_0022,1.3392640662094408
great_britain_u010,great_britain_0082,1.5824323025449498
great_britain_u010,great_britain_0028,0.9199665307342149
great_britain_u010,great_britain_0004,1.7952378763448267
great_britain_u010,great_britain_0013,0.8604268450369773
great_britain_u010,great_britain_0078,1.7598114240976086
great_britain_u010,great_britain_0019,0.6178174457486858
great_britain_u010,great_britain_0044,0.739891387802647
great_britain_u010,great_britain_0054,1.0714768758528623
great_britain_u010,great_britain_0083,1.781083269197269
great_britain_u010,great_britain_0000,0.7168780476901737
great_britain_u010,great_britain_0017,1.8131573596913624
great_britain_u010,great_britain_0104,0.8445972899191906
great_britain_u010,great_britain_0070,1.178762597891793
great_britain_u010,great_britain_0103,1.0291016063905065
great_britain_u010,great_britain_0085,0.6771893399217853
great_britain_u010,great_britain_0003,1.91646460927871
great_britain_u010,great_britain_0096,1.1572674361283202
great_britain_u010,great_britain_0023,1.5354968920342917
great_britain_u010,great_britain_0079,1.3629015149960466
great_britain_u010,great_britain_0077,1.252573875278311
great_britain_u010,great_britain_0031,1.4248664353352734
great_britain_u010,great_britain_0073,1.8475134593036433
great_britain_u010,great_britain_0051,1.5489685635411643
great_britain_u011,great_britain_0030,1.5728075064832197
great_britain_u011,great_britain_0077,0.884925118907813
great_britain_u011,great_britain_0023,1.2642479077066622
great_britain_u011,great_britain_0037,0.6674240700082337
great_britain_u011,great_britain_0099,1.977943884854374
great_britain_u011,great_britain_0028,0.6880771086049329
great_britain_u011,great_britain_0012,1.1178888899628174
great_britain_u011,great_britain_0096,1.777474253501699
great_britain_u011,great_britain_0014,0.8673304227206102
great_britain_u011,great_britain_0104,0.9004576780192601
great_britain_u011,great_britain_0015,1.7127492738360992
great_britain_u011,great_britain_0029,0.910009485788019
great_britain_u011,great_britain_0057,0.5043069666422195
great_britain_u011,great_britain_0051,1.1418705807349248
great_britain_u011,great_britain_0032,0.5188028145177125
great_britain_u011,great_britain_0020,1.8646884257440504
great_britain_u011,great_britain_0041,1.4627198362688314
great_britain_u011,great_britain_0091,1.3745213993318632
great_britain_u011,great_britain_0033,0.8023842662935446
great_britain_u011,great_britain_0095,1.5499192781429545
great_britain_u011,great_britain_0021,1.5158819655175186
great_britain_u011,great_britain_0034,0.5906953608880474
great_britain_u011,great_britain_0031,1.8212697962158588
great_britain_u011,great_britain_0025,1.3691200443947082
great_britain_u011,great_britain_0088,1.6887003215579153
great_britain_u011,great_britain_0090,0.8943711081932664
great_britain_u011,great_britain_0097,0.6830716996301812
great_britain_u011,great_britain_0101,1.5536743597801768
great_britain_u011,great_britain_0001,1.6908240293827432
great_britain_u011,great_britain_0038,1.0790503004289371
great_britain_u011,great_britain_0074,0.5355384129744669
great_britain_u011,great_britain_0027,1.727381036980797
great_britain_u011,great_britain_0092,0.8091408594956611
great_britain_u011,great_britain_0081,1.0085479128462322
great_britain_u011,great_britain_0008,1.4423465116656953
great_britain_u011,great_britain_0006,0.649932078816954
great_britain_u011,great_britain_0002,0.6079936492076947
great_britain_u011,great_britain_0013,0.5385556573629113
great_britain_u011,great_britain_0044,1.874959790359183
great_britain_u011,great_britain_0076,0.9670741164029835
great_britain_u012,great_britain_0000,1.2132325066922678
great_britain_u012,great_britain_0080,1.1766010871816879
great_britain_u012,great_britain_0078,0.5881844923505241
great_britain_u012,great_britain_0003,1.8385656559348504
great_britain_u012,great_britain_0079,1.7272242626230032
great_britain_u012,great_britain_0016,1.1843767170918007
great_britain_u012,great_britain_0087,0.9191599590792101
great_britain_u012,great_britain_0085,1.0143809096397958
great_britain_u012,great_britain_0002,0.6847408788093342
great_britain_u012,great_britain_0005,1.5826846119585838
great_britain_u012,great_britain_0076,1.3350047848322866
great_britain_u012,great_britain_0036,0.8511551342373425
great_britain_u012,great_britain_0086,1.4345083581165345
great_britain_u012,great_britain_0010,1.968845321382462
great_britain_u012,great_britain_0011,0.6835927032142688
great_britain_u012,great_britain_0009,1.1877275159379916
great_britain_u012,great_britain_0081,1.24123823138319
great_britain_u012,great_britain_0069,0.7501958207357036
great_britain_u012,great_britain_0060,1.2973703164959722
great_britain_u012,great_britain_0072,1.4089658878221352
great_britain_u012,great_britain_0012,0.736016808227743
great_britain_u012,great_britain_0021,0.7320858485133146
great_britain_u012,great_britain_0032,1.784523073450634
great_britain_u012,great_britain_0048,0.9670811550050673
great_britain_u012,great_britain_0046,1.4455000806179465
great_britain_u012,great_britain_0007,1.4401596135128212
great_britain_u012,great_britain_0065,1.7587563133739526
great_britain_u012,great_britain_0071,1.609841946847285
great_britain_u012,great_britain_0037,1.7608646501574168
great_britain_u012,great_britain_0103,1.4378221844759986
great_britain_u012,great_britain_0035,1.174185740770991
great_britain_u012,great_britain_0001,1.090349781969612
great_britain_u012,great_britain_0095,1.0685446499921538
great_britain_u012,great_britain_0102,1.1275896468637367
great_britain_u012,great_britain_0019,0.6939638782306554
great_britain_u012,great_britain_0058,1.1359375565047505
great_britain_u012,great_britain_0026,1.0841673608039317
great_britain_u012,great_britain_0041,0.5518574949773472
great_britain_u012,great_britain_0062,0.91269613298951
great_britain_u012,great_britain_0043,1.6278604621103252
great_britain_u013,great_britain_0077,1.729622734996758
great_britain_u013,great_britain_0031,1.0878645149995312
great_britain_u013,great_britain_0021,1.022758517893656
great_britain_u013,great_britain_0012,1.374482938817831
great_britain_u013,great_britain_0028,1.197029626541722
great_britain_u013,great_britain_0057,1.9656678806916248
great_britain_u013,great_britain_0051,1.2745841352922622
great_britain_u013,great_britain_0095,1.0777580433740324
great_britain_u013,great_britain_0041,1.0924003146928043
great_britain_u013,great_britain_0034,1.321909925919675
great_britain_u013,great_britain_0090,1.032368057012293
great_britain_u013,great_britain_0025,1.584359902947404
great_britain_u013,great_britain_0099,1.0709943915524613
great_britain_u013,great_britain_0088,1.0762165797878647
great_britain_u013,great_britain_0020,1.425459874065207
great_britain_u013,great_britain_0023,0.591270309044015
great_britain_u013,great_britain_0001,1.4830323771727192
great_britain_u013,great_britain_0015,1.2574583257380307
great_britain_u013,great_britain_0033,1.1795391714299623
great_britain_u013,great_britain_0091,1.578879486061927
great_britain_u013,great_britain_0096,1.6373836730072915
great_britain_u013,great_britain_0038,1.769391295118689
great_britain_u013,great_britain_0032,1.062204681226171
great_britain_u013,great_britain_0097,0.9905565383800716
great_britain_u013,great_britain_0037,1.5715131522417791
great_britain_u013,great_britain_0029,1.3727072887106688
great_britain_u013,great_britain_0104,1.447702319527725
great_britain_u013,great_britain_0030,1.333284360658753
great_britain_u013,great_britain_0014,1.6590395348057818
great_britain_u013,great_britain_0101,0.7850613327382298
great_britain_u013,great_britain_0063,1.3335681991120951
great_britain_u013,great_britain_0004,0.7371526834154447
great_britain_u013,great_britain_0081,1.1108779089364877
great_britain_u013,great_britain_0098,1.4959907351241122
great_britain_u013,great_britain_0045,1.2396074124712557
great_britain_u013,great_britain_0087,1.0693873050082718
great_britain_u013,great_britain_0089,1.827455002123409
great_britain_u013,great_britain_0022,1.6592385717462177
great_britain_u013,great_britain_0026,1.2894361775005625
great_britain_u013,great_britain_0062,1.9250797335132317
great_britain_u014,great_britain_0009,1.1263103538927384
great_britain_u014,great_britain_0086,0.8027277403445678
great_britain_u014,great_britain_0079,1.9302515222422558
great_britain_u014,great_britain_0036,1.9933962901169742
great_britain_u014,great_britain_0085,1.0564038801824982
great_britain_u014,great_britain_0080,1.563843479115798
great_britain_u014,great_britain_0011,1.111656095994861
great_britain_u014,great_britain_0016,0.7092638065793095
great_britain_u014,great_britain_0010,1.0053902715531629
great_britain_u014,great_britain_0005,0.8500575480734949
great_britain_u014,great_britain_0087,0.9921173306111296
great_britain_u014,great_britain_0000,0.8225325325965748
great_britain_u014,great_britain_0081,0.6685176785873697
great_britain_u014,great_britain_0002,0.8261426440436194
great_britain_u014,great_britain_0003,1.8586355477447642
great_britain_u014,great_britain_0076,0.6278325136647931
great_britain_u014,great_britain_0078,0.9871349656328517
great_britain_u014,great_britain_0055,1.292674841753953
great_britain_u014,great_britain_0043,1.0317689842675353
great_britain_u014,great_britain_0030,1.2764106425283308
great_britain_u014,great_britain_0046,0.565130090351531
great_britain_u014,great_britain_0054,1.4728544500465666
great_britain_u014,great_britain_0059,1.3452182023340904
great_britain_u014,great_britain_0090,1.5214493987820372
great_britain_u014,great_britain_0077,1.3508867237408555
great_britain_u014,great_britain_0029,1.1568553736384948
great_britain_u014,great_britain_0062,1.0252123134411237
great_britain_u014,great_britain_0096,0.8396527851496642
great_britain_u014,great_britain_0066,1.2501015902099188
great_britain_u014,great_britain_0098,0.5390786785662605
great_britain_u014,great_britain_0013,0.9923612421489887
great_britain_u014,great_britain_0065,1.516808440346794
great_britain_u014,great_britain_0058,0.6630755595295389
great_britain_u014,great_britain_0017,0.5943368634792929
great_britain_u014,great_britain_0074,1.478267907937048
great_britain_u014,great_britain_0022,1.0966620817135253
great_britain_u014,great_britain_0047,1.7027375548240715
great_britain_u014,great_britain_0004,1.9059669559569858
great_britain_u014,great_britain_0032,1.9355606805988654
great_britain_u014,great_britain_0071,1.1383892808412688
great_britain_u015,great_britain_0080,0.8907761077887983
great_britain_u015,great_britain_0002,1.8682055073497366
great_britain_u015,great_britain_0016,0.9634543136139739
great_britain_u015,great_britain_0076,1.9621390003184151
great_britain_u015,great_britain_0079,0.8622171278230726
great_britain_u015,great_britain_0009,1.5846066312215672
great_britain_u015,great_britain_0087,1.3608549403577535
great_britain_u015,great_britain_0005,1.5453050742871979
great_britain_u015,great_britain_0085,1.4659369199137715
great_britain_u015,great_britain_0010,1.5601228753963838
great_britain_u015,great_britain_0011,1.8583205726531884
great_britain_u015,great_britain_0078,1.3452042440937222
great_britain_u015,great_britain_0000,0.6017731743559929
great_britain_u015,great_britain_0036,0.9062381516703493
great_britain_u015,great_britain_0086,1.5623284706131457
great_britain_u015,great_britain_0081,1.24111194196351
great_britain_u015,great_britain_0003,1.3228279739295303
great_britain_u015,great_britain_0043,1.3948706830704372
great_britain_u015,great_britain_0027,1.073943909476855
great_britain_u015,great_britain_0074,1.6608432876317827
great_britain_u015,great_britain_0096,1.5853023258448227
great_britain_u015,great_britain_0041,1.5714491182896708
great_britain_u015,great_britain_0072,1.572965261052417
great_britain_u015,great_britain_0056,1.8355370024813717
great_britain_u015,great_britain_0053,1.3930891691649117
great_britain_u015,great_britain_0026,1.9506082992454374
great_britain_u015,great_britain_0037,0.6787890265859569
great_britain_u015,great_britain_0058,1.4479384648907965
great_britain_u015,great_britain_0091,1.5753898189036932
great_britain_u015,great_britain_0069,1.2158306164315393
great_britain_u015,great_britain_0068,0.9323125796854047
great_britain_u015,great_britain_0092,1.3250561790666486
great_britain_u015,great_britain_0066,1.047121520436054
great_britain_u015,great_britain_0008,1.8636861066017247
great_britain_u015,great_britain_0059,1.0351886187998822
great_britain_u015,great_britain_0028,0.7635604890531936
great_britain_u015,great_britain_0062,1.3645837102481793
great_britain_u015,great_britain_0013,1.093988887070554
great_britain_u015,great_britain_0044,0.6438472172012615
great_britain_u015,great_britain_0064,1.3472635264968624
great_britain_u016,great_britain_0008,1.1816925922462953
great_britain_u016,great_britain_0093,1.7173560440432643
great_britain_u016,great_britain_0018,0.5807695406672115
great_britain_u016,great_britain_0084,0.5019349166844832
great_britain_u016,great_britain_0068,1.2924387344065353
great_britain_u016,great_britain_0073,0.6104178407245704
great_britain_u016,great_britain_0020,1.9648145201795955
great_britain_u016,great_britain_0002,0.5082517610596982
great_britain_u016,great_britain_0062,1.5772244547479697
great_britain_u016,great_britain_0056,0.865077043679331
great_britain_u016,great_britain_0016,1.9513280079080844
great_britain_u016,great_britain_0096,1.0723124759418443
great_britain_u016,great_britain_0063,0.5409251393957977
great_britain_u016,great_britain_0082,0.5404036481131741
great_britain_u016,great_britain_0097,1.330060057587033
great_britain_u016,great_britain_0019,1.9800679685469218
great_britain_u016,great_britain_0060,1.969660302568579
great_britain_u016,great_britain_0083,1.0059094584338988
great_britain_u016,great_britain_0037,1.2240554737833453
great_britain_u016,great_britain_0003,0.6506837086967241
great_britain_u016,great_britain_0094,1.2832652839875975
great_britain_u016,great_britain_0043,1.3995523985724097
great_britain_u016,great_britain_0081,0.8765924984169815
great_britain_u016,great_britain_0055,1.4181716538727607
great_britain_u016,great_britain_0085,1.8495391275443809
great_britain_u016,great_britain_0098,0.5014330001352207
great_britain_u016,great_britain_0088,0.8434006614619167
great_britain_u016,great_britain_0000,0.8148793449859072
great_britain_u016,great_britain_0066,0.6858293045507405
great_britain_u016,great_britain_0071,0.7491518191056528
great_britain_u016,great_britain_0052,1.4388688180480815
great_britain_u016,great_britain_0089,0.654041585225964
great_britain_u016,great_britain_0023,1.6077974135310824
great_britain_u016,great_britain_0005,1.830533885837575
great_britain_u016,great_britain_0050,1.8898815862675535
great_britain_u016,great_britain_0031,1.4902637214795513
great_britain_u016,great_britain_0061,0.7960946159504241
great_britain_u016,great_britain_0087,0.6279448633098619
great_britain_u016,great_britain_0053,0.8480374307104994
great_britain_u016,great_britain_0026,1.9429357786775638
great_britain_u017,great_britain_0045,1.4488735660928627
great_britain_u017,great_britain_0075,1.6351247186763977
great_britain_u017,great_britain_0059,1.6185286881524772
great_britain_u017,great_britain_0052,0.9073480558161164
great_britain_u017,great_britain_0070,0.7716790816455221
great_britain_u017,great_britain_0067,0.9921844758718238
great_britain_u017,great_britain_0056,1.2197667205660876
great_britain_u017,great_britain_0064,1.3606711205955149
great_britain_u017,great_britain_0049,1.7554255434787407
great_britain_u017,great_britain_0060,1.653551341556924
great_britain_u017,great_britain_0074,1.514225788499774
great_britain_u017,great_britain_0058,0.8952339394141409
great_britain_u017,great_britain_0071,1.218320748402415
great_britain_u017,great_britain_0063,1.0031538111919416
great_britain_u017,great_britain_0065,0.8523922693258013
great_britain_u017,great_britain_0047,0.5153680405752192
great_britain_u017,great_britain_0069,1.009192955856036
great_britain_u017,great_britain_0042,0.8841744015719322
great_britain_u017,great_britain_0046,1.3578534904502249
great_britain_u017,great_britain_0039,0.5934526554255684
great_britain_u017,great_britain_0035,0.9057793950653017
great_britain_u017,great_britain_0066,0.5671542349826231
great_britain_u017,great_britain_0043,1.462126856770154
great_britain_u017,great_britain_0072,1.3522843378529372
great_britain_u017,great_britain_0055,1.0062200346117098
great_britain_u017,great_britain_0048,0.7210019006533157
great_britain_u017,great_britain_0062,1.9368797491531027
great_britain_u017,great_britain_0038,1.37658867108292
great_britain_u017,great_britain_0014,1.5186700498581018
great_britain_u017,great_britain_0020,1.297023129904178
great_britain_u017,great_britain_0102,1.7097998714693077
great_britain_u017,great_britain_0028,1.844570074322182
great_britain_u017,great_britain_0104,1.0740658153964446
great_britain_u017,great_britain_0103,1.5350379683459159
great_britain_u017,great_britain_0034,0.8448312268195954
great_britain_u017,great_britain_0084,1.4777825707430576
great_britain_u017,great_britain_0088,1.098733444964829
great_britain_u017,great_britain_0027,0.5101723991019574
great_britain_u017,great_britain_0050,1.933291802633931
great_britain_u017,great_britain_0017,1.8026623183080783
great_britain_u018,great_britain_0008,1.6970641017282628
great_britain_u018,great_britain_0068,1.8975717200738695
great_britain_u018,great_britain_0093,1.1261237377978373
great_britain_u018,great_britain_0084,1.5768989683154366
great_britain_u018,great_britain_0018,0.795198781762114
great_britain_u018,great_britain_0025,1.3018279240317854
great_britain_u018,great_britain_0021,0.5327071666707799
great_britain_u018,great_britain_0014,1.2556258506996454
great_britain_u018,great_britain_0100,1.3180046886882497
great_britain_u018,great_britain_0071,1.603168003667497
great_britain_u018,great_britain_0070,1.4742271853104876
great_britain_u018,great_britain_0049,1.0375951014587024
great_britain_u018,great_britain_0074,0.508596351069682
great_britain_u018,great_britain_0076,0.6732288104344234
great_britain_u018,great_britain_0031,1.9595909802761784
great_britain_u018,great_britain_0033,1.8834997374729587
great_britain_u018,great_britain_0026,0.987639744621718
great_britain_u018,great_britain_0038,0.8882794098858315
great_britain_u018,great_britain_0047,1.154624440535056
great_britain_u018,great_britain_0067,1.5349100444181092
great_britain_u018,great_britain_0024,1.0352415089869604
great_britain_u018,great_britain_0079,0.6009407715967333
great_britain_u018,great_britain_0095,1.1041926386665946
great_britain_u018,great_britain_0063,0.8908834917221479
great_britain_u018,great_britain_0087,0.9873950168168177
great_britain_u018,great_britain_0055,0.7444358686809567
great_britain_u018,great_britain_0040,1.488260104168471
great_britain_u018,great_britain_0058,1.2899463998678373
great_britain_u018,great_britain_0042,0.9062946759430315
great_britain_u018,great_britain_0022,1.330793721959362
great_britain_u018,great_britain_0056,1.239061770750857
great_britain_u018,great_britain_0075,1.6939622848490419
great_britain_u018,great_britain_0012,1.9339764040103025
great_britain_u018,great_britain_0010,0.6960057634679839
great_britain_u018,great_britain_0072,1.8258702183619744
great_britain_u018,great_britain_0034,1.557195407427353
great_britain_u018,great_britain_0039,1.5388303179468572
great_britain_u018,great_britain_0057,1.0614513457137085
great_britain_u018,great_britain_0001,1.0158622931973815
great_britain_u018,great_britain_0032,0.5084592272337755
great_britain_u019,great_britain_0098,1.5553808857673839
great_britain_u019,great_britain_0013,1.7300967320344938
great_britain_u019,great_britain_0019,1.1981609851459476
great_britain_u019,great_britain_0022,1.9807958583234784
great_britain_u019,great_britain_0007,1.8186453187869702
great_britain_u019,great_britain_0053,0.7954320044982373
great_britain_u019,great_britain_0073,1.680133808234356
great_britain_u019,great_britain_0024,1.4014268665246492
great_britain_u019,great_britain_0027,1.302216946711752
great_britain_u019,great_britain_0083,1.2709078798693525
great_britain_u019,great_britain_0103,1.7801167141736436
great_britain_u019,great_britain_0094,1.4163091833551729
great_britain_u019,great_britain_0089,1.3065589775806006
great_britain_u019,great_britain_0100,0.5732898601370736
great_britain_u019,great_britain_0061,1.172454304637836
great_britain_u019,great_britain_0070,1.8620623430682615
great_britain_u019,great_britain_0059,1.5676050940169284
great_britain_u019,great_britain_0054,0.5764309670842301
great_britain_u019,great_britain_0065,1.8259884232265635
great_britain_u019,great_britain_0069,1.740000832065581
great_britain_u019,great_britain_0033,1.3200263173542919
great_britain_u019,great_britain_0018,0.5336081977734222
great_britain_u019,great_britain_0025,1.3436444270507009
great_britain_u019,great_britain_0102,0.5818835748896392
great_britain_u019,great_britain_0068,0.9805684394562206
great_britain_u019,great_britain_0020,1.4433644283541083
great_britain_u019,great_britain_0084,1.8693696258232615
great_britain_u019,great_britain_0002,1.036693455889218
great_britain_u019,great_britain_0045,1.79003567432518
great_britain_u019,great_britain_0016,1.8775415156007744
great_britain_u019,great_britain_0012,0.5315658206859715
great_britain_u019,great_britain_0046,0.8591417566287973
great_britain_u019,great_britain_0017,1.564793448841248
great_britain_u019,great_britain_0011,1.6352645646193227
great_britain_u019,great_britain_0014,1.0886252753255812
great_britain_u019,great_britain_0009,1.4851319191592824
great_britain_u019,great_britain_0015,1.4182379260430527
great_britain_u019,great_britain_0021,1.60966244240159
great_britain_u019,great_britain_0038,1.5779876416176828
great_britain_u019,great_britain_0078,0.6288061969855421
great_britain_u020,great_britain_0003,0.5552773109150797
great_britain_u020,great_britain_0080,1.089322993468103
great_britain_u020,great_britain_0085,1.8953630274514486
great_britain_u020,great_britain_0000,1.5960628151023466
great_britain_u020,great_britain_0016,1.0239041283061625
great_britain_u020,great_britain_0086,1.9520696377730915
great_britain_u020,great_britain_0087,1.143136854883596
great_britain_u020,great_britain_0036,0.9151891159619685
great_britain_u020,great_britain_0079,1.139529867086536
great_britain_u020,great_britain_0010,0.8173148404757491
great_britain_u020,great_britain_0081,1.8284581553011936
great_britain_u020,great_britain_0076,1.0417599656265355
great_britain_u020,great_britain_0078,1.4869534467414822
great_britain_u020,great_britain_0002,1.0835707982407454
great_britain_u020,great_britain_0009,1.8525971269459438
great_britain_u020,great_britain_0005,1.463571127573445
great_britain_u020,great_britain_0011,1.2323778354219492
great_britain_u020,great_britain_0072,0.6982144537720077
great_britain_u020,great_britain_0101,1.8528749942783065
great_britain_u020,great_britain_0056,1.3202253024076565
great_britain_u020,great_britain_0034,0.9275794594421263
great_britain_u020,great_britain_0022,1.8168903377250563
great_britain_u020,great_britain_0018,0.5816606410916116
great_britain_u020,great_britain_0045,0.9711153759943575
great_britain_u020,great_britain_0012,1.3052426018032213
great_britain_u020,great_britain_0068,1.0097215040649394
great_britain_u020,great_britain_0103,1.2151013830682866
great_britain_u020,great_britain_0006,0.8964743784964758
great_britain_u020,great_britain_0075,0.6951246363993457
great_britain_u020,great_britain_0077,0.5552812079252776
great_britain_u020,great_britain_0096,0.7364698473682129
great_britain_u020,great_britain_0040,1.9294197710372176
great_britain_u020,great_britain_0083,1.3631047000051075
great_britain_u020,great_britain_0050,1.2334401879169272
great_britain_u020,great_britain_0015,1.0764857589585628
great_britain_u020,great_britain_0052,1.562630218975078
great_britain_u020,great_britain_0043,0.71188921385914
great_britain_u020,great_britain_0093,0.9141948014789951
great_britain_u020,great_britain_0074,1.4838531794956291
great_britain_u020,great_britain_0062,1.218596546877842
great_britain_u021,great_britain_0036,1.3060281213613316
great_britain_u021,great_britain_0002,0.8821571490340949
great_britain_u021,great_britain_0079,0.981958179327657
great_britain_u021,great_britain_0085,1.2730465232440809
great_britain_u021,great_britain_0076,1.3131243796861258
great_britain_u021,great_britain_0011,0.5205179664105167
great_britain_u021,great_britain_0005,1.9391001279072118
great_britain_u021,great_britain_0003,1.3634093710273452
great_britain_u021,great_britain_0087,1.3837373666137
great_britain_u021,great_britain_0081,0.8172067006307289
great_britain_u021,great_britain_0010,1.6474807682018717
great_britain_u021,great_britain_0080,1.6058967801377642
great_britain_u021,great_britain_0078,0.6427369601071461
great_britain_u021,great_britain_0000,1.3924915583898803
great_britain_u021,great_britain_0009,1.4872906179948198
great_britain_u021,great_britain_0016,1.753352261860816
great_britain_u021,great_britain_0086,0.809136768376566
great_britain_u021,great_britain_0073,1.8164521952096089
great_britain_u021,great_britain_0019,1.1922216075613936
great_britain_u021,great_britain_0043,0.6447854289584671
great_britain_u021,great_britain_0033,0.6584318322663139
great_britain_u021,great_britain_0053,0.7967066805097544
great_britain_u021,great_britain_0037,0.9241260589779627
great_britain_u021,great_britain_0056,1.2446087066896996
great_britain_u021,great_britain_0017,1.62312679661684
great_britain_u021,great_britain_0103,0.7800888530291484
great_britain_u021,great_britain_0090,1.9889776917493047
great_britain_u021,great_britain_0008,0.742282897655469
great_britain_u021,great_britain_0050,1.3990669515832213
great_britain_u021,great_britain_0007,1.89341065380701
great_britain_u021,great_britain_0088,1.7487611343152407
great_britain_u021,great_britain_0026,1.4718338024947397
great_britain_u021,great_britain_0055,1.5732394951863478
great_britain_u021,great_britain_0077,0.7013084400580465
great_britain_u021,great_britain_0072,0.5144945806403723
great_britain_u021,great_britain_0082,1.1512231765405592
great_britain_u021,great_britain_0047,0.6342783895074546
great_britain_u021,great_britain_0074,1.0366288428692365
great_britain_u021,great_britain_0032,0.8356141903546064
great_britain_u021,great_britain_0023,1.874520083571114
great_britain_u022,great_britain_0004,1.8625057247814503
great_britain_u022,great_britain_0040,1.2543412047188676
great_britain_u022,great_britain_0082,1.8745796156335635
great_britain_u022,great_britain_0006,1.325190571726947
great_britain_u022,great_britain_0050,1.6532259398962381
great_britain_u022,great_britain_0026,0.9403869644895694
great_britain_u022,great_britain_0092,1.6856202350666118
great_britain_u022,great_britain_0017,0.8964824194774783
great_britain_u022,great_britain_0044,0.5293249574644595
great_britain_u022,great_britain_0102,0.7410934147665396
great_britain_u022,great_britain_0054,0.5324793125480553
great_britain_u022,great_britain_0061,1.920593962837143
great_britain_u022,great_britain_0093,1.9999655306265414
great_britain_u022,great_britain_0083,1.643345395429281
great_britain_u022,great_britain_0048,0.6621922456273814
great_britain_u022,great_britain_0053,1.8484181904989743
great_britain_u022,great_britain_0024,1.6156642748991565
great_britain_u022,great_britain_0003,0.9983667731031318
great_britain_u022,great_britain_0078,1.253416867713398
great_britain_u022,great_britain_0065,1.4926390118929533
great_britain_u022,great_britain_0058,0.5360757135099068
great_britain_u022,great_britain_0076,1.2523113681498428
great_britain_u022,great_britain_0072,1.5985931498824777
great_britain_u022,great_britain_0099,0.7823380578444992
great_britain_u022,great_britain_0073,1.1656858602189994
great_britain_u022,great_britain_0047,1.2987951937773998
great_britain_u022,great_britain_0057,1.6033480579388484
great_britain_u022,great_britain_0011,1.9466805661896611
great_britain_u022,great_britain_0021,1.7724133220064373
great_britain_u022,great_britain_0049,1.4322776303449252
great_britain_u022,great_britain_0043,1.375461012252214
great_britain_u022,great_britain_0100,1.404780039609006
great_britain_u022,great_britain_0091,1.3177679639896607
great_britain_u022,great_britain_0096,0.5890443203883853
great_britain_u022,great_britain_0033,1.5474445918823077
great_britain_u022,great_britain_0103,1.5745052001944044
great_britain_u022,great_britain_0009,1.268720543400541
great_britain_u022,great_britain_0062,1.8055814081038144
great_britain_u022,great_britain_0018,1.5086552041350179
great_britain_u022,great_britain_0046,1.0439969867855254
great_britain_u023,great_britain_0022,1.7813610877906594
great_britain_u023,great_britain_0019,1.8400637238256283
great_britain_u023,great_britain_0103,1.8710548502446678
great_britain_u023,great_britain_0061,0.9397313120100421
great_britain_u023,great_britain_0053,0.6804688513945234
great_britain_u023,great_britain_0098,1.1599963579978132
great_britain_u023,great_britain_0007,0.9436472977117716
great_britain_u023,great_britain_0027,1.8258000002177537
great_britain_u023,great_britain_0013,0.5549524127053174
great_britain_u023,great_britain_0100,1.4508207044544084
great_britain_u023,great_britain_0024,1.859272048622171
great_britain_u023,great_britain_0073,1.965005550209099
great_britain_u023,great_britain_0089,1.4751958989470648
great_britain_u023,great_britain_0083,1.92488443553357
great_britain_u023,great_britain_0094,0.6134891939376009
great_britain_u023,great_britain_0088,1.0389175189943596
great_britain_u023,great_britain_0076,0.5130720459901006
great_britain_u023,great_britain_0033,1.9717756582862276
great_britain_u023,great_britain_0047,1.8540897181500489
great_britain_u023,great_britain_0093,0.542078834372302
great_britain_u023,great_britain_0030,0.5271989756896489
great_britain_u023,great_britain_0010,1.0504542411595492
great_britain_u023,great_britain_0062,0.8878069501863527
great_britain_u023,great_britain_0037,1.7703984158637533
great_britain_u023,great_britain_0026,0.7407266049077934
great_britain_u023,great_britain_0055,1.685974194051286
great_britain_u023,great_britain_0057,1.3316895499859949
great_britain_u023,great_britain_0059,1.0660876571074818
great_britain_u023,great_britain_0009,0.7185796426000681
great_britain_u023,great_britain_0068,1.9965369589395066
great_britain_u023,great_britain_0085,1.426979181382305
great_britain_u023,great_britain_0095,1.1590733488519913
great_britain_u023,great_britain_0003,1.0566913348290976
great_britain_u023,great_britain_0091,1.858592345946283
great_britain_u023,great_britain_0028,1.7317877122861414
great_britain_u023,great_britain_0049,1.7167786825523357
great_britain_u023,great_britain_0020,1.4242977094435894
great_britain_u023,great_britain_0042,1.8319348740437027
great_britain_u023,great_britain_0025,0.9489175581831056
great_britain_u023,great_britain_0017,1.5555592027449339
india_u000,india_saraga_0072,1.358932807419794
india_u000,india_saraga_0037,1.0594087071323437
india_u000,india_saraga_0027,0.54638302562137
india_u000,india_saraga_0081,1.8724691259173005
india_u000,india_saraga_0101,0.9907349912870633
india_u000,india_saraga_0091,1.5571661019726442
india_u000,india_saraga_0065,1.5413558031671974
india_u000,india_saraga_0070,0.8808247420531219
india_u000,india_saraga_0073,0.595666259691088
india_u000,india_saraga_0066,1.0775005680077654
india_u000,india_saraga_0080,0.9756965207557998
india_u000,india_saraga_0071,1.5503845983084887
india_u000,india_saraga_0039,1.7296737434897587
india_u000,india_saraga_0058,0.8336681260875121
india_u000,india_saraga_0082,1.2923466046646634
india_u000,india_saraga_0107,0.5609125210822425
india_u000,india_saraga_0031,0.8213837344001929
india_u000,india_saraga_0007,1.6426424079831246
india_u000,india_saraga_0035,1.6900974807336087
india_u000,india_saraga_0084,1.6646066951777048
india_u000,india_saraga_0012,0.7135818874824051
india_u000,india_saraga_0094,1.3265520912026258
india_u000,india_saraga_0029,1.1340626216650744
india_u000,india_saraga_0054,1.9872294451926358
india_u000,india_saraga_0028,1.481104803587504
india_u000,india_saraga_0076,1.9028031370935936
india_u000,india_saraga_0090,0.7180254575126563
india_u000,india_saraga_0095,1.1763099096503435
india_u000,india_saraga_0002,1.657411400158803
india_u000,india_saraga_0088,1.051786592045604
india_u000,india_saraga_0043,1.44876274423047
india_u000,india_saraga_0001,1.267553258560491
india_u000,india_saraga_0092,1.9878941138269886
india_u000,india_saraga_0032,0.7608088100982372
india_u000,india_saraga_0045,1.9030230429951915
india_u000,india_saraga_0005,1.1023564307049452
india_u000,india_saraga_0041,1.2019894495659418
india_u000,india_saraga_0104,1.2929028255349684
india_u000,india_saraga_0009,0.8980498241503698
india_u000,india_saraga_0074,1.9454861639161896
india_u001,india_saraga_0058,1.7463213258504826
india_u001,india_saraga_0097,1.653667560226355
india_u001,india_saraga_0004,1.156684199507707
india_u001,india_saraga_0001,0.7941805327167684
india_u001,india_saraga_0089,1.7952266649461792
india_u001,india_saraga_0031,0.5851715510676025
india_u001,india_saraga_0050,1.098834087803741
india_u001,india_saraga_0022,1.7849227135759267
india_u001,india_saraga_0064,1.0897650311062947
india_u001,india_saraga_0091,0.6768132061354399
india_u001,india_saraga_0061,0.8989242505186942
india_u001,india_saraga_0092,1.4000441626144227
india_u001,india_saraga_0034,0.7280538615418564
india_u001,india_saraga_0007,1.4824029902635336
india_u001,india_saraga_0041,1.1572428967988686
india_u001,india_saraga_0086,1.0015842512307829
india_u001,india_saraga_0025,0.8613882207847459
india_u001,india_saraga_0074,1.7349949787850643
india_u001,india_saraga_0035,1.0950109211951022
india_u001,india_saraga_0043,1.6077188984093416
india_u001,india_saraga_0081,1.1605327889560766
india_u001,india_saraga_0037,0.6378007803301691
india_u001,india_saraga_0032,1.1607589627508905
india_u001,india_saraga_0068,1.261531669603646
india_u001,india_saraga_0029,1.1867632902400653
india_u001,india_saraga_0042,1.7243625676224088
india_u001,india_saraga_0065,1.866277023564544
india_u001,india_saraga_0063,1.680168012816551
india_u001,india_saraga_0003,1.3741728533164395
india_u001,india_saraga_0095,1.312174940832336
india_u001,india_saraga_0040,1.4669240451854884
india_u001,india_saraga_0070,0.9317454446590618
india_u001,india_saraga_0014,1.7177702692230277
india_u001,india_saraga_0028,1.7852722664054914
india_u001,india_saraga_0072,0.9008257447727458
india_u001,india_saraga_0059,1.8542273122101165
india_u001,india_saraga_0106,1.773099085987501
india_u001,india_saraga_0071,1.1367301512237653
india_u001,india_saraga_0051,1.8635003031391184
india_u001,india_saraga_0101,0.6806584907172621
india_u002,india_saraga_0021,1.8139960090239966
india_u002,india_saraga_0033,1.0693266606120169
india_u002,india_saraga_0092,0.9067050768391226
india_u002,india_saraga_0079,0.7926800831805871
india_u002,india_saraga_0091,1.7062570016044605
india_u002,india_saraga_0059,1.0312468624490938
india_u002,india_saraga_0097,1.225098541831902
india_u002,india_saraga_0005,0.8342297353458135
india_u002,india_saraga_0001,1.5291366067533974
india_u002,india_saraga_0056,1.6715501113286335
india_u002,india_saraga_0023,1.0091378734300123
india_u002,india_saraga_0036,1.917619078057103
india_u002,india_saraga_0064,0.5459159143403541
india_u002,india_saraga_0041,0.6994146549110605
india_u002,india_saraga_0025,1.3831805473407361
india_u002,india_saraga_0053,1.5521102930725694
india_u002,india_saraga_0089,0.8760244842635885
india_u002,india_saraga_0009,1.3311066453370226
india_u002,india_saraga_0024,0.9775793705642191
india_u002,india_saraga_0071,1.3311338684323855
india_u002,india_saraga_0096,1.4889915166463787
india_u002,india_saraga_0048,1.9592120803535862
india_u002,india_saraga_0090,1.1835452900317756
india_u002,india_saraga_0010,1.4723240604070709
india_u002,india_saraga_0078,1.3670588718798977
india_u002,india_saraga_0094,0.9763323408313594
india_u002,india_saraga_0008,0.8795961975465805
india_u002,india_saraga_0068,1.9818060826170856
india_u002,india_saraga_0039,0.8102785425522729
india_u002,india_saraga_0054,1.6854129006113552
india_u002,india_saraga_0073,0.7198810865311416
india_u002,india_saraga_0062,1.7065269040418762
india_u002,india_saraga_0045,0.7785926644843221
india_u002,india_saraga_0020,1.9507349660242506
india_u002,india_saraga_0087,1.528981484861776
india_u002,india_saraga_0072,0.6351773655137434
india_u002,india_saraga_0026,1.5397656791885161
india_u002,india_saraga_0093,1.4054311441723277
india_u002,india_saraga_0031,1.0063193700409379
india_u002,india_saraga_0000,0.891103996635072
india_u003,india_saraga_0097,1.4723290023521338
india_u003,india_saraga_0053,1.6658379789613804
india_u003,india_saraga_0086,1.95577499562816
india_u003,india_saraga_0054,1.9226104424565715
india_u003,india_saraga_0033,0.9100477253529173
india_u003,india_saraga_0037,0.5441144039347592
india_u003,india_saraga_0023,0.9941183241676519
india_u003,india_saraga_0066,1.56272017806898
india_u003,india_saraga_0067,0.5897018139088089
india_u003,india_saraga_0092,1.0395689865071431
india_u003,india_saraga_0009,0.9470518213203605
india_u003,india_saraga_0018,0.829018453728465
india_u003,india_saraga_0106,1.5591961320954728
india_u003,india_saraga_0056,1.4886455075365612
india_u003,india_saraga_0082,1.303241141051515
india_u003,india_saraga_0084,1.8661619595223964
india_u003,india_saraga_0049,0.6547082790954086
india_u003,india_saraga_0103,0.7245338367171963
india_u003,india_saraga_0026,1.0751745188291197
india_u003,india_saraga_0016,1.4838230777943509
india_u003,india_saraga_0074,1.3761189383681183
india_u003,india_saraga_0021,0.611064031201898
india_u003,india_saraga_0041,1.937637205619701
india_u003,india_saraga_0000,0.9575972246920872
india_u003,india_saraga_0051,1.0384589206746409
india_u003,india_saraga_0005,1.4354446985651352
india_u003,india_saraga_0058,1.9177482761896019
india_u003,india_saraga_0024,1.494032358654908
india_u003,india_saraga_0045,1.9321599943215562
india_u003,india_saraga_0102,0.7813866782307184
india_u003,india_saraga_0027,1.4282148934594026
india_u003,india_saraga_0010,1.7433183378144272
india_u003,india_saraga_0019,1.2635367023822708
india_u003,india_saraga_0004,1.0432605137440107
india_u003,india_saraga_0017,1.9771377950478157
india_u003,india_saraga_0083,0.7114810105949907
india_u003,india_saraga_0095,1.116394291292985
india_u003,india_saraga_0031,1.8100606288409904
india_u003,india_saraga_0057,1.8507211197588813
india_u003,india_saraga_0070,1.9705731523396612
india_u004,india_saraga_0048,1.039989192170194
india_u004,india_saraga_0103,0.8845270137857835
india_u004,india_saraga_0003,0.6572088498223365
india_u004,india_saraga_0077,1.911611255370035
india_u004,india_saraga_0027,0.7128681549943043
india_u004,india_saraga_0094,0.8891578035963263
india_u004,india_saraga_0050,1.5366607693542047
india_u004,india_saraga_0105,1.5652286568289888
india_u004,india_saraga_0079,0.7411530569038909
india_u004,india_saraga_0065,1.7211967411484415
india_u004,india_saraga_0006,1.2654309037645437
india_u004,india_saraga_0040,1.7726850171726634
india_u004,india_saraga_0031,0.6309280847713168
india_u004,india_saraga_0023,0.5642449986405345
india_u004,india_saraga_0059,1.4554855722415245
india_u004,india_saraga_0017,0.7250356956647253
india_u004,india_saraga_0081,1.2874235685999498
india_u004,india_saraga_0049,0.521163138926763
india_u004,india_saraga_0072,1.6698938908223004
india_u004,india_saraga_0078,1.8492952552677524
india_u004,india_saraga_0000,1.758324142946432
india_u004,india_saraga_0095,1.9375292197256275
india_u004,india_saraga_0066,1.8546436319881845
india_u004,india_saraga_0020,1.1660270274355478
india_u004,india_saraga_0069,1.0975223126654698
india_u004,india_saraga_0007,1.8442755019573145
india_u004,india_saraga_0086,1.8904081930358405
india_u004,india_saraga_0101,1.9592539224770555
india_u004,india_saraga_0053,1.652475852264174
india_u004,india_saraga_0016,0.8029832449120705
india_u004,india_saraga_0033,1.9174312041660837
india_u004,india_saraga_0055,1.9207122002243293
india_u004,india_saraga_0025,1.4991970458694572
india_u004,india_saraga_0038,1.785920399524227
india_u004,india_saraga_0032,1.3417646317459284
india_u004,india_saraga_0061,1.916190418117584
india_u004,india_saraga_0005,0.6409045948881368
india_u004,india_saraga_0029,1.795945544727156
india_u004,india_saraga_0044,0.583255443555709
india_u004,india_saraga_0068,1.0086605783270308
india_u005,india_saraga_0072,1.7991442593177276
india_u005,india_saraga_0049,1.1441661282825577
india_u005,india_saraga_0100,1.238132727580995
india_u005,india_saraga_0073,0.6252513731388922
india_u005,india_saraga_0082,1.755665770108088
india_u005,india_saraga_0035,0.7555056055663856
india_u005,india_saraga_0023,1.115931738176474
india_u005,india_saraga_0010,1.760398320595822
india_u005,india_saraga_0068,1.1866744103202793
india_u005,india_saraga_0037,1.8967285031996957
india_u005,india_saraga_0046,0.8139714551310345
india_u005,india_saraga_0079,1.572849244932157
india_u005,india_saraga_0098,1.966997785342591
india_u005,india_saraga_0067,1.3244204558304662
india_u005,india_saraga_0034,1.5382758479659893
india_u005,india_saraga_0008,1.0898399894015127
india_u005,india_saraga_0033,1.6270060095882033
india_u005,india_saraga_0104,1.8633110847855936
india_u005,india_saraga_0081,1.5545833505757938
india_u005,india_saraga_0020,1.9038930670714689
india_u005,india_saraga_0057,1.3829789779884645
india_u005,india_saraga_0105,1.3657061606764445
india_u005,india_saraga_0069,0.956941082163733
india_u005,india_saraga_0063,1.5644412367456788
india_u005,india_saraga_0009,1.822928782634233
india_u005,india_saraga_0075,1.4694743391933969
india_u005,india_saraga_0095,0.8495588308978744
india_u005,india_saraga_0050,1.3161636720825298
india_u005,india_saraga_0002,1.6339061254271225
india_u005,india_saraga_0014,1.9090449723091292
india_u005,india_saraga_0055,0.734894074280831
india_u005,india_saraga_0062,0.6912456364498409
india_u005,india_saraga_0000,1.119415295349359
india_u005,india_saraga_0003,0.6884167541939163
india_u005,india_saraga_0044,1.9706433687576776
india_u005,india_saraga_0038,1.1364565509238387
india_u005,india_saraga_0017,1.3004157786018573
india_u005,india_saraga_0030,0.8406316719391569
india_u005,india_saraga_0001,1.173689185305394
india_u005,india_saraga_0077,1.9770409022918298
india_u006,india_saraga_0000,1.9065604132156457
india_u006,india_saraga_0047,1.3735552277270822
india_u006,india_saraga_0048,1.0000435504356322
india_u006,india_saraga_0019,1.0957091695993977
india_u006,india_saraga_0093,1.5881067655289274
india_u006,india_saraga_0044,1.0644089775291254
india_u006,india_saraga_0034,1.3681171986779104
india_u006,india_saraga_0011,1.5657492449726074
india_u006,india_saraga_0049,0.7930624959589467
india_u006,india_saraga_0027,1.916362229363824
india_u006,india_saraga_0038,1.0342591571531148
india_u006,india_saraga_0081,1.1290621356153714
india_u006,india_saraga_0033,1.547771551801731
india_u006,india_saraga_0091,1.4131776340816462
india_u006,india_saraga_0056,1.1601797554087687
india_u006,india_saraga_0083,1.4746130604511871
india_u006,india_saraga_0073,1.8542424613580668
india_u006,india_saraga_0050,1.7004254249681279
india_u006,india_saraga_0010,1.7363885149321605
india_u006,india_saraga_0077,0.8876126128509694
india_u006,india_saraga_0100,1.1291050239464564
india_u006,india_saraga_0054,1.330728712481089
india_u006,india_saraga_0104,0.5662862287422243
india_u006,india_saraga_0004,1.6546882705659869
india_u006,india_saraga_0102,0.9851951366226334
india_u006,india_saraga_0106,0.9238941170615214
india_u006,india_saraga_0058,0.8889380140342196
india_u006,india_saraga_0088,0.9250688981300966
india_u006,india_saraga_0017,1.0070222482367484
india_u006,india_saraga_0086,1.4072368371142387
india_u006,india_saraga_0022,1.3753479828500947
india_u006,india_saraga_0074,0.883567630402813
india_u006,india_saraga_0025,0.8096364148598112
india_u006,india_saraga_0016,1.7395372851070352
india_u006,india_saraga_0067,0.6390850065145498
india_u006,india_saraga_0014,1.2692342618013912
india_u006,india_saraga_0053,1.280841311283914
india_u006,india_saraga_0055,1.3612052102174323
india_u006,india_saraga_0101,1.8284751738607037
india_u006,india_saraga_0006,1.4358709101421514
india_u007,india_saraga_0107,1.855882898617079
india_u007,india_saraga_0086,1.2787228798783818
india_u007,india_saraga_0020,1.4371133566808016
india_u007,india_saraga_0045,0.8192195753021025
india_u007,india_saraga_0036,1.1719211569720833
india_u007,india_saraga_0033,0.8040550413797185
india_u007,india_saraga_0072,0.5329650184115293
india_u007,india_saraga_0081,1.9713546021905788
india_u007,india_saraga_0022,0.8887197735653076
india_u007,india_saraga_0038,1.389662463346753
india_u007,india_saraga_0063,0.9503755753067946
india_u007,india_saraga_0094,1.0559324303156523
india_u007,india_saraga_0016,1.0966423378734123
india_u007,india_saraga_0083,1.0025700969871365
india_u007,india_saraga_0027,1.4560996390099037
india_u007,india_saraga_0096,1.9414044057329092
india_u007,india_saraga_0099,1.1429519750093495
india_u007,india_saraga_0019,1.9599900860813977
india_u007,india_saraga_0069,1.5016958560171747
india_u007,india_saraga_0095,1.4107042925315136
india_u007,india_saraga_0015,0.8556557776983845
india_u007,india_saraga_0008,0.5943810588490712
india_u007,india_saraga_0046,1.7779021554377432
india_u007,india_saraga_0031,1.3609715959164035
india_u007,india_saraga_0024,1.1216207936373228
india_u007,india_saraga_0106,1.717950983132725
india_u007,india_saraga_0062,0.9658705738659782
india_u007,india_saraga_0057,1.6754258839467309
india_u007,india_saraga_0097,0.9919457531086955
india_u007,india_saraga_0054,1.8813217796062454
india_u007,india_saraga_0102,0.9019503116852039
india_u007,india_saraga_0026,0.7063311763618567
india_u007,india_saraga_0092,1.5471450625241179
india_u007,india_saraga_0080,0.7442708795971562
india_u007,india_saraga_0076,1.9240445754334785
india_u007,india_saraga_0061,1.483332668583299
india_u007,india_saraga_0051,0.8462909919267889
india_u007,india_saraga_0071,0.8132284014281431
india_u007,india_saraga_0105,1.8858125586806325
india_u007,india_saraga_0018,1.4117868692748363
india_u008,india_saraga_0071,0.9003624644464522
india_u008,india_saraga_0029,1.0572075352520502
india_u008,india_saraga_0068,1.1337243902431766
india_u008,india_saraga_0014,1.6213005862157603
india_u008,india_saraga_0038,1.8885459001543767
india_u008,india_saraga_0040,0.9821601994768574
india_u008,india_saraga_0080,1.2087501324206293
india_u008,india_saraga_0024,1.3898113592520518
india_u008,india_saraga_0007,1.0900159886004734
india_u008,india_saraga_0085,1.2562719850485278
india_u008,india_saraga_0100,0.658561443530153
india_u008,india_saraga_0104,0.7515115815802491
india_u008,india_saraga_0092,1.1016518858302173
india_u008,india_saraga_0004,1.8724085176558287
india_u008,india_saraga_0095,1.0240370686169504
india_u008,india_saraga_0005,0.8746892129075204
india_u008,india_saraga_0077,1.6142933312739138
india_u008,india_saraga_0059,1.923695249114914
india_u008,india_saraga_0072,1.1886854255953212
india_u008,india_saraga_0003,0.5129074333507746
india_u008,india_saraga_0090,1.532223997213427
india_u008,india_saraga_0013,1.1225912024242173
india_u008,india_saraga_0103,1.5104683049243228
india_u008,india_saraga_0086,0.9165747737438052
india_u008,india_saraga_0107,0.5036122157254437
india_u008,india_saraga_0062,1.0167443281184056
india_u008,india_saraga_0052,1.5571885139194124
india_u008,india_saraga_0002,1.089669924513784
india_u008,india_saraga_0015,0.8287612094798389
india_u008,india_saraga_0063,1.1960102962011523
india_u008,india_saraga_0091,1.628522784947578
india_u008,india_saraga_0084,0.679149630188459
india_u008,india_saraga_0044,1.5376280504699718
india_u008,india_saraga_0088,1.501016035705921
india_u008,india_saraga_0065,1.0561068195276069
india_u008,india_saraga_0032,1.9555042870692416
india_u008,india_saraga_0039,1.8420579492205271
india_u008,india_saraga_0048,0.9742422212031048
india_u008,india_saraga_0075,0.5466366400907646
india_u008,india_saraga_0000,0.962457210117615
india_u009,india_saraga_0001,0.7994181368522912
india_u009,india_saraga_0030,1.2881879779242549
india_u009,india_saraga_0008,1.69417565082256
india_u009,india_saraga_0046,1.5120037718836608
india_u009,india_saraga_0005,0.6732817905139064
india_u009,india_saraga_0009,1.8433117997186357
india_u009,india_saraga_0080,0.7410235891669434
india_u009,india_saraga_0075,0.7576935401200031
india_u009,india_saraga_0066,1.8515129437560622
india_u009,india_saraga_0050,1.2269254086417742
india_u009,india_saraga_0098,1.0593377389347003
india_u009,india_saraga_0069,1.3304851134470848
india_u009,india_saraga_0058,1.972095999248167
india_u009,india_saraga_0002,0.6794456828615643
india_u009,india_saraga_0093,1.6354232731880978
india_u009,india_saraga_0101,1.0014887933661913
india_u009,india_saraga_0077,0.6755739062714357
india_u009,india_saraga_0043,1.132900033029408
india_u009,india_saraga_0102,1.3231293165879063
india_u009,india_saraga_0078,0.8089424565922203
india_u009,india_saraga_0087,1.1079041886449037
india_u009,india_saraga_0003,1.4535140382084357
india_u009,india_saraga_0007,1.3646720295803334
india_u009,india_saraga_0079,1.5847408910822758
india_u009,india_saraga_0026,1.7546067994061019
india_u009,india_saraga_0039,1.1137104976540606
india_u009,india_saraga_0064,1.1344509131933411
india_u009,india_saraga_0083,1.2450382016827297
india_u009,india_saraga_0061,1.3495300675719553
india_u009,india_saraga_0048,0.6624840113568375
india_u009,india_saraga_0014,0.968953031292161
india_u009,india_saraga_0036,0.7578376930655364
india_u009,india_saraga_0034,1.0787791435161973
india_u009,india_saraga_0055,1.9600311088610547
india_u009,india_saraga_0104,1.3740964350214697
india_u009,india_saraga_0019,1.1440722798808194
india_u009,india_saraga_0024,1.3489053428355633
india_u009,india_saraga_0067,1.5036148331407688
india_u009,india_saraga_0068,1.1524301949356015
india_u009,india_saraga_0091,1.1715647063793309
india_u010,india_saraga_0102,1.4679222916416164
india_u010,india_saraga_0080,1.644608778595793
india_u010,india_saraga_0104,1.676024001435362
india_u010,india_saraga_0075,1.1306896643761646
india_u010,india_saraga_0085,1.6979168692134528
india_u010,india_saraga_0018,1.9062986672188071
india_u010,india_saraga_0101,0.7582566616544324
india_u010,india_saraga_0042,1.646204599313031
india_u010,india_saraga_0035,0.9616880114233475
india_u010,india_saraga_0052,0.9822395045807808
india_u010,india_saraga_0014,1.1191322765545793
india_u010,india_saraga_0107,1.7955792798621282
india_u010,india_saraga_0103,0.5330841009650737
india_u010,india_saraga_0090,1.1508893102153959
india_u010,india_saraga_0055,1.5200714743539059
india_u010,india_saraga_0000,0.665623187423783
india_u010,india_saraga_0100,1.6883803955261247
india_u010,india_saraga_0098,1.9128538968460296
india_u010,india_saraga_0058,0.6364022316154678
india_u010,india_saraga_0046,0.7294222067463172
india_u010,india_saraga_0065,1.9611458374193043
india_u010,india_saraga_0053,0.7967834611786124
india_u010,india_saraga_0051,0.6184095135548067
india_u010,india_saraga_0004,1.9282888045938502
india_u010,india_saraga_0041,1.8389340647142034
india_u010,india_saraga_0074,1.4835882090996966
india_u010,india_saraga_0029,1.32714639093133
india_u010,india_saraga_0049,1.8788490444541557
india_u010,india_saraga_0059,1.483280112667134
india_u010,india_saraga_0039,1.487594988972605
india_u010,india_saraga_0028,1.7655283463029294
india_u010,india_saraga_0069,1.4798685159386313
india_u010,india_saraga_0088,1.2555153305565163
india_u010,india_saraga_0062,1.0845822468476718
india_u010,india_saraga_0096,1.254700839186861
india_u010,india_saraga_0068,1.2837179736307918
india_u010,india_saraga_0071,1.0412478216773777
india_u010,india_saraga_0038,1.172177613470519
india_u010,india_saraga_0078,1.7028078992952818
india_u010,india_saraga_0077,1.1247700530138318
india_u011,india_saraga_0061,1.2509492857308586
india_u011,india_saraga_0075,1.940034886925111
india_u011,india_saraga_0034,1.091043170275781
india_u011,india_saraga_0006,1.3433413319323502
india_u011,india_saraga_0091,1.8930598923311557
india_u011,india_saraga_0067,0.7442165767648372
india_u011,india_saraga_0022,1.325728404917507
india_u011,india_saraga_0038,0.6585093805427444
india_u011,india_saraga_0079,1.426248397727751
india_u011,india_saraga_0001,1.048524805080507
india_u011,india_saraga_0004,1.951454109769401
india_u011,india_saraga_0015,1.1231137717227895
india_u011,india_saraga_0066,0.7042814563125602
india_u011,india_saraga_0092,1.7509999413926063
india_u011,india_saraga_0029,1.7313000371343712
india_u011,india_saraga_0102,1.5422894293141767
india_u011,india_saraga_0017,1.623217702826342
india_u011,india_saraga_0078,0.8970728265341104
india_u011,india_saraga_0073,1.463080250634172
india_u011,india_saraga_0011,0.5570298068080904
india_u011,india_saraga_0096,0.7953352158350518
india_u011,india_saraga_0021,1.8984191713296301
india_u011,india_saraga_0050,1.608852945623988
india_u011,india_saraga_0065,0.8460088114838867
india_u011,india_saraga_0090,0.6670746342789322
india_u011,india_saraga_0080,1.9233791673027523
india_u011,india_saraga_0035,0.6682814990901991
india_u011,india_saraga_0008,0.8856050720708724
india_u011,india_saraga_0055,0.7739509894991857
india_u011,india_saraga_0049,0.511195730617652
india_u011,india_saraga_0020,0.971202161147066
india_u011,india_saraga_0028,1.9612683073981438
india_u011,india_saraga_0099,1.0128549587140347
india_u011,india_saraga_0071,1.2564573192016606
india_u011,india_saraga_0103,1.618903675882672
india_u011,india_saraga_0070,1.3266201531188242
india_u011,india_saraga_0057,1.6153872611184599
india_u011,india_saraga_0101,1.4924538022857727
india_u011,india_saraga_0060,1.412844534498522
india_u011,india_saraga_0084,1.4744733608176177
india_u012,india_saraga_0084,1.8072684831166472
india_u012,india_saraga_0052,1.184763397680442
india_u012,india_saraga_0037,0.6154816587995133
india_u012,india_saraga_0043,1.6592423547937776
india_u012,india_saraga_0088,1.4902316281746024
india_u012,india_saraga_0079,1.4741566591538326
india_u012,india_saraga_0015,1.1403710026033416
india_u012,india_saraga_0036,1.1157455939314826
india_u012,india_saraga_0092,1.3045079545810143
india_u012,india_saraga_0077,0.575891619348655
india_u012,india_saraga_0055,0.9484366463268813
india_u012,india_saraga_0083,1.9818412603435602
india_u012,india_saraga_0016,1.4932887336921137
india_u012,india_saraga_0082,1.128401248125983
india_u012,india_saraga_0038,0.8335446544106795
india_u012,india_saraga_0026,1.6178140428503502
india_u012,india_saraga_0039,0.8904354645592871
india_u012,india_saraga_0058,0.7435551557694431
india_u012,india_saraga_0022,0.7317723503514308
india_u012,india_saraga_0020,1.5938949187470985
india_u012,india_saraga_0035,1.464215381433076
india_u012,india_saraga_0040,0.6047091490568459
india_u012,india_saraga_0024,0.6725642230433038
india_u012,india_saraga_0069,1.4507703010303656
india_u012,india_saraga_0051,1.3566741528082384
india_u012,india_saraga_0090,1.5289985905577201
india_u012,india_saraga_0076,0.767058362544893
india_u012,india_saraga_0065,1.5898818593257507
india_u012,india_saraga_0011,1.9041447009958246
india_u012,india_saraga_0101,1.4015754718031619
india_u012,india_saraga_0017,0.7941950294641758
india_u012,india_saraga_0078,1.5193157829261599
india_u012,india_saraga_0085,1.0146225253190966
india_u012,india_saraga_0060,0.5739316195785822
india_u012,india_saraga_0070,0.9535080430287477
india_u012,india_saraga_0073,1.8583776529251979
india_u012,india_saraga_0075,1.116708980263963
india_u012,india_saraga_0021,1.7969980070466385
india_u012,india_saraga_0045,1.2629890152841874
india_u012,india_saraga_0066,1.2754669834394
india_u013,india_saraga_0036,1.0243968680865583
india_u013,india_saraga_0104,1.978241188663377
india_u013,india_saraga_0003,0.7734280234859252
india_u013,india_saraga_0106,0.6910001592599708
india_u013,india_saraga_0095,1.5934580090008632
india_u013,india_saraga_0066,1.6661527400261953
india_u013,india_saraga_0000,1.5084103215119904
india_u013,india_saraga_0001,1.664293743139888
india_u013,india_saraga_0025,1.5405823581397584
india_u013,india_saraga_0017,0.7036560234337652
india_u013,india_saraga_0067,1.4123328462177607
india_u013,india_saraga_0088,1.6653150238392986
india_u013,india_saraga_0013,1.7982749094867017
india_u013,india_saraga_0030,0.8693528640255614
india_u013,india_saraga_0031,0.6911461414078078
india_u013,india_saraga_0093,1.6716356653738695
india_u013,india_saraga_0096,0.8848225175534981
india_u013,india_saraga_0024,0.547894217481331
india_u013,india_saraga_0011,1.7378203454739563
india_u013,india_saraga_0029,1.25898670071629
india_u013,india_saraga_0090,0.9899496986426329
india_u013,india_saraga_0062,0.5171436578473237
india_u013,india_saraga_0047,0.5529911670619215
india_u013,india_saraga_0020,1.688934905840442
india_u013,india_saraga_0019,1.2345588274472967
india_u013,india_saraga_0044,0.7245830739446902
india_u013,india_saraga_0026,1.0377584408735272
india_u013,india_saraga_0081,0.7479577213062844
india_u013,india_saraga_0045,0.6693223297705799
india_u013,india_saraga_0034,0.9144617310112154
india_u013,india_saraga_0103,1.324262821193596
india_u013,india_saraga_0008,0.8150099117183404
india_u013,india_saraga_0050,1.0155066219271507
india_u013,india_saraga_0059,1.2168963259346894
india_u013,india_saraga_0005,1.1300446087747278
india_u013,india_saraga_0046,0.6929416986819344
india_u013,india_saraga_0015,0.5582984533038322
india_u013,india_saraga_0065,0.5531880904234083
india_u013,india_saraga_0042,1.025268527041801
india_u013,india_saraga_0105,1.5782031178059843
india_u014,india_saraga_0004,1.1208718315891304
india_u014,india_saraga_0011,1.683539182344693
india_u014,india_saraga_0009,1.7435778374342272
india_u014,india_saraga_0092,0.7059407553145981
india_u014,india_saraga_0056,0.8570470393909194
india_u014,india_saraga_0106,0.9049831060237377
india_u014,india_saraga_0052,0.7491225784731373
india_u014,india_saraga_0042,1.088802510346131
india_u014,india_saraga_0013,0.7895498171744184
india_u014,india_saraga_0028,1.3933089663899143
india_u014,india_saraga_0006,0.6524231643464239
india_u014,india_saraga_0048,0.9048787295401346
india_u014,india_saraga_0000,1.498280968919535
india_u014,india_saraga_0003,1.0978176847000238
india_u014,india_saraga_0029,1.1321941127801116
india_u014,india_saraga_0015,1.696887879437584
india_u014,india_saraga_0099,1.9767673299364796
india_u014,india_saraga_0066,1.3476016748813193
india_u014,india_saraga_0047,0.6186007571954116
india_u014,india_saraga_0090,0.6543544613354539
india_u014,india_saraga_0036,1.9527510830441241
india_u014,india_saraga_0086,1.5188523691227074
india_u014,india_saraga_0104,1.628703677500729
india_u014,india_saraga_0040,1.5136456365283122
india_u014,india_saraga_0070,0.76942640254273
india_u014,india_saraga_0024,1.172543241237143
india_u014,india_saraga_0002,1.6971206564290484
india_u014,india_saraga_0089,1.79954444441311
india_u014,india_saraga_0044,0.8560032721195581
india_u014,india_saraga_0038,1.393942686250731
india_u014,india_saraga_0053,0.7356528541076801
india_u014,india_saraga_0027,1.9374153096826274
india_u014,india_saraga_0093,0.8783064334887314
india_u014,india_saraga_0068,1.589952692905845
india_u014,india_saraga_0084,0.8466694163402815
india_u014,india_saraga_0064,1.4240809143178126
india_u014,india_saraga_0007,1.4888964605339847
india_u014,india_saraga_0076,0.9926421551821291
india_u014,india_saraga_0025,1.7282507981390767
india_u014,india_saraga_0032,1.8280563473711757
india_u015,india_saraga_0020,0.5962872230504324
india_u015,india_saraga_0067,1.3334328217878775
india_u015,india_saraga_0024,0.6352954355121834
india_u015,india_saraga_0019,1.3520014627972046
india_u015,india_saraga_0060,1.0851645686835791
india_u015,india_saraga_0025,0.6224141472535802
india_u015,india_saraga_0012,1.4721752075362824
india_u015,india_saraga_0037,1.5967969994342628
india_u015,india_saraga_0081,0.7612781204299719
india_u015,india_saraga_0076,1.5416550789631533
india_u015,india_saraga_0055,0.7685713237215994
india_u015,india_saraga_0048,0.7060946739729148
india_u015,india_saraga_0090,0.7210448997871186
india_u015,india_saraga_0075,1.3986177034315024
india_u015,india_saraga_0038,1.6681862121899047
india_u015,india_saraga_0078,1.3953405522107203
india_u015,india_saraga_0095,1.7140271795273676
india_u015,india_saraga_0103,1.3872160116055539
india_u015,india_saraga_0091,1.6959818710227301
india_u015,india_saraga_0043,1.964783751699951
india_u015,india_saraga_0016,1.086439711952337
india_u015,india_saraga_0101,0.7249132653903421
india_u015,india_saraga_0011,0.7030952175574365
india_u015,india_saraga_0035,1.3962163949848971
india_u015,india_saraga_0041,1.320654598783013
india_u015,india_saraga_0015,0.7763530678130461
india_u015,india_saraga_0094,1.8231574440015101
india_u015,india_saraga_0092,1.9351225526812827
india_u015,india_saraga_0027,0.8798234646549525
india_u015,india_saraga_0029,0.8103243963516005
india_u015,india_saraga_0046,0.8208827784613209
india_u015,india_saraga_0054,1.0811322945370392
india_u015,india_saraga_0014,1.7798407629484194
india_u015,india_saraga_0107,1.3939409149116768
india_u015,india_saraga_0049,0.6013301475990049
india_u015,india_saraga_0085,1.2094686277581008
india_u015,india_saraga_0080,0.6354975245421388
india_u015,india_saraga_0098,1.10932117101266
india_u015,india_saraga_0082,1.1052802134549755
india_u015,india_saraga_0002,1.4725289985644685
india_u016,india_saraga_0001,1.0528032014322326
india_u016,india_saraga_0027,1.2510816085620222
india_u016,india_saraga_0089,1.430966575490506
india_u016,india_saraga_0086,1.1084097493722849
india_u016,india_saraga_0103,1.1469564966799615
india_u016,india_saraga_0052,0.8959154192021378
india_u016,india_saraga_0071,1.3030209476261176
india_u016,india_saraga_0072,0.8291843506543195
india_u016,india_saraga_0051,1.8012893271621138
india_u016,india_saraga_0014,1.6210506053994522
india_u016,india_saraga_0064,1.115418482621276
india_u016,india_saraga_0056,1.6208417705492715
india_u016,india_saraga_0020,0.5104939127140595
india_u016,india_saraga_0077,1.016733833963595
india_u016,india_saraga_0107,1.160451722220183
india_u016,india_saraga_0011,1.204697761318546
india_u016,india_saraga_0095,1.6230972165655082
india_u016,india_saraga_0091,1.9442111413425707
india_u016,india_saraga_0013,1.0699956956642045
india_u016,india_saraga_0038,1.0258997742918121
india_u016,india_saraga_0096,1.4157728398705942
india_u016,india_saraga_0043,0.9218804212873684
india_u016,india_saraga_0074,0.7120255007227838
india_u016,india_saraga_0025,1.9423113057382981
india_u016,india_saraga_0004,1.714294935213533
india_u016,india_saraga_0003,1.9377493295361918
india_u016,india_saraga_0015,0.8267493180258749
india_u016,india_saraga_0048,0.5267138224545058
india_u016,india_saraga_0082,1.1558923636071596
india_u016,india_saraga_0057,1.900413444487372
india_u016,india_saraga_0079,0.7074880083076384
india_u016,india_saraga_0002,0.6757782842518976
india_u016,india_saraga_0029,0.6034291763687631
india_u016,india_saraga_0058,1.6475269983979621
india_u016,india_saraga_0104,1.6788898007503084
india_u016,india_saraga_0059,1.543064083495196
india_u016,india_saraga_0094,0.5799377676835041
india_u016,india_saraga_0062,1.5849325037228057
india_u016,india_saraga_0098,1.1729432126925308
india_u016,india_saraga_0024,0.7368416329049075
india_u017,india_saraga_0013,1.0798648929159733
india_u017,india_saraga_0067,1.8230743272555558
india_u017,india_saraga_0025,0.7707844440292853
india_u017,india_saraga_0088,0.712007139400487
india_u017,india_saraga_0090,1.0481461503498704
india_u017,india_saraga_0033,1.1422920507752412
india_u017,india_saraga_0000,1.9000910909925914
india_u017,india_saraga_0057,1.7541793020632315
india_u017,india_saraga_0017,1.1961344565357712
india_u017,india_saraga_0037,1.9594626513224045
india_u017,india_saraga_0035,1.4634176062385964
india_u017,india_saraga_0083,1.8104880979728368
india_u017,india_saraga_0056,0.8690854707302382
india_u017,india_saraga_0063,1.2334461114499742
india_u017,india_saraga_0034,0.54457582003465
india_u017,india_saraga_0048,0.5133202898996733
india_u017,india_saraga_0097,1.5581798314091968
india_u017,india_saraga_0052,0.677440433698401
india_u017,india_saraga_0043,1.3217123556662265
india_u017,india_saraga_0030,1.5440112233150298
india_u017,india_saraga_0024,0.5483518793444588
india_u017,india_saraga_0064,1.173112098718523
india_u017,india_saraga_0084,1.5262279054787595
india_u017,india_saraga_0102,1.834596481782275
india_u017,india_saraga_0098,0.9488451509024847
india_u017,india_saraga_0016,1.9613247945264953
india_u017,india_saraga_0076,1.7668122494895462
india_u017,india_saraga_0020,1.4759526081227814
india_u017,india_saraga_0022,1.0878882608691969
india_u017,india_saraga_0074,1.5666655642992477
india_u017,india_saraga_0036,1.7242899036055301
india_u017,india_saraga_0069,0.9549498123298359
india_u017,india_saraga_0046,1.989245097360544
india_u017,india_saraga_0054,1.8629290546319583
india_u017,india_saraga_0095,1.228252160514384
india_u017,india_saraga_0055,1.584244873663093
india_u017,india_saraga_0015,1.2860133419281727
india_u017,india_saraga_0100,1.6413958282955394
india_u017,india_saraga_0086,1.7404733058169721
india_u017,india_saraga_0089,0.5348338327355637
india_u018,india_saraga_0102,1.0206030001192683
india_u018,india_saraga_0030,0.824357448954308
india_u018,india_saraga_0069,0.9825318632890021
india_u018,india_saraga_0080,1.4959358676611638
india_u018,india_saraga_0067,1.5153113505092157
india_u018,india_saraga_0035,1.6119754040361483
india_u018,india_saraga_0003,0.689804912859059
india_u018,india_saraga_0036,1.7277760853816924
india_u018,india_saraga_0005,1.5322217023114333
india_u018,india_saraga_0009,0.5457576150359588
india_u018,india_saraga_0076,1.0033967741525762
india_u018,india_saraga_0025,1.2000668838597157
india_u018,india_saraga_0105,1.0409262355802222
india_u018,india_saraga_0034,0.6761253323126197
india_u018,india_saraga_0107,0.8110194267575106
india_u018,india_saraga_0031,0.5368420923651989
india_u018,india_saraga_0045,0.6396157420288442
india_u018,india_saraga_0099,0.8994501765868171
india_u018,india_saraga_0068,1.7299553984535958
india_u018,india_saraga_0059,1.2899562649058005
india_u018,india_saraga_0006,1.136746836036659
india_u018,india_saraga_0010,1.4932444159378235
india_u018,india_saraga_0082,1.3122658404875078
india_u018,india_saraga_0037,0.6972708901334393
india_u018,india_saraga_0106,0.8339350457362844
india_u018,india_saraga_0103,0.8337835414859114
india_u018,india_saraga_0013,1.3999287689185134
india_u018,india_saraga_0078,1.1924365492840197
india_u018,india_saraga_0000,1.0813775938412804
india_u018,india_saraga_0007,1.334958759322682
india_u018,india_saraga_0020,1.9551736786738358
india_u018,india_saraga_0027,0.9712901840838152
india_u018,india_saraga_0001,1.280293150450276
india_u018,india_saraga_0043,1.2205550234661735
india_u018,india_saraga_0026,1.5749645476187673
india_u018,india_saraga_0023,1.5954354019743742
india_u018,india_saraga_0024,1.5936060821195608
india_u018,india_saraga_0048,0.8022793699081172
india_u018,india_saraga_0075,1.1736397045417817
india_u018,india_saraga_0094,1.7167620365437064
india_u019,india_saraga_0098,1.0516296508921612
india_u019,india_saraga_0000,0.6692605149760332
india_u019,india_saraga_0034,1.0183729287676635
india_u019,india_saraga_0056,1.0251874374397785
india_u019,india_saraga_0091,1.2831584585446274
india_u019,india_saraga_0065,1.958527299409981
india_u019,india_saraga_0035,1.2050262837659456
india_u019,india_saraga_0013,1.871639233448951
india_u019,india_saraga_0071,1.192336487843833
india_u019,india_saraga_0055,0.6613149513124092
india_u019,india_saraga_0070,0.8452293429139103
india_u019,india_saraga_0077,1.1112765140864003
india_u019,india_saraga_0061,0.988053159455277
india_u019,india_saraga_0073,1.7987439312987374
india_u019,india_saraga_0075,1.517968403294827
india_u019,india_saraga_0087,1.3674626778780101
india_u019,india_saraga_0037,1.2368443268550358
india_u019,india_saraga_0048,1.0959059274336003
india_u019,india_saraga_0096,1.418288659748017
india_u019,india_saraga_0074,0.6869107481665715
india_u019,india_saraga_0012,0.7437997823253585
india_u019,india_saraga_0014,0.9546745300950499
india_u019,india_saraga_0022,0.7567769246916116
india_u019,india_saraga_0094,1.515648078537225
india_u019,india_saraga_0027,0.537152482109368
india_u019,india_saraga_0086,0.7402662375001252
india_u019,india_saraga_0042,1.853912164248205
india_u019,india_saraga_0084,1.9963147223331303
india_u019,india_saraga_0100,1.2313857167421396
india_u019,india_saraga_0085,1.2430551095326374
india_u019,india_saraga_0072,1.6600981433561572
india_u019,india_saraga_0033,0.5542843664308625
india_u019,india_saraga_0046,1.1405322228514672
india_u019,india_saraga_0105,0.6497418227224397
india_u019,india_saraga_0104,1.1013895739847288
india_u019,india_saraga_0049,1.9757327616933122
india_u019,india_saraga_0063,1.6304499212050416
india_u019,india_saraga_0092,1.9775688135278269
india_u019,india_saraga_0038,1.6190729385059026
india_u019,india_saraga_0005,1.4121651077098827
india_u020,india_saraga_0052,1.6725147368109998
india_u020,india_saraga_0066,1.0854705058498264
india_u020,india_saraga_0012,0.5988820835234854
india_u020,india_saraga_0022,1.689001151351635
india_u020,india_saraga_0048,1.3957371303572008
india_u020,india_saraga_0034,1.8640080336831266
india_u020,india_saraga_0099,0.6739443502502488
india_u020,india_saraga_0107,0.9576845946411625
india_u020,india_saraga_0008,1.0409842305850796
india_u020,india_saraga_0020,1.524919562817037
india_u020,india_saraga_0104,1.6816177446547325
india_u020,india_saraga_0021,1.9415306128766305
india_u020,india_saraga_0030,0.9431107374862316
india_u020,india_saraga_0097,1.240454612846371
india_u020,india_saraga_0043,0.5434413951219477
india_u020,india_saraga_0084,0.8794818171633318
india_u020,india_saraga_0033,1.0610052621794606
india_u020,india_saraga_0039,1.3907093097881724
india_u020,india_saraga_0018,1.206268240398761
india_u020,india_saraga_0079,1.046712589665496
india_u020,india_saraga_0015,1.4361169497940123
india_u020,india_saraga_0045,1.7429235156755005
india_u020,india_saraga_0035,0.8625216994771838
india_u020,india_saraga_0089,1.0143138188906184
india_u020,india_saraga_0024,1.55738547453053
india_u020,india_saraga_0023,1.6669108981377954
india_u020,india_saraga_0087,1.738095307601971
india_u020,india_saraga_0096,0.813996828345543
india_u020,india_saraga_0047,1.3089004418666235
india_u020,india_saraga_0002,1.8500166477879265
india_u020,india_saraga_0044,1.0879256826372377
india_u020,india_saraga_0067,1.1448246353323335
india_u020,india_saraga_0057,1.9772344158510287
india_u020,india_saraga_0051,0.6695789690487581
india_u020,india_saraga_0101,1.558402984192454
india_u020,india_saraga_0026,1.7752761905613377
india_u020,india_saraga_0092,0.7261902749510261
india_u020,india_saraga_0072,1.571679854010856
india_u020,india_saraga_0040,1.2046073330156633
india_u020,india_saraga_0050,1.7793363270119649
india_u021,india_saraga_0094,1.8920863939783525
india_u021,india_saraga_0090,1.0138320566246597
india_u021,india_saraga_0003,1.4636548822475666
india_u021,india_saraga_0078,0.8402351575532503
india_u021,india_saraga_0010,1.3403196064770637
india_u021,india_saraga_0053,0.8810415892297836
india_u021,india_saraga_0102,1.3570347629411794
india_u021,india_saraga_0050,0.7575831759398464
india_u021,india_saraga_0055,1.911848835141115
india_u021,india_saraga_0015,1.8303762146109375
india_u021,india_saraga_0088,1.0053773741732597
india_u021,india_saraga_0049,1.664994333387414
india_u021,india_saraga_0047,0.6432561960982919
india_u021,india_saraga_0007,1.610541363058136
india_u021,india_saraga_0052,0.9236886944190562
india_u021,india_saraga_0034,0.7034626530137935
india_u021,india_saraga_0058,1.5172868268554205
india_u021,india_saraga_0008,1.204710226729084
india_u021,india_saraga_0043,1.295209402595666
india_u021,india_saraga_0074,1.2807946762068814
india_u021,india_saraga_0093,0.5891719731590292
india_u021,india_saraga_0005,0.5770703736390155
india_u021,india_saraga_0085,1.4017512559221454
india_u021,india_saraga_0072,1.435796963533125
india_u021,india_saraga_0019,0.570761834772672
india_u021,india_saraga_0063,1.0676589978317266
india_u021,india_saraga_0018,1.4192769193406412
india_u021,india_saraga_0096,1.4850209836296144
india_u021,india_saraga_0103,1.7424136389148273
india_u021,india_saraga_0036,1.1310984253953213
india_u021,india_saraga_0086,1.322386671720453
india_u021,india_saraga_0095,1.3678405634132258
india_u021,india_saraga_0021,0.9680679249504784
india_u021,india_saraga_0057,0.5807381036624174
india_u021,india_saraga_0017,0.506338889307657
india_u021,india_saraga_0064,1.7541881241777872
india_u021,india_saraga_0004,0.8003477337835796
india_u021,india_saraga_0001,1.4453819962387033
india_u021,india_saraga_0105,1.3655712179658794
india_u021,india_saraga_0028,1.0994496151107784
india_u022,india_saraga_0075,1.7266369910222483
india_u022,india_saraga_0052,0.8595830468381663
india_u022,india_saraga_0105,0.5193889328432753
india_u022,india_saraga_0032,1.4442493883030767
india_u022,india_saraga_0073,1.7672747357562801
india_u022,india_saraga_0086,1.3292751689156002
india_u022,india_saraga_0089,0.8167653800192678
india_u022,india_saraga_0067,1.6120326360129602
india_u022,india_saraga_0054,1.504308923916905
india_u022,india_saraga_0039,1.3475488061128293
india_u022,india_saraga_0081,1.7950042610314756
india_u022,india_saraga_0051,1.6763635294085493
india_u022,india_saraga_0004,1.5019281371341706
india_u022,india_saraga_0027,1.4971380035348276
india_u022,india_saraga_0057,1.4933039514474122
india_u022,india_saraga_0026,1.2877471173748458
india_u022,india_saraga_0001,1.1958824669657706
india_u022,india_saraga_0100,1.5644006892480795
india_u022,india_saraga_0050,1.4157417222053468
india_u022,india_saraga_0020,1.2349708434508146
india_u022,india_saraga_0091,0.6899920308665624
india_u022,india_saraga_0055,1.5528931829797483
india_u022,india_saraga_0095,1.468997855866948
india_u022,india_saraga_0104,1.0133726389602553
india_u022,india_saraga_0006,1.034484749322615
india_u022,india_saraga_0019,0.8700835762028785
india_u022,india_saraga_0003,1.9428728845475283
india_u022,india_saraga_0053,1.790302044303084
india_u022,india_saraga_0005,1.3415735441183252
india_u022,india_saraga_0002,1.1024797198377714
india_u022,india_saraga_0069,1.605237895544635
india_u022,india_saraga_0042,1.2915922641889959
india_u022,india_saraga_0043,1.963776550872671
india_u022,india_saraga_0059,0.5826839208832318
india_u022,india_saraga_0070,0.5514286010802127
india_u022,india_saraga_0058,1.35291652696006
india_u022,india_saraga_0096,0.8049188340333602
india_u022,india_saraga_0079,1.4064562453252887
india_u022,india_saraga_0063,1.6721345428207661
india_u022,india_saraga_0014,0.7071646417773092
india_u023,india_saraga_0079,0.8019697775581909
india_u023,india_saraga_0097,1.4313129403733889
india_u023,india_saraga_0042,1.3342798753621796
india_u023,india_saraga_0040,0.8387772256718523
india_u023,india_saraga_0071,1.5055472968058634
india_u023,india_saraga_0103,0.6455108169420337
india_u023,india_saraga_0095,0.5290535990463383
india_u023,india_saraga_0092,0.6236221860595202
india_u023,india_saraga_0083,1.0473023389636589
india_u023,india_saraga_0048,1.9625244918122262
india_u023,india_saraga_0051,1.3208704982140458
india_u023,india_saraga_0052,1.6320891545232008
india_u023,india_saraga_0037,0.982243628347339
india_u023,india_saraga_0065,1.5790085982249937
india_u023,india_saraga_0027,1.9492717971835363
india_u023,india_saraga_0074,1.03664133542308
india_u023,india_saraga_0030,1.9985891521025376
india_u023,india_saraga_0015,1.4576149265474991
india_u023,india_saraga_0061,1.6228871186970857
india_u023,india_saraga_0050,0.8782508582722249
india_u023,india_saraga_0025,1.4646361537658623
india_u023,india_saraga_0017,1.2665093771935811
india_u023,india_saraga_0016,1.934603968216154
india_u023,india_saraga_0106,1.8570125716842731
india_u023,india_saraga_0031,1.0950088983876158
india_u023,india_saraga_0054,1.92030462730735
india_u023,india_saraga_0047,1.8272188291250147
india_u023,india_saraga_0068,1.3855757755537088
india_u023,india_saraga_0085,0.6231768631843104
india_u023,india_saraga_0020,0.7411853609893067
india_u023,india_saraga_0078,0.6153113670107003
india_u023,india_saraga_0093,0.6619896719735916
india_u023,india_saraga_0062,1.9654285615896165
india_u023,india_saraga_0060,0.8182509488242284
india_u023,india_saraga_0053,1.5362818735109944
india_u023,india_saraga_0038,1.4547923865241545
india_u023,india_saraga_0055,1.4467172972795057
india_u023,india_saraga_0024,0.8100559993940447
india_u023,india_saraga_0094,1.3690198915769143
india_u023,india_saraga_0089,1.4383075243774273
indonesia_u000,indonesia_fma_0007,0.9125563395345051
indonesia_u000,indonesia_fma_0002,1.511707152807744
indonesia_u000,indonesia_fma_0011,1.547842919906774
indonesia_u000,indonesia_fma_0013,1.2876147384879135
indonesia_u000,indonesia_fma_0000,0.7216110387278265
indonesia_u000,indonesia_fma_0019,1.8787789158374
indonesia_u000,indonesia_fma_0014,0.6725676235184229
indonesia_u000,indonesia_fma_0017,1.443758253065767
indonesia_u000,indonesia_fma_0010,0.6546328949146327
indonesia_u000,indonesia_fma_0009,0.7191510636993839
indonesia_u000,indonesia_fma_0001,0.5308074710432436
indonesia_u000,indonesia_fma_0012,1.0450461257851393
indonesia_u000,indonesia_fma_0003,1.4593738466330568
indonesia_u000,indonesia_fma_0004,1.282316329599308
indonesia_u000,indonesia_fma_0005,1.5118087268727285
indonesia_u000,indonesia_fma_0006,1.5125282913064293
indonesia_u000,indonesia_fma_0016,0.710260615991358
indonesia_u000,indonesia_fma_0015,0.5860061051325733
indonesia_u000,indonesia_fma_0018,1.4380372106520047
indonesia_u000,indonesia_gamelan_0031,1.479836457462864
indonesia_u000,indonesia_gamelan_0040,1.3350556027125566
indonesia_u000,indonesia_gamelan_0003,0.8686436994861061
indonesia_u000,indonesia_gamelan_0019,1.7161478254733809
indonesia_u000,indonesia_gamelan_0049,0.6135290232443856
indonesia_u000,indonesia_gamelan_0025,1.448467683982039
indonesia_u000,indonesia_gamelan_0011,0.6806173038190582
indonesia_u000,indonesia_gamelan_0026,1.4816715746498446
indonesia_u000,indonesia_gamelan_0053,1.1265886817352446
indonesia_u000,indonesia_gamelan_0000,1.577154583156507
indonesia_u000,indonesia_gamelan_0018,0.5782883037154021
indonesia_u000,indonesia_gamelan_0033,1.332624482720552
indonesia_u000,indonesia_gamelan_0021,0.7173168483201194
indonesia_u000,indonesia_gamelan_0004,1.5235724474157106
indonesia_u000,indonesia_gamelan_0050,0.6799334469675236
indonesia_u000,indonesia_gamelan_0037,0.6103749844278887
indonesia_u000,indonesia_gamelan_0001,1.5696841972754187
indonesia_u000,indonesia_gamelan_0024,0.5952979018524235
indonesia_u000,indonesia_gamelan_0035,0.8367962268972742
indonesia_u000,indonesia_gamelan_0022,1.7371027956885081
indonesia_u000,indonesia_gamelan_0015,1.7145324617123394
indonesia_u001,indonesia_fma_0006,1.6770728293625492
indonesia_u001,indonesia_fma_0011,1.5510688704025577
indonesia_u001,indonesia_fma_0015,0.8371061606821268
indonesia_u001,indonesia_fma_0019,1.041334913233754
indonesia_u001,indonesia_fma_0000,1.9239004441547258
indonesia_u001,indonesia_fma_0014,1.491815868455178
indonesia_u001,indonesia_fma_0016,1.6835371009011084
indonesia_u001,indonesia_fma_0001,1.953041928267016
indonesia_u001,indonesia_fma_0013,0.8471553807689987
indonesia_u001,indonesia_fma_0005,0.9825300009898302
indonesia_u001,indonesia_fma_0007,1.4672024792517495
indonesia_u001,indonesia_fma_0017,0.536536210676011
indonesia_u001,indonesia_fma_0004,1.3568286160005585
indonesia_u001,indonesia_fma_0012,1.713032569271748
indonesia_u001,indonesia_fma_0002,1.4156650607361878
indonesia_u001,indonesia_fma_0018,0.9430899258441663
indonesia_u001,indonesia_fma_0009,1.5861561250040925
indonesia_u001,indonesia_fma_0003,0.7190474370199184
indonesia_u001,indonesia_fma_0010,1.8421602039177751
indonesia_u001,indonesia_gamelan_0022,0.6513725465606831
indonesia_u001,indonesia_gamelan_0012,1.7952367006436523
indonesia_u001,indonesia_gamelan_0035,1.2467141416043488
indonesia_u001,indonesia_gamelan_0021,1.1429705052317027
indonesia_u001,indonesia_gamelan_0025,1.250992640863147
indonesia_u001,indonesia_gamelan_0036,0.8003094546393819
indonesia_u001,indonesia_gamelan_0017,1.1865283693382205
indonesia_u001,indonesia_gamelan_0046,1.774579723847988
indonesia_u001,indonesia_gamelan_0031,1.7014328633281985
indonesia_u001,indonesia_gamelan_0009,0.7445728017369939
indonesia_u001,indonesia_gamelan_0048,1.5101314671935926
indonesia_u001,indonesia_gamelan_0045,1.785255897448138
indonesia_u001,indonesia_gamelan_0023,1.7296513829282139
indonesia_u001,indonesia_gamelan_0011,1.1384486649457721
indonesia_u001,indonesia_gamelan_0044,0.5721392605191737
indonesia_u001,indonesia_gamelan_0013,1.8967541344606238
indonesia_u001,indonesia_gamelan_0033,1.093827673772093
indonesia_u001,indonesia_gamelan_0041,1.0414649558845157
indonesia_u001,indonesia_gamelan_0006,1.6392724167182195
indonesia_u001,indonesia_gamelan_0029,0.8959583232380338
indonesia_u001,indonesia_gamelan_0020,1.7521218847509379
indonesia_u002,indonesia_gamelan_0038,0.9605383090093463
indonesia_u002,indonesia_gamelan_0024,0.6906594956481815
indonesia_u002,indonesia_gamelan_0006,1.632746306745127
indonesia_u002,indonesia_gamelan_0022,1.886214215280923
indonesia_u002,indonesia_gamelan_0026,1.6846258055999765
indonesia_u002,indonesia_gamelan_0004,1.4189237441512577
indonesia_u002,indonesia_gamelan_0049,1.7198493734158644
indonesia_u002,indonesia_gamelan_0042,1.1063453493992876
indonesia_u002,indonesia_gamelan_0002,1.789246032621031
indonesia_u002,indonesia_gamelan_0013,1.697778274457273
indonesia_u002,indonesia_gamelan_0027,0.5025869663844785
indonesia_u002,indonesia_gamelan_0036,1.2316912023762754
indonesia_u002,indonesia_gamelan_0053,0.8969248641188392
indonesia_u002,indonesia_gamelan_0054,0.6293493745515433
indonesia_u002,indonesia_gamelan_0046,1.7692940641216621
indonesia_u002,indonesia_gamelan_0008,0.5119245264516834
indonesia_u002,indonesia_gamelan_0028,1.5952452530830405
indonesia_u002,indonesia_gamelan_0035,1.9822881814957791
indonesia_u002,indonesia_gamelan_0021,1.2230296500593536
indonesia_u002,indonesia_gamelan_0023,1.056860794912152
indonesia_u002,indonesia_gamelan_0033,1.4087494317120701
indonesia_u002,indonesia_gamelan_0041,1.7070467414715083
indonesia_u002,indonesia_gamelan_0015,0.8603779906629183
indonesia_u002,indonesia_gamelan_0051,0.8760521437303044
indonesia_u002,indonesia_gamelan_0025,1.4107670211302703
indonesia_u002,indonesia_gamelan_0048,1.909819731281458
indonesia_u002,indonesia_gamelan_0017,0.9476599636381452
indonesia_u002,indonesia_gamelan_0007,1.0651319948435196
indonesia_u002,indonesia_gamelan_0014,1.9899999521904344
indonesia_u002,indonesia_gamelan_0019,0.7643332478097737
indonesia_u002,indonesia_gamelan_0052,0.6154522525629561
indonesia_u002,indonesia_gamelan_0005,1.384632858320909
indonesia_u002,indonesia_gamelan_0029,0.5364004826324495
indonesia_u002,indonesia_gamelan_0044,0.770649846912234
indonesia_u002,indonesia_gamelan_0010,1.433313771035702
indonesia_u002,indonesia_gamelan_0045,1.4892686010369995
indonesia_u002,indonesia_gamelan_0018,1.2656378744714296
indonesia_u002,indonesia_gamelan_0001,1.075622069344075
indonesia_u002,indonesia_gamelan_0047,1.3642963766327725
indonesia_u002,indonesia_gamelan_0020,1.4650786295498581
indonesia_u003,indonesia_gamelan_0013,1.2753917983909862
indonesia_u003,indonesia_gamelan_0012,1.457667536585894
indonesia_u003,indonesia_gamelan_0010,0.8216742672165205
indonesia_u003,indonesia_gamelan_0039,1.063345115375212
indonesia_u003,indonesia_gamelan_0009,0.824508215203562
indonesia_u003,indonesia_gamelan_0047,1.854414356642898
indonesia_u003,indonesia_gamelan_0020,0.8551983228949877
indonesia_u003,indonesia_gamelan_0043,0.6812519389786955
indonesia_u003,indonesia_gamelan_0045,0.5527329672907155
indonesia_u003,indonesia_gamelan_0036,0.5674302086170253
indonesia_u003,indonesia_gamelan_0029,0.7873793524502254
indonesia_u003,indonesia_gamelan_0046,1.4123127669604285
indonesia_u003,indonesia_gamelan_0042,0.526474811766684
indonesia_u003,indonesia_gamelan_0049,0.9301158871357207
indonesia_u003,indonesia_gamelan_0054,0.587250336984949
indonesia_u003,indonesia_gamelan_0038,1.1054881554487515
indonesia_u003,indonesia_gamelan_0019,0.5728651067447864
indonesia_u003,indonesia_gamelan_0000,1.411312664931242
indonesia_u003,indonesia_gamelan_0004,1.532636398278523
indonesia_u003,indonesia_gamelan_0022,1.5970063244656454
indonesia_u003,indonesia_gamelan_0050,0.8365150979693826
indonesia_u003,indonesia_gamelan_0006,1.802750242942615
indonesia_u003,indonesia_gamelan_0023,1.5354322509963896
indonesia_u003,indonesia_gamelan_0032,0.5849753289497306
indonesia_u003,indonesia_gamelan_0044,1.1611500630521405
indonesia_u003,indonesia_gamelan_0031,1.651634740058722
indonesia_u003,indonesia_gamelan_0011,0.9663408900803446
indonesia_u003,indonesia_gamelan_0003,1.0723381608608973
indonesia_u003,indonesia_gamelan_0002,1.4444057409448143
indonesia_u003,indonesia_gamelan_0053,0.5832213201738468
indonesia_u003,indonesia_gamelan_0026,1.950402560761876
indonesia_u003,indonesia_gamelan_0001,0.7617215159145918
indonesia_u003,indonesia_gamelan_0028,0.5400079994693905
indonesia_u003,indonesia_gamelan_0016,0.5079844730606304
indonesia_u003,indonesia_gamelan_0024,1.0993315624990936
indonesia_u003,indonesia_gamelan_0015,1.8263800482130665
indonesia_u003,indonesia_gamelan_0051,1.7296431188268935
indonesia_u003,indonesia_gamelan_0021,1.8680686973745426
indonesia_u003,indonesia_gamelan_0014,1.3006734789933485
indonesia_u003,indonesia_gamelan_0033,1.1731193508127464
indonesia_u004,indonesia_fma_0019,1.8887876879040317
indonesia_u004,indonesia_fma_0001,0.5870413310039102
indonesia_u004,indonesia_fma_0010,1.135295292340878
indonesia_u004,indonesia_fma_0003,0.5008565846047583
indonesia_u004,indonesia_fma_0011,1.6792256581748668
indonesia_u004,indonesia_fma_0013,0.7492552828034451
indonesia_u004,indonesia_fma_0016,1.8873740267325172
indonesia_u004,indonesia_fma_0012,0.5659666217908468
indonesia_u004,indonesia_fma_0007,1.7311810018466403
indonesia_u004,indonesia_fma_0017,1.4849567192233823
indonesia_u004,indonesia_fma_0005,0.8746035783288357
indonesia_u004,indonesia_fma_0004,0.8036294138458924
indonesia_u004,indonesia_fma_0002,1.0365169000655334
indonesia_u004,indonesia_fma_0009,1.7426043247630325
indonesia_u004,indonesia_fma_0018,1.7929348225031834
indonesia_u004,indonesia_fma_0006,0.7629280692864886
indonesia_u004,indonesia_fma_0015,1.030172059526496
indonesia_u004,indonesia_fma_0000,0.8562370758533808
indonesia_u004,indonesia_fma_0014,0.6839642714568468
indonesia_u004,indonesia_gamelan_0052,1.469674081293392
indonesia_u004,indonesia_gamelan_0017,1.018806534853303
indonesia_u004,indonesia_gamelan_0000,0.8380760671645011
indonesia_u004,indonesia_gamelan_0045,1.7989966602529643
indonesia_u004,indonesia_gamelan_0023,1.6224768963553498
indonesia_u004,indonesia_gamelan_0040,1.6606417230445136
indonesia_u004,indonesia_gamelan_0006,0.5587938367749202
indonesia_u004,indonesia_gamelan_0008,1.8726956738465994
indonesia_u004,indonesia_gamelan_0054,1.362107566961353
indonesia_u004,indonesia_gamelan_0022,1.255704207026778
indonesia_u004,indonesia_gamelan_0046,0.5158780190416717
indonesia_u004,indonesia_gamelan_0041,1.846493315651157
indonesia_u004,indonesia_gamelan_0032,1.3158357057290009
indonesia_u004,indonesia_gamelan_0012,1.737730193510803
indonesia_u004,indonesia_gamelan_0001,1.4832664411074405
indonesia_u004,indonesia_gamelan_0051,1.6950404202663205
indonesia_u004,indonesia_gamelan_0021,1.5393976228367037
indonesia_u004,indonesia_gamelan_0035,1.88144585350374
indonesia_u004,indonesia_gamelan_0042,0.8382262795093245
indonesia_u004,indonesia_gamelan_0019,0.8031501570993608
indonesia_u004,indonesia_gamelan_0037,1.568812342917683
indonesia_u005,indonesia_gamelan_0018,1.359568364792144
indonesia_u005,indonesia_gamelan_0017,0.9630194144790017
indonesia_u005,indonesia_gamelan_0042,0.553181198611626
indonesia_u005,indonesia_gamelan_0027,1.728421324776665
indonesia_u005,indonesia_gamelan_0004,0.8616070572700345
indonesia_u005,indonesia_gamelan_0048,1.4476145543223793
indonesia_u005,indonesia_gamelan_0032,1.323301904089719
indonesia_u005,indonesia_gamelan_0051,0.5066743079701759
indonesia_u005,indonesia_gamelan_0026,1.9915154449096437
indonesia_u005,indonesia_gamelan_0036,1.7214940337001932
indonesia_u005,indonesia_gamelan_0022,1.2297069059550232
indonesia_u005,indonesia_gamelan_0043,1.5205120553635747
indonesia_u005,indonesia_gamelan_0008,1.2148913548861588
indonesia_u005,indonesia_gamelan_0029,1.616879406918096
indonesia_u005,indonesia_gamelan_0015,0.7014928187283411
indonesia_u005,indonesia_gamelan_0033,1.1695264928510456
indonesia_u005,indonesia_gamelan_0023,1.00330576560929
indonesia_u005,indonesia_gamelan_0030,1.1894828652410523
indonesia_u005,indonesia_gamelan_0039,1.1757089792905462
indonesia_u005,indonesia_gamelan_0014,0.7146409246687915
indonesia_u005,indonesia_gamelan_0050,1.9647328560635435
indonesia_u005,indonesia_gamelan_0025,0.5232382141821921
indonesia_u005,indonesia_gamelan_0024,0.5151094172260983
indonesia_u005,indonesia_gamelan_0031,1.0601619778004867
indonesia_u005,indonesia_gamelan_0034,1.4305645240202263
indonesia_u005,indonesia_gamelan_0046,0.7694798402223924
indonesia_u005,indonesia_gamelan_0009,1.2997910058562416
indonesia_u005,indonesia_gamelan_0003,1.5841579519452182
indonesia_u005,indonesia_gamelan_0028,0.6410909135602267
indonesia_u005,indonesia_gamelan_0047,1.9766336120239
indonesia_u005,indonesia_gamelan_0012,1.0050509716089415
indonesia_u005,indonesia_gamelan_0054,1.4636231206808734
indonesia_u005,indonesia_gamelan_0038,0.6660797872798636
indonesia_u005,indonesia_gamelan_0037,1.5642295830819897
indonesia_u005,indonesia_gamelan_0016,1.760684520593729
indonesia_u005,indonesia_gamelan_0049,0.6579277134959336
indonesia_u005,indonesia_gamelan_0020,0.6887947315550993
indonesia_u005,indonesia_gamelan_0053,0.9215711215808415
indonesia_u005,indonesia_gamelan_0000,0.5179037230629939
indonesia_u005,indonesia_gamelan_0010,1.9790769415058447
indonesia_u006,indonesia_fma_0010,0.9677330463263112
indonesia_u006,indonesia_fma_0011,1.9946524858463355
indonesia_u006,indonesia_fma_0004,0.821858442826936
indonesia_u006,indonesia_fma_0012,0.6938111969503775
indonesia_u006,indonesia_fma_0013,1.8885371562221156
indonesia_u006,indonesia_fma_0016,0.7428960407305292
indonesia_u006,indonesia_fma_0017,1.818919879444108
indonesia_u006,indonesia_fma_0018,1.475684941470035
indonesia_u006,indonesia_fma_0001,1.3652922471057782
indonesia_u006,indonesia_fma_0019,1.6270080673198652
indonesia_u006,indonesia_fma_0003,1.588998435722075
indonesia_u006,indonesia_fma_0000,0.6657892841274706
indonesia_u006,indonesia_fma_0015,1.9991991656100336
indonesia_u006,indonesia_fma_0014,1.912834589673093
indonesia_u006,indonesia_fma_0005,1.8448879442928743
indonesia_u006,indonesia_fma_0006,1.4334337009136102
indonesia_u006,indonesia_fma_0002,1.2841869969984712
indonesia_u006,indonesia_fma_0009,1.3044178758225025
indonesia_u006,indonesia_fma_0007,0.5224054163423486
indonesia_u006,indonesia_gamelan_0027,1.2492042529181644
indonesia_u006,indonesia_gamelan_0050,1.4356543514898799
indonesia_u006,indonesia_gamelan_0043,1.4880593131624227
indonesia_u006,indonesia_gamelan_0004,0.9982091975769695
indonesia_u006,indonesia_gamelan_0044,1.2069235254403243
indonesia_u006,indonesia_gamelan_0006,1.4544659099938617
indonesia_u006,indonesia_gamelan_0017,1.1424582654127726
indonesia_u006,indonesia_gamelan_0023,1.9432027984752878
indonesia_u006,indonesia_gamelan_0001,1.5581631647780005
indonesia_u006,indonesia_gamelan_0010,0.5019106193763357
indonesia_u006,indonesia_gamelan_0012,0.5349192222233795
indonesia_u006,indonesia_gamelan_0016,1.5354503052025616
indonesia_u006,indonesia_gamelan_0046,1.118967646318254
indonesia_u006,indonesia_gamelan_0038,1.7592064238183993
indonesia_u006,indonesia_gamelan_0013,0.759523114229393
indonesia_u006,indonesia_gamelan_0008,0.5207403710784377
indonesia_u006,indonesia_gamelan_0028,1.0821235251705685
indonesia_u006,indonesia_gamelan_0007,1.6040961564611735
indonesia_u006,indonesia_gamelan_0020,1.957591600066353
indonesia_u006,indonesia_gamelan_0054,1.8254808190265832
indonesia_u006,indonesia_gamelan_0024,1.2261119179057083
indonesia_u007,indonesia_gamelan_0049,1.90486502056776
indonesia_u007,indonesia_gamelan_0054,1.7099295392120446
indonesia_u007,indonesia_gamelan_0003,1.4776017125048
indonesia_u007,indonesia_gamelan_0043,0.926829498294509
indonesia_u007,indonesia_gamelan_0021,0.9903221625492881
indonesia_u007,indonesia_gamelan_0002,1.9209066095665546
indonesia_u007,indonesia_gamelan_0015,1.790938424233467
indonesia_u007,indonesia_gamelan_0050,1.0392356726634897
indonesia_u007,indonesia_gamelan_0009,1.0599011264310558
indonesia_u007,indonesia_gamelan_0000,0.946541585413827
indonesia_u007,indonesia_gamelan_0028,0.989195213937506
indonesia_u007,indonesia_gamelan_0013,1.7910011994331785
indonesia_u007,indonesia_gamelan_0019,0.5157602848847702
indonesia_u007,indonesia_gamelan_0006,1.154078931664287
indonesia_u007,indonesia_gamelan_0031,1.9142595177918618
indonesia_u007,indonesia_gamelan_0008,1.3139545327742133
indonesia_u007,indonesia_gamelan_0007,1.1756686852158553
indonesia_u007,indonesia_gamelan_0004,0.9685547070493821
indonesia_u007,indonesia_gamelan_0024,0.6108689447928557
indonesia_u007,indonesia_gamelan_0036,0.8367297170412693
indonesia_u007,indonesia_gamelan_0005,0.6356876149053069
indonesia_u007,indonesia_gamelan_0012,0.6900491445731424
indonesia_u007,indonesia_gamelan_0034,0.7452748161894047
indonesia_u007,indonesia_gamelan_0025,0.9530441481264177
indonesia_u007,indonesia_gamelan_0016,0.5165250199933031
indonesia_u007,indonesia_gamelan_0027,1.9252158283898715
indonesia_u007,indonesia_gamelan_0045,0.6857286390154618
indonesia_u007,indonesia_gamelan_0052,1.0747233085393806
indonesia_u007,indonesia_gamelan_0035,1.8192913395721708
indonesia_u007,indonesia_gamelan_0039,0.6598519552861434
indonesia_u007,indonesia_gamelan_0048,1.2254063776311812
indonesia_u007,indonesia_gamelan_0037,1.7671753963120937
indonesia_u007,indonesia_gamelan_0030,1.33544393605121
indonesia_u007,indonesia_gamelan_0010,0.8155153931341401
indonesia_u007,indonesia_gamelan_0018,1.603264297118872
indonesia_u007,indonesia_gamelan_0038,1.5220115943012618
indonesia_u007,indonesia_gamelan_0011,1.0432788598203864
indonesia_u007,indonesia_gamelan_0026,0.5694427423720627
indonesia_u007,indonesia_gamelan_0001,0.5117970348441409
indonesia_u007,indonesia_gamelan_0020,1.7380893246907574
indonesia_u008,indonesia_gamelan_0036,0.8190255999291636
indonesia_u008,indonesia_gamelan_0045,0.573748288308825
indonesia_u008,indonesia_gamelan_0007,0.5669209575425989
indonesia_u008,indonesia_gamelan_0048,0.6332178230210119
indonesia_u008,indonesia_gamelan_0028,1.3697268687045738
indonesia_u008,indonesia_gamelan_0054,1.0223267810609769
indonesia_u008,indonesia_gamelan_0000,0.8646604660938473
indonesia_u008,indonesia_gamelan_0002,0.8289598366957869
indonesia_u008,indonesia_gamelan_0031,1.9228722978546484
indonesia_u008,indonesia_gamelan_0017,0.6782248638381116
indonesia_u008,indonesia_gamelan_0038,0.957221616158982
indonesia_u008,indonesia_gamelan_0015,1.2072158930287897
indonesia_u008,indonesia_gamelan_0004,0.5006742891113831
indonesia_u008,indonesia_gamelan_0024,1.8814297812135867
indonesia_u008,indonesia_gamelan_0011,0.6486478861401558
indonesia_u008,indonesia_gamelan_0053,1.5237059010292588
indonesia_u008,indonesia_gamelan_0041,1.4432982157437324
indonesia_u008,indonesia_gamelan_0019,1.7135957826571058
indonesia_u008,indonesia_gamelan_0033,1.4770815958432286
indonesia_u008,indonesia_gamelan_0052,1.6540811258239692
indonesia_u008,indonesia_gamelan_0025,1.1318729131827914
indonesia_u008,indonesia_gamelan_0020,1.233056741827435
indonesia_u008,indonesia_gamelan_0037,1.552493153246629
indonesia_u008,indonesia_gamelan_0027,1.3526400815825768
indonesia_u008,indonesia_gamelan_0001,1.2673078254000798
indonesia_u008,indonesia_gamelan_0006,0.808337609081824
indonesia_u008,indonesia_gamelan_0010,0.8871623912095631
indonesia_u008,indonesia_gamelan_0044,1.0377458615890902
indonesia_u008,indonesia_gamelan_0003,0.5139265781352548
indonesia_u008,indonesia_gamelan_0014,1.1260451743703555
indonesia_u008,indonesia_gamelan_0029,0.5041527136458692
indonesia_u008,indonesia_gamelan_0021,1.3475231538820052
indonesia_u008,indonesia_gamelan_0049,1.5560431534585233
indonesia_u008,indonesia_gamelan_0047,1.3432229474226896
indonesia_u008,indonesia_gamelan_0042,1.5402799598073138
indonesia_u008,indonesia_gamelan_0012,0.5000197528343112
indonesia_u008,indonesia_gamelan_0005,0.5891629599264643
indonesia_u008,indonesia_gamelan_0035,1.547693661313333
indonesia_u008,indonesia_gamelan_0034,1.7043502219351558
indonesia_u008,indonesia_gamelan_0030,1.5765523563340917
indonesia_u009,indonesia_gamelan_0017,0.5997321283616703
indonesia_u009,indonesia_gamelan_0052,0.8650083170582898
indonesia_u009,indonesia_gamelan_0040,0.9512866218005684
indonesia_u009,indonesia_gamelan_0008,1.1365280914321432
indonesia_u009,indonesia_gamelan_0035,1.209695068922804
indonesia_u009,indonesia_gamelan_0015,0.937208642100107
indonesia_u009,indonesia_gamelan_0020,1.6856756347175428
indonesia_u009,indonesia_gamelan_0018,0.8348662167275847
indonesia_u009,indonesia_gamelan_0013,1.5447759699486696
indonesia_u009,indonesia_gamelan_0003,1.7776524733881462
indonesia_u009,indonesia_gamelan_0029,1.4055473587393794
indonesia_u009,indonesia_gamelan_0001,1.0312383888392311
indonesia_u009,indonesia_gamelan_0042,0.781836863294977
indonesia_u009,indonesia_gamelan_0019,0.7015192916055439
indonesia_u009,indonesia_gamelan_0037,1.6162621087235924
indonesia_u009,indonesia_gamelan_0000,1.2036979963752739
indonesia_u009,indonesia_gamelan_0051,0.5694793267510514
indonesia_u009,indonesia_gamelan_0009,1.9757592604139305
indonesia_u009,indonesia_gamelan_0032,1.506954774483485
indonesia_u009,indonesia_gamelan_0036,1.7662738271404659
indonesia_u009,indonesia_gamelan_0030,1.1572830069755171
indonesia_u009,indonesia_gamelan_0026,1.9331579312120373
indonesia_u009,indonesia_gamelan_0012,0.7992875313861909
indonesia_u009,indonesia_gamelan_0025,0.7777041844082242
indonesia_u009,indonesia_gamelan_0010,1.8355021021555382
indonesia_u009,indonesia_gamelan_0031,1.8375755960085922
indonesia_u009,indonesia_gamelan_0016,1.2485292282485632
indonesia_u009,indonesia_gamelan_0046,0.688679533030968
indonesia_u009,indonesia_gamelan_0038,0.9578246873049079
indonesia_u009,indonesia_gamelan_0050,1.6312285070517016
indonesia_u009,indonesia_gamelan_0048,1.7689878620019552
indonesia_u009,indonesia_gamelan_0014,1.0214821216172256
indonesia_u009,indonesia_gamelan_0047,0.5918505227253017
indonesia_u009,indonesia_gamelan_0041,1.4985900223591708
indonesia_u009,indonesia_gamelan_0034,1.6092455621574402
indonesia_u009,indonesia_gamelan_0011,1.1360220137955388
indonesia_u009,indonesia_gamelan_0022,1.374646417426804
indonesia_u009,indonesia_gamelan_0027,1.981057246286125
indonesia_u009,indonesia_gamelan_0044,0.867497899039489
indonesia_u009,indonesia_gamelan_0024,1.3594665406988764
indonesia_u010,indonesia_fma_0006,1.9635494041043833
indonesia_u010,indonesia_fma_0005,0.527264724753441
indonesia_u010,indonesia_fma_0007,1.9283558226848694
indonesia_u010,indonesia_fma_0018,1.0873853264062476
indonesia_u010,indonesia_fma_0004,1.7569886086173006
indonesia_u010,indonesia_fma_0002,1.317069377331626
indonesia_u010,indonesia_fma_0016,1.3469743145500481
indonesia_u010,indonesia_fma_0001,1.0390668322796752
indonesia_u010,indonesia_fma_0011,1.7427088855672963
indonesia_u010,indonesia_fma_0014,0.8960203562567501
indonesia_u010,indonesia_fma_0013,1.2383620792679098
indonesia_u010,indonesia_fma_0000,1.3402617481512131
indonesia_u010,indonesia_fma_0017,1.6137816401412326
indonesia_u010,indonesia_fma_0003,1.2074530055623056
indonesia_u010,indonesia_fma_0015,1.5204243482592408
indonesia_u010,indonesia_fma_0009,1.227941144521963
indonesia_u010,indonesia_fma_0019,1.488980955437892
indonesia_u010,indonesia_fma_0012,1.5112152143122222
indonesia_u010,indonesia_fma_0010,1.5641623407938656
indonesia_u010,indonesia_gamelan_0011,1.734949690790489
indonesia_u010,indonesia_gamelan_0033,1.311083841439876
indonesia_u010,indonesia_gamelan_0008,0.7899172458048399
indonesia_u010,indonesia_gamelan_0047,1.519461262428583
indonesia_u010,indonesia_gamelan_0041,0.6156771252382428
indonesia_u010,indonesia_gamelan_0021,0.828432533691776
indonesia_u010,indonesia_gamelan_0049,1.6882362929971988
indonesia_u010,indonesia_gamelan_0048,1.152605216495099
indonesia_u010,indonesia_gamelan_0022,1.2470662514768256
indonesia_u010,indonesia_gamelan_0023,1.981095377725295
indonesia_u010,indonesia_gamelan_0032,0.8527587287733769
indonesia_u010,indonesia_gamelan_0045,0.5293291243039018
indonesia_u010,indonesia_gamelan_0009,0.6670589142767662
indonesia_u010,indonesia_gamelan_0019,0.8667527894912443
indonesia_u010,indonesia_gamelan_0014,1.5888800365947038
indonesia_u010,indonesia_gamelan_0028,1.6637330479771428
indonesia_u010,indonesia_gamelan_0051,1.3482334310211708
indonesia_u010,indonesia_gamelan_0000,0.8825695980472421
indonesia_u010,indonesia_gamelan_0018,1.2826128417902354
indonesia_u010,indonesia_gamelan_0050,0.5224363339009013
indonesia_u010,indonesia_gamelan_0027,1.5227014141126944
indonesia_u011,indonesia_fma_0006,0.7572601070754709
indonesia_u011,indonesia_fma_0004,0.7817185535075886
indonesia_u011,indonesia_fma_0012,1.1357108339610065
indonesia_u011,indonesia_fma_0017,0.896090883730197
indonesia_u011,indonesia_fma_0011,1.4248656196192842
indonesia_u011,indonesia_fma_0002,1.2285387608356457
indonesia_u011,indonesia_fma_0000,0.6671759022158451
indonesia_u011,indonesia_fma_0001,1.6771112718641725
indonesia_u011,indonesia_fma_0003,1.1387882816213721
indonesia_u011,indonesia_fma_0014,1.416251479383951
indonesia_u011,indonesia_fma_0019,0.5059134987990226
indonesia_u011,indonesia_fma_0015,1.4396000501548056
indonesia_u011,indonesia_fma_0007,0.9242747855464017
indonesia_u011,indonesia_fma_0005,1.2415561148149903
indonesia_u011,indonesia_fma_0009,0.9465809057319345
indonesia_u011,indonesia_fma_0010,1.9943911169633641
indonesia_u011,indonesia_fma_0018,0.8462634720674354
indonesia_u011,indonesia_fma_0016,1.8692894022338848
indonesia_u011,indonesia_fma_0013,1.8769499477448752
indonesia_u011,indonesia_gamelan_0004,1.1315009794015516
indonesia_u011,indonesia_gamelan_0014,0.9560046732850344
indonesia_u011,indonesia_gamelan_0020,1.0715533203481868
indonesia_u011,indonesia_gamelan_0025,1.984008631087697
indonesia_u011,indonesia_gamelan_0052,1.428194341006409
indonesia_u011,indonesia_gamelan_0051,1.3171703567309578
indonesia_u011,indonesia_gamelan_0046,0.553876822009141
indonesia_u011,indonesia_gamelan_0045,1.7717645455955386
indonesia_u011,indonesia_gamelan_0042,0.6257081837107985
indonesia_u011,indonesia_gamelan_0000,0.570458550551572
indonesia_u011,indonesia_gamelan_0040,0.9122871291769881
indonesia_u011,indonesia_gamelan_0035,1.2136829075862772
indonesia_u011,indonesia_gamelan_0005,1.8429334400066009
indonesia_u011,indonesia_gamelan_0041,1.685118198624258
indonesia_u011,indonesia_gamelan_0053,0.7964482167587645
indonesia_u011,indonesia_gamelan_0050,1.0581192926409149
indonesia_u011,indonesia_gamelan_0034,1.670360396928324
indonesia_u011,indonesia_gamelan_0028,1.290638671203646
indonesia_u011,indonesia_gamelan_0038,0.7617379130361188
indonesia_u011,indonesia_gamelan_0009,1.0940828040175001
indonesia_u011,indonesia_gamelan_0024,1.4389037067645603
indonesia_u012,indonesia_gamelan_0015,1.0488937464012282
indonesia_u012,indonesia_gamelan_0003,0.5783547477471991
indonesia_u012,indonesia_gamelan_0008,0.7565588616687665
indonesia_u012,indonesia_gamelan_0030,1.4248305315106387
indonesia_u012,indonesia_gamelan_0049,1.6626502803460301
indonesia_u012,indonesia_gamelan_0014,1.634072951803394
indonesia_u012,indonesia_gamelan_0040,1.375522377672546
indonesia_u012,indonesia_gamelan_0048,0.6271372185723387
indonesia_u012,indonesia_gamelan_0011,0.5259329407787188
indonesia_u012,indonesia_gamelan_0026,1.673212635983109
indonesia_u012,indonesia_gamelan_0032,1.324064651284794
indonesia_u012,indonesia_gamelan_0010,1.6740681540972617
indonesia_u012,indonesia_gamelan_0054,0.7441826922190833
indonesia_u012,indonesia_gamelan_0021,1.1111347561567153
indonesia_u012,indonesia_gamelan_0024,1.8787539306169596
indonesia_u012,indonesia_gamelan_0009,0.7573969868707485
indonesia_u012,indonesia_gamelan_0000,0.5922903557188165
indonesia_u012,indonesia_gamelan_0023,1.4802010756726225
indonesia_u012,indonesia_gamelan_0027,1.3918045109326345
indonesia_u012,indonesia_gamelan_0037,1.9280457587866
indonesia_u012,indonesia_gamelan_0035,1.8597026315823137
indonesia_u012,indonesia_gamelan_0051,1.6241455853308566
indonesia_u012,indonesia_gamelan_0020,0.5287358568173783
indonesia_u012,indonesia_gamelan_0038,1.2205804526098403
indonesia_u012,indonesia_gamelan_0047,1.8441529048055583
indonesia_u012,indonesia_gamelan_0052,1.150476632171716
indonesia_u012,indonesia_gamelan_0017,1.943218579419492
indonesia_u012,indonesia_gamelan_0050,1.4787319709659736
indonesia_u012,indonesia_gamelan_0002,0.6641856913141913
indonesia_u012,indonesia_gamelan_0034,1.2639081127800251
indonesia_u012,indonesia_gamelan_0042,1.5434257034677215
indonesia_u012,indonesia_gamelan_0006,0.598053458359431
indonesia_u012,indonesia_gamelan_0041,1.0169742981061511
indonesia_u012,indonesia_gamelan_0013,1.5756215945809795
indonesia_u012,indonesia_gamelan_0044,0.7356070434605512
indonesia_u012,indonesia_gamelan_0043,1.0225098474057839
indonesia_u012,indonesia_gamelan_0005,1.5348654837008509
indonesia_u012,indonesia_gamelan_0012,1.6633113527961707
indonesia_u012,indonesia_gamelan_0022,1.2777676907381308
indonesia_u012,indonesia_gamelan_0053,1.9352862915500144
indonesia_u013,indonesia_gamelan_0046,1.664983984976067
indonesia_u013,indonesia_gamelan_0006,1.1229146457765562
indonesia_u013,indonesia_gamelan_0024,1.2638353881450244
indonesia_u013,indonesia_gamelan_0004,1.204014852795568
indonesia_u013,indonesia_gamelan_0014,1.1467067845538603
indonesia_u013,indonesia_gamelan_0043,1.5258493656017746
indonesia_u013,indonesia_gamelan_0008,1.4131011736379129
indonesia_u013,indonesia_gamelan_0041,1.9580806979664582
indonesia_u013,indonesia_gamelan_0015,0.7083558614738474
indonesia_u013,indonesia_gamelan_0031,1.3602789698490751
indonesia_u013,indonesia_gamelan_0030,0.594860245103471
indonesia_u013,indonesia_gamelan_0018,1.7118776280622998
indonesia_u013,indonesia_gamelan_0042,1.4244669998766397
indonesia_u013,indonesia_gamelan_0011,1.1425682239888069
indonesia_u013,indonesia_gamelan_0019,1.703353481965919
indonesia_u013,indonesia_gamelan_0047,1.1825039127373673
indonesia_u013,indonesia_gamelan_0021,0.8416791429701708
indonesia_u013,indonesia_gamelan_0033,1.2087511416655055
indonesia_u013,indonesia_gamelan_0049,0.6062476949560087
indonesia_u013,indonesia_gamelan_0007,1.8467916644590812
indonesia_u013,indonesia_gamelan_0020,1.5964375621016917
indonesia_u013,indonesia_gamelan_0009,1.6404736793225416
indonesia_u013,indonesia_gamelan_0027,1.8117399560276635
indonesia_u013,indonesia_gamelan_0022,1.6873588832226254
indonesia_u013,indonesia_gamelan_0038,1.1477788853801596
indonesia_u013,indonesia_gamelan_0036,0.6779546022881744
indonesia_u013,indonesia_gamelan_0052,1.0600471699714291
indonesia_u013,indonesia_gamelan_0003,1.9011270715695834
indonesia_u013,indonesia_gamelan_0039,1.9236357368470696
indonesia_u013,indonesia_gamelan_0016,1.6518062982856934
indonesia_u013,indonesia_gamelan_0045,0.8066458746070813
indonesia_u013,indonesia_gamelan_0035,0.7916747876962409
indonesia_u013,indonesia_gamelan_0037,1.8196572663210806
indonesia_u013,indonesia_gamelan_0017,0.7128738845166871
indonesia_u013,indonesia_gamelan_0040,1.3762062159987338
indonesia_u013,indonesia_gamelan_0026,1.0673775234186018
indonesia_u013,indonesia_gamelan_0005,0.9530165119417648
indonesia_u013,indonesia_gamelan_0023,1.5160730385154708
indonesia_u013,indonesia_gamelan_0051,1.9393536149779067
indonesia_u013,indonesia_gamelan_0001,1.666450607360448
indonesia_u014,indonesia_gamelan_0039,0.6980478241836943
indonesia_u014,indonesia_gamelan_0047,1.5527421407195787
indonesia_u014,indonesia_gamelan_0028,1.988476450398871
indonesia_u014,indonesia_gamelan_0011,1.666882761247714
indonesia_u014,indonesia_gamelan_0027,0.8346684847814421
indonesia_u014,indonesia_gamelan_0026,1.4346841093913534
indonesia_u014,indonesia_gamelan_0016,0.9424352159963794
indonesia_u014,indonesia_gamelan_0040,0.5452648293744244
indonesia_u014,indonesia_gamelan_0006,0.7697342834837504
indonesia_u014,indonesia_gamelan_0009,0.653890358395762
indonesia_u014,indonesia_gamelan_0044,0.7938988303522913
indonesia_u014,indonesia_gamelan_0019,1.693406632173505
indonesia_u014,indonesia_gamelan_0034,0.9392482010456475
indonesia_u014,indonesia_gamelan_0017,1.635559926417668
indonesia_u014,indonesia_gamelan_0032,1.9232938322641562
indonesia_u014,indonesia_gamelan_0050,1.361409672601662
indonesia_u014,indonesia_gamelan_0018,1.228113413015082
indonesia_u014,indonesia_gamelan_0022,1.6251907633853957
indonesia_u014,indonesia_gamelan_0030,0.645635209839635
indonesia_u014,indonesia_gamelan_0001,1.1423181312273276
indonesia_u014,indonesia_gamelan_0025,1.2482368923980909
indonesia_u014,indonesia_gamelan_0003,1.7465769655975665
indonesia_u014,indonesia_gamelan_0007,1.7213264903469492
indonesia_u014,indonesia_gamelan_0012,1.7723980397749717
indonesia_u014,indonesia_gamelan_0023,1.5468093918015526
indonesia_u014,indonesia_gamelan_0035,1.2958337107772564
indonesia_u014,indonesia_gamelan_0054,1.7418189820150731
indonesia_u014,indonesia_gamelan_0021,1.8099236228829043
indonesia_u014,indonesia_gamelan_0041,1.2207268889882206
indonesia_u014,indonesia_gamelan_0004,1.9784928618331574
indonesia_u014,indonesia_gamelan_0020,1.812227187468768
indonesia_u014,indonesia_gamelan_0049,1.265704498132112
indonesia_u014,indonesia_gamelan_0033,0.6039313930206596
indonesia_u014,indonesia_gamelan_0048,0.8367380763078445
indonesia_u014,indonesia_gamelan_0005,1.6645978690644272
indonesia_u014,indonesia_gamelan_0043,0.6667313854980271
indonesia_u014,indonesia_gamelan_0046,1.2047000994788948
indonesia_u014,indonesia_gamelan_0031,1.4072782881570913
indonesia_u014,indonesia_gamelan_0037,1.8175202425557728
indonesia_u014,indonesia_gamelan_0042,1.7706707943402198
indonesia_u015,indonesia_fma_0011,1.067606584634075
indonesia_u015,indonesia_fma_0007,1.91162618818809
indonesia_u015,indonesia_fma_0012,1.6844876806453406
indonesia_u015,indonesia_fma_0004,0.5414705376315427
indonesia_u015,indonesia_fma_0019,1.727823323050587
indonesia_u015,indonesia_fma_0000,1.659286133657988
indonesia_u015,indonesia_fma_0002,1.2747405925718502
indonesia_u015,indonesia_fma_0009,1.2452260951196203
indonesia_u015,indonesia_fma_0005,1.75329035520043
indonesia_u015,indonesia_fma_0018,1.1371779337445524
indonesia_u015,indonesia_fma_0001,0.7391935149399477
indonesia_u015,indonesia_fma_0010,0.969348249273549
indonesia_u015,indonesia_fma_0016,0.897803605036234
indonesia_u015,indonesia_fma_0017,1.5215885444771753
indonesia_u015,indonesia_fma_0006,0.7683100250612679
indonesia_u015,indonesia_fma_0014,1.4671586546492106
indonesia_u015,indonesia_fma_0015,1.1989504208956427
indonesia_u015,indonesia_fma_0003,1.7594913941176729
indonesia_u015,indonesia_fma_0013,1.2274981148262019
indonesia_u015,indonesia_gamelan_0007,1.8947059018540744
indonesia_u015,indonesia_gamelan_0029,1.8507036918283817
indonesia_u015,indonesia_gamelan_0049,0.7779313686560343
indonesia_u015,indonesia_gamelan_0013,1.5292495285278254
indonesia_u015,indonesia_gamelan_0001,0.8219371236811628
indonesia_u015,indonesia_gamelan_0011,1.7349564593456865
indonesia_u015,indonesia_gamelan_0031,1.4535847318048538
indonesia_u015,indonesia_gamelan_0037,0.9411765414224766
indonesia_u015,indonesia_gamelan_0048,0.8736854425752596
indonesia_u015,indonesia_gamelan_0042,1.144366482568145
indonesia_u015,indonesia_gamelan_0016,1.7010844571916965
indonesia_u015,indonesia_gamelan_0045,1.6942424135591776
indonesia_u015,indonesia_gamelan_0046,0.5500643383324032
indonesia_u015,indonesia_gamelan_0036,0.9534308232063502
indonesia_u015,indonesia_gamelan_0006,1.1342764452045764
indonesia_u015,indonesia_gamelan_0000,1.3783730201663649
indonesia_u015,indonesia_gamelan_0017,0.7242905132220485
indonesia_u015,indonesia_gamelan_0032,1.0029245307933872
indonesia_u015,indonesia_gamelan_0039,1.8283955308519382
indonesia_u015,indonesia_gamelan_0003,1.2148212701204744
indonesia_u015,indonesia_gamelan_0020,1.6162148390651592
indonesia_u016,indonesia_fma_0006,0.8975020042109934
indonesia_u016,indonesia_fma_0004,1.0325700690870325
indonesia_u016,indonesia_fma_0018,1.9358907519992334
indonesia_u016,indonesia_fma_0014,0.6564954424929714
indonesia_u016,indonesia_fma_0013,0.7747205998200065
indonesia_u016,indonesia_fma_0017,1.14505754745985
indonesia_u016,indonesia_fma_0007,0.9231483590832876
indonesia_u016,indonesia_fma_0001,1.4735128229483108
indonesia_u016,indonesia_fma_0009,1.5359025844200267
indonesia_u016,indonesia_fma_0010,1.2895821258351428
indonesia_u016,indonesia_fma_0005,1.4167959521041547
indonesia_u016,indonesia_fma_0012,1.1501312480305173
indonesia_u016,indonesia_fma_0011,1.640580880587749
indonesia_u016,indonesia_fma_0003,0.5631477467694046
indonesia_u016,indonesia_fma_0015,0.9693370049838212
indonesia_u016,indonesia_fma_0019,1.526645062092341
indonesia_u016,indonesia_fma_0002,0.9944676618130737
indonesia_u016,indonesia_fma_0016,0.6178029206644242
indonesia_u016,indonesia_fma_0000,1.017520142700163
indonesia_u016,indonesia_gamelan_0048,1.567242157682995
indonesia_u016,indonesia_gamelan_0009,0.6829772978799766
indonesia_u016,indonesia_gamelan_0019,1.5869470463174817
indonesia_u016,indonesia_gamelan_0034,1.6631835745363635
indonesia_u016,indonesia_gamelan_0001,1.4529511166340483
indonesia_u016,indonesia_gamelan_0052,0.8663510728372164
indonesia_u016,indonesia_gamelan_0018,1.7079430357925922
indonesia_u016,indonesia_gamelan_0026,0.821663752667698
indonesia_u016,indonesia_gamelan_0002,1.8587314282570258
indonesia_u016,indonesia_gamelan_0041,1.5599685487131232
indonesia_u016,indonesia_gamelan_0010,0.5820798899705896
indonesia_u016,indonesia_gamelan_0015,1.6989306779924944
indonesia_u016,indonesia_gamelan_0003,1.259650310539861
indonesia_u016,indonesia_gamelan_0042,1.1789733444695771
indonesia_u016,indonesia_gamelan_0049,1.1307667890477302
indonesia_u016,indonesia_gamelan_0004,1.4099450996613754
indonesia_u016,indonesia_gamelan_0016,1.586867751174442
indonesia_u016,indonesia_gamelan_0029,1.843964923586841
indonesia_u016,indonesia_gamelan_0046,0.9094172194208379
indonesia_u016,indonesia_gamelan_0033,1.4461644093656356
indonesia_u016,indonesia_gamelan_0006,1.5295139172021948
indonesia_u017,indonesia_gamelan_0025,0.5341461822780822
indonesia_u017,indonesia_gamelan_0054,0.6561742629672922
indonesia_u017,indonesia_gamelan_0026,0.7427976350049171
indonesia_u017,indonesia_gamelan_0001,0.9686275053087626
indonesia_u017,indonesia_gamelan_0051,1.1044808226940677
indonesia_u017,indonesia_gamelan_0016,1.2155238360983815
indonesia_u017,indonesia_gamelan_0034,0.8679970194250962
indonesia_u017,indonesia_gamelan_0027,0.599322979415204
indonesia_u017,indonesia_gamelan_0012,1.516284637760365
indonesia_u017,indonesia_gamelan_0006,0.5354920303013967
indonesia_u017,indonesia_gamelan_0028,1.7142059522880873
indonesia_u017,indonesia_gamelan_0047,1.8937322377268022
indonesia_u017,indonesia_gamelan_0024,1.5655533704894515
indonesia_u017,indonesia_gamelan_0050,1.393940775912248
indonesia_u017,indonesia_gamelan_0010,1.4855277939929492
indonesia_u017,indonesia_gamelan_0053,1.4783330699263915
indonesia_u017,indonesia_gamelan_0041,1.8975577040997509
indonesia_u017,indonesia_gamelan_0046,1.9464588067909512
indonesia_u017,indonesia_gamelan_0029,1.1400674628623326
indonesia_u017,indonesia_gamelan_0019,1.4256187642226272
indonesia_u017,indonesia_gamelan_0008,1.7042105806012584
indonesia_u017,indonesia_gamelan_0033,0.5015572357582063
indonesia_u017,indonesia_gamelan_0003,1.2905238752415735
indonesia_u017,indonesia_gamelan_0015,1.4793145097265465
indonesia_u017,indonesia_gamelan_0002,1.5758081746063723
indonesia_u017,indonesia_gamelan_0009,1.0531841140944218
indonesia_u017,indonesia_gamelan_0021,0.9434666309173884
indonesia_u017,indonesia_gamelan_0011,0.7732138498518628
indonesia_u017,indonesia_gamelan_0005,1.3367233235790268
indonesia_u017,indonesia_gamelan_0040,1.8789551483781823
indonesia_u017,indonesia_gamelan_0036,1.8439672260860722
indonesia_u017,indonesia_gamelan_0039,1.0399488907365386
indonesia_u017,indonesia_gamelan_0035,0.886782709907304
indonesia_u017,indonesia_gamelan_0052,1.6831907340061656
indonesia_u017,indonesia_gamelan_0023,1.5874700273662823
indonesia_u017,indonesia_gamelan_0018,1.2580097467062383
indonesia_u017,indonesia_gamelan_0049,1.0835453893082863
indonesia_u017,indonesia_gamelan_0022,0.6856968556177625
indonesia_u017,indonesia_gamelan_0007,1.6777078836383548
indonesia_u017,indonesia_gamelan_0020,1.426196665372546
indonesia_u018,indonesia_gamelan_0009,1.2972083927983626
indonesia_u018,indonesia_gamelan_0031,1.367360202446993
indonesia_u018,indonesia_gamelan_0016,1.0067551041961598
indonesia_u018,indonesia_gamelan_0005,0.9081774509579723
indonesia_u018,indonesia_gamelan_0048,0.7265384099471779
indonesia_u018,indonesia_gamelan_0002,0.7093154993092396
indonesia_u018,indonesia_gamelan_0029,1.5671916735711764
indonesia_u018,indonesia_gamelan_0000,0.832457005359055
indonesia_u018,indonesia_gamelan_0053,0.6769655316598407
indonesia_u018,indonesia_gamelan_0013,1.9983075346464332
indonesia_u018,indonesia_gamelan_0026,0.8898747528335855
indonesia_u018,indonesia_gamelan_0007,1.8440724731421982
indonesia_u018,indonesia_gamelan_0025,1.413778930627876
indonesia_u018,indonesia_gamelan_0054,1.5726052502102226
indonesia_u018,indonesia_gamelan_0040,1.341378367249453
indonesia_u018,indonesia_gamelan_0011,0.7712167925899533
indonesia_u018,indonesia_gamelan_0006,1.7705773571789039
indonesia_u018,indonesia_gamelan_0039,1.7419591497301763
indonesia_u018,indonesia_gamelan_0004,1.024528198025401
indonesia_u018,indonesia_gamelan_0043,1.6457760446171958
indonesia_u018,indonesia_gamelan_0032,1.3145603875166416
indonesia_u018,indonesia_gamelan_0044,1.8635737108400972
indonesia_u018,indonesia_gamelan_0008,1.7042365569559519
indonesia_u018,indonesia_gamelan_0015,0.5614936547030462
indonesia_u018,indonesia_gamelan_0049,1.8189139582868874
indonesia_u018,indonesia_gamelan_0001,1.9528496269677347
indonesia_u018,indonesia_gamelan_0033,1.6132343039376555
indonesia_u018,indonesia_gamelan_0030,0.679870296270602
indonesia_u018,indonesia_gamelan_0038,1.7110638347556804
indonesia_u018,indonesia_gamelan_0035,1.4712335639353789
indonesia_u018,indonesia_gamelan_0024,1.0082394762829703
indonesia_u018,indonesia_gamelan_0034,1.826045826789
indonesia_u018,indonesia_gamelan_0023,1.3483500326797593
indonesia_u018,indonesia_gamelan_0020,1.7793918965291033
indonesia_u018,indonesia_gamelan_0042,1.5051706228763642
indonesia_u018,indonesia_gamelan_0022,0.9327741555573923
indonesia_u018,indonesia_gamelan_0027,1.9625280437915547
indonesia_u018,indonesia_gamelan_0052,1.3565083219093377
indonesia_u018,indonesia_gamelan_0028,1.2751328627396883
indonesia_u018,indonesia_gamelan_0017,1.1052644423798825
indonesia_u019,indonesia_fma_0007,0.8844302037315237
indonesia_u019,indonesia_fma_0012,1.9038629725074536
indonesia_u019,indonesia_fma_0011,0.6223845389258251
indonesia_u019,indonesia_fma_0019,1.121946770365135
indonesia_u019,indonesia_fma_0013,1.3651267885922065
indonesia_u019,indonesia_fma_0000,0.8453910734219083
indonesia_u019,indonesia_fma_0014,0.9215187263520795
indonesia_u019,indonesia_fma_0010,0.8327680471229967
indonesia_u019,indonesia_fma_0017,1.0177783580909625
indonesia_u019,indonesia_fma_0018,1.8477586326176725
indonesia_u019,indonesia_fma_0002,1.1473810198574976
indonesia_u019,indonesia_fma_0005,1.1267435247851476
indonesia_u019,indonesia_fma_0004,1.079871320261584
indonesia_u019,indonesia_fma_0003,1.9461735904063615
indonesia_u019,indonesia_fma_0015,0.6759491543297235
indonesia_u019,indonesia_fma_0001,1.8078131314090498
indonesia_u019,indonesia_fma_0009,0.9907416015919632
indonesia_u019,indonesia_fma_0006,1.93476738755803
indonesia_u019,indonesia_fma_0016,0.9728408693654882
indonesia_u019,indonesia_gamelan_0039,0.6243115448844807
indonesia_u019,indonesia_gamelan_0020,1.280062826528774
indonesia_u019,indonesia_gamelan_0046,0.8417983689648656
indonesia_u019,indonesia_gamelan_0029,1.6294847232100638
indonesia_u019,indonesia_gamelan_0031,1.4859584274919317
indonesia_u019,indonesia_gamelan_0054,1.529703736883565
indonesia_u019,indonesia_gamelan_0048,0.790234232915955
indonesia_u019,indonesia_gamelan_0013,1.5629453973277108
indonesia_u019,indonesia_gamelan_0006,0.966996540470506
indonesia_u019,indonesia_gamelan_0053,1.9980110420901067
indonesia_u019,indonesia_gamelan_0042,1.5976514946110094
indonesia_u019,indonesia_gamelan_0045,1.385617261112769
indonesia_u019,indonesia_gamelan_0018,1.800676668823322
indonesia_u019,indonesia_gamelan_0015,1.3839675495791406
indonesia_u019,indonesia_gamelan_0014,1.3291248001633
indonesia_u019,indonesia_gamelan_0021,0.8559734042080693
indonesia_u019,indonesia_gamelan_0001,1.5171679929881374
indonesia_u019,indonesia_gamelan_0034,1.061966642374192
indonesia_u019,indonesia_gamelan_0016,0.5646239417181955
indonesia_u019,indonesia_gamelan_0041,1.7240926945549364
indonesia_u019,indonesia_gamelan_0003,0.5778097499731127
indonesia_u020,indonesia_gamelan_0030,1.8594451993178924
indonesia_u020,indonesia_gamelan_0015,1.2185510777737896
indonesia_u020,indonesia_gamelan_0025,0.7558121560356508
indonesia_u020,indonesia_gamelan_0024,0.9903205015363166
indonesia_u020,indonesia_gamelan_0048,0.9386772754725554
indonesia_u020,indonesia_gamelan_0034,1.5757007564020347
indonesia_u020,indonesia_gamelan_0023,0.5385090294610136
indonesia_u020,indonesia_gamelan_0036,0.7130633223769656
indonesia_u020,indonesia_gamelan_0031,1.5243276803822914
indonesia_u020,indonesia_gamelan_0035,0.6851635307006622
indonesia_u020,indonesia_gamelan_0018,0.5724377761556003
indonesia_u020,indonesia_gamelan_0006,0.6638227469167863
indonesia_u020,indonesia_gamelan_0026,1.5360112295646444
indonesia_u020,indonesia_gamelan_0033,0.7089878891070501
indonesia_u020,indonesia_gamelan_0054,0.7194565417047221
indonesia_u020,indonesia_gamelan_0003,0.8454502951386489
indonesia_u020,indonesia_gamelan_0052,1.626366056294784
indonesia_u020,indonesia_gamelan_0053,0.8005293683911641
indonesia_u020,indonesia_gamelan_0049,0.5530630950863108
indonesia_u020,indonesia_gamelan_0041,1.858795033363911
indonesia_u020,indonesia_gamelan_0010,1.8144776364363842
indonesia_u020,indonesia_gamelan_0038,0.7772285013447087
indonesia_u020,indonesia_gamelan_0017,0.8980138846601824
indonesia_u020,indonesia_gamelan_0012,0.7828363571654614
indonesia_u020,indonesia_gamelan_0027,1.579301808442595
indonesia_u020,indonesia_gamelan_0043,0.8750133262838481
indonesia_u020,indonesia_gamelan_0019,1.8971746360677533
indonesia_u020,indonesia_gamelan_0020,1.7414615365753534
indonesia_u020,indonesia_gamelan_0051,1.3826016913545098
indonesia_u020,indonesia_gamelan_0016,0.5134073370705698
indonesia_u020,indonesia_gamelan_0022,1.825504109625
indonesia_u020,indonesia_gamelan_0032,1.5916424697988312
indonesia_u020,indonesia_gamelan_0002,1.6818610948115096
indonesia_u020,indonesia_gamelan_0004,0.6077378068579866
indonesia_u020,indonesia_gamelan_0037,1.5628402553278133
indonesia_u020,indonesia_gamelan_0014,1.7068842104362156
indonesia_u020,indonesia_gamelan_0050,1.934953034235582
indonesia_u020,indonesia_gamelan_0005,1.3707057091736534
indonesia_u020,indonesia_gamelan_0008,1.2620627779989073
indonesia_u020,indonesia_gamelan_0029,1.1380951849728675
indonesia_u021,indonesia_gamelan_0053,1.0650525025403519
indonesia_u021,indonesia_gamelan_0002,1.285022907703679
indonesia_u021,indonesia_gamelan_0003,1.653032227706472
indonesia_u021,indonesia_gamelan_0004,1.0572476331810856
indonesia_u021,indonesia_gamelan_0042,1.4736539819414192
indonesia_u021,indonesia_gamelan_0028,0.6150197798276567
indonesia_u021,indonesia_gamelan_0009,1.2213584713529007
indonesia_u021,indonesia_gamelan_0008,0.6447784492554615
indonesia_u021,indonesia_gamelan_0036,0.8724262110203421
indonesia_u021,indonesia_gamelan_0007,0.9400112413932029
indonesia_u021,indonesia_gamelan_0015,1.57637570583042
indonesia_u021,indonesia_gamelan_0030,1.5111562794338806
indonesia_u021,indonesia_gamelan_0014,1.6206201333965988
indonesia_u021,indonesia_gamelan_0000,0.5926325708560027
indonesia_u021,indonesia_gamelan_0038,1.9908713182595703
indonesia_u021,indonesia_gamelan_0016,0.5816300430646534
indonesia_u021,indonesia_gamelan_0031,1.738621687158731
indonesia_u021,indonesia_gamelan_0033,1.6104034002208034
indonesia_u021,indonesia_gamelan_0001,1.3876426857377298
indonesia_u021,indonesia_gamelan_0024,1.1582857477174808
indonesia_u021,indonesia_gamelan_0044,1.635698529905274
indonesia_u021,indonesia_gamelan_0006,1.6097867049032692
indonesia_u021,indonesia_gamelan_0011,0.7057675032347068
indonesia_u021,indonesia_gamelan_0043,1.6889487094413054
indonesia_u021,indonesia_gamelan_0025,0.6178354961524479
indonesia_u021,indonesia_gamelan_0032,1.2508192131928022
indonesia_u021,indonesia_gamelan_0051,1.4676227398507913
indonesia_u021,indonesia_gamelan_0019,1.7325332860628415
indonesia_u021,indonesia_gamelan_0048,1.1946653271395806
indonesia_u021,indonesia_gamelan_0035,0.8552871163477178
indonesia_u021,indonesia_gamelan_0017,1.2359894231849098
indonesia_u021,indonesia_gamelan_0050,0.8753121656556802
indonesia_u021,indonesia_gamelan_0022,1.2930880721842226
indonesia_u021,indonesia_gamelan_0040,1.1937622746597767
indonesia_u021,indonesia_gamelan_0046,1.6707567256255915
indonesia_u021,indonesia_gamelan_0018,0.8601351701637934
indonesia_u021,indonesia_gamelan_0012,0.7999777762855093
indonesia_u021,indonesia_gamelan_0013,1.21127800935044
indonesia_u021,indonesia_gamelan_0034,0.575756547786276
indonesia_u021,indonesia_gamelan_0005,0.8440109426532587
indonesia_u022,indonesia_gamelan_0005,1.8142092302551305
indonesia_u022,indonesia_gamelan_0014,1.6020543685810615
indonesia_u022,indonesia_gamelan_0007,1.4632624409716954
indonesia_u022,indonesia_gamelan_0027,1.2502657284155192
indonesia_u022,indonesia_gamelan_0013,1.9813299342446713
indonesia_u022,indonesia_gamelan_0024,1.9387472360002584
indonesia_u022,indonesia_gamelan_0038,1.7732794723036245
indonesia_u022,indonesia_gamelan_0028,1.6629788206782918
indonesia_u022,indonesia_gamelan_0054,1.3663393251777682
indonesia_u022,indonesia_gamelan_0000,0.8896300407893102
indonesia_u022,indonesia_gamelan_0053,1.8131585406319473
indonesia_u022,indonesia_gamelan_0044,0.5162242023184366
indonesia_u022,indonesia_gamelan_0006,0.8411599501908997
indonesia_u022,indonesia_gamelan_0045,1.1055986676267047
indonesia_u022,indonesia_gamelan_0019,1.379235732851108
indonesia_u022,indonesia_gamelan_0017,1.341318980540534
indonesia_u022,indonesia_gamelan_0042,0.763723739577927
indonesia_u022,indonesia_gamelan_0016,0.6571972997202977
indonesia_u022,indonesia_gamelan_0032,0.8334933913779194
indonesia_u022,indonesia_gamelan_0003,1.0230631833447255
indonesia_u022,indonesia_gamelan_0004,0.5210805318801293
indonesia_u022,indonesia_gamelan_0036,1.5386837308247836
indonesia_u022,indonesia_gamelan_0009,0.8715911536062372
indonesia_u022,indonesia_gamelan_0012,1.0271066548225436
indonesia_u022,indonesia_gamelan_0043,1.0023525358758492
indonesia_u022,indonesia_gamelan_0037,1.2677447013177827
indonesia_u022,indonesia_gamelan_0033,1.7896995831419165
indonesia_u022,indonesia_gamelan_0008,0.7240849302583118
indonesia_u022,indonesia_gamelan_0018,1.011090669846905
indonesia_u022,indonesia_gamelan_0052,1.5380432115976754
indonesia_u022,indonesia_gamelan_0029,0.5663471199206551
indonesia_u022,indonesia_gamelan_0022,1.7449679527433355
indonesia_u022,indonesia_gamelan_0021,1.9427377107461399
indonesia_u022,indonesia_gamelan_0001,1.4114558038729863
indonesia_u022,indonesia_gamelan_0041,1.934762556546082
indonesia_u022,indonesia_gamelan_0026,1.1195927441476217
indonesia_u022,indonesia_gamelan_0002,1.1225475959827054
indonesia_u022,indonesia_gamelan_0030,0.6593733641201562
indonesia_u022,indonesia_gamelan_0011,0.5531704024996545
indonesia_u022,indonesia_gamelan_0015,0.8667564772018008
indonesia_u023,indonesia_gamelan_0025,0.9511432222065125
indonesia_u023,indonesia_gamelan_0054,1.3955300492707252
indonesia_u023,indonesia_gamelan_0019,0.9312132933609601
indonesia_u023,indonesia_gamelan_0013,1.4731375634412973
indonesia_u023,indonesia_gamelan_0004,0.7887040539050408
indonesia_u023,indonesia_gamelan_0007,1.188304187077204
indonesia_u023,indonesia_gamelan_0002,1.3002382621705917
indonesia_u023,indonesia_gamelan_0044,1.000464335430695
indonesia_u023,indonesia_gamelan_0030,0.8775509169034281
indonesia_u023,indonesia_gamelan_0008,0.7103100015068252
indonesia_u023,indonesia_gamelan_0033,1.5592165044618798
indonesia_u023,indonesia_gamelan_0020,0.7524240739916348
indonesia_u023,indonesia_gamelan_0049,0.938189586782217
indonesia_u023,indonesia_gamelan_0009,1.0053631469247761
indonesia_u023,indonesia_gamelan_0035,1.1815501954695051
indonesia_u023,indonesia_gamelan_0028,1.5538530493251004
indonesia_u023,indonesia_gamelan_0001,1.1419177019805582
indonesia_u023,indonesia_gamelan_0012,1.806640432153225
indonesia_u023,indonesia_gamelan_0042,1.5196784699302768
indonesia_u023,indonesia_gamelan_0038,1.75773007419527
indonesia_u023,indonesia_gamelan_0021,1.5745309419964109
indonesia_u023,indonesia_gamelan_0048,0.7229476997556494
indonesia_u023,indonesia_gamelan_0026,1.9668909527961351
indonesia_u023,indonesia_gamelan_0037,1.6798793986525484
indonesia_u023,indonesia_gamelan_0003,1.3590826529510187
indonesia_u023,indonesia_gamelan_0016,0.7478464111071892
indonesia_u023,indonesia_gamelan_0053,0.7590209728684617
indonesia_u023,indonesia_gamelan_0023,1.4214967622902126
indonesia_u023,indonesia_gamelan_0050,1.1242956995030169
indonesia_u023,indonesia_gamelan_0041,1.5137892507727186
indonesia_u023,indonesia_gamelan_0034,1.058641587349554
indonesia_u023,indonesia_gamelan_0029,1.2692677571848923
indonesia_u023,indonesia_gamelan_0047,0.7819370569459431
indonesia_u023,indonesia_gamelan_0043,0.7328017164407399
indonesia_u023,indonesia_gamelan_0045,0.6134671455477358
indonesia_u023,indonesia_gamelan_0018,1.7294589573478285
indonesia_u023,indonesia_gamelan_0036,1.3330793773694918
indonesia_u023,indonesia_gamelan_0006,1.9207115598599935
indonesia_u023,indonesia_gamelan_0005,1.6242294220389921
indonesia_u023,indonesia_gamelan_0051,1.653144740374241
italy_u000,italy_0072,0.8344450017293694
italy_u000,italy_0068,0.5798760027097078
italy_u000,italy_0075,1.8472225574297232
italy_u000,italy_0067,0.5079456225523584
italy_u000,italy_0058,1.2391132475228477
italy_u000,italy_0037,1.1359986907384703
italy_u000,italy_0051,1.4791169968222093
italy_u000,italy_0012,0.9346161328538747
italy_u000,italy_0007,1.8105431007041877
italy_u000,italy_0073,1.60151861237209
italy_u000,italy_0070,1.1484416389883494
italy_u000,italy_0077,1.037039374268812
italy_u000,italy_0053,1.7238323712463768
italy_u000,italy_0074,1.635590447803656
italy_u000,italy_0021,1.0985000870360713
italy_u000,italy_0071,1.012057793915191
italy_u000,italy_0000,0.5583319844938133
italy_u000,italy_0050,0.6225608681602184
italy_u000,italy_0069,0.580877683331352
italy_u000,italy_0044,0.5366232295220402
italy_u000,italy_0022,0.7293085732111714
italy_u000,italy_0001,1.7857127265208623
italy_u000,italy_0066,1.6972389661337977
italy_u000,italy_0031,1.7683607717422958
italy_u000,italy_0062,1.4357005421382079
italy_u000,italy_0076,1.436094651861005
italy_u000,italy_0059,0.685897619829525
italy_u000,italy_0034,1.5484480304635801
italy_u000,italy_0028,0.9200396163057094
italy_u000,italy_0047,1.2788799946793017
italy_u000,italy_0038,1.932083905701286
italy_u000,italy_0052,1.805923091477641
italy_u000,italy_0054,0.8497902609436883
italy_u000,italy_0065,1.6049759235504402
italy_u000,italy_0057,0.6561361249388167
italy_u000,italy_0009,0.5401137286160489
italy_u000,italy_0098,0.5422614121727902
italy_u000,italy_0087,0.7553697263270185
italy_u000,italy_0032,1.5424226031406894
italy_u000,italy_0029,1.044958840187028
italy_u001,italy_0019,0.8627661510597163
italy_u001,italy_0035,1.2482548907350381
italy_u001,italy_0080,0.7462455104190224
italy_u001,italy_0010,1.6847593408250383
italy_u001,italy_0088,1.7110670356686328
italy_u001,italy_0085,1.763214816891338
italy_u001,italy_0086,0.5743521811620574
italy_u001,italy_0084,1.1418097418504365
italy_u001,italy_0082,1.7703765090715038
italy_u001,italy_0087,1.0448290854600484
italy_u001,italy_0083,1.5437305674845336
italy_u001,italy_0022,1.3838688562850143
italy_u001,italy_0063,1.0208129250607678
italy_u001,italy_0077,0.9146072436356356
italy_u001,italy_0000,1.47911463814911
italy_u001,italy_0023,0.7004362055043455
italy_u001,italy_0041,1.790183778631638
italy_u001,italy_0059,1.3646651616210552
italy_u001,italy_0096,0.6672552576887587
italy_u001,italy_0048,1.5552914677900453
italy_u001,italy_0009,1.1466688248236285
italy_u001,italy_0045,0.8061221230447635
italy_u001,italy_0075,1.9416039393872992
italy_u001,italy_0024,1.5794716775216384
italy_u001,italy_0078,1.389490434991994
italy_u001,italy_0014,1.7733007715890425
italy_u001,italy_0053,1.315804684823229
italy_u001,italy_0064,1.1622059184993558
italy_u001,italy_0008,0.7841702897910625
italy_u001,italy_0054,0.730085637677268
italy_u001,italy_0100,1.1479539745577723
italy_u001,italy_0039,1.1839618685412736
italy_u001,italy_0095,1.5999687578460908
italy_u001,italy_0074,1.1631275150553146
italy_u001,italy_0034,1.3897388008481268
italy_u001,italy_0089,1.7487777861143692
italy_u001,italy_0040,1.9900020432658128
italy_u001,italy_0055,0.9837879727269236
italy_u001,italy_0069,1.8529316955925532
italy_u001,italy_0031,1.7090763077803983
italy_u002,italy_0082,1.7862629496076146
italy_u002,italy_0010,0.7172495265729415
italy_u002,italy_0086,1.0055298061017053
italy_u002,italy_0080,0.7198611882022963
italy_u002,italy_0019,0.9300390553729208
italy_u002,italy_0088,0.858806628125857
italy_u002,italy_0035,1.6802973514057797
italy_u002,italy_0085,1.0182195170210993
italy_u002,italy_0084,1.2433471981162645
italy_u002,italy_0087,1.5108426582094723
italy_u002,italy_0083,1.73338497372828
italy_u002,italy_0076,0.9518136354836777
italy_u002,italy_0081,0.8138310015560287
italy_u002,italy_0055,1.9676800606338014
italy_u002,italy_0062,0.9802213169712455
italy_u002,italy_0074,1.5066021487713133
italy_u002,italy_0079,1.5167615610167064
italy_u002,italy_0020,1.2710441683993114
italy_u002,italy_0061,0.8426711682268355
italy_u002,italy_0025,0.7121861314312643
italy_u002,italy_0067,1.2305242173716466
italy_u002,italy_0104,1.2663943050670654
italy_u002,italy_0038,1.6600501351621963
italy_u002,italy_0065,1.5647501659282903
italy_u002,italy_0057,1.8680619182538
italy_u002,italy_0093,1.9562908428314474
italy_u002,italy_0034,1.5917769892993112
italy_u002,italy_0072,0.6147668732453802
italy_u002,italy_0043,1.107677463825654
italy_u002,italy_0075,1.4132035547610244
italy_u002,italy_0071,1.3852926071749363
italy_u002,italy_0027,0.7721656787458973
italy_u002,italy_0097,1.374417094176307
italy_u002,italy_0045,1.0245207618221661
italy_u002,italy_0008,1.008390267265574
italy_u002,italy_0036,1.7510105079518543
italy_u002,italy_0042,1.13289973800233
italy_u002,italy_0068,1.291093931096679
italy_u002,italy_0032,1.344309291551718
italy_u002,italy_0016,1.3444951697774243
italy_u003,italy_0066,0.8945159698841213
italy_u003,italy_0034,0.960193306972416
italy_u003,italy_0076,1.7689871247354756
italy_u003,italy_0068,1.598125845306325
italy_u003,italy_0074,1.296028153586272
italy_u003,italy_0070,1.7296239472023427
italy_u003,italy_0077,1.7193923710038852
italy_u003,italy_0007,1.084749643923085
italy_u003,italy_0073,1.6721559312311298
italy_u003,italy_0001,0.8093641580024863
italy_u003,italy_0047,1.2548432749332639
italy_u003,italy_0059,0.6773625955830056
italy_u003,italy_0044,1.140191728386887
italy_u003,italy_0071,1.280548654650786
italy_u003,italy_0054,0.6198775368741054
italy_u003,italy_0075,1.193919142597625
italy_u003,italy_0057,1.4775058144401996
italy_u003,italy_0058,1.4211323521171066
italy_u003,italy_0028,0.5815308318365855
italy_u003,italy_0053,0.6430095288623017
italy_u003,italy_0038,1.0270343689327115
italy_u003,italy_0069,1.7640285843741585
italy_u003,italy_0062,1.8046340797510436
italy_u003,italy_0012,0.964419304561889
italy_u003,italy_0031,1.5783381278621846
italy_u003,italy_0037,1.3660858885274647
italy_u003,italy_0022,1.9751333881391488
italy_u003,italy_0072,0.6419658684345375
italy_u003,italy_0000,1.3218211133603823
italy_u003,italy_0051,1.3888064733068808
italy_u003,italy_0067,0.9615028564266741
italy_u003,italy_0050,0.5704298712372062
italy_u003,italy_0052,0.578156803531739
italy_u003,italy_0021,1.1804270813009572
italy_u003,italy_0065,1.5387106841658786
italy_u003,italy_0036,1.5502636787046913
italy_u003,italy_0081,0.7714547745827363
italy_u003,italy_0018,1.7869582115086795
italy_u003,italy_0079,1.0657436389546173
italy_u003,italy_0060,1.9465518529586268
italy_u004,italy_0063,1.0123929421334905
italy_u004,italy_0015,1.473498887223575
italy_u004,italy_0060,0.839596275876069
italy_u004,italy_0064,0.5382244046435285
italy_u004,italy_0032,0.5023565762273812
italy_u004,italy_0020,1.0182680179244512
italy_u004,italy_0016,1.0424941987913707
italy_u004,italy_0061,1.9229061760798158
italy_u004,italy_0056,0.5671710687803544
italy_u004,italy_0055,1.2950975902027717
italy_u004,italy_0018,1.3667199713957694
italy_u004,italy_0017,1.5489125178465795
italy_u004,italy_0048,1.4581019002109907
italy_u004,italy_0013,0.5122092405859142
italy_u004,italy_0095,1.4477865101135174
italy_u004,italy_0077,0.9835819095495981
italy_u004,italy_0099,1.6593034420217028
italy_u004,italy_0058,0.7825480792035486
italy_u004,italy_0049,1.574308477965769
italy_u004,italy_0038,1.4382430005335913
italy_u004,italy_0027,1.4784363279912123
italy_u004,italy_0037,0.7639215306313314
italy_u004,italy_0068,1.5037610019986936
italy_u004,italy_0069,1.6054676129628724
italy_u004,italy_0091,1.2341153918567085
italy_u004,italy_0104,1.010548524481318
italy_u004,italy_0052,0.7498322739322638
italy_u004,italy_0025,0.9349407876661109
italy_u004,italy_0000,1.6457425436787814
italy_u004,italy_0053,1.1141010868193837
italy_u004,italy_0103,1.5540698629898864
italy_u004,italy_0081,1.61013698749773
italy_u004,italy_0096,1.5112553361864345
italy_u004,italy_0010,1.5103076355244227
italy_u004,italy_0002,1.4162123064890773
italy_u004,italy_0030,1.2776329680705703
italy_u004,italy_0033,0.7967250303054046
italy_u004,italy_0008,1.7642050803827753
italy_u004,italy_0070,1.946396258731393
italy_u004,italy_0040,1.1997260984002494
italy_u005,italy_0019,0.8771616632560792
italy_u005,italy_0088,1.0516011821595599
italy_u005,italy_0082,1.838624018262813
italy_u005,italy_0083,0.858630848299502
italy_u005,italy_0084,0.9793978370038021
italy_u005,italy_0086,0.8345218092901607
italy_u005,italy_0080,1.3186127280592
italy_u005,italy_0085,1.4256300444417302
italy_u005,italy_0010,1.298191297845741
italy_u005,italy_0087,1.9277849768254103
italy_u005,italy_0035,1.9930670264811865
italy_u005,italy_0093,1.756093984708345
italy_u005,italy_0003,1.7079442173354533
italy_u005,italy_0090,1.049079165124413
italy_u005,italy_0045,1.3696752592429975
italy_u005,italy_0018,1.0272086284233277
italy_u005,italy_0021,1.676533769260609
italy_u005,italy_0028,0.7577467086377541
italy_u005,italy_0051,0.8250075714419646
italy_u005,italy_0004,0.5580411063054633
italy_u005,italy_0067,1.4134095100069886
italy_u005,italy_0077,1.5328073881834356
italy_u005,italy_0097,0.5050434293470683
italy_u005,italy_0041,1.266178645991376
italy_u005,italy_0007,1.0653118077346608
italy_u005,italy_0022,1.6885711727281516
italy_u005,italy_0037,0.5583361189979651
italy_u005,italy_0014,0.5728485332271178
italy_u005,italy_0074,1.4303136480888199
italy_u005,italy_0026,1.387458281869646
italy_u005,italy_0089,1.7466350344970154
italy_u005,italy_0053,1.3884003337360418
italy_u005,italy_0096,1.924056242887252
italy_u005,italy_0052,0.9715769633516331
italy_u005,italy_0054,1.0968821096072003
italy_u005,italy_0095,1.966511999754375
italy_u005,italy_0011,0.6612863650576672
italy_u005,italy_0047,1.6938572797944194
italy_u005,italy_0104,0.5173530719906605
italy_u005,italy_0057,1.2297698741050285
italy_u006,italy_0009,1.682778736835504
italy_u006,italy_0046,1.394050819084116
italy_u006,italy_0030,0.7099227297311638
italy_u006,italy_0092,1.4531828888485476
italy_u006,italy_0068,1.8305889254562187
italy_u006,italy_0055,1.4647615450845968
italy_u006,italy_0026,1.8434396428666124
italy_u006,italy_0021,1.998579527205349
italy_u006,italy_0012,1.0388033495352995
italy_u006,italy_0019,1.5849345415217764
italy_u006,italy_0089,1.309937948900758
italy_u006,italy_0054,1.1824577010622483
italy_u006,italy_0050,0.8598006180386917
italy_u006,italy_0097,0.8688718939938965
italy_u006,italy_0002,0.7774584301399565
italy_u006,italy_0059,1.447225259748412
italy_u006,italy_0031,0.7130796449646546
italy_u006,italy_0087,1.147079704725576
italy_u006,italy_0062,1.2849998589082912
italy_u006,italy_0094,1.1573517157834547
italy_u006,italy_0104,1.7823942702108748
italy_u006,italy_0040,1.1647540396907905
italy_u006,italy_0008,0.6242481394464539
italy_u006,italy_0086,1.988299311758971
italy_u006,italy_0018,1.767475386590319
italy_u006,italy_0042,1.4900652281089997
italy_u006,italy_0091,1.6344854312129113
italy_u006,italy_0088,0.6922860496322661
italy_u006,italy_0029,1.6488721911547621
italy_u006,italy_0079,0.8116234125681427
italy_u006,italy_0098,1.2334641943609637
italy_u006,italy_0036,0.7669741839864254
italy_u006,italy_0067,1.6306774464982876
italy_u006,italy_0090,0.8689008207686704
italy_u006,italy_0000,0.8798126277375391
italy_u006,italy_0065,0.6638335240104486
italy_u006,italy_0070,1.5809096854458076
italy_u006,italy_0025,0.9437669461713167
italy_u006,italy_0034,1.277420019802951
italy_u006,italy_0077,0.9983653360505589
italy_u007,italy_0086,1.185994699159005
italy_u007,italy_0083,1.9331345509277886
italy_u007,italy_0084,0.5791750711796626
italy_u007,italy_0088,1.840505571832478
italy_u007,italy_0087,0.5906410035322387
italy_u007,italy_0082,1.0866960439018456
italy_u007,italy_0080,0.5810073175647346
italy_u007,italy_0085,1.9984534876365279
italy_u007,italy_0010,1.8715842537509024
italy_u007,italy_0019,1.3771984328693467
italy_u007,italy_0035,0.8267668609973683
italy_u007,italy_0096,0.9151665877962039
italy_u007,italy_0033,1.1743150490856804
italy_u007,italy_0037,0.9841702737385186
italy_u007,italy_0074,0.5319708581524111
italy_u007,italy_0092,1.484384012175702
italy_u007,italy_0062,1.420141856139952
italy_u007,italy_0081,1.8564660548282612
italy_u007,italy_0016,1.2152810601581756
italy_u007,italy_0071,1.0170634426975818
italy_u007,italy_0036,1.2672757743766505
italy_u007,italy_0054,0.7920424863437594
italy_u007,italy_0079,1.4383105277371797
italy_u007,italy_0044,1.6550493241852424
italy_u007,italy_0063,0.7301925700635382
italy_u007,italy_0042,0.9775748264529938
italy_u007,italy_0003,1.801701469049598
italy_u007,italy_0104,1.2582976229507328
italy_u007,italy_0047,1.29775497001632
italy_u007,italy_0078,1.5836122955800274
italy_u007,italy_0008,1.3668392228319899
italy_u007,italy_0075,0.6043696521107287
italy_u007,italy_0059,1.7059425677945537
italy_u007,italy_0014,1.8842540558727017
italy_u007,italy_0077,0.5799158494862183
italy_u007,italy_0103,0.6818746346863265
italy_u007,italy_0015,1.5529628033112206
italy_u007,italy_0090,1.4067108987717882
italy_u007,italy_0098,1.0737754984576187
italy_u007,italy_0024,1.308872973410557
italy_u008,italy_0015,0.6095040388558453
italy_u008,italy_0032,1.4219332697248415
italy_u008,italy_0064,1.2504134985336621
italy_u008,italy_0063,0.8570549895972266
italy_u008,italy_0020,0.939154692438537
italy_u008,italy_0013,1.088130765802115
italy_u008,italy_0048,1.2432812781837583
italy_u008,italy_0055,1.0853884536326188
italy_u008,italy_0017,1.0809375081289498
italy_u008,italy_0060,0.6735992169670294
italy_u008,italy_0061,1.7983856273830148
italy_u008,italy_0056,1.4137311226671414
italy_u008,italy_0018,0.7191532769030178
italy_u008,italy_0016,1.1358116043169035
italy_u008,italy_0014,1.1250738680443182
italy_u008,italy_0019,1.4009313177336842
italy_u008,italy_0003,1.4133044267739974
italy_u008,italy_0089,1.4678332054696437
italy_u008,italy_0001,1.5468545860157112
italy_u008,italy_0088,0.6550310691935246
italy_u008,italy_0031,0.9573833008592181
italy_u008,italy_0071,0.5260217287590085
italy_u008,italy_0073,1.1819622681205744
italy_u008,italy_0101,1.144145116745431
italy_u008,italy_0054,1.601490395269218
italy_u008,italy_0099,0.7506754199117918
italy_u008,italy_0051,1.4472416856882664
italy_u008,italy_0006,0.9600412968952283
italy_u008,italy_0028,1.0728747122145488
italy_u008,italy_0103,1.5789302935571812
italy_u008,italy_0012,0.607322072860363
italy_u008,italy_0049,1.0141743333967437
italy_u008,italy_0062,1.0869848452094777
italy_u008,italy_0068,1.5736239677775032
italy_u008,italy_0007,0.798836622606051
italy_u008,italy_0086,1.9211194905356945
italy_u008,italy_0038,1.9966429291912373
italy_u008,italy_0087,1.728365211230083
italy_u008,italy_0065,0.9495687521952922
italy_u008,italy_0102,1.495799981109282
italy_u009,italy_0084,1.9910141981028695
italy_u009,italy_0010,0.9147743596559768
italy_u009,italy_0083,1.418792241134784
italy_u009,italy_0088,1.277898611561353
italy_u009,italy_0087,1.7631794144756563
italy_u009,italy_0082,0.9328844115577403
italy_u009,italy_0080,1.3324165710672293
italy_u009,italy_0019,1.9259352726577712
italy_u009,italy_0085,0.9988787125040863
italy_u009,italy_0035,1.1591083719652715
italy_u009,italy_0086,1.833219971755507
italy_u009,italy_0050,0.9987482858516867
italy_u009,italy_0028,1.0710106469507232
italy_u009,italy_0031,0.9561782133165474
italy_u009,italy_0066,1.7142970629876093
italy_u009,italy_0036,1.8955804556566698
italy_u009,italy_0081,1.4466483210003585
italy_u009,italy_0018,1.4354451968894788
italy_u009,italy_0043,1.0850054295697626
italy_u009,italy_0075,0.518725624357245
italy_u009,italy_0049,0.7609063982353599
italy_u009,italy_0012,0.7211575318853517
italy_u009,italy_0070,0.6738230042195551
italy_u009,italy_0048,1.481070974080093
italy_u009,italy_0079,0.7045234285606965
italy_u009,italy_0017,0.6284509288050788
italy_u009,italy_0003,1.0738722598427872
italy_u009,italy_0093,0.8735339944518479
italy_u009,italy_0051,0.7187908184538234
italy_u009,italy_0004,0.719191813337852
italy_u009,italy_0016,0.8843085601741487
italy_u009,italy_0057,1.305274645064062
italy_u009,italy_0101,1.637143400136877
italy_u009,italy_0074,1.779164964878209
italy_u009,italy_0055,1.6271267746082754
italy_u009,italy_0008,1.4423198895562561
italy_u009,italy_0067,1.8614368662792249
italy_u009,italy_0062,1.279605204101376
italy_u009,italy_0090,1.450035261280537
italy_u009,italy_0032,1.1174308254978027
italy_u010,italy_0030,1.2841907655788962
italy_u010,italy_0046,1.5465257424614607
italy_u010,italy_0009,1.2923732664687093
italy_u010,italy_0013,1.1265215570984914
italy_u010,italy_0032,0.628128517136583
italy_u010,italy_0091,0.6890745135733702
italy_u010,italy_0033,1.640413202301001
italy_u010,italy_0036,0.536996096936402
italy_u010,italy_0101,0.578457538696413
italy_u010,italy_0005,1.8569653671296265
italy_u010,italy_0096,1.5559956701820272
italy_u010,italy_0010,0.5063190828712192
italy_u010,italy_0057,0.9680650615323091
italy_u010,italy_0051,1.6449776908933171
italy_u010,italy_0066,1.1264011999658834
italy_u010,italy_0004,1.2031967342871674
italy_u010,italy_0039,1.1881985915690831
italy_u010,italy_0014,0.803201604888561
italy_u010,italy_0042,1.5820871568473913
italy_u010,italy_0075,0.6545094957820545
italy_u010,italy_0060,1.2608766583200066
italy_u010,italy_0006,0.7549337411890427
italy_u010,italy_0055,0.569799214365734
italy_u010,italy_0049,0.7148658266707524
italy_u010,italy_0072,1.8040024044676126
italy_u010,italy_0068,0.7642214971706918
italy_u010,italy_0001,0.9175538135185257
italy_u010,italy_0070,0.7071421823306093
italy_u010,italy_0050,1.603317652486638
italy_u010,italy_0085,1.1681737508847523
italy_u010,italy_0022,1.9154525579676065
italy_u010,italy_0026,1.4964868733718535
italy_u010,italy_0095,1.2970838307301575
italy_u010,italy_0035,1.4849463974422519
italy_u010,italy_0029,0.5606380748144962
italy_u010,italy_0003,1.9259903901930358
italy_u010,italy_0062,1.934644415625872
italy_u010,italy_0090,0.9142098028332944
italy_u010,italy_0052,1.4424432241147005
italy_u010,italy_0063,0.8028728662098119
italy_u011,italy_0049,1.3817348025697516
italy_u011,italy_0004,0.7157631058255216
italy_u011,italy_0089,0.8355346829058365
italy_u011,italy_0002,1.3416379785877108
italy_u011,italy_0101,0.9034753470871055
italy_u011,italy_0005,1.45950246519253
italy_u011,italy_0097,1.5357696993810568
italy_u011,italy_0078,0.9519356159099754
italy_u011,italy_0045,0.6310815222450799
italy_u011,italy_0027,1.2341777507433775
italy_u011,italy_0011,0.6393476301377257
italy_u011,italy_0092,1.2728535222858022
italy_u011,italy_0023,1.5893267631934402
italy_u011,italy_0090,1.430494687206205
italy_u011,italy_0042,1.1724014618180263
italy_u011,italy_0024,1.9187878218463212
italy_u011,italy_0095,0.6526208496232557
italy_u011,italy_0093,1.820002260367897
italy_u011,italy_0102,1.7001933089618047
italy_u011,italy_0100,1.1296078705468768
italy_u011,italy_0008,0.7293007578510716
italy_u011,italy_0025,0.7338001786664619
italy_u011,italy_0043,1.882708641114196
italy_u011,italy_0041,0.8505569964173901
italy_u011,italy_0036,1.811173561981743
italy_u011,italy_0104,1.2549428298954335
italy_u011,italy_0103,1.1926019550910498
italy_u011,italy_0014,1.429266901375731
italy_u011,italy_0026,0.8225586243398494
italy_u011,italy_0039,1.142556011089541
italy_u011,italy_0006,1.9077266582073946
italy_u011,italy_0094,0.8573853934681248
italy_u011,italy_0098,1.8823753383196276
italy_u011,italy_0029,1.991314544913768
italy_u011,italy_0079,0.5778607821132451
italy_u011,italy_0081,1.2970686838870573
italy_u011,italy_0099,0.7577289495405328
italy_u011,italy_0096,1.432571383935016
italy_u011,italy_0003,1.9843139648223134
italy_u011,italy_0033,1.8453213431273088
italy_u012,italy_0002,1.2915218687401633
italy_u012,italy_0041,0.8102756125033883
italy_u012,italy_0103,1.4734624801043235
italy_u012,italy_0090,1.387580787628934
italy_u012,italy_0008,1.5249949984063198
italy_u012,italy_0042,1.6716871479624518
italy_u012,italy_0096,1.872574428467336
italy_u012,italy_0091,1.9235848870372187
italy_u012,italy_0003,1.4452782531883943
italy_u012,italy_0104,1.948934053630015
italy_u012,italy_0049,1.8671335985008513
italy_u012,italy_0089,0.5039215355228316
italy_u012,italy_0014,1.4564261993690117
italy_u012,italy_0100,0.7677041147510953
italy_u012,italy_0099,0.9427889816877476
italy_u012,italy_0081,0.9462502996033832
italy_u012,italy_0094,1.224694459455661
italy_u012,italy_0023,0.5162992669900497
italy_u012,italy_0095,0.8536946120369848
italy_u012,italy_0102,0.543681435439755
italy_u012,italy_0004,1.4758378485788568
italy_u012,italy_0093,1.8339313680392497
italy_u012,italy_0011,1.9966829897478982
italy_u012,italy_0098,1.1728353376731462
italy_u012,italy_0033,0.8902116654412291
italy_u012,italy_0005,1.7796553950960385
italy_u012,italy_0006,0.6697377763107092
italy_u012,italy_0078,1.9613584715842112
italy_u012,italy_0025,1.5722561820773033
italy_u012,italy_0040,1.2559019980511212
italy_u012,italy_0027,0.64497580598635
italy_u012,italy_0029,0.5272939035646571
italy_u012,italy_0045,1.3167982962229088
italy_u012,italy_0036,1.120775761160032
italy_u012,italy_0043,1.763996741543055
italy_u012,italy_0101,1.4634582195401553
italy_u012,italy_0092,1.1478445197435425
italy_u012,italy_0079,0.8390105901517908
italy_u012,italy_0026,1.2206333132180092
italy_u012,italy_0024,0.7444914181792348
italy_u013,italy_0079,0.7703411534357778
italy_u013,italy_0003,1.156235141213536
italy_u013,italy_0026,1.8208737115614262
italy_u013,italy_0005,0.823146789629473
italy_u013,italy_0008,0.5001873598057904
italy_u013,italy_0043,0.8862630681762126
italy_u013,italy_0096,1.231313673764618
italy_u013,italy_0090,1.731917064952882
italy_u013,italy_0081,1.4649363508600264
italy_u013,italy_0095,1.8785952034357638
italy_u013,italy_0104,1.1833466474418404
italy_u013,italy_0042,1.086222834435556
italy_u013,italy_0045,0.8471273248935699
italy_u013,italy_0092,0.8270937268086562
italy_u013,italy_0097,1.6041648455120905
italy_u013,italy_0099,0.6205386845679637
italy_u013,italy_0033,0.864070377249513
italy_u013,italy_0101,1.8288428893101947
italy_u013,italy_0102,1.3653812271494794
italy_u013,italy_0036,0.5698814136024983
italy_u013,italy_0098,1.5563825724946783
italy_u013,italy_0040,1.2600235516296745
italy_u013,italy_0100,1.7817825912470233
italy_u013,italy_0089,1.5236508088118945
italy_u013,italy_0039,0.506669881966683
italy_u013,italy_0004,0.808608630762381
italy_u013,italy_0078,0.8869455508474176
italy_u013,italy_0094,1.553348433742475
italy_u013,italy_0049,1.2639712665051412
italy_u013,italy_0006,1.6211712456367446
italy_u013,italy_0041,1.2693007981751938
italy_u013,italy_0023,0.9910769160449014
italy_u013,italy_0014,0.655490970063034
italy_u013,italy_0024,0.8039331480031044
italy_u013,italy_0091,1.1011701205185225
italy_u013,italy_0025,1.327181462272668
italy_u013,italy_0103,1.907956104785934
italy_u013,italy_0011,0.8595802655997518
italy_u013,italy_0027,1.4991274091700257
italy_u013,italy_0029,0.7288188672399525
italy_u014,italy_0046,0.7932320596407378
italy_u014,italy_0030,1.1309554282506546
italy_u014,italy_0009,1.0277595394694392
italy_u014,italy_0103,1.985037371184764
italy_u014,italy_0031,1.1958023877769888
italy_u014,italy_0048,1.518925029217796
italy_u014,italy_0098,1.8706820999672797
italy_u014,italy_0045,1.4435923660458252
italy_u014,italy_0044,0.8740677123797809
italy_u014,italy_0017,1.4111151429999205
italy_u014,italy_0003,1.1028145040976742
italy_u014,italy_0020,1.1335248041582107
italy_u014,italy_0007,1.9689868720556074
italy_u014,italy_0093,0.9178865203922789
italy_u014,italy_0063,1.2034027197174662
italy_u014,italy_0074,0.7398005685488005
italy_u014,italy_0026,0.7678162980282331
italy_u014,italy_0100,1.4052266361287509
italy_u014,italy_0013,1.626523562229072
italy_u014,italy_0042,1.454689810425268
italy_u014,italy_0051,0.9939259968544563
italy_u014,italy_0010,0.5894272588475297
italy_u014,italy_0089,1.2053957932230381
italy_u014,italy_0018,1.256404479640946
italy_u014,italy_0076,1.655977411939728
italy_u014,italy_0002,1.460434343437932
italy_u014,italy_0033,1.8068879414014802
italy_u014,italy_0078,1.6744743180426376
italy_u014,italy_0050,1.0488166757164201
italy_u014,italy_0053,1.4483321352870473
italy_u014,italy_0037,1.62092979418269
italy_u014,italy_0043,1.9353205537591174
italy_u014,italy_0024,1.1335282439333687
italy_u014,italy_0055,1.472422988466704
italy_u014,italy_0025,1.0889957529224512
italy_u014,italy_0061,1.6067422683046806
italy_u014,italy_0012,1.867989756965836
italy_u014,italy_0079,1.8788390235793626
italy_u014,italy_0016,0.7356312760812651
italy_u014,italy_0028,0.8061448964313183
italy_u015,italy_0035,1.1229461909358427
italy_u015,italy_0086,1.8423639228733502
italy_u015,italy_0084,0.7030556896817646
italy_u015,italy_0083,0.987146895029875
italy_u015,italy_0080,0.7884506419241066
italy_u015,italy_0082,1.1407054651060728
italy_u015,italy_0010,0.7002476286847568
italy_u015,italy_0088,1.6411934208533483
italy_u015,italy_0019,0.655201088876862
italy_u015,italy_0087,1.4978931404259062
italy_u015,italy_0085,0.9015654873035353
italy_u015,italy_0033,1.208284995286494
italy_u015,italy_0064,0.7999819425763122
italy_u015,italy_0076,1.5953355192135787
italy_u015,italy_0072,1.9224139839024865
italy_u015,italy_0040,0.8326179310894939
italy_u015,italy_0059,1.9297298115692425
italy_u015,italy_0075,0.987910701517151
italy_u015,italy_0081,1.3367707505778523
italy_u015,italy_0029,1.5523849266283642
italy_u015,italy_0104,0.7989029240977905
italy_u015,italy_0028,1.1671459061489415
italy_u015,italy_0021,0.6017412209960751
italy_u015,italy_0042,1.54558066404203
italy_u015,italy_0050,1.1249241795867175
italy_u015,italy_0078,1.8374667989593862
italy_u015,italy_0055,0.910987832859707
italy_u015,italy_0102,1.8854019864858904
italy_u015,italy_0063,0.7115597670242675
italy_u015,italy_0057,1.4104496990208248
italy_u015,italy_0007,0.9617122698082683
italy_u015,italy_0036,0.772672416429931
italy_u015,italy_0014,0.6409057575787482
italy_u015,italy_0026,1.483463838243035
italy_u015,italy_0098,0.8497518998888682
italy_u015,italy_0065,1.3592216181065715
italy_u015,italy_0089,1.9691280842529169
italy_u015,italy_0027,0.9739427304192974
italy_u015,italy_0048,0.5524164165750932
italy_u015,italy_0053,0.7142339215946307
italy_u016,italy_0009,1.9596939679952812
italy_u016,italy_0046,0.6446149015488731
italy_u016,italy_0030,0.687331017665975
italy_u016,italy_0059,1.8064461276194639
italy_u016,italy_0072,1.495257853578887
italy_u016,italy_0086,1.1541087968679895
italy_u016,italy_0031,1.4735351085887742
italy_u016,italy_0049,1.9024772352956154
italy_u016,italy_0044,0.6490659671535589
italy_u016,italy_0070,0.8655665407629983
italy_u016,italy_0001,1.7904506052061113
italy_u016,italy_0082,1.6709590179516605
italy_u016,italy_0020,1.9913850823357861
italy_u016,italy_0010,0.9708632226082887
italy_u016,italy_0069,1.9173295957078178
italy_u016,italy_0019,1.0155332469425062
italy_u016,italy_0006,1.5726397867782398
italy_u016,italy_0052,1.8241144214323797
italy_u016,italy_0025,0.7561731428875427
italy_u016,italy_0081,0.8084579825528004
italy_u016,italy_0102,1.37143797204852
italy_u016,italy_0092,1.7657371550532712
italy_u016,italy_0103,0.6184243028331675
italy_u016,italy_0101,1.7763212146338554
italy_u016,italy_0071,1.0146807943176448
italy_u016,italy_0062,1.1093399209587527
italy_u016,italy_0094,1.009791643531334
italy_u016,italy_0075,1.8672198569115313
italy_u016,italy_0005,0.6961914898742586
italy_u016,italy_0055,1.361411721764515
italy_u016,italy_0098,0.7221621209386876
italy_u016,italy_0040,1.892891945142262
italy_u016,italy_0045,1.6968969703034291
italy_u016,italy_0053,0.8507289113916168
italy_u016,italy_0011,0.9466674021322303
italy_u016,italy_0024,1.0722729919440162
italy_u016,italy_0023,1.1081265129431548
italy_u016,italy_0021,1.7260142879480826
italy_u016,italy_0097,1.3468000329637855
italy_u016,italy_0016,1.141923972337592
italy_u017,italy_0085,0.6545490537061076
italy_u017,italy_0088,0.7201163638167207
italy_u017,italy_0035,1.4536461933304965
italy_u017,italy_0083,0.823429515144849
italy_u017,italy_0086,1.8924582123159324
italy_u017,italy_0010,1.881030801178829
italy_u017,italy_0087,1.92298379023582
italy_u017,italy_0082,0.93942891171829
italy_u017,italy_0019,1.5754248619404747
italy_u017,italy_0080,1.4945208604022744
italy_u017,italy_0084,0.5534056720066581
italy_u017,italy_0033,0.8983476145194196
italy_u017,italy_0047,0.8101500945192026
italy_u017,italy_0062,1.05621290260751
italy_u017,italy_0065,1.9295805748178374
italy_u017,italy_0032,1.7684024584375075
italy_u017,italy_0099,0.9401368870524154
italy_u017,italy_0018,1.2950472966489848
italy_u017,italy_0044,0.7883991823799928
italy_u017,italy_0063,0.9161509884439074
italy_u017,italy_0051,0.5975048735223267
italy_u017,italy_0055,1.4639097513752548
italy_u017,italy_0038,1.4853811617444934
italy_u017,italy_0104,1.7577524312051653
italy_u017,italy_0076,1.807327720140881
italy_u017,italy_0096,0.7400890987905842
italy_u017,italy_0090,1.6145614192444808
italy_u017,italy_0008,0.7020614492409984
italy_u017,italy_0068,1.0605725176187164
italy_u017,italy_0052,1.2733048573388317
italy_u017,italy_0022,0.574204871130614
italy_u017,italy_0003,0.7351455673181815
italy_u017,italy_0056,0.9066741499850572
italy_u017,italy_0093,0.691313494451284
italy_u017,italy_0091,1.9011444083094995
italy_u017,italy_0025,0.9324787821306745
italy_u017,italy_0027,1.2517574967633704
italy_u017,italy_0001,1.9948013568885292
italy_u017,italy_0097,1.349964015396866
italy_u017,italy_0046,1.117243662488127
italy_u018,italy_0018,1.5312440734551318
italy_u018,italy_0013,0.9779962018264041
italy_u018,italy_0016,1.7999061564201062
italy_u018,italy_0017,1.8785534753478512
italy_u018,italy_0020,1.7735776428814292
italy_u018,italy_0032,0.9835276211531929
italy_u018,italy_0056,0.8548739365394842
italy_u018,italy_0064,1.8392009636116997
italy_u018,italy_0061,1.179420475814692
italy_u018,italy_0015,1.5616095853370235
italy_u018,italy_0048,1.7407463021159515
italy_u018,italy_0063,0.9165299823017338
italy_u018,italy_0055,0.6786461419021852
italy_u018,italy_0060,1.4372413450149288
italy_u018,italy_0007,1.3852883836448378
italy_u018,italy_0010,0.9053001089878637
italy_u018,italy_0082,1.3770600820780132
italy_u018,italy_0050,1.6855358817175143
italy_u018,italy_0094,1.025016473516191
italy_u018,italy_0065,0.8634765783883582
italy_u018,italy_0045,1.5875018204143343
italy_u018,italy_0087,1.678808025022692
italy_u018,italy_0022,1.9314341568033804
italy_u018,italy_0014,0.7213787343762067
italy_u018,italy_0088,1.8338961528322921
italy_u018,italy_0089,1.6476482167848536
italy_u018,italy_0079,1.5528498618963318
italy_u018,italy_0074,0.9695804437855673
italy_u018,italy_0070,0.5332894267822312
italy_u018,italy_0029,1.2613257411791634
italy_u018,italy_0095,0.9286540647285744
italy_u018,italy_0049,0.9347315283900368
italy_u018,italy_0025,1.8907078657889802
italy_u018,italy_0002,0.7294533380798138
italy_u018,italy_0078,1.9013485693858307
italy_u018,italy_0069,1.25571006501611
italy_u018,italy_0075,1.7574189140914052
italy_u018,italy_0005,0.9253813571628655
italy_u018,italy_0091,1.4508809961271028
italy_u018,italy_0021,1.3348825935851252
italy_u019,italy_0030,0.7245019266120374
italy_u019,italy_0046,1.4206299306503962
italy_u019,italy_0009,1.687796305016052
italy_u019,italy_0014,1.6520155120553563
italy_u019,italy_0050,1.2332682376319237
italy_u019,italy_0025,1.5977470785110632
italy_u019,italy_0083,1.3753799158894755
italy_u019,italy_0006,0.802167474278304
italy_u019,italy_0008,0.584080460954763
italy_u019,italy_0033,1.0542495200755058
italy_u019,italy_0097,0.5929085029213098
italy_u019,italy_0051,1.0925201058813383
italy_u019,italy_0034,1.7433185023561397
italy_u019,italy_0036,1.766441222605372
italy_u019,italy_0090,0.5511108820100268
italy_u019,italy_0076,0.6043032012642412
italy_u019,italy_0103,1.5048006313868671
italy_u019,italy_0026,1.2499980424132997
italy_u019,italy_0032,0.7240375890955864
italy_u019,italy_0075,1.70829442659814
italy_u019,italy_0070,0.8247442440596329
italy_u019,italy_0060,0.6172238820435662
italy_u019,italy_0095,1.6242607071500128
italy_u019,italy_0031,1.4121889619479462
italy_u019,italy_0041,1.0916641080969853
italy_u019,italy_0005,1.5390893056753019
italy_u019,italy_0048,1.867071033036804
italy_u019,italy_0066,0.5512736641499716
italy_u019,italy_0042,1.441519156513003
italy_u019,italy_0088,0.8272509455233397
italy_u019,italy_0043,1.2112066399120758
italy_u019,italy_0049,1.1359716933250543
italy_u019,italy_0047,1.0849695017517946
italy_u019,italy_0085,0.785534150371193
italy_u019,italy_0084,1.7039749046674733
italy_u019,italy_0104,1.0692808773915503
italy_u019,italy_0096,1.8307943914047198
italy_u019,italy_0067,1.0320024094197362
italy_u019,italy_0089,1.75957001701873
italy_u019,italy_0004,1.3166994972870318
italy_u020,italy_0092,1.9633777563147699
italy_u020,italy_0103,1.202351803486233
italy_u020,italy_0093,0.6618038276094439
italy_u020,italy_0029,1.5811089644708067
italy_u020,italy_0011,1.9422023067251557
italy_u020,italy_0091,1.668049406208039
italy_u020,italy_0043,1.4363042818564715
italy_u020,italy_0102,1.4162478535566156
italy_u020,italy_0101,1.9668771713084432
italy_u020,italy_0097,0.6096790052296541
italy_u020,italy_0026,0.7243340293859393
italy_u020,italy_0041,1.7462171671095217
italy_u020,italy_0079,0.7176696204796384
italy_u020,italy_0040,1.0749447303935444
italy_u020,italy_0036,0.9222488840821255
italy_u020,italy_0002,0.8651670746605898
italy_u020,italy_0090,0.5385829266626401
italy_u020,italy_0006,1.3493768953022167
italy_u020,italy_0081,1.1018592812501913
italy_u020,italy_0003,1.327385318955517
italy_u020,italy_0025,0.9567623097462554
italy_u020,italy_0024,1.9121912825813938
italy_u020,italy_0099,1.3870207883622911
italy_u020,italy_0089,1.9418105697984003
italy_u020,italy_0004,1.025008931387988
italy_u020,italy_0023,0.5034343060194831
italy_u020,italy_0096,1.6718983474436608
italy_u020,italy_0014,1.7410682818409633
italy_u020,italy_0039,0.588055095800504
italy_u020,italy_0005,1.4380538426934786
italy_u020,italy_0104,1.4915268005601803
italy_u020,italy_0098,0.718600800571348
italy_u020,italy_0027,1.3287868292788718
italy_u020,italy_0008,0.8647983210199155
italy_u020,italy_0049,0.5246775548067742
italy_u020,italy_0078,1.8003666355641768
italy_u020,italy_0095,1.2375427568396962
italy_u020,italy_0033,1.6725486513660668
italy_u020,italy_0094,1.584339548343663
italy_u020,italy_0100,1.9905578915217936
italy_u021,italy_0084,1.4430669984655802
italy_u021,italy_0088,0.7767259417107395
italy_u021,italy_0035,1.3108715309505625
italy_u021,italy_0019,1.0779538232049903
italy_u021,italy_0083,1.8971530132105552
italy_u021,italy_0087,1.9008818236726879
italy_u021,italy_0085,0.7977479187533615
italy_u021,italy_0010,1.430196295907549
italy_u021,italy_0080,1.457263704456467
italy_u021,italy_0082,1.3438026191870267
italy_u021,italy_0086,0.686494561992724
italy_u021,italy_0068,1.4810229782612927
italy_u021,italy_0094,1.6986279273863003
italy_u021,italy_0077,1.017839050779695
italy_u021,italy_0043,1.271827552916236
italy_u021,italy_0069,0.6744919195239168
italy_u021,italy_0065,1.8960330672305417
italy_u021,italy_0091,0.6643067797584801
italy_u021,italy_0057,0.8125656600023705
italy_u021,italy_0037,0.9477177137000524
italy_u021,italy_0046,1.7386853587730329
italy_u021,italy_0067,1.5509838807535323
italy_u021,italy_0103,0.5105216570046538
italy_u021,italy_0040,0.7753423207391158
italy_u021,italy_0025,1.6252267687878525
italy_u021,italy_0034,1.1057517365012186
italy_u021,italy_0032,0.53932029870089
italy_u021,italy_0026,1.945875317480037
italy_u021,italy_0000,0.7268493694108431
italy_u021,italy_0104,1.2656999600702414
italy_u021,italy_0049,0.8724741464672652
italy_u021,italy_0055,1.6062039803380395
italy_u021,italy_0018,1.665089148570932
italy_u021,italy_0041,1.0958306052873397
italy_u021,italy_0030,1.4876744321885478
italy_u021,italy_0004,1.8636103768197283
italy_u021,italy_0015,1.7222136777389094
italy_u021,italy_0011,1.122346576467372
italy_u021,italy_0003,1.1622140808449568
italy_u021,italy_0014,1.830317411040531
italy_u022,italy_0022,0.514934496295693
italy_u022,italy_0059,1.1138826004373938
italy_u022,italy_0050,1.741905096560873
italy_u022,italy_0062,0.5002967117400653
italy_u022,italy_0053,1.3004593583273658
italy_u022,italy_0037,0.8892134319998029
italy_u022,italy_0069,1.119152823863151
italy_u022,italy_0076,1.130457049818212
italy_u022,italy_0028,1.0876316610762715
italy_u022,italy_0071,1.8379251833168946
italy_u022,italy_0077,1.3046954134543018
italy_u022,italy_0073,1.8556200857419771
italy_u022,italy_0001,1.5901136109820264
italy_u022,italy_0052,1.0266801064610085
italy_u022,italy_0058,1.2403455223234323
italy_u022,italy_0038,1.0847878073079376
italy_u022,italy_0068,1.7428614173004824
italy_u022,italy_0067,0.7813967179564456
italy_u022,italy_0075,1.9046184233923271
italy_u022,italy_0007,1.3706367413778742
italy_u022,italy_0065,1.417636930952126
italy_u022,italy_0051,1.275202100377957
italy_u022,italy_0012,1.3317447155673763
italy_u022,italy_0000,1.5015131246342408
italy_u022,italy_0066,1.4825528826512895
italy_u022,italy_0021,0.8212206333049463
italy_u022,italy_0047,1.373660241309611
italy_u022,italy_0057,1.0319396610326637
italy_u022,italy_0070,1.4555454587043182
italy_u022,italy_0072,1.321751870401878
italy_u022,italy_0031,0.7695199005687389
italy_u022,italy_0034,1.602100876308554
italy_u022,italy_0044,1.1855201712192354
italy_u022,italy_0074,1.3271623284292056
italy_u022,italy_0054,1.5089642973872195
italy_u022,italy_0030,1.4793076608757056
italy_u022,italy_0033,1.6233932301350669
italy_u022,italy_0079,0.8101275929646761
italy_u022,italy_0090,0.6655868506060354
italy_u022,italy_0048,1.5037693620115167
italy_u023,italy_0002,0.9650690662771946
italy_u023,italy_0033,1.3464408389992972
italy_u023,italy_0095,0.9665536268014292
italy_u023,italy_0089,0.505579137601101
italy_u023,italy_0005,1.9959621506684875
italy_u023,italy_0092,0.8600901020559149
italy_u023,italy_0101,1.9596529778550975
italy_u023,italy_0081,1.4795492399706904
italy_u023,italy_0014,1.855900413422859
italy_u023,italy_0049,1.9508041205804494
italy_u023,italy_0096,1.3517438095129743
italy_u023,italy_0094,1.9995370164518873
italy_u023,italy_0090,1.650994863913055
italy_u023,italy_0079,1.28572183414036
italy_u023,italy_0097,1.4824149262863289
italy_u023,italy_0011,0.7914070359898989
italy_u023,italy_0029,0.5165489321605248
italy_u023,italy_0039,0.8851840214107132
italy_u023,italy_0043,1.1524562925798605
italy_u023,italy_0025,0.842078880292631
italy_u023,italy_0103,1.271053846979297
italy_u023,italy_0026,1.4869162133369997
italy_u023,italy_0042,1.4836907736500566
italy_u023,italy_0040,1.8406466457996928
italy_u023,italy_0102,1.9494786447248147
italy_u023,italy_0100,1.8360425200398327
italy_u023,italy_0006,1.4302624390203893
italy_u023,italy_0098,0.8086462318866936
italy_u023,italy_0045,1.9151767387548904
italy_u023,italy_0027,0.7622905921509597
italy_u023,italy_0041,0.7271410737656978
italy_u023,italy_0024,0.9763539918581525
italy_u023,italy_0093,1.3604083420074322
italy_u023,italy_0004,1.5222089479787062
italy_u023,italy_0078,0.519939016018454
italy_u023,italy_0036,1.6670334075796251
italy_u023,italy_0023,0.7625293236308632
italy_u023,italy_0099,0.9447272772695318
italy_u023,italy_0091,0.9831300886934773
italy_u023,italy_0003,0.9986689983481137
modern_english_pop_u000,modern_english_pop_0015,1.1285653405728482
modern_english_pop_u000,modern_english_pop_0109,0.6375285075290938
modern_english_pop_u000,modern_english_pop_0104,0.7539560473314968
modern_english_pop_u000,modern_english_pop_0055,0.5357600176436526
modern_english_pop_u000,modern_english_pop_0050,0.9503094365547649
modern_english_pop_u000,modern_english_pop_0070,1.9549967336030276
modern_english_pop_u000,modern_english_pop_0016,1.0683969089966159
modern_english_pop_u000,modern_english_pop_0045,0.8613389090766219
modern_english_pop_u000,modern_english_pop_0072,1.1051742157073474
modern_english_pop_u000,modern_english_pop_0013,0.9520077803100161
modern_english_pop_u000,modern_english_pop_0061,1.510815234392541
modern_english_pop_u000,modern_english_pop_0088,1.451700141738621
modern_english_pop_u000,modern_english_pop_0012,0.5410143616557443
modern_english_pop_u000,modern_english_pop_0097,1.2669847337101776
modern_english_pop_u000,modern_english_pop_0041,0.5542995315131557
modern_english_pop_u000,modern_english_pop_0082,1.5160448996214124
modern_english_pop_u000,modern_english_pop_0020,1.9037124959408875
modern_english_pop_u000,modern_english_pop_0099,1.8612318180911285
modern_english_pop_u000,modern_english_pop_0090,0.8085681681363899
modern_english_pop_u000,modern_english_pop_0094,1.61396772158209
modern_english_pop_u000,modern_english_pop_0010,1.6895989565608478
modern_english_pop_u000,modern_english_pop_0075,1.7965512996640765
modern_english_pop_u000,modern_english_pop_0025,0.8893980062007816
modern_english_pop_u000,modern_english_pop_0095,1.17625226895824
modern_english_pop_u000,modern_english_pop_0108,0.8322566435548856
modern_english_pop_u000,modern_english_pop_0053,0.5364641858167871
modern_english_pop_u000,modern_english_pop_0035,1.4885189417974358
modern_english_pop_u000,modern_english_pop_0101,1.1471954268397184
modern_english_pop_u000,modern_english_pop_0044,0.8721753208453509
modern_english_pop_u000,modern_english_pop_0027,1.770655920949418
modern_english_pop_u000,modern_english_pop_0115,1.2435209599688042
modern_english_pop_u000,modern_english_pop_0054,1.9919865158188859
modern_english_pop_u000,modern_english_pop_0003,1.6900367404084506
modern_english_pop_u000,modern_english_pop_0056,1.8038167996038799
modern_english_pop_u000,modern_english_pop_0006,1.6599983731965076
modern_english_pop_u000,modern_english_pop_0032,0.6588873484259324
modern_english_pop_u000,modern_english_pop_0062,0.597543500980506
modern_english_pop_u000,modern_english_pop_0001,1.8726181589216953
modern_english_pop_u000,modern_english_pop_0048,0.7072957820597031
modern_english_pop_u000,modern_english_pop_0034,1.0868392260113904
modern_english_pop_u001,modern_english_pop_0050,0.9520910162945202
modern_english_pop_u001,modern_english_pop_0033,0.989898090821627
modern_english_pop_u001,modern_english_pop_0062,0.6770494101836151
modern_english_pop_u001,modern_english_pop_0008,1.667930654532813
modern_english_pop_u001,modern_english_pop_0011,0.6574397952787047
modern_english_pop_u001,modern_english_pop_0047,1.0974717424007792
modern_english_pop_u001,modern_english_pop_0040,1.7524150057112975
modern_english_pop_u001,modern_english_pop_0102,1.10615884353785
modern_english_pop_u001,modern_english_pop_0017,0.9421426968889286
modern_english_pop_u001,modern_english_pop_0057,1.9223805857049008
modern_english_pop_u001,modern_english_pop_0104,0.689815630299516
modern_english_pop_u001,modern_english_pop_0000,1.8272808541767114
modern_english_pop_u001,modern_english_pop_0035,0.593115198105207
modern_english_pop_u001,modern_english_pop_0072,1.120294119278855
modern_english_pop_u001,modern_english_pop_0016,1.4475815832468006
modern_english_pop_u001,modern_english_pop_0113,1.0550575762125214
modern_english_pop_u001,modern_english_pop_0019,1.3019096314421876
modern_english_pop_u001,modern_english_pop_0061,0.8060024998807733
modern_english_pop_u001,modern_english_pop_0025,1.3535517762002551
modern_english_pop_u001,modern_english_pop_0117,0.7018380753488572
modern_english_pop_u001,modern_english_pop_0020,1.6941444741343645
modern_english_pop_u001,modern_english_pop_0027,1.3756848701631947
modern_english_pop_u001,modern_english_pop_0006,1.2228981722282788
modern_english_pop_u001,modern_english_pop_0041,0.582000193749622
modern_english_pop_u001,modern_english_pop_0081,1.2496615038750833
modern_english_pop_u001,modern_english_pop_0030,1.3453541455418605
modern_english_pop_u001,modern_english_pop_0010,0.8985012701107469
modern_english_pop_u001,modern_english_pop_0007,1.5163855113623328
modern_english_pop_u001,modern_english_pop_0018,0.6151477230702809
modern_english_pop_u001,modern_english_pop_0014,0.8130336221727437
modern_english_pop_u001,modern_english_pop_0076,1.6063227759863528
modern_english_pop_u001,modern_english_pop_0098,0.7208333283890362
modern_english_pop_u001,modern_english_pop_0086,0.8683232294339241
modern_english_pop_u001,modern_english_pop_0044,1.4762830218565763
modern_english_pop_u001,modern_english_pop_0048,1.5932625557166684
modern_english_pop_u001,modern_english_pop_0099,0.577233881935148
modern_english_pop_u001,modern_english_pop_0032,0.6898841198783225
modern_english_pop_u001,modern_english_pop_0009,1.169177008764894
modern_english_pop_u001,modern_english_pop_0106,1.3891924172482946
modern_english_pop_u001,modern_english_pop_0004,1.1806718515184162
modern_english_pop_u002,modern_english_pop_0074,0.6541651412576022
modern_english_pop_u002,modern_english_pop_0081,1.1240015673843164
modern_english_pop_u002,modern_english_pop_0051,1.3609426447545183
modern_english_pop_u002,modern_english_pop_0112,1.4148280009086462
modern_english_pop_u002,modern_english_pop_0053,1.7534117679557302
modern_english_pop_u002,modern_english_pop_0048,1.312110235690212
modern_english_pop_u002,modern_english_pop_0024,0.8355657246010251
modern_english_pop_u002,modern_english_pop_0031,0.8924994961038621
modern_english_pop_u002,modern_english_pop_0093,0.651260882441604
modern_english_pop_u002,modern_english_pop_0015,1.6038864338543926
modern_english_pop_u002,modern_english_pop_0012,0.6589123197496369
modern_english_pop_u002,modern_english_pop_0057,1.4087189484121934
modern_english_pop_u002,modern_english_pop_0010,1.3954210910699199
modern_english_pop_u002,modern_english_pop_0096,1.6782553354630367
modern_english_pop_u002,modern_english_pop_0086,0.6119445495281317
modern_english_pop_u002,modern_english_pop_0018,0.804367015266757
modern_english_pop_u002,modern_english_pop_0054,1.8643435655347078
modern_english_pop_u002,modern_english_pop_0109,1.3583552441930182
modern_english_pop_u002,modern_english_pop_0082,1.1865353196651178
modern_english_pop_u002,modern_english_pop_0030,1.6215143981934226
modern_english_pop_u002,modern_english_pop_0043,1.8537956766337373
modern_english_pop_u002,modern_english_pop_0029,0.8945144554243234
modern_english_pop_u002,modern_english_pop_0037,1.852213443217015
modern_english_pop_u002,modern_english_pop_0013,0.6630419390611304
modern_english_pop_u002,modern_english_pop_0116,1.966524571594817
modern_english_pop_u002,modern_english_pop_0028,0.7472777376494153
modern_english_pop_u002,modern_english_pop_0034,0.8993545529034409
modern_english_pop_u002,modern_english_pop_0105,0.6448909101374618
modern_english_pop_u002,modern_english_pop_0035,1.7055147603299006
modern_english_pop_u002,modern_english_pop_0045,1.9763480930625184
modern_english_pop_u002,modern_english_pop_0014,0.9454647628546522
modern_english_pop_u002,modern_english_pop_0099,0.9884179406026907
modern_english_pop_u002,modern_english_pop_0020,0.9184698550700039
modern_english_pop_u002,modern_english_pop_0071,0.7322421503223877
modern_english_pop_u002,modern_english_pop_0002,1.6811663251080389
modern_english_pop_u002,modern_english_pop_0092,0.5910797600136837
modern_english_pop_u002,modern_english_pop_0063,1.951661195711424
modern_english_pop_u002,modern_english_pop_0085,1.8909732867635725
modern_english_pop_u002,modern_english_pop_0058,0.6776586279263697
modern_english_pop_u002,modern_english_pop_0095,1.2942857768157237
modern_english_pop_u003,modern_english_pop_0118,0.9862190216072131
modern_english_pop_u003,modern_english_pop_0046,1.7359390787689488
modern_english_pop_u003,modern_english_pop_0109,1.0150564392467356
modern_english_pop_u003,modern_english_pop_0040,1.4327761869257396
modern_english_pop_u003,modern_english_pop_0082,1.4268722021847384
modern_english_pop_u003,modern_english_pop_0041,0.5792089738599004
modern_english_pop_u003,modern_english_pop_0099,1.134250445862074
modern_english_pop_u003,modern_english_pop_0108,0.8341681248979347
modern_english_pop_u003,modern_english_pop_0036,0.7993559928515839
modern_english_pop_u003,modern_english_pop_0103,1.4824428329408148
modern_english_pop_u003,modern_english_pop_0106,0.5171149929286305
modern_english_pop_u003,modern_english_pop_0027,1.9536184673217445
modern_english_pop_u003,modern_english_pop_0104,1.0930865090072317
modern_english_pop_u003,modern_english_pop_0009,0.9482052926673576
modern_english_pop_u003,modern_english_pop_0050,1.879961599906186
modern_english_pop_u003,modern_english_pop_0045,1.2300082131602674
modern_english_pop_u003,modern_english_pop_0095,1.4214878772279165
modern_english_pop_u003,modern_english_pop_0035,1.5437761229554423
modern_english_pop_u003,modern_english_pop_0072,1.807116910226695
modern_english_pop_u003,modern_english_pop_0042,0.6946129847255842
modern_english_pop_u003,modern_english_pop_0021,0.6224797686380354
modern_english_pop_u003,modern_english_pop_0014,1.9905661765021088
modern_english_pop_u003,modern_english_pop_0010,0.5133257024391058
modern_english_pop_u003,modern_english_pop_0073,1.5622921304225388
modern_english_pop_u003,modern_english_pop_0093,1.4165980429379315
modern_english_pop_u003,modern_english_pop_0078,1.3288265325637503
modern_english_pop_u003,modern_english_pop_0062,1.67874193877014
modern_english_pop_u003,modern_english_pop_0098,1.988709421453188
modern_english_pop_u003,modern_english_pop_0012,0.5703287322408911
modern_english_pop_u003,modern_english_pop_0001,1.4217957389647704
modern_english_pop_u003,modern_english_pop_0006,1.575166502808576
modern_english_pop_u003,modern_english_pop_0025,0.9589089592595279
modern_english_pop_u003,modern_english_pop_0022,1.8392920773813968
modern_english_pop_u003,modern_english_pop_0057,1.1854892621745678
modern_english_pop_u003,modern_english_pop_0119,0.74671769292792
modern_english_pop_u003,modern_english_pop_0110,1.78161172403045
modern_english_pop_u003,modern_english_pop_0063,1.9143884306369658
modern_english_pop_u003,modern_english_pop_0102,0.6492723775531154
modern_english_pop_u003,modern_english_pop_0013,1.6275213007318299
modern_english_pop_u003,modern_english_pop_0064,0.8225213287478295
modern_english_pop_u004,modern_english_pop_0012,1.2352284849661699
modern_english_pop_u004,modern_english_pop_0014,0.9963574446551409
modern_english_pop_u004,modern_english_pop_0054,1.3058919123996326
modern_english_pop_u004,modern_english_pop_0071,0.5965936611735527
modern_english_pop_u004,modern_english_pop_0106,0.7658101554648711
modern_english_pop_u004,modern_english_pop_0019,0.7233806260197649
modern_english_pop_u004,modern_english_pop_0029,0.5418733176065778
modern_english_pop_u004,modern_english_pop_0025,1.583318454567926
modern_english_pop_u004,modern_english_pop_0007,0.9882118187927353
modern_english_pop_u004,modern_english_pop_0002,0.7528044668631346
modern_english_pop_u004,modern_english_pop_0115,1.268365655788435
modern_english_pop_u004,modern_english_pop_0059,0.9851666089580973
modern_english_pop_u004,modern_english_pop_0042,1.0895266561971186
modern_english_pop_u004,modern_english_pop_0003,0.9732977255927167
modern_english_pop_u004,modern_english_pop_0078,0.5059752715382482
modern_english_pop_u004,modern_english_pop_0092,1.5324932966283875
modern_english_pop_u004,modern_english_pop_0079,0.6660357181010895
modern_english_pop_u004,modern_english_pop_0011,0.8287135955944542
modern_english_pop_u004,modern_english_pop_0104,0.7854755653457473
modern_english_pop_u004,modern_english_pop_0095,0.9970509432480612
modern_english_pop_u004,modern_english_pop_0044,0.7402965192445341
modern_english_pop_u004,modern_english_pop_0004,1.020428186281931
modern_english_pop_u004,modern_english_pop_0091,0.8648965187116012
modern_english_pop_u004,modern_english_pop_0119,0.5918226697586165
modern_english_pop_u004,modern_english_pop_0028,1.8058444657547439
modern_english_pop_u004,modern_english_pop_0073,0.9583716606480672
modern_english_pop_u004,modern_english_pop_0010,0.6429232195645709
modern_english_pop_u004,modern_english_pop_0049,1.2822895684281845
modern_english_pop_u004,modern_english_pop_0005,0.6849132775532049
modern_english_pop_u004,modern_english_pop_0000,1.6596398021852703
modern_english_pop_u004,modern_english_pop_0015,0.5923669148597593
modern_english_pop_u004,modern_english_pop_0087,1.196953924916347
modern_english_pop_u004,modern_english_pop_0021,1.9157394951736675
modern_english_pop_u004,modern_english_pop_0038,0.7384535804876202
modern_english_pop_u004,modern_english_pop_0063,0.802053015358247
modern_english_pop_u004,modern_english_pop_0009,1.4006973670928236
modern_english_pop_u004,modern_english_pop_0022,1.9697811073930092
modern_english_pop_u004,modern_english_pop_0067,1.0787536224283907
modern_english_pop_u004,modern_english_pop_0039,1.47296763916581
modern_english_pop_u004,modern_english_pop_0103,0.7284755941724509
modern_english_pop_u005,modern_english_pop_0099,1.7986847694839279
modern_english_pop_u005,modern_english_pop_0070,1.9091199695333083
modern_english_pop_u005,modern_english_pop_0009,1.138887612053853
modern_english_pop_u005,modern_english_pop_0044,0.7889659727614069
modern_english_pop_u005,modern_english_pop_0047,1.1304942447649022
modern_english_pop_u005,modern_english_pop_0018,1.184249668136204
modern_english_pop_u005,modern_english_pop_0077,1.2793540672438253
modern_english_pop_u005,modern_english_pop_0007,0.9115296202744267
modern_english_pop_u005,modern_english_pop_0098,0.9689411106752337
modern_english_pop_u005,modern_english_pop_0064,1.483381447019138
modern_english_pop_u005,modern_english_pop_0088,1.432691226494959
modern_english_pop_u005,modern_english_pop_0086,1.493153772673002
modern_english_pop_u005,modern_english_pop_0057,1.0659274747963716
modern_english_pop_u005,modern_english_pop_0053,1.0046852577498382
modern_english_pop_u005,modern_english_pop_0034,1.0273080094594085
modern_english_pop_u005,modern_english_pop_0012,1.9267647282345026
modern_english_pop_u005,modern_english_pop_0002,1.0928676547164842
modern_english_pop_u005,modern_english_pop_0063,1.4091985945068883
modern_english_pop_u005,modern_english_pop_0021,1.2842647807498078
modern_english_pop_u005,modern_english_pop_0081,1.8143327239917382
modern_english_pop_u005,modern_english_pop_0082,1.0536752011692185
modern_english_pop_u005,modern_english_pop_0049,1.1512166665342558
modern_english_pop_u005,modern_english_pop_0045,1.7641914331733157
modern_english_pop_u005,modern_english_pop_0097,0.7414364210448587
modern_english_pop_u005,modern_english_pop_0102,1.39144182181295
modern_english_pop_u005,modern_english_pop_0107,1.099862311465706
modern_english_pop_u005,modern_english_pop_0115,1.9786873383878414
modern_english_pop_u005,modern_english_pop_0085,1.5820761752009296
modern_english_pop_u005,modern_english_pop_0083,0.5158343942091923
modern_english_pop_u005,modern_english_pop_0072,1.7592108506699657
modern_english_pop_u005,modern_english_pop_0068,1.5547694842719675
modern_english_pop_u005,modern_english_pop_0100,1.341441373373965
modern_english_pop_u005,modern_english_pop_0080,0.8541927138264755
modern_english_pop_u005,modern_english_pop_0010,0.7239749756115355
modern_english_pop_u005,modern_english_pop_0022,1.442599344287627
modern_english_pop_u005,modern_english_pop_0116,1.1599104092206458
modern_english_pop_u005,modern_english_pop_0093,1.7924304683466945
modern_english_pop_u005,modern_english_pop_0020,0.8935603554165069
modern_english_pop_u005,modern_english_pop_0001,1.4562799712693735
modern_english_pop_u005,modern_english_pop_0112,0.8732645549885265
modern_english_pop_u006,modern_english_pop_0107,1.6833682793660985
modern_english_pop_u006,modern_english_pop_0055,1.7107994732070937
modern_english_pop_u006,modern_english_pop_0065,1.0579096820652132
modern_english_pop_u006,modern_english_pop_0004,1.259038594240098
modern_english_pop_u006,modern_english_pop_0079,1.2626767551281017
modern_english_pop_u006,modern_english_pop_0042,0.6698127754041086
modern_english_pop_u006,modern_english_pop_0023,1.3972131831924113
modern_english_pop_u006,modern_english_pop_0007,1.5802696685005033
modern_english_pop_u006,modern_english_pop_0032,1.4164517286699414
modern_english_pop_u006,modern_english_pop_0094,1.618948902064284
modern_english_pop_u006,modern_english_pop_0029,0.6783369021872852
modern_english_pop_u006,modern_english_pop_0003,1.6421134195012659
modern_english_pop_u006,modern_english_pop_0072,0.8122101550527147
modern_english_pop_u006,modern_english_pop_0002,1.8152402342592993
modern_english_pop_u006,modern_english_pop_0054,0.8673969685261933
modern_english_pop_u006,modern_english_pop_0011,1.2379885755356603
modern_english_pop_u006,modern_english_pop_0033,1.2308994449849513
modern_english_pop_u006,modern_english_pop_0040,0.9032754805880203
modern_english_pop_u006,modern_english_pop_0066,1.0425643766293917
modern_english_pop_u006,modern_english_pop_0095,0.7783951236133879
modern_english_pop_u006,modern_english_pop_0101,1.355151046187824
modern_english_pop_u006,modern_english_pop_0021,1.8695420380002203
modern_english_pop_u006,modern_english_pop_0059,0.9749113585424756
modern_english_pop_u006,modern_english_pop_0061,1.2620939146571866
modern_english_pop_u006,modern_english_pop_0080,1.7928209178629744
modern_english_pop_u006,modern_english_pop_0115,1.1787485704182088
modern_english_pop_u006,modern_english_pop_0046,1.7468904926868793
modern_english_pop_u006,modern_english_pop_0052,1.1695859977548047
modern_english_pop_u006,modern_english_pop_0118,1.16036370006631
modern_english_pop_u006,modern_english_pop_0015,0.7358599432690129
modern_english_pop_u006,modern_english_pop_0048,0.687468236639921
modern_english_pop_u006,modern_english_pop_0047,1.4172451164417317
modern_english_pop_u006,modern_english_pop_0027,1.741000287018081
modern_english_pop_u006,modern_english_pop_0106,0.7031097302752904
modern_english_pop_u006,modern_english_pop_0105,1.8651409191604815
modern_english_pop_u006,modern_english_pop_0097,1.0383197027965045
modern_english_pop_u006,modern_english_pop_0068,1.1378858097812325
modern_english_pop_u006,modern_english_pop_0108,1.8416801030271936
modern_english_pop_u006,modern_english_pop_0078,1.8444446754821096
modern_english_pop_u006,modern_english_pop_0010,1.287288315367358
modern_english_pop_u007,modern_english_pop_0048,1.9995705126572263
modern_english_pop_u007,modern_english_pop_0014,1.4421239437650815
modern_english_pop_u007,modern_english_pop_0074,0.599369711157026
modern_english_pop_u007,modern_english_pop_0029,1.3436555891402615
modern_english_pop_u007,modern_english_pop_0087,0.996961688698422
modern_english_pop_u007,modern_english_pop_0059,1.9295648346893506
modern_english_pop_u007,modern_english_pop_0022,1.6332065071728272
modern_english_pop_u007,modern_english_pop_0001,1.2605220029726545
modern_english_pop_u007,modern_english_pop_0037,1.1446660992612117
modern_english_pop_u007,modern_english_pop_0049,1.9938032986843046
modern_english_pop_u007,modern_english_pop_0104,1.5010761274411413
modern_english_pop_u007,modern_english_pop_0082,1.2708946135868613
modern_english_pop_u007,modern_english_pop_0058,1.096916176130443
modern_english_pop_u007,modern_english_pop_0054,0.9868742861608427
modern_english_pop_u007,modern_english_pop_0069,1.558129135702444
modern_english_pop_u007,modern_english_pop_0025,1.381828272359041
modern_english_pop_u007,modern_english_pop_0103,1.7722772529558988
modern_english_pop_u007,modern_english_pop_0099,1.3303410849550614
modern_english_pop_u007,modern_english_pop_0050,1.373497085197716
modern_english_pop_u007,modern_english_pop_0112,1.2160347422647706
modern_english_pop_u007,modern_english_pop_0052,1.6439314194366
modern_english_pop_u007,modern_english_pop_0113,1.1224882641477774
modern_english_pop_u007,modern_english_pop_0063,1.7779094070948724
modern_english_pop_u007,modern_english_pop_0039,0.9905671417322
modern_english_pop_u007,modern_english_pop_0017,1.5389375695714482
modern_english_pop_u007,modern_english_pop_0116,1.8394563486494784
modern_english_pop_u007,modern_english_pop_0008,1.6536107955441817
modern_english_pop_u007,modern_english_pop_0089,1.013912213773927
modern_english_pop_u007,modern_english_pop_0034,1.5595085044261594
modern_english_pop_u007,modern_english_pop_0102,0.8104772219149605
modern_english_pop_u007,modern_english_pop_0094,0.5872476191777141
modern_english_pop_u007,modern_english_pop_0064,1.6870726094672763
modern_english_pop_u007,modern_english_pop_0096,1.7120136728474984
modern_english_pop_u007,modern_english_pop_0057,0.5343964083733963
modern_english_pop_u007,modern_english_pop_0046,1.9216925208049604
modern_english_pop_u007,modern_english_pop_0079,1.1688497403577538
modern_english_pop_u007,modern_english_pop_0067,1.8579082211530837
modern_english_pop_u007,modern_english_pop_0075,1.6822617884673603
modern_english_pop_u007,modern_english_pop_0018,1.8509802917130684
modern_english_pop_u007,modern_english_pop_0023,1.750063449675603
modern_english_pop_u008,modern_english_pop_0099,1.0719995618564404
modern_english_pop_u008,modern_english_pop_0029,0.8667797092581138
modern_english_pop_u008,modern_english_pop_0085,0.9122678234500161
modern_english_pop_u008,modern_english_pop_0002,1.1820029957842266
modern_english_pop_u008,modern_english_pop_0093,0.8722175532166634
modern_english_pop_u008,modern_english_pop_0032,1.199659920304157
modern_english_pop_u008,modern_english_pop_0048,1.3660215808556835
modern_english_pop_u008,modern_english_pop_0061,1.566667134278765
modern_english_pop_u008,modern_english_pop_0097,1.5157184760242268
modern_english_pop_u008,modern_english_pop_0075,0.8629839096567851
modern_english_pop_u008,modern_english_pop_0014,0.5587843856421697
modern_english_pop_u008,modern_english_pop_0024,1.749022799139696
modern_english_pop_u008,modern_english_pop_0030,1.8084692644468898
modern_english_pop_u008,modern_english_pop_0079,1.9683342795999073
modern_english_pop_u008,modern_english_pop_0067,1.9395673358542815
modern_english_pop_u008,modern_english_pop_0034,1.450721040039476
modern_english_pop_u008,modern_english_pop_0101,1.8414075559123675
modern_english_pop_u008,modern_english_pop_0087,1.172012628982083
modern_english_pop_u008,modern_english_pop_0102,1.6810034595875645
modern_english_pop_u008,modern_english_pop_0051,1.9330018133850766
modern_english_pop_u008,modern_english_pop_0056,1.694417835811496
modern_english_pop_u008,modern_english_pop_0104,1.1236480489277005
modern_english_pop_u008,modern_english_pop_0037,1.0666388706001475
modern_english_pop_u008,modern_english_pop_0052,0.9373141312809836
modern_english_pop_u008,modern_english_pop_0118,1.0505952864707413
modern_english_pop_u008,modern_english_pop_0069,1.7308649926883044
modern_english_pop_u008,modern_english_pop_0058,1.552250481827865
modern_english_pop_u008,modern_english_pop_0007,0.8748187693125866
modern_english_pop_u008,modern_english_pop_0106,1.5673026928741252
modern_english_pop_u008,modern_english_pop_0012,1.0690931990599881
modern_english_pop_u008,modern_english_pop_0036,1.336658760554968
modern_english_pop_u008,modern_english_pop_0044,1.0555539091540194
modern_english_pop_u008,modern_english_pop_0111,1.2824440293287602
modern_english_pop_u008,modern_english_pop_0095,1.5947058426388172
modern_english_pop_u008,modern_english_pop_0089,1.5966959759307484
modern_english_pop_u008,modern_english_pop_0019,1.6297738689516423
modern_english_pop_u008,modern_english_pop_0026,1.0865581932352941
modern_english_pop_u008,modern_english_pop_0092,1.535743164370031
modern_english_pop_u008,modern_english_pop_0086,0.858067447170624
modern_english_pop_u008,modern_english_pop_0115,1.2161426306297982
modern_english_pop_u009,modern_english_pop_0060,1.350270620209968
modern_english_pop_u009,modern_english_pop_0065,1.1922371996734202
modern_english_pop_u009,modern_english_pop_0087,1.092437745570497
modern_english_pop_u009,modern_english_pop_0071,0.9061521076343795
modern_english_pop_u009,modern_english_pop_0029,1.0328198018935852
modern_english_pop_u009,modern_english_pop_0100,1.1427944259644816
modern_english_pop_u009,modern_english_pop_0000,1.369069107476729
modern_english_pop_u009,modern_english_pop_0027,1.249812645804521
modern_english_pop_u009,modern_english_pop_0094,0.6619234314158887
modern_english_pop_u009,modern_english_pop_0016,1.0099604831858906
modern_english_pop_u009,modern_english_pop_0107,1.064290202902445
modern_english_pop_u009,modern_english_pop_0056,1.5603889476696384
modern_english_pop_u009,modern_english_pop_0097,0.9993381265331818
modern_english_pop_u009,modern_english_pop_0010,0.5119337233769568
modern_english_pop_u009,modern_english_pop_0057,0.6265049349950624
modern_english_pop_u009,modern_english_pop_0083,1.2454976269553448
modern_english_pop_u009,modern_english_pop_0104,0.7827432564085559
modern_english_pop_u009,modern_english_pop_0053,1.241933616918849
modern_english_pop_u009,modern_english_pop_0102,1.3613080581291837
modern_english_pop_u009,modern_english_pop_0047,1.9001568538540319
modern_english_pop_u009,modern_english_pop_0005,1.4833698865232297
modern_english_pop_u009,modern_english_pop_0080,0.5465610839501491
modern_english_pop_u009,modern_english_pop_0015,1.0710957774272667
modern_english_pop_u009,modern_english_pop_0113,1.6901854561723078
modern_english_pop_u009,modern_english_pop_0036,0.8908436839848921
modern_english_pop_u009,modern_english_pop_0086,1.8874596072503615
modern_english_pop_u009,modern_english_pop_0076,1.2935160628454567
modern_english_pop_u009,modern_english_pop_0043,0.6386715377333088
modern_english_pop_u009,modern_english_pop_0106,0.8625058102704205
modern_english_pop_u009,modern_english_pop_0052,1.8594487986329937
modern_english_pop_u009,modern_english_pop_0069,1.9871896267622147
modern_english_pop_u009,modern_english_pop_0028,1.7945238388510303
modern_english_pop_u009,modern_english_pop_0034,0.9810150269778819
modern_english_pop_u009,modern_english_pop_0073,1.6532285187651479
modern_english_pop_u009,modern_english_pop_0114,0.8333414653943836
modern_english_pop_u009,modern_english_pop_0048,1.0767834311721916
modern_english_pop_u009,modern_english_pop_0079,1.545752192901046
modern_english_pop_u009,modern_english_pop_0049,1.9533520087768426
modern_english_pop_u009,modern_english_pop_0058,1.1587974151721108
modern_english_pop_u009,modern_english_pop_0090,1.2437546315500048
modern_english_pop_u010,modern_english_pop_0009,0.5763433257528223
modern_english_pop_u010,modern_english_pop_0039,1.105972570344771
modern_english_pop_u010,modern_english_pop_0045,1.6704779870807538
modern_english_pop_u010,modern_english_pop_0085,1.615722035267003
modern_english_pop_u010,modern_english_pop_0026,1.7774342461540495
modern_english_pop_u010,modern_english_pop_0062,1.609085502018115
modern_english_pop_u010,modern_english_pop_0048,1.9206382237535093
modern_english_pop_u010,modern_english_pop_0112,1.2473893330250687
modern_english_pop_u010,modern_english_pop_0005,1.4364347552799366
modern_english_pop_u010,modern_english_pop_0027,1.7715586378403398
modern_english_pop_u010,modern_english_pop_0076,1.5525364247845208
modern_english_pop_u010,modern_english_pop_0033,0.6530850783105038
modern_english_pop_u010,modern_english_pop_0118,1.0504946788921874
modern_english_pop_u010,modern_english_pop_0064,1.3288861974978081
modern_english_pop_u010,modern_english_pop_0051,1.6320763157923532
modern_english_pop_u010,modern_english_pop_0116,1.31535135322786
modern_english_pop_u010,modern_english_pop_0099,1.666323862075688
modern_english_pop_u010,modern_english_pop_0004,1.756414214694362
modern_english_pop_u010,modern_english_pop_0100,0.8976924054427715
modern_english_pop_u010,modern_english_pop_0035,1.4241472597431701
modern_english_pop_u010,modern_english_pop_0025,1.3356655662211745
modern_english_pop_u010,modern_english_pop_0034,0.8409758789823016
modern_english_pop_u010,modern_english_pop_0007,1.2348171338552472
modern_english_pop_u010,modern_english_pop_0036,1.3228524268530761
modern_english_pop_u010,modern_english_pop_0028,1.7260098128087968
modern_english_pop_u010,modern_english_pop_0002,1.1914840619634204
modern_english_pop_u010,modern_english_pop_0101,0.6213739737139241
modern_english_pop_u010,modern_english_pop_0115,1.2309439373483109
modern_english_pop_u010,modern_english_pop_0117,1.756926416564649
modern_english_pop_u010,modern_english_pop_0018,1.3568831784913185
modern_english_pop_u010,modern_english_pop_0037,0.9782978415533269
modern_english_pop_u010,modern_english_pop_0113,1.8814564219763876
modern_english_pop_u010,modern_english_pop_0040,0.7334770769390926
modern_english_pop_u010,modern_english_pop_0095,0.9903164787399534
modern_english_pop_u010,modern_english_pop_0013,1.15570203594437
modern_english_pop_u010,modern_english_pop_0066,1.6069668318888146
modern_english_pop_u010,modern_english_pop_0088,1.7536201881886415
modern_english_pop_u010,modern_english_pop_0075,0.5878407143677992
modern_english_pop_u010,modern_english_pop_0102,1.6880537306953918
modern_english_pop_u010,modern_english_pop_0055,1.580792622875995
modern_english_pop_u011,modern_english_pop_0107,1.693500090992166
modern_english_pop_u011,modern_english_pop_0027,0.8025533786037866
modern_english_pop_u011,modern_english_pop_0118,0.7956573765092565
modern_english_pop_u011,modern_english_pop_0102,1.1686240375749115
modern_english_pop_u011,modern_english_pop_0005,1.9174108824954987
modern_english_pop_u011,modern_english_pop_0074,1.3781824428535223
modern_english_pop_u011,modern_english_pop_0037,1.4525493423103701
modern_english_pop_u011,modern_english_pop_0054,0.5145990087029243
modern_english_pop_u011,modern_english_pop_0046,0.5849228069476478
modern_english_pop_u011,modern_english_pop_0110,0.6004010384915353
modern_english_pop_u011,modern_english_pop_0016,1.7294632619918482
modern_english_pop_u011,modern_english_pop_0052,0.8552781826375033
modern_english_pop_u011,modern_english_pop_0056,0.9932572769581134
modern_english_pop_u011,modern_english_pop_0019,1.4149291679434708
modern_english_pop_u011,modern_english_pop_0111,1.3759314764799788
modern_english_pop_u011,modern_english_pop_0101,1.1157942463526607
modern_english_pop_u011,modern_english_pop_0020,0.5064503090522577
modern_english_pop_u011,modern_english_pop_0015,1.1744038625762236
modern_english_pop_u011,modern_english_pop_0076,1.6083239235800346
modern_english_pop_u011,modern_english_pop_0061,0.852858972988183
modern_english_pop_u011,modern_english_pop_0021,1.5625370154107272
modern_english_pop_u011,modern_english_pop_0067,0.5227292297259174
modern_english_pop_u011,modern_english_pop_0087,1.8620117064717976
modern_english_pop_u011,modern_english_pop_0108,1.9250588114836862
modern_english_pop_u011,modern_english_pop_0089,0.503692225136839
modern_english_pop_u011,modern_english_pop_0073,1.1867276207097686
modern_english_pop_u011,modern_english_pop_0012,1.1207329103580035
modern_english_pop_u011,modern_english_pop_0088,1.7628250338792597
modern_english_pop_u011,modern_english_pop_0092,1.311082386984903
modern_english_pop_u011,modern_english_pop_0096,1.4170482049040762
modern_english_pop_u011,modern_english_pop_0119,0.8037590046296337
modern_english_pop_u011,modern_english_pop_0082,0.6155970019956214
modern_english_pop_u011,modern_english_pop_0090,1.5384966457739377
modern_english_pop_u011,modern_english_pop_0025,1.4310139879541426
modern_english_pop_u011,modern_english_pop_0071,1.748493100974917
modern_english_pop_u011,modern_english_pop_0014,1.767025171163083
modern_english_pop_u011,modern_english_pop_0103,1.4465529109594049
modern_english_pop_u011,modern_english_pop_0028,1.3075420744254322
modern_english_pop_u011,modern_english_pop_0116,1.8710124035177766
modern_english_pop_u011,modern_english_pop_0042,1.701896203778476
modern_english_pop_u012,modern_english_pop_0056,1.7137870326084206
modern_english_pop_u012,modern_english_pop_0107,1.2240426569032254
modern_english_pop_u012,modern_english_pop_0045,1.9323120903877904
modern_english_pop_u012,modern_english_pop_0104,0.6258287048353719
modern_english_pop_u012,modern_english_pop_0072,1.4239151635976477
modern_english_pop_u012,modern_english_pop_0011,1.5799762213149728
modern_english_pop_u012,modern_english_pop_0018,1.4317746896969052
modern_english_pop_u012,modern_english_pop_0092,1.2948163401887833
modern_english_pop_u012,modern_english_pop_0075,1.3674474805080663
modern_english_pop_u012,modern_english_pop_0044,1.5343243870646301
modern_english_pop_u012,modern_english_pop_0106,1.7948953154562937
modern_english_pop_u012,modern_english_pop_0061,1.0045169664270288
modern_english_pop_u012,modern_english_pop_0099,1.1894811206625016
modern_english_pop_u012,modern_english_pop_0063,1.4538643799257565
modern_english_pop_u012,modern_english_pop_0070,0.9713239284896713
modern_english_pop_u012,modern_english_pop_0048,0.7681742989200431
modern_english_pop_u012,modern_english_pop_0039,1.9492531351671996
modern_english_pop_u012,modern_english_pop_0043,0.7920933331943559
modern_english_pop_u012,modern_english_pop_0058,0.8490996431033762
modern_english_pop_u012,modern_english_pop_0078,1.4280291507238887
modern_english_pop_u012,modern_english_pop_0059,0.6160524648822542
modern_english_pop_u012,modern_english_pop_0096,0.5510714807228099
modern_english_pop_u012,modern_english_pop_0021,0.596020405708023
modern_english_pop_u012,modern_english_pop_0016,0.6848954686786525
modern_english_pop_u012,modern_english_pop_0023,1.1437952932012807
modern_english_pop_u012,modern_english_pop_0083,1.743890965196737
modern_english_pop_u012,modern_english_pop_0038,1.012957839643291
modern_english_pop_u012,modern_english_pop_0101,1.1412971219711296
modern_english_pop_u012,modern_english_pop_0117,1.4003766392538004
modern_english_pop_u012,modern_english_pop_0034,0.9532166384356417
modern_english_pop_u012,modern_english_pop_0017,1.1488068181519706
modern_english_pop_u012,modern_english_pop_0115,1.079467530296541
modern_english_pop_u012,modern_english_pop_0109,1.0128253124750297
modern_english_pop_u012,modern_english_pop_0008,1.0825897542230563
modern_english_pop_u012,modern_english_pop_0094,0.5166765656180949
modern_english_pop_u012,modern_english_pop_0049,1.829391002182377
modern_english_pop_u012,modern_english_pop_0051,1.9660201961730361
modern_english_pop_u012,modern_english_pop_0054,1.7937442871242075
modern_english_pop_u012,modern_english_pop_0103,0.5086134110813625
modern_english_pop_u012,modern_english_pop_0041,1.626328320041933
modern_english_pop_u013,modern_english_pop_0097,1.1322013037310759
modern_english_pop_u013,modern_english_pop_0089,1.1679020592794251
modern_english_pop_u013,modern_english_pop_0033,1.8401672771178377
modern_english_pop_u013,modern_english_pop_0111,1.6063218237852182
modern_english_pop_u013,modern_english_pop_0054,0.8291647230399373
modern_english_pop_u013,modern_english_pop_0060,1.485749744782674
modern_english_pop_u013,modern_english_pop_0081,0.6983829777554865
modern_english_pop_u013,modern_english_pop_0013,0.7910958017782147
modern_english_pop_u013,modern_english_pop_0027,1.5712238610986518
modern_english_pop_u013,modern_english_pop_0109,0.6888356273748464
modern_english_pop_u013,modern_english_pop_0100,0.9202909270564669
modern_english_pop_u013,modern_english_pop_0107,1.847090401975309
modern_english_pop_u013,modern_english_pop_0084,1.6074732174223185
modern_english_pop_u013,modern_english_pop_0014,1.8941892764615298
modern_english_pop_u013,modern_english_pop_0015,1.822750012941805
modern_english_pop_u013,modern_english_pop_0048,0.9688691329629688
modern_english_pop_u013,modern_english_pop_0093,1.448566151721555
modern_english_pop_u013,modern_english_pop_0099,1.0680435171826599
modern_english_pop_u013,modern_english_pop_0094,1.5456564974391644
modern_english_pop_u013,modern_english_pop_0001,1.0226855324763695
modern_english_pop_u013,modern_english_pop_0044,0.5019760578200888
modern_english_pop_u013,modern_english_pop_0092,0.6409073227576783
modern_english_pop_u013,modern_english_pop_0020,1.656518489334161
modern_english_pop_u013,modern_english_pop_0091,0.6260078671583915
modern_english_pop_u013,modern_english_pop_0047,1.3991340248603636
modern_english_pop_u013,modern_english_pop_0105,1.7866677685387886
modern_english_pop_u013,modern_english_pop_0074,1.6116518552631691
modern_english_pop_u013,modern_english_pop_0076,1.1201581922293111
modern_english_pop_u013,modern_english_pop_0101,0.8129063229397295
modern_english_pop_u013,modern_english_pop_0069,1.8838062316127415
modern_english_pop_u013,modern_english_pop_0046,1.3495995226775896
modern_english_pop_u013,modern_english_pop_0119,1.1081300889005838
modern_english_pop_u013,modern_english_pop_0061,1.9130865485349173
modern_english_pop_u013,modern_english_pop_0007,0.8225266158078663
modern_english_pop_u013,modern_english_pop_0053,1.1634228086804321
modern_english_pop_u013,modern_english_pop_0008,0.6629685637452596
modern_english_pop_u013,modern_english_pop_0039,0.6873203913493073
modern_english_pop_u013,modern_english_pop_0075,1.0978943839952526
modern_english_pop_u013,modern_english_pop_0103,1.5494905339776488
modern_english_pop_u013,modern_english_pop_0011,1.008340916231275
modern_english_pop_u014,modern_english_pop_0092,0.5298186239979789
modern_english_pop_u014,modern_english_pop_0026,0.7124386064882748
modern_english_pop_u014,modern_english_pop_0000,0.5482577354762193
modern_english_pop_u014,modern_english_pop_0074,1.104258866214825
modern_english_pop_u014,modern_english_pop_0118,1.695730101454556
modern_english_pop_u014,modern_english_pop_0112,1.175653670883505
modern_english_pop_u014,modern_english_pop_0012,1.7584912021897199
modern_english_pop_u014,modern_english_pop_0075,0.571293982041106
modern_english_pop_u014,modern_english_pop_0119,1.204584296217146
modern_english_pop_u014,modern_english_pop_0010,1.6806130581941314
modern_english_pop_u014,modern_english_pop_0017,1.512083326480926
modern_english_pop_u014,modern_english_pop_0117,1.7792383057107004
modern_english_pop_u014,modern_english_pop_0069,0.9107520858643626
modern_english_pop_u014,modern_english_pop_0058,1.251276194432073
modern_english_pop_u014,modern_english_pop_0066,1.515317867513342
modern_english_pop_u014,modern_english_pop_0073,0.7527349342381814
modern_english_pop_u014,modern_english_pop_0101,1.7237100720155556
modern_english_pop_u014,modern_english_pop_0078,0.9672050761864592
modern_english_pop_u014,modern_english_pop_0013,0.6399609558735422
modern_english_pop_u014,modern_english_pop_0095,1.6485519360229408
modern_english_pop_u014,modern_english_pop_0113,1.5575269695979703
modern_english_pop_u014,modern_english_pop_0037,1.8255196299266587
modern_english_pop_u014,modern_english_pop_0088,1.838112118155686
modern_english_pop_u014,modern_english_pop_0023,0.9177886768723662
modern_english_pop_u014,modern_english_pop_0085,1.46204416282673
modern_english_pop_u014,modern_english_pop_0103,1.998684494257988
modern_english_pop_u014,modern_english_pop_0094,0.8657098226916081
modern_english_pop_u014,modern_english_pop_0067,1.2093150028379271
modern_english_pop_u014,modern_english_pop_0003,1.8652495469607628
modern_english_pop_u014,modern_english_pop_0025,0.6546194622898944
modern_english_pop_u014,modern_english_pop_0035,1.8923748463342924
modern_english_pop_u014,modern_english_pop_0097,1.2322333918426644
modern_english_pop_u014,modern_english_pop_0086,1.8395611828580025
modern_english_pop_u014,modern_english_pop_0065,1.4320571162403202
modern_english_pop_u014,modern_english_pop_0091,1.5071533205346175
modern_english_pop_u014,modern_english_pop_0021,1.65947862714199
modern_english_pop_u014,modern_english_pop_0040,0.6007041379762521
modern_english_pop_u014,modern_english_pop_0089,1.4416525085594591
modern_english_pop_u014,modern_english_pop_0072,1.8859058671577882
modern_english_pop_u014,modern_english_pop_0056,1.9341855859399355
modern_english_pop_u015,modern_english_pop_0080,0.9410225067296696
modern_english_pop_u015,modern_english_pop_0013,0.5802668442744146
modern_english_pop_u015,modern_english_pop_0101,1.1347395271412024
modern_english_pop_u015,modern_english_pop_0033,1.719119617059376
modern_english_pop_u015,modern_english_pop_0035,1.4207447126547241
modern_english_pop_u015,modern_english_pop_0091,1.5106848684449519
modern_english_pop_u015,modern_english_pop_0106,0.5472600306644538
modern_english_pop_u015,modern_english_pop_0059,1.759289540383801
modern_english_pop_u015,modern_english_pop_0055,0.7192855690744862
modern_english_pop_u015,modern_english_pop_0058,0.9539763140487305
modern_english_pop_u015,modern_english_pop_0020,1.2751908424000797
modern_english_pop_u015,modern_english_pop_0026,1.8949901465197376
modern_english_pop_u015,modern_english_pop_0000,1.9972237525601941
modern_english_pop_u015,modern_english_pop_0056,1.6739910254321146
modern_english_pop_u015,modern_english_pop_0107,1.593971335591204
modern_english_pop_u015,modern_english_pop_0108,1.2915234960680477
modern_english_pop_u015,modern_english_pop_0088,1.498441006998743
modern_english_pop_u015,modern_english_pop_0030,0.7166362631425306
modern_english_pop_u015,modern_english_pop_0054,0.903794180862274
modern_english_pop_u015,modern_english_pop_0061,1.9769642952456268
modern_english_pop_u015,modern_english_pop_0025,1.9694225347183076
modern_english_pop_u015,modern_english_pop_0032,0.9844585919942195
modern_english_pop_u015,modern_english_pop_0111,0.861572858857339
modern_english_pop_u015,modern_english_pop_0102,0.8442771122261277
modern_english_pop_u015,modern_english_pop_0004,1.2272965752562994
modern_english_pop_u015,modern_english_pop_0105,0.8356498696866583
modern_english_pop_u015,modern_english_pop_0008,1.4727449488260416
modern_english_pop_u015,modern_english_pop_0018,0.6122297170309028
modern_english_pop_u015,modern_english_pop_0075,0.65551583362884
modern_english_pop_u015,modern_english_pop_0098,0.9154014124037009
modern_english_pop_u015,modern_english_pop_0117,1.6661648500676423
modern_english_pop_u015,modern_english_pop_0109,0.984934308563018
modern_english_pop_u015,modern_english_pop_0069,1.2062251734257774
modern_english_pop_u015,modern_english_pop_0089,1.4849330690137723
modern_english_pop_u015,modern_english_pop_0087,1.6828098829594609
modern_english_pop_u015,modern_english_pop_0031,0.960663531836979
modern_english_pop_u015,modern_english_pop_0085,1.596454116746333
modern_english_pop_u015,modern_english_pop_0011,0.929101106526999
modern_english_pop_u015,modern_english_pop_0090,1.4666993125499086
modern_english_pop_u015,modern_english_pop_0049,1.1763202111920372
modern_english_pop_u016,modern_english_pop_0074,0.8185862295693754
modern_english_pop_u016,modern_english_pop_0059,0.5686049951976868
modern_english_pop_u016,modern_english_pop_0090,1.7574323859900425
modern_english_pop_u016,modern_english_pop_0037,1.722212522879989
modern_english_pop_u016,modern_english_pop_0036,0.7438096006795045
modern_english_pop_u016,modern_english_pop_0021,1.4677713493157607
modern_english_pop_u016,modern_english_pop_0080,1.606600550798242
modern_english_pop_u016,modern_english_pop_0066,1.336437493071786
modern_english_pop_u016,modern_english_pop_0049,0.975843354644158
modern_english_pop_u016,modern_english_pop_0108,1.8214188532786908
modern_english_pop_u016,modern_english_pop_0098,1.4636609563121459
modern_english_pop_u016,modern_english_pop_0007,1.5803262680207757
modern_english_pop_u016,modern_english_pop_0061,1.478171794253498
modern_english_pop_u016,modern_english_pop_0051,1.5819330073776319
modern_english_pop_u016,modern_english_pop_0117,0.7176007174016661
modern_english_pop_u016,modern_english_pop_0087,1.88389159746697
modern_english_pop_u016,modern_english_pop_0023,0.9287161969377524
modern_english_pop_u016,modern_english_pop_0110,1.7548268345449367
modern_english_pop_u016,modern_english_pop_0073,1.840076306145371
modern_english_pop_u016,modern_english_pop_0093,1.4768354099900618
modern_english_pop_u016,modern_english_pop_0082,1.3974511431331178
modern_english_pop_u016,modern_english_pop_0109,0.6635723167573715
modern_english_pop_u016,modern_english_pop_0106,1.1543318391194424
modern_english_pop_u016,modern_english_pop_0018,1.4174665769722126
modern_english_pop_u016,modern_english_pop_0097,0.6228039087241591
modern_english_pop_u016,modern_english_pop_0026,0.667193017216316
modern_english_pop_u016,modern_english_pop_0100,1.9902218826608133
modern_english_pop_u016,modern_english_pop_0089,0.9983512264438918
modern_english_pop_u016,modern_english_pop_0075,1.024598730936746
modern_english_pop_u016,modern_english_pop_0030,0.877293725899838
modern_english_pop_u016,modern_english_pop_0105,1.4690296542414154
modern_english_pop_u016,modern_english_pop_0083,1.2096138302101953
modern_english_pop_u016,modern_english_pop_0012,1.6856464360602563
modern_english_pop_u016,modern_english_pop_0113,1.2687422477836803
modern_english_pop_u016,modern_english_pop_0060,0.5231239704255736
modern_english_pop_u016,modern_english_pop_0102,1.2240310854901935
modern_english_pop_u016,modern_english_pop_0086,0.5827809358921618
modern_english_pop_u016,modern_english_pop_0058,1.740179570722141
modern_english_pop_u016,modern_english_pop_0054,0.670487127477051
modern_english_pop_u016,modern_english_pop_0095,0.8254310224487237
modern_english_pop_u017,modern_english_pop_0094,1.534652670488776
modern_english_pop_u017,modern_english_pop_0060,0.7690177578444697
modern_english_pop_u017,modern_english_pop_0064,1.4024816312146136
modern_english_pop_u017,modern_english_pop_0045,1.8754644117933603
modern_english_pop_u017,modern_english_pop_0038,0.7775117842388118
modern_english_pop_u017,modern_english_pop_0104,1.4886320453980457
modern_english_pop_u017,modern_english_pop_0081,0.5683837118778611
modern_english_pop_u017,modern_english_pop_0028,1.2967214514366863
modern_english_pop_u017,modern_english_pop_0034,1.6123088856586694
modern_english_pop_u017,modern_english_pop_0012,0.5510626717852145
modern_english_pop_u017,modern_english_pop_0043,1.0004980867138016
modern_english_pop_u017,modern_english_pop_0037,1.8169354780879838
modern_english_pop_u017,modern_english_pop_0095,0.8382196937000579
modern_english_pop_u017,modern_english_pop_0078,1.5843118315935445
modern_english_pop_u017,modern_english_pop_0027,1.4183574108912422
modern_english_pop_u017,modern_english_pop_0109,0.7455314989392423
modern_english_pop_u017,modern_english_pop_0008,1.612561270972747
modern_english_pop_u017,modern_english_pop_0068,1.2981214895482966
modern_english_pop_u017,modern_english_pop_0092,0.6680387010894249
modern_english_pop_u017,modern_english_pop_0089,1.924057104897905
modern_english_pop_u017,modern_english_pop_0115,1.2379430437153012
modern_english_pop_u017,modern_english_pop_0086,1.6176212522045046
modern_english_pop_u017,modern_english_pop_0059,0.8265503982886033
modern_english_pop_u017,modern_english_pop_0050,0.7057748141065282
modern_english_pop_u017,modern_english_pop_0069,1.611960164194878
modern_english_pop_u017,modern_english_pop_0016,1.510736267837573
modern_english_pop_u017,modern_english_pop_0042,0.9111615315558388
modern_english_pop_u017,modern_english_pop_0099,1.6194251532735733
modern_english_pop_u017,modern_english_pop_0041,1.257488391527754
modern_english_pop_u017,modern_english_pop_0031,1.0228958849711094
modern_english_pop_u017,modern_english_pop_0117,1.6803377262194905
modern_english_pop_u017,modern_english_pop_0046,1.425174121313312
modern_english_pop_u017,modern_english_pop_0053,1.2609025489579948
modern_english_pop_u017,modern_english_pop_0082,1.6596606451264446
modern_english_pop_u017,modern_english_pop_0100,1.317242539709014
modern_english_pop_u017,modern_english_pop_0054,1.9078016494003829
modern_english_pop_u017,modern_english_pop_0091,1.727083539181216
modern_english_pop_u017,modern_english_pop_0019,1.0372813591102954
modern_english_pop_u017,modern_english_pop_0096,1.1973788758193877
modern_english_pop_u017,modern_english_pop_0025,1.9359996030430826
modern_english_pop_u018,modern_english_pop_0112,1.3369503408051198
modern_english_pop_u018,modern_english_pop_0016,1.645862660734851
modern_english_pop_u018,modern_english_pop_0006,1.6694155914479623
modern_english_pop_u018,modern_english_pop_0087,1.8321219492587915
modern_english_pop_u018,modern_english_pop_0012,1.7657860987745646
modern_english_pop_u018,modern_english_pop_0043,1.1216349692964416
modern_english_pop_u018,modern_english_pop_0117,1.474629989707485
modern_english_pop_u018,modern_english_pop_0098,1.224852886792601
modern_english_pop_u018,modern_english_pop_0073,0.6769421996301976
modern_english_pop_u018,modern_english_pop_0092,1.732521380007594
modern_english_pop_u018,modern_english_pop_0085,1.4026452945507601
modern_english_pop_u018,modern_english_pop_0024,0.5870078057088688
modern_english_pop_u018,modern_english_pop_0032,1.5153024185134587
modern_english_pop_u018,modern_english_pop_0005,0.9246515538456527
modern_english_pop_u018,modern_english_pop_0090,0.6038978130750211
modern_english_pop_u018,modern_english_pop_0075,1.4098833720254669
modern_english_pop_u018,modern_english_pop_0119,1.5983129811938652
modern_english_pop_u018,modern_english_pop_0102,1.275926441482238
modern_english_pop_u018,modern_english_pop_0022,0.5084724103551387
modern_english_pop_u018,modern_english_pop_0086,1.3653241054139051
modern_english_pop_u018,modern_english_pop_0108,0.5099136129769399
modern_english_pop_u018,modern_english_pop_0105,1.889612451945677
modern_english_pop_u018,modern_english_pop_0023,0.900957736587578
modern_english_pop_u018,modern_english_pop_0058,1.8065099052455362
modern_english_pop_u018,modern_english_pop_0003,0.5181639329253058
modern_english_pop_u018,modern_english_pop_0056,0.6458247657382554
modern_english_pop_u018,modern_english_pop_0050,1.1771124569039855
modern_english_pop_u018,modern_english_pop_0060,1.6379110685790037
modern_english_pop_u018,modern_english_pop_0089,1.913842550750955
modern_english_pop_u018,modern_english_pop_0039,1.2816422227526447
modern_english_pop_u018,modern_english_pop_0079,1.0331910704998943
modern_english_pop_u018,modern_english_pop_0070,0.5668318098757716
modern_english_pop_u018,modern_english_pop_0008,1.3755642076080674
modern_english_pop_u018,modern_english_pop_0026,1.0700656467478007
modern_english_pop_u018,modern_english_pop_0104,1.8637002270125613
modern_english_pop_u018,modern_english_pop_0091,1.2200888342600011
modern_english_pop_u018,modern_english_pop_0030,1.648170474694664
modern_english_pop_u018,modern_english_pop_0014,1.7723157923223436
modern_english_pop_u018,modern_english_pop_0047,0.6474164175166315
modern_english_pop_u018,modern_english_pop_0074,1.161269461634367
modern_english_pop_u019,modern_english_pop_0039,1.3135584324537963
modern_english_pop_u019,modern_english_pop_0026,0.9474543843793256
modern_english_pop_u019,modern_english_pop_0049,1.328718246440322
modern_english_pop_u019,modern_english_pop_0057,1.903138120162375
modern_english_pop_u019,modern_english_pop_0032,1.8035714152752256
modern_english_pop_u019,modern_english_pop_0040,1.3646447599076832
modern_english_pop_u019,modern_english_pop_0094,1.1271054689580877
modern_english_pop_u019,modern_english_pop_0055,1.5475440066237598
modern_english_pop_u019,modern_english_pop_0117,1.8847089989367818
modern_english_pop_u019,modern_english_pop_0005,1.2343206019093245
modern_english_pop_u019,modern_english_pop_0053,0.6489615861279779
modern_english_pop_u019,modern_english_pop_0068,1.649132300635985
modern_english_pop_u019,modern_english_pop_0102,0.5157187308415763
modern_english_pop_u019,modern_english_pop_0112,1.6469577194610105
modern_english_pop_u019,modern_english_pop_0006,0.627374905829855
modern_english_pop_u019,modern_english_pop_0075,0.6599248615494304
modern_english_pop_u019,modern_english_pop_0021,1.672560305017289
modern_english_pop_u019,modern_english_pop_0004,1.534282557343108
modern_english_pop_u019,modern_english_pop_0108,1.3428546940049568
modern_english_pop_u019,modern_english_pop_0024,1.7308777890652904
modern_english_pop_u019,modern_english_pop_0044,1.777052766115645
modern_english_pop_u019,modern_english_pop_0036,1.18626838348443
modern_english_pop_u019,modern_english_pop_0019,1.9944480305818062
modern_english_pop_u019,modern_english_pop_0037,1.036369909458661
modern_english_pop_u019,modern_english_pop_0099,0.7572616499311974
modern_english_pop_u019,modern_english_pop_0002,1.7689646646798374
modern_english_pop_u019,modern_english_pop_0052,1.1233554193389954
modern_english_pop_u019,modern_english_pop_0103,1.8117494768429214
modern_english_pop_u019,modern_english_pop_0083,0.591749516735606
modern_english_pop_u019,modern_english_pop_0077,0.6665781672599624
modern_english_pop_u019,modern_english_pop_0009,0.5604089918359436
modern_english_pop_u019,modern_english_pop_0090,1.4030164404536152
modern_english_pop_u019,modern_english_pop_0030,1.7477962716747495
modern_english_pop_u019,modern_english_pop_0045,1.1039911754130076
modern_english_pop_u019,modern_english_pop_0074,0.6360431745065356
modern_english_pop_u019,modern_english_pop_0014,1.0602032411464302
modern_english_pop_u019,modern_english_pop_0071,1.0220691985095949
modern_english_pop_u019,modern_english_pop_0066,1.465207887146172
modern_english_pop_u019,modern_english_pop_0096,1.4782274431945006
modern_english_pop_u019,modern_english_pop_0008,0.6545355758770296
modern_english_pop_u020,modern_english_pop_0065,1.7187270158950105
modern_english_pop_u020,modern_english_pop_0057,1.1449364462504197
modern_english_pop_u020,modern_english_pop_0112,1.6376420757199885
modern_english_pop_u020,modern_english_pop_0097,1.5582888268016077
modern_english_pop_u020,modern_english_pop_0055,1.1853684760074272
modern_english_pop_u020,modern_english_pop_0024,0.984923877538171
modern_english_pop_u020,modern_english_pop_0022,1.5898100023432344
modern_english_pop_u020,modern_english_pop_0110,1.053377626607548
modern_english_pop_u020,modern_english_pop_0102,0.7551306600929775
modern_english_pop_u020,modern_english_pop_0114,0.9812945922919691
modern_english_pop_u020,modern_english_pop_0035,1.8152587893920724
modern_english_pop_u020,modern_english_pop_0026,0.9250836682060783
modern_english_pop_u020,modern_english_pop_0037,0.8524408022671042
modern_english_pop_u020,modern_english_pop_0018,0.7001301060958433
modern_english_pop_u020,modern_english_pop_0012,0.582766766851586
modern_english_pop_u020,modern_english_pop_0107,1.9650385312994474
modern_english_pop_u020,modern_english_pop_0053,1.3051652408909158
modern_english_pop_u020,modern_english_pop_0094,1.5944666909310463
modern_english_pop_u020,modern_english_pop_0088,1.6594601703030578
modern_english_pop_u020,modern_english_pop_0077,1.0284754920807089
modern_english_pop_u020,modern_english_pop_0048,1.6983588652418316
modern_english_pop_u020,modern_english_pop_0015,1.9422263666300732
modern_english_pop_u020,modern_english_pop_0109,1.6126427753608013
modern_english_pop_u020,modern_english_pop_0034,1.5675996899941684
modern_english_pop_u020,modern_english_pop_0000,1.14835067987303
modern_english_pop_u020,modern_english_pop_0002,1.761980188713192
modern_english_pop_u020,modern_english_pop_0117,0.6332560626850245
modern_english_pop_u020,modern_english_pop_0090,1.6245255683629227
modern_english_pop_u020,modern_english_pop_0073,1.0429903132142857
modern_english_pop_u020,modern_english_pop_0092,1.348960873696687
modern_english_pop_u020,modern_english_pop_0050,1.839445654845541
modern_english_pop_u020,modern_english_pop_0041,1.4075293399317128
modern_english_pop_u020,modern_english_pop_0011,0.5383722955436991
modern_english_pop_u020,modern_english_pop_0042,1.5839072682846442
modern_english_pop_u020,modern_english_pop_0033,1.893536759305459
modern_english_pop_u020,modern_english_pop_0047,1.463017917965839
modern_english_pop_u020,modern_english_pop_0021,1.7921301161893606
modern_english_pop_u020,modern_english_pop_0089,1.7379436330129014
modern_english_pop_u020,modern_english_pop_0076,1.7919384244759438
modern_english_pop_u020,modern_english_pop_0083,1.0161506040384123
modern_english_pop_u021,modern_english_pop_0001,1.199355351042296
modern_english_pop_u021,modern_english_pop_0099,1.4910574968292394
modern_english_pop_u021,modern_english_pop_0106,1.3817041356774564
modern_english_pop_u021,modern_english_pop_0067,1.8276464106845907
modern_english_pop_u021,modern_english_pop_0114,1.2107669605817426
modern_english_pop_u021,modern_english_pop_0084,0.7669810670348094
modern_english_pop_u021,modern_english_pop_0011,0.8218730561193224
modern_english_pop_u021,modern_english_pop_0101,1.7690848382889361
modern_english_pop_u021,modern_english_pop_0082,0.5130814313346681
modern_english_pop_u021,modern_english_pop_0087,1.8036955429952506
modern_english_pop_u021,modern_english_pop_0019,0.5833821284059771
modern_english_pop_u021,modern_english_pop_0016,1.087487702134108
modern_english_pop_u021,modern_english_pop_0072,1.7002643411684435
modern_english_pop_u021,modern_english_pop_0119,1.1114230652335986
modern_english_pop_u021,modern_english_pop_0033,1.7335222805810788
modern_english_pop_u021,modern_english_pop_0091,0.6504482517886747
modern_english_pop_u021,modern_english_pop_0020,1.2673133396527796
modern_english_pop_u021,modern_english_pop_0039,1.3737110269985138
modern_english_pop_u021,modern_english_pop_0077,1.8363028958558616
modern_english_pop_u021,modern_english_pop_0015,0.64043210950879
modern_english_pop_u021,modern_english_pop_0108,1.0079010279244964
modern_english_pop_u021,modern_english_pop_0013,1.4890221423452579
modern_english_pop_u021,modern_english_pop_0057,1.9698951227901167
modern_english_pop_u021,modern_english_pop_0094,1.7724114859367852
modern_english_pop_u021,modern_english_pop_0037,1.7697425925438344
modern_english_pop_u021,modern_english_pop_0047,1.2757737941371823
modern_english_pop_u021,modern_english_pop_0109,1.3464486831297473
modern_english_pop_u021,modern_english_pop_0031,1.787870141120978
modern_english_pop_u021,modern_english_pop_0079,1.8044383793851393
modern_english_pop_u021,modern_english_pop_0089,1.7034118482081677
modern_english_pop_u021,modern_english_pop_0073,1.7278569127768635
modern_english_pop_u021,modern_english_pop_0045,1.8194447885013232
modern_english_pop_u021,modern_english_pop_0064,0.6706728966378948
modern_english_pop_u021,modern_english_pop_0056,0.9389590653574563
modern_english_pop_u021,modern_english_pop_0092,1.9641703009304115
modern_english_pop_u021,modern_english_pop_0003,1.3171642399459929
modern_english_pop_u021,modern_english_pop_0032,0.764695790062538
modern_english_pop_u021,modern_english_pop_0096,1.2545834497992907
modern_english_pop_u021,modern_english_pop_0024,1.4686762629553871
modern_english_pop_u021,modern_english_pop_0118,1.742332975906486
modern_english_pop_u022,modern_english_pop_0115,0.8569573935706264
modern_english_pop_u022,modern_english_pop_0046,1.1965238775191538
modern_english_pop_u022,modern_english_pop_0066,1.7746167882342894
modern_english_pop_u022,modern_english_pop_0078,0.8102585259471982
modern_english_pop_u022,modern_english_pop_0061,1.0507582454444648
modern_english_pop_u022,modern_english_pop_0001,1.9855032822501915
modern_english_pop_u022,modern_english_pop_0086,1.869225753335674
modern_english_pop_u022,modern_english_pop_0089,0.5509525131899835
modern_english_pop_u022,modern_english_pop_0059,1.2954979514030216
modern_english_pop_u022,modern_english_pop_0043,0.5981195402718253
modern_english_pop_u022,modern_english_pop_0065,1.8858573854865663
modern_english_pop_u022,modern_english_pop_0058,1.1623173690275461
modern_english_pop_u022,modern_english_pop_0079,1.1276555058920024
modern_english_pop_u022,modern_english_pop_0038,0.909419047758966
modern_english_pop_u022,modern_english_pop_0004,1.3532284705882307
modern_english_pop_u022,modern_english_pop_0068,0.7174980844900891
modern_english_pop_u022,modern_english_pop_0100,1.6984325008033208
modern_english_pop_u022,modern_english_pop_0099,1.2368155172698754
modern_english_pop_u022,modern_english_pop_0015,1.3496943369712406
modern_english_pop_u022,modern_english_pop_0107,1.7612071214817808
modern_english_pop_u022,modern_english_pop_0060,0.7777231608274235
modern_english_pop_u022,modern_english_pop_0085,0.7627746100131736
modern_english_pop_u022,modern_english_pop_0102,1.1312025093047693
modern_english_pop_u022,modern_english_pop_0036,1.679192361791901
modern_english_pop_u022,modern_english_pop_0009,0.5878183302802191
modern_english_pop_u022,modern_english_pop_0013,1.6927553058481184
modern_english_pop_u022,modern_english_pop_0072,1.2511348903877146
modern_english_pop_u022,modern_english_pop_0114,1.342645174922337
modern_english_pop_u022,modern_english_pop_0040,1.3465789074187597
modern_english_pop_u022,modern_english_pop_0073,0.5842510834365804
modern_english_pop_u022,modern_english_pop_0056,0.8746561965772173
modern_english_pop_u022,modern_english_pop_0097,1.6329461772720466
modern_english_pop_u022,modern_english_pop_0084,1.1184021792339256
modern_english_pop_u022,modern_english_pop_0017,1.3407754733777812
modern_english_pop_u022,modern_english_pop_0008,1.9173029330398206
modern_english_pop_u022,modern_english_pop_0039,0.5694076524760419
modern_english_pop_u022,modern_english_pop_0055,1.1745205485107295
modern_english_pop_u022,modern_english_pop_0082,1.0419111992718473
modern_english_pop_u022,modern_english_pop_0108,0.6596741392921117
modern_english_pop_u022,modern_english_pop_0054,1.9261915231396969
modern_english_pop_u023,modern_english_pop_0023,0.55908258553222
modern_english_pop_u023,modern_english_pop_0059,1.7291377247157105
modern_english_pop_u023,modern_english_pop_0026,0.8319408050852911
modern_english_pop_u023,modern_english_pop_0114,0.7643582134955367
modern_english_pop_u023,modern_english_pop_0086,0.6050148829497374
modern_english_pop_u023,modern_english_pop_0011,0.9918499154579583
modern_english_pop_u023,modern_english_pop_0119,0.9892384505812819
modern_english_pop_u023,modern_english_pop_0098,0.9541572979496785
modern_english_pop_u023,modern_english_pop_0082,1.3897894096530163
modern_english_pop_u023,modern_english_pop_0053,1.6273132539921586
modern_english_pop_u023,modern_english_pop_0058,1.9066500779710087
modern_english_pop_u023,modern_english_pop_0012,0.6410751180202214
modern_english_pop_u023,modern_english_pop_0015,0.7255727487322204
modern_english_pop_u023,modern_english_pop_0020,1.3847637657868508
modern_english_pop_u023,modern_english_pop_0040,0.6472033908158905
modern_english_pop_u023,modern_english_pop_0003,1.0561464269288945
modern_english_pop_u023,modern_english_pop_0027,1.4368283458190554
modern_english_pop_u023,modern_english_pop_0037,1.6708175480582925
modern_english_pop_u023,modern_english_pop_0083,0.8263989311870474
modern_english_pop_u023,modern_english_pop_0042,1.5019783461455178
modern_english_pop_u023,modern_english_pop_0055,1.46880449877082
modern_english_pop_u023,modern_english_pop_0113,1.7894241893874716
modern_english_pop_u023,modern_english_pop_0006,0.9706212436459856
modern_english_pop_u023,modern_english_pop_0032,1.625137797332265
modern_english_pop_u023,modern_english_pop_0105,1.627999796662242
modern_english_pop_u023,modern_english_pop_0095,0.8587918129868861
modern_english_pop_u023,modern_english_pop_0087,1.4317367566376413
modern_english_pop_u023,modern_english_pop_0089,1.5127431315026962
modern_english_pop_u023,modern_english_pop_0109,0.9116426189334107
modern_english_pop_u023,modern_english_pop_0100,1.177699993046959
modern_english_pop_u023,modern_english_pop_0025,1.1536665908847394
modern_english_pop_u023,modern_english_pop_0077,1.6602643525565541
modern_english_pop_u023,modern_english_pop_0024,0.5010368838706154
modern_english_pop_u023,modern_english_pop_0036,1.2515399171850399
modern_english_pop_u023,modern_english_pop_0014,0.7765112203457172
modern_english_pop_u023,modern_english_pop_0028,1.470262952083151
modern_english_pop_u023,modern_english_pop_0097,1.5205532944564246
modern_english_pop_u023,modern_english_pop_0066,1.2516897630403747
modern_english_pop_u023,modern_english_pop_0079,1.3130443126766154
modern_english_pop_u023,modern_english_pop_0049,0.972587283582753
russia_u000,russia_0092,1.0474889706025212
russia_u000,russia_0075,0.6650922113391232
russia_u000,russia_0029,0.5405179935037439
russia_u000,russia_0008,0.6544695589037495
russia_u000,russia_0100,0.9777822745886096
russia_u000,russia_0056,1.6262955521574327
russia_u000,russia_0104,0.6004793767527894
russia_u000,russia_0096,1.5180108856348733
russia_u000,russia_0030,1.4308137932018696
russia_u000,russia_0074,1.822985308200182
russia_u000,russia_0078,0.7759805127080885
russia_u000,russia_0070,1.6914015585184612
russia_u000,russia_0077,1.7972978255721128
russia_u000,russia_0058,1.9647261974776054
russia_u000,russia_0028,1.7128240370287373
russia_u000,russia_0082,0.6856523012287754
russia_u000,russia_0087,1.920693515245146
russia_u000,russia_0080,1.7224880792056758
russia_u000,russia_0036,0.8184877766820154
russia_u000,russia_0052,0.7477961008194427
russia_u000,russia_0072,1.9046212256005721
russia_u000,russia_0050,0.7335479391588178
russia_u000,russia_0094,1.6656550781136301
russia_u000,russia_0059,1.1078888813947374
russia_u000,russia_0001,1.585707898239138
russia_u000,russia_0057,0.6377770702499731
russia_u000,russia_0051,1.5875874316077039
russia_u000,russia_0000,1.2678670659786206
russia_u000,russia_0086,1.8505675780082715
russia_u000,russia_0098,0.7825976258659346
russia_u000,russia_0101,0.6640341169625021
russia_u000,russia_0089,0.7943304477272987
russia_u000,russia_0034,0.6178630508740699
russia_u000,russia_0002,1.9702258112926156
russia_u000,russia_0006,0.6842849388669187
russia_u000,russia_0073,0.8012764183920408
russia_u000,russia_0102,1.7145286209145838
russia_u000,russia_0009,0.8701315935526799
russia_u000,russia_0097,0.8334400102858067
russia_u000,russia_0007,1.5084646706115263
russia_u001,russia_0016,1.9390235873346489
russia_u001,russia_0048,1.1363153462633282
russia_u001,russia_0047,1.138018267842107
russia_u001,russia_0044,1.191690083337198
russia_u001,russia_0066,0.9201553267317333
russia_u001,russia_0019,0.7426754195654772
russia_u001,russia_0020,1.3683915550526395
russia_u001,russia_0057,1.8413002950763273
russia_u001,russia_0030,1.6035946128521292
russia_u001,russia_0065,0.6442811114563272
russia_u001,russia_0062,1.101273464083142
russia_u001,russia_0025,0.5079438198582531
russia_u001,russia_0082,0.9619105788306146
russia_u001,russia_0093,1.5040648889211288
russia_u001,russia_0095,0.9353514252365154
russia_u001,russia_0004,1.7608374786427496
russia_u001,russia_0056,1.2160763203110674
russia_u001,russia_0007,1.5037522442599136
russia_u001,russia_0042,1.8257978349222252
russia_u001,russia_0090,1.524215462974134
russia_u001,russia_0038,1.8459893064282091
russia_u001,russia_0099,1.712098033887956
russia_u001,russia_0024,1.3505963680915858
russia_u001,russia_0081,0.9458496500262116
russia_u001,russia_0098,0.9472136069770342
russia_u001,russia_0032,1.8129966347875341
russia_u001,russia_0006,0.5808263446077527
russia_u001,russia_0031,1.912155272145236
russia_u001,russia_0061,0.9905897002882664
russia_u001,russia_0085,1.608306589720108
russia_u001,russia_0100,0.9950446289561724
russia_u001,russia_0037,1.929952083849741
russia_u001,russia_0027,0.5547110452350887
russia_u001,russia_0067,1.0299783149604747
russia_u001,russia_0091,1.8011915705408663
russia_u001,russia_0009,0.9110848087054606
russia_u001,russia_0086,0.9134292148899137
russia_u001,russia_0028,1.8481277241029244
russia_u001,russia_0060,1.7458733797588784
russia_u001,russia_0033,0.6586567929445839
russia_u002,russia_0082,1.0904127286508145
russia_u002,russia_0079,1.8206179804740503
russia_u002,russia_0089,1.582720699166045
russia_u002,russia_0103,0.5540422323543434
russia_u002,russia_0088,1.6842835949582402
russia_u002,russia_0028,1.686841181563491
russia_u002,russia_0006,1.4951143224996724
russia_u002,russia_0098,1.8939451038554929
russia_u002,russia_0083,1.704880291499204
russia_u002,russia_0091,0.8283479969029315
russia_u002,russia_0058,1.0723188275364839
russia_u002,russia_0034,1.0248848336545597
russia_u002,russia_0101,1.2573617246591056
russia_u002,russia_0030,1.930570430296453
russia_u002,russia_0094,1.4233975526717177
russia_u002,russia_0057,0.9694085891301931
russia_u002,russia_0001,1.9122766075781579
russia_u002,russia_0072,1.5504072092445458
russia_u002,russia_0080,0.8991207852230051
russia_u002,russia_0007,1.8597691532033442
russia_u002,russia_0086,1.0163193467041485
russia_u002,russia_0037,1.2743169133767263
russia_u002,russia_0076,1.2188342685346258
russia_u002,russia_0036,1.8854463099487806
russia_u002,russia_0102,0.8984950391014765
russia_u002,russia_0092,0.999960120299469
russia_u002,russia_0095,1.490240275005965
russia_u002,russia_0085,1.8299235543705308
russia_u002,russia_0035,0.6723261360032803
russia_u002,russia_0093,0.8148252783581817
russia_u002,russia_0000,1.9220517237263444
russia_u002,russia_0029,1.6659456566066457
russia_u002,russia_0075,1.0191046512318245
russia_u002,russia_0077,1.0364522121194424
russia_u002,russia_0069,1.204300805999503
russia_u002,russia_0050,1.5106992496290408
russia_u002,russia_0090,1.341561656977049
russia_u002,russia_0056,1.6641799287476817
russia_u002,russia_0087,0.5812501876702123
russia_u002,russia_0100,1.7285611137727548
russia_u003,russia_0018,0.7646219067437589
russia_u003,russia_0014,1.6941491885626772
russia_u003,russia_0046,1.8921623804213852
russia_u003,russia_0039,1.5320815289948762
russia_u003,russia_0042,0.6639894339662986
russia_u003,russia_0032,0.9898120307576828
russia_u003,russia_0053,0.6284987197659374
russia_u003,russia_0063,1.402622181373701
russia_u003,russia_0003,1.9972232137383967
russia_u003,russia_0064,1.0621319198528885
russia_u003,russia_0013,0.744417563789392
russia_u003,russia_0065,0.9029602920005377
russia_u003,russia_0004,1.3562029538152833
russia_u003,russia_0061,1.3534426802514044
russia_u003,russia_0043,0.8447312494044591
russia_u003,russia_0054,1.6260571108067374
russia_u003,russia_0015,0.6320184372400406
russia_u003,russia_0011,1.4345604241460332
russia_u003,russia_0041,1.1385484234255727
russia_u003,russia_0031,0.6907625297648701
russia_u003,russia_0093,1.4515771281434813
russia_u003,russia_0028,1.5095741272923944
russia_u003,russia_0008,1.1600304434467872
russia_u003,russia_0024,1.6969892291981223
russia_u003,russia_0102,1.2639748766157284
russia_u003,russia_0020,0.9286316781478134
russia_u003,russia_0006,1.9304019169072357
russia_u003,russia_0027,1.9160660566248062
russia_u003,russia_0088,0.6434320920775174
russia_u003,russia_0101,1.9191219238225752
russia_u003,russia_0035,1.6632235711074748
russia_u003,russia_0078,0.659966243835852
russia_u003,russia_0059,1.2789879077783217
russia_u003,russia_0010,0.5524269651163984
russia_u003,russia_0076,1.3832856058413152
russia_u003,russia_0037,1.8997814628022804
russia_u003,russia_0050,1.0523146062281872
russia_u003,russia_0075,1.2629377610767372
russia_u003,russia_0048,0.8413404888540141
russia_u003,russia_0090,1.3114193598933388
russia_u004,russia_0021,0.6624929446901502
russia_u004,russia_0049,1.7015376658245684
russia_u004,russia_0024,1.4375914909281702
russia_u004,russia_0027,0.6512863923254104
russia_u004,russia_0026,0.930221943144871
russia_u004,russia_0101,0.7057667935202967
russia_u004,russia_0051,1.6964019433366506
russia_u004,russia_0046,1.2994394376885006
russia_u004,russia_0017,0.5042449050748797
russia_u004,russia_0022,1.3143554708422287
russia_u004,russia_0062,1.2242055263974265
russia_u004,russia_0063,1.4646146044887578
russia_u004,russia_0059,0.5522660832304942
russia_u004,russia_0058,0.553138687899571
russia_u004,russia_0075,1.0240521576430353
russia_u004,russia_0081,1.5328071442422309
russia_u004,russia_0097,1.4998371388830436
russia_u004,russia_0052,0.917395368815382
russia_u004,russia_0093,0.8241013168443438
russia_u004,russia_0048,1.524688396071594
russia_u004,russia_0053,0.5406691042007039
russia_u004,russia_0035,1.335174997541682
russia_u004,russia_0060,1.1361479630661906
russia_u004,russia_0068,0.8586302269028152
russia_u004,russia_0055,1.2804471339986971
russia_u004,russia_0036,0.8257514849342045
russia_u004,russia_0037,1.3464824083238633
russia_u004,russia_0103,0.7234607543395151
russia_u004,russia_0100,1.1085393681370344
russia_u004,russia_0004,1.265639502957208
russia_u004,russia_0031,0.5475515420657412
russia_u004,russia_0087,1.4160758607044215
russia_u004,russia_0054,1.625472940246255
russia_u004,russia_0045,1.9341103442165588
russia_u004,russia_0080,0.8046895286966145
russia_u004,russia_0089,0.813043050874368
russia_u004,russia_0076,0.957246236343256
russia_u004,russia_0088,1.8361460561853582
russia_u004,russia_0005,1.1102857455393085
russia_u004,russia_0020,0.9526907196139323
russia_u005,russia_0019,1.856470325615165
russia_u005,russia_0016,1.4628400737110665
russia_u005,russia_0020,0.7726165192980261
russia_u005,russia_0048,1.6989622692634383
russia_u005,russia_0066,1.5405479363205727
russia_u005,russia_0047,1.966909666512374
russia_u005,russia_0044,0.865147983411116
russia_u005,russia_0063,0.9996882744258988
russia_u005,russia_0036,1.732236539903558
russia_u005,russia_0093,0.5943343970503706
russia_u005,russia_0078,1.4497996469224113
russia_u005,russia_0042,1.3032140790993127
russia_u005,russia_0003,0.7532328084013353
russia_u005,russia_0075,0.7476825638903648
russia_u005,russia_0051,1.7152964318809691
russia_u005,russia_0000,0.5231677331565121
russia_u005,russia_0088,1.620262160464913
russia_u005,russia_0062,1.5990008405067304
russia_u005,russia_0049,1.4745199645529818
russia_u005,russia_0009,1.1142764946218993
russia_u005,russia_0072,0.5424810252863106
russia_u005,russia_0011,1.7026650024395258
russia_u005,russia_0024,0.6885608057096619
russia_u005,russia_0096,0.9211812262395584
russia_u005,russia_0027,1.920174390186805
russia_u005,russia_0098,0.9527915397742568
russia_u005,russia_0002,0.8827087255923824
russia_u005,russia_0018,1.9600558330676066
russia_u005,russia_0041,0.6288983031435034
russia_u005,russia_0014,0.7410355818760213
russia_u005,russia_0086,1.1574762723226777
russia_u005,russia_0090,1.6815096917623262
russia_u005,russia_0039,1.8265384084149145
russia_u005,russia_0005,1.6334535840241489
russia_u005,russia_0013,1.9642625474042807
russia_u005,russia_0059,0.5252692139104379
russia_u005,russia_0046,1.4292598324871593
russia_u005,russia_0034,0.6745193028274008
russia_u005,russia_0023,1.8655441109073052
russia_u005,russia_0040,1.9029608110390885
russia_u006,russia_0089,1.636836169518416
russia_u006,russia_0007,1.4144108487158775
russia_u006,russia_0073,0.615694149941262
russia_u006,russia_0087,0.7697774801551194
russia_u006,russia_0094,1.2983585309826555
russia_u006,russia_0052,1.5418214015951284
russia_u006,russia_0079,1.2712617983158672
russia_u006,russia_0085,1.0332616751606971
russia_u006,russia_0000,0.5767018426187968
russia_u006,russia_0082,1.6788213490026669
russia_u006,russia_0050,1.245791359847133
russia_u006,russia_0091,1.308183695820639
russia_u006,russia_0088,1.2034372104018742
russia_u006,russia_0086,0.89801812361862
russia_u006,russia_0058,0.9145601971160722
russia_u006,russia_0028,0.595251180874986
russia_u006,russia_0095,1.5613985243028992
russia_u006,russia_0103,0.9078093097002828
russia_u006,russia_0006,0.9478420222614166
russia_u006,russia_0051,1.9902501815042601
russia_u006,russia_0008,1.0787188337362983
russia_u006,russia_0076,1.2660458116310132
russia_u006,russia_0070,1.0797096511417723
russia_u006,russia_0096,0.9352866698665632
russia_u006,russia_0002,0.5087761073701481
russia_u006,russia_0009,1.7823295216628825
russia_u006,russia_0102,1.2097305131600924
russia_u006,russia_0097,1.5798354555641254
russia_u006,russia_0037,1.9379850374443557
russia_u006,russia_0072,0.504247009930606
russia_u006,russia_0081,1.5125594102663857
russia_u006,russia_0075,0.677961056050908
russia_u006,russia_0078,1.1869475865237824
russia_u006,russia_0030,1.7701731213371734
russia_u006,russia_0001,0.6072437734767024
russia_u006,russia_0104,1.9844202273179514
russia_u006,russia_0077,1.3712537421775446
russia_u006,russia_0093,1.0924901883757328
russia_u006,russia_0101,0.5292653980031066
russia_u006,russia_0099,1.3802346172420776
russia_u007,russia_0038,0.9784362451830185
russia_u007,russia_0068,1.2754443058937686
russia_u007,russia_0023,1.4096631848522936
russia_u007,russia_0022,1.0514678642954298
russia_u007,russia_0010,1.4233730092390424
russia_u007,russia_0060,1.1511905891251215
russia_u007,russia_0055,1.8171047832431027
russia_u007,russia_0003,1.5777698400359215
russia_u007,russia_0006,0.6657499747153521
russia_u007,russia_0027,1.699404775488119
russia_u007,russia_0030,1.0062584470925133
russia_u007,russia_0101,1.9033526330480128
russia_u007,russia_0102,1.4050569196670801
russia_u007,russia_0029,0.5413669409611946
russia_u007,russia_0057,1.6015440576515896
russia_u007,russia_0077,0.6961015534565695
russia_u007,russia_0020,1.815901224435918
russia_u007,russia_0080,1.9224954613361034
russia_u007,russia_0045,1.542883779544013
russia_u007,russia_0056,1.299309165073916
russia_u007,russia_0008,1.4030945117494702
russia_u007,russia_0061,1.1432827567938983
russia_u007,russia_0072,0.6253741730218851
russia_u007,russia_0002,1.8932652482514747
russia_u007,russia_0084,0.9937798021316634
russia_u007,russia_0015,0.9692716605506044
russia_u007,russia_0065,0.7869871637492354
russia_u007,russia_0034,1.9886123732516934
russia_u007,russia_0000,1.9138466559204372
russia_u007,russia_0058,1.0241485547806368
russia_u007,russia_0071,0.8900080714173639
russia_u007,russia_0053,1.7080542945235402
russia_u007,russia_0009,1.1339150752942093
russia_u007,russia_0024,1.9516820751322141
russia_u007,russia_0035,1.8518250944140027
russia_u007,russia_0088,1.6391770133902888
russia_u007,russia_0066,0.6348864351715503
russia_u007,russia_0095,1.5531916048332506
russia_u007,russia_0097,1.9808815802913133
russia_u007,russia_0062,1.0599387994756502
russia_u008,russia_0061,0.706300428268976
russia_u008,russia_0003,0.9778954870806669
russia_u008,russia_0011,1.7606514789249457
russia_u008,russia_0014,1.9229884140765254
russia_u008,russia_0063,1.7331139210205173
russia_u008,russia_0015,0.5009725747436833
russia_u008,russia_0018,1.3520363620081581
russia_u008,russia_0054,0.7499901943504068
russia_u008,russia_0042,1.0636203668101367
russia_u008,russia_0013,1.141878416217763
russia_u008,russia_0031,1.9144111367180565
russia_u008,russia_0032,1.4506080978359361
russia_u008,russia_0046,0.9014825779702638
russia_u008,russia_0043,1.4641922609501592
russia_u008,russia_0065,1.927798216330884
russia_u008,russia_0041,0.5887386861381301
russia_u008,russia_0004,1.7239815017639364
russia_u008,russia_0053,0.8253463335712088
russia_u008,russia_0064,0.7296619280959356
russia_u008,russia_0039,1.8483003780101752
russia_u008,russia_0010,0.5027741854968459
russia_u008,russia_0092,1.6116286105593385
russia_u008,russia_0104,0.6308426148340821
russia_u008,russia_0027,1.4269929425609245
russia_u008,russia_0002,1.4313453520858523
russia_u008,russia_0052,1.7941640742371923
russia_u008,russia_0080,1.733909745844323
russia_u008,russia_0093,1.5277465146290568
russia_u008,russia_0066,1.070821385631398
russia_u008,russia_0070,0.7496086205713552
russia_u008,russia_0085,1.4535243891489271
russia_u008,russia_0098,1.2454546980618688
russia_u008,russia_0038,0.6169133934220812
russia_u008,russia_0009,1.933342835703279
russia_u008,russia_0033,0.9716292798677184
russia_u008,russia_0034,0.503211147488458
russia_u008,russia_0101,1.8525354557561624
russia_u008,russia_0051,1.3655763198059996
russia_u008,russia_0100,1.5995910103254762
russia_u008,russia_0079,0.7289993604430771
russia_u009,russia_0072,0.5501763671124219
russia_u009,russia_0083,0.8121445338445763
russia_u009,russia_0036,1.562461781981541
russia_u009,russia_0074,0.6274403890124163
russia_u009,russia_0097,0.8932591297254111
russia_u009,russia_0084,0.7309650185733161
russia_u009,russia_0028,1.585357345724319
russia_u009,russia_0104,1.3684000869652175
russia_u009,russia_0000,0.5967179176880941
russia_u009,russia_0092,1.1902013531024105
russia_u009,russia_0029,0.8127543920240683
russia_u009,russia_0050,1.9515478969736026
russia_u009,russia_0030,0.6618769209635779
russia_u009,russia_0090,1.3970827630460527
russia_u009,russia_0081,1.222770853770227
russia_u009,russia_0037,1.3671267454975713
russia_u009,russia_0091,1.9347392760592204
russia_u009,russia_0058,1.0119228167247292
russia_u009,russia_0008,1.623149559816618
russia_u009,russia_0094,1.1711997157632703
russia_u009,russia_0075,1.4911424220883034
russia_u009,russia_0103,1.0484863194568663
russia_u009,russia_0051,0.8406833078784735
russia_u009,russia_0057,0.6254245390662762
russia_u009,russia_0056,0.6526268769813167
russia_u009,russia_0052,1.9391454781452748
russia_u009,russia_0034,1.6826849295121922
russia_u009,russia_0080,0.867438874956511
russia_u009,russia_0077,1.2937208552561943
russia_u009,russia_0071,1.571349086525101
russia_u009,russia_0009,1.028806853003739
russia_u009,russia_0059,1.1599820872396767
russia_u009,russia_0069,1.5775728793590595
russia_u009,russia_0098,0.8411814721297006
russia_u009,russia_0070,1.2895165376999869
russia_u009,russia_0087,0.8151322575293485
russia_u009,russia_0076,0.504616401523289
russia_u009,russia_0002,1.535395603347506
russia_u009,russia_0073,1.5608972894318636
russia_u009,russia_0095,1.9935840478953804
russia_u010,russia_0099,1.2610257554452589
russia_u010,russia_0006,0.7873210085552644
russia_u010,russia_0085,1.3930943683007726
russia_u010,russia_0001,1.0548748225386082
russia_u010,russia_0094,1.0211574883555297
russia_u010,russia_0059,1.9223423017070989
russia_u010,russia_0007,0.747175149775996
russia_u010,russia_0072,1.74496037614032
russia_u010,russia_0050,0.9222028565121412
russia_u010,russia_0081,0.5429834435300382
russia_u010,russia_0075,0.5606946197432412
russia_u010,russia_0082,1.1437662388788072
russia_u010,russia_0052,1.1816913592227105
russia_u010,russia_0098,0.9803766926665228
russia_u010,russia_0002,1.503169408346549
russia_u010,russia_0080,1.2280141677391248
russia_u010,russia_0029,0.6111695994967353
russia_u010,russia_0089,1.0221067923699132
russia_u010,russia_0076,0.652944100774856
russia_u010,russia_0079,0.594373540835363
russia_u010,russia_0008,0.8124599374961632
russia_u010,russia_0069,1.5508631917423505
russia_u010,russia_0092,1.5440024685885914
russia_u010,russia_0086,1.7920836906553417
russia_u010,russia_0009,1.6346289387356094
russia_u010,russia_0073,1.3032435308917192
russia_u010,russia_0097,0.9689181320138913
russia_u010,russia_0028,0.508717242751626
russia_u010,russia_0037,1.4707062219316918
russia_u010,russia_0104,0.9345697814222703
russia_u010,russia_0096,0.875150152591877
russia_u010,russia_0090,1.9622383111613098
russia_u010,russia_0087,0.7613602886093767
russia_u010,russia_0074,0.5486521097740954
russia_u010,russia_0056,1.9240855927881746
russia_u010,russia_0051,0.9590100830846516
russia_u010,russia_0035,1.0901300759309756
russia_u010,russia_0083,0.6214023559151326
russia_u010,russia_0084,1.1060978216799815
russia_u010,russia_0103,1.9583319361528253
russia_u011,russia_0026,1.9156744517305149
russia_u011,russia_0027,1.3263395287453514
russia_u011,russia_0049,1.0486580284878853
russia_u011,russia_0021,0.7989791825961843
russia_u011,russia_0024,1.9928717332976582
russia_u011,russia_0025,1.578776430637327
russia_u011,russia_0056,0.8268279622657478
russia_u011,russia_0030,0.6368891672407293
russia_u011,russia_0006,0.7989235159523688
russia_u011,russia_0018,0.8716139058613671
russia_u011,russia_0096,0.6666284738924044
russia_u011,russia_0037,0.844477056070605
russia_u011,russia_0100,0.6751695573993963
russia_u011,russia_0084,1.0665975513298438
russia_u011,russia_0002,1.229292888754763
russia_u011,russia_0059,1.1829274588713772
russia_u011,russia_0017,1.7438151025235968
russia_u011,russia_0099,0.8809930795020671
russia_u011,russia_0010,1.8306407358325194
russia_u011,russia_0070,1.8621842277932033
russia_u011,russia_0013,1.9396995680054663
russia_u011,russia_0073,0.7714748508273273
russia_u011,russia_0071,0.868626719353057
russia_u011,russia_0074,1.4357484160361107
russia_u011,russia_0060,0.7113374498076334
russia_u011,russia_0081,0.6284319955046367
russia_u011,russia_0069,0.6105458180471717
russia_u011,russia_0104,1.4092244519993733
russia_u011,russia_0046,1.7070172130149799
russia_u011,russia_0053,0.888328493988783
russia_u011,russia_0032,1.9003008306886826
russia_u011,russia_0092,1.6879032618485763
russia_u011,russia_0040,0.616190608047607
russia_u011,russia_0003,1.1109546927872223
russia_u011,russia_0082,0.6020222990513882
russia_u011,russia_0008,1.8727912366902424
russia_u011,russia_0055,1.614203216708968
russia_u011,russia_0083,1.5298176955320757
russia_u011,russia_0044,1.5240527699212976
russia_u011,russia_0086,0.9277737528436154
russia_u012,russia_0060,1.458945988654923
russia_u012,russia_0022,1.3570021851590903
russia_u012,russia_0010,0.8583425669169029
russia_u012,russia_0038,1.278152062202643
russia_u012,russia_0068,1.2718891919283428
russia_u012,russia_0023,1.7354343323500605
russia_u012,russia_0027,1.1502335340061038
russia_u012,russia_0102,1.1541281536494155
russia_u012,russia_0054,1.9766067069122246
russia_u012,russia_0018,1.8416958092883997
russia_u012,russia_0104,0.8634289850656126
russia_u012,russia_0040,1.8654396420030008
russia_u012,russia_0004,0.7069499845190492
russia_u012,russia_0014,1.7800865881100005
russia_u012,russia_0045,0.774985065095026
russia_u012,russia_0101,1.138405023347546
russia_u012,russia_0049,1.9758824469025094
russia_u012,russia_0009,0.6455734048283455
russia_u012,russia_0062,1.759681729952008
russia_u012,russia_0061,1.2421009242914893
russia_u012,russia_0095,0.6664870486626655
russia_u012,russia_0087,1.9287370686575043
russia_u012,russia_0012,1.3238470522088388
russia_u012,russia_0001,1.8209615328865032
russia_u012,russia_0031,1.8036604129801261
russia_u012,russia_0024,0.5219518744110467
russia_u012,russia_0096,0.8972610553487539
russia_u012,russia_0058,1.0053823694197288
russia_u012,russia_0026,1.3022960683122577
russia_u012,russia_0093,0.607799014761621
russia_u012,russia_0013,1.083450347494535
russia_u012,russia_0051,1.7219571854346452
russia_u012,russia_0076,0.7597866725108999
russia_u012,russia_0083,1.5519147118645742
russia_u012,russia_0103,1.1904941140809107
russia_u012,russia_0069,0.6060576783447271
russia_u012,russia_0088,0.7660610984434322
russia_u012,russia_0036,0.7115460976007819
russia_u012,russia_0091,1.4295767694781296
russia_u012,russia_0071,0.6309865983242327
russia_u013,russia_0020,1.9427953523654256
russia_u013,russia_0019,0.835889303675827
russia_u013,russia_0044,1.109163809901177
russia_u013,russia_0016,0.7853071462696084
russia_u013,russia_0047,1.5547142785837218
russia_u013,russia_0048,1.1541931196912816
russia_u013,russia_0066,1.1204749085271524
russia_u013,russia_0064,1.8126423280836006
russia_u013,russia_0040,1.63921977469018
russia_u013,russia_0098,1.2798125793337713
russia_u013,russia_0073,1.2028856060617055
russia_u013,russia_0100,1.9398520966955837
russia_u013,russia_0083,1.9346932470368554
russia_u013,russia_0004,1.5571563018648313
russia_u013,russia_0071,1.6402218897296494
russia_u013,russia_0103,1.8486393622307238
russia_u013,russia_0022,1.9464631338061065
russia_u013,russia_0086,0.623412149406235
russia_u013,russia_0028,1.9960082487058726
russia_u013,russia_0101,1.554533322454098
russia_u013,russia_0052,1.3891172812874415
russia_u013,russia_0078,1.1197506879903465
russia_u013,russia_0067,1.004584840529056
russia_u013,russia_0011,1.706315312785966
russia_u013,russia_0069,1.4816525848199187
russia_u013,russia_0026,0.801057753232241
russia_u013,russia_0036,1.414866555701009
russia_u013,russia_0012,0.7117491525821981
russia_u013,russia_0070,1.245312239759193
russia_u013,russia_0013,1.3751864567519727
russia_u013,russia_0006,1.4535261061160485
russia_u013,russia_0039,0.7178932845851528
russia_u013,russia_0061,0.6433977929761555
russia_u013,russia_0014,0.8880622489630368
russia_u013,russia_0017,1.4105447482319202
russia_u013,russia_0015,1.897524220956384
russia_u013,russia_0005,1.6686852963505303
russia_u013,russia_0055,1.6185657877586412
russia_u013,russia_0093,0.9953485168365739
russia_u013,russia_0003,0.6675610696627379
russia_u014,russia_0014,0.7477141665998995
russia_u014,russia_0065,0.9516464441872077
russia_u014,russia_0046,0.5758864744623065
russia_u014,russia_0032,1.0244566953098608
russia_u014,russia_0063,1.9982356733997586
russia_u014,russia_0013,0.9939685930483638
russia_u014,russia_0039,1.7896594940388606
russia_u014,russia_0043,0.6286665708956487
russia_u014,russia_0064,1.1895685450039992
russia_u014,russia_0018,1.0271942980724549
russia_u014,russia_0053,0.8023742948471234
russia_u014,russia_0042,1.058759385585296
russia_u014,russia_0003,1.4769171671209207
russia_u014,russia_0004,1.2354621123336393
russia_u014,russia_0015,1.7665010468126927
russia_u014,russia_0011,1.857419910272506
russia_u014,russia_0061,1.2228392467541673
russia_u014,russia_0041,1.9725894712266796
russia_u014,russia_0054,0.6080311453048759
russia_u014,russia_0031,0.9145088320043722
russia_u014,russia_0088,1.125066905612864
russia_u014,russia_0022,1.374052265537491
russia_u014,russia_0099,1.318894611969816
russia_u014,russia_0036,1.3519651456731105
russia_u014,russia_0030,1.8443760839129468
russia_u014,russia_0095,0.916347787929959
russia_u014,russia_0071,1.725280618382943
russia_u014,russia_0104,1.337000831191489
russia_u014,russia_0035,1.2357357243840368
russia_u014,russia_0094,0.9491201384382038
russia_u014,russia_0027,0.9561032041400042
russia_u014,russia_0005,1.0827198071673305
russia_u014,russia_0050,1.6452657321495372
russia_u014,russia_0028,1.2150993313884066
russia_u014,russia_0070,0.7307505278843749
russia_u014,russia_0086,1.6397947660141998
russia_u014,russia_0055,1.4950699818738027
russia_u014,russia_0090,1.9238581526017506
russia_u014,russia_0089,1.294121152429315
russia_u014,russia_0021,1.4816332136867063
russia_u015,russia_0005,1.5739194292748042
russia_u015,russia_0012,1.6899530525261013
russia_u015,russia_0067,1.8402680000555405
russia_u015,russia_0040,1.8286189495852607
russia_u015,russia_0017,1.0068384607190088
russia_u015,russia_0025,0.8818007501600342
russia_u015,russia_0033,1.8448840621195532
russia_u015,russia_0062,0.7190104622292648
russia_u015,russia_0045,0.58901610753894
russia_u015,russia_0055,0.9713644670371617
russia_u015,russia_0010,1.640450065871994
russia_u015,russia_0047,1.5412996882331953
russia_u015,russia_0026,1.9805829185402846
russia_u015,russia_0092,1.0393003566619035
russia_u015,russia_0039,0.9137709722853191
russia_u015,russia_0038,1.0673114138673898
russia_u015,russia_0066,1.6733843921456812
russia_u015,russia_0036,0.8214499266817071
russia_u015,russia_0041,1.9216219763696791
russia_u015,russia_0070,1.2688239987945424
russia_u015,russia_0076,1.6747174936617046
russia_u015,russia_0028,1.7408927367258749
russia_u015,russia_0061,1.218222676006625
russia_u015,russia_0090,1.6120570706038804
russia_u015,russia_0009,1.0470414859031913
russia_u015,russia_0091,1.7163920214098063
russia_u015,russia_0063,1.7358545129261458
russia_u015,russia_0083,1.3493087291576282
russia_u015,russia_0016,0.827221723809556
russia_u015,russia_0020,1.955334762770547
russia_u015,russia_0008,1.9204698052628717
russia_u015,russia_0051,1.429730816869005
russia_u015,russia_0089,1.9758215011715317
russia_u015,russia_0014,1.2541944445868476
russia_u015,russia_0084,1.0632265623890487
russia_u015,russia_0018,1.190754523654494
russia_u015,russia_0079,0.568860527278265
russia_u015,russia_0100,1.3236827722870428
russia_u015,russia_0002,1.4993486608447961
russia_u015,russia_0001,0.6642799605959735
russia_u016,russia_0033,0.9386122403001744
russia_u016,russia_0067,0.746699644968063
russia_u016,russia_0017,1.1144178134301241
russia_u016,russia_0045,1.822355301926839
russia_u016,russia_0005,1.0997287750118483
russia_u016,russia_0062,0.6625044440204344
russia_u016,russia_0012,1.9770021391437589
russia_u016,russia_0040,1.2495132068289074
russia_u016,russia_0055,1.0135572067863676
russia_u016,russia_0025,1.8404311847663073
russia_u016,russia_0060,1.8911052408090394
russia_u016,russia_0061,1.245206699762984
russia_u016,russia_0054,0.9600745906901118
russia_u016,russia_0052,1.223950729343235
russia_u016,russia_0018,0.8289229267552807
russia_u016,russia_0011,1.217357146908397
russia_u016,russia_0047,0.8441466585141568
russia_u016,russia_0074,1.4333041416177663
russia_u016,russia_0068,1.63983377160452
russia_u016,russia_0009,1.9541416824133324
russia_u016,russia_0077,1.7638557039565756
russia_u016,russia_0034,0.6292022672098305
russia_u016,russia_0073,0.8172843199124883
russia_u016,russia_0028,1.2975377868180584
russia_u016,russia_0057,0.8863864912834984
russia_u016,russia_0076,0.5215478106249509
russia_u016,russia_0085,1.6321864248665308
russia_u016,russia_0008,1.0366580113813562
russia_u016,russia_0026,0.5991500486297927
russia_u016,russia_0051,1.2632546247839544
russia_u016,russia_0015,1.9658130697225857
russia_u016,russia_0072,1.5178079396341415
russia_u016,russia_0097,0.7381491698640179
russia_u016,russia_0104,1.2714433788945458
russia_u016,russia_0070,1.8525836823402284
russia_u016,russia_0022,0.5813655004281326
russia_u016,russia_0024,1.4568398011474049
russia_u016,russia_0098,1.5819094846713464
russia_u016,russia_0030,1.5560175489717638
russia_u016,russia_0053,0.7252556278206272
russia_u017,russia_0023,1.4906330873283624
russia_u017,russia_0038,1.0381900573841503
russia_u017,russia_0022,1.7344917943500842
russia_u017,russia_0060,1.445927455445194
russia_u017,russia_0010,1.8198685288909493
russia_u017,russia_0068,1.4338417369821146
russia_u017,russia_0071,1.668917344579623
russia_u017,russia_0053,1.5448089273570877
russia_u017,russia_0080,1.1938886369609993
russia_u017,russia_0043,1.533010987940827
russia_u017,russia_0033,1.495425526337515
russia_u017,russia_0047,0.5100554298891866
russia_u017,russia_0065,1.5479569080917774
russia_u017,russia_0000,0.8932392527342687
russia_u017,russia_0005,1.3127342330000462
russia_u017,russia_0069,0.6669985826162823
russia_u017,russia_0093,0.5345337523585101
russia_u017,russia_0018,0.5226795631633554
russia_u017,russia_0007,0.7372917685594038
russia_u017,russia_0024,0.5298387599152274
russia_u017,russia_0086,0.6985961312765276
russia_u017,russia_0025,1.3387604080384614
russia_u017,russia_0002,1.100409247359494
russia_u017,russia_0104,1.97112218388598
russia_u017,russia_0087,1.7130415403258032
russia_u017,russia_0075,0.7201636317329456
russia_u017,russia_0062,1.1251840901915833
russia_u017,russia_0057,1.1464561948449812
russia_u017,russia_0029,1.0431751684269286
russia_u017,russia_0041,1.2433846710133043
russia_u017,russia_0072,1.5048118181681978
russia_u017,russia_0064,1.4613345734894791
russia_u017,russia_0014,1.03564874620033
russia_u017,russia_0077,1.5575684347227838
russia_u017,russia_0027,0.9342280979951489
russia_u017,russia_0039,1.7532017663395703
russia_u017,russia_0083,1.9465580648960386
russia_u017,russia_0028,0.9421049816733428
russia_u017,russia_0040,1.6770328291556469
russia_u017,russia_0082,1.720138705786591
russia_u018,russia_0008,0.7246107858681222
russia_u018,russia_0095,1.8023443802061312
russia_u018,russia_0001,1.1400518892887141
russia_u018,russia_0030,0.7649290188869732
russia_u018,russia_0074,0.7930945465079755
russia_u018,russia_0081,1.6782595996494876
russia_u018,russia_0099,1.9035742408774674
russia_u018,russia_0101,1.067374883381224
russia_u018,russia_0082,0.6182421129608492
russia_u018,russia_0097,0.6512346191807861
russia_u018,russia_0035,1.4817177637907766
russia_u018,russia_0007,1.0561275658845135
russia_u018,russia_0083,1.1391972460186903
russia_u018,russia_0058,1.0055710672226583
russia_u018,russia_0072,1.198307848984367
russia_u018,russia_0009,1.465324179320097
russia_u018,russia_0088,1.3117087458571788
russia_u018,russia_0086,0.7463621362272164
russia_u018,russia_0029,1.2369329779157061
russia_u018,russia_0096,1.1909195886595123
russia_u018,russia_0006,1.3186058720804614
russia_u018,russia_0090,0.6660050465605758
russia_u018,russia_0028,0.7302906845641028
russia_u018,russia_0104,1.2953662671619204
russia_u018,russia_0050,0.91315256382445
russia_u018,russia_0036,1.4435475330670204
russia_u018,russia_0000,1.0591270740187402
russia_u018,russia_0075,0.8311021214981537
russia_u018,russia_0077,1.4845921824909925
russia_u018,russia_0080,1.0908615044637717
russia_u018,russia_0052,0.7364187057645869
russia_u018,russia_0037,1.713213468905435
russia_u018,russia_0100,1.1476380679109217
russia_u018,russia_0092,1.8726055095839653
russia_u018,russia_0056,0.7901013927731038
russia_u018,russia_0098,1.8145253519097098
russia_u018,russia_0071,1.7238649560486037
russia_u018,russia_0073,0.6558737361323463
russia_u018,russia_0087,1.2975219734754762
russia_u018,russia_0002,1.4805242902196702
russia_u019,russia_0010,1.9739133144240704
russia_u019,russia_0060,0.7158443815552176
russia_u019,russia_0023,1.237886787984492
russia_u019,russia_0022,1.8436612449820462
russia_u019,russia_0038,1.512737668668561
russia_u019,russia_0068,1.1519027049373756
russia_u019,russia_0070,1.2750413613193665
russia_u019,russia_0073,0.5579024070515843
russia_u019,russia_0062,1.4172757652214383
russia_u019,russia_0055,1.789573275050393
russia_u019,russia_0031,0.5041904398119228
russia_u019,russia_0020,0.739947016471586
russia_u019,russia_0054,1.2769851830079824
russia_u019,russia_0091,1.3414464890312987
russia_u019,russia_0097,1.015028517749639
russia_u019,russia_0090,0.5419017199918112
russia_u019,russia_0102,1.6154001433247582
russia_u019,russia_0035,0.8643876773677144
russia_u019,russia_0100,1.466865952851202
russia_u019,russia_0094,1.3387201116164709
russia_u019,russia_0063,1.146257123689888
russia_u019,russia_0085,1.3854342549175476
russia_u019,russia_0078,1.542558115955993
russia_u019,russia_0059,1.358366476918943
russia_u019,russia_0081,1.3362881481540234
russia_u019,russia_0050,1.1541166202856301
russia_u019,russia_0056,1.1450517837081728
russia_u019,russia_0026,1.2364489775441208
russia_u019,russia_0051,1.1781168682340597
russia_u019,russia_0039,1.1585368764605213
russia_u019,russia_0064,0.8155551068156203
russia_u019,russia_0052,1.5872568815833537
russia_u019,russia_0018,0.6994287033642566
russia_u019,russia_0005,1.8630656340024845
russia_u019,russia_0032,1.437269316158238
russia_u019,russia_0082,0.5733510186849122
russia_u019,russia_0049,1.4884980496223812
russia_u019,russia_0071,1.042271392258726
russia_u019,russia_0089,1.894647266570968
russia_u019,russia_0008,1.904113229734562
russia_u020,russia_0089,0.5799144168307451
russia_u020,russia_0082,1.4376301245259673
russia_u020,russia_0086,1.69295625333248
russia_u020,russia_0081,1.0902017023648445
russia_u020,russia_0051,0.8675189020582498
russia_u020,russia_0094,1.6459065922956315
russia_u020,russia_0085,0.5358593584413882
russia_u020,russia_0092,1.7233865366236003
russia_u020,russia_0071,1.7063893723162997
russia_u020,russia_0000,1.8319788960413115
russia_u020,russia_0069,0.634219910935437
russia_u020,russia_0028,0.6616377228569373
russia_u020,russia_0093,1.8091292358907152
russia_u020,russia_0090,1.2128941507432982
russia_u020,russia_0095,1.0885077611162974
russia_u020,russia_0078,1.3599403476955487
russia_u020,russia_0103,0.5878746052346601
russia_u020,russia_0091,1.4655742548441213
russia_u020,russia_0050,1.917624730384097
russia_u020,russia_0076,1.5135798412505777
russia_u020,russia_0097,1.1968026684637754
russia_u020,russia_0070,1.941321482917233
russia_u020,russia_0035,1.53277462085512
russia_u020,russia_0072,0.5854406535650998
russia_u020,russia_0007,1.5050697977196974
russia_u020,russia_0101,0.5895437941294139
russia_u020,russia_0073,0.960844824184952
russia_u020,russia_0037,1.423525220604076
russia_u020,russia_0083,0.8234240242802952
russia_u020,russia_0075,0.5572837768914487
russia_u020,russia_0059,1.4269305331698303
russia_u020,russia_0098,0.9287859243245166
russia_u020,russia_0100,1.2994463365087974
russia_u020,russia_0034,0.8917183683569316
russia_u020,russia_0074,1.5296432703932183
russia_u020,russia_0052,1.843552086739556
russia_u020,russia_0084,0.6298472041934629
russia_u020,russia_0029,1.679478028182138
russia_u020,russia_0080,0.7341425826805236
russia_u020,russia_0056,0.9941146807689667
russia_u021,russia_0063,0.6535202719336763
russia_u021,russia_0042,1.0102162533221306
russia_u021,russia_0065,1.2955197926316087
russia_u021,russia_0003,1.4201757555247814
russia_u021,russia_0015,1.3935989567223122
russia_u021,russia_0018,1.6796115832098872
russia_u021,russia_0013,1.3575398953141504
russia_u021,russia_0031,1.776569808997141
russia_u021,russia_0032,0.6269453361082772
russia_u021,russia_0039,1.788448180340216
russia_u021,russia_0046,1.3850047411655053
russia_u021,russia_0043,0.8343988487755257
russia_u021,russia_0011,1.9666147830468
russia_u021,russia_0061,1.9096014105932446
russia_u021,russia_0014,1.7685887325105671
russia_u021,russia_0054,1.867394203420207
russia_u021,russia_0053,1.0732125815679598
russia_u021,russia_0064,0.8417073086743843
russia_u021,russia_0041,0.7743557924888478
russia_u021,russia_0004,1.810639952766376
russia_u021,russia_0006,1.73994702335163
russia_u021,russia_0044,1.9714075750024063
russia_u021,russia_0073,1.7723781521811455
russia_u021,russia_0020,1.4485488708897354
russia_u021,russia_0102,0.7134226263073251
russia_u021,russia_0033,0.7472713075313455
russia_u021,russia_0093,1.2105492901945636
russia_u021,russia_0038,1.6516932967165485
russia_u021,russia_0062,0.7599130852666283
russia_u021,russia_0094,1.8732762618932788
russia_u021,russia_0012,1.5256860957302838
russia_u021,russia_0035,0.9684636356696292
russia_u021,russia_0016,1.8286393882408254
russia_u021,russia_0027,1.397945552271411
russia_u021,russia_0088,1.5997377230376897
russia_u021,russia_0085,1.0781633093833365
russia_u021,russia_0074,1.0903258089699912
russia_u021,russia_0000,0.5189263557222056
russia_u021,russia_0083,1.306853034132514
russia_u021,russia_0059,1.6411952087508002
russia_u022,russia_0045,0.5868561473844207
russia_u022,russia_0012,0.7474163353460663
russia_u022,russia_0025,1.9595553547189775
russia_u022,russia_0055,1.435382653742323
russia_u022,russia_0033,1.7466277978616083
russia_u022,russia_0062,0.5322793368857288
russia_u022,russia_0040,1.6481937517315506
russia_u022,russia_0017,1.2274280998127958
russia_u022,russia_0005,1.497961815306796
russia_u022,russia_0067,1.0373075605111621
russia_u022,russia_0069,1.4313032402283354
russia_u022,russia_0079,0.553429651681637
russia_u022,russia_0047,0.5683830688050662
russia_u022,russia_0036,1.6982546148577218
russia_u022,russia_0096,0.6866979017006603
russia_u022,russia_0053,0.5209759018792048
russia_u022,russia_0029,1.86868473445498
russia_u022,russia_0002,0.8982976441153061
russia_u022,russia_0050,1.3735732449446574
russia_u022,russia_0089,1.7583754558077571
russia_u022,russia_0084,1.618860619138143
russia_u022,russia_0004,0.5699417312163999
russia_u022,russia_0043,1.341423051288265
russia_u022,russia_0088,1.3126968006431594
russia_u022,russia_0070,1.0251202673156932
russia_u022,russia_0019,1.6303444720525273
russia_u022,russia_0035,1.9460084869632794
russia_u022,russia_0015,0.7207799809038711
russia_u022,russia_0041,0.7178360056165433
russia_u022,russia_0032,1.6021040291913036
russia_u022,russia_0018,1.1816246152494174
russia_u022,russia_0009,1.692828395869574
russia_u022,russia_0020,0.7116164144706059
russia_u022,russia_0011,0.5597863162133152
russia_u022,russia_0056,1.5469011122774616
russia_u022,russia_0094,1.9920665794311656
russia_u022,russia_0072,0.6421973154435509
russia_u022,russia_0101,1.796506834175705
russia_u022,russia_0054,1.077934611160122
russia_u022,russia_0063,0.5251843179396607
russia_u023,russia_0038,1.5228618542524146
russia_u023,russia_0068,0.6390015459134473
russia_u023,russia_0060,1.8797616892635345
russia_u023,russia_0023,1.5783109522170198
russia_u023,russia_0022,0.6451290247423582
russia_u023,russia_0010,1.8034834879682637
russia_u023,russia_0021,1.6155242993642482
russia_u023,russia_0055,0.9696902252491232
russia_u023,russia_0027,1.282149632446817
russia_u023,russia_0028,1.790195988784499
russia_u023,russia_0034,1.9521884346354181
russia_u023,russia_0061,0.9216160939214486
russia_u023,russia_0029,1.4758372734909868
russia_u023,russia_0081,1.790370385989141
russia_u023,russia_0016,1.9822502732644176
russia_u023,russia_0100,0.6060777329694682
russia_u023,russia_0031,1.2554329487312426
russia_u023,russia_0065,1.810498642759223
russia_u023,russia_0082,0.5047371864492923
russia_u023,russia_0098,1.1558528294081647
russia_u023,russia_0080,1.3762980861794492
russia_u023,russia_0051,1.2897354628349214
russia_u023,russia_0032,1.5991590295013722
russia_u023,russia_0085,0.5982831304309715
russia_u023,russia_0054,1.6781250853787646
russia_u023,russia_0070,0.9247558042002251
russia_u023,russia_0001,1.7363440797859333
russia_u023,russia_0095,1.1292318901688885
russia_u023,russia_0050,0.5643778877044946
russia_u023,russia_0079,1.945872148507072
russia_u023,russia_0094,1.6708239357455703
russia_u023,russia_0041,1.0217240484235242
russia_u023,russia_0066,0.9050410523275447
russia_u023,russia_0101,1.3834455926750813
russia_u023,russia_0042,1.980941904235867
russia_u023,russia_0012,0.9352502362696216
russia_u023,russia_0074,1.9224066751192292
russia_u023,russia_0036,0.9955806794278835
russia_u023,russia_0005,1.5561466478866999
russia_u023,russia_0014,1.0726015366880597
turkey_u000,turkey_modern_0009,0.7245679663918096
turkey_u000,turkey_modern_0126,1.536402551649105
turkey_u000,turkey_modern_0006,1.5769657868073161
turkey_u000,turkey_modern_0024,1.0300157839098891
turkey_u000,turkey_modern_0118,0.8872727746691406
turkey_u000,turkey_modern_0076,1.0595591166554197
turkey_u000,turkey_modern_0044,1.038794932089341
turkey_u000,turkey_modern_0008,1.4105297085568735
turkey_u000,turkey_modern_0100,1.6157724495782952
turkey_u000,turkey_modern_0111,1.7926289522755456
turkey_u000,turkey_modern_0113,0.5449884260031711
turkey_u000,turkey_modern_0082,1.5898273360540542
turkey_u000,turkey_modern_0115,0.9712790274337404
turkey_u000,turkey_modern_0020,1.7579630160657078
turkey_u000,turkey_modern_0012,0.6135754396115168
turkey_u000,turkey_modern_0121,1.3267617652595998
turkey_u000,turkey_modern_0124,1.32301038463102
turkey_u000,turkey_modern_0001,0.9897671932628425
turkey_u000,turkey_modern_0055,1.9554598960300478
turkey_u000,turkey_modern_0106,0.6603847267530314
turkey_u000,turkey_modern_0146,0.7045958503023835
turkey_u000,turkey_modern_0101,1.4663893972824127
turkey_u000,turkey_modern_0131,1.2714488369654797
turkey_u000,turkey_modern_0073,0.8967006928280702
turkey_u000,turkey_modern_0014,0.9564076946861628
turkey_u000,turkey_modern_0097,0.735534963063229
turkey_u000,turkey_modern_0114,1.8016462083678098
turkey_u000,turkey_modern_0063,1.3542783097095357
turkey_u000,turkey_modern_0035,0.8672518642307474
turkey_u000,turkey_modern_0033,1.0901311365640143
turkey_u000,turkey_modern_0098,1.8600275814573246
turkey_u000,turkey_modern_0032,1.8302617424795946
turkey_u000,turkey_modern_0134,0.6036600366698117
turkey_u000,turkey_modern_0130,1.4811502074195544
turkey_u000,turkey_modern_0019,0.7294567564545857
turkey_u000,turkey_modern_0117,0.8163250483223857
turkey_u000,turkey_modern_0120,1.7963113883696245
turkey_u000,turkey_modern_0140,1.842785476213937
turkey_u000,turkey_modern_0023,0.6240378738409228
turkey_u000,turkey_modern_0016,1.8108849942180405
turkey_u001,turkey_modern_0065,1.0368633988023574
turkey_u001,turkey_modern_0061,1.7201513791376413
turkey_u001,turkey_modern_0089,1.4514180795691327
turkey_u001,turkey_modern_0113,1.8018314721442774
turkey_u001,turkey_modern_0008,1.9916406689466868
turkey_u001,turkey_modern_0033,0.8038493043487391
turkey_u001,turkey_modern_0041,1.5422321543551902
turkey_u001,turkey_modern_0116,1.1997750500944049
turkey_u001,turkey_modern_0050,1.2402170914202304
turkey_u001,turkey_modern_0123,0.9883721053412067
turkey_u001,turkey_modern_0101,1.0137683224991159
turkey_u001,turkey_modern_0106,1.5144229225966512
turkey_u001,turkey_modern_0115,1.431204375794025
turkey_u001,turkey_modern_0102,0.9777553559411494
turkey_u001,turkey_modern_0085,0.6778713782286288
turkey_u001,turkey_modern_0136,1.3673619309623037
turkey_u001,turkey_modern_0045,1.6090945174473281
turkey_u001,turkey_modern_0081,1.3379326853217646
turkey_u001,turkey_modern_0046,0.5054760101849619
turkey_u001,turkey_modern_0058,0.9234732687107041
turkey_u001,turkey_modern_0114,1.6678690094525177
turkey_u001,turkey_modern_0121,1.6138223079151075
turkey_u001,turkey_modern_0082,0.5156153788122391
turkey_u001,turkey_modern_0104,1.2054443491402675
turkey_u001,turkey_modern_0005,1.15597725897551
turkey_u001,turkey_modern_0090,1.478422064436413
turkey_u001,turkey_modern_0040,0.6874700600974966
turkey_u001,turkey_modern_0059,1.432122849323405
turkey_u001,turkey_modern_0042,1.9203770302415761
turkey_u001,turkey_modern_0057,1.0576243019228748
turkey_u001,turkey_modern_0010,1.0060346264896372
turkey_u001,turkey_modern_0055,0.542410271557817
turkey_u001,turkey_modern_0060,0.5860925884331473
turkey_u001,turkey_modern_0068,1.8973586703945777
turkey_u001,turkey_modern_0024,1.9632527698080338
turkey_u001,turkey_modern_0092,0.5084625506548801
turkey_u001,turkey_modern_0148,1.8510195295147471
turkey_u001,turkey_modern_0037,0.7609400460212313
turkey_u001,turkey_modern_0063,1.3420380779846444
turkey_u001,turkey_modern_0003,1.517211385293124
turkey_u002,turkey_modern_0143,0.5893940704918574
turkey_u002,turkey_modern_0140,0.6907764849967302
turkey_u002,turkey_modern_0088,1.0639150532488466
turkey_u002,turkey_modern_0064,0.9838110106408234
turkey_u002,turkey_modern_0036,0.8295179467688171
turkey_u002,turkey_modern_0033,1.760193104278686
turkey_u002,turkey_modern_0040,0.5403225256231035
turkey_u002,turkey_modern_0072,1.7440163716656165
turkey_u002,turkey_modern_0025,1.8825202604686448
turkey_u002,turkey_modern_0042,1.4451665368265962
turkey_u002,turkey_modern_0010,1.438025597881646
turkey_u002,turkey_modern_0024,0.7235265694782227
turkey_u002,turkey_modern_0035,1.3524766073162477
turkey_u002,turkey_modern_0060,1.0627615909070935
turkey_u002,turkey_modern_0139,0.8435746422802937
turkey_u002,turkey_modern_0118,1.374994333783297
turkey_u002,turkey_modern_0146,0.5017857005935193
turkey_u002,turkey_modern_0004,0.9146191873132377
turkey_u002,turkey_modern_0141,1.4840630364326566
turkey_u002,turkey_modern_0051,1.1825609157610126
turkey_u002,turkey_modern_0113,0.7184608107566732
turkey_u002,turkey_modern_0014,0.5019771676249367
turkey_u002,turkey_modern_0002,0.9056589711049488
turkey_u002,turkey_modern_0117,1.3235889589326915
turkey_u002,turkey_modern_0101,1.3018183476704381
turkey_u002,turkey_modern_0119,0.6966078490578798
turkey_u002,turkey_modern_0001,1.4205457145250304
turkey_u002,turkey_modern_0133,1.9983865673376124
turkey_u002,turkey_modern_0136,1.3773003593916548
turkey_u002,turkey_modern_0062,1.2914572635638817
turkey_u002,turkey_modern_0012,1.4339496853893745
turkey_u002,turkey_modern_0003,1.8195063353910994
turkey_u002,turkey_modern_0080,1.9189990170434528
turkey_u002,turkey_modern_0137,0.5615502736289881
turkey_u002,turkey_modern_0046,0.8074907043727306
turkey_u002,turkey_modern_0022,0.6736460960089464
turkey_u002,turkey_modern_0124,1.65853067855396
turkey_u002,turkey_modern_0017,0.5683442884279188
turkey_u002,turkey_modern_0126,1.8539524204866957
turkey_u002,turkey_modern_0054,0.5308330473546963
turkey_u003,turkey_modern_0123,0.9880335135109524
turkey_u003,turkey_modern_0105,1.896257646725461
turkey_u003,turkey_modern_0097,1.5939929247593791
turkey_u003,turkey_modern_0068,1.6041110745754714
turkey_u003,turkey_modern_0055,1.933904633182519
turkey_u003,turkey_modern_0025,0.5086910297046896
turkey_u003,turkey_modern_0104,0.8667287650589767
turkey_u003,turkey_modern_0147,1.486960944440593
turkey_u003,turkey_modern_0143,1.157407300905712
turkey_u003,turkey_modern_0061,0.6692074221985561
turkey_u003,turkey_modern_0001,1.671850529107492
turkey_u003,turkey_modern_0114,0.5706088011198901
turkey_u003,turkey_modern_0031,1.3157766682842322
turkey_u003,turkey_modern_0047,1.3436964973137755
turkey_u003,turkey_modern_0110,1.4539419794159807
turkey_u003,turkey_modern_0103,0.9734394540827196
turkey_u003,turkey_modern_0052,0.5354014118477184
turkey_u003,turkey_modern_0067,1.8334749291210235
turkey_u003,turkey_modern_0131,1.8938071922426838
turkey_u003,turkey_modern_0120,1.2229830903560985
turkey_u003,turkey_modern_0090,0.5309605302222924
turkey_u003,turkey_modern_0006,1.3713067403351735
turkey_u003,turkey_modern_0130,0.9738947774943818
turkey_u003,turkey_modern_0093,0.7737283652505452
turkey_u003,turkey_modern_0124,0.7534289845718081
turkey_u003,turkey_modern_0142,0.7688831604997513
turkey_u003,turkey_modern_0036,0.9962615008689677
turkey_u003,turkey_modern_0056,0.920930323539011
turkey_u003,turkey_modern_0065,1.7546372486797843
turkey_u003,turkey_modern_0092,1.2429720610850363
turkey_u003,turkey_modern_0013,1.1414712386975723
turkey_u003,turkey_modern_0021,0.7187503356717024
turkey_u003,turkey_modern_0077,1.8138361896817459
turkey_u003,turkey_modern_0119,0.5822333086906836
turkey_u003,turkey_modern_0106,0.8592970383117204
turkey_u003,turkey_modern_0004,1.4322084136029765
turkey_u003,turkey_modern_0058,1.553468642015553
turkey_u003,turkey_modern_0132,1.7017348622287205
turkey_u003,turkey_modern_0079,1.1154369522051608
turkey_u003,turkey_modern_0137,1.0201101299621267
turkey_u004,turkey_modern_0091,0.8780921495137846
turkey_u004,turkey_modern_0035,1.3426098582267696
turkey_u004,turkey_modern_0092,1.6244860366005525
turkey_u004,turkey_modern_0007,1.6031796982543893
turkey_u004,turkey_modern_0082,1.587328696727201
turkey_u004,turkey_modern_0064,1.6683851989091554
turkey_u004,turkey_modern_0139,0.6089160302314365
turkey_u004,turkey_modern_0148,1.2643667508769283
turkey_u004,turkey_modern_0032,0.8926677280582223
turkey_u004,turkey_modern_0065,1.8819058415036194
turkey_u004,turkey_modern_0013,1.674318833029207
turkey_u004,turkey_modern_0132,0.6613172710375846
turkey_u004,turkey_modern_0040,0.8648691935452699
turkey_u004,turkey_modern_0144,1.182830383247217
turkey_u004,turkey_modern_0088,1.9443629327096383
turkey_u004,turkey_modern_0012,0.6645097761815778
turkey_u004,turkey_modern_0140,1.3519585528131945
turkey_u004,turkey_modern_0076,1.0119312697618377
turkey_u004,turkey_modern_0021,1.469510512598836
turkey_u004,turkey_modern_0039,1.4730600905340567
turkey_u004,turkey_modern_0121,0.8608872300260277
turkey_u004,turkey_modern_0111,1.6787141004590993
turkey_u004,turkey_modern_0033,0.6368937070022118
turkey_u004,turkey_modern_0136,1.7272083066309993
turkey_u004,turkey_modern_0115,0.8179502878692411
turkey_u004,turkey_modern_0095,1.384368947737479
turkey_u004,turkey_modern_0126,1.020964590354155
turkey_u004,turkey_modern_0117,1.414669739932842
turkey_u004,turkey_modern_0106,0.9011267724115661
turkey_u004,turkey_modern_0031,1.3534455079257661
turkey_u004,turkey_modern_0002,0.5122973903203463
turkey_u004,turkey_modern_0034,1.061681686425803
turkey_u004,turkey_modern_0135,1.7395840685932837
turkey_u004,turkey_modern_0060,1.1945098797582616
turkey_u004,turkey_modern_0080,1.2488916484849486
turkey_u004,turkey_modern_0083,1.4323652568709895
turkey_u004,turkey_modern_0050,1.1513143982509735
turkey_u004,turkey_modern_0038,1.8006150915857204
turkey_u004,turkey_modern_0070,1.104987004772283
turkey_u004,turkey_modern_0078,1.913828651364876
turkey_u005,turkey_modern_0090,0.8742034540442924
turkey_u005,turkey_modern_0147,1.2489062437298695
turkey_u005,turkey_modern_0018,0.700575835214831
turkey_u005,turkey_modern_0077,1.5083373422913706
turkey_u005,turkey_modern_0117,1.2051303430695777
turkey_u005,turkey_modern_0098,0.7664022590463961
turkey_u005,turkey_modern_0140,1.3824713791839243
turkey_u005,turkey_modern_0012,1.6929917548785935
turkey_u005,turkey_modern_0031,1.3831991925006963
turkey_u005,turkey_modern_0067,1.2944921174848163
turkey_u005,turkey_modern_0020,1.771576217196215
turkey_u005,turkey_modern_0131,0.5161330775012449
turkey_u005,turkey_modern_0000,1.4251214417519442
turkey_u005,turkey_modern_0080,1.114538274791851
turkey_u005,turkey_modern_0030,0.7903492229865039
turkey_u005,turkey_modern_0060,1.9693667751291495
turkey_u005,turkey_modern_0072,1.1057207437207839
turkey_u005,turkey_modern_0093,1.0028942186633338
turkey_u005,turkey_modern_0042,0.75351265961097
turkey_u005,turkey_modern_0019,1.9966489268682261
turkey_u005,turkey_modern_0138,1.7840770340445151
turkey_u005,turkey_modern_0089,0.6049586280124268
turkey_u005,turkey_modern_0121,1.348630814190775
turkey_u005,turkey_modern_0099,0.7211018163131988
turkey_u005,turkey_modern_0023,1.5736721225194206
turkey_u005,turkey_modern_0118,1.2261251438906555
turkey_u005,turkey_modern_0025,0.6655834462989139
turkey_u005,turkey_modern_0091,1.3355583368964348
turkey_u005,turkey_modern_0104,1.8660134766542185
turkey_u005,turkey_modern_0048,1.0117920234997289
turkey_u005,turkey_modern_0124,0.5762084221429684
turkey_u005,turkey_modern_0043,1.9178106668969663
turkey_u005,turkey_modern_0022,0.7126987820141759
turkey_u005,turkey_modern_0050,1.2125780013218506
turkey_u005,turkey_modern_0028,1.3170156917724265
turkey_u005,turkey_modern_0146,0.8556311947718851
turkey_u005,turkey_modern_0037,0.7661270480572084
turkey_u005,turkey_modern_0139,0.6697083209222895
turkey_u005,turkey_modern_0079,0.6049329235309602
turkey_u005,turkey_modern_0086,1.2621898215205172
turkey_u006,turkey_modern_0072,1.268514568490585
turkey_u006,turkey_modern_0094,0.9987644912667863
turkey_u006,turkey_modern_0076,1.1487789020219865
turkey_u006,turkey_modern_0048,1.6972954794508
turkey_u006,turkey_modern_0020,0.5801112064133886
turkey_u006,turkey_modern_0007,1.5812657514203445
turkey_u006,turkey_modern_0036,0.6323439026800484
turkey_u006,turkey_modern_0004,1.7712515754206304
turkey_u006,turkey_modern_0003,0.8028497098035126
turkey_u006,turkey_modern_0012,1.6024083805219933
turkey_u006,turkey_modern_0086,1.3878190984815335
turkey_u006,turkey_modern_0104,1.0784331606092714
turkey_u006,turkey_modern_0009,0.901304375628373
turkey_u006,turkey_modern_0006,0.5861889743996136
turkey_u006,turkey_modern_0028,1.0300703103695106
turkey_u006,turkey_modern_0081,0.800793134901764
turkey_u006,turkey_modern_0098,0.7038687559279735
turkey_u006,turkey_modern_0088,1.6077471838837012
turkey_u006,turkey_modern_0121,0.8187724865198007
turkey_u006,turkey_modern_0044,0.8347370715742526
turkey_u006,turkey_modern_0031,1.0107221776310655
turkey_u006,turkey_modern_0014,1.193979739432654
turkey_u006,turkey_modern_0102,1.2705691164345503
turkey_u006,turkey_modern_0143,1.4968194032606197
turkey_u006,turkey_modern_0073,1.382783071756891
turkey_u006,turkey_modern_0065,1.2225258195899626
turkey_u006,turkey_modern_0114,1.0909103219562055
turkey_u006,turkey_modern_0047,0.8986793178938517
turkey_u006,turkey_modern_0032,1.5649139205245592
turkey_u006,turkey_modern_0106,0.9762519805906216
turkey_u006,turkey_modern_0127,1.7743720902888431
turkey_u006,turkey_modern_0054,1.37924368383198
turkey_u006,turkey_modern_0136,1.4509164177922709
turkey_u006,turkey_modern_0118,1.2631853463166
turkey_u006,turkey_modern_0146,1.892834096978072
turkey_u006,turkey_modern_0056,1.1323933529266168
turkey_u006,turkey_modern_0117,1.1404526801282189
turkey_u006,turkey_modern_0027,1.8395217436577451
turkey_u006,turkey_modern_0037,1.4073603814402573
turkey_u006,turkey_modern_0135,1.1737230735862105
turkey_u007,turkey_modern_0146,1.5402326965289164
turkey_u007,turkey_modern_0029,0.8224177440811344
turkey_u007,turkey_modern_0063,1.9425251538339712
turkey_u007,turkey_modern_0099,1.9860185505696075
turkey_u007,turkey_modern_0148,1.187150611777188
turkey_u007,turkey_modern_0042,1.1021275037634395
turkey_u007,turkey_modern_0046,0.6185561845980992
turkey_u007,turkey_modern_0143,1.6673280256912715
turkey_u007,turkey_modern_0051,0.744085994819357
turkey_u007,turkey_modern_0144,1.8995717907141214
turkey_u007,turkey_modern_0134,1.9858891084328154
turkey_u007,turkey_modern_0028,0.6836146701225674
turkey_u007,turkey_modern_0138,1.524508823139061
turkey_u007,turkey_modern_0064,1.1989879873515907
turkey_u007,turkey_modern_0126,1.3117187813157798
turkey_u007,turkey_modern_0024,0.7693620194821729
turkey_u007,turkey_modern_0020,1.5852813491673707
turkey_u007,turkey_modern_0095,0.74991908144768
turkey_u007,turkey_modern_0107,1.8279499666156065
turkey_u007,turkey_modern_0010,1.180961921514741
turkey_u007,turkey_modern_0086,1.452302149051317
turkey_u007,turkey_modern_0084,1.8826866605724935
turkey_u007,turkey_modern_0098,1.6069092572038053
turkey_u007,turkey_modern_0002,1.311271825174954
turkey_u007,turkey_modern_0008,1.1040164717650398
turkey_u007,turkey_modern_0003,1.1932026829905564
turkey_u007,turkey_modern_0109,1.012509589415809
turkey_u007,turkey_modern_0015,1.9192757378786078
turkey_u007,turkey_modern_0111,0.8792867662214734
turkey_u007,turkey_modern_0049,1.1140194238954586
turkey_u007,turkey_modern_0093,1.6673358869766137
turkey_u007,turkey_modern_0133,1.046512508939096
turkey_u007,turkey_modern_0122,1.829916344657179
turkey_u007,turkey_modern_0066,0.8646089602205733
turkey_u007,turkey_modern_0000,0.5470172625641059
turkey_u007,turkey_modern_0033,1.4431266683778032
turkey_u007,turkey_modern_0054,1.2623801866026956
turkey_u007,turkey_modern_0120,1.8995871198362337
turkey_u007,turkey_modern_0078,1.1346984888439426
turkey_u007,turkey_modern_0071,0.7033853869372908
turkey_u008,turkey_modern_0110,1.9992898322477615
turkey_u008,turkey_modern_0123,0.7604704623036634
turkey_u008,turkey_modern_0030,1.744700941488299
turkey_u008,turkey_modern_0139,0.8186572534440892
turkey_u008,turkey_modern_0020,1.673761976891252
turkey_u008,turkey_modern_0128,1.7918786255412096
turkey_u008,turkey_modern_0105,1.814961359314652
turkey_u008,turkey_modern_0143,1.2135776703697647
turkey_u008,turkey_modern_0011,1.143219459674939
turkey_u008,turkey_modern_0035,1.7506866951961046
turkey_u008,turkey_modern_0101,1.3692338344262212
turkey_u008,turkey_modern_0025,1.4319152472327925
turkey_u008,turkey_modern_0052,0.8541006818129322
turkey_u008,turkey_modern_0104,1.16923552130391
turkey_u008,turkey_modern_0067,1.0541733321001805
turkey_u008,turkey_modern_0073,1.4979823386320512
turkey_u008,turkey_modern_0082,0.794724920028794
turkey_u008,turkey_modern_0031,1.108627890083433
turkey_u008,turkey_modern_0066,1.7730980884972365
turkey_u008,turkey_modern_0142,1.3196685156327985
turkey_u008,turkey_modern_0077,1.8440659659872178
turkey_u008,turkey_modern_0029,0.848791165935021
turkey_u008,turkey_modern_0071,1.1598550048974043
turkey_u008,turkey_modern_0063,1.2506243347926578
turkey_u008,turkey_modern_0032,1.1008511109592796
turkey_u008,turkey_modern_0023,1.5267403435212956
turkey_u008,turkey_modern_0036,0.7230797173902055
turkey_u008,turkey_modern_0087,1.2791005852577866
turkey_u008,turkey_modern_0038,0.7081585257140138
turkey_u008,turkey_modern_0028,1.443796233181332
turkey_u008,turkey_modern_0044,1.7453721999117005
turkey_u008,turkey_modern_0116,0.529995570040346
turkey_u008,turkey_modern_0149,1.1854043325559016
turkey_u008,turkey_modern_0144,1.2390553877154429
turkey_u008,turkey_modern_0112,1.5803813159797058
turkey_u008,turkey_modern_0040,0.6120798979625537
turkey_u008,turkey_modern_0124,1.109031171905144
turkey_u008,turkey_modern_0102,1.678221846758834
turkey_u008,turkey_modern_0083,1.2982168422663114
turkey_u008,turkey_modern_0009,1.624769282169892
turkey_u009,turkey_modern_0137,1.070224007479396
turkey_u009,turkey_modern_0037,1.2190160907044811
turkey_u009,turkey_modern_0118,1.7049565793079509
turkey_u009,turkey_modern_0087,1.551445143952468
turkey_u009,turkey_modern_0080,1.774642706026936
turkey_u009,turkey_modern_0095,1.0644473528976817
turkey_u009,turkey_modern_0056,0.7113582916960828
turkey_u009,turkey_modern_0098,1.1015846958995796
turkey_u009,turkey_modern_0026,1.9445894508875112
turkey_u009,turkey_modern_0011,0.8214913910859027
turkey_u009,turkey_modern_0064,0.7621330444610949
turkey_u009,turkey_modern_0100,1.9165059142386136
turkey_u009,turkey_modern_0102,1.9248846272153193
turkey_u009,turkey_modern_0128,0.7238552816448734
turkey_u009,turkey_modern_0117,1.6541792923267986
turkey_u009,turkey_modern_0134,1.1446137562786556
turkey_u009,turkey_modern_0091,1.2383235740073824
turkey_u009,turkey_modern_0125,1.2480322196872193
turkey_u009,turkey_modern_0057,1.9525573416775155
turkey_u009,turkey_modern_0041,0.7769916713751328
turkey_u009,turkey_modern_0017,1.6595956028792274
turkey_u009,turkey_modern_0002,0.5085111625394125
turkey_u009,turkey_modern_0079,1.4429151603632087
turkey_u009,turkey_modern_0010,1.4790169650485894
turkey_u009,turkey_modern_0029,1.6305593141760317
turkey_u009,turkey_modern_0123,1.8889435442091882
turkey_u009,turkey_modern_0089,1.6307526584834586
turkey_u009,turkey_modern_0032,1.5982159787592631
turkey_u009,turkey_modern_0105,0.8806812744814625
turkey_u009,turkey_modern_0149,1.9892595637572192
turkey_u009,turkey_modern_0082,1.2026132163858887
turkey_u009,turkey_modern_0131,1.1261751534188347
turkey_u009,turkey_modern_0077,1.25281635991564
turkey_u009,turkey_modern_0009,1.091084683630525
turkey_u009,turkey_modern_0018,1.3904563568389317
turkey_u009,turkey_modern_0063,1.0244368846775396
turkey_u009,turkey_modern_0021,0.8599172734168938
turkey_u009,turkey_modern_0038,1.8919923526936093
turkey_u009,turkey_modern_0147,1.891742719956218
turkey_u009,turkey_modern_0001,1.244368119171033
turkey_u010,turkey_modern_0139,1.1465793935113562
turkey_u010,turkey_modern_0019,1.634817535638242
turkey_u010,turkey_modern_0046,1.873570848901215
turkey_u010,turkey_modern_0042,1.3259643629423292
turkey_u010,turkey_modern_0054,0.964819772501387
turkey_u010,turkey_modern_0146,0.5764800794880114
turkey_u010,turkey_modern_0011,1.7138899452571628
turkey_u010,turkey_modern_0133,1.4330148810401258
turkey_u010,turkey_modern_0030,0.8945684717382436
turkey_u010,turkey_modern_0089,1.8161174797423845
turkey_u010,turkey_modern_0033,1.880454145663702
turkey_u010,turkey_modern_0007,1.8307491192693137
turkey_u010,turkey_modern_0083,1.4022768475342753
turkey_u010,turkey_modern_0051,1.9648724107539401
turkey_u010,turkey_modern_0092,1.812208446802652
turkey_u010,turkey_modern_0018,0.6563906074184891
turkey_u010,turkey_modern_0109,1.9716589639390165
turkey_u010,turkey_modern_0076,1.323209559004776
turkey_u010,turkey_modern_0049,1.8800538553369577
turkey_u010,turkey_modern_0001,1.6405121522490227
turkey_u010,turkey_modern_0031,1.471350013033128
turkey_u010,turkey_modern_0044,0.9900085724845453
turkey_u010,turkey_modern_0103,0.5405450353765012
turkey_u010,turkey_modern_0066,0.9151043786631253
turkey_u010,turkey_modern_0003,1.5287304843103933
turkey_u010,turkey_modern_0129,1.79467236030737
turkey_u010,turkey_modern_0052,0.5035198956732194
turkey_u010,turkey_modern_0125,0.8119606606802334
turkey_u010,turkey_modern_0015,1.5096015731031303
turkey_u010,turkey_modern_0106,0.9254526564806094
turkey_u010,turkey_modern_0108,0.7125542810804233
turkey_u010,turkey_modern_0047,0.6229041473352848
turkey_u010,turkey_modern_0010,1.456818495236834
turkey_u010,turkey_modern_0107,1.392289725542517
turkey_u010,turkey_modern_0093,1.787920358224504
turkey_u010,turkey_modern_0025,0.9722565008678972
turkey_u010,turkey_modern_0140,0.7050779275033292
turkey_u010,turkey_modern_0023,1.6987326330352768
turkey_u010,turkey_modern_0086,1.9822788872784995
turkey_u010,turkey_modern_0075,1.040584310927328
turkey_u011,turkey_modern_0030,0.9072967879582685
turkey_u011,turkey_modern_0097,1.8482879247327408
turkey_u011,turkey_modern_0085,0.6813702085505515
turkey_u011,turkey_modern_0091,0.6462242585200424
turkey_u011,turkey_modern_0055,1.3025136407008726
turkey_u011,turkey_modern_0125,1.4373263417093143
turkey_u011,turkey_modern_0106,1.2664387510872097
turkey_u011,turkey_modern_0012,1.8934880706686485
turkey_u011,turkey_modern_0104,0.8942312520891462
turkey_u011,turkey_modern_0029,1.9853526138140927
turkey_u011,turkey_modern_0057,0.5290240016689811
turkey_u011,turkey_modern_0123,0.677800991990229
turkey_u011,turkey_modern_0008,0.778514459041118
turkey_u011,turkey_modern_0080,0.61936359058179
turkey_u011,turkey_modern_0087,1.1573267996435217
turkey_u011,turkey_modern_0063,1.7980582635681794
turkey_u011,turkey_modern_0095,1.7311389903201957
turkey_u011,turkey_modern_0065,1.6171352840714257
turkey_u011,turkey_modern_0050,0.5111141029031865
turkey_u011,turkey_modern_0141,1.798559040134342
turkey_u011,turkey_modern_0136,1.0947486379328222
turkey_u011,turkey_modern_0120,1.5974566317858183
turkey_u011,turkey_modern_0075,1.5903780266955927
turkey_u011,turkey_modern_0119,0.7662815408278042
turkey_u011,turkey_modern_0006,1.273092271376489
turkey_u011,turkey_modern_0028,1.8892714384191114
turkey_u011,turkey_modern_0145,0.8945729451228199
turkey_u011,turkey_modern_0128,1.5725417720023023
turkey_u011,turkey_modern_0071,1.937076558940806
turkey_u011,turkey_modern_0109,1.0409467634440885
turkey_u011,turkey_modern_0132,1.0814505090374782
turkey_u011,turkey_modern_0058,1.1788437638128604
turkey_u011,turkey_modern_0122,1.7135588625041656
turkey_u011,turkey_modern_0129,1.1589270826042415
turkey_u011,turkey_modern_0007,1.229368934011063
turkey_u011,turkey_modern_0040,0.8334762346554159
turkey_u011,turkey_modern_0100,1.982517598028286
turkey_u011,turkey_modern_0077,1.8385312309548474
turkey_u011,turkey_modern_0014,1.4003814695426864
turkey_u011,turkey_modern_0053,1.940840107189878
turkey_u012,turkey_modern_0060,0.8251573547026987
turkey_u012,turkey_modern_0106,1.2544650778010273
turkey_u012,turkey_modern_0075,1.2651228143451712
turkey_u012,turkey_modern_0018,0.9519452583776028
turkey_u012,turkey_modern_0101,0.8892016943608845
turkey_u012,turkey_modern_0069,1.9693616959725229
turkey_u012,turkey_modern_0089,1.3056852666481304
turkey_u012,turkey_modern_0017,1.343114947365974
turkey_u012,turkey_modern_0023,0.5116911355520928
turkey_u012,turkey_modern_0008,0.7727611724531752
turkey_u012,turkey_modern_0051,1.0349329427300342
turkey_u012,turkey_modern_0031,1.948971113778153
turkey_u012,turkey_modern_0125,0.7628626014305864
turkey_u012,turkey_modern_0137,0.9549345669903015
turkey_u012,turkey_modern_0067,1.9852354906774687
turkey_u012,turkey_modern_0032,1.221662963503844
turkey_u012,turkey_modern_0009,0.9776116632053398
turkey_u012,turkey_modern_0076,1.4515383807302302
turkey_u012,turkey_modern_0033,1.2444534267746659
turkey_u012,turkey_modern_0111,1.936173637462187
turkey_u012,turkey_modern_0079,0.6247925719880678
turkey_u012,turkey_modern_0054,1.685821880776492
turkey_u012,turkey_modern_0096,0.9186295676944776
turkey_u012,turkey_modern_0038,1.7100039964853475
turkey_u012,turkey_modern_0062,1.7715805108742995
turkey_u012,turkey_modern_0022,1.7738342870350978
turkey_u012,turkey_modern_0007,1.8000435483326331
turkey_u012,turkey_modern_0012,1.577191260174636
turkey_u012,turkey_modern_0080,0.7136062200722904
turkey_u012,turkey_modern_0118,0.5778538902481654
turkey_u012,turkey_modern_0046,1.0111478656712867
turkey_u012,turkey_modern_0044,1.2426047879166162
turkey_u012,turkey_modern_0109,0.9539313511093289
turkey_u012,turkey_modern_0056,1.613310400888394
turkey_u012,turkey_modern_0015,1.583665216651887
turkey_u012,turkey_modern_0055,1.9578867516706167
turkey_u012,turkey_modern_0026,1.1008596357491143
turkey_u012,turkey_modern_0052,1.6785914912146451
turkey_u012,turkey_modern_0110,1.6117999561104603
turkey_u012,turkey_modern_0095,1.9831242758634404
turkey_u013,turkey_modern_0140,0.9638350548332837
turkey_u013,turkey_modern_0123,0.6511205421902106
turkey_u013,turkey_modern_0124,0.519895072225248
turkey_u013,turkey_modern_0062,1.0329329126680777
turkey_u013,turkey_modern_0099,1.7530353594409749
turkey_u013,turkey_modern_0118,1.8799331968070927
turkey_u013,turkey_modern_0107,0.5923783341954943
turkey_u013,turkey_modern_0004,0.5463620957084131
turkey_u013,turkey_modern_0115,0.7382009301955001
turkey_u013,turkey_modern_0142,1.6494347130285438
turkey_u013,turkey_modern_0003,0.8073241490352121
turkey_u013,turkey_modern_0148,0.8462155615916989
turkey_u013,turkey_modern_0051,1.833414046836934
turkey_u013,turkey_modern_0091,1.812423558137802
turkey_u013,turkey_modern_0096,1.5054338291302531
turkey_u013,turkey_modern_0078,0.7460206707222184
turkey_u013,turkey_modern_0044,1.0717237844773577
turkey_u013,turkey_modern_0068,0.8542661092386579
turkey_u013,turkey_modern_0005,1.507768372764693
turkey_u013,turkey_modern_0143,1.6698965812709416
turkey_u013,turkey_modern_0086,0.7132005830263334
turkey_u013,turkey_modern_0087,1.8469337493605282
turkey_u013,turkey_modern_0059,1.194238860775755
turkey_u013,turkey_modern_0145,1.6925087817424225
turkey_u013,turkey_modern_0020,0.5774564128129435
turkey_u013,turkey_modern_0103,1.0408717805291565
turkey_u013,turkey_modern_0001,0.5221714215459878
turkey_u013,turkey_modern_0023,1.5777270971534743
turkey_u013,turkey_modern_0146,0.6191764553467778
turkey_u013,turkey_modern_0119,1.0074286865396669
turkey_u013,turkey_modern_0039,1.67262302095821
turkey_u013,turkey_modern_0060,1.623449717649371
turkey_u013,turkey_modern_0122,1.460434430559264
turkey_u013,turkey_modern_0032,1.5410309582620834
turkey_u013,turkey_modern_0093,1.4768469876553592
turkey_u013,turkey_modern_0132,1.4619139385102455
turkey_u013,turkey_modern_0070,1.0244819600620996
turkey_u013,turkey_modern_0106,0.5422485561152834
turkey_u013,turkey_modern_0056,1.16273877472367
turkey_u013,turkey_modern_0121,0.5681894773855171
turkey_u014,turkey_modern_0011,1.911862615040783
turkey_u014,turkey_modern_0114,1.070163474025006
turkey_u014,turkey_modern_0024,1.6660074560697988
turkey_u014,turkey_modern_0041,1.1925559070001412
turkey_u014,turkey_modern_0083,1.1743995264680474
turkey_u014,turkey_modern_0107,1.735956416005122
turkey_u014,turkey_modern_0132,0.5402291803606617
turkey_u014,turkey_modern_0005,1.79732974881422
turkey_u014,turkey_modern_0075,1.227812677400279
turkey_u014,turkey_modern_0035,1.0266907777760887
turkey_u014,turkey_modern_0077,1.8602524264383513
turkey_u014,turkey_modern_0091,1.0097890276603032
turkey_u014,turkey_modern_0031,1.9665460326292943
turkey_u014,turkey_modern_0149,1.9045347489244322
turkey_u014,turkey_modern_0113,0.9018848183251129
turkey_u014,turkey_modern_0008,1.0109040797355222
turkey_u014,turkey_modern_0118,1.718251319025577
turkey_u014,turkey_modern_0117,0.7934151233970896
turkey_u014,turkey_modern_0023,1.5979273461072836
turkey_u014,turkey_modern_0092,0.6937267205127848
turkey_u014,turkey_modern_0044,0.808408290118949
turkey_u014,turkey_modern_0137,1.2507587143830017
turkey_u014,turkey_modern_0052,1.6188225902246345
turkey_u014,turkey_modern_0020,1.6091429653267735
turkey_u014,turkey_modern_0126,1.4133834083701178
turkey_u014,turkey_modern_0110,0.9081690108438588
turkey_u014,turkey_modern_0073,1.1230667962151293
turkey_u014,turkey_modern_0015,0.8693213998762406
turkey_u014,turkey_modern_0087,0.9155261375611953
turkey_u014,turkey_modern_0071,0.9848360310478492
turkey_u014,turkey_modern_0068,1.3982715665502836
turkey_u014,turkey_modern_0134,0.8113923328267487
turkey_u014,turkey_modern_0096,0.5638542787761464
turkey_u014,turkey_modern_0021,1.5386819776987442
turkey_u014,turkey_modern_0036,0.5327096009087304
turkey_u014,turkey_modern_0084,1.9561772267886026
turkey_u014,turkey_modern_0102,1.025428265370006
turkey_u014,turkey_modern_0033,0.5098720584787739
turkey_u014,turkey_modern_0027,1.826877967121781
turkey_u014,turkey_modern_0139,1.399706800005242
turkey_u015,turkey_modern_0010,1.4081829848302918
turkey_u015,turkey_modern_0092,0.5671581641560145
turkey_u015,turkey_modern_0035,1.3909028777006198
turkey_u015,turkey_modern_0041,0.7187278910505523
turkey_u015,turkey_modern_0149,1.0658386022108592
turkey_u015,turkey_modern_0087,1.9845257895013735
turkey_u015,turkey_modern_0068,1.2830080448306733
turkey_u015,turkey_modern_0099,0.5512820200435177
turkey_u015,turkey_modern_0148,1.0214873025188123
turkey_u015,turkey_modern_0042,1.506347238255149
turkey_u015,turkey_modern_0117,0.836896826952635
turkey_u015,turkey_modern_0036,1.9466738554378644
turkey_u015,turkey_modern_0044,1.1379405468363732
turkey_u015,turkey_modern_0043,0.5316309601140659
turkey_u015,turkey_modern_0072,1.3108492469194382
turkey_u015,turkey_modern_0133,1.5142844365288055
turkey_u015,turkey_modern_0030,1.1839867655776035
turkey_u015,turkey_modern_0049,1.8922562596607992
turkey_u015,turkey_modern_0059,1.8528982511984096
turkey_u015,turkey_modern_0009,0.7084401097291367
turkey_u015,turkey_modern_0066,0.6199222510166853
turkey_u015,turkey_modern_0018,0.9684634961461853
turkey_u015,turkey_modern_0038,1.4121989934015298
turkey_u015,turkey_modern_0147,1.4023929714730092
turkey_u015,turkey_modern_0050,0.9074646495875348
turkey_u015,turkey_modern_0069,1.9266508201655008
turkey_u015,turkey_modern_0127,0.9609975750733011
turkey_u015,turkey_modern_0102,1.7062991541517345
turkey_u015,turkey_modern_0096,1.7479702708770526
turkey_u015,turkey_modern_0125,0.6476525283910137
turkey_u015,turkey_modern_0139,0.848829368271278
turkey_u015,turkey_modern_0077,0.8227872619253656
turkey_u015,turkey_modern_0046,1.8794769751621994
turkey_u015,turkey_modern_0071,1.0266573859084027
turkey_u015,turkey_modern_0034,1.7547070000872609
turkey_u015,turkey_modern_0004,1.2170270032659125
turkey_u015,turkey_modern_0131,1.1858285662910306
turkey_u015,turkey_modern_0067,1.8551320363898662
turkey_u015,turkey_modern_0054,1.1613521107916407
turkey_u015,turkey_modern_0026,1.6172778758463893
turkey_u016,turkey_modern_0109,0.8201250416795424
turkey_u016,turkey_modern_0037,0.6501400379891111
turkey_u016,turkey_modern_0006,1.343010816303951
turkey_u016,turkey_modern_0034,1.7407906155124897
turkey_u016,turkey_modern_0108,0.5911260797949532
turkey_u016,turkey_modern_0070,1.23515626282741
turkey_u016,turkey_modern_0141,0.6027535106854837
turkey_u016,turkey_modern_0078,1.1430366768339244
turkey_u016,turkey_modern_0148,1.0159401931554874
turkey_u016,turkey_modern_0098,0.7056941271995847
turkey_u016,turkey_modern_0027,1.8965315351453238
turkey_u016,turkey_modern_0046,1.4523304691785457
turkey_u016,turkey_modern_0091,1.7645844508673107
turkey_u016,turkey_modern_0015,1.8589167937722648
turkey_u016,turkey_modern_0012,1.8952779964827313
turkey_u016,turkey_modern_0131,1.622171924554068
turkey_u016,turkey_modern_0086,0.960422472851296
turkey_u016,turkey_modern_0097,1.7433989282830302
turkey_u016,turkey_modern_0049,1.2802743672231047
turkey_u016,turkey_modern_0038,0.9074808827401557
turkey_u016,turkey_modern_0053,1.0786607149908796
turkey_u016,turkey_modern_0104,0.9518352961596629
turkey_u016,turkey_modern_0147,1.199306060004541
turkey_u016,turkey_modern_0064,1.6720027071813681
turkey_u016,turkey_modern_0113,1.2273010127638002
turkey_u016,turkey_modern_0119,0.9017878671364722
turkey_u016,turkey_modern_0023,0.6311046120185462
turkey_u016,turkey_modern_0079,1.7836341306943981
turkey_u016,turkey_modern_0137,1.1260529101645171
turkey_u016,turkey_modern_0082,1.1628838180619265
turkey_u016,turkey_modern_0011,1.6455823553488578
turkey_u016,turkey_modern_0024,1.7745897437972145
turkey_u016,turkey_modern_0132,1.2667173619620058
turkey_u016,turkey_modern_0005,1.4485517507128807
turkey_u016,turkey_modern_0115,0.8587350508084752
turkey_u016,turkey_modern_0056,1.9026019183490395
turkey_u016,turkey_modern_0002,1.351881902092613
turkey_u016,turkey_modern_0149,1.5794073357427894
turkey_u016,turkey_modern_0047,0.6713195815288562
turkey_u016,turkey_modern_0045,1.4553814285365747
turkey_u017,turkey_modern_0149,1.0964779505820124
turkey_u017,turkey_modern_0079,0.6345693860251849
turkey_u017,turkey_modern_0119,1.8855803874831196
turkey_u017,turkey_modern_0139,0.6930020341192886
turkey_u017,turkey_modern_0041,1.3185555861146714
turkey_u017,turkey_modern_0042,1.102092686926202
turkey_u017,turkey_modern_0039,0.7013354195491062
turkey_u017,turkey_modern_0148,0.9394883804371972
turkey_u017,turkey_modern_0123,1.4503535238561875
turkey_u017,turkey_modern_0107,0.5468772366662986
turkey_u017,turkey_modern_0006,1.9489843000269391
turkey_u017,turkey_modern_0085,1.863643426955076
turkey_u017,turkey_modern_0133,0.6269021694897545
turkey_u017,turkey_modern_0060,1.802530322530835
turkey_u017,turkey_modern_0037,0.9928568278223704
turkey_u017,turkey_modern_0105,0.6012566727886612
turkey_u017,turkey_modern_0032,0.9591692514378434
turkey_u017,turkey_modern_0134,1.7133312413259274
turkey_u017,turkey_modern_0038,1.4987471782518835
turkey_u017,turkey_modern_0001,0.8578394010055831
turkey_u017,turkey_modern_0013,1.5787647148553627
turkey_u017,turkey_modern_0082,1.5617316717658087
turkey_u017,turkey_modern_0071,1.6142920452604157
turkey_u017,turkey_modern_0000,1.3109850014956095
turkey_u017,turkey_modern_0019,1.7284184781810545
turkey_u017,turkey_modern_0094,1.46204332693537
turkey_u017,turkey_modern_0116,0.6880988146165887
turkey_u017,turkey_modern_0005,1.7153839816330025
turkey_u017,turkey_modern_0045,0.9856521575666998
turkey_u017,turkey_modern_0129,1.5575520772959404
turkey_u017,turkey_modern_0110,1.5126975591377085
turkey_u017,turkey_modern_0069,1.0038687815550649
turkey_u017,turkey_modern_0083,0.7425254877330232
turkey_u017,turkey_modern_0092,1.5424371319105363
turkey_u017,turkey_modern_0051,1.773535029619115
turkey_u017,turkey_modern_0011,1.7573469754018027
turkey_u017,turkey_modern_0125,1.439757262799549
turkey_u017,turkey_modern_0098,0.8411109046021772
turkey_u017,turkey_modern_0056,0.9743149509544267
turkey_u017,turkey_modern_0027,1.631941521409065
turkey_u018,turkey_modern_0080,1.8833302300432972
turkey_u018,turkey_modern_0093,0.8924045142944252
turkey_u018,turkey_modern_0091,0.7525989755189704
turkey_u018,turkey_modern_0050,1.4971643795033476
turkey_u018,turkey_modern_0133,1.236321556941048
turkey_u018,turkey_modern_0063,0.5708810237138857
turkey_u018,turkey_modern_0053,1.6817109967495831
turkey_u018,turkey_modern_0088,1.5730144577806642
turkey_u018,turkey_modern_0097,1.965947542610512
turkey_u018,turkey_modern_0039,1.9074599293434435
turkey_u018,turkey_modern_0125,1.376372440437866
turkey_u018,turkey_modern_0041,1.529031940370919
turkey_u018,turkey_modern_0100,1.1142602359802407
turkey_u018,turkey_modern_0073,1.8327007797935697
turkey_u018,turkey_modern_0085,1.329213237799022
turkey_u018,turkey_modern_0056,0.9883269895025681
turkey_u018,turkey_modern_0103,0.5142372378643738
turkey_u018,turkey_modern_0035,1.3796746474654995
turkey_u018,turkey_modern_0012,1.288150835772342
turkey_u018,turkey_modern_0141,1.7178157667946548
turkey_u018,turkey_modern_0058,0.7805069394599546
turkey_u018,turkey_modern_0083,1.7231019017710119
turkey_u018,turkey_modern_0081,0.5229254153833454
turkey_u018,turkey_modern_0134,1.3809700665495985
turkey_u018,turkey_modern_0136,1.0952786018673217
turkey_u018,turkey_modern_0033,0.9972807820135876
turkey_u018,turkey_modern_0046,1.1499439507500808
turkey_u018,turkey_modern_0107,0.835387229298609
turkey_u018,turkey_modern_0137,0.7751384796499627
turkey_u018,turkey_modern_0121,1.7076603260021743
turkey_u018,turkey_modern_0077,0.841637450345971
turkey_u018,turkey_modern_0000,1.605457991744549
turkey_u018,turkey_modern_0042,1.5670408166639485
turkey_u018,turkey_modern_0143,0.5501006235605037
turkey_u018,turkey_modern_0059,1.8216086302813177
turkey_u018,turkey_modern_0028,1.6840326951400706
turkey_u018,turkey_modern_0001,1.6941008741350765
turkey_u018,turkey_modern_0110,1.7137865783285404
turkey_u018,turkey_modern_0019,1.3738298436125957
turkey_u018,turkey_modern_0072,1.9900713003316433
turkey_u019,turkey_modern_0053,1.4610267944618855
turkey_u019,turkey_modern_0087,1.9054842394543496
turkey_u019,turkey_modern_0111,1.5043667931461449
turkey_u019,turkey_modern_0034,0.525828339736467
turkey_u019,turkey_modern_0048,1.2655307666012514
turkey_u019,turkey_modern_0105,1.855502095424233
turkey_u019,turkey_modern_0004,0.8484545062569937
turkey_u019,turkey_modern_0137,0.6243446062698272
turkey_u019,turkey_modern_0088,1.5798318038327626
turkey_u019,turkey_modern_0014,1.25376285040868
turkey_u019,turkey_modern_0008,0.5713928920920524
turkey_u019,turkey_modern_0045,0.9198728486591361
turkey_u019,turkey_modern_0104,0.9901229714646429
turkey_u019,turkey_modern_0127,1.501792216981253
turkey_u019,turkey_modern_0010,1.2074003310661492
turkey_u019,turkey_modern_0128,1.2307854898416277
turkey_u019,turkey_modern_0033,1.7099055493918662
turkey_u019,turkey_modern_0100,0.9176256477521947
turkey_u019,turkey_modern_0113,1.5088591123629636
turkey_u019,turkey_modern_0044,1.0513359572430874
turkey_u019,turkey_modern_0032,1.1275550713199065
turkey_u019,turkey_modern_0023,1.3338536197561413
turkey_u019,turkey_modern_0116,1.543470207203438
turkey_u019,turkey_modern_0035,1.9177928913490616
turkey_u019,turkey_modern_0085,0.9035167438374094
turkey_u019,turkey_modern_0081,0.6556178294631131
turkey_u019,turkey_modern_0124,1.1431878840089056
turkey_u019,turkey_modern_0041,1.3200739982265093
turkey_u019,turkey_modern_0040,0.8420054060588347
turkey_u019,turkey_modern_0119,1.835743660947128
turkey_u019,turkey_modern_0086,1.6982705238193354
turkey_u019,turkey_modern_0027,1.2404958701632909
turkey_u019,turkey_modern_0020,1.1750958995533831
turkey_u019,turkey_modern_0018,0.5611118850569188
turkey_u019,turkey_modern_0073,1.3053345991644145
turkey_u019,turkey_modern_0082,1.393620643135831
turkey_u019,turkey_modern_0114,1.8374476721786748
turkey_u019,turkey_modern_0001,1.2516470986197232
turkey_u019,turkey_modern_0090,0.7360661340171939
turkey_u019,turkey_modern_0024,0.7700853518350235
turkey_u020,turkey_modern_0106,0.8370118842779297
turkey_u020,turkey_modern_0057,1.2881763038872056
turkey_u020,turkey_modern_0006,0.5262199047307401
turkey_u020,turkey_modern_0126,1.608326564703437
turkey_u020,turkey_modern_0127,0.9505820118360966
turkey_u020,turkey_modern_0067,1.1402471768533557
turkey_u020,turkey_modern_0120,1.2905782967630879
turkey_u020,turkey_modern_0141,0.8170394040914735
turkey_u020,turkey_modern_0000,1.825553971135553
turkey_u020,turkey_modern_0100,1.523139882767401
turkey_u020,turkey_modern_0028,1.8054445131044994
turkey_u020,turkey_modern_0144,1.213175907896352
turkey_u020,turkey_modern_0011,1.1486906869841145
turkey_u020,turkey_modern_0117,0.8557138527637125
turkey_u020,turkey_modern_0123,1.317260541811189
turkey_u020,turkey_modern_0032,1.3897453599768599
turkey_u020,turkey_modern_0063,1.129885065562756
turkey_u020,turkey_modern_0048,0.7180738404689584
turkey_u020,turkey_modern_0131,0.9096566934434047
turkey_u020,turkey_modern_0092,0.5213772642760501
turkey_u020,turkey_modern_0024,0.9787081517268712
turkey_u020,turkey_modern_0046,1.37113846493631
turkey_u020,turkey_modern_0097,1.9335666467555077
turkey_u020,turkey_modern_0087,0.7668451945841428
turkey_u020,turkey_modern_0034,0.5831967957912195
turkey_u020,turkey_modern_0041,0.9444669318071932
turkey_u020,turkey_modern_0134,0.7351965472529047
turkey_u020,turkey_modern_0035,1.5432784953410843
turkey_u020,turkey_modern_0037,0.5086237467899984
turkey_u020,turkey_modern_0015,1.9713006384093192
turkey_u020,turkey_modern_0129,1.7835000128935263
turkey_u020,turkey_modern_0089,1.236005888113068
turkey_u020,turkey_modern_0081,1.8814133297103603
turkey_u020,turkey_modern_0102,1.4420889989859156
turkey_u020,turkey_modern_0017,1.9906473150337542
turkey_u020,turkey_modern_0019,0.917459302114201
turkey_u020,turkey_modern_0119,1.9953592139262704
turkey_u020,turkey_modern_0023,0.7703709381831083
turkey_u020,turkey_modern_0025,1.0301275514585604
turkey_u020,turkey_modern_0088,1.9029861205101417
turkey_u021,turkey_modern_0147,0.5794686222222761
turkey_u021,turkey_modern_0051,1.2926280310355176
turkey_u021,turkey_modern_0042,1.5288832536933579
turkey_u021,turkey_modern_0103,1.1287973696289477
turkey_u021,turkey_modern_0079,1.1253547498314809
turkey_u021,turkey_modern_0006,0.6841907754112405
turkey_u021,turkey_modern_0024,0.9527744079475393
turkey_u021,turkey_modern_0081,1.1664105808775098
turkey_u021,turkey_modern_0028,1.7953432079453389
turkey_u021,turkey_modern_0138,1.8469698535086145
turkey_u021,turkey_modern_0020,1.9303701530113782
turkey_u021,turkey_modern_0005,0.6503955456900206
turkey_u021,turkey_modern_0032,0.9443162169033315
turkey_u021,turkey_modern_0131,1.194369378130022
turkey_u021,turkey_modern_0127,1.4626157365850785
turkey_u021,turkey_modern_0063,1.5541977343992401
turkey_u021,turkey_modern_0076,1.6790244329283748
turkey_u021,turkey_modern_0026,1.243810715090231
turkey_u021,turkey_modern_0092,1.3348763999403424
turkey_u021,turkey_modern_0001,1.940856033577317
turkey_u021,turkey_modern_0105,0.8600424196845438
turkey_u021,turkey_modern_0017,1.705639614326262
turkey_u021,turkey_modern_0100,1.5677270515361816
turkey_u021,turkey_modern_0093,0.7101347550921593
turkey_u021,turkey_modern_0110,1.8897375390771567
turkey_u021,turkey_modern_0067,1.7830342341896728
turkey_u021,turkey_modern_0128,1.6692569793450893
turkey_u021,turkey_modern_0062,0.6901603756303389
turkey_u021,turkey_modern_0014,0.7095057966392757
turkey_u021,turkey_modern_0125,1.5247976872978617
turkey_u021,turkey_modern_0041,0.6609050227686482
turkey_u021,turkey_modern_0136,0.6699734088542436
turkey_u021,turkey_modern_0106,1.1004192004311637
turkey_u021,turkey_modern_0121,0.5080668331634328
turkey_u021,turkey_modern_0046,1.582225104223992
turkey_u021,turkey_modern_0114,1.31031048976224
turkey_u021,turkey_modern_0002,0.6172612238219762
turkey_u021,turkey_modern_0013,1.3153741226935138
turkey_u021,turkey_modern_0039,0.5811318093153919
turkey_u021,turkey_modern_0102,0.6060441589973486
turkey_u022,turkey_modern_0044,0.5324378558650944
turkey_u022,turkey_modern_0105,1.150964736464191
turkey_u022,turkey_modern_0004,1.8928846838341615
turkey_u022,turkey_modern_0134,0.6235097103494118
turkey_u022,turkey_modern_0065,1.8593890080590005
turkey_u022,turkey_modern_0116,0.791782436781554
turkey_u022,turkey_modern_0039,0.7836608350161969
turkey_u022,turkey_modern_0046,0.7931539381453148
turkey_u022,turkey_modern_0043,1.8968841234548173
turkey_u022,turkey_modern_0016,1.405617491590494
turkey_u022,turkey_modern_0129,1.6261834179453096
turkey_u022,turkey_modern_0020,1.0496114091270072
turkey_u022,turkey_modern_0050,1.8098764039596675
turkey_u022,turkey_modern_0071,1.3729057038724062
turkey_u022,turkey_modern_0090,1.3997523998098118
turkey_u022,turkey_modern_0058,1.628481578117206
turkey_u022,turkey_modern_0049,1.6604639350087427
turkey_u022,turkey_modern_0084,1.5227953573794348
turkey_u022,turkey_modern_0056,0.678364900393813
turkey_u022,turkey_modern_0073,1.8000898890998371
turkey_u022,turkey_modern_0010,0.8913486741278955
turkey_u022,turkey_modern_0080,1.9942912375143793
turkey_u022,turkey_modern_0054,1.0782618976528897
turkey_u022,turkey_modern_0074,0.6799959463983914
turkey_u022,turkey_modern_0032,0.9741297538837936
turkey_u022,turkey_modern_0091,1.3603013654010458
turkey_u022,turkey_modern_0109,1.0871693573036298
turkey_u022,turkey_modern_0001,1.7430225334538316
turkey_u022,turkey_modern_0144,1.5233094431307144
turkey_u022,turkey_modern_0110,0.8201758484061257
turkey_u022,turkey_modern_0017,1.308279957444943
turkey_u022,turkey_modern_0137,1.6812980002973517
turkey_u022,turkey_modern_0027,1.8368506273288467
turkey_u022,turkey_modern_0008,1.0924165023620624
turkey_u022,turkey_modern_0070,1.8866970802271585
turkey_u022,turkey_modern_0147,0.553954189429207
turkey_u022,turkey_modern_0131,1.5150368032696524
turkey_u022,turkey_modern_0094,1.672977117263287
turkey_u022,turkey_modern_0148,1.137712070963083
turkey_u022,turkey_modern_0060,0.5164617138782389
turkey_u023,turkey_modern_0000,1.185723446321469
turkey_u023,turkey_modern_0031,1.4835285476059692
turkey_u023,turkey_modern_0132,1.4262818229871754
turkey_u023,turkey_modern_0102,0.5171524081383891
turkey_u023,turkey_modern_0093,1.9736458853362924
turkey_u023,turkey_modern_0015,1.9140403792167018
turkey_u023,turkey_modern_0148,0.9219289137448337
turkey_u023,turkey_modern_0018,1.3378750102486279
turkey_u023,turkey_modern_0071,1.6557277603844742
turkey_u023,turkey_modern_0022,1.8807017361469374
turkey_u023,turkey_modern_0054,1.378859960186749
turkey_u023,turkey_modern_0105,0.5284101994072736
turkey_u023,turkey_modern_0028,1.521016921305868
turkey_u023,turkey_modern_0061,0.6396171033485584
turkey_u023,turkey_modern_0083,1.5067666603063998
turkey_u023,turkey_modern_0020,1.3811414030459506
turkey_u023,turkey_modern_0029,1.4610044418722146
turkey_u023,turkey_modern_0006,0.7838865484781012
turkey_u023,turkey_modern_0123,1.2404147942179344
turkey_u023,turkey_modern_0017,1.426935191700093
turkey_u023,turkey_modern_0120,0.9504393671212442
turkey_u023,turkey_modern_0062,0.7724348921352466
turkey_u023,turkey_modern_0100,0.8340211083294486
turkey_u023,turkey_modern_0074,1.787025003664669
turkey_u023,turkey_modern_0134,1.196815280442501
turkey_u023,turkey_modern_0106,1.4916100654648305
turkey_u023,turkey_modern_0005,1.2723332962234928
turkey_u023,turkey_modern_0139,1.751190877811123
turkey_u023,turkey_modern_0077,1.2627423007209293
turkey_u023,turkey_modern_0075,0.6399879693824461
turkey_u023,turkey_modern_0070,0.7969770402997296
turkey_u023,turkey_modern_0097,0.5198981227580317
turkey_u023,turkey_modern_0014,1.7472864245895914
turkey_u023,turkey_modern_0060,1.4949092499615266
turkey_u023,turkey_modern_0023,1.6388028771824983
turkey_u023,turkey_modern_0116,1.572530352044376
turkey_u023,turkey_modern_0059,1.7367195331050458
turkey_u023,turkey_modern_0039,1.9804542546758792
turkey_u023,turkey_modern_0011,1.4802069948658594
turkey_u023,turkey_modern_0087,0.878398404440658
