track_id,culture,audio_path,source_dataset,source_split,source_index,label,cname,pinyin,instrument,mood_theme,duration,title,language,rights,source_url
2023846_medienarchiv_web_detailansicht_id_180038,germany,E:\Desktop\Echo\storage\public\research_dataset_v2\germany_final\audio\2023846_medienarchiv_web_detailansicht_id_180038.mp3,europeana_search,search,0,,,,,,,Marsch und Volkstänze aus Geseke; Marsch und Volkstänze aus Geseke,,http://creativecommons.org/licenses/by-nc-sa/3.0/,https://www.europeana.eu/item/2023846/medienarchiv_web_detailansicht_id_180038?utm_source=api&utm_medium=api&utm_campaign=api2demo
2023846_medienarchiv_web_detailansicht_id_171609,germany,E:\Desktop\Echo\storage\public\research_dataset_v2\germany_final\audio\2023846_medienarchiv_web_detailansicht_id_171609.mp3,europeana_search,search,16,,,,,,,"Schult “Ölinkhoff; ""Glocken”"" (song) and exaltation",,http://creativecommons.org/licenses/by-nc-sa/3.0/,https://www.europeana.eu/item/2023846/medienarchiv_web_detailansicht_id_171609?utm_source=api&utm_medium=api&utm_campaign=api2demo
2023846_medienarchiv_web_detailansicht_id_184337,germany,E:\Desktop\Echo\storage\public\research_dataset_v2\germany_final\audio\2023846_medienarchiv_web_detailansicht_id_184337.mp3,europeana_search,search,19,,,,,,,Sternsingerlied aus Assinghausen,,http://creativecommons.org/licenses/by-nc-sa/3.0/,https://www.europeana.eu/item/2023846/medienarchiv_web_detailansicht_id_184337?utm_source=api&utm_medium=api&utm_campaign=api2demo
2023846_medienarchiv_web_detailansicht_id_178910,germany,E:\Desktop\Echo\storage\public\research_dataset_v2\germany_final\audio\2023846_medienarchiv_web_detailansicht_id_178910.mp3,europeana_search,search,20,,,,,,,"Ruhr song; “Ruhrlied,” sung by Josef Veit",,http://creativecommons.org/licenses/by-nc-sa/3.0/,https://www.europeana.eu/item/2023846/medienarchiv_web_detailansicht_id_178910?utm_source=api&utm_medium=api&utm_campaign=api2demo
2023846_medienarchiv_web_detailansicht_id_179929,germany,E:\Desktop\Echo\storage\public\research_dataset_v2\germany_final\audio\2023846_medienarchiv_web_detailansicht_id_179929.mp3,europeana_search,search,22,,,,,,,Bochum boy’s song; Bochum Maiabendfest 1970,,http://creativecommons.org/licenses/by-nc-sa/3.0/,https://www.europeana.eu/item/2023846/medienarchiv_web_detailansicht_id_179929?utm_source=api&utm_medium=api&utm_campaign=api2demo
2023846_medienarchiv_web_detailansicht_id_175490,germany,E:\Desktop\Echo\storage\public\research_dataset_v2\germany_final\audio\2023846_medienarchiv_web_detailansicht_id_175490.mp3,europeana_search,search,26,,,,,,,"In the Wesbach it’s chubby; tape letter and songs// sound samples, played and sung by the manufacturer of the devil’s violin Antonius Bder",,http://creativecommons.org/licenses/by-nc-sa/3.0/,https://www.europeana.eu/item/2023846/medienarchiv_web_detailansicht_id_175490?utm_source=api&utm_medium=api&utm_campaign=api2demo
2023846_medienarchiv_web_detailansicht_id_180714,germany,E:\Desktop\Echo\storage\public\research_dataset_v2\germany_final\audio\2023846_medienarchiv_web_detailansicht_id_180714.mp3,europeana_search,search,27,,,,,,,This song welcomes you to a new wedding party; songs and customs in the annual run,,http://creativecommons.org/licenses/by-nc-sa/3.0/,https://www.europeana.eu/item/2023846/medienarchiv_web_detailansicht_id_180714?utm_source=api&utm_medium=api&utm_campaign=api2demo
2023846_medienarchiv_web_detailansicht_id_177009,germany,E:\Desktop\Echo\storage\public\research_dataset_v2\germany_final\audio\2023846_medienarchiv_web_detailansicht_id_177009.mp3,europeana_search,search,29,,,,,,,"Weserlied; Theodor Große-Venhaus, Lieder und Gespräche (Gesamtaufnahme) Lieder = HL 24",,http://creativecommons.org/licenses/by-nc-sa/3.0/,https://www.europeana.eu/item/2023846/medienarchiv_web_detailansicht_id_177009?utm_source=api&utm_medium=api&utm_campaign=api2demo
2023846_medienarchiv_web_detailansicht_id_175494,germany,E:\Desktop\Echo\storage\public\research_dataset_v2\germany_final\audio\2023846_medienarchiv_web_detailansicht_id_175494.mp3,europeana_search,search,31,,,,,,,"Kommt her ihr Weiden; Tonbandbrief u. Lieder // Tonbeispiele, gespielt u. gesungen vom Hersteller der Teufelsgeige Antonius Brieden",,http://creativecommons.org/licenses/by-nc-sa/3.0/,https://www.europeana.eu/item/2023846/medienarchiv_web_detailansicht_id_175494?utm_source=api&utm_medium=api&utm_campaign=api2demo
2023846_medienarchiv_web_detailansicht_id_171170,germany,E:\Desktop\Echo\storage\public\research_dataset_v2\germany_final\audio\2023846_medienarchiv_web_detailansicht_id_171170.mp3,europeana_search,search,41,,,,,,,O rural girls; handwritten songbook No. 65 - song No. 43,,http://creativecommons.org/licenses/by-nc-sa/3.0/,https://www.europeana.eu/item/2023846/medienarchiv_web_detailansicht_id_171170?utm_source=api&utm_medium=api&utm_campaign=api2demo
2023846_medienarchiv_web_detailansicht_id_171309,germany,E:\Desktop\Echo\storage\public\research_dataset_v2\germany_final\audio\2023846_medienarchiv_web_detailansicht_id_171309.mp3,europeana_search,search,46,,,,,,,Wedding song “I have one thing to mention”; dances and songs played by the peasant bands in Veitsand Elllewick.,,http://creativecommons.org/licenses/by-nc-sa/3.0/,https://www.europeana.eu/item/2023846/medienarchiv_web_detailansicht_id_171309?utm_source=api&utm_medium=api&utm_campaign=api2demo
2023846_medienarchiv_web_detailansicht_id_175492,germany,E:\Desktop\Echo\storage\public\research_dataset_v2\germany_final\audio\2023846_medienarchiv_web_detailansicht_id_175492.mp3,europeana_search,search,47,,,,,,,"Happiness on, happiness on, the Steiger coming; tape letter and songs// sound examples, played and sung by the manufacturer of the devil’s violin Antonius BGlück",,http://creativecommons.org/licenses/by-nc-sa/3.0/,https://www.europeana.eu/item/2023846/medienarchiv_web_detailansicht_id_175492?utm_source=api&utm_medium=api&utm_campaign=api2demo
2023846_medienarchiv_web_detailansicht_id_178037,germany,E:\Desktop\Echo\storage\public\research_dataset_v2\germany_final\audio\2023846_medienarchiv_web_detailansicht_id_178037.mp3,europeana_search,search,52,,,,,,,"Zwischen Weserbergen und Steinhuder Meer; Handschriftliches Liederbuch Nr. 23 - Lieder, gesungen von Anna Dreier, Hülshagen, Lied Nr. 35",,http://creativecommons.org/licenses/by-nc-sa/3.0/,https://www.europeana.eu/item/2023846/medienarchiv_web_detailansicht_id_178037?utm_source=api&utm_medium=api&utm_campaign=api2demo
2023846_medienarchiv_web_detailansicht_id_169319,germany,E:\Desktop\Echo\storage\public\research_dataset_v2\germany_final\audio\2023846_medienarchiv_web_detailansicht_id_169319.mp3,europeana_search,search,55,,,,,,,"Am Bache saß ein wunderschönes Mädchen; Handschriftliches Liederbuch Nr. 08 - Lieder und Gedichte, Lied Nr. 09",,http://creativecommons.org/licenses/by-nc-sa/3.0/,https://www.europeana.eu/item/2023846/medienarchiv_web_detailansicht_id_169319?utm_source=api&utm_medium=api&utm_campaign=api2demo
2023846_medienarchiv_web_detailansicht_id_179467,germany,E:\Desktop\Echo\storage\public\research_dataset_v2\germany_final\audio\2023846_medienarchiv_web_detailansicht_id_179467.mp3,europeana_search,search,56,,,,,,,"Die Träne; Liedertexte, gesprochen von Paula Holzapfel, Plettenberg - Oesterau",,http://creativecommons.org/licenses/by-nc-sa/3.0/,https://www.europeana.eu/item/2023846/medienarchiv_web_detailansicht_id_179467?utm_source=api&utm_medium=api&utm_campaign=api2demo
2023846_medienarchiv_web_detailansicht_id_181738,germany,E:\Desktop\Echo\storage\public\research_dataset_v2\germany_final\audio\2023846_medienarchiv_web_detailansicht_id_181738.mp3,europeana_search,search,64,,,,,,,Organ play “Der alte Zimmermann”; “anthology” of the song “Der alte Zimmermann” in Olpe,,http://creativecommons.org/licenses/by-nc-sa/3.0/,https://www.europeana.eu/item/2023846/medienarchiv_web_detailansicht_id_181738?utm_source=api&utm_medium=api&utm_campaign=api2demo
2023846_medienarchiv_web_detailansicht_id_171175,germany,E:\Desktop\Echo\storage\public\research_dataset_v2\germany_final\audio\2023846_medienarchiv_web_detailansicht_id_171175.mp3,europeana_search,search,66,,,,,,,Returning from the Hiking; handwritten songbook No. 65 - song No. 57,,http://creativecommons.org/licenses/by-nc-sa/3.0/,https://www.europeana.eu/item/2023846/medienarchiv_web_detailansicht_id_171175?utm_source=api&utm_medium=api&utm_campaign=api2demo
2023846_medienarchiv_web_detailansicht_id_178052,germany,E:\Desktop\Echo\storage\public\research_dataset_v2\germany_final\audio\2023846_medienarchiv_web_detailansicht_id_178052.mp3,europeana_search,search,67,,,,,,,"Loved one time and was so happy; handwritten songbook No. 23 - songs sung by Anna Dreier, Hülshagen, song No. 53",,http://creativecommons.org/licenses/by-nc-sa/3.0/,https://www.europeana.eu/item/2023846/medienarchiv_web_detailansicht_id_178052?utm_source=api&utm_medium=api&utm_campaign=api2demo
2023846_medienarchiv_web_detailansicht_id_180720,germany,E:\Desktop\Echo\storage\public\research_dataset_v2\germany_final\audio\2023846_medienarchiv_web_detailansicht_id_180720.mp3,europeana_search,search,77,,,,,,,Vivat es lebe Braut und Bräutigam; Lieder und Bräuche im Jahreslauf,,http://creativecommons.org/licenses/by-nc-sa/3.0/,https://www.europeana.eu/item/2023846/medienarchiv_web_detailansicht_id_180720?utm_source=api&utm_medium=api&utm_campaign=api2demo
2023846_medienarchiv_web_detailansicht_id_171223,germany,E:\Desktop\Echo\storage\public\research_dataset_v2\germany_final\audio\2023846_medienarchiv_web_detailansicht_id_171223.mp3,europeana_search,search,83,,,,,,,"Still ruht der See, die Vöglein schlafen; Handschriftliches Liederbuch Nr. 65 - Glasmacherlieder",,http://creativecommons.org/licenses/by-nc-sa/3.0/,https://www.europeana.eu/item/2023846/medienarchiv_web_detailansicht_id_171223?utm_source=api&utm_medium=api&utm_campaign=api2demo
2023846_medienarchiv_web_detailansicht_id_172660,germany,E:\Desktop\Echo\storage\public\research_dataset_v2\germany_final\audio\2023846_medienarchiv_web_detailansicht_id_172660.mp3,europeana_search,search,8,,,,,,,"Hl. Walpurgis-Lied; ""Pingstebrut"" in Ramsdorf",,http://creativecommons.org/licenses/by-nc-sa/3.0/,https://www.europeana.eu/item/2023846/medienarchiv_web_detailansicht_id_172660?utm_source=api&utm_medium=api&utm_campaign=api2demo
2023846_medienarchiv_web_detailansicht_id_167104,germany,E:\Desktop\Echo\storage\public\research_dataset_v2\germany_final\audio\2023846_medienarchiv_web_detailansicht_id_167104.mp3,europeana_search,search,16,,,,,,,Masurisches Lied vom Hund; Lieder der Flüchtlinge in Espelkamp,,http://creativecommons.org/licenses/by-nc-sa/3.0/,https://www.europeana.eu/item/2023846/medienarchiv_web_detailansicht_id_167104?utm_source=api&utm_medium=api&utm_campaign=api2demo
2023846_medienarchiv_web_detailansicht_id_171167,germany,E:\Desktop\Echo\storage\public\research_dataset_v2\germany_final\audio\2023846_medienarchiv_web_detailansicht_id_171167.mp3,europeana_search,search,19,,,,,,,Ein schwarzbraunes Mädchen; Handschriftliches Liederbuch Nr. 65 - Lied Nr. 18,,http://creativecommons.org/licenses/by-nc-sa/3.0/,https://www.europeana.eu/item/2023846/medienarchiv_web_detailansicht_id_171167?utm_source=api&utm_medium=api&utm_campaign=api2demo
2023846_medienarchiv_web_detailansicht_id_169302,germany,E:\Desktop\Echo\storage\public\research_dataset_v2\germany_final\audio\2023846_medienarchiv_web_detailansicht_id_169302.mp3,europeana_search,search,20,,,,,,,"Gemsgewehr; Handschriftliche Liederbuch Nr. 08 - Lieder und Gedichte, Lied Nr. 45",,http://creativecommons.org/licenses/by-nc-sa/3.0/,https://www.europeana.eu/item/2023846/medienarchiv_web_detailansicht_id_169302?utm_source=api&utm_medium=api&utm_campaign=api2demo
2023846_medienarchiv_web_detailansicht_id_171169,germany,E:\Desktop\Echo\storage\public\research_dataset_v2\germany_final\audio\2023846_medienarchiv_web_detailansicht_id_171169.mp3,europeana_search,search,22,,,,,,,Zu Augsburg steht ein hohes Haus; Handschriftliches Liederbuch Nr. 65 - Lied Nr. 64,,http://creativecommons.org/licenses/by-nc-sa/3.0/,https://www.europeana.eu/item/2023846/medienarchiv_web_detailansicht_id_171169?utm_source=api&utm_medium=api&utm_campaign=api2demo
2023846_medienarchiv_web_detailansicht_id_180319,germany,E:\Desktop\Echo\storage\public\research_dataset_v2\germany_final\audio\2023846_medienarchiv_web_detailansicht_id_180319.mp3,europeana_search,search,23,,,,,,,Kenn ey all dat neye Lied; Volkstümliche Lieder des Westmünsterlandes,,http://creativecommons.org/licenses/by-nc-sa/3.0/,https://www.europeana.eu/item/2023846/medienarchiv_web_detailansicht_id_180319?utm_source=api&utm_medium=api&utm_campaign=api2demo
2023846_medienarchiv_web_detailansicht_id_171212,germany,E:\Desktop\Echo\storage\public\research_dataset_v2\germany_final\audio\2023846_medienarchiv_web_detailansicht_id_171212.mp3,europeana_search,search,24,,,,,,,Zieh hinaus beim Morgengraun; Handschriftliches Liederbuch Nr. 65 - Lied Nr. 63,,http://creativecommons.org/licenses/by-nc-sa/3.0/,https://www.europeana.eu/item/2023846/medienarchiv_web_detailansicht_id_171212?utm_source=api&utm_medium=api&utm_campaign=api2demo
2023846_medienarchiv_web_detailansicht_id_171209,germany,E:\Desktop\Echo\storage\public\research_dataset_v2\germany_final\audio\2023846_medienarchiv_web_detailansicht_id_171209.mp3,europeana_search,search,28,,,,,,,Wo's Dörflein dort zuende geht; Handschriftliches Liederbuch Nr. 65 - Lied Nr. 62,,http://creativecommons.org/licenses/by-nc-sa/3.0/,https://www.europeana.eu/item/2023846/medienarchiv_web_detailansicht_id_171209?utm_source=api&utm_medium=api&utm_campaign=api2demo
2023846_medienarchiv_web_detailansicht_id_171213,germany,E:\Desktop\Echo\storage\public\research_dataset_v2\germany_final\audio\2023846_medienarchiv_web_detailansicht_id_171213.mp3,europeana_search,search,34,,,,,,,"Ach, ich liebte, war so glücklich; Handschriftliches Liederbuch Nr. 65 - Lied Nr. 01",,http://creativecommons.org/licenses/by-nc-sa/3.0/,https://www.europeana.eu/item/2023846/medienarchiv_web_detailansicht_id_171213?utm_source=api&utm_medium=api&utm_campaign=api2demo
2023846_medienarchiv_web_detailansicht_id_171180,germany,E:\Desktop\Echo\storage\public\research_dataset_v2\germany_final\audio\2023846_medienarchiv_web_detailansicht_id_171180.mp3,europeana_search,search,35,,,,,,,Es ging bei hellem Mondenschein; Handschriftliches Liederbuch Nr. 65 - Lied Nr. 70,,http://creativecommons.org/licenses/by-nc-sa/3.0/,https://www.europeana.eu/item/2023846/medienarchiv_web_detailansicht_id_171180?utm_source=api&utm_medium=api&utm_campaign=api2demo
2023846_medienarchiv_web_detailansicht_id_171195,germany,E:\Desktop\Echo\storage\public\research_dataset_v2\germany_final\audio\2023846_medienarchiv_web_detailansicht_id_171195.mp3,europeana_search,search,37,,,,,,,"Herz, mein Herz, warum so traurig; Handschriftliches Liederbuch Nr. 65 - Lied Nr. 29",,http://creativecommons.org/licenses/by-nc-sa/3.0/,https://www.europeana.eu/item/2023846/medienarchiv_web_detailansicht_id_171195?utm_source=api&utm_medium=api&utm_campaign=api2demo
2023846_medienarchiv_web_detailansicht_id_171216,germany,E:\Desktop\Echo\storage\public\research_dataset_v2\germany_final\audio\2023846_medienarchiv_web_detailansicht_id_171216.mp3,europeana_search,search,40,,,,,,,"All Abend, bevor ich zur Ruh mich begeb; Handschriftliches Liederbuch Nr. 65 - Lied Nr. 03",,http://creativecommons.org/licenses/by-nc-sa/3.0/,https://www.europeana.eu/item/2023846/medienarchiv_web_detailansicht_id_171216?utm_source=api&utm_medium=api&utm_campaign=api2demo
2023846_medienarchiv_web_detailansicht_id_171179,germany,E:\Desktop\Echo\storage\public\research_dataset_v2\germany_final\audio\2023846_medienarchiv_web_detailansicht_id_171179.mp3,europeana_search,search,43,,,,,,,Und will mich einst ein guter Freund besuchen; Handschriftliches Liederbuch Nr. 65 - Lied Nr. 56,,http://creativecommons.org/licenses/by-nc-sa/3.0/,https://www.europeana.eu/item/2023846/medienarchiv_web_detailansicht_id_171179?utm_source=api&utm_medium=api&utm_campaign=api2demo
2023846_medienarchiv_web_detailansicht_id_169300,germany,E:\Desktop\Echo\storage\public\research_dataset_v2\germany_final\audio\2023846_medienarchiv_web_detailansicht_id_169300.mp3,europeana_search,search,44,,,,,,,"Einst war ich so glücklich; Handschriftliches Liederbuch Nr. 08 - Lieder und Gedichte, Lied Nr. 31",,http://creativecommons.org/licenses/by-nc-sa/3.0/,https://www.europeana.eu/item/2023846/medienarchiv_web_detailansicht_id_169300?utm_source=api&utm_medium=api&utm_campaign=api2demo
2023846_medienarchiv_web_detailansicht_id_169317,germany,E:\Desktop\Echo\storage\public\research_dataset_v2\germany_final\audio\2023846_medienarchiv_web_detailansicht_id_169317.mp3,europeana_search,search,17,,,,,,,"Was ist wohl das Ideal... (Das Bett); Handschriftliches Liederbuch Nr. 08 - Lieder und Gedichte, Lied Nr. 19",,http://creativecommons.org/licenses/by-nc-sa/3.0/,https://www.europeana.eu/item/2023846/medienarchiv_web_detailansicht_id_169317?utm_source=api&utm_medium=api&utm_campaign=api2demo
2023846_medienarchiv_web_detailansicht_id_171913,germany,E:\Desktop\Echo\storage\public\research_dataset_v2\germany_final\audio\2023846_medienarchiv_web_detailansicht_id_171913.mp3,europeana_search,search,6,,,,,,,Wurstsammeln der Gänsereiter am Dienstag; Höntroper Gänsereiten 1966,,http://creativecommons.org/licenses/by-nc-sa/3.0/,https://www.europeana.eu/item/2023846/medienarchiv_web_detailansicht_id_171913?utm_source=api&utm_medium=api&utm_campaign=api2demo
2023846_medienarchiv_web_detailansicht_id_168955,germany,E:\Desktop\Echo\storage\public\research_dataset_v2\germany_final\audio\2023846_medienarchiv_web_detailansicht_id_168955.mp3,europeana_search,search,28,,,,,,,"Savior, Burlinghew’s Savior; customs, songs and reports from everyday life",,http://creativecommons.org/licenses/by-nc-sa/3.0/,https://www.europeana.eu/item/2023846/medienarchiv_web_detailansicht_id_168955?utm_source=api&utm_medium=api&utm_campaign=api2demo
2023846_medienarchiv_web_detailansicht_id_174910,germany,E:\Desktop\Echo\storage\public\research_dataset_v2\germany_final\audio\2023846_medienarchiv_web_detailansicht_id_174910.mp3,europeana_search,search,29,,,,,,,"""Als ich noch jung war"", ""Alte-Weiber-Miserere""; Tonbandbrief von Karl Berkenkopf, Meschede",,http://creativecommons.org/licenses/by-nc-sa/3.0/,https://www.europeana.eu/item/2023846/medienarchiv_web_detailansicht_id_174910?utm_source=api&utm_medium=api&utm_campaign=api2demo
2023846_medienarchiv_web_detailansicht_id_170840,germany,E:\Desktop\Echo\storage\public\research_dataset_v2\germany_final\audio\2023846_medienarchiv_web_detailansicht_id_170840.mp3,europeana_search,search,32,,,,,,,Lasset auf den Bergen; Handschriftliches Liederbuch Nr. 35 - Kinderlieder aus Lauenförde,,http://creativecommons.org/licenses/by-nc-sa/3.0/,https://www.europeana.eu/item/2023846/medienarchiv_web_detailansicht_id_170840?utm_source=api&utm_medium=api&utm_campaign=api2demo
2023846_medienarchiv_web_detailansicht_id_176342,germany,E:\Desktop\Echo\storage\public\research_dataset_v2\germany_final\audio\2023846_medienarchiv_web_detailansicht_id_176342.mp3,europeana_search,search,34,,,,,,,"Das Lieben bringt groß Freud; Handschriftliches Liederbuch Nr. 24 - Theodor Große-Venhaus, Lieder und Gespräche (Gesamtaufnahme)",,http://creativecommons.org/licenses/by-nc-sa/3.0/,https://www.europeana.eu/item/2023846/medienarchiv_web_detailansicht_id_176342?utm_source=api&utm_medium=api&utm_campaign=api2demo
2023846_medienarchiv_web_detailansicht_id_178208,germany,E:\Desktop\Echo\storage\public\research_dataset_v2\germany_final\audio\2023846_medienarchiv_web_detailansicht_id_178208.mp3,europeana_search,search,36,,,,,,,Oben im Duorpe; Brauchbeschreibungen und Lieder von W. Arndts,,http://creativecommons.org/licenses/by-nc-sa/3.0/,https://www.europeana.eu/item/2023846/medienarchiv_web_detailansicht_id_178208?utm_source=api&utm_medium=api&utm_campaign=api2demo
2023846_medienarchiv_web_detailansicht_id_176344,germany,E:\Desktop\Echo\storage\public\research_dataset_v2\germany_final\audio\2023846_medienarchiv_web_detailansicht_id_176344.mp3,europeana_search,search,42,,,,,,,"Ich habe mir eines erwählet; Handschriftliches Liederbuch Nr. 24 - Theodor Große-Venhaus, Lieder und Gespräche (Gesamtaufnahme)",,http://creativecommons.org/licenses/by-nc-sa/3.0/,https://www.europeana.eu/item/2023846/medienarchiv_web_detailansicht_id_176344?utm_source=api&utm_medium=api&utm_campaign=api2demo
2023846_medienarchiv_web_detailansicht_id_174750,germany,E:\Desktop\Echo\storage\public\research_dataset_v2\germany_final\audio\2023846_medienarchiv_web_detailansicht_id_174750.mp3,europeana_search,search,50,,,,,,,"Schrumm, ein neues Damenlied; Gespräch über das Thema Fastnacht (auf Basis von Frageliste 11)",,http://creativecommons.org/licenses/by-nc-sa/3.0/,https://www.europeana.eu/item/2023846/medienarchiv_web_detailansicht_id_174750?utm_source=api&utm_medium=api&utm_campaign=api2demo
2023846_medienarchiv_web_detailansicht_id_180270,germany,E:\Desktop\Echo\storage\public\research_dataset_v2\germany_final\audio\2023846_medienarchiv_web_detailansicht_id_180270.mp3,europeana_search,search,63,,,,,,,I mentioned one thing; Volkstümliche Songs of the West Münsterland,,http://creativecommons.org/licenses/by-nc-sa/3.0/,https://www.europeana.eu/item/2023846/medienarchiv_web_detailansicht_id_180270?utm_source=api&utm_medium=api&utm_campaign=api2demo
2023846_medienarchiv_web_detailansicht_id_172614,germany,E:\Desktop\Echo\storage\public\research_dataset_v2\germany_final\audio\2023846_medienarchiv_web_detailansicht_id_172614.mp3,europeana_search,search,73,,,,,,,"Seht, man führt im weißen Schleier eine Jungfrau zum Altar; Moritaten, gesungen von Ernst Becker, Berlin",,http://creativecommons.org/licenses/by-nc-sa/3.0/,https://www.europeana.eu/item/2023846/medienarchiv_web_detailansicht_id_172614?utm_source=api&utm_medium=api&utm_campaign=api2demo
2023846_medienarchiv_web_detailansicht_id_166852,germany,E:\Desktop\Echo\storage\public\research_dataset_v2\germany_final\audio\2023846_medienarchiv_web_detailansicht_id_166852.mp3,europeana_search,search,76,,,,,,,There was a linden in the deep valley; songs of the cigar workers - songs from the cigar factory Kirchlengern/Herford,,http://creativecommons.org/licenses/by-nc-sa/3.0/,https://www.europeana.eu/item/2023846/medienarchiv_web_detailansicht_id_166852?utm_source=api&utm_medium=api&utm_campaign=api2demo
2023846_medienarchiv_web_detailansicht_id_171858,germany,E:\Desktop\Echo\storage\public\research_dataset_v2\germany_final\audio\2023846_medienarchiv_web_detailansicht_id_171858.mp3,europeana_search,search,7,,,,,,,Einbeiern des Pflichttages der Sebastianus-Gilde,,http://creativecommons.org/licenses/by-nc-sa/3.0/,https://www.europeana.eu/item/2023846/medienarchiv_web_detailansicht_id_171858?utm_source=api&utm_medium=api&utm_campaign=api2demo
2023846_medienarchiv_web_detailansicht_id_177039,germany,E:\Desktop\Echo\storage\public\research_dataset_v2\germany_final\audio\2023846_medienarchiv_web_detailansicht_id_177039.mp3,europeana_search,search,44,,,,,,,"Es waren zwei Königskinder; Handschriftliches Liederbuch Nr. 24 - Theodor Große-Venhaus, Lieder und Gespräche (Gesamtaufnahme)",,http://creativecommons.org/licenses/by-nc-sa/3.0/,https://www.europeana.eu/item/2023846/medienarchiv_web_detailansicht_id_177039?utm_source=api&utm_medium=api&utm_campaign=api2demo
2023846_medienarchiv_web_detailansicht_id_193764,germany,E:\Desktop\Echo\storage\public\research_dataset_v2\germany_final\audio\2023846_medienarchiv_web_detailansicht_id_193764.mp3,europeana_search,search,0,,,,,,,"In the homeland, I want to keep quiet; songs in Feudinger dialect",,http://creativecommons.org/licenses/by-nc-sa/3.0/,https://www.europeana.eu/item/2023846/medienarchiv_web_detailansicht_id_193764?utm_source=api&utm_medium=api&utm_campaign=api2demo
2023846_medienarchiv_web_detailansicht_id_193762,germany,E:\Desktop\Echo\storage\public\research_dataset_v2\germany_final\audio\2023846_medienarchiv_web_detailansicht_id_193762.mp3,europeana_search,search,1,,,,,,,"Horch, was nähert sich dem Tor; Lieder in Feudinger Mundart",,http://creativecommons.org/licenses/by-nc-sa/3.0/,https://www.europeana.eu/item/2023846/medienarchiv_web_detailansicht_id_193762?utm_source=api&utm_medium=api&utm_campaign=api2demo
2023846_medienarchiv_web_detailansicht_id_193757,germany,E:\Desktop\Echo\storage\public\research_dataset_v2\germany_final\audio\2023846_medienarchiv_web_detailansicht_id_193757.mp3,europeana_search,search,2,,,,,,,Night spans her veil; songs in Feudinger dialect,,http://creativecommons.org/licenses/by-nc-sa/3.0/,https://www.europeana.eu/item/2023846/medienarchiv_web_detailansicht_id_193757?utm_source=api&utm_medium=api&utm_campaign=api2demo
2023846_medienarchiv_web_detailansicht_id_193756,germany,E:\Desktop\Echo\storage\public\research_dataset_v2\germany_final\audio\2023846_medienarchiv_web_detailansicht_id_193756.mp3,europeana_search,search,3,,,,,,,O how it got cold; songs in Feudinger dialect,,http://creativecommons.org/licenses/by-nc-sa/3.0/,https://www.europeana.eu/item/2023846/medienarchiv_web_detailansicht_id_193756?utm_source=api&utm_medium=api&utm_campaign=api2demo
2023846_medienarchiv_web_detailansicht_id_193754,germany,E:\Desktop\Echo\storage\public\research_dataset_v2\germany_final\audio\2023846_medienarchiv_web_detailansicht_id_193754.mp3,europeana_search,search,4,,,,,,,Von der Heimat weit entfernt; Lieder in Feudinger Mundart,,http://creativecommons.org/licenses/by-nc-sa/3.0/,https://www.europeana.eu/item/2023846/medienarchiv_web_detailansicht_id_193754?utm_source=api&utm_medium=api&utm_campaign=api2demo
2023846_medienarchiv_web_detailansicht_id_193753,germany,E:\Desktop\Echo\storage\public\research_dataset_v2\germany_final\audio\2023846_medienarchiv_web_detailansicht_id_193753.mp3,europeana_search,search,5,,,,,,,Foreign Legionnaire; Songs in Feudinger dialect,,http://creativecommons.org/licenses/by-nc-sa/3.0/,https://www.europeana.eu/item/2023846/medienarchiv_web_detailansicht_id_193753?utm_source=api&utm_medium=api&utm_campaign=api2demo
2023846_medienarchiv_web_detailansicht_id_193744,germany,E:\Desktop\Echo\storage\public\research_dataset_v2\germany_final\audio\2023846_medienarchiv_web_detailansicht_id_193744.mp3,europeana_search,search,6,,,,,,,Ich bin so gern daheim; Lieder in Feudinger Mundart,,http://creativecommons.org/licenses/by-nc-sa/3.0/,https://www.europeana.eu/item/2023846/medienarchiv_web_detailansicht_id_193744?utm_source=api&utm_medium=api&utm_campaign=api2demo
2023846_medienarchiv_web_detailansicht_id_193440,germany,E:\Desktop\Echo\storage\public\research_dataset_v2\germany_final\audio\2023846_medienarchiv_web_detailansicht_id_193440.mp3,europeana_search,search,7,,,,,,,"Hidelitche, Speelmannsgrittche; Songs in Feudinger dialect",,http://creativecommons.org/licenses/by-nc-sa/3.0/,https://www.europeana.eu/item/2023846/medienarchiv_web_detailansicht_id_193440?utm_source=api&utm_medium=api&utm_campaign=api2demo
2023846_medienarchiv_web_detailansicht_id_193438,germany,E:\Desktop\Echo\storage\public\research_dataset_v2\germany_final\audio\2023846_medienarchiv_web_detailansicht_id_193438.mp3,europeana_search,search,8,,,,,,,"Geije, geije, gonke; songs in Feudinger dialect",,http://creativecommons.org/licenses/by-nc-sa/3.0/,https://www.europeana.eu/item/2023846/medienarchiv_web_detailansicht_id_193438?utm_source=api&utm_medium=api&utm_campaign=api2demo
2023846_medienarchiv_web_detailansicht_id_193405,germany,E:\Desktop\Echo\storage\public\research_dataset_v2\germany_final\audio\2023846_medienarchiv_web_detailansicht_id_193405.mp3,europeana_search,search,9,,,,,,,Down there in the valley; songs in Feudinger dialect,,http://creativecommons.org/licenses/by-nc-sa/3.0/,https://www.europeana.eu/item/2023846/medienarchiv_web_detailansicht_id_193405?utm_source=api&utm_medium=api&utm_campaign=api2demo
2023846_medienarchiv_web_detailansicht_id_193390,germany,E:\Desktop\Echo\storage\public\research_dataset_v2\germany_final\audio\2023846_medienarchiv_web_detailansicht_id_193390.mp3,europeana_search,search,10,,,,,,,See how the sun sinks there; songs in Feudinger dialect,,http://creativecommons.org/licenses/by-nc-sa/3.0/,https://www.europeana.eu/item/2023846/medienarchiv_web_detailansicht_id_193390?utm_source=api&utm_medium=api&utm_campaign=api2demo
2023846_medienarchiv_web_detailansicht_id_193384,germany,E:\Desktop\Echo\storage\public\research_dataset_v2\germany_final\audio\2023846_medienarchiv_web_detailansicht_id_193384.mp3,europeana_search,search,11,,,,,,,"Kein Heimatland, kein Mutterhaus; Lieder in Feudinger Mundart",,http://creativecommons.org/licenses/by-nc-sa/3.0/,https://www.europeana.eu/item/2023846/medienarchiv_web_detailansicht_id_193384?utm_source=api&utm_medium=api&utm_campaign=api2demo
2023846_medienarchiv_web_detailansicht_id_193368,germany,E:\Desktop\Echo\storage\public\research_dataset_v2\germany_final\audio\2023846_medienarchiv_web_detailansicht_id_193368.mp3,europeana_search,search,12,,,,,,,"Yes, Feudingen is beautiful; songs in Feudinger dialect",,http://creativecommons.org/licenses/by-nc-sa/3.0/,https://www.europeana.eu/item/2023846/medienarchiv_web_detailansicht_id_193368?utm_source=api&utm_medium=api&utm_campaign=api2demo
2023846_medienarchiv_web_detailansicht_id_193313,germany,E:\Desktop\Echo\storage\public\research_dataset_v2\germany_final\audio\2023846_medienarchiv_web_detailansicht_id_193313.mp3,europeana_search,search,13,,,,,,,"Heia, bombeia, bombuse; songs in Feudinger dialect",,http://creativecommons.org/licenses/by-nc-sa/3.0/,https://www.europeana.eu/item/2023846/medienarchiv_web_detailansicht_id_193313?utm_source=api&utm_medium=api&utm_campaign=api2demo
2023846_medienarchiv_web_detailansicht_id_193344,germany,E:\Desktop\Echo\storage\public\research_dataset_v2\germany_final\audio\2023846_medienarchiv_web_detailansicht_id_193344.mp3,europeana_search,search,14,,,,,,,Lieder in Feudinger Mundart - Gesamtaufnahme; Lieder in Feudinger Mundart,,http://creativecommons.org/licenses/by-nc-sa/3.0/,https://www.europeana.eu/item/2023846/medienarchiv_web_detailansicht_id_193344?utm_source=api&utm_medium=api&utm_campaign=api2demo
2023846_medienarchiv_web_detailansicht_id_192811,germany,E:\Desktop\Echo\storage\public\research_dataset_v2\germany_final\audio\2023846_medienarchiv_web_detailansicht_id_192811.mp3,europeana_search,search,16,,,,,,,"Heia, popeia, what raps in the straw; songs in Feudinger dialect",,http://creativecommons.org/licenses/by-nc-sa/3.0/,https://www.europeana.eu/item/2023846/medienarchiv_web_detailansicht_id_192811?utm_source=api&utm_medium=api&utm_campaign=api2demo
2023846_medienarchiv_web_detailansicht_id_192810,germany,E:\Desktop\Echo\storage\public\research_dataset_v2\germany_final\audio\2023846_medienarchiv_web_detailansicht_id_192810.mp3,europeana_search,search,17,,,,,,,"Tross, dry, trill; songs in Feudinger dialect",,http://creativecommons.org/licenses/by-nc-sa/3.0/,https://www.europeana.eu/item/2023846/medienarchiv_web_detailansicht_id_192810?utm_source=api&utm_medium=api&utm_campaign=api2demo
2023846_medienarchiv_web_detailansicht_id_185170,germany,E:\Desktop\Echo\storage\public\research_dataset_v2\germany_final\audio\2023846_medienarchiv_web_detailansicht_id_185170.mp3,europeana_search,search,20,,,,,,,Band von Kutter,,http://creativecommons.org/licenses/by-nc-sa/3.0/,https://www.europeana.eu/item/2023846/medienarchiv_web_detailansicht_id_185170?utm_source=api&utm_medium=api&utm_campaign=api2demo
2023846_medienarchiv_web_detailansicht_id_184340,germany,E:\Desktop\Echo\storage\public\research_dataset_v2\germany_final\audio\2023846_medienarchiv_web_detailansicht_id_184340.mp3,europeana_search,search,68,,,,,,,"Nun sehet den Stern, den wir bringen; Dreikönigs - Singen in Wettringen",,http://creativecommons.org/licenses/by-nc-sa/3.0/,https://www.europeana.eu/item/2023846/medienarchiv_web_detailansicht_id_184340?utm_source=api&utm_medium=api&utm_campaign=api2demo
2023846_medienarchiv_web_detailansicht_id_184306,germany,E:\Desktop\Echo\storage\public\research_dataset_v2\germany_final\audio\2023846_medienarchiv_web_detailansicht_id_184306.mp3,europeana_search,search,88,,,,,,,"Es welken alle Blätter; Ehestandslieder aus Feudingen, Kreis Wittgenstein",,http://creativecommons.org/licenses/by-nc-sa/3.0/,https://www.europeana.eu/item/2023846/medienarchiv_web_detailansicht_id_184306?utm_source=api&utm_medium=api&utm_campaign=api2demo
2023846_medienarchiv_web_detailansicht_id_181737,germany,E:\Desktop\Echo\storage\public\research_dataset_v2\germany_final\audio\2023846_medienarchiv_web_detailansicht_id_181737.mp3,europeana_search,search,801,,,,,,,"Großer Gott wir loben dich; ""Sammelband"" des Liedes ""Der alte Zimmermann"" in Olpe",,http://creativecommons.org/licenses/by-nc-sa/3.0/,https://www.europeana.eu/item/2023846/medienarchiv_web_detailansicht_id_181737?utm_source=api&utm_medium=api&utm_campaign=api2demo
2023846_medienarchiv_web_detailansicht_id_181367,germany,E:\Desktop\Echo\storage\public\research_dataset_v2\germany_final\audio\2023846_medienarchiv_web_detailansicht_id_181367.mp3,europeana_search,search,1010,,,,,,,"Geh aus, mein Herz und suche Freud; Beantwortung eines Briefes; Lieder",,http://creativecommons.org/licenses/by-nc-sa/3.0/,https://www.europeana.eu/item/2023846/medienarchiv_web_detailansicht_id_181367?utm_source=api&utm_medium=api&utm_campaign=api2demo
2023846_medienarchiv_web_detailansicht_id_181366,germany,E:\Desktop\Echo\storage\public\research_dataset_v2\germany_final\audio\2023846_medienarchiv_web_detailansicht_id_181366.mp3,europeana_search,search,1011,,,,,,,Beantwortung eines Briefes vom 05.07.1988; Lieder (Gesamtaufnahme); Beantwortung eines Briefes; Lieder,,http://creativecommons.org/licenses/by-nc-sa/3.0/,https://www.europeana.eu/item/2023846/medienarchiv_web_detailansicht_id_181366?utm_source=api&utm_medium=api&utm_campaign=api2demo
2023846_medienarchiv_web_detailansicht_id_181338,germany,E:\Desktop\Echo\storage\public\research_dataset_v2\germany_final\audio\2023846_medienarchiv_web_detailansicht_id_181338.mp3,europeana_search,search,1023,,,,,,,Beiern in Stadtlohn (St. Ottger); Verschiedene Arten von Glockengeläute,,http://creativecommons.org/licenses/by-nc-sa/3.0/,https://www.europeana.eu/item/2023846/medienarchiv_web_detailansicht_id_181338?utm_source=api&utm_medium=api&utm_campaign=api2demo
2023846_medienarchiv_web_detailansicht_id_181333,germany,E:\Desktop\Echo\storage\public\research_dataset_v2\germany_final\audio\2023846_medienarchiv_web_detailansicht_id_181333.mp3,europeana_search,search,1025,,,,,,,"Feierliches Geläute, Johanniskirche Billerbeck; Verschiedene Arten von Glockengeläute",,http://creativecommons.org/licenses/by-nc-sa/3.0/,https://www.europeana.eu/item/2023846/medienarchiv_web_detailansicht_id_181333?utm_source=api&utm_medium=api&utm_campaign=api2demo
2023846_medienarchiv_web_detailansicht_id_181335,germany,E:\Desktop\Echo\storage\public\research_dataset_v2\germany_final\audio\2023846_medienarchiv_web_detailansicht_id_181335.mp3,europeana_search,search,1026,,,,,,,Dörpschläuten; Verschiedene Arten von Glockengeläute,,http://creativecommons.org/licenses/by-nc-sa/3.0/,https://www.europeana.eu/item/2023846/medienarchiv_web_detailansicht_id_181335?utm_source=api&utm_medium=api&utm_campaign=api2demo
2023846_medienarchiv_web_detailansicht_id_180713,germany,E:\Desktop\Echo\storage\public\research_dataset_v2\germany_final\audio\2023846_medienarchiv_web_detailansicht_id_180713.mp3,europeana_search,search,1383,,,,,,,I like marriage life; songs and customs in the annual run,,http://creativecommons.org/licenses/by-nc-sa/3.0/,https://www.europeana.eu/item/2023846/medienarchiv_web_detailansicht_id_180713?utm_source=api&utm_medium=api&utm_campaign=api2demo
2023846_medienarchiv_web_detailansicht_id_180372,germany,E:\Desktop\Echo\storage\public\research_dataset_v2\germany_final\audio\2023846_medienarchiv_web_detailansicht_id_180372.mp3,europeana_search,search,1499,,,,,,,"Sap, sap, sipe, Rogge, Rogge riepe; Lieder und Brauchbeschreibungen",,http://creativecommons.org/licenses/by-nc-sa/3.0/,https://www.europeana.eu/item/2023846/medienarchiv_web_detailansicht_id_180372?utm_source=api&utm_medium=api&utm_campaign=api2demo
2023846_medienarchiv_web_detailansicht_id_180374,germany,E:\Desktop\Echo\storage\public\research_dataset_v2\germany_final\audio\2023846_medienarchiv_web_detailansicht_id_180374.mp3,europeana_search,search,1500,,,,,,,"Hou, hou, hou; Lieder und Brauchbeschreibungen",,http://creativecommons.org/licenses/by-nc-sa/3.0/,https://www.europeana.eu/item/2023846/medienarchiv_web_detailansicht_id_180374?utm_source=api&utm_medium=api&utm_campaign=api2demo
2023846_medienarchiv_web_detailansicht_id_180375,germany,E:\Desktop\Echo\storage\public\research_dataset_v2\germany_final\audio\2023846_medienarchiv_web_detailansicht_id_180375.mp3,europeana_search,search,1501,,,,,,,"Hei, hei, hei, gebt uns mal ein Ei; Lieder und Brauchbeschreibungen",,http://creativecommons.org/licenses/by-nc-sa/3.0/,https://www.europeana.eu/item/2023846/medienarchiv_web_detailansicht_id_180375?utm_source=api&utm_medium=api&utm_campaign=api2demo
2023846_medienarchiv_web_detailansicht_id_180373,germany,E:\Desktop\Echo\storage\public\research_dataset_v2\germany_final\audio\2023846_medienarchiv_web_detailansicht_id_180373.mp3,europeana_search,search,1502,,,,,,,"Maur opp, Maur opp, laot us nich frighten; songs and custom descriptions",,http://creativecommons.org/licenses/by-nc-sa/3.0/,https://www.europeana.eu/item/2023846/medienarchiv_web_detailansicht_id_180373?utm_source=api&utm_medium=api&utm_campaign=api2demo
2023846_medienarchiv_web_detailansicht_id_180340,germany,E:\Desktop\Echo\storage\public\research_dataset_v2\germany_final\audio\2023846_medienarchiv_web_detailansicht_id_180340.mp3,europeana_search,search,1503,,,,,,,Pingsterbrut du lewe Hut; Volkstümliche Lieder des Westmünsterlandes,,http://creativecommons.org/licenses/by-nc-sa/3.0/,https://www.europeana.eu/item/2023846/medienarchiv_web_detailansicht_id_180340?utm_source=api&utm_medium=api&utm_campaign=api2demo
2023846_medienarchiv_web_detailansicht_id_180339,germany,E:\Desktop\Echo\storage\public\research_dataset_v2\germany_final\audio\2023846_medienarchiv_web_detailansicht_id_180339.mp3,europeana_search,search,1505,,,,,,,Pille Palm Poßen; Volkstümliche Lieder des Westmünsterlandes,,http://creativecommons.org/licenses/by-nc-sa/3.0/,https://www.europeana.eu/item/2023846/medienarchiv_web_detailansicht_id_180339?utm_source=api&utm_medium=api&utm_campaign=api2demo
2023846_medienarchiv_web_detailansicht_id_180311,germany,E:\Desktop\Echo\storage\public\research_dataset_v2\germany_final\audio\2023846_medienarchiv_web_detailansicht_id_180311.mp3,europeana_search,search,1516,,,,,,,O Tannenbaum der Kaiser hat in Sack gehaun; Volkstümliche Lieder des Westmünsterlandes,,http://creativecommons.org/licenses/by-nc-sa/3.0/,https://www.europeana.eu/item/2023846/medienarchiv_web_detailansicht_id_180311?utm_source=api&utm_medium=api&utm_campaign=api2demo
2023846_medienarchiv_web_detailansicht_id_180291,germany,E:\Desktop\Echo\storage\public\research_dataset_v2\germany_final\audio\2023846_medienarchiv_web_detailansicht_id_180291.mp3,europeana_search,search,1519,,,,,,,Ich hatt einen Kalwerbraten; Volkstümliche Lieder des Westmünsterlandes,,http://creativecommons.org/licenses/by-nc-sa/3.0/,https://www.europeana.eu/item/2023846/medienarchiv_web_detailansicht_id_180291?utm_source=api&utm_medium=api&utm_campaign=api2demo
2023846_medienarchiv_web_detailansicht_id_180290,germany,E:\Desktop\Echo\storage\public\research_dataset_v2\germany_final\audio\2023846_medienarchiv_web_detailansicht_id_180290.mp3,europeana_search,search,1520,,,,,,,Die Musik hat Schlaf; Volkstümliche Lieder des Westmünsterlandes,,http://creativecommons.org/licenses/by-nc-sa/3.0/,https://www.europeana.eu/item/2023846/medienarchiv_web_detailansicht_id_180290?utm_source=api&utm_medium=api&utm_campaign=api2demo
2023846_medienarchiv_web_detailansicht_id_180286,germany,E:\Desktop\Echo\storage\public\research_dataset_v2\germany_final\audio\2023846_medienarchiv_web_detailansicht_id_180286.mp3,europeana_search,search,1523,,,,,,,Wem Gott will rechte Gunst erweisen; Volkstümliche Lieder des Westmünsterlandes,,http://creativecommons.org/licenses/by-nc-sa/3.0/,https://www.europeana.eu/item/2023846/medienarchiv_web_detailansicht_id_180286?utm_source=api&utm_medium=api&utm_campaign=api2demo
2023846_medienarchiv_web_detailansicht_id_180285,germany,E:\Desktop\Echo\storage\public\research_dataset_v2\germany_final\audio\2023846_medienarchiv_web_detailansicht_id_180285.mp3,europeana_search,search,1525,,,,,,,Heal yourself in the Ziegenstall; Volkstümliche Songs of the West Münsterland,,http://creativecommons.org/licenses/by-nc-sa/3.0/,https://www.europeana.eu/item/2023846/medienarchiv_web_detailansicht_id_180285?utm_source=api&utm_medium=api&utm_campaign=api2demo
2023846_medienarchiv_web_detailansicht_id_180284,germany,E:\Desktop\Echo\storage\public\research_dataset_v2\germany_final\audio\2023846_medienarchiv_web_detailansicht_id_180284.mp3,europeana_search,search,1526,,,,,,,Out into the distance with butter bread and bacon; Volkstümliche Songs of Westmünsterland,,http://creativecommons.org/licenses/by-nc-sa/3.0/,https://www.europeana.eu/item/2023846/medienarchiv_web_detailansicht_id_180284?utm_source=api&utm_medium=api&utm_campaign=api2demo
2023846_medienarchiv_web_detailansicht_id_180271,germany,E:\Desktop\Echo\storage\public\research_dataset_v2\germany_final\audio\2023846_medienarchiv_web_detailansicht_id_180271.mp3,europeana_search,search,1530,,,,,,,Rejoice in life; Volkstümliche Songs of the West Münsterland,,http://creativecommons.org/licenses/by-nc-sa/3.0/,https://www.europeana.eu/item/2023846/medienarchiv_web_detailansicht_id_180271?utm_source=api&utm_medium=api&utm_campaign=api2demo
2023846_medienarchiv_web_detailansicht_id_180078,germany,E:\Desktop\Echo\storage\public\research_dataset_v2\germany_final\audio\2023846_medienarchiv_web_detailansicht_id_180078.mp3,europeana_search,search,1609,,,,,,,Ist das nicht ´ne Knoblauchwurst; Volkstümliche Lieder des Westmünsterlandes,,http://creativecommons.org/licenses/by-nc-sa/3.0/,https://www.europeana.eu/item/2023846/medienarchiv_web_detailansicht_id_180078?utm_source=api&utm_medium=api&utm_campaign=api2demo
2023846_medienarchiv_web_detailansicht_id_180069,germany,E:\Desktop\Echo\storage\public\research_dataset_v2\germany_final\audio\2023846_medienarchiv_web_detailansicht_id_180069.mp3,europeana_search,search,1615,,,,,,,"Ick hat enmol en Freyer, oho; Volkstümliche Lieder des Westmünsterlandes",,http://creativecommons.org/licenses/by-nc-sa/3.0/,https://www.europeana.eu/item/2023846/medienarchiv_web_detailansicht_id_180069?utm_source=api&utm_medium=api&utm_campaign=api2demo
2023846_medienarchiv_web_detailansicht_id_180051,germany,E:\Desktop\Echo\storage\public\research_dataset_v2\germany_final\audio\2023846_medienarchiv_web_detailansicht_id_180051.mp3,europeana_search,search,1625,,,,,,,Unsere Oma fährt im Hühnerstall Motorrad; Volkstümliche Lieder des Westmünsterlandes,,http://creativecommons.org/licenses/by-nc-sa/3.0/,https://www.europeana.eu/item/2023846/medienarchiv_web_detailansicht_id_180051?utm_source=api&utm_medium=api&utm_campaign=api2demo
2023846_medienarchiv_web_detailansicht_id_180033,germany,E:\Desktop\Echo\storage\public\research_dataset_v2\germany_final\audio\2023846_medienarchiv_web_detailansicht_id_180033.mp3,europeana_search,search,1635,,,,,,,"Musik zum ""Kunterdanz"" in Lankern/Kreis Borken; Musik zum ""Kunterdanz"" in Lankern/Kreis Borken",,http://creativecommons.org/licenses/by-nc-sa/3.0/,https://www.europeana.eu/item/2023846/medienarchiv_web_detailansicht_id_180033?utm_source=api&utm_medium=api&utm_campaign=api2demo
2023846_medienarchiv_web_detailansicht_id_179980,germany,E:\Desktop\Echo\storage\public\research_dataset_v2\germany_final\audio\2023846_medienarchiv_web_detailansicht_id_179980.mp3,europeana_search,search,1662,,,,,,,Als ich an einem Nachmittag; Lieder und Beschreibung eines Spiels,,http://creativecommons.org/licenses/by-nc-sa/3.0/,https://www.europeana.eu/item/2023846/medienarchiv_web_detailansicht_id_179980?utm_source=api&utm_medium=api&utm_campaign=api2demo
2023846_medienarchiv_web_detailansicht_id_179976,germany,E:\Desktop\Echo\storage\public\research_dataset_v2\germany_final\audio\2023846_medienarchiv_web_detailansicht_id_179976.mp3,europeana_search,search,1665,,,,,,,Wir dienten am Rheinesstrande; Lieder und Beschreibung eines Spiels,,http://creativecommons.org/licenses/by-nc-sa/3.0/,https://www.europeana.eu/item/2023846/medienarchiv_web_detailansicht_id_179976?utm_source=api&utm_medium=api&utm_campaign=api2demo
2023846_medienarchiv_web_detailansicht_id_179956,germany,E:\Desktop\Echo\storage\public\research_dataset_v2\germany_final\audio\2023846_medienarchiv_web_detailansicht_id_179956.mp3,europeana_search,search,1678,,,,,,,Today we divorce from your circles; songs and description of a game,,http://creativecommons.org/licenses/by-nc-sa/3.0/,https://www.europeana.eu/item/2023846/medienarchiv_web_detailansicht_id_179956?utm_source=api&utm_medium=api&utm_campaign=api2demo
2023846_medienarchiv_web_detailansicht_id_179954,germany,E:\Desktop\Echo\storage\public\research_dataset_v2\germany_final\audio\2023846_medienarchiv_web_detailansicht_id_179954.mp3,europeana_search,search,1680,,,,,,,Was blinkt so freundlich in der Ferne; Lieder und Beschreibung eines Spiels,,http://creativecommons.org/licenses/by-nc-sa/3.0/,https://www.europeana.eu/item/2023846/medienarchiv_web_detailansicht_id_179954?utm_source=api&utm_medium=api&utm_campaign=api2demo
2023846_medienarchiv_web_detailansicht_id_179928,germany,E:\Desktop\Echo\storage\public\research_dataset_v2\germany_final\audio\2023846_medienarchiv_web_detailansicht_id_179928.mp3,europeana_search,search,1694,,,,,,,Bochumer Maiabendfest 1970; Bochumer Maiabendfest 1970,,http://creativecommons.org/licenses/by-nc-sa/3.0/,https://www.europeana.eu/item/2023846/medienarchiv_web_detailansicht_id_179928?utm_source=api&utm_medium=api&utm_campaign=api2demo
2023846_medienarchiv_web_detailansicht_id_179910,germany,E:\Desktop\Echo\storage\public\research_dataset_v2\germany_final\audio\2023846_medienarchiv_web_detailansicht_id_179910.mp3,europeana_search,search,1706,,,,,,,Old year knocking out and New Year’s hammers on the Amboß on New Year’s Eve 1969/70; old year knocking out and hammering out on the Amboß on New Year’s Eve 1969/70,,http://creativecommons.org/licenses/by-nc-sa/3.0/,https://www.europeana.eu/item/2023846/medienarchiv_web_detailansicht_id_179910?utm_source=api&utm_medium=api&utm_campaign=api2demo
2023846_medienarchiv_web_detailansicht_id_179903,germany,E:\Desktop\Echo\storage\public\research_dataset_v2\germany_final\audio\2023846_medienarchiv_web_detailansicht_id_179903.mp3,europeana_search,search,1709,,,,,,,Lieder und Erklärung eines Spiels; Lieder und Erklärung eines Spiels,,http://creativecommons.org/licenses/by-nc-sa/3.0/,https://www.europeana.eu/item/2023846/medienarchiv_web_detailansicht_id_179903?utm_source=api&utm_medium=api&utm_campaign=api2demo
2023846_medienarchiv_web_detailansicht_id_179870,germany,E:\Desktop\Echo\storage\public\research_dataset_v2\germany_final\audio\2023846_medienarchiv_web_detailansicht_id_179870.mp3,europeana_search,search,1731,,,,,,,"Nur einmal noch in meinem ganzen Leben möcht ich meine Eltern wiedersehn; Liedertexte, gesprochen von Paula Holzapfel, Plettenberg - Oesterau",,http://creativecommons.org/licenses/by-nc-sa/3.0/,https://www.europeana.eu/item/2023846/medienarchiv_web_detailansicht_id_179870?utm_source=api&utm_medium=api&utm_campaign=api2demo
2023846_medienarchiv_web_detailansicht_id_179857,germany,E:\Desktop\Echo\storage\public\research_dataset_v2\germany_final\audio\2023846_medienarchiv_web_detailansicht_id_179857.mp3,europeana_search,search,1739,,,,,,,"Spring came to the country with power; song lyrics, spoken by Paula Holzapfel, Plettenberg - Oesterau",,http://creativecommons.org/licenses/by-nc-sa/3.0/,https://www.europeana.eu/item/2023846/medienarchiv_web_detailansicht_id_179857?utm_source=api&utm_medium=api&utm_campaign=api2demo
2023846_medienarchiv_web_detailansicht_id_179816,germany,E:\Desktop\Echo\storage\public\research_dataset_v2\germany_final\audio\2023846_medienarchiv_web_detailansicht_id_179816.mp3,europeana_search,search,1761,,,,,,,"Müde kehrt ein Wandersmann einher; Liedertexte, gesprochen von Paula Holzapfel, Plettenberg - Oesterau",,http://creativecommons.org/licenses/by-nc-sa/3.0/,https://www.europeana.eu/item/2023846/medienarchiv_web_detailansicht_id_179816?utm_source=api&utm_medium=api&utm_campaign=api2demo
2023846_medienarchiv_web_detailansicht_id_179815,germany,E:\Desktop\Echo\storage\public\research_dataset_v2\germany_final\audio\2023846_medienarchiv_web_detailansicht_id_179815.mp3,europeana_search,search,1769,,,,,,,"Zu Baden im Städtchen ein stilles Haus; Liedertexte, gesprochen von Paula Holzapfel, Plettenberg - Oesterau",,http://creativecommons.org/licenses/by-nc-sa/3.0/,https://www.europeana.eu/item/2023846/medienarchiv_web_detailansicht_id_179815?utm_source=api&utm_medium=api&utm_campaign=api2demo
2023846_medienarchiv_web_detailansicht_id_179469,germany,E:\Desktop\Echo\storage\public\research_dataset_v2\germany_final\audio\2023846_medienarchiv_web_detailansicht_id_179469.mp3,europeana_search,search,1901,,,,,,,"See three rosses in front of the car; song lyrics, spoken by Paula Holzapfel, Plettenberg - Oesterau",,http://creativecommons.org/licenses/by-nc-sa/3.0/,https://www.europeana.eu/item/2023846/medienarchiv_web_detailansicht_id_179469?utm_source=api&utm_medium=api&utm_campaign=api2demo
2023846_medienarchiv_web_detailansicht_id_179454,germany,E:\Desktop\Echo\storage\public\research_dataset_v2\germany_final\audio\2023846_medienarchiv_web_detailansicht_id_179454.mp3,europeana_search,search,1910,,,,,,,"Unsre ganze Seele fühle; Handschriftliches Liederbuch Nr. 22 I - Lieder, gesungen von Christine u. Katharina Epping, Südlohn",,http://creativecommons.org/licenses/by-nc-sa/3.0/,https://www.europeana.eu/item/2023846/medienarchiv_web_detailansicht_id_179454?utm_source=api&utm_medium=api&utm_campaign=api2demo
2023846_medienarchiv_web_detailansicht_id_179452,germany,E:\Desktop\Echo\storage\public\research_dataset_v2\germany_final\audio\2023846_medienarchiv_web_detailansicht_id_179452.mp3,europeana_search,search,1911,,,,,,,"Her Lieutenant, hears; handwritten songbook No. 22 II - songs sung by Christine u. Katharina Epping, Südlohn, song No. 24.",,http://creativecommons.org/licenses/by-nc-sa/3.0/,https://www.europeana.eu/item/2023846/medienarchiv_web_detailansicht_id_179452?utm_source=api&utm_medium=api&utm_campaign=api2demo
2023846_medienarchiv_web_detailansicht_id_179450,germany,E:\Desktop\Echo\storage\public\research_dataset_v2\germany_final\audio\2023846_medienarchiv_web_detailansicht_id_179450.mp3,europeana_search,search,1912,,,,,,,"The beautiful Spain in the South; handwritten songbook No. 22 II - songs sung by Christine and Katharina Epping, SüdF.",,http://creativecommons.org/licenses/by-nc-sa/3.0/,https://www.europeana.eu/item/2023846/medienarchiv_web_detailansicht_id_179450?utm_source=api&utm_medium=api&utm_campaign=api2demo
2023846_medienarchiv_web_detailansicht_id_179449,germany,E:\Desktop\Echo\storage\public\research_dataset_v2\germany_final\audio\2023846_medienarchiv_web_detailansicht_id_179449.mp3,europeana_search,search,1913,,,,,,,"I am a tailor; handwritten songbook No. 22 II - songs sung by Christine u. Katharina Epping, Südlohn, song No. 16.",,http://creativecommons.org/licenses/by-nc-sa/3.0/,https://www.europeana.eu/item/2023846/medienarchiv_web_detailansicht_id_179449?utm_source=api&utm_medium=api&utm_campaign=api2demo
2023846_medienarchiv_web_detailansicht_id_179448,germany,E:\Desktop\Echo\storage\public\research_dataset_v2\germany_final\audio\2023846_medienarchiv_web_detailansicht_id_179448.mp3,europeana_search,search,1914,,,,,,,"We sit here so cheerfully together; songs sung by Christine u. Katharina Epping, Südlohn",,http://creativecommons.org/licenses/by-nc-sa/3.0/,https://www.europeana.eu/item/2023846/medienarchiv_web_detailansicht_id_179448?utm_source=api&utm_medium=api&utm_campaign=api2demo
2023846_medienarchiv_web_detailansicht_id_179447,germany,E:\Desktop\Echo\storage\public\research_dataset_v2\germany_final\audio\2023846_medienarchiv_web_detailansicht_id_179447.mp3,europeana_search,search,1915,,,,,,,"Es kann ja nicht immer so bleiben; Handschriftliches Liederbuch Nr. 22 I - Lieder, gesungen von Christine u. Katharina Epping, Südlohn",,http://creativecommons.org/licenses/by-nc-sa/3.0/,https://www.europeana.eu/item/2023846/medienarchiv_web_detailansicht_id_179447?utm_source=api&utm_medium=api&utm_campaign=api2demo
2023846_medienarchiv_web_detailansicht_id_179437,germany,E:\Desktop\Echo\storage\public\research_dataset_v2\germany_final\audio\2023846_medienarchiv_web_detailansicht_id_179437.mp3,europeana_search,search,1922,,,,,,,"Closer my God to you; handwritten songbook No. 22 I - songs sung by Christine u. Katharina Epping, Südlohn",,http://creativecommons.org/licenses/by-nc-sa/3.0/,https://www.europeana.eu/item/2023846/medienarchiv_web_detailansicht_id_179437?utm_source=api&utm_medium=api&utm_campaign=api2demo
2023846_medienarchiv_web_detailansicht_id_179430,germany,E:\Desktop\Echo\storage\public\research_dataset_v2\germany_final\audio\2023846_medienarchiv_web_detailansicht_id_179430.mp3,europeana_search,search,1927,,,,,,,"St. Vitus, another boy; handwritten songbook No. 22 I - songs sung by Christine u. Katharina Epping, Südlohn",,http://creativecommons.org/licenses/by-nc-sa/3.0/,https://www.europeana.eu/item/2023846/medienarchiv_web_detailansicht_id_179430?utm_source=api&utm_medium=api&utm_campaign=api2demo
2023846_medienarchiv_web_detailansicht_id_179428,germany,E:\Desktop\Echo\storage\public\research_dataset_v2\germany_final\audio\2023846_medienarchiv_web_detailansicht_id_179428.mp3,europeana_search,search,1929,,,,,,,"Wo findet die Seele die Heimat, die Ruh; Handschriftliches Liederbuch Nr. 22 I - Lieder, gesungen von Christine u. Katharina Epping, Südlohn",,http://creativecommons.org/licenses/by-nc-sa/3.0/,https://www.europeana.eu/item/2023846/medienarchiv_web_detailansicht_id_179428?utm_source=api&utm_medium=api&utm_campaign=api2demo
2023846_medienarchiv_web_detailansicht_id_179426,germany,E:\Desktop\Echo\storage\public\research_dataset_v2\germany_final\audio\2023846_medienarchiv_web_detailansicht_id_179426.mp3,europeana_search,search,1931,,,,,,,"Heart of the only blemishes; songs sung by Christine u. Katharina Epping, Südlohn",,http://creativecommons.org/licenses/by-nc-sa/3.0/,https://www.europeana.eu/item/2023846/medienarchiv_web_detailansicht_id_179426?utm_source=api&utm_medium=api&utm_campaign=api2demo
2023846_medienarchiv_web_detailansicht_id_179404,germany,E:\Desktop\Echo\storage\public\research_dataset_v2\germany_final\audio\2023846_medienarchiv_web_detailansicht_id_179404.mp3,europeana_search,search,1946,,,,,,,"See the body, given away; handwritten songbook No. 22 I - songs sung by Christine u. Katharina Epping, SüdS.",,http://creativecommons.org/licenses/by-nc-sa/3.0/,https://www.europeana.eu/item/2023846/medienarchiv_web_detailansicht_id_179404?utm_source=api&utm_medium=api&utm_campaign=api2demo
2023846_medienarchiv_web_detailansicht_id_179405,germany,E:\Desktop\Echo\storage\public\research_dataset_v2\germany_final\audio\2023846_medienarchiv_web_detailansicht_id_179405.mp3,europeana_search,search,1947,,,,,,,"God is love; handwritten songbook No. 22 I - songs sung by Christine u. Katharina Epping, Südlohn",,http://creativecommons.org/licenses/by-nc-sa/3.0/,https://www.europeana.eu/item/2023846/medienarchiv_web_detailansicht_id_179405?utm_source=api&utm_medium=api&utm_campaign=api2demo
2023846_medienarchiv_web_detailansicht_id_179379,germany,E:\Desktop\Echo\storage\public\research_dataset_v2\germany_final\audio\2023846_medienarchiv_web_detailansicht_id_179379.mp3,europeana_search,search,1965,,,,,,,"Sei, heiliges Kreuz, gegrüßet; Handschriftliches Liederbuch Nr. 22 I - Lieder, gesungen von Christine u. Katharina Epping, Südlohn",,http://creativecommons.org/licenses/by-nc-sa/3.0/,https://www.europeana.eu/item/2023846/medienarchiv_web_detailansicht_id_179379?utm_source=api&utm_medium=api&utm_campaign=api2demo
2023846_medienarchiv_web_detailansicht_id_179376,germany,E:\Desktop\Echo\storage\public\research_dataset_v2\germany_final\audio\2023846_medienarchiv_web_detailansicht_id_179376.mp3,europeana_search,search,1966,,,,,,,"Maria, Marienkönigin; Handschriftliches Liederbuch Nr. 22 Lieder, gesungen von Christine u. Katharina Epping, Südlohn",,http://creativecommons.org/licenses/by-nc-sa/3.0/,https://www.europeana.eu/item/2023846/medienarchiv_web_detailansicht_id_179376?utm_source=api&utm_medium=api&utm_campaign=api2demo
2023846_medienarchiv_web_detailansicht_id_179375,germany,E:\Desktop\Echo\storage\public\research_dataset_v2\germany_final\audio\2023846_medienarchiv_web_detailansicht_id_179375.mp3,europeana_search,search,1967,,,,,,,"A lot of your scabbard has arrived; handwritten songbook No. 22 I - songs sung by Christine u. Katharina Epping, SüdViel.",,http://creativecommons.org/licenses/by-nc-sa/3.0/,https://www.europeana.eu/item/2023846/medienarchiv_web_detailansicht_id_179375?utm_source=api&utm_medium=api&utm_campaign=api2demo
2023846_medienarchiv_web_detailansicht_id_179366,germany,E:\Desktop\Echo\storage\public\research_dataset_v2\germany_final\audio\2023846_medienarchiv_web_detailansicht_id_179366.mp3,europeana_search,search,1974,,,,,,,"Über den Sternen, da wird es einst tagen; Handschriftliches Liederbuch Nr. 22 I - Lieder, gesungen von Christine u. Katharina Epping, Südlohn, Lied Nr. 91",,http://creativecommons.org/licenses/by-nc-sa/3.0/,https://www.europeana.eu/item/2023846/medienarchiv_web_detailansicht_id_179366?utm_source=api&utm_medium=api&utm_campaign=api2demo
2023846_medienarchiv_web_detailansicht_id_179367,germany,E:\Desktop\Echo\storage\public\research_dataset_v2\germany_final\audio\2023846_medienarchiv_web_detailansicht_id_179367.mp3,europeana_search,search,1975,,,,,,,"Maria, sieh, wir weihen die Herzen dir alleine; Handschriftliches Liederbuch Nr. 22 I - Lieder, gesungen von Christine u. Katharina Epping, Südlohn",,http://creativecommons.org/licenses/by-nc-sa/3.0/,https://www.europeana.eu/item/2023846/medienarchiv_web_detailansicht_id_179367?utm_source=api&utm_medium=api&utm_campaign=api2demo
2023846_medienarchiv_web_detailansicht_id_179350,germany,E:\Desktop\Echo\storage\public\research_dataset_v2\germany_final\audio\2023846_medienarchiv_web_detailansicht_id_179350.mp3,europeana_search,search,1985,,,,,,,“Pingsteblom” [Pingsteblom] in the building estate of Lasbeck near Havixbeck; “Pingsteblom” in the building estate of Lasbeck near Havixbeck,,http://creativecommons.org/licenses/by-nc-sa/3.0/,https://www.europeana.eu/item/2023846/medienarchiv_web_detailansicht_id_179350?utm_source=api&utm_medium=api&utm_campaign=api2demo
2023846_medienarchiv_web_detailansicht_id_179349,germany,E:\Desktop\Echo\storage\public\research_dataset_v2\germany_final\audio\2023846_medienarchiv_web_detailansicht_id_179349.mp3,europeana_search,search,1986,,,,,,,“Pingsterbrut” in Havixbeck; “Pingsterbrut” in Havixbeck,,http://creativecommons.org/licenses/by-nc-sa/3.0/,https://www.europeana.eu/item/2023846/medienarchiv_web_detailansicht_id_179349?utm_source=api&utm_medium=api&utm_campaign=api2demo
2023846_medienarchiv_web_detailansicht_id_179331,germany,E:\Desktop\Echo\storage\public\research_dataset_v2\germany_final\audio\2023846_medienarchiv_web_detailansicht_id_179331.mp3,europeana_search,search,1998,,,,,,,Father Abraham hett “n Kalf schlacht” t; recording at the closing evening of the 19th choir and instrumental week of the work community Song and music in the diocese of Münster,,http://creativecommons.org/licenses/by-nc-sa/3.0/,https://www.europeana.eu/item/2023846/medienarchiv_web_detailansicht_id_179331?utm_source=api&utm_medium=api&utm_campaign=api2demo
2023846_medienarchiv_web_detailansicht_id_179328,germany,E:\Desktop\Echo\storage\public\research_dataset_v2\germany_final\audio\2023846_medienarchiv_web_detailansicht_id_179328.mp3,europeana_search,search,2001,,,,,,,Aufnahme beim Abschlußabend der 19. Chor- u. Instrumentalwoche der werkgemeinschaft Lied und Musik im Bistum Münster; Aufnahme beim Abschlußabend der 19. Chor- u. Instrumentalwoche der werkgemeinschaft Lied und Musik im Bistum Münster,,http://creativecommons.org/licenses/by-nc-sa/3.0/,https://www.europeana.eu/item/2023846/medienarchiv_web_detailansicht_id_179328?utm_source=api&utm_medium=api&utm_campaign=api2demo
2023846_medienarchiv_web_detailansicht_id_178909,germany,E:\Desktop\Echo\storage\public\research_dataset_v2\germany_final\audio\2023846_medienarchiv_web_detailansicht_id_178909.mp3,europeana_search,search,2180,,,,,,,Maiabendfest in Bochum; Maiabendfest in Bochum,,http://creativecommons.org/licenses/by-nc-sa/3.0/,https://www.europeana.eu/item/2023846/medienarchiv_web_detailansicht_id_178909?utm_source=api&utm_medium=api&utm_campaign=api2demo
2023846_medienarchiv_web_detailansicht_id_178905,germany,E:\Desktop\Echo\storage\public\research_dataset_v2\germany_final\audio\2023846_medienarchiv_web_detailansicht_id_178905.mp3,europeana_search,search,2182,,,,,,,"When I ask the Wandrer; Songs, sung by Johannes Wilhelms, Natzes",,http://creativecommons.org/licenses/by-nc-sa/3.0/,https://www.europeana.eu/item/2023846/medienarchiv_web_detailansicht_id_178905?utm_source=api&utm_medium=api&utm_campaign=api2demo
2023846_medienarchiv_web_detailansicht_id_178846,germany,E:\Desktop\Echo\storage\public\research_dataset_v2\germany_final\audio\2023846_medienarchiv_web_detailansicht_id_178846.mp3,europeana_search,search,2183,,,,,,,"Es stehn zwei Freunde Hand in Hand; Lieder, gesungen von Johannes Wilhelms, Natzungen",,http://creativecommons.org/licenses/by-nc-sa/3.0/,https://www.europeana.eu/item/2023846/medienarchiv_web_detailansicht_id_178846?utm_source=api&utm_medium=api&utm_campaign=api2demo
2023846_medienarchiv_web_detailansicht_id_178842,germany,E:\Desktop\Echo\storage\public\research_dataset_v2\germany_final\audio\2023846_medienarchiv_web_detailansicht_id_178842.mp3,europeana_search,search,2184,,,,,,,"The Tears; Songs sung by Johannes Wilhelms, Natzes",,http://creativecommons.org/licenses/by-nc-sa/3.0/,https://www.europeana.eu/item/2023846/medienarchiv_web_detailansicht_id_178842?utm_source=api&utm_medium=api&utm_campaign=api2demo
2023846_medienarchiv_web_detailansicht_id_178841,germany,E:\Desktop\Echo\storage\public\research_dataset_v2\germany_final\audio\2023846_medienarchiv_web_detailansicht_id_178841.mp3,europeana_search,search,2185,,,,,,,"I’ve never cried; songs sung by Johannes Wilhelms, Natzungen",,http://creativecommons.org/licenses/by-nc-sa/3.0/,https://www.europeana.eu/item/2023846/medienarchiv_web_detailansicht_id_178841?utm_source=api&utm_medium=api&utm_campaign=api2demo
2023846_medienarchiv_web_detailansicht_id_178840,germany,E:\Desktop\Echo\storage\public\research_dataset_v2\germany_final\audio\2023846_medienarchiv_web_detailansicht_id_178840.mp3,europeana_search,search,2186,,,,,,,"Es war einmal ein achtzehnjähriges Mädchen; Lieder, gesungen von Johannes Wilhelms, Natzungen",,http://creativecommons.org/licenses/by-nc-sa/3.0/,https://www.europeana.eu/item/2023846/medienarchiv_web_detailansicht_id_178840?utm_source=api&utm_medium=api&utm_campaign=api2demo
2023846_medienarchiv_web_detailansicht_id_178837,germany,E:\Desktop\Echo\storage\public\research_dataset_v2\germany_final\audio\2023846_medienarchiv_web_detailansicht_id_178837.mp3,europeana_search,search,2187,,,,,,,"Es spielte ein Mädchen am Rädchen; Lieder, gesungen von Johannes Wilhelms, Natzungen",,http://creativecommons.org/licenses/by-nc-sa/3.0/,https://www.europeana.eu/item/2023846/medienarchiv_web_detailansicht_id_178837?utm_source=api&utm_medium=api&utm_campaign=api2demo
2023846_medienarchiv_web_detailansicht_id_178810,germany,E:\Desktop\Echo\storage\public\research_dataset_v2\germany_final\audio\2023846_medienarchiv_web_detailansicht_id_178810.mp3,europeana_search,search,2188,,,,,,,"Ja deiner vergeß ich ja nimmer; Lieder, gesungen von Johannes Wilhelms, Natzungen",,http://creativecommons.org/licenses/by-nc-sa/3.0/,https://www.europeana.eu/item/2023846/medienarchiv_web_detailansicht_id_178810?utm_source=api&utm_medium=api&utm_campaign=api2demo
2023846_medienarchiv_web_detailansicht_id_178467,germany,E:\Desktop\Echo\storage\public\research_dataset_v2\germany_final\audio\2023846_medienarchiv_web_detailansicht_id_178467.mp3,europeana_search,search,2354,,,,,,,"Where the cliffs rise at the sea; songs sung by Johannes Wilhelms, Natzungen",,http://creativecommons.org/licenses/by-nc-sa/3.0/,https://www.europeana.eu/item/2023846/medienarchiv_web_detailansicht_id_178467?utm_source=api&utm_medium=api&utm_campaign=api2demo
2023846_medienarchiv_web_detailansicht_id_178464,germany,E:\Desktop\Echo\storage\public\research_dataset_v2\germany_final\audio\2023846_medienarchiv_web_detailansicht_id_178464.mp3,europeana_search,search,2356,,,,,,,"Treueste, du brachst den Schwur der Treue; Lieder, gesungen von Johannes Wilhelms, Natzungen",,http://creativecommons.org/licenses/by-nc-sa/3.0/,https://www.europeana.eu/item/2023846/medienarchiv_web_detailansicht_id_178464?utm_source=api&utm_medium=api&utm_campaign=api2demo
2023846_medienarchiv_web_detailansicht_id_178435,germany,E:\Desktop\Echo\storage\public\research_dataset_v2\germany_final\audio\2023846_medienarchiv_web_detailansicht_id_178435.mp3,europeana_search,search,2364,,,,,,,"Brothers, hears the history of murder; songs sung by Johannes Wilhelms, Natzungen",,http://creativecommons.org/licenses/by-nc-sa/3.0/,https://www.europeana.eu/item/2023846/medienarchiv_web_detailansicht_id_178435?utm_source=api&utm_medium=api&utm_campaign=api2demo
2023846_medienarchiv_web_detailansicht_id_178428,germany,E:\Desktop\Echo\storage\public\research_dataset_v2\germany_final\audio\2023846_medienarchiv_web_detailansicht_id_178428.mp3,europeana_search,search,2367,,,,,,,"Ich lebte einst im deutschen Vaterlande; Lieder, gesungen von Johannes Wilhelms, Natzungen",,http://creativecommons.org/licenses/by-nc-sa/3.0/,https://www.europeana.eu/item/2023846/medienarchiv_web_detailansicht_id_178428?utm_source=api&utm_medium=api&utm_campaign=api2demo
2023846_medienarchiv_web_detailansicht_id_178421,germany,E:\Desktop\Echo\storage\public\research_dataset_v2\germany_final\audio\2023846_medienarchiv_web_detailansicht_id_178421.mp3,europeana_search,search,2369,,,,,,,"Wo findet die Seele die Heimat; Lieder, gesungen von Johannes Wilhelms, Natzungen",,http://creativecommons.org/licenses/by-nc-sa/3.0/,https://www.europeana.eu/item/2023846/medienarchiv_web_detailansicht_id_178421?utm_source=api&utm_medium=api&utm_campaign=api2demo
2023846_medienarchiv_web_detailansicht_id_178424,germany,E:\Desktop\Echo\storage\public\research_dataset_v2\germany_final\audio\2023846_medienarchiv_web_detailansicht_id_178424.mp3,europeana_search,search,2370,,,,,,,"I’d like to be so fond at home; songs sung by Johannes Wilhelms, Natzes",,http://creativecommons.org/licenses/by-nc-sa/3.0/,https://www.europeana.eu/item/2023846/medienarchiv_web_detailansicht_id_178424?utm_source=api&utm_medium=api&utm_campaign=api2demo
2023846_medienarchiv_web_detailansicht_id_178402,germany,E:\Desktop\Echo\storage\public\research_dataset_v2\germany_final\audio\2023846_medienarchiv_web_detailansicht_id_178402.mp3,europeana_search,search,2376,,,,,,,"At the place where my cradle stood; songs sung by Johannes Wilhelms, Natzungen",,http://creativecommons.org/licenses/by-nc-sa/3.0/,https://www.europeana.eu/item/2023846/medienarchiv_web_detailansicht_id_178402?utm_source=api&utm_medium=api&utm_campaign=api2demo
2023846_medienarchiv_web_detailansicht_id_178380,germany,E:\Desktop\Echo\storage\public\research_dataset_v2\germany_final\audio\2023846_medienarchiv_web_detailansicht_id_178380.mp3,europeana_search,search,2388,,,,,,,Im Schweizertal geboren; Brauchbeschreibungen und Lieder von W. Arndts,,http://creativecommons.org/licenses/by-nc-sa/3.0/,https://www.europeana.eu/item/2023846/medienarchiv_web_detailansicht_id_178380?utm_source=api&utm_medium=api&utm_campaign=api2demo
2023846_medienarchiv_web_detailansicht_id_178376,germany,E:\Desktop\Echo\storage\public\research_dataset_v2\germany_final\audio\2023846_medienarchiv_web_detailansicht_id_178376.mp3,europeana_search,search,2390,,,,,,,Zieh hinaus beim Morgengraun; Brauchbeschreibungen und Lieder von W. Arndts,,http://creativecommons.org/licenses/by-nc-sa/3.0/,https://www.europeana.eu/item/2023846/medienarchiv_web_detailansicht_id_178376?utm_source=api&utm_medium=api&utm_campaign=api2demo
2023846_medienarchiv_web_detailansicht_id_178367,germany,E:\Desktop\Echo\storage\public\research_dataset_v2\germany_final\audio\2023846_medienarchiv_web_detailansicht_id_178367.mp3,europeana_search,search,2395,,,,,,,"Schatz ach Schatz, reise nicht so weit; Brauchbeschreibungen und Lieder von W. Arndts",,http://creativecommons.org/licenses/by-nc-sa/3.0/,https://www.europeana.eu/item/2023846/medienarchiv_web_detailansicht_id_178367?utm_source=api&utm_medium=api&utm_campaign=api2demo
2023846_medienarchiv_web_detailansicht_id_178362,germany,E:\Desktop\Echo\storage\public\research_dataset_v2\germany_final\audio\2023846_medienarchiv_web_detailansicht_id_178362.mp3,europeana_search,search,2399,,,,,,,"Today I divorce, tomorrow I wander; custom descriptions and songs by W. Arndt.",,http://creativecommons.org/licenses/by-nc-sa/3.0/,https://www.europeana.eu/item/2023846/medienarchiv_web_detailansicht_id_178362?utm_source=api&utm_medium=api&utm_campaign=api2demo
2023846_medienarchiv_web_detailansicht_id_178343,germany,E:\Desktop\Echo\storage\public\research_dataset_v2\germany_final\audio\2023846_medienarchiv_web_detailansicht_id_178343.mp3,europeana_search,search,2409,,,,,,,Ich liebte einst ein Mädchen; Brauchbeschreibungen und Lieder von W. Arndts,,http://creativecommons.org/licenses/by-nc-sa/3.0/,https://www.europeana.eu/item/2023846/medienarchiv_web_detailansicht_id_178343?utm_source=api&utm_medium=api&utm_campaign=api2demo
2023846_medienarchiv_web_detailansicht_id_178281,germany,E:\Desktop\Echo\storage\public\research_dataset_v2\germany_final\audio\2023846_medienarchiv_web_detailansicht_id_178281.mp3,europeana_search,search,2429,,,,,,,In des Gartens dunkler Laube; Brauchbeschreibungen und Lieder von W. Arndts,,http://creativecommons.org/licenses/by-nc-sa/3.0/,https://www.europeana.eu/item/2023846/medienarchiv_web_detailansicht_id_178281?utm_source=api&utm_medium=api&utm_campaign=api2demo
2023846_medienarchiv_web_detailansicht_id_178264,germany,E:\Desktop\Echo\storage\public\research_dataset_v2\germany_final\audio\2023846_medienarchiv_web_detailansicht_id_178264.mp3,europeana_search,search,2435,,,,,,,On the Saale cool beach; custom descriptions and songs by W. Arndt,,http://creativecommons.org/licenses/by-nc-sa/3.0/,https://www.europeana.eu/item/2023846/medienarchiv_web_detailansicht_id_178264?utm_source=api&utm_medium=api&utm_campaign=api2demo
2023846_medienarchiv_web_detailansicht_id_178255,germany,E:\Desktop\Echo\storage\public\research_dataset_v2\germany_final\audio\2023846_medienarchiv_web_detailansicht_id_178255.mp3,europeana_search,search,2438,,,,,,,Das war im Böhmerwald; Brauchbeschreibungen und Lieder von W. Arndts,,http://creativecommons.org/licenses/by-nc-sa/3.0/,https://www.europeana.eu/item/2023846/medienarchiv_web_detailansicht_id_178255?utm_source=api&utm_medium=api&utm_campaign=api2demo
2023846_medienarchiv_web_detailansicht_id_178250,germany,E:\Desktop\Echo\storage\public\research_dataset_v2\germany_final\audio\2023846_medienarchiv_web_detailansicht_id_178250.mp3,europeana_search,search,2439,,,,,,,Annemariejännken; Brauchbeschreibungen und Lieder von W. Arndts,,http://creativecommons.org/licenses/by-nc-sa/3.0/,https://www.europeana.eu/item/2023846/medienarchiv_web_detailansicht_id_178250?utm_source=api&utm_medium=api&utm_campaign=api2demo
2023846_medienarchiv_web_detailansicht_id_178246,germany,E:\Desktop\Echo\storage\public\research_dataset_v2\germany_final\audio\2023846_medienarchiv_web_detailansicht_id_178246.mp3,europeana_search,search,2441,,,,,,,Ach Moder ich will en Ding hem; Brauchbeschreibungen und Lieder von W. Arndts,,http://creativecommons.org/licenses/by-nc-sa/3.0/,https://www.europeana.eu/item/2023846/medienarchiv_web_detailansicht_id_178246?utm_source=api&utm_medium=api&utm_campaign=api2demo
2023846_medienarchiv_web_detailansicht_id_178226,germany,E:\Desktop\Echo\storage\public\research_dataset_v2\germany_final\audio\2023846_medienarchiv_web_detailansicht_id_178226.mp3,europeana_search,search,2449,,,,,,,As Burlala geboren was; Brauchbeschreibungen und Lieder von W. Arndts,,http://creativecommons.org/licenses/by-nc-sa/3.0/,https://www.europeana.eu/item/2023846/medienarchiv_web_detailansicht_id_178226?utm_source=api&utm_medium=api&utm_campaign=api2demo
2023846_medienarchiv_web_detailansicht_id_178212,germany,E:\Desktop\Echo\storage\public\research_dataset_v2\germany_final\audio\2023846_medienarchiv_web_detailansicht_id_178212.mp3,europeana_search,search,2453,,,,,,,Greitken kumm maol an dat Finster; Brauchbeschreibungen und Lieder von W. Arndts,,http://creativecommons.org/licenses/by-nc-sa/3.0/,https://www.europeana.eu/item/2023846/medienarchiv_web_detailansicht_id_178212?utm_source=api&utm_medium=api&utm_campaign=api2demo
2023846_medienarchiv_web_detailansicht_id_178206,germany,E:\Desktop\Echo\storage\public\research_dataset_v2\germany_final\audio\2023846_medienarchiv_web_detailansicht_id_178206.mp3,europeana_search,search,2456,,,,,,,Da oben auf dem Kirchhof; Brauchbeschreibungen und Lieder von W. Arndts,,http://creativecommons.org/licenses/by-nc-sa/3.0/,https://www.europeana.eu/item/2023846/medienarchiv_web_detailansicht_id_178206?utm_source=api&utm_medium=api&utm_campaign=api2demo
2023846_medienarchiv_web_detailansicht_id_178204,germany,E:\Desktop\Echo\storage\public\research_dataset_v2\germany_final\audio\2023846_medienarchiv_web_detailansicht_id_178204.mp3,europeana_search,search,2457,,,,,,,Eier - Heischelied zum 2. Ostertag; Brauchbeschreibungen und Lieder von W. Arndts,,http://creativecommons.org/licenses/by-nc-sa/3.0/,https://www.europeana.eu/item/2023846/medienarchiv_web_detailansicht_id_178204?utm_source=api&utm_medium=api&utm_campaign=api2demo
2023846_medienarchiv_web_detailansicht_id_178192,germany,E:\Desktop\Echo\storage\public\research_dataset_v2\germany_final\audio\2023846_medienarchiv_web_detailansicht_id_178192.mp3,europeana_search,search,2458,,,,,,,Michaelis - Singen in Sassenberg; Michaelis - Singen in Sassenberg,,http://creativecommons.org/licenses/by-nc-sa/3.0/,https://www.europeana.eu/item/2023846/medienarchiv_web_detailansicht_id_178192?utm_source=api&utm_medium=api&utm_campaign=api2demo
2023846_medienarchiv_web_detailansicht_id_178148,germany,E:\Desktop\Echo\storage\public\research_dataset_v2\germany_final\audio\2023846_medienarchiv_web_detailansicht_id_178148.mp3,europeana_search,search,2459,,,,,,,Music at the shooting festival of “Mauritz-Erpho”; music at the shooting festival of “Mauritz-Erpho”,,http://creativecommons.org/licenses/by-nc-sa/3.0/,https://www.europeana.eu/item/2023846/medienarchiv_web_detailansicht_id_178148?utm_source=api&utm_medium=api&utm_campaign=api2demo
2023846_medienarchiv_web_detailansicht_id_178143,germany,E:\Desktop\Echo\storage\public\research_dataset_v2\germany_final\audio\2023846_medienarchiv_web_detailansicht_id_178143.mp3,europeana_search,search,2462,,,,,,,Ich hatt´ einen Kameraden; Musik beim Schützenfest der Schützenbruderschaft St. Lamberti - Josef,,http://creativecommons.org/licenses/by-nc-sa/3.0/,https://www.europeana.eu/item/2023846/medienarchiv_web_detailansicht_id_178143?utm_source=api&utm_medium=api&utm_campaign=api2demo
2023846_medienarchiv_web_detailansicht_id_178140,germany,E:\Desktop\Echo\storage\public\research_dataset_v2\germany_final\audio\2023846_medienarchiv_web_detailansicht_id_178140.mp3,europeana_search,search,2464,,,,,,,Music at the shooting festival of St. Lamberti’s Brotherhood - Joseph; music at the shooting festival of St. Lamberti’s Brotherhood - Joseph,,http://creativecommons.org/licenses/by-nc-sa/3.0/,https://www.europeana.eu/item/2023846/medienarchiv_web_detailansicht_id_178140?utm_source=api&utm_medium=api&utm_campaign=api2demo
2023846_medienarchiv_web_detailansicht_id_178138,germany,E:\Desktop\Echo\storage\public\research_dataset_v2\germany_final\audio\2023846_medienarchiv_web_detailansicht_id_178138.mp3,europeana_search,search,2465,,,,,,,"Ich hatt´ einen Kameraden; Musik beim Schützenfest der ""Pluggendorfer Jäger""",,http://creativecommons.org/licenses/by-nc-sa/3.0/,https://www.europeana.eu/item/2023846/medienarchiv_web_detailansicht_id_178138?utm_source=api&utm_medium=api&utm_campaign=api2demo
2023846_medienarchiv_web_detailansicht_id_178137,germany,E:\Desktop\Echo\storage\public\research_dataset_v2\germany_final\audio\2023846_medienarchiv_web_detailansicht_id_178137.mp3,europeana_search,search,2467,,,,,,,Heart-lover my lower vine roof; music at the “Pluggendorfer Jäger” shooting festival,,http://creativecommons.org/licenses/by-nc-sa/3.0/,https://www.europeana.eu/item/2023846/medienarchiv_web_detailansicht_id_178137?utm_source=api&utm_medium=api&utm_campaign=api2demo
2023846_medienarchiv_web_detailansicht_id_178118,germany,E:\Desktop\Echo\storage\public\research_dataset_v2\germany_final\audio\2023846_medienarchiv_web_detailansicht_id_178118.mp3,europeana_search,search,2481,,,,,,,"An orphan’s basket moved into the forest; handwritten songbook No. 23 - songs sung by Anna Dreier, Hülshagen, song No. 61",,http://creativecommons.org/licenses/by-nc-sa/3.0/,https://www.europeana.eu/item/2023846/medienarchiv_web_detailansicht_id_178118?utm_source=api&utm_medium=api&utm_campaign=api2demo
2023846_medienarchiv_web_detailansicht_id_178115,germany,E:\Desktop\Echo\storage\public\research_dataset_v2\germany_final\audio\2023846_medienarchiv_web_detailansicht_id_178115.mp3,europeana_search,search,2483,,,,,,,"I know a lonely square; handwritten songbook No. 23 - songs sung by Anna Dreier, Hülshagen, song No. 60",,http://creativecommons.org/licenses/by-nc-sa/3.0/,https://www.europeana.eu/item/2023846/medienarchiv_web_detailansicht_id_178115?utm_source=api&utm_medium=api&utm_campaign=api2demo
2023846_medienarchiv_web_detailansicht_id_178044,germany,E:\Desktop\Echo\storage\public\research_dataset_v2\germany_final\audio\2023846_medienarchiv_web_detailansicht_id_178044.mp3,europeana_search,search,2528,,,,,,,"In einem Polenstädtchen; Handschriftliches Liederbuch Nr. 23 - Lieder, gesungen von Anna Dreier, Hülshagen, Lied Nr. 46",,http://creativecommons.org/licenses/by-nc-sa/3.0/,https://www.europeana.eu/item/2023846/medienarchiv_web_detailansicht_id_178044?utm_source=api&utm_medium=api&utm_campaign=api2demo
2023846_medienarchiv_web_detailansicht_id_178041,germany,E:\Desktop\Echo\storage\public\research_dataset_v2\germany_final\audio\2023846_medienarchiv_web_detailansicht_id_178041.mp3,europeana_search,search,2531,,,,,,,"Once upon a time there was a garbage man; handwritten songbook No. 23 - songs sung by Anna Dreier, Hülshagen, song No. 43.",,http://creativecommons.org/licenses/by-nc-sa/3.0/,https://www.europeana.eu/item/2023846/medienarchiv_web_detailansicht_id_178041?utm_source=api&utm_medium=api&utm_campaign=api2demo
2023846_medienarchiv_web_detailansicht_id_178039,germany,E:\Desktop\Echo\storage\public\research_dataset_v2\germany_final\audio\2023846_medienarchiv_web_detailansicht_id_178039.mp3,europeana_search,search,2533,,,,,,,"A heart tormenting with worries; handwritten songbook No. 23 - songs sung by Anna Dreier, Hülshagen, song No. 38",,http://creativecommons.org/licenses/by-nc-sa/3.0/,https://www.europeana.eu/item/2023846/medienarchiv_web_detailansicht_id_178039?utm_source=api&utm_medium=api&utm_campaign=api2demo
2023846_medienarchiv_web_detailansicht_id_178036,germany,E:\Desktop\Echo\storage\public\research_dataset_v2\germany_final\audio\2023846_medienarchiv_web_detailansicht_id_178036.mp3,europeana_search,search,2534,,,,,,,"Laßt die Herzen immer fröhlich; Handschriftliches Liederbuch Nr. 23 - Lieder, gesungen von Anna Dreier, Hülshagen, Lied Nr. 34",,http://creativecommons.org/licenses/by-nc-sa/3.0/,https://www.europeana.eu/item/2023846/medienarchiv_web_detailansicht_id_178036?utm_source=api&utm_medium=api&utm_campaign=api2demo
2023846_medienarchiv_web_detailansicht_id_178030,germany,E:\Desktop\Echo\storage\public\research_dataset_v2\germany_final\audio\2023846_medienarchiv_web_detailansicht_id_178030.mp3,europeana_search,search,2538,,,,,,,"Im Frühling ist´s auf den Alpen; Handschriftliches Liederbuch Nr. 23 - Lieder, gesungen von Anna Dreier, Hülshagen, Lied Nr. 31",,http://creativecommons.org/licenses/by-nc-sa/3.0/,https://www.europeana.eu/item/2023846/medienarchiv_web_detailansicht_id_178030?utm_source=api&utm_medium=api&utm_campaign=api2demo
2023846_medienarchiv_web_detailansicht_id_178028,germany,E:\Desktop\Echo\storage\public\research_dataset_v2\germany_final\audio\2023846_medienarchiv_web_detailansicht_id_178028.mp3,europeana_search,search,2540,,,,,,,"Every morning the sun rises; handwritten songbook No. 23 - songs sung by Anna Dreier, Hülshagen. Song No. 28",,http://creativecommons.org/licenses/by-nc-sa/3.0/,https://www.europeana.eu/item/2023846/medienarchiv_web_detailansicht_id_178028?utm_source=api&utm_medium=api&utm_campaign=api2demo
2023846_medienarchiv_web_detailansicht_id_178027,germany,E:\Desktop\Echo\storage\public\research_dataset_v2\germany_final\audio\2023846_medienarchiv_web_detailansicht_id_178027.mp3,europeana_search,search,2542,,,,,,,"Willkommen, o seliger Abend; Handschriftliches Liederbuch Nr. 23 - Lieder, gesungen von Anna Dreier, Hülshagen, Lied Nr. 19",,http://creativecommons.org/licenses/by-nc-sa/3.0/,https://www.europeana.eu/item/2023846/medienarchiv_web_detailansicht_id_178027?utm_source=api&utm_medium=api&utm_campaign=api2demo
2023846_medienarchiv_web_detailansicht_id_178022,germany,E:\Desktop\Echo\storage\public\research_dataset_v2\germany_final\audio\2023846_medienarchiv_web_detailansicht_id_178022.mp3,europeana_search,search,2543,,,,,,,"Soll ich Dir mein Liebchen nennen; Handschriftliches Liederbuch Nr. 23 - Lieder, gesungen von Anna Dreier, Hülshagen, Lied Nr. 10",,http://creativecommons.org/licenses/by-nc-sa/3.0/,https://www.europeana.eu/item/2023846/medienarchiv_web_detailansicht_id_178022?utm_source=api&utm_medium=api&utm_campaign=api2demo
2023846_medienarchiv_web_detailansicht_id_178021,germany,E:\Desktop\Echo\storage\public\research_dataset_v2\germany_final\audio\2023846_medienarchiv_web_detailansicht_id_178021.mp3,europeana_search,search,2544,,,,,,,"A young man fell in love; handwritten songbook No. 23 - songs sung by Anna Dreier, Hülshagen, song No. 08",,http://creativecommons.org/licenses/by-nc-sa/3.0/,https://www.europeana.eu/item/2023846/medienarchiv_web_detailansicht_id_178021?utm_source=api&utm_medium=api&utm_campaign=api2demo
2023846_medienarchiv_web_detailansicht_id_178019,germany,E:\Desktop\Echo\storage\public\research_dataset_v2\germany_final\audio\2023846_medienarchiv_web_detailansicht_id_178019.mp3,europeana_search,search,2545,,,,,,,"I once went for a walk; handwritten songbook No. 23 - songs sung by Anna Dreier, Hülshagen, song No. 06",,http://creativecommons.org/licenses/by-nc-sa/3.0/,https://www.europeana.eu/item/2023846/medienarchiv_web_detailansicht_id_178019?utm_source=api&utm_medium=api&utm_campaign=api2demo
2023846_medienarchiv_web_detailansicht_id_178018,germany,E:\Desktop\Echo\storage\public\research_dataset_v2\germany_final\audio\2023846_medienarchiv_web_detailansicht_id_178018.mp3,europeana_search,search,2546,,,,,,,"Nach meiner Heimat ziehts mich wieder; Handschriftliches Liederbuch Nr. 23 - Lieder, gesungen von Anna Dreier, Hülshagen, Lied Nr. 01",,http://creativecommons.org/licenses/by-nc-sa/3.0/,https://www.europeana.eu/item/2023846/medienarchiv_web_detailansicht_id_178018?utm_source=api&utm_medium=api&utm_campaign=api2demo
2023846_medienarchiv_web_detailansicht_id_177983,germany,E:\Desktop\Echo\storage\public\research_dataset_v2\germany_final\audio\2023846_medienarchiv_web_detailansicht_id_177983.mp3,europeana_search,search,2553,,,,,,,Osterbrauchtum in Hallenberg; Osterbrauchtum in Hallenberg,,http://creativecommons.org/licenses/by-nc-sa/3.0/,https://www.europeana.eu/item/2023846/medienarchiv_web_detailansicht_id_177983?utm_source=api&utm_medium=api&utm_campaign=api2demo
2023846_medienarchiv_web_detailansicht_id_177978,germany,E:\Desktop\Echo\storage\public\research_dataset_v2\germany_final\audio\2023846_medienarchiv_web_detailansicht_id_177978.mp3,europeana_search,search,2554,,,,,,,Blasen auf einer weißen Tonpfeife aus Westerkappeln,,http://creativecommons.org/licenses/by-nc-sa/3.0/,https://www.europeana.eu/item/2023846/medienarchiv_web_detailansicht_id_177978?utm_source=api&utm_medium=api&utm_campaign=api2demo
2023846_medienarchiv_web_detailansicht_id_177964,germany,E:\Desktop\Echo\storage\public\research_dataset_v2\germany_final\audio\2023846_medienarchiv_web_detailansicht_id_177964.mp3,europeana_search,search,2555,,,,,,,"Der Plumpsack geht rum; Kinderlieder, gesungen von Wolfgang Niehoff aus Leeden",,http://creativecommons.org/licenses/by-nc-sa/3.0/,https://www.europeana.eu/item/2023846/medienarchiv_web_detailansicht_id_177964?utm_source=api&utm_medium=api&utm_campaign=api2demo
2023846_medienarchiv_web_detailansicht_id_177965,germany,E:\Desktop\Echo\storage\public\research_dataset_v2\germany_final\audio\2023846_medienarchiv_web_detailansicht_id_177965.mp3,europeana_search,search,2556,,,,,,,We step on the chain; children’s songs sung by Wolfgang Niehoff from Leeden,,http://creativecommons.org/licenses/by-nc-sa/3.0/,https://www.europeana.eu/item/2023846/medienarchiv_web_detailansicht_id_177965?utm_source=api&utm_medium=api&utm_campaign=api2demo
2023846_medienarchiv_web_detailansicht_id_177963,germany,E:\Desktop\Echo\storage\public\research_dataset_v2\germany_final\audio\2023846_medienarchiv_web_detailansicht_id_177963.mp3,europeana_search,search,2557,,,,,,,"Gestern Abend auf der Brücke; Kinderlieder, gesungen von Wolfgang Niehoff aus Leeden",,http://creativecommons.org/licenses/by-nc-sa/3.0/,https://www.europeana.eu/item/2023846/medienarchiv_web_detailansicht_id_177963?utm_source=api&utm_medium=api&utm_campaign=api2demo
2023846_medienarchiv_web_detailansicht_id_177961,germany,E:\Desktop\Echo\storage\public\research_dataset_v2\germany_final\audio\2023846_medienarchiv_web_detailansicht_id_177961.mp3,europeana_search,search,2558,,,,,,,"Häschen in der Grube; Kinderlieder, gesungen von Wolfgang Niehoff aus Leeden",,http://creativecommons.org/licenses/by-nc-sa/3.0/,https://www.europeana.eu/item/2023846/medienarchiv_web_detailansicht_id_177961?utm_source=api&utm_medium=api&utm_campaign=api2demo
2023846_medienarchiv_web_detailansicht_id_177962,germany,E:\Desktop\Echo\storage\public\research_dataset_v2\germany_final\audio\2023846_medienarchiv_web_detailansicht_id_177962.mp3,europeana_search,search,2559,,,,,,,"Machet auf das Tor; Kinderlieder, gesungen von Wolfgang Niehoff aus Leeden",,http://creativecommons.org/licenses/by-nc-sa/3.0/,https://www.europeana.eu/item/2023846/medienarchiv_web_detailansicht_id_177962?utm_source=api&utm_medium=api&utm_campaign=api2demo
2023846_medienarchiv_web_detailansicht_id_177960,germany,E:\Desktop\Echo\storage\public\research_dataset_v2\germany_final\audio\2023846_medienarchiv_web_detailansicht_id_177960.mp3,europeana_search,search,2560,,,,,,,"Rote Kirschen eß ich gern; Kinderlieder, gesungen von Wolfgang Niehoff aus Leeden",,http://creativecommons.org/licenses/by-nc-sa/3.0/,https://www.europeana.eu/item/2023846/medienarchiv_web_detailansicht_id_177960?utm_source=api&utm_medium=api&utm_campaign=api2demo
2023846_medienarchiv_web_detailansicht_id_177755,germany,E:\Desktop\Echo\storage\public\research_dataset_v2\germany_final\audio\2023846_medienarchiv_web_detailansicht_id_177755.mp3,europeana_search,search,2623,,,,,,,"I go with my lantern; Martin’s songs, sung by teacher Schmitte from LenIch near Werne",,http://creativecommons.org/licenses/by-nc-sa/3.0/,https://www.europeana.eu/item/2023846/medienarchiv_web_detailansicht_id_177755?utm_source=api&utm_medium=api&utm_campaign=api2demo
2023846_medienarchiv_web_detailansicht_id_177748,germany,E:\Desktop\Echo\storage\public\research_dataset_v2\germany_final\audio\2023846_medienarchiv_web_detailansicht_id_177748.mp3,europeana_search,search,2630,,,,,,,"Heut feiern wir St. Martinsfest; Martinslieder, gesungen von Lehrer Schmitte aus Lenklar bei Werne",,http://creativecommons.org/licenses/by-nc-sa/3.0/,https://www.europeana.eu/item/2023846/medienarchiv_web_detailansicht_id_177748?utm_source=api&utm_medium=api&utm_campaign=api2demo
2023846_medienarchiv_web_detailansicht_id_177405,germany,E:\Desktop\Echo\storage\public\research_dataset_v2\germany_final\audio\2023846_medienarchiv_web_detailansicht_id_177405.mp3,europeana_search,search,2738,,,,,,,"Deutschlandlied; Fahnenschlag am ""Guten Montag"" der Bäckergilde in Münster",,http://creativecommons.org/licenses/by-nc-sa/3.0/,https://www.europeana.eu/item/2023846/medienarchiv_web_detailansicht_id_177405?utm_source=api&utm_medium=api&utm_campaign=api2demo
2023846_medienarchiv_web_detailansicht_id_177356,germany,E:\Desktop\Echo\storage\public\research_dataset_v2\germany_final\audio\2023846_medienarchiv_web_detailansicht_id_177356.mp3,europeana_search,search,2750,,,,,,,"Wenn der Frühling kommt; ""Lindenbegießen"" in Horstmar",,http://creativecommons.org/licenses/by-nc-sa/3.0/,https://www.europeana.eu/item/2023846/medienarchiv_web_detailansicht_id_177356?utm_source=api&utm_medium=api&utm_campaign=api2demo
2023846_medienarchiv_web_detailansicht_id_177355,germany,E:\Desktop\Echo\storage\public\research_dataset_v2\germany_final\audio\2023846_medienarchiv_web_detailansicht_id_177355.mp3,europeana_search,search,2752,,,,,,,"Die Sonn erwacht; ""Lindenbegießen"" in Horstmar",,http://creativecommons.org/licenses/by-nc-sa/3.0/,https://www.europeana.eu/item/2023846/medienarchiv_web_detailansicht_id_177355?utm_source=api&utm_medium=api&utm_campaign=api2demo
2023846_medienarchiv_web_detailansicht_id_177348,germany,E:\Desktop\Echo\storage\public\research_dataset_v2\germany_final\audio\2023846_medienarchiv_web_detailansicht_id_177348.mp3,europeana_search,search,2755,,,,,,,"Drauß ist alles so prächtig; ""Lindenbegießen"" in Horstmar",,http://creativecommons.org/licenses/by-nc-sa/3.0/,https://www.europeana.eu/item/2023846/medienarchiv_web_detailansicht_id_177348?utm_source=api&utm_medium=api&utm_campaign=api2demo
2023846_medienarchiv_web_detailansicht_id_177281,germany,E:\Desktop\Echo\storage\public\research_dataset_v2\germany_final\audio\2023846_medienarchiv_web_detailansicht_id_177281.mp3,europeana_search,search,2762,,,,,,,"""Lindenbegießen"" in Horstmar; ""Lindenbegießen"" in Horstmar",,http://creativecommons.org/licenses/by-nc-sa/3.0/,https://www.europeana.eu/item/2023846/medienarchiv_web_detailansicht_id_177281?utm_source=api&utm_medium=api&utm_campaign=api2demo
2023846_medienarchiv_web_detailansicht_id_177086,germany,E:\Desktop\Echo\storage\public\research_dataset_v2\germany_final\audio\2023846_medienarchiv_web_detailansicht_id_177086.mp3,europeana_search,search,2822,,,,,,,"Wir treten zum Beten; Handschriftliches Liederbuch Nr. 24 - Theodor Große-Venhaus, Lieder und Gespräche (Gesamtaufnahme)",,http://creativecommons.org/licenses/by-nc-sa/3.0/,https://www.europeana.eu/item/2023846/medienarchiv_web_detailansicht_id_177086?utm_source=api&utm_medium=api&utm_campaign=api2demo
2023846_medienarchiv_web_detailansicht_id_177087,germany,E:\Desktop\Echo\storage\public\research_dataset_v2\germany_final\audio\2023846_medienarchiv_web_detailansicht_id_177087.mp3,europeana_search,search,2823,,,,,,,"Argonnerwald um Mitternacht; Handschriftliches Liederbuch Nr. 24 - Theodor Große-Venhaus, Lieder und Gespräche (Gesamtaufnahme)",,http://creativecommons.org/licenses/by-nc-sa/3.0/,https://www.europeana.eu/item/2023846/medienarchiv_web_detailansicht_id_177087?utm_source=api&utm_medium=api&utm_campaign=api2demo
2023846_medienarchiv_web_detailansicht_id_177085,germany,E:\Desktop\Echo\storage\public\research_dataset_v2\germany_final\audio\2023846_medienarchiv_web_detailansicht_id_177085.mp3,europeana_search,search,2824,,,,,,,"Wohlauf, Kameraden, auf´s Pferd; Handschriftliches Liederbuch Nr. 24 - Theodor Große-Venhaus, Lieder und Gespräche (Gesamtaufnahme)",,http://creativecommons.org/licenses/by-nc-sa/3.0/,https://www.europeana.eu/item/2023846/medienarchiv_web_detailansicht_id_177085?utm_source=api&utm_medium=api&utm_campaign=api2demo
2023846_medienarchiv_web_detailansicht_id_177080,germany,E:\Desktop\Echo\storage\public\research_dataset_v2\germany_final\audio\2023846_medienarchiv_web_detailansicht_id_177080.mp3,europeana_search,search,2827,,,,,,,"Harre meine Seele; Handschriftliches Liederbuch Nr. 24 - Theodor Große-Venhaus, Lieder und Gespräche (Gesamtaufnahme)",,http://creativecommons.org/licenses/by-nc-sa/3.0/,https://www.europeana.eu/item/2023846/medienarchiv_web_detailansicht_id_177080?utm_source=api&utm_medium=api&utm_campaign=api2demo
2023846_medienarchiv_web_detailansicht_id_177077,germany,E:\Desktop\Echo\storage\public\research_dataset_v2\germany_final\audio\2023846_medienarchiv_web_detailansicht_id_177077.mp3,europeana_search,search,2828,,,,,,,"Drauß ist alles so prächtig; Handschriftliches Liederbuch Nr. 24 - Theodor Große-Venhaus, Lieder und Gespräche (Gesamtaufnahme)",,http://creativecommons.org/licenses/by-nc-sa/3.0/,https://www.europeana.eu/item/2023846/medienarchiv_web_detailansicht_id_177077?utm_source=api&utm_medium=api&utm_campaign=api2demo
2023846_medienarchiv_web_detailansicht_id_177073,germany,E:\Desktop\Echo\storage\public\research_dataset_v2\germany_final\audio\2023846_medienarchiv_web_detailansicht_id_177073.mp3,europeana_search,search,2833,,,,,,,"Soviel der Mai auch Blümlein bläut; Handschriftliches Liederbuch Nr. 24 - Theodor Große-Venhaus, Lieder und Gespräche (Gesamtaufnahme)",,http://creativecommons.org/licenses/by-nc-sa/3.0/,https://www.europeana.eu/item/2023846/medienarchiv_web_detailansicht_id_177073?utm_source=api&utm_medium=api&utm_campaign=api2demo
2023846_medienarchiv_web_detailansicht_id_177069,germany,E:\Desktop\Echo\storage\public\research_dataset_v2\germany_final\audio\2023846_medienarchiv_web_detailansicht_id_177069.mp3,europeana_search,search,2834,,,,,,,"Im Grunewald; Handschriftliches Liederbuch Nr. 24 - Theodor Große-Venhaus, Lieder und Gespräche (Gesamtaufnahme)",,http://creativecommons.org/licenses/by-nc-sa/3.0/,https://www.europeana.eu/item/2023846/medienarchiv_web_detailansicht_id_177069?utm_source=api&utm_medium=api&utm_campaign=api2demo
2023846_medienarchiv_web_detailansicht_id_177067,germany,E:\Desktop\Echo\storage\public\research_dataset_v2\germany_final\audio\2023846_medienarchiv_web_detailansicht_id_177067.mp3,europeana_search,search,2836,,,,,,,"Mein Herz ist ein Bienenhaus; Handschriftliches Liederbuch Nr. 24 - Theodor Große-Venhaus, Lieder und Gespräche (Gesamtaufnahme)",,http://creativecommons.org/licenses/by-nc-sa/3.0/,https://www.europeana.eu/item/2023846/medienarchiv_web_detailansicht_id_177067?utm_source=api&utm_medium=api&utm_campaign=api2demo
2023846_medienarchiv_web_detailansicht_id_177065,germany,E:\Desktop\Echo\storage\public\research_dataset_v2\germany_final\audio\2023846_medienarchiv_web_detailansicht_id_177065.mp3,europeana_search,search,2837,,,,,,,"Hab´n Sie nicht den kleinen Kohn gesehn; Handschriftliches Liederbuch Nr. 24 - Theodor Große-Venhaus, Lieder und Gespräche (Gesamtaufnahme)",,http://creativecommons.org/licenses/by-nc-sa/3.0/,https://www.europeana.eu/item/2023846/medienarchiv_web_detailansicht_id_177065?utm_source=api&utm_medium=api&utm_campaign=api2demo
2023846_medienarchiv_web_detailansicht_id_177063,germany,E:\Desktop\Echo\storage\public\research_dataset_v2\germany_final\audio\2023846_medienarchiv_web_detailansicht_id_177063.mp3,europeana_search,search,2839,,,,,,,"Sapp sapp siepe; Handschriftliches Liederbuch Nr. 24 - Theodor Große-Venhaus, Lieder und Gespräche (Gesamtaufnahme)",,http://creativecommons.org/licenses/by-nc-sa/3.0/,https://www.europeana.eu/item/2023846/medienarchiv_web_detailansicht_id_177063?utm_source=api&utm_medium=api&utm_campaign=api2demo
2023846_medienarchiv_web_detailansicht_id_177062,germany,E:\Desktop\Echo\storage\public\research_dataset_v2\germany_final\audio\2023846_medienarchiv_web_detailansicht_id_177062.mp3,europeana_search,search,2840,,,,,,,"Well drunk den meesten Fusel; Handschriftliches Liederbuch Nr. 24 - Theodor Große-Venhaus, Lieder und Gespräche (Gesamtaufnahme)",,http://creativecommons.org/licenses/by-nc-sa/3.0/,https://www.europeana.eu/item/2023846/medienarchiv_web_detailansicht_id_177062?utm_source=api&utm_medium=api&utm_campaign=api2demo
2023846_medienarchiv_web_detailansicht_id_177057,germany,E:\Desktop\Echo\storage\public\research_dataset_v2\germany_final\audio\2023846_medienarchiv_web_detailansicht_id_177057.mp3,europeana_search,search,2842,,,,,,,"Ihr Landwehrleute; Handschriftliches Liederbuch Nr. 24 - Theodor Große-Venhaus, Lieder und Gespräche (Gesamtaufnahme)",,http://creativecommons.org/licenses/by-nc-sa/3.0/,https://www.europeana.eu/item/2023846/medienarchiv_web_detailansicht_id_177057?utm_source=api&utm_medium=api&utm_campaign=api2demo
2023846_medienarchiv_web_detailansicht_id_177049,germany,E:\Desktop\Echo\storage\public\research_dataset_v2\germany_final\audio\2023846_medienarchiv_web_detailansicht_id_177049.mp3,europeana_search,search,2845,,,,,,,"Am Brunnen vor dem Tore; Handschriftliches Liederbuch Nr. 24 - Theodor Große-Venhaus, Lieder und Gespräche (Gesamtaufnahme)",,http://creativecommons.org/licenses/by-nc-sa/3.0/,https://www.europeana.eu/item/2023846/medienarchiv_web_detailansicht_id_177049?utm_source=api&utm_medium=api&utm_campaign=api2demo
2023846_medienarchiv_web_detailansicht_id_177040,germany,E:\Desktop\Echo\storage\public\research_dataset_v2\germany_final\audio\2023846_medienarchiv_web_detailansicht_id_177040.mp3,europeana_search,search,2851,,,,,,,"Paosken; Handschriftliches Liederbuch Nr. 24 - Theodor Große-Venhaus, Lieder und Gespräche (Gesamtaufnahme)",,http://creativecommons.org/licenses/by-nc-sa/3.0/,https://www.europeana.eu/item/2023846/medienarchiv_web_detailansicht_id_177040?utm_source=api&utm_medium=api&utm_campaign=api2demo
2023846_medienarchiv_web_detailansicht_id_177036,germany,E:\Desktop\Echo\storage\public\research_dataset_v2\germany_final\audio\2023846_medienarchiv_web_detailansicht_id_177036.mp3,europeana_search,search,2855,,,,,,,"Pingstebrut; Handschriftliches Liederbuch Nr. 24 - Theodor Große-Venhaus, Lieder und Gespräche (Gesamtaufnahme)",,http://creativecommons.org/licenses/by-nc-sa/3.0/,https://www.europeana.eu/item/2023846/medienarchiv_web_detailansicht_id_177036?utm_source=api&utm_medium=api&utm_campaign=api2demo
2023846_medienarchiv_web_detailansicht_id_177034,germany,E:\Desktop\Echo\storage\public\research_dataset_v2\germany_final\audio\2023846_medienarchiv_web_detailansicht_id_177034.mp3,europeana_search,search,2856,,,,,,,"O wie lieblich ists im Kreis; Handschriftliches Liederbuch Nr. 24 - Theodor Große-Venhaus, Lieder und Gespräche (Gesamtaufnahme)",,http://creativecommons.org/licenses/by-nc-sa/3.0/,https://www.europeana.eu/item/2023846/medienarchiv_web_detailansicht_id_177034?utm_source=api&utm_medium=api&utm_campaign=api2demo
2023846_medienarchiv_web_detailansicht_id_177005,germany,E:\Desktop\Echo\storage\public\research_dataset_v2\germany_final\audio\2023846_medienarchiv_web_detailansicht_id_177005.mp3,europeana_search,search,2867,,,,,,,"Prince Eugene; handwritten songbook No. 24 - Theodor Große-Venhaus, Songs and Talks (general recording)",,http://creativecommons.org/licenses/by-nc-sa/3.0/,https://www.europeana.eu/item/2023846/medienarchiv_web_detailansicht_id_177005?utm_source=api&utm_medium=api&utm_campaign=api2demo
2023846_medienarchiv_web_detailansicht_id_177003,germany,E:\Desktop\Echo\storage\public\research_dataset_v2\germany_final\audio\2023846_medienarchiv_web_detailansicht_id_177003.mp3,europeana_search,search,2868,,,,,,,"Wie ein stolzer Adler; Handschriftliches Liederbuch Nr. 24 - Theodor Große-Venhaus, Lieder und Gespräche (Gesamtaufnahme)",,http://creativecommons.org/licenses/by-nc-sa/3.0/,https://www.europeana.eu/item/2023846/medienarchiv_web_detailansicht_id_177003?utm_source=api&utm_medium=api&utm_campaign=api2demo
2023846_medienarchiv_web_detailansicht_id_176990,germany,E:\Desktop\Echo\storage\public\research_dataset_v2\germany_final\audio\2023846_medienarchiv_web_detailansicht_id_176990.mp3,europeana_search,search,2869,,,,,,,"Hoch über den Klippen; Handschriftliches Liederbuch Nr. 24 - Theodor Große-Venhaus, Lieder und Gespräche (Gesamtaufnahme)",,http://creativecommons.org/licenses/by-nc-sa/3.0/,https://www.europeana.eu/item/2023846/medienarchiv_web_detailansicht_id_176990?utm_source=api&utm_medium=api&utm_campaign=api2demo
2023846_medienarchiv_web_detailansicht_id_176983,germany,E:\Desktop\Echo\storage\public\research_dataset_v2\germany_final\audio\2023846_medienarchiv_web_detailansicht_id_176983.mp3,europeana_search,search,2870,,,,,,,Wir fahren heut nach Holland; Lieder und Bräuche im Jahreslauf,,http://creativecommons.org/licenses/by-nc-sa/3.0/,https://www.europeana.eu/item/2023846/medienarchiv_web_detailansicht_id_176983?utm_source=api&utm_medium=api&utm_campaign=api2demo
2023846_medienarchiv_web_detailansicht_id_176982,germany,E:\Desktop\Echo\storage\public\research_dataset_v2\germany_final\audio\2023846_medienarchiv_web_detailansicht_id_176982.mp3,europeana_search,search,2871,,,,,,,"Wenn die Nacht sich niedersenkt; Handschriftliches Liederbuch Nr. 24 - Theodor Große-Venhaus, Lieder und Gespräche (Gesamtaufnahme)",,http://creativecommons.org/licenses/by-nc-sa/3.0/,https://www.europeana.eu/item/2023846/medienarchiv_web_detailansicht_id_176982?utm_source=api&utm_medium=api&utm_campaign=api2demo
2023846_medienarchiv_web_detailansicht_id_176981,germany,E:\Desktop\Echo\storage\public\research_dataset_v2\germany_final\audio\2023846_medienarchiv_web_detailansicht_id_176981.mp3,europeana_search,search,2872,,,,,,,"So leb wohl, du stille Gasse; Handschriftliches Liederbuch Nr. 24 - Theodor Große-Venhaus, Lieder und Gespräche (Gesamtaufnahme)",,http://creativecommons.org/licenses/by-nc-sa/3.0/,https://www.europeana.eu/item/2023846/medienarchiv_web_detailansicht_id_176981?utm_source=api&utm_medium=api&utm_campaign=api2demo
2023846_medienarchiv_web_detailansicht_id_176980,germany,E:\Desktop\Echo\storage\public\research_dataset_v2\germany_final\audio\2023846_medienarchiv_web_detailansicht_id_176980.mp3,europeana_search,search,2873,,,,,,,In Holland steht ein Haus; Lieder und Bräuche im Jahreslauf,,http://creativecommons.org/licenses/by-nc-sa/3.0/,https://www.europeana.eu/item/2023846/medienarchiv_web_detailansicht_id_176980?utm_source=api&utm_medium=api&utm_campaign=api2demo
2023846_medienarchiv_web_detailansicht_id_176979,germany,E:\Desktop\Echo\storage\public\research_dataset_v2\germany_final\audio\2023846_medienarchiv_web_detailansicht_id_176979.mp3,europeana_search,search,2874,,,,,,,O Buer wat kost dien Heu?; Lieder und Bräuche im Jahreslauf,,http://creativecommons.org/licenses/by-nc-sa/3.0/,https://www.europeana.eu/item/2023846/medienarchiv_web_detailansicht_id_176979?utm_source=api&utm_medium=api&utm_campaign=api2demo
2023846_medienarchiv_web_detailansicht_id_176976,germany,E:\Desktop\Echo\storage\public\research_dataset_v2\germany_final\audio\2023846_medienarchiv_web_detailansicht_id_176976.mp3,europeana_search,search,2875,,,,,,,Christ ist erstanden; Lieder und Bräuche im Jahreslauf,,http://creativecommons.org/licenses/by-nc-sa/3.0/,https://www.europeana.eu/item/2023846/medienarchiv_web_detailansicht_id_176976?utm_source=api&utm_medium=api&utm_campaign=api2demo
2023846_medienarchiv_web_detailansicht_id_176977,germany,E:\Desktop\Echo\storage\public\research_dataset_v2\germany_final\audio\2023846_medienarchiv_web_detailansicht_id_176977.mp3,europeana_search,search,2876,,,,,,,Guter Freund ich frage dir; Lieder und Bräuche im Jahreslauf,,http://creativecommons.org/licenses/by-nc-sa/3.0/,https://www.europeana.eu/item/2023846/medienarchiv_web_detailansicht_id_176977?utm_source=api&utm_medium=api&utm_campaign=api2demo
2023846_medienarchiv_web_detailansicht_id_176974,germany,E:\Desktop\Echo\storage\public\research_dataset_v2\germany_final\audio\2023846_medienarchiv_web_detailansicht_id_176974.mp3,europeana_search,search,2877,,,,,,,"Woman, goaht nao Schorsteen da hangt ne lange Worst in it; songs and customs in the annual run",,http://creativecommons.org/licenses/by-nc-sa/3.0/,https://www.europeana.eu/item/2023846/medienarchiv_web_detailansicht_id_176974?utm_source=api&utm_medium=api&utm_campaign=api2demo
2023846_medienarchiv_web_detailansicht_id_176972,germany,E:\Desktop\Echo\storage\public\research_dataset_v2\germany_final\audio\2023846_medienarchiv_web_detailansicht_id_176972.mp3,europeana_search,search,2878,,,,,,,"I wish you, I wish you; songs and customs in the annual run",,http://creativecommons.org/licenses/by-nc-sa/3.0/,https://www.europeana.eu/item/2023846/medienarchiv_web_detailansicht_id_176972?utm_source=api&utm_medium=api&utm_campaign=api2demo
2023846_medienarchiv_web_detailansicht_id_176970,germany,E:\Desktop\Echo\storage\public\research_dataset_v2\germany_final\audio\2023846_medienarchiv_web_detailansicht_id_176970.mp3,europeana_search,search,2879,,,,,,,"In einem kühlen Grunde; Handschriftliches Liederbuch Nr. 24 - Theodor Große-Venhaus, Lieder und Gespräche (Gesamtaufnahme)",,http://creativecommons.org/licenses/by-nc-sa/3.0/,https://www.europeana.eu/item/2023846/medienarchiv_web_detailansicht_id_176970?utm_source=api&utm_medium=api&utm_campaign=api2demo
2023846_medienarchiv_web_detailansicht_id_176969,germany,E:\Desktop\Echo\storage\public\research_dataset_v2\germany_final\audio\2023846_medienarchiv_web_detailansicht_id_176969.mp3,europeana_search,search,2880,,,,,,,"In der Heimat ist es schön; Handschriftliches Liederbuch Nr. 24 - Theodor Große-Venhaus, Lieder und Gespräche (Gesamtaufnahme)",,http://creativecommons.org/licenses/by-nc-sa/3.0/,https://www.europeana.eu/item/2023846/medienarchiv_web_detailansicht_id_176969?utm_source=api&utm_medium=api&utm_campaign=api2demo
2023846_medienarchiv_web_detailansicht_id_176926,germany,E:\Desktop\Echo\storage\public\research_dataset_v2\germany_final\audio\2023846_medienarchiv_web_detailansicht_id_176926.mp3,europeana_search,search,2881,,,,,,,"Ave verum; Musica sacra, Marienlob",,http://creativecommons.org/licenses/by-nc-sa/3.0/,https://www.europeana.eu/item/2023846/medienarchiv_web_detailansicht_id_176926?utm_source=api&utm_medium=api&utm_campaign=api2demo
2023846_medienarchiv_web_detailansicht_id_176923,germany,E:\Desktop\Echo\storage\public\research_dataset_v2\germany_final\audio\2023846_medienarchiv_web_detailansicht_id_176923.mp3,europeana_search,search,2882,,,,,,,"Maria zu lieben ist allzeit mein Sinn; Musica sacra, Marienlob",,http://creativecommons.org/licenses/by-nc-sa/3.0/,https://www.europeana.eu/item/2023846/medienarchiv_web_detailansicht_id_176923?utm_source=api&utm_medium=api&utm_campaign=api2demo
2023846_medienarchiv_web_detailansicht_id_176925,germany,E:\Desktop\Echo\storage\public\research_dataset_v2\germany_final\audio\2023846_medienarchiv_web_detailansicht_id_176925.mp3,europeana_search,search,2883,,,,,,,"Ave Maria; Musica sacra, Marienlob",,http://creativecommons.org/licenses/by-nc-sa/3.0/,https://www.europeana.eu/item/2023846/medienarchiv_web_detailansicht_id_176925?utm_source=api&utm_medium=api&utm_campaign=api2demo
2023846_medienarchiv_web_detailansicht_id_176920,germany,E:\Desktop\Echo\storage\public\research_dataset_v2\germany_final\audio\2023846_medienarchiv_web_detailansicht_id_176920.mp3,europeana_search,search,2884,,,,,,,"Ave Maria zart; Musica sacra, Marienlob",,http://creativecommons.org/licenses/by-nc-sa/3.0/,https://www.europeana.eu/item/2023846/medienarchiv_web_detailansicht_id_176920?utm_source=api&utm_medium=api&utm_campaign=api2demo
2023846_medienarchiv_web_detailansicht_id_176919,germany,E:\Desktop\Echo\storage\public\research_dataset_v2\germany_final\audio\2023846_medienarchiv_web_detailansicht_id_176919.mp3,europeana_search,search,2885,,,,,,,"Alle Tage sing und sage; Musica sacra, Marienlob",,http://creativecommons.org/licenses/by-nc-sa/3.0/,https://www.europeana.eu/item/2023846/medienarchiv_web_detailansicht_id_176919?utm_source=api&utm_medium=api&utm_campaign=api2demo
2023846_medienarchiv_web_detailansicht_id_176917,germany,E:\Desktop\Echo\storage\public\research_dataset_v2\germany_final\audio\2023846_medienarchiv_web_detailansicht_id_176917.mp3,europeana_search,search,2886,,,,,,,"Sei gegrüßt o Jungfrau rein; Musica sacra, Marienlob",,http://creativecommons.org/licenses/by-nc-sa/3.0/,https://www.europeana.eu/item/2023846/medienarchiv_web_detailansicht_id_176917?utm_source=api&utm_medium=api&utm_campaign=api2demo
2023846_medienarchiv_web_detailansicht_id_176915,germany,E:\Desktop\Echo\storage\public\research_dataset_v2\germany_final\audio\2023846_medienarchiv_web_detailansicht_id_176915.mp3,europeana_search,search,2887,,,,,,,"So take my hands; Musica sacra, Marienlob",,http://creativecommons.org/licenses/by-nc-sa/3.0/,https://www.europeana.eu/item/2023846/medienarchiv_web_detailansicht_id_176915?utm_source=api&utm_medium=api&utm_campaign=api2demo
2023846_medienarchiv_web_detailansicht_id_176912,germany,E:\Desktop\Echo\storage\public\research_dataset_v2\germany_final\audio\2023846_medienarchiv_web_detailansicht_id_176912.mp3,europeana_search,search,2888,,,,,,,"Ave Maria; Musica sacra, Marienlob",,http://creativecommons.org/licenses/by-nc-sa/3.0/,https://www.europeana.eu/item/2023846/medienarchiv_web_detailansicht_id_176912?utm_source=api&utm_medium=api&utm_campaign=api2demo
2023846_medienarchiv_web_detailansicht_id_176909,germany,E:\Desktop\Echo\storage\public\research_dataset_v2\germany_final\audio\2023846_medienarchiv_web_detailansicht_id_176909.mp3,europeana_search,search,2889,,,,,,,"Dich Maria loben wir; Musica sacra, Marienlob",,http://creativecommons.org/licenses/by-nc-sa/3.0/,https://www.europeana.eu/item/2023846/medienarchiv_web_detailansicht_id_176909?utm_source=api&utm_medium=api&utm_campaign=api2demo
2023846_medienarchiv_web_detailansicht_id_176908,germany,E:\Desktop\Echo\storage\public\research_dataset_v2\germany_final\audio\2023846_medienarchiv_web_detailansicht_id_176908.mp3,europeana_search,search,2890,,,,,,,"O Königin voll Herrlichkeit; Musica sacra, Marienlob",,http://creativecommons.org/licenses/by-nc-sa/3.0/,https://www.europeana.eu/item/2023846/medienarchiv_web_detailansicht_id_176908?utm_source=api&utm_medium=api&utm_campaign=api2demo
2023846_medienarchiv_web_detailansicht_id_176906,germany,E:\Desktop\Echo\storage\public\research_dataset_v2\germany_final\audio\2023846_medienarchiv_web_detailansicht_id_176906.mp3,europeana_search,search,2891,,,,,,,"Salve Regina; Musica sacra, Marienlob",,http://creativecommons.org/licenses/by-nc-sa/3.0/,https://www.europeana.eu/item/2023846/medienarchiv_web_detailansicht_id_176906?utm_source=api&utm_medium=api&utm_campaign=api2demo
2023846_medienarchiv_web_detailansicht_id_176904,germany,E:\Desktop\Echo\storage\public\research_dataset_v2\germany_final\audio\2023846_medienarchiv_web_detailansicht_id_176904.mp3,europeana_search,search,2892,,,,,,,"Bless you, Mary; Musica sacra, Marienlob",,http://creativecommons.org/licenses/by-nc-sa/3.0/,https://www.europeana.eu/item/2023846/medienarchiv_web_detailansicht_id_176904?utm_source=api&utm_medium=api&utm_campaign=api2demo
2023846_medienarchiv_web_detailansicht_id_176902,germany,E:\Desktop\Echo\storage\public\research_dataset_v2\germany_final\audio\2023846_medienarchiv_web_detailansicht_id_176902.mp3,europeana_search,search,2893,,,,,,,"O Maria gnadenvolle; Musica sacra, Marienlob",,http://creativecommons.org/licenses/by-nc-sa/3.0/,https://www.europeana.eu/item/2023846/medienarchiv_web_detailansicht_id_176902?utm_source=api&utm_medium=api&utm_campaign=api2demo
2023846_medienarchiv_web_detailansicht_id_176898,germany,E:\Desktop\Echo\storage\public\research_dataset_v2\germany_final\audio\2023846_medienarchiv_web_detailansicht_id_176898.mp3,europeana_search,search,2894,,,,,,,"Marshes I greet you; Musica sacra, Marienlob",,http://creativecommons.org/licenses/by-nc-sa/3.0/,https://www.europeana.eu/item/2023846/medienarchiv_web_detailansicht_id_176898?utm_source=api&utm_medium=api&utm_campaign=api2demo
2023846_medienarchiv_web_detailansicht_id_176895,germany,E:\Desktop\Echo\storage\public\research_dataset_v2\germany_final\audio\2023846_medienarchiv_web_detailansicht_id_176895.mp3,europeana_search,search,2895,,,,,,,"Mary spreading the coat; Musica sacra, Marienlob",,http://creativecommons.org/licenses/by-nc-sa/3.0/,https://www.europeana.eu/item/2023846/medienarchiv_web_detailansicht_id_176895?utm_source=api&utm_medium=api&utm_campaign=api2demo
2023846_medienarchiv_web_detailansicht_id_176893,germany,E:\Desktop\Echo\storage\public\research_dataset_v2\germany_final\audio\2023846_medienarchiv_web_detailansicht_id_176893.mp3,europeana_search,search,2896,,,,,,,"Magnificat; Musica sacra, Marienlob",,http://creativecommons.org/licenses/by-nc-sa/3.0/,https://www.europeana.eu/item/2023846/medienarchiv_web_detailansicht_id_176893?utm_source=api&utm_medium=api&utm_campaign=api2demo
2023846_medienarchiv_web_detailansicht_id_176889,germany,E:\Desktop\Echo\storage\public\research_dataset_v2\germany_final\audio\2023846_medienarchiv_web_detailansicht_id_176889.mp3,europeana_search,search,2897,,,,,,,"Musica sacra, Marienlob (Gesamtaufnahme); Musica sacra, Marienlob",,http://creativecommons.org/licenses/by-nc-sa/3.0/,https://www.europeana.eu/item/2023846/medienarchiv_web_detailansicht_id_176889?utm_source=api&utm_medium=api&utm_campaign=api2demo
2023846_medienarchiv_web_detailansicht_id_176873,germany,E:\Desktop\Echo\storage\public\research_dataset_v2\germany_final\audio\2023846_medienarchiv_web_detailansicht_id_176873.mp3,europeana_search,search,2898,,,,,,,"Von meinen Bergen muß ich scheiden; Handschriftliches Liederbuch Nr. 24 - Theodor Große-Venhaus, Lieder und Gespräche (Gesamtaufnahme)",,http://creativecommons.org/licenses/by-nc-sa/3.0/,https://www.europeana.eu/item/2023846/medienarchiv_web_detailansicht_id_176873?utm_source=api&utm_medium=api&utm_campaign=api2demo
2023846_medienarchiv_web_detailansicht_id_176868,germany,E:\Desktop\Echo\storage\public\research_dataset_v2\germany_final\audio\2023846_medienarchiv_web_detailansicht_id_176868.mp3,europeana_search,search,2899,,,,,,,"Still ruht der See; Handschriftliches Liederbuch Nr. 24 - Theodor Große-Venhaus, Lieder und Gespräche (Gesamtaufnahme)",,http://creativecommons.org/licenses/by-nc-sa/3.0/,https://www.europeana.eu/item/2023846/medienarchiv_web_detailansicht_id_176868?utm_source=api&utm_medium=api&utm_campaign=api2demo
2023846_medienarchiv_web_detailansicht_id_176865,germany,E:\Desktop\Echo\storage\public\research_dataset_v2\germany_final\audio\2023846_medienarchiv_web_detailansicht_id_176865.mp3,europeana_search,search,2900,,,,,,,"Pastors Kauh; Theodor Große-Venhaus, Songs and Talks (general recording) Songs = HL 24",,http://creativecommons.org/licenses/by-nc-sa/3.0/,https://www.europeana.eu/item/2023846/medienarchiv_web_detailansicht_id_176865?utm_source=api&utm_medium=api&utm_campaign=api2demo
2023846_medienarchiv_web_detailansicht_id_176855,germany,E:\Desktop\Echo\storage\public\research_dataset_v2\germany_final\audio\2023846_medienarchiv_web_detailansicht_id_176855.mp3,europeana_search,search,2901,,,,,,,"Nun höret von dem Rentner Däse; Handschriftliches Liederbuch Nr. 24 - Theodor Große-Venhaus, Lieder und Gespräche (Gesamtaufnahme)",,http://creativecommons.org/licenses/by-nc-sa/3.0/,https://www.europeana.eu/item/2023846/medienarchiv_web_detailansicht_id_176855?utm_source=api&utm_medium=api&utm_campaign=api2demo
2023846_medienarchiv_web_detailansicht_id_176846,germany,E:\Desktop\Echo\storage\public\research_dataset_v2\germany_final\audio\2023846_medienarchiv_web_detailansicht_id_176846.mp3,europeana_search,search,2902,,,,,,,"Die Sonn erwacht; Handschriftliches Liederbuch Nr. 24 - Theodor Große-Venhaus, Lieder und Gespräche (Gesamtaufnahme)",,http://creativecommons.org/licenses/by-nc-sa/3.0/,https://www.europeana.eu/item/2023846/medienarchiv_web_detailansicht_id_176846?utm_source=api&utm_medium=api&utm_campaign=api2demo
2023846_medienarchiv_web_detailansicht_id_176828,germany,E:\Desktop\Echo\storage\public\research_dataset_v2\germany_final\audio\2023846_medienarchiv_web_detailansicht_id_176828.mp3,europeana_search,search,2903,,,,,,,"Es gingen im Frühling; Handschriftliches Liederbuch Nr. 24 - Theodor Große-Venhaus, Lieder und Gespräche (Gesamtaufnahme)",,http://creativecommons.org/licenses/by-nc-sa/3.0/,https://www.europeana.eu/item/2023846/medienarchiv_web_detailansicht_id_176828?utm_source=api&utm_medium=api&utm_campaign=api2demo
2023846_medienarchiv_web_detailansicht_id_176819,germany,E:\Desktop\Echo\storage\public\research_dataset_v2\germany_final\audio\2023846_medienarchiv_web_detailansicht_id_176819.mp3,europeana_search,search,2904,,,,,,,"Drei Lilien; Handschriftliches Liederbuch Nr. 24 - Theodor Große-Venhaus, Lieder und Gespräche (Gesamtaufnahme)",,http://creativecommons.org/licenses/by-nc-sa/3.0/,https://www.europeana.eu/item/2023846/medienarchiv_web_detailansicht_id_176819?utm_source=api&utm_medium=api&utm_campaign=api2demo
2023846_medienarchiv_web_detailansicht_id_176811,germany,E:\Desktop\Echo\storage\public\research_dataset_v2\germany_final\audio\2023846_medienarchiv_web_detailansicht_id_176811.mp3,europeana_search,search,2905,,,,,,,"Im Feld des Morgens früh; Handschriftliches Liederbuch Nr. 24 - Theodor Große-Venhaus, Lieder und Gespräche (Gesamtaufnahme)",,http://creativecommons.org/licenses/by-nc-sa/3.0/,https://www.europeana.eu/item/2023846/medienarchiv_web_detailansicht_id_176811?utm_source=api&utm_medium=api&utm_campaign=api2demo
2023846_medienarchiv_web_detailansicht_id_176800,germany,E:\Desktop\Echo\storage\public\research_dataset_v2\germany_final\audio\2023846_medienarchiv_web_detailansicht_id_176800.mp3,europeana_search,search,2906,,,,,,,"Im grünen Wald; Theodor Große-Venhaus, Lieder und Gespräche (Gesamtaufnahme) Lieder = HL 24",,http://creativecommons.org/licenses/by-nc-sa/3.0/,https://www.europeana.eu/item/2023846/medienarchiv_web_detailansicht_id_176800?utm_source=api&utm_medium=api&utm_campaign=api2demo
2023846_medienarchiv_web_detailansicht_id_176521,germany,E:\Desktop\Echo\storage\public\research_dataset_v2\germany_final\audio\2023846_medienarchiv_web_detailansicht_id_176521.mp3,europeana_search,search,2978,,,,,,,"Was soll das Kreuz am Friedhof; Handschriftliches Liederbuch Nr. 24 - Theodor Große-Venhaus, Lieder und Gespräche (Gesamtaufnahme)",,http://creativecommons.org/licenses/by-nc-sa/3.0/,https://www.europeana.eu/item/2023846/medienarchiv_web_detailansicht_id_176521?utm_source=api&utm_medium=api&utm_campaign=api2demo
2023846_medienarchiv_web_detailansicht_id_176520,germany,E:\Desktop\Echo\storage\public\research_dataset_v2\germany_final\audio\2023846_medienarchiv_web_detailansicht_id_176520.mp3,europeana_search,search,2979,,,,,,,"Schon glänzt des Mondes Licht; Handschriftliches Liederbuch Nr. 24 - Theodor Große-Venhaus, Lieder und Gespräche (Gesamtaufnahme)",,http://creativecommons.org/licenses/by-nc-sa/3.0/,https://www.europeana.eu/item/2023846/medienarchiv_web_detailansicht_id_176520?utm_source=api&utm_medium=api&utm_campaign=api2demo
2023846_medienarchiv_web_detailansicht_id_176519,germany,E:\Desktop\Echo\storage\public\research_dataset_v2\germany_final\audio\2023846_medienarchiv_web_detailansicht_id_176519.mp3,europeana_search,search,2980,,,,,,,"Am Holderstrauch; Handschriftliches Liederbuch Nr. 24 - Theodor Große-Venhaus, Lieder und Gespräche (Gesamtaufnahme)",,http://creativecommons.org/licenses/by-nc-sa/3.0/,https://www.europeana.eu/item/2023846/medienarchiv_web_detailansicht_id_176519?utm_source=api&utm_medium=api&utm_campaign=api2demo
2023846_medienarchiv_web_detailansicht_id_176518,germany,E:\Desktop\Echo\storage\public\research_dataset_v2\germany_final\audio\2023846_medienarchiv_web_detailansicht_id_176518.mp3,europeana_search,search,2981,,,,,,,"Wie´s daheim war; Handschriftliches Liederbuch Nr. 24 - Theodor Große-Venhaus, Lieder und Gespräche (Gesamtaufnahme)",,http://creativecommons.org/licenses/by-nc-sa/3.0/,https://www.europeana.eu/item/2023846/medienarchiv_web_detailansicht_id_176518?utm_source=api&utm_medium=api&utm_campaign=api2demo
2023846_medienarchiv_web_detailansicht_id_176517,germany,E:\Desktop\Echo\storage\public\research_dataset_v2\germany_final\audio\2023846_medienarchiv_web_detailansicht_id_176517.mp3,europeana_search,search,2982,,,,,,,"Ein Grenadier auf dem Dorfplatz stand; Handschriftliches Liederbuch Nr. 24 - Theodor Große-Venhaus, Lieder und Gespräche (Gesamtaufnahme)",,http://creativecommons.org/licenses/by-nc-sa/3.0/,https://www.europeana.eu/item/2023846/medienarchiv_web_detailansicht_id_176517?utm_source=api&utm_medium=api&utm_campaign=api2demo
2023846_medienarchiv_web_detailansicht_id_176514,germany,E:\Desktop\Echo\storage\public\research_dataset_v2\germany_final\audio\2023846_medienarchiv_web_detailansicht_id_176514.mp3,europeana_search,search,2983,,,,,,,"Frühmorgens wenn die Hähne krähn; Handschriftliches Liederbuch Nr. 24 - Theodor Große-Venhaus, Lieder und Gespräche (Gesamtaufnahme)",,http://creativecommons.org/licenses/by-nc-sa/3.0/,https://www.europeana.eu/item/2023846/medienarchiv_web_detailansicht_id_176514?utm_source=api&utm_medium=api&utm_campaign=api2demo
2023846_medienarchiv_web_detailansicht_id_176512,germany,E:\Desktop\Echo\storage\public\research_dataset_v2\germany_final\audio\2023846_medienarchiv_web_detailansicht_id_176512.mp3,europeana_search,search,2984,,,,,,,"Stürmisch die Nacht; Handschriftliches Liederbuch Nr. 24 - Theodor Große-Venhaus, Lieder und Gespräche (Gesamtaufnahme)",,http://creativecommons.org/licenses/by-nc-sa/3.0/,https://www.europeana.eu/item/2023846/medienarchiv_web_detailansicht_id_176512?utm_source=api&utm_medium=api&utm_campaign=api2demo
2023846_medienarchiv_web_detailansicht_id_176510,germany,E:\Desktop\Echo\storage\public\research_dataset_v2\germany_final\audio\2023846_medienarchiv_web_detailansicht_id_176510.mp3,europeana_search,search,2985,,,,,,,"Ruh, Ruh, heavenly Ruh, Parole is home to; Theodor Große-Venhaus, Songs and Talks (overall recording) Songs = HL 24",,http://creativecommons.org/licenses/by-nc-sa/3.0/,https://www.europeana.eu/item/2023846/medienarchiv_web_detailansicht_id_176510?utm_source=api&utm_medium=api&utm_campaign=api2demo
2023846_medienarchiv_web_detailansicht_id_176506,germany,E:\Desktop\Echo\storage\public\research_dataset_v2\germany_final\audio\2023846_medienarchiv_web_detailansicht_id_176506.mp3,europeana_search,search,2986,,,,,,,"Was blinkt so freundlich aus der Ferne; Handschriftliches Liederbuch Nr. 24 - Theodor Große-Venhaus, Lieder und Gespräche (Gesamtaufnahme)",,http://creativecommons.org/licenses/by-nc-sa/3.0/,https://www.europeana.eu/item/2023846/medienarchiv_web_detailansicht_id_176506?utm_source=api&utm_medium=api&utm_campaign=api2demo
