track_id,title,artist,album,raw_country,raw_culture,source_dataset,label,tags,description,inferred_country,inferred_country_iso,country_source,storefront_country,review_status,review_reason,platform_track_url
itunes_1063212945,NEW BOY,朴树,我去2000年,CN,china,itunes,中国摇滚,中国摇滚,清亮的木吉他扫弦铺开九十年代末的城市晨光，朴树略带青涩的嗓音唱着对新世纪的天真期许。简洁的乐队编制里，贝斯线与鼓点轻快跳跃，合成器音色偶尔闪烁，像窗台上未干的雨滴折射着早霞。适合在通勤路上、搬家整理旧物时聆听，让怀旧与轻快同时涌上心头。,China,CN,artist_origin_hint,CN,confirmed_china_family,artist override or known artist origin -> CN,https://music.apple.com/cn/album/new-boy/1063212942?i=1063212945&uo=4
itunes_1063212951,那些花儿,朴树,我去2000年,CN,china,itunes,中国摇滚,中国摇滚,清吉他伴着朴树略带沙哑的嗓音，缓缓铺开九十年代末的校园记忆。弦乐渐入时，怀旧情绪如夏日午后微风般弥漫，适合独自回望青春路途中那些渐行渐远的人与事。,China,CN,artist_origin_hint,CN,confirmed_china_family,artist override or known artist origin -> CN,https://music.apple.com/cn/album/%E9%82%A3%E4%BA%9B%E8%8A%B1%E5%84%BF/1063212942?i=1063212951&uo=4
itunes_1333435212,Last Dance,伍佰,8面玲珑,CN,china,itunes,怀旧音乐,怀旧音乐,沙哑嗓音裹挟着九十年代的台式摇滚气息，电吉他失真音色与沉稳鼓点交织出深夜舞池的迷离氛围。适合独自驾车穿越城市霓虹，或旧友相聚时举杯回望流逝的时光。,Taiwan,TW,artist_origin_hint,CN,confirmed_china_family,artist override or known artist origin -> TW,https://music.apple.com/cn/album/last-dance/1333435078?i=1333435212&uo=4
itunes_1063212955,白桦林,朴树,我去2000年,CN,china,itunes,中国摇滚,中国摇滚,朴树《白桦林》以清澈吉他铺陈出九十年代末的民谣摇滚底色，手风琴与弦乐交织出辽阔而忧伤的叙事氛围，适合独处时循着沙哑声线沉入那段白桦树下的等待与告别。,China,CN,artist_origin_hint,CN,confirmed_china_family,artist override or known artist origin -> CN,https://music.apple.com/cn/album/%E7%99%BD%E6%A1%A6%E6%9E%97/1063212942?i=1063212955&uo=4
itunes_29773532,"Suite bergamasque, L. 75: III. Clair de lune",弗朗索阿 · 乔尔 · 提奥叶,Debussy: Clair de Lune and Other Piano Favorites,CN,china,itunes,古典,古典,月光般的钢琴旋律如流水倾泻，音色清澈朦胧，适合深夜独处或阅读时聆听。这首印象派经典以舒缓的速度铺展，指尖触键轻盈如梦，将人带入静谧的银色夜晚。,France,FR,artist_origin_hint,CN,corrected_to_other_country,artist override or known artist origin -> FR,https://music.apple.com/cn/album/suite-bergamasque-l-75-iii-clair-de-lune/29773727?i=29773532&uo=4
itunes_1532413949,"Turandot, Act III: Nessun dorma!","卢奇亚诺・帕瓦洛蒂, 约翰阿尔迪斯唱诗班, 旺兹沃思学校童声合唱团, 伦敦爱乐乐团 & 祖宾・梅塔",Pavarotti (Music from the Motion Picture),CN,china,itunes,古典,古典,铜管与弦乐铺陈出庄严底色，男高音以辉煌的高音区穿透夜空般的静谧，童声合唱如远星微光点缀天际。适合独处深夜或需要磅礴情感支撑的时刻聆听，让普契尼的东方意象在声场中徐徐展开。,Italy,IT,artist_origin_hint,CN,corrected_to_other_country,artist override or known artist origin -> IT,https://music.apple.com/cn/album/turandot-act-iii-nessun-dorma/1532413947?i=1532413949&uo=4
itunes_1060026617,灰姑娘,郑钧,赤裸裸,CN,china,itunes,中国摇滚,中国摇滚,九十年代中国摇滚代表作，吉他轰鸣与沙哑声线交织，直白炽热的情感倾泻而出。适合深夜独酌或公路驰骋时聆听，在粗粝旋律中释放积压的情绪。,China,CN,artist_origin_hint,CN,confirmed_china_family,artist override or known artist origin -> CN,https://music.apple.com/cn/album/%E7%81%B0%E5%A7%91%E5%A8%98/1060026302?i=1060026617&uo=4
itunes_1444992246,我的未来不是梦,张雨生,六个朋友 - EP,CN,china,itunes,怀旧音乐,怀旧音乐,清亮高亢的嗓音穿透八十年代末的都市夜空，电吉他铺陈出昂扬的摇滚底色，合成器音色带着那个年代的蓬勃朝气。适合在深夜归途或人生转折处聆听，让这份关于理想的炽热宣言重新点燃内心的火种。,Taiwan,TW,artist_origin_hint,CN,confirmed_china_family,artist override or known artist origin -> TW,https://music.apple.com/cn/album/%E6%88%91%E7%9A%84%E6%9C%AA%E6%9D%A5%E4%B8%8D%E6%98%AF%E6%A2%A6/1444992243?i=1444992246&uo=4
itunes_400915658,Safe,Westlife,Gravity,CN,china,itunes,国际流行,国际流行,Safe以Westlife标志性的五人合唱铺展，钢琴与弦乐交织出千禧年初国际流行的抒情底色，副歌层层递进的和声适合深夜独处或雨天车窗旁的静听时刻。,Ireland,IE,artist_origin_hint,CN,corrected_to_other_country,artist override or known artist origin -> IE,https://music.apple.com/cn/album/safe/400915605?i=400915658&uo=4
itunes_1063213547,火车开往冬天,朴树,我去2000年,CN,china,itunes,中国摇滚,中国摇滚,低沉的吉他铺陈出九十年代末的冷冽底色，朴树沙哑而克制的嗓音似冬日车窗上的薄霜，列车行进般的节奏裹挟着疏离与怅惘，适合在深夜独处或长途旅途时聆听，让未竟的告别随铁轨声缓缓沉降。,China,CN,artist_origin_hint,CN,confirmed_china_family,artist override or known artist origin -> CN,https://music.apple.com/cn/album/%E7%81%AB%E8%BD%A6%E5%BC%80%E5%BE%80%E5%86%AC%E5%A4%A9/1063212942?i=1063213547&uo=4
itunes_883897574,"The Four Seasons, Concerto No. 1 in E Major, RV 269 ""Spring"": I. Allegro","珍妮・扬森, 肯迪达 · 汤普森, Henk Rubingh, Julian Rachlin, Stacey Watton, Maarten Jansen, Liz Kenny & Jan Jansen",Vivaldi: The Four Seasons,CN,china,itunes,古典,古典,春日晨曦穿透薄雾，弦乐群如溪水般清澈奔涌。扬森领衔的独奏小提琴明媚灵动，与协奏组形成鲜活对话，巴洛克式的装饰音点缀出嫩芽抽枝的生机，适合在晨光中唤醒感官或专注阅读时聆听。,Netherlands,NL,artist_origin_hint,CN,corrected_to_other_country,artist override or known artist origin -> NL,https://music.apple.com/cn/album/the-four-seasons-concerto-no-1-in-e-major-rv-269/883897569?i=883897574&uo=4
itunes_217635079,Are You Lonesome Tonight?,Elvis Presley,The Essential Elvis Presley,CN,china,itunes,摇滚,摇滚,低吟浅唱的男声伴着朦胧弦乐缓缓铺展，一首六十年代抒情摇滚 ballad 在夜阑人静时尤为动人，适合独处时细品那份温柔孤寂。,United States,US,artist_origin_hint,CN,corrected_to_other_country,artist override or known artist origin -> US,https://music.apple.com/cn/album/are-you-lonesome-tonight/217633715?i=217635079&uo=4
itunes_1088172910,You Send Me,SAM COOKE,The Best of Sam Cooke,CN,china,itunes,R&B/灵魂乐,R&B/灵魂乐,丝绒般的男声在轻柔的弦乐与钢琴伴奏中缓缓流淌，这首五十年代R&B经典散发着教堂福音般的温暖与世俗爱情的甜蜜，适合深夜独处或慢舞时聆听。,United States,US,artist_origin_hint,CN,corrected_to_other_country,artist override or known artist origin -> US,https://music.apple.com/cn/album/you-send-me/1088172899?i=1088172910&uo=4
itunes_1060026611,回到拉萨,郑钧,赤裸裸,CN,china,itunes,中国摇滚,中国摇滚,粗粝的吉他 riff 撕开九十年代的空气，郑钧以高亢而略带沙哑的嗓音向着高原呼喊。这首中国摇滚经典融合了藏地吟唱与都市躁动的血脉，鼓点沉稳如远行脚步，适合深夜独处或公路飞驰时让风声与旋律一同灌入胸腔。,China,CN,artist_origin_hint,CN,confirmed_china_family,artist override or known artist origin -> CN,https://music.apple.com/cn/album/%E5%9B%9E%E5%88%B0%E6%8B%89%E8%90%A8/1060026302?i=1060026611&uo=4
itunes_192966100,Mr. Lonely,Bobby Vinton,The Best of Bobby Vinton,CN,china,itunes,国际流行,国际流行,低沉的弦乐铺陈出午夜蓝调的底色，Bobby Vinton以丝绒般的嗓音轻诉孤独心事。六十年代国际流行的经典慢板，适合独坐窗边、威士忌杯沿凝露时静静聆听，让旧日柔情缓缓漫过心堤。,United States,US,artist_origin_hint,CN,corrected_to_other_country,artist override or known artist origin -> US,https://music.apple.com/cn/album/mr-lonely/192965779?i=192966100&uo=4
itunes_872635072,Don't Know Much (with Aaron Neville),Linda Ronstadt,"Cry Like a Rainstorm, Howl Like the Wind",CN,china,itunes,国际流行,国际流行,柔和的双人合唱在钢琴与弦乐铺陈中缓缓展开，Linda Ronstadt与Aaron Neville的嗓音交织成八十年代末经典的成人抒情曲风，适合深夜独处或驾车时聆听，温暖而略带忧伤。,United States,US,artist_origin_hint,CN,corrected_to_other_country,artist override or known artist origin -> US,https://music.apple.com/cn/album/dont-know-much-with-aaron-neville/872634962?i=872635072&uo=4
itunes_594596763,"Fanfare for the Common Man (Version of Symphony No. 3, Fourth Movement)",莱奥纳德・伯恩斯坦 & 纽约爱乐乐团,"Barber: Adagio for Strings - Copland: Appalachian Spring, Rodeo & Billy the Kid",CN,china,itunes,古典,古典,铜管声部以庄严和弦齐鸣开场，定音鼓滚奏铺陈宏大气场，弦乐与木管层层叠加推向辉煌高潮。此曲适合独处静听或重要时刻的背景，兼具二十世纪中页美国交响乐的雄浑与抒情。,United States,US,artist_origin_hint,CN,corrected_to_other_country,artist override or known artist origin -> US,https://music.apple.com/cn/album/fanfare-for-the-common-man-version-of-symphony-no/594596368?i=594596763&uo=4
itunes_1444826218,天天想你,张雨生,天天想你,CN,china,itunes,国语流行,国语流行,清亮高亢的嗓音穿透八十年代末的华语流行乐坛，钢琴与吉他交织出绵长思念，适合深夜独处时重温那份纯粹而炽热的情感。,Taiwan,TW,artist_origin_hint,CN,confirmed_china_family,artist override or known artist origin -> TW,https://music.apple.com/cn/album/%E5%A4%A9%E5%A4%A9%E6%83%B3%E4%BD%A0/1444826215?i=1444826218&uo=4
itunes_278290703,You Got It,Roy Orbison,Mystery Girl (Bonus Track Version),CN,china,itunes,摇滚,摇滚,低沉醇厚的嗓音在合成器铺陈的梦幻音墙中游走，八零年代末的流行摇滚骨架裹挟着 Orbison 标志性的悲情浪漫。适合深夜独处时让怀旧情绪缓缓流淌。,United States,US,artist_origin_hint,CN,corrected_to_other_country,artist override or known artist origin -> US,https://music.apple.com/cn/album/you-got-it/278290640?i=278290703&uo=4
itunes_1376375100,Come A Little Bit Closer,Jay & The Americans,Come A Little Bit Closer,CN,china,itunes,摇滚,摇滚,六十年代摇滚金曲，温暖男声与和声交织，吉他铺陈浪漫底色。适合深夜独酌或驱车夜游，复古情怀随旋律缓缓流淌，邀你靠近一点，再靠近一点。,United States,US,artist_origin_hint,CN,corrected_to_other_country,artist override or known artist origin -> US,https://music.apple.com/cn/album/come-a-little-bit-closer/1376374519?i=1376375100&uo=4
itunes_1063212949,在希望的田野上,朴树,我去2000年,CN,china,itunes,中国摇滚,中国摇滚,朴树以清澈嗓音铺展世纪末的都市独白，吉他线条简洁而情绪饱满，在希望与怅然之间游走。适合深夜独处或长途车行时聆听，让略带疏离的诗意自然浸润。,China,CN,artist_origin_hint,CN,confirmed_china_family,artist override or known artist origin -> CN,https://music.apple.com/cn/album/%E5%9C%A8%E5%B8%8C%E6%9C%9B%E7%9A%84%E7%94%B0%E9%87%8E%E4%B8%8A/1063212942?i=1063212949&uo=4
itunes_1808863044,オールディーズ,安島夕貴,第一音源集,CN,china,itunes,J-Pop,J-Pop,轻快的合成器旋律搭配清亮女声，洋溢着平成末期日式流行曲的复古甜腻。电子鼓点跳跃，副歌朗朗上口，适合午后通勤或周末扫除时循环播放，带来一抹霓虹都市的怀旧亮色。,Japan,JP,genre_or_metadata_hint,CN,corrected_to_other_country,genre/label/tags/description evidence -> JP,https://music.apple.com/cn/album/%E3%82%AA%E3%83%BC%E3%83%AB%E3%83%87%E3%82%A3%E3%83%BC%E3%82%BA/1808862796?i=1808863044&uo=4
itunes_192480540,April Come She Will,Simon & Garfunkel,Sounds of Silence,CN,china,itunes,民谣摇滚,民谣摇滚,两把木吉他交织出简洁而温暖的织体，歌声轻柔如私语，仿佛秋日午后窗边的一缕斜阳。这首民谣摇滚小品以四季流转为喻，适合独处时静静聆听，感受时光悄然漫过指缝的恬淡与怅然。,United States,US,artist_origin_hint,CN,corrected_to_other_country,artist override or known artist origin -> US,https://music.apple.com/cn/album/april-come-she-will/192480256?i=192480540&uo=4
itunes_1452966696,Le Sacre du Printemps: II. Les augres printaniers - Danses des adolescentes,克里夫兰管弦乐团 & 皮埃尔・布列兹,Stravinsky: Le sacre du printemps 100th Anniversary Collectors Edition,CN,china,itunes,古典,古典,春之祭第二乐章以布列兹冷峻精准的指挥刀锋剖开斯特拉文斯基的原始张力，铜管与弦乐群在克利夫兰管弦乐团手中迸发出青铜时代的粗粝节奏，木管部落的呼喊如远古仪式苏醒，适合深夜独处时直面现代性震颤的听觉祭典。,United States,US,artist_origin_hint,CN,corrected_to_other_country,artist override or known artist origin -> US,https://music.apple.com/cn/album/le-sacre-du-printemps-ii-les-augres-printaniers-danses/1452957011?i=1452966696&uo=4
itunes_1063212953,旅途,朴树,我去2000年,CN,china,itunes,中国摇滚,中国摇滚,朴树以清澈嗓音铺展这条《旅途》，吉他扫弦与简洁鼓点托起世纪末的疏离与憧憬。适合深夜独行或车窗外的城市灯火，在怀旧与前行之间找到平静的锚点。,China,CN,artist_origin_hint,CN,confirmed_china_family,artist override or known artist origin -> CN,https://music.apple.com/cn/album/%E6%97%85%E9%80%94/1063212942?i=1063212953&uo=4
itunes_1060026623,赤裸裸 (摇滚版),郑钧,赤裸裸,CN,china,itunes,中国摇滚,中国摇滚,粗粝的电吉他 riff 划开九十年代中国摇滚的躁动空气，郑钧以撕裂而真诚的嗓音倾泻都市青年的迷茫与渴望。鼓点硬朗直接，贝斯线条沉厚，适合深夜独处时放大音量，让未经修饰的荷尔蒙与理想主义撞个满怀。,China,CN,artist_origin_hint,CN,confirmed_china_family,artist override or known artist origin -> CN,https://music.apple.com/cn/album/%E8%B5%A4%E8%A3%B8%E8%A3%B8-%E6%91%87%E6%BB%9A%E7%89%88/1060026302?i=1060026623&uo=4
itunes_1058800413,归去来 (feat. 希莉娜依),胡兵,红星六号,CN,china,itunes,怀旧音乐,怀旧音乐,九十年代末华语流行佳作，胡兵与希莉娜依男女声交织，旋律舒缓深情。吉他弦乐铺陈出淡淡惆怅，适合深夜独处或旧友重逢时聆听，唤起对逝去时光的温柔回望。,China,CN,artist_origin_hint,CN,confirmed_china_family,artist override or known artist origin -> CN,https://music.apple.com/cn/album/%E5%BD%92%E5%8E%BB%E6%9D%A5-feat-%E5%B8%8C%E8%8E%89%E5%A8%9C%E4%BE%9D/1058800405?i=1058800413&uo=4
itunes_1452144163,"Liebesträum No. 3 in A-Flat, S. 541 No. 3: Notturno III: O Lieb, So Lang Du Lieben Kannst Poco Allegro, Con Affetto",丹尼尔・巴伦博伊姆,Liszt: Liebesträume,CN,china,itunes,古典,古典,巴伦博伊姆指尖下的李斯特《爱之梦》第三首，以降A大调的温柔夜曲气质缓缓铺展，钢琴声如丝绒般流淌，兼具歌唱性与华丽的琶音装饰，适合深夜独处或阅读时聆听，让浪漫主义的情思在空气中静静弥漫。,Argentina,AR,artist_origin_hint,CN,corrected_to_other_country,artist override or known artist origin -> AR,https://music.apple.com/cn/album/liebestr%C3%A4um-no-3-in-a-flat-s-541-no-3-notturno-iii/1452144152?i=1452144163&uo=4
itunes_1060981613,我的秋天,许巍,在别处,CN,china,itunes,中国摇滚,中国摇滚,低沉的吉他铺陈出九十年代地下摇滚的粗粝底色，许巍沙哑的嗓音在缓慢推进的鼓点中诉说着秋日疏离与内省。适合独自驾车穿越落叶街道，或深夜独处时反复聆听。,China,CN,artist_origin_hint,CN,confirmed_china_family,artist override or known artist origin -> CN,https://music.apple.com/cn/album/%E6%88%91%E7%9A%84%E7%A7%8B%E5%A4%A9/1060981602?i=1060981613&uo=4
itunes_268458073,Vingt Regards sur l'Enfant-Jésus: Regard Du Père,彼得 · 塞尔金,Messiaen: Vingt Regards sur l'Enfant-Jésus,CN,china,itunes,古典,古典,钢琴独奏如晨光穿透彩窗，神秘和弦层层叠置，在庄严与温柔之间凝视圣婴。适合独处静夜，让二十世纪法国宗教沉思在琴键上缓缓铺展。,United States,US,artist_origin_hint,CN,corrected_to_other_country,artist override or known artist origin -> US,https://music.apple.com/cn/album/vingt-regards-sur-lenfant-j%C3%A9sus-regard-du-p%C3%A8re/268458061?i=268458073&uo=4
itunes_95804029,Tell Him,Sonny & Cher,The Wonderous World of Sonny & Cher,CN,china,itunes,国际流行,国际流行,六十年代中期国际流行金曲，男女声线交织出慵懒又俏皮的对话感，轻快的吉他伴奏与俏皮和声营造出复古约会氛围，适合午后咖啡或霓虹初上的都市夜行。,United States,US,artist_origin_hint,CN,corrected_to_other_country,artist override or known artist origin -> US,https://music.apple.com/cn/album/tell-him/95805300?i=95804029&uo=4
itunes_192480401,Kathy's Song,Simon & Garfunkel,Sounds of Silence,CN,china,itunes,民谣摇滚,民谣摇滚,两把木吉他交织出澄澈的琶音，西蒙低回的吟唱似午后窗边的独白。民谣摇滚的骨架上，六十年代纽约的忧郁与温柔缓缓流淌，适合独处时让思绪随弦声沉降。,United States,US,artist_origin_hint,CN,corrected_to_other_country,artist override or known artist origin -> US,https://music.apple.com/cn/album/kathys-song/192480256?i=192480401&uo=4
itunes_1060026616,赤裸裸 (乡谣版),郑钧,赤裸裸,CN,china,itunes,中国摇滚,中国摇滚,粗粝木吉他扫弦打底，郑钧的嗓音带着西北风沙般的沙哑与慵懒，将九十年代的躁动与柔情一并摊开。乡谣版剥去电声外壳，更像酒馆深夜的即兴哼唱，适合独自上路或旧友重逢时举杯。,China,CN,artist_origin_hint,CN,confirmed_china_family,artist override or known artist origin -> CN,https://music.apple.com/cn/album/%E8%B5%A4%E8%A3%B8%E8%A3%B8-%E4%B9%A1%E8%B0%A3%E7%89%88/1060026302?i=1060026616&uo=4
itunes_1571442895,オールディーズ,"Have a Nice Day!, PES, PORIN (Awesome City Club)",オールディーズ - Single,CN,china,itunes,摇滚,摇滚,轻快明亮的吉他扫弦与合成器音色交织，三位音乐人带来充满都市感的摇滚小品。适合夏日傍晚驾车穿行霓虹街道时播放，2021年的发行时间赋予它当代日系流行摇滚的清新质感，人声交替演唱更添随性洒脱。,Japan,JP,artist_origin_hint,CN,corrected_to_other_country,artist override or known artist origin -> JP,https://music.apple.com/cn/album/%E3%82%AA%E3%83%BC%E3%83%AB%E3%83%87%E3%82%A3%E3%83%BC%E3%82%BA/1571442894?i=1571442895&uo=4
itunes_1060026615,极乐世界,郑钧,赤裸裸,CN,china,itunes,中国摇滚,中国摇滚,粗粝电吉他铺底，郑钧嘶吼与吟唱交织，九十年代的躁动与迷茫在硬摇滚骨架中冲撞。适合深夜独行或重溯内地摇滚黄金年代时聆听。,China,CN,artist_origin_hint,CN,confirmed_china_family,artist override or known artist origin -> CN,https://music.apple.com/cn/album/%E6%9E%81%E4%B9%90%E4%B8%96%E7%95%8C/1060026302?i=1060026615&uo=4
itunes_1063210563,逝去的爱,郑海龙,三里屯音乐之酒吧歌手合辑,CN,china,itunes,怀旧音乐,怀旧音乐,低沉嗓音缓缓铺开旧日画面，钢琴与弦乐交织成2000年代内地酒吧现场的暖黄灯光。适合深夜独酌或回忆翻涌时静静聆听，怀旧氛围如杯中残酒，余韵悠长。,China,CN,genre_or_metadata_hint,CN,confirmed_china_family,genre/label/tags/description evidence -> CN,https://music.apple.com/cn/album/%E9%80%9D%E5%8E%BB%E7%9A%84%E7%88%B1/1063210040?i=1063210563&uo=4
itunes_1063212952,我去2000年,朴树,我去2000年,CN,china,itunes,中国摇滚,中国摇滚,朴树首张专辑同名曲，世纪末的都市青春独白。吉他铺底清澈明亮，鼓点克制而坚定，人声带着青涩的疏离与热忱。适合深夜独行或旧友重逢时聆听，在千禧年倒计时的回响里，找到属于一代人的彷徨与期许。,China,CN,artist_origin_hint,CN,confirmed_china_family,artist override or known artist origin -> CN,https://music.apple.com/cn/album/%E6%88%91%E5%8E%BB2000%E5%B9%B4/1063212942?i=1063212952&uo=4
itunes_1382363191,"Violin Concerto No. 1 in G Minor, Op. 26: III. Finale. Allegro energico",约书亚・贝尔 & 圣马丁室内乐团,"Bruch: Scottish Fantasy, Op. 46 - Violin Concerto No. 1 in G Minor, Op. 26",CN,china,itunes,古典,古典,小提琴与乐团交织出炽热的浪漫派张力，终乐章以奔放的快板席卷而来，弓弦间跃动着戏剧性的光芒与如歌的抒情，适合独处时沉浸于十九世纪德意志风格的宏阔情感。,United States,US,artist_origin_hint,CN,corrected_to_other_country,artist override or known artist origin -> US,https://music.apple.com/cn/album/violin-concerto-no-1-in-g-minor-op-26-iii-finale-allegro/1382362770?i=1382363191&uo=4
itunes_1597419790,Oldies,reGretGirl,Life e.p.,CN,china,itunes,摇滚,摇滚,这首作品以摇滚为底色，吉他 riff 利落干脆，鼓点推动着略带怀旧情绪的旋律，适合在夜晚独处或驾车穿行城市时播放。人声线条偏向独立摇滚的松弛感，整体氛围介于青春追忆与当下释然之间，是近年华语独立场景中颇具代表性的声音切片。,China,CN,genre_or_metadata_hint,CN,confirmed_china_family,genre/label/tags/description evidence -> CN,https://music.apple.com/cn/album/oldies/1597419786?i=1597419790&uo=4
itunes_956403499,友谊之光,颜秋霞,友谊之光/醉,CN,china,itunes,怀旧音乐,怀旧音乐,八十年代的怀旧金曲，温暖醇厚的女声缓缓流淌，钢琴与弦乐交织出真挚情谊。适合深夜独酌或老友相聚时轻放，让时光在酒香与旋律中悄然回甘。,Hong Kong,HK,artist_origin_hint,CN,confirmed_china_family,artist override or known artist origin -> HK,https://music.apple.com/cn/album/%E5%8F%8B%E8%B0%8A%E4%B9%8B%E5%85%89/956403498?i=956403499&uo=4
itunes_1447414676,The Tears of a Clown,Smokey Robinson & The Miracles,Make It Happen,CN,china,itunes,R&B/灵魂乐,R&B/灵魂乐,铜管乐与手风琴交织出马戏团般的欢快底色，Smokey Robinson标志性的假声却藏着一丝不易察觉的脆弱。六十年代摩城灵魂的黄金切片，适合深夜独饮时反复咀嚼那层糖衣下的苦涩。,United States,US,artist_origin_hint,CN,corrected_to_other_country,artist override or known artist origin -> US,https://music.apple.com/cn/album/the-tears-of-a-clown/1447414410?i=1447414676&uo=4
itunes_1469577675,The Tracks of My Tears,Smokey Robinson & The Miracles,Going to a Go-Go,CN,china,itunes,R&B/灵魂乐,R&B/灵魂乐,细腻假声与流畅和声交织，六十年代摩城灵魂乐的标志性音色。吉他琶音如泪痕滑落，弦乐铺陈深夜独处的脆弱，适合雨天车窗或旧式台灯下的回忆时刻。,United States,US,artist_origin_hint,CN,corrected_to_other_country,artist override or known artist origin -> US,https://music.apple.com/cn/album/the-tracks-of-my-tears/1469577666?i=1469577675&uo=4
itunes_297953065,"Symphony No. 104 in D Major, 'London': I. Adagio - Allegro",尼古拉斯・哈农库特 & 皇家音乐厅管弦乐团,Haydn: Symphonies 68 & 93-104,CN,china,itunes,古典,古典,海顿第一百零四交响曲开篇以庄重的慢板引子铺陈，随后转入明朗有力的快板，弦乐与管乐交织出典型的古典主义风范，铜管与定音鼓赋予宏大气势，适合静心聆听或书房伴读，尽显维也纳古典乐派的均衡与典雅。,Austria,AT,artist_origin_hint,CN,corrected_to_other_country,artist override or known artist origin -> AT,https://music.apple.com/cn/album/symphony-no-104-in-d-major-london-i-adagio-allegro/297953007?i=297953065&uo=4
itunes_1063212954,"别,千万别",朴树,我去2000年,CN,china,itunes,中国摇滚,中国摇滚,朴树早期代表作，吉他铺陈的简洁编曲承载世纪末的迷茫与倔强，嗓音清澈却带着疏离的冷感，适合深夜独处时反复聆听。,China,CN,artist_origin_hint,CN,confirmed_china_family,artist override or known artist origin -> CN,https://music.apple.com/cn/album/%E5%88%AB-%E5%8D%83%E4%B8%87%E5%88%AB/1063212942?i=1063212954&uo=4
itunes_253681459,Rain On the Roof,The Lovin' Spoonful,Hums of the Lovin' Spoonful (Remastered),CN,china,itunes,国际流行,国际流行,轻快的吉他拨弦与口琴交织，营造出六十年代美式民谣摇滚的慵懒午后氛围，雨声采样与温暖人声相映成趣，适合窗边独饮咖啡时聆听。,United States,US,artist_origin_hint,CN,corrected_to_other_country,artist override or known artist origin -> US,https://music.apple.com/cn/album/rain-on-the-roof/253681108?i=253681459&uo=4
itunes_1403218257,"Requiem in D Minor, Op. 48: IV. Pie Jesu","希尔维亚 · 麦克奈儿, 圣马丁室内乐团, John Birch & 内维尔・马里纳爵士",Fauré: Requiem & Orchestral Works,CN,china,itunes,古典,古典,女声独唱如泣如诉，弦乐与管风琴铺陈出静谧的哀思，室内乐编制精致通透。适合独处沉思或夜晚闭目聆听，让悲悯与安宁缓缓流淌。,Mali,ML,genre_or_metadata_hint,CN,corrected_to_other_country,genre/label/tags/description evidence -> ML,https://music.apple.com/cn/album/requiem-in-d-minor-op-48-iv-pie-jesu/1403217977?i=1403218257&uo=4
itunes_635544561,Rhythm of the Rain,The Cascades,Rhythm of the Rain,CN,china,itunes,摇滚,摇滚,清澈男声与和声交织，吉他拨弦如细雨轻落，六十年代美式摇滚抒情曲风。适合雨夜独坐窗前，让怀旧旋律缓缓浸润心事，经典不褪。,United States,US,artist_origin_hint,CN,corrected_to_other_country,artist override or known artist origin -> US,https://music.apple.com/cn/album/rhythm-of-the-rain/635544556?i=635544561&uo=4
itunes_1063212961,召唤,朴树,我去2000年,CN,china,itunes,中国摇滚,中国摇滚,朴树《召唤》以清澈吉他铺底，伴随从容鼓点与人声吟唱，呈现出世纪末中国摇滚特有的诗性质地与少年心气。适合深夜独处或长途行车时聆听，让略带忧郁的明亮旋律缓缓漫过心头。,China,CN,artist_origin_hint,CN,confirmed_china_family,artist override or known artist origin -> CN,https://music.apple.com/cn/album/%E5%8F%AC%E5%94%A4/1063212942?i=1063212961&uo=4
itunes_724333659,Mr. Blue,The Fleetwoods,The Very Best of the Fleetwoods - Come Softly to Me,CN,china,itunes,摇滚,摇滚,清透女声与柔和男声交织成三重唱，1950年代末的 doo-wop 风格在缓慢摇曳的节奏中流淌。吉他轻拨、贝斯低吟，适合深夜独处或复古派对时细品那份青涩的忧郁蓝调。,United States,US,artist_origin_hint,CN,corrected_to_other_country,artist override or known artist origin -> US,https://music.apple.com/cn/album/mr-blue/724333577?i=724333659&uo=4
itunes_1060981614,在别处,许巍,在别处,CN,china,itunes,中国摇滚,中国摇滚,许巍《在别处》以沉郁诗意的笔触勾勒都市疏离感，吉他铺陈出辽阔而苍凉的音场，鼓点沉稳推进，嗓音低回内敛。九十年代的地下摇滚气质与民谣叙事交融，适合深夜独行或长途驾车时聆听，在空旷中与自己对话。,China,CN,artist_origin_hint,CN,confirmed_china_family,artist override or known artist origin -> CN,https://music.apple.com/cn/album/%E5%9C%A8%E5%88%AB%E5%A4%84/1060981602?i=1060981614&uo=4
itunes_1440670795,You Belong With Me,Taylor Swift,Fearless (Platinum Edition),HK,china,itunes,流行樂,流行樂,轻快吉他拨弦开场，弦乐层层铺陈，副歌旋律明亮抓耳，带有典型00年代末乡村流行跨界质感。适合午后通勤或独处时循环，青春叙事里藏着细腻的心事起伏。,United States,US,artist_origin_hint,HK,corrected_to_other_country,artist override or known artist origin -> US,https://music.apple.com/hk/album/you-belong-with-me/1440670509?i=1440670795&uo=4
itunes_1440493875,Sparks Fly,Taylor Swift,Speak Now,HK,china,itunes,鄉村音樂,鄉村音樂,電吉他與弦樂交織出熾熱的鄉村搖滾氛圍，Swift以充滿張力的嗓音訴說禁忌之戀的焦灼與浪漫。適合雨夜獨處或長途駕駛時反覆聆聽，讓那份壓抑後迸發的情感共鳴緩緩蔓延。,United States,US,artist_origin_hint,HK,corrected_to_other_country,artist override or known artist origin -> US,https://music.apple.com/hk/album/sparks-fly/1440493756?i=1440493875&uo=4
itunes_1440724794,Back to December,Taylor Swift,Speak Now (Bonus Track Version),HK,china,itunes,鄉村音樂,鄉村音樂,鋼琴與弦樂交織出冬日懷舊氛圍，Swift以敘事嗓音回溯一段逝去的感情，鄉村流行曲風中帶著青澀的歉意與成長頓悟，適合獨處窗前細數回憶的深夜時分。,United States,US,artist_origin_hint,HK,corrected_to_other_country,artist override or known artist origin -> US,https://music.apple.com/hk/album/back-to-december/1440724790?i=1440724794&uo=4
itunes_1440670792,Love Story,Taylor Swift,Fearless (Platinum Edition),HK,china,itunes,流行樂,流行樂,輕快的班卓琴與吉他交織出鄉村流行的明亮底色，弦樂漸入時帶來童話般的浪漫昇華。少女心事隨著副歌流淌，適合午後窗邊獨飲咖啡，或與舊友駕車穿越郊野公路時輕聲哼唱。,United States,US,artist_origin_hint,HK,corrected_to_other_country,artist override or known artist origin -> US,https://music.apple.com/hk/album/love-story/1440670509?i=1440670792&uo=4
itunes_1440494381,Back To December (US Version),Taylor Swift,Speak Now,HK,china,itunes,鄉村音樂,鄉村音樂,這首作品以鄉村音樂為基底，鋼琴與弦樂交織出冬日懷舊氛圍，Swift的嗓音在漸強編曲中吐露遲來的歉意。適合獨處窗前、細雪紛飛時反覆聆聽，讓思緒隨慢板旋律沉澱於過往遺憾。,United States,US,artist_origin_hint,HK,corrected_to_other_country,artist override or known artist origin -> US,https://music.apple.com/hk/album/back-to-december-us-version/1440493756?i=1440494381&uo=4
itunes_1445038841,We Are Never Ever Getting Back Together,Taylor Swift,We Are Never Ever Getting Back Together - Single,HK,china,itunes,鄉村音樂,鄉村音樂,輕快的原聲吉他與電吉他交織，搭配朗朗上口的流行旋律，這首2012年的作品散發著鄉村流行風格的明亮能量。戲劇化的口白橋段與層次分明的編曲，適合在心情需要宣洩或獨自駕車時大聲跟唱。,United States,US,artist_origin_hint,HK,corrected_to_other_country,artist override or known artist origin -> US,https://music.apple.com/hk/album/we-are-never-ever-getting-back-together/1445038730?i=1445038841&uo=4
itunes_1440873778,Begin Again,Taylor Swift,Red (Deluxe Version),HK,china,itunes,鄉村音樂,鄉村音樂,輕柔的原聲吉他鋪陳出溫暖底色，弦樂漸層暈染出黎明般的微光，女聲以敘事口吻娓娓道來，彷彿冬夜圍爐後獨自漫步於薄霧街燈下，帶著鄉村曲風的質樸與都會民謠的細膩，適合靜心沉澱或旅途獨處時細細聆聽。,United States,US,artist_origin_hint,HK,corrected_to_other_country,artist override or known artist origin -> US,https://music.apple.com/hk/album/begin-again/1440873509?i=1440873778&uo=4
itunes_1440724793,Sparks Fly,Taylor Swift,Speak Now (Bonus Track Version),HK,china,itunes,鄉村音樂,鄉村音樂,明亮吉他與班卓琴交織出輕快鄉村搖滾節奏，Taylor Swift 以清甜嗓音唱出怦然心動的瞬間，適合午後駕車或獨處時反覆聆聽。,United States,US,artist_origin_hint,HK,corrected_to_other_country,artist override or known artist origin -> US,https://music.apple.com/hk/album/sparks-fly/1440724790?i=1440724793&uo=4
itunes_1440873851,Red (Demo),Taylor Swift,Red (Deluxe Version),HK,china,itunes,鄉村音樂,鄉村音樂,這首Demo以鄉村音樂為底蘊，木吉他與弦樂交織出溫暖而略帶憂傷的氛圍，適合獨處時細細品味那些關於愛與失去的複雜心事。2012年的錄音質感保留了創作初期的真摯與粗糙，像一封未寄出的手寫信。,United States,US,artist_origin_hint,HK,corrected_to_other_country,artist override or known artist origin -> US,https://music.apple.com/hk/album/red-demo/1440873509?i=1440873851&uo=4
itunes_1440802931,Teardrops On My Guitar,Taylor Swift,Taylor Swift (Deluxe Edition),HK,china,itunes,鄉村音樂,鄉村音樂,清澈吉他撥弦襯托少女心事，鄉村曲風揉合流行旋律，適合雨後獨處或深夜回溯青澀遺憾的時刻。,United States,US,artist_origin_hint,HK,corrected_to_other_country,artist override or known artist origin -> US,https://music.apple.com/hk/album/teardrops-on-my-guitar/1440802681?i=1440802931&uo=4
itunes_6766947533,Hurts,Tomii,New Country New Road,HK,china,itunes,鄉村音樂,鄉村音樂,一把木吉他輕輕撥弦，帶著鄉村音樂特有的溫暖質地，人聲低吟淺唱著心事。適合黃昏獨處時靜靜聆聽，讓緩慢流淌的旋律撫平日常疲憊。,Hong Kong,HK,artist_origin_hint,HK,confirmed_china_family,artist override or known artist origin -> HK,https://music.apple.com/hk/album/hurts/6766947522?i=6766947533&uo=4
itunes_258619200,The End of the World,Skeeter Davis,The Essential Skeeter Davis,HK,china,itunes,鄉村音樂,鄉村音樂,清透女聲伴著輕柔吉他與弦樂緩緩流淌，六十年代鄉村曲風瀰漫著淡淡的哀愁與懷舊氣息。適合獨處午後或深夜窗前，任思緒隨旋律輕輕飄遠。,United States,US,artist_origin_hint,HK,corrected_to_other_country,artist override or known artist origin -> US,https://music.apple.com/hk/album/the-end-of-the-world/258618389?i=258619200&uo=4
itunes_283636339,Lullaby,The Chicks,Taking the Long Way,HK,china,itunes,鄉村音樂,鄉村音樂,溫柔吉他撥弦伴著和聲輕唱，這首鄉村曲風的搖籃曲如夜色緩緩流淌，適合睡前獨處或安撫躁動心緒，2006年專輯中一闋私密的撫慰。,United States,US,artist_origin_hint,HK,corrected_to_other_country,artist override or known artist origin -> US,https://music.apple.com/hk/album/lullaby/283636274?i=283636339&uo=4
itunes_1590368892,Run (Taylor's Version) [From The Vault] [feat. Ed Sheeran],Taylor Swift,Red (Taylor’s Version) [+ A Message from Taylor],HK,china,itunes,流行樂,流行樂,温暖的原声吉他铺底，男女声线交织出逃亡般的浪漫张力，弦乐层层推涌至副歌，适合雨夜车窗或独处时循环。,United States,US,artist_origin_hint,HK,corrected_to_other_country,artist override or known artist origin -> US,https://music.apple.com/hk/album/run-taylors-version-from-the-vault-feat-ed-sheeran/1590368448?i=1590368892&uo=4
itunes_1452879620,Fearless,Taylor Swift,Fearless (Platinum Edition),HK,china,itunes,鄉村音樂,鄉村音樂,明亮吉他與班卓琴交織出青澀敘事，弦樂漸強時彷彿夏日午後的勇氣漫溢。這首鄉村流行曲適合獨自駕車穿越郊野，或窗邊重溫初戀般的怦然心動。,United States,US,artist_origin_hint,HK,corrected_to_other_country,artist override or known artist origin -> US,https://music.apple.com/hk/album/fearless/1452879607?i=1452879620&uo=4
itunes_1440494125,Ours,Taylor Swift,Speak Now,HK,china,itunes,鄉村音樂,鄉村音樂,輕快的班卓琴與原聲吉他交織出鄉村流行底色，甜而不膩的嗓音訴說私密心事，適合午後窗邊獨飲或深夜駕車穿行城市燈火，帶著2010年代初期特有的青春勇氣與浪漫執著。,United States,US,artist_origin_hint,HK,corrected_to_other_country,artist override or known artist origin -> US,https://music.apple.com/hk/album/ours/1440493756?i=1440494125&uo=4
itunes_1552791240,Fifteen (Taylor’s Version),Taylor Swift,Fearless (Taylor's Version),HK,china,itunes,鄉村音樂,鄉村音樂,一把清亮的木吉他撥開青澀回憶，班卓琴與提琴輕輕鋪陳鄉村底色，人聲帶著少女獨白般的真摯溫度。這首歌適合在午後窗邊重溫初戀的酸甜，或是獨自駕車時讓旋律載著往事緩緩流淌。,United States,US,artist_origin_hint,HK,corrected_to_other_country,artist override or known artist origin -> US,https://music.apple.com/hk/album/fifteen-taylors-version/1552791073?i=1552791240&uo=4
itunes_1440802686,Tim Mcgraw,Taylor Swift,Taylor Swift (Deluxe Edition),HK,china,itunes,鄉村音樂,鄉村音樂,輕柔的吉他撥弦伴隨少女清澈的嗓音，這首鄉村風格作品散發著夏日午後的懷舊氣息。旋律簡樸真摯，適合獨自駕車穿越郊外公路時聆聽，讓回憶隨風飄散。,United States,US,artist_origin_hint,HK,corrected_to_other_country,artist override or known artist origin -> US,https://music.apple.com/hk/album/tim-mcgraw/1440802681?i=1440802686&uo=4
itunes_307441628,Jolene,Hushabye Baby,Hushabye Baby: Lullaby Renditions of Dolly Parton,HK,china,itunes,兒童音樂,兒童音樂,轻柔的八音盒与缓慢摇曳的弦乐交织，将经典旋律化作温暖的摇篮曲。适合睡前安抚时刻，让熟悉的音符以纯净器乐形式流淌，营造安宁恬静的亲子氛围。,United States,US,artist_origin_hint,HK,corrected_to_other_country,artist override or known artist origin -> US,https://music.apple.com/hk/album/jolene/307441604?i=307441628&uo=4
itunes_1440724940,Mine (US Version),Taylor Swift,Speak Now (Bonus Track Version),HK,china,itunes,鄉村音樂,鄉村音樂,輕快的班卓琴與吉他鋪陳出明亮底色，Taylor Swift以清甜嗓音訴說青澀佔有欲，鄉村流行曲風帶著2010年代初的純真氣息，適合午後獨處或公路漫遊時反覆播放。,United States,US,artist_origin_hint,HK,corrected_to_other_country,artist override or known artist origin -> US,https://music.apple.com/hk/album/mine-us-version/1440724790?i=1440724940&uo=4
itunes_1440724797,Mean,Taylor Swift,Speak Now (Bonus Track Version),HK,china,itunes,鄉村音樂,鄉村音樂,輕快的班卓琴與原聲吉他開場，帶著鄉村樂的淳樸質地，泰勒·斯威夫特以清亮嗓音唱出對惡意批評的從容回應。中板節奏明亮爽利，口琴點綴其間，整體氛圍俏皮而堅定，適合午後駕車或獨處時提振心情。,United States,US,artist_origin_hint,HK,corrected_to_other_country,artist override or known artist origin -> US,https://music.apple.com/hk/album/mean/1440724790?i=1440724797&uo=4
itunes_1440803034,Teardrops On My Guitar (Pop Version),Taylor Swift,Taylor Swift (Deluxe Edition),HK,china,itunes,鄉村音樂,鄉村音樂,一把木吉他輕輕撥開青春心事，鄉村曲風裹著流行糖衣，讓暗戀的酸澀在旋律裡慢慢化開。適合深夜獨處時反覆聆聽，任淚水與和弦一同落下。,United States,US,artist_origin_hint,HK,corrected_to_other_country,artist override or known artist origin -> US,https://music.apple.com/hk/album/teardrops-on-my-guitar-pop-version/1440802681?i=1440803034&uo=4
itunes_1440873519,I Almost Do,Taylor Swift,Red (Deluxe Version),HK,china,itunes,鄉村音樂,鄉村音樂,這首作品以鄉村音樂為底色，木吉他與弦樂鋪陳出溫暖而略帶感傷的氛圍，適合獨處時細細品味。中慢板的節奏搭配細膩的嗓音敘事，彷彿翻閱一本泛舊的日記，在秋日午後或深夜燈下靜靜聆聽尤為動人。,United States,US,artist_origin_hint,HK,corrected_to_other_country,artist override or known artist origin -> US,https://music.apple.com/hk/album/i-almost-do/1440873509?i=1440873519&uo=4
itunes_1440873775,Starlight,Taylor Swift,Red (Deluxe Version),HK,china,itunes,鄉村音樂,鄉村音樂,輕快的班卓琴與明亮吉他交織，帶出鄉村搖滾的溫暖底色，人聲清澈透亮，彷彿夏夜駕車穿越郊外公路的自由時光，適合黃昏散步或獨處時靜靜聆聽。,United States,US,artist_origin_hint,HK,corrected_to_other_country,artist override or known artist origin -> US,https://music.apple.com/hk/album/starlight/1440873509?i=1440873775&uo=4
itunes_1440873785,Come Back... Be Here,Taylor Swift,Red (Deluxe Version),HK,china,itunes,鄉村音樂,鄉村音樂,這首歌以細膩的鄉村曲風為底，鋼琴與弦樂交織出深夜獨處的思念氛圍，適合雨天窗邊或長途夜車時靜靜聆聽，讓漸強的情感在副歌中緩緩釋放。,United States,US,artist_origin_hint,HK,corrected_to_other_country,artist override or known artist origin -> US,https://music.apple.com/hk/album/come-back-be-here/1440873509?i=1440873785&uo=4
itunes_1497381781,This is Us,Jimmie Allen & Noah Cyrus,This is Us - Single,HK,china,itunes,鄉村音樂,鄉村音樂,輕柔吉他與溫暖人聲交織，這首鄉村風格對唱曲以簡約編制營造親密氛圍，適合黃昏獨處或深夜行車時細細聆聽，流露2020年代都會民謠的恬淡情感。,United States,US,artist_origin_hint,HK,corrected_to_other_country,artist override or known artist origin -> US,https://music.apple.com/hk/album/this-is-us/1497381776?i=1497381781&uo=4
itunes_1440873762,The Last Time (feat. Gary Lightbody),Taylor Swift,Red (Deluxe Version),HK,china,itunes,鄉村音樂,鄉村音樂,低沉吉他與鋼琴交織出冬日般的憂鬱氛圍，男女聲線在副歌中層層疊加，像是深夜獨處時反覆播放的心事。適合雨天窗前、長途夜車或舊情翻湧的時刻靜靜聆聽，讓緩慢流淌的旋律一點一點滲入記憶縫隙。,United States,US,artist_origin_hint,HK,corrected_to_other_country,artist override or known artist origin -> US,https://music.apple.com/hk/album/the-last-time-feat-gary-lightbody/1440873509?i=1440873762&uo=4
itunes_1440494128,If This Was A Movie,Taylor Swift,Speak Now,HK,china,itunes,鄉村音樂,鄉村音樂,鋼琴與木吉他交織出溫柔的鄉村民謠底色，Swift以敘事口吻吟唱失而復得的戀人幻想，副歌層層堆疊的弦樂襯出午夜獨處的戲劇張力，適合雨夜窗邊重播舊情的聆聽時刻。,United States,US,artist_origin_hint,HK,corrected_to_other_country,artist override or known artist origin -> US,https://music.apple.com/hk/album/if-this-was-a-movie/1440493756?i=1440494128&uo=4
itunes_1440918405,Rainbow,Kacey Musgraves,Golden Hour,HK,china,itunes,鄉村音樂,鄉村音樂,溫暖的合成器鋪底與輕柔鋼琴交織，鄉村音樂骨架下透著夢幻流行光暈。如午後斜照穿透紗簾，撫慰而堅定，適合獨處時需要一點光亮與希望的時刻。,United States,US,artist_origin_hint,HK,corrected_to_other_country,artist override or known artist origin -> US,https://music.apple.com/hk/album/rainbow/1440918116?i=1440918405&uo=4
itunes_1549297964,Glad You Exist,Dan + Shay,Glad You Exist - Single,HK,china,itunes,鄉村音樂,鄉村音樂,輕快明亮的鄉村流行曲風，木吉他與溫和人聲交織出真摯暖意，適合午後咖啡時光或公路漫遊，傳遞簡單而直接的陪伴感。,United States,US,artist_origin_hint,HK,corrected_to_other_country,artist override or known artist origin -> US,https://music.apple.com/hk/album/glad-you-exist/1549297963?i=1549297964&uo=4
itunes_1552791552,White Horse (Taylor’s Version),Taylor Swift,Fearless (Taylor's Version),HK,china,itunes,鄉村音樂,鄉村音樂,清亮的班卓琴與吉他交織出純粹的鄉村底色，泰勒絲以坦誠嗓音唱述青春裡的幻滅與覺醒。中板節奏帶著敘事般的流動感，適合獨處時回望那些曾經深信不疑的承諾，在溫柔的憂傷中拾起重生的勇氣。,United States,US,artist_origin_hint,HK,corrected_to_other_country,artist override or known artist origin -> US,https://music.apple.com/hk/album/white-horse-taylors-version/1552791073?i=1552791552&uo=4
itunes_1452879621,Fifteen,Taylor Swift,Fearless (Platinum Edition),HK,china,itunes,鄉村音樂,鄉村音樂,一把木吉他輕撥出青春心事，弦聲透亮如午後陽光灑進窗邊。鄉村曲調裹著少女獨白，適合獨處時翻開舊日相簿，任回憶隨旋律緩緩流淌。,United States,US,artist_origin_hint,HK,corrected_to_other_country,artist override or known artist origin -> US,https://music.apple.com/hk/album/fifteen/1452879607?i=1452879621&uo=4
itunes_1440493886,Speak Now,Taylor Swift,Speak Now,HK,china,itunes,鄉村音樂,鄉村音樂,這首以鄉村音樂為基底的流行搖滾曲，吉他與弦樂交織出戲劇性的情感張力，適合獨處時反覆聆聽，感受那份直率而熾烈的告白衝動。,United States,US,artist_origin_hint,HK,corrected_to_other_country,artist override or known artist origin -> US,https://music.apple.com/hk/album/speak-now/1440493756?i=1440493886&uo=4
itunes_1440802687,Picture to Burn,Taylor Swift,Taylor Swift (Deluxe Edition),HK,china,itunes,鄉村音樂,鄉村音樂,清脆的吉他撥弦搭配口琴點綴，這首鄉村流行曲以明快的節奏與直白的敘事口吻，勾勒出年少輕狂的畫面。適合午後駕車或獨處時隨性播放，帶著千禧年初美國鄉村音樂的純粹能量。,United States,US,artist_origin_hint,HK,corrected_to_other_country,artist override or known artist origin -> US,https://music.apple.com/hk/album/picture-to-burn/1440802681?i=1440802687&uo=4
itunes_1552791766,Forever & Always (Taylor’s Version),Taylor Swift,Fearless (Taylor's Version),HK,china,itunes,鄉村音樂,鄉村音樂,清澈吉他與弦樂交織的鄉村流行曲，少女心事在輕快節奏中坦誠流淌。適合午後獨處或公路漫遊時反覆聆聽，帶有2000年代末的純真氣息與重新錄製的溫潤質感。,United States,US,artist_origin_hint,HK,corrected_to_other_country,artist override or known artist origin -> US,https://music.apple.com/hk/album/forever-always-taylors-version/1552791073?i=1552791766&uo=4
itunes_1452879751,White Horse,Taylor Swift,Fearless (Platinum Edition),HK,china,itunes,鄉村音樂,鄉村音樂,清透吉他撥弦鋪陳開場，弦樂漸層湧入，帶著鄉村音樂特有的敘事質地。中板節奏裡，人聲坦誠而略帶傷感，適合獨處時回溯舊日情傷的午後。2000年代末的經典鄉村流行風格，琴絃與情感同頻共振。,United States,US,artist_origin_hint,HK,corrected_to_other_country,artist override or known artist origin -> US,https://music.apple.com/hk/album/white-horse/1452879607?i=1452879751&uo=4
itunes_1440873779,The Moment I Knew,Taylor Swift,Red (Deluxe Version),HK,china,itunes,鄉村音樂,鄉村音樂,一把木吉他緩緩撥開深夜的寂靜，弦樂如霧氣般層層暈染，鄉村曲風裹著2010年代初的抒情質地。這首歌適合獨處時反覆聆聽，讓人沉入某個錯過的瞬間，在回憶裡慢慢鬆開緊握的遺憾。,United States,US,artist_origin_hint,HK,corrected_to_other_country,artist override or known artist origin -> US,https://music.apple.com/hk/album/the-moment-i-knew/1440873509?i=1440873779&uo=4
itunes_1552791434,Hey Stephen (Taylor’s Version),Taylor Swift,Fearless (Taylor's Version),HK,china,itunes,鄉村音樂,鄉村音樂,輕快的鄉村流行曲風，吉他與班卓琴交織出青澀的校園氛圍，甜而不膩的女聲唱著暗戀心事。適合午後窗邊獨處，或與舊友駕車兜風時播放，重製版更添一層溫柔的時光濾鏡。,United States,US,artist_origin_hint,HK,corrected_to_other_country,artist override or known artist origin -> US,https://music.apple.com/hk/album/hey-stephen-taylors-version/1552791073?i=1552791434&uo=4
itunes_1440873761,Stay Stay Stay,Taylor Swift,Red (Deluxe Version),HK,china,itunes,鄉村音樂,鄉村音樂,輕快的班卓琴與原聲吉他交織出陽光般的鄉村流行旋律，甜而不膩的女聲唱著戀人間的撒嬌與妥協，像週末早晨賴床時的傻笑對話，適合在灑進窗台的暖光裡單曲循環。,United States,US,artist_origin_hint,HK,corrected_to_other_country,artist override or known artist origin -> US,https://music.apple.com/hk/album/stay-stay-stay/1440873509?i=1440873761&uo=4
itunes_79590476,How Do I Live,LeAnn Rimes,Greatest Hits,HK,china,itunes,鄉村音樂,鄉村音樂,清澈嗓音鋪陳九〇年代鄉村流行經典，吉他與弦樂交織出綿長抒情氛圍，適合深夜獨處或公路馳騁時反覆聆聽，情感濃烈卻不失通透。,United States,US,artist_origin_hint,HK,corrected_to_other_country,artist override or known artist origin -> US,https://music.apple.com/hk/album/how-do-i-live/79590636?i=79590476&uo=4
itunes_1510409470,I Hope (feat. Charlie Puth),Gabby Barrett,Goldmine,HK,china,itunes,鄉村音樂,鄉村音樂,清亮女聲與細膩男聲交織，鄉村流行曲風揉合現代都會感，吉他與電子節拍鋪陳失戀後的倔強與釋然。適合深夜獨處或城市通勤時反覆聆聽，讓情緒隨旋律緩緩沉澱。,United States,US,artist_origin_hint,HK,corrected_to_other_country,artist override or known artist origin -> US,https://music.apple.com/hk/album/i-hope-feat-charlie-puth/1510409258?i=1510409470&uo=4
itunes_1676967259,All Of The Girls You Loved Before,Taylor Swift,All Of The Girls You Loved Before - Single,HK,china,itunes,流行樂,流行樂,一首以柔和合成器鋪底、搭配清澈人聲的當代流行曲，旋律流暢如午夜獨白，適合雨天窗邊或深夜駕車時靜靜播放，帶著2020年代都市情歌特有的坦白與餘溫。,United States,US,artist_origin_hint,HK,corrected_to_other_country,artist override or known artist origin -> US,https://music.apple.com/hk/album/all-of-the-girls-you-loved-before/1676967257?i=1676967259&uo=4
itunes_1552791568,Breathe (Taylor’s Version) [feat. Colbie Caillat],Taylor Swift,Fearless (Taylor's Version),HK,china,itunes,鄉村音樂,鄉村音樂,輕柔的原聲吉他鋪陳出溫暖底色，兩道女聲交織如耳語般親密，鄉村民謠的簡約編制讓呼吸般的和聲成為主角，適合午後獨處或深夜歸途時反覆播放。,United States,US,artist_origin_hint,HK,corrected_to_other_country,artist override or known artist origin -> US,https://music.apple.com/hk/album/breathe-taylors-version-feat-colbie-caillat/1552791073?i=1552791568&uo=4
itunes_1552791575,You’re Not Sorry (Taylor’s Version),Taylor Swift,Fearless (Taylor's Version),HK,china,itunes,鄉村音樂,鄉村音樂,鋼琴緩緩鋪陳，弦樂層層推進，這首重錄版作品以成熟聲線重新演繹年少心碎。鄉村搖滾編制裡，副歌的爆發與尾段的沉澱形成張力，適合雨夜獨處或情緒梳理時反覆聆聽。,United States,US,artist_origin_hint,HK,corrected_to_other_country,artist override or known artist origin -> US,https://music.apple.com/hk/album/youre-not-sorry-taylors-version/1552791073?i=1552791575&uo=4
itunes_1440873510,State of Grace,Taylor Swift,Red (Deluxe Version),HK,china,itunes,鄉村音樂,鄉村音樂,這首作品以電吉他與鼓點鋪陳出遼闊的聲場，鄉村搖滾底色中透著青春敘事的熾烈與脆弱，適合獨行夜路或長途車窗邊的沉思時刻，2012年前後的流行鄉村風潮在此凝結成一道灼熱而純粹的情感光譜。,United States,US,artist_origin_hint,HK,corrected_to_other_country,artist override or known artist origin -> US,https://music.apple.com/hk/album/state-of-grace/1440873509?i=1440873510&uo=4
itunes_1440724939,Long Live,Taylor Swift,Speak Now (Bonus Track Version),HK,china,itunes,鄉村音樂,鄉村音樂,這首作品以鄉村音樂為基底，吉他與弦樂交織出溫暖而遼闊的聲響，歌聲帶著青春無畏的熱度與略帶憂鬱的抒情氣質。適合獨自駕車穿越黃昏公路，或深夜回望成長軌跡時靜靜聆聽。,United States,US,artist_origin_hint,HK,corrected_to_other_country,artist override or known artist origin -> US,https://music.apple.com/hk/album/long-live/1440724790?i=1440724939&uo=4
itunes_1440724795,Speak Now,Taylor Swift,Speak Now (Bonus Track Version),HK,china,itunes,鄉村音樂,鄉村音樂,琴聲與弦樂交織出細膩的敘事氛圍，這首鄉村風格作品以流暢的旋律線鋪陳私密心事，適合獨處午後或深夜獨白時靜靜聆聽，感受那份不加修飾的真摯與坦誠。,United States,US,artist_origin_hint,HK,corrected_to_other_country,artist override or known artist origin -> US,https://music.apple.com/hk/album/speak-now/1440724790?i=1440724795&uo=4
itunes_1440494022,Never Grow Up,Taylor Swift,Speak Now,HK,china,itunes,鄉村音樂,鄉村音樂,一把木吉他輕柔撥弦，搭配泰勒絲溫暖的嗓音，這首歌像一封寫給童年的私密信箋。民謠鄉村的簡約編制襯托出淡淡惆悵，適合夜深獨處時靜靜聆聽，讓回憶隨旋律緩緩流淌。,United States,US,artist_origin_hint,HK,corrected_to_other_country,artist override or known artist origin -> US,https://music.apple.com/hk/album/never-grow-up/1440493756?i=1440494022&uo=4
itunes_1445766386,I Knew You Were Trouble.,Taylor Swift,Red (Big Machine Radio Release Special),HK,china,itunes,鄉村音樂,鄉村音樂,這首歌曲以強勁的電子流行節拍為骨架，融合鄉村音樂的敘事底色，呈現出2010年代初期主流樂壇的大膽跨界風貌。合成器與打擊樂層層堆疊，襯托出直率而灼熱的情感張力，適合獨處時反覆咀嚼，或夜駕途中釋放情緒。,United States,US,artist_origin_hint,HK,corrected_to_other_country,artist override or known artist origin -> US,https://music.apple.com/hk/album/i-knew-you-were-trouble/1445766378?i=1445766386&uo=4
itunes_1440494118,Long Live,Taylor Swift,Speak Now,HK,china,itunes,鄉村音樂,鄉村音樂,這首作品以鄉村音樂為基底，吉他與弦樂交織出溫暖而遼闊的聲響，適合在深夜獨處或公路旅行時聆聽。歌聲帶著青春敘事的熱忱與一絲懷舊感，彷彿一場關於友誼與成長的慶祝，讓人想起2010年代初期流行鄉村風格的純粹與真摯。,United States,US,artist_origin_hint,HK,corrected_to_other_country,artist override or known artist origin -> US,https://music.apple.com/hk/album/long-live/1440493756?i=1440494118&uo=4
itunes_1469584185,They Can't Take That Away from Me,Ella Fitzgerald & Louis Armstrong,Ella and Louis,HK,china,itunes,爵士樂,爵士樂,丝绒般的爵士二重唱，女声明亮婉转如香槟气泡，男声沙哑慵懒似午夜炉火。钢琴与萨克斯风轻声交织，1950年代纽约俱乐部的暖黄灯光仿佛就在眼前，适合微醺时独自聆听或低声共舞。,United States,US,artist_origin_hint,HK,corrected_to_other_country,artist override or known artist origin -> US,https://music.apple.com/hk/album/they-cant-take-that-away-from-me/1469584174?i=1469584185&uo=4
itunes_726138202,I Get Along Without You Very Well,Chet Baker,The Best of Chet Baker Sings,HK,china,itunes,爵士樂,爵士樂,小号声线如夜雾轻绕，贝克以气声低吟这首标准曲，钢琴与贝斯铺陈出五十年代西海岸爵士的冷冽底色，适合独处时配一杯酒，任惆怅缓缓沉降。,United States,US,artist_origin_hint,HK,corrected_to_other_country,artist override or known artist origin -> US,https://music.apple.com/hk/album/i-get-along-without-you-very-well/726137633?i=726138202&uo=4
itunes_1444086827,What a Dog / He's a Tramp,Peggy Lee & Oliver Wallace,Lady and the Tramp (Original Motion Picture Soundtrack),HK,china,itunes,音樂劇,音樂劇,慵懒爵士旋律伴随俏皮女声与男声对唱，摇摆节奏中透出五十年代美式音乐剧的浪漫风情，萨克斯与铜管交织出都市夜色的温柔气息，适合微醺时分独自品味经典银幕记忆。,United States,US,artist_origin_hint,HK,corrected_to_other_country,artist override or known artist origin -> US,https://music.apple.com/hk/album/what-a-dog-hes-a-tramp/1444086414?i=1444086827&uo=4
itunes_651012136,1950s,Jánnos Eolou,One Fine Day,HK,china,itunes,古典樂,古典樂,古琴与弦乐交织出东方意境，悠扬旋律如山水长卷徐徐展开，适合独处静思或品茗时聆听，当代演绎赋予传统古典乐新的呼吸。,Greece,GR,artist_origin_hint,HK,corrected_to_other_country,artist override or known artist origin -> GR,https://music.apple.com/hk/album/1950s/651011838?i=651012136&uo=4
itunes_268443200,All Blues,Miles Davis,Kind of Blue,HK,china,itunes,爵士樂,爵士樂,緩慢流動的調式爵士樂，以輕柔小號與薩克斯風交織出深夜獨酌的氛圍。鋼琴與低音提琴鋪陳出簡約而深邃的藍調底色，適合雨夜靜思或燭光下的私密時刻。,United States,US,artist_origin_hint,HK,corrected_to_other_country,artist override or known artist origin -> US,https://music.apple.com/hk/album/all-blues/268443092?i=268443200&uo=4
itunes_749752520,Young At Heart,Frank Sinatra,The Complete Capitol Singles Collection,HK,china,itunes,流行樂,流行樂,這首作品以溫潤醇厚的男聲為主軸，伴隨輕柔的管弦樂編排，散發出成熟優雅的浪漫氣息。適合傍晚獨酌或燭光晚餐時細細品味，時光彷彿在悠揚旋律中緩緩流淌。,United States,US,artist_origin_hint,HK,corrected_to_other_country,artist override or known artist origin -> US,https://music.apple.com/hk/album/young-at-heart/749752194?i=749752520&uo=4
itunes_1469584189,Tenderly,Ella Fitzgerald & Louis Armstrong,Ella and Louis,HK,china,itunes,爵士樂,爵士樂,慵懒小号与丝绒女声交织，经典爵士二重唱在午夜灯光下流淌，适合独酌或低语时分。,United States,US,artist_origin_hint,HK,corrected_to_other_country,artist override or known artist origin -> US,https://music.apple.com/hk/album/tenderly/1469584174?i=1469584189&uo=4
itunes_1152947818,Twinkle Twinkle Little Star (Grand Piano Version),Twinkle Twinkle Little Star,Twinkle Twinkle Little Star Collection - EP,HK,china,itunes,兒童音樂,兒童音樂,清澈钢琴独奏流淌出熟悉的童谣旋律，黑白键间跃动着温柔纯净的童趣光芒，适合睡前安抚、亲子共读或午后窗边的宁静时刻，为小小听众编织一片安稳甜美的梦境。,,,itunes_storefront_china_review,HK,rejected_china_storefront_needs_review,China-family iTunes storefront only; no strong artist or metadata evidence,https://music.apple.com/hk/album/twinkle-twinkle-little-star-grand-piano-version/1152947582?i=1152947818&uo=4
itunes_1584039472,Baby Shark,CoComelon,Nursery Rhymes by CoComelon,HK,china,itunes,兒童音樂,兒童音樂,轻快的电子节拍搭配童声合唱，旋律简单重复、极易跟唱，钢琴与合成器音色明亮跳跃，适合幼儿律动与亲子互动，洋溢着天真活泼的课堂氛围。,United States,US,artist_origin_hint,HK,corrected_to_other_country,artist override or known artist origin -> US,https://music.apple.com/hk/album/baby-shark/1584039361?i=1584039472&uo=4
itunes_1293229676,The Way I Am,Charlie Puth,Voicenotes,HK,china,itunes,流行樂,流行樂,輕快明亮的流行節拍搭配細膩的假聲轉音，這首作品散發著都會夜晚的慵懶與坦誠。合成器鋪底與精簡鼓組營造出2010年代中後期的臥室錄音質感，適合獨處時反覆播放，或是深夜駕車穿越霓虹街道的私密時刻。,United States,US,artist_origin_hint,HK,corrected_to_other_country,artist override or known artist origin -> US,https://music.apple.com/hk/album/the-way-i-am/1293229669?i=1293229676&uo=4
itunes_1796787900,1950,rae,1950 - Single,HK,china,itunes,R&B/騷靈樂,R&B/騷靈樂,慵懒的R&B声线滑过复古合成器铺底，像午夜车窗上流动的霓虹倒影。香港新生代以骚灵乐为底色，将都市孤独酿成微醺的慢板情歌，适合独处时让情绪随节拍缓缓沉降。,Hong Kong,HK,genre_or_metadata_hint,HK,confirmed_china_family,genre/label/tags/description evidence -> HK,https://music.apple.com/hk/album/1950/1796787897?i=1796787900&uo=4
itunes_716373159,Shall We Dance?,"Yul Brynner, Deborah Kerr & 瑪妮尼克森",The King and I (Original Motion Picture Soundtrack),HK,china,itunes,音樂劇,音樂劇,輕快的華爾茲節奏流淌著五十年代音樂劇的黃金氣息，弦樂與木管交織出宮廷舞會的優雅場景，男女聲對唱帶著戲劇性的浪漫張力，適合在燭光搖曳的夜晚重拾經典銀幕情懷。,United States,US,artist_origin_hint,HK,corrected_to_other_country,artist override or known artist origin -> US,https://music.apple.com/hk/album/shall-we-dance/716372224?i=716373159&uo=4
itunes_46592140,Mess Around,Ray Charles,Ray Charles,HK,china,itunes,R&B/騷靈樂,R&B/騷靈樂,鋼琴與銅管交織出五十年代騷靈樂的熾熱律動，Ray Charles 以沙啞嗓音駕馭這首 R&B 經典，適合深夜獨酌或復古派對時搖擺身軀。,United States,US,artist_origin_hint,HK,corrected_to_other_country,artist override or known artist origin -> US,https://music.apple.com/hk/album/mess-around/46592114?i=46592140&uo=4
itunes_1437194539,Misty,Sarah Vaughan,Vaughan And Violins,HK,china,itunes,爵士樂,爵士樂,丝绒般的嗓音在弦乐簇拥下缓缓流淌，Sarah Vaughan以慵懒而精准的转音将夜色织成迷雾。小提琴与爵士钢琴交织出1950年代中期的沙龙情调，适合烛光摇曳时的独酌或低语。,United States,US,artist_origin_hint,HK,corrected_to_other_country,artist override or known artist origin -> US,https://music.apple.com/hk/album/misty/1437194366?i=1437194539&uo=4
itunes_1444086684,The Siamese Cat Song / What's Going On Down There,Peggy Lee & Oliver Wallace,Lady and the Tramp (Original Motion Picture Soundtrack),HK,china,itunes,音樂劇,音樂劇,慵懒爵士摇摆搭配俏皮对唱，两只暹罗猫的戏谑独白在轻快铜管与钢琴跳跃间流转，1950年代迪士尼动画黄金时期的剧场魅力，适合午后咖啡或复古派对时轻松聆听。,United States,US,artist_origin_hint,HK,corrected_to_other_country,artist override or known artist origin -> US,https://music.apple.com/hk/album/the-siamese-cat-song-whats-going-on-down-there/1444086414?i=1444086684&uo=4
itunes_1676947244,Like Crazy,Jimin,FACE - EP,HK,china,itunes,韓國流行樂,韓國流行樂,迷幻合成器鋪陳出深夜舞池的朦朧氛圍，Jimin 氣聲唱腔遊走於脆弱與沉溺之間，節拍輕叩如心跳加速時的悸動。適合獨處時分戴上耳機，任思緒隨電流漫遊城市霓虹。,South Korea,KR,genre_or_metadata_hint,HK,corrected_to_other_country,genre/label/tags/description evidence -> KR,https://music.apple.com/hk/album/like-crazy/1676947234?i=1676947244&uo=4
itunes_192656127,"Que Sera, Sera",桃樂斯黛,Doris Day's Greatest Hits,HK,china,itunes,美聲流行樂,美聲流行樂,輕柔美聲伴隨優雅弦樂編排，這首經典流行金曲散發五十年代特有的溫婉氣質，適合午後茶敘或靜夜獨處時細細品味，以從容姿態訴說對未來的灑脫期盼。,United States,US,artist_origin_hint,HK,corrected_to_other_country,artist override or known artist origin -> US,https://music.apple.com/hk/album/que-sera-sera/192655808?i=192656127&uo=4
itunes_1584039756,"Row, Row, Row Your Boat",CoComelon,Nursery Rhymes by CoComelon,HK,china,itunes,兒童音樂,兒童音樂,这首经典童谣以明亮清脆的合成器音色重新编排，轻快的节奏搭配童声合唱，营造出活泼温馨的亲子互动氛围，适合幼儿游戏、睡前安抚或家庭驾车时光聆听，传递顺流而下的悠然童趣。,United States,US,artist_origin_hint,HK,corrected_to_other_country,artist override or known artist origin -> US,https://music.apple.com/hk/album/row-row-row-your-boat/1584039361?i=1584039756&uo=4
itunes_1441134371,Hey Jude,The Beatles,"Past Masters, Vols. 1 & 2",HK,china,itunes,搖滾,搖滾,"温暖钢琴缓缓铺开，副歌处万人齐唱的壮阔和声层层堆叠，摇滚骨架中流淌着六十年代末的赤诚与抚慰。适合深夜独处或老友重聚时静静聆听，让那句熟悉的""Na-na-na""带走所有疲惫。",United Kingdom,GB,artist_origin_hint,HK,corrected_to_other_country,artist override or known artist origin -> GB,https://music.apple.com/hk/album/hey-jude/1441133181?i=1441134371&uo=4
itunes_1584164328,Twinkle Twinkle Little Star,CoComelon,"CoComelon Kids Hits, Vol. 3",HK,china,itunes,兒童音樂,兒童音樂,轻柔明亮的钢琴与童声合唱交织，节奏舒缓如摇篮曲，适合睡前安抚或亲子互动时光。经典儿歌以清新编曲重现，传递纯真温暖的氛围，是学龄前儿童日常聆听的温馨之选。,United States,US,artist_origin_hint,HK,corrected_to_other_country,artist override or known artist origin -> US,https://music.apple.com/hk/album/twinkle-twinkle-little-star/1584163922?i=1584164328&uo=4
itunes_564121520,當,動力火車,就是紅光輝全紀錄,TW,china,itunes,華語流行樂,華語流行樂,雙人硬搖滾嗓碰撞出滾燙張力，電吉他刷弦與磅礴鼓點撐起千禧年華語流行搖滾的黃金氣場，適合長夜駕駛或KTV釋放情緒的時刻。,Taiwan,TW,artist_origin_hint,TW,confirmed_china_family,artist override or known artist origin -> TW,https://music.apple.com/tw/album/%E7%95%B6/563828576?i=564121520&uo=4
itunes_914675882,曲終人散,張宇,男人的好 新歌精選影音全記錄,TW,china,itunes,華語流行樂,華語流行樂,鋼琴與弦樂鋪陳出深夜獨處的寂寥，張宇沙啞而壓抑的聲線緩緩推進，九零年代華語抒情搖滾的經典編制，適合酒後獨坐或長途夜車時反覆咀嚼。,China,CN,genre_or_metadata_hint,TW,confirmed_china_family,genre/label/tags/description evidence -> CN,https://music.apple.com/tw/album/%E6%9B%B2%E7%B5%82%E4%BA%BA%E6%95%A3/914675762?i=914675882&uo=4
itunes_1167470913,過火,張信哲,寬容,TW,china,itunes,華語流行樂,華語流行樂,鋼琴與弦樂鋪陳出九〇年代華語情歌的經典氛圍，張信哲清亮溫柔的嗓音在副歌處層層推進，適合深夜獨處時反覆聆聽，讓未說出口的遺憾隨旋律緩緩釋放。,China,CN,genre_or_metadata_hint,TW,confirmed_china_family,genre/label/tags/description evidence -> CN,https://music.apple.com/tw/album/%E9%81%8E%E7%81%AB/1167470663?i=1167470913&uo=4
itunes_1442920618,雨蝶,李翊君,誓言謊言,TW,china,itunes,華語流行樂,華語流行樂,李翊君以穿透力十足的嗓音演绎这首九〇年代末华语流行经典，弦乐铺陈出缠绵悱恻的抒情氛围，副歌处情感层层堆叠，适合深夜独处或雨天窗边静静聆听，让旧日情怀随旋律缓缓流淌。,China,CN,genre_or_metadata_hint,TW,confirmed_china_family,genre/label/tags/description evidence -> CN,https://music.apple.com/tw/album/%E9%9B%A8%E8%9D%B6/1442920033?i=1442920618&uo=4
itunes_965771855,紅豆,王菲,唱遊,TW,china,itunes,華語流行樂,華語流行樂,清冷嗓音游走在鋼琴與弦樂之間，這首華語流行經典以簡約編制襯托綿長思念，適合夜深獨處時反覆聆聽。,China,CN,genre_or_metadata_hint,TW,confirmed_china_family,genre/label/tags/description evidence -> CN,https://music.apple.com/tw/album/%E7%B4%85%E8%B1%86/965771664?i=965771855&uo=4
itunes_1462400556,慢冷,梁靜茹,我好嗎? - 太陽如常升起,TW,china,itunes,華語流行樂,華語流行樂,鋼琴與弦樂鋪陳出深夜獨處的留白，梁靜茹的嗓音溫柔卻帶著後知後覺的傷感，適合在熄燈後反覆咀嚼那些來不及降溫的情緒餘燼。,China,CN,genre_or_metadata_hint,TW,confirmed_china_family,genre/label/tags/description evidence -> CN,https://music.apple.com/tw/album/%E6%85%A2%E5%86%B7/1462400552?i=1462400556&uo=4
itunes_162129462,擁抱,五月天,五月天第一張創作專輯,TW,china,itunes,華語流行樂,華語流行樂,青澀吉他與溫暖人聲交織，這首千禧年初的華語搖滾抒情曲帶著少年般的直白與脆弱。適合深夜獨處或舊友重逢時靜靜聆聽，讓未竟的溫柔緩緩漫上心頭。,China,CN,genre_or_metadata_hint,TW,confirmed_china_family,genre/label/tags/description evidence -> CN,https://music.apple.com/tw/album/%E6%93%81%E6%8A%B1/162129396?i=162129462&uo=4
itunes_554607133,我愛洗澡,范曉萱,小魔女的魔法書2: 魔登家庭,TW,china,itunes,華語流行樂,華語流行樂,輕快明亮的鋼琴與合成器編曲，搭配童趣十足的和聲，這首九〇年代末的華語流行曲散發著泡泡般的歡快活潑。適合早晨洗漱、親子時光或任何需要一點無憂無慮能量的日常片刻。,China,CN,genre_or_metadata_hint,TW,confirmed_china_family,genre/label/tags/description evidence -> CN,https://music.apple.com/tw/album/%E6%88%91%E6%84%9B%E6%B4%97%E6%BE%A1/554607130?i=554607133&uo=4
itunes_1546062805,愛人錯過,告五人,我肯定在幾百年前就說過愛你,TW,china,itunes,華語流行樂,華語流行樂,告五人這首作品以流暢的華語流行曲式為基底，電吉他與合成器交織出夢幻又帶點復古的音色，主唱雌雄莫辨的嗓音遊走於呢喃與爆發之間，適合深夜獨行或回憶湧上心頭的時刻聆聽。,China,CN,genre_or_metadata_hint,TW,confirmed_china_family,genre/label/tags/description evidence -> CN,https://music.apple.com/tw/album/%E6%84%9B%E4%BA%BA%E9%8C%AF%E9%81%8E/1546062804?i=1546062805&uo=4
itunes_905226305,我懷念的,孫燕姿,逆光,TW,china,itunes,華語流行樂,華語流行樂,鋼琴與弦樂鋪陳出深夜獨處的氛圍，孫燕姿清透而內斂的聲線緩緩推進，副歌處情緒層層堆疊卻不失克制。適合雨後窗邊、舊物整理或長途夜車時獨自回放，是華語流行中關於懷念與釋然的經典聲音標本。,China,CN,genre_or_metadata_hint,TW,confirmed_china_family,genre/label/tags/description evidence -> CN,https://music.apple.com/tw/album/%E6%88%91%E6%87%B7%E5%BF%B5%E7%9A%84/905226289?i=905226305&uo=4
itunes_200473135,陰天,莫文蔚,含情莫莫.莫文蔚全精選集,TW,china,itunes,華語流行樂,華語流行樂,鋼琴與弦樂鋪陳出都會夜晚的疏離感，莫文蔚以慵懶而內斂的聲線遊走於爵士與流行之間，適合獨處時細細品味那份欲言又止的情緒餘韻。,China,CN,genre_or_metadata_hint,TW,confirmed_china_family,genre/label/tags/description evidence -> CN,https://music.apple.com/tw/album/%E9%99%B0%E5%A4%A9/200469374?i=200473135&uo=4
itunes_1480803340,很愛很愛你,劉若英,很愛很愛你,TW,china,itunes,華語流行樂,華語流行樂,鋼琴與弦樂鋪陳出九〇年代末華語流行的溫柔底色，劉若英以內斂聲線將深埋心底的愛意緩緩傾訴，適合獨處時反覆聆聽，讓未說出口的眷戀隨旋律靜靜流淌。,China,CN,genre_or_metadata_hint,TW,confirmed_china_family,genre/label/tags/description evidence -> CN,https://music.apple.com/tw/album/%E5%BE%88%E6%84%9B%E5%BE%88%E6%84%9B%E4%BD%A0/1480803339?i=1480803340&uo=4
itunes_593829259,背叛情歌,動力火車,背叛情歌,TW,china,itunes,流行樂/搖滾,流行樂/搖滾,雙吉他轟鳴劃破九〇年代末的夜空，動力火車以粗獷嗓音撕裂流行搖滾的邊界。這首作品適合獨自駕車穿越城市高架橋時播放，讓積壓的情緒隨著副歌的爆發一同宣洩。,Taiwan,TW,artist_origin_hint,TW,confirmed_china_family,artist override or known artist origin -> TW,https://music.apple.com/tw/album/%E8%83%8C%E5%8F%9B%E6%83%85%E6%AD%8C/593829257?i=593829259&uo=4
itunes_893291824,別怕我傷心,張信哲,永恆金曲 (典藏精選),TW,china,itunes,華語流行樂,華語流行樂,溫柔鋼琴前奏緩緩鋪陳，張信哲清亮嗓音如絲絨般包裹著九〇年代華語情歌特有的纖細與深情。弦樂漸次湧入，將失戀後的壓抑與不捨層層堆疊，適合深夜獨處時反覆聆聽，讓未說出口的遺憾隨旋律靜靜流淌。,China,CN,genre_or_metadata_hint,TW,confirmed_china_family,genre/label/tags/description evidence -> CN,https://music.apple.com/tw/album/%E5%88%A5%E6%80%95%E6%88%91%E5%82%B7%E5%BF%83/893291540?i=893291824&uo=4
itunes_1416149934,望春風,陶喆,陶喆同名專輯,TW,china,itunes,華語流行樂,華語流行樂,九十年代末華語流行經典，陶喆以R&B曲風重新演繹台灣民謠底蘊。吉他與和聲交織出慵懶午後的都市情懷，適合獨處時細品那份溫柔鄉愁。,China,CN,genre_or_metadata_hint,TW,confirmed_china_family,genre/label/tags/description evidence -> CN,https://music.apple.com/tw/album/%E6%9C%9B%E6%98%A5%E9%A2%A8/1416149926?i=1416149934&uo=4
itunes_220365871,愛愛愛,方大同,愛愛愛,TW,china,itunes,華語流行樂,華語流行樂,方大同以慵懶靈動的轉音勾勒這首都會情歌，輕快的節奏藍調骨架上鋪滿復古摩城風味的鍵盤與吉他，像週末午後陽光灑落的咖啡館，適合獨處時隨身聽裡的私人律動。,China,CN,genre_or_metadata_hint,TW,confirmed_china_family,genre/label/tags/description evidence -> CN,https://music.apple.com/tw/album/%E6%84%9B%E6%84%9B%E6%84%9B/220365864?i=220365871&uo=4
itunes_1592498330,"如果可以 (電影""月老""主題曲)",韋禮安,"如果可以 (電影""月老""主題曲) - Single",TW,china,itunes,華語流行樂,華語流行樂,鋼琴與弦樂鋪陳出綿長的敘事感，韋禮安的嗓音溫潤而克制，在副歌處層層推升，適合獨處時反覆聆聽，讓情緒隨旋律緩緩沉澱。一首關於遺憾與祈願的當代華語抒情曲，夜行或雨天窗邊皆宜。,China,CN,genre_or_metadata_hint,TW,confirmed_china_family,genre/label/tags/description evidence -> CN,https://music.apple.com/tw/album/%E5%A6%82%E6%9E%9C%E5%8F%AF%E4%BB%A5-%E9%9B%BB%E5%BD%B1-%E6%9C%88%E8%80%81-%E4%B8%BB%E9%A1%8C%E6%9B%B2/1592498324?i=1592498330&uo=4
itunes_1053552399,來自天堂的魔鬼,鄧紫棋,來自天堂的魔鬼 - Single,TW,china,itunes,華語流行樂,華語流行樂,電子合成器鋪陳迷幻氛圍，強勁節拍與暗黑旋律交織，鄧紫棋以爆發力嗓音演繹天使與魔鬼的拉扯。適合深夜獨處或駕車馳騁時沉浸聆聽。,Hong Kong,HK,artist_origin_hint,TW,confirmed_china_family,artist override or known artist origin -> HK,https://music.apple.com/tw/album/%E4%BE%86%E8%87%AA%E5%A4%A9%E5%A0%82%E7%9A%84%E9%AD%94%E9%AC%BC/1053552393?i=1053552399&uo=4
itunes_1744448416,How Sweet,NewJeans,How Sweet - EP,TW,china,itunes,韓國流行樂,韓國流行樂,輕快明亮的合成器鋪底搭配彈性十足的節奏組，人聲清爽帶點復古甜味，整體散發千禧年R&B與泡泡糖電子交織的夏日氣息，適合午後通勤或窗邊獨處時反覆播放。,South Korea,KR,artist_origin_hint,TW,corrected_to_other_country,artist override or known artist origin -> KR,https://music.apple.com/tw/album/how-sweet/1744448415?i=1744448416&uo=4
itunes_1445811721,讓我逃離平庸的生活,白安,1990s,TW,china,itunes,華語流行樂,華語流行樂,清透吉他鋪底，合成器音色帶著復古光暈，白安的嗓音游離於氣聲與真聲之間，像午後窗邊的一口氣嘆。適合獨自通勤、整理房間，或任何需要一點溫柔推力的時刻。,China,CN,genre_or_metadata_hint,TW,confirmed_china_family,genre/label/tags/description evidence -> CN,https://music.apple.com/tw/album/%E8%AE%93%E6%88%91%E9%80%83%E9%9B%A2%E5%B9%B3%E5%BA%B8%E7%9A%84%E7%94%9F%E6%B4%BB/1445811720?i=1445811721&uo=4
itunes_255921352,我們的愛,飛兒樂團,飛兒樂團,TW,china,itunes,華語流行樂,華語流行樂,華語流行經典，鋼琴與弦樂鋪陳出遼闊的抒情搖滾氛圍，女主唱嗓音高亢而具穿透力，副歌情緒飽滿激昂。適合深夜獨處或長途駕駛時聆聽，重溫千禧年代台灣樂團的黃金氣息。,China,CN,genre_or_metadata_hint,TW,confirmed_china_family,genre/label/tags/description evidence -> CN,https://music.apple.com/tw/album/%E6%88%91%E5%80%91%E7%9A%84%E6%84%9B/255920685?i=255921352&uo=4
itunes_1635469694,Attention,NewJeans,NewJeans 1st EP 'New Jeans',TW,china,itunes,韓國流行樂,韓國流行樂,輕快明亮的合成器節拍鋪底，搭配慵懶帶甜的少女嗓音，整首歌散發千禧年初R&B與當代K-Pop交融的復古氣息。適合午後開車兜風或週末獨處時播放，讓人忍不住跟著點頭擺動。,South Korea,KR,artist_origin_hint,TW,corrected_to_other_country,artist override or known artist origin -> KR,https://music.apple.com/tw/album/attention/1635469682?i=1635469694&uo=4
itunes_905208306,突然想起你,蕭亞軒,蕭亞軒,TW,china,itunes,華語流行樂,華語流行樂,深夜獨處時，這首1999年的華語流行曲以鋼琴與弦樂鋪陳，蕭亞軒的嗓音在節奏藍調氣息的編曲中遊走，適合雨後窗邊的思念時刻。,China,CN,genre_or_metadata_hint,TW,confirmed_china_family,genre/label/tags/description evidence -> CN,https://music.apple.com/tw/album/%E7%AA%81%E7%84%B6%E6%83%B3%E8%B5%B7%E4%BD%A0/905208168?i=905208306&uo=4
itunes_905222158,給你們,張宇,雨一直下,TW,china,itunes,華語流行樂,華語流行樂,這首來自1999年專輯《雨一直下》的作品，以鋼琴與弦樂鋪陳出濃郁的抒情氛圍，張宇標誌性的滄桑嗓音在低迴旋律中娓娓道來，適合深夜獨處或雨天靜聽，是華語流行黃金年代經典的成人抒情風格。,China,CN,genre_or_metadata_hint,TW,confirmed_china_family,genre/label/tags/description evidence -> CN,https://music.apple.com/tw/album/%E7%B5%A6%E4%BD%A0%E5%80%91/905222139?i=905222158&uo=4
itunes_553182035,不想讓你知道,周蕙,周蕙精選,TW,china,itunes,華語流行樂,華語流行樂,周蕙經典抒情之作，以清澈透亮的嗓音鋪陳細膩心事，鋼琴與弦樂交織出九十年代末華語流行的溫柔底色，適合深夜獨處時靜靜聆聽，讓未說出口的情感隨旋律緩緩流淌。,China,CN,genre_or_metadata_hint,TW,confirmed_china_family,genre/label/tags/description evidence -> CN,https://music.apple.com/tw/album/%E4%B8%8D%E6%83%B3%E8%AE%93%E4%BD%A0%E7%9F%A5%E9%81%93/553181827?i=553182035&uo=4
itunes_910096984,別愛我,鄭中基,別愛我 (復刻版),TW,china,itunes,華語流行樂,華語流行樂,鄭中基九十年代末經典情歌，鋼琴與弦樂鋪陳出深夜獨處的脆弱氛圍，嗓音溫潤帶沙，適合雨後窗前或獨自駕車時反覆聆聽。,China,CN,genre_or_metadata_hint,TW,confirmed_china_family,genre/label/tags/description evidence -> CN,https://music.apple.com/tw/album/%E5%88%A5%E6%84%9B%E6%88%91/910096982?i=910096984&uo=4
itunes_1482650144,夢一場,那英,乾脆,TW,china,itunes,華語流行樂,華語流行樂,鋼琴與弦樂鋪陳出深夜獨處的氛圍，那英渾厚嗓音在副歌處層層推進，將未竟之夢化為一場溫柔釋然。適合雨後窗邊、舊事浮上心頭的時刻獨自聆聽。,China,CN,genre_or_metadata_hint,TW,confirmed_china_family,genre/label/tags/description evidence -> CN,https://music.apple.com/tw/album/%E5%A4%A2%E4%B8%80%E5%A0%B4/1482650138?i=1482650144&uo=4
itunes_1081381266,突然好想你,五月天,後 青春期的詩,TW,china,itunes,華語流行樂,華語流行樂,鋼琴與電吉他交織出遼闊的敘事感，阿信嗓音在副歌處層層推進，適合深夜獨行或舊地重遊時聆聽。這首華語流行曲以千禧年末期典型的抒情搖滾編制，將未竟的思念鋪展成集體共鳴。,China,CN,genre_or_metadata_hint,TW,confirmed_china_family,genre/label/tags/description evidence -> CN,https://music.apple.com/tw/album/%E7%AA%81%E7%84%B6%E5%A5%BD%E6%83%B3%E4%BD%A0/1081381033?i=1081381266&uo=4
itunes_905222155,雨一直下,張宇,雨一直下,TW,china,itunes,華語流行樂,華語流行樂,鋼琴與弦樂交織出濃重濕意，張宇沙啞嗓音在九〇年代末的華語流行編曲中傾瀉難解的纏綿。適合雨夜獨處時反覆聆聽，讓情緒隨著漸強的副歌緩緩潰堤。,China,CN,genre_or_metadata_hint,TW,confirmed_china_family,genre/label/tags/description evidence -> CN,https://music.apple.com/tw/album/%E9%9B%A8%E4%B8%80%E7%9B%B4%E4%B8%8B/905222139?i=905222155&uo=4
itunes_1491888506,Psycho,Red Velvet,‘The ReVe Festival’ Finale - EP,TW,china,itunes,韓國流行樂,韓國流行樂,這首作品以韓國流行樂為基底，融合戲劇性編曲與多層次和聲，營造出華麗而略帶迷離的氛圍。電子合成器與節奏感強烈的打擊樂交織，適合夜間駕車或都會獨處時聆聽，展現2019年末K-pop精緻化的聲響美學。,South Korea,KR,genre_or_metadata_hint,TW,corrected_to_other_country,genre/label/tags/description evidence -> KR,https://music.apple.com/tw/album/psycho/1491888504?i=1491888506&uo=4
itunes_1486136137,想見你想見你想見你 (電視劇《想見你》片尾曲),八三夭,想見你想見你想見你 (電視劇《想見你》片尾曲) - Single,TW,china,itunes,華語流行樂,華語流行樂,這首2019年末發行的華語流行曲，以清澈電吉他與流暢鼓點鋪陳，副歌層層堆疊的直白告白，適合深夜獨行或雨天回憶時反覆播放。主唱嗓音帶著少年般的執著與溫柔，整體氣質橫跨台式抒情與輕搖滾之間，是近年影視歌曲中難得耐聽的想念之作。,China,CN,genre_or_metadata_hint,TW,confirmed_china_family,genre/label/tags/description evidence -> CN,https://music.apple.com/tw/album/%E6%83%B3%E8%A6%8B%E4%BD%A0%E6%83%B3%E8%A6%8B%E4%BD%A0%E6%83%B3%E8%A6%8B%E4%BD%A0-%E9%9B%BB%E8%A6%96%E5%8A%87-%E6%83%B3%E8%A6%8B%E4%BD%A0-%E7%89%87%E5%B0%BE%E6%9B%B2/1486136136?i=1486136137&uo=4
itunes_1528149435,刻在我心底的名字 (電影《刻在你心底的名字》主題曲),盧廣仲,刻在我心底的名字 (電影《刻在你心底的名字》主題曲) - Single,TW,china,itunes,華語流行樂,華語流行樂,鋼琴與弦樂緩緩鋪陳，盧廣仲以溫暖而克制的嗓音，將電影中未說出口的深情娓娓道來。這首2020年華語流行曲適合獨處夜間或雨後窗邊，任記憶隨旋律輕輕浮現。,China,CN,genre_or_metadata_hint,TW,confirmed_china_family,genre/label/tags/description evidence -> CN,https://music.apple.com/tw/album/%E5%88%BB%E5%9C%A8%E6%88%91%E5%BF%83%E5%BA%95%E7%9A%84%E5%90%8D%E5%AD%97-%E9%9B%BB%E5%BD%B1-%E5%88%BB%E5%9C%A8%E4%BD%A0%E5%BF%83%E5%BA%95%E7%9A%84%E5%90%8D%E5%AD%97-%E4%B8%BB%E9%A1%8C%E6%9B%B2/1528149434?i=1528149435&uo=4
itunes_551911684,向前走,林強,向前走,TW,china,itunes,台灣流行樂,台灣流行樂,台語搖滾與電子節拍交織，林強以粗礪嗓音劃破九〇年代台北夜空。合成器與吉他碰撞出都會叢林的焦躁與渴望，適合午夜獨行或跨世代搖滾啟蒙。,Taiwan,TW,artist_origin_hint,TW,confirmed_china_family,artist override or known artist origin -> TW,https://music.apple.com/tw/album/%E5%90%91%E5%89%8D%E8%B5%B0/551911308?i=551911684&uo=4
itunes_914677903,給你們,張宇,男人的好 新歌精選影音全記錄,TW,china,itunes,華語流行樂,華語流行樂,鋼琴與弦樂鋪陳出九〇年代末華語流行的典型抒情底色，張宇嗓音帶著慣有的滄桑張力，適合深夜獨處或舊愛回溯時靜靜聆聽。副歌情緒飽滿而收斂，是KTV時代集體記憶裡一首關於祝福與釋懷的男人情歌。,China,CN,genre_or_metadata_hint,TW,confirmed_china_family,genre/label/tags/description evidence -> CN,https://music.apple.com/tw/album/%E7%B5%A6%E4%BD%A0%E5%80%91/914675762?i=914677903&uo=4
itunes_1321295662,如果雨之後,周興哲,如果雨之後,TW,china,itunes,華語流行樂,華語流行樂,鋼琴與弦樂鋪陳出濕潤的氛圍，周興哲以清透嗓音訴說雨後放晴的釋然，適合深夜獨處或雨天窗邊靜聽，華語流行抒情的一貫細膩。,China,CN,genre_or_metadata_hint,TW,confirmed_china_family,genre/label/tags/description evidence -> CN,https://music.apple.com/tw/album/%E5%A6%82%E6%9E%9C%E9%9B%A8%E4%B9%8B%E5%BE%8C/1321295182?i=1321295662&uo=4
itunes_1190070744,光年之外 (電影《Passengers》中國區主題曲),鄧紫棋,光年之外 (電影《Passengers》中國區主題曲) - Single,TW,china,itunes,原聲帶,原聲帶,鋼琴與弦樂鋪陳出遼闊的宇宙氛圍，鄧紫棋以爆發力十足的嗓音詮釋這首科幻愛情主題曲，副歌層層遞進的編制適合深夜獨處或仰望星空時聆聽，感受跨越時空的執著與浪漫。,Hong Kong,HK,artist_origin_hint,TW,confirmed_china_family,artist override or known artist origin -> HK,https://music.apple.com/tw/album/%E5%85%89%E5%B9%B4%E4%B9%8B%E5%A4%96-%E9%9B%BB%E5%BD%B1-passengers-%E4%B8%AD%E5%9C%8B%E5%8D%80%E4%B8%BB%E9%A1%8C%E6%9B%B2/1190070714?i=1190070744&uo=4
itunes_263505443,晚安曲,費玉清,晚安曲,TW,china,itunes,華語流行樂,華語流行樂,費玉清以溫潤清透的嗓音，在輕柔鋼琴與弦樂鋪陳中，將這首晚安曲化作一盞床頭暖燈。九〇年代華語流行樂的經典抒情質地，適合夜深獨處時靜靜聆聽，讓白日紛擾隨尾音緩緩沉落。,China,CN,genre_or_metadata_hint,TW,confirmed_china_family,genre/label/tags/description evidence -> CN,https://music.apple.com/tw/album/%E6%99%9A%E5%AE%89%E6%9B%B2/263505094?i=263505443&uo=4
itunes_263506259,牽手,蘇芮,牽手,TW,china,itunes,華語流行樂,華語流行樂,溫暖渾厚的女聲緩緩鋪陳，鋼琴與弦樂交織出九〇年代華語流行的經典質地。適合深夜獨處或與舊友重逢時靜靜聆聽，讓旋律裡的深情與歲月一同沉澱。,China,CN,genre_or_metadata_hint,TW,confirmed_china_family,genre/label/tags/description evidence -> CN,https://music.apple.com/tw/album/%E7%89%BD%E6%89%8B/263506221?i=263506259&uo=4
itunes_1443283501,Dear John,比莉,傻瓜就是我,TW,china,itunes,華語流行樂,華語流行樂,比莉這首1999年作品以華語流行為底，鋼琴與弦樂鋪陳出深夜獨白的氛圍，嗓音滄桑而直白，適合雨後車窗起霧時獨自循環，讓未寄出的想念隨節拍緩緩沉降。,China,CN,genre_or_metadata_hint,TW,confirmed_china_family,genre/label/tags/description evidence -> CN,https://music.apple.com/tw/album/dear-john/1443282989?i=1443283501&uo=4
itunes_156352989,"寫一首歌April 5, 1969",順子,I Am Not a Star,TW,china,itunes,華語流行樂,華語流行樂,順子以溫暖醇厚的嗓音，在鋼琴與輕柔弦樂的襯托下，將這首華語流行經典演繹得細膩動人。九〇年代末的都市情歌氛圍，適合深夜獨處或雨天窗邊靜靜聆聽，感受時光沉澱後的溫柔餘韻。,China,CN,genre_or_metadata_hint,TW,confirmed_china_family,genre/label/tags/description evidence -> CN,https://music.apple.com/tw/album/%E5%AF%AB%E4%B8%80%E9%A6%96%E6%AD%8Capril-5-1969/156352988?i=156352989&uo=4
itunes_379402109,浪人情歌,伍佰,愛你伍佰年: 1,TW,china,itunes,台灣流行樂,台灣流行樂,粗粝电吉他铺陈出九十年代台湾摇滚底色，伍佰沙哑声线裹挟着浪子孤绝与街头浪漫。适合深夜独酌或公路飞驰时播放，让失意的诗意随失真音墙一同倾泻。,Taiwan,TW,artist_origin_hint,TW,confirmed_china_family,artist override or known artist origin -> TW,https://music.apple.com/tw/album/%E6%B5%AA%E4%BA%BA%E6%83%85%E6%AD%8C/379402016?i=379402109&uo=4
itunes_892862376,笨小孩,"劉德華, 吳宗憲 & 柯受良","The Melody Andy, Vol. 8",TW,china,itunes,華語流行樂,華語流行樂,九零年代末華語流行經典，三位男聲以滄桑中帶豁達的口吻唱出草根奮鬥的共鳴。鋼琴與吉他鋪底，副歌齊唱氣勢開闊，適合深夜獨酌或老友聚會時重溫。,China,CN,genre_or_metadata_hint,TW,confirmed_china_family,genre/label/tags/description evidence -> CN,https://music.apple.com/tw/album/%E7%AC%A8%E5%B0%8F%E5%AD%A9/892862347?i=892862376&uo=4
itunes_1442207710,諾言,李翊君,諾言,TW,china,itunes,華語流行樂,華語流行樂,李翊君以飽含張力的嗓音演繹這首九〇年代華語流行經典，鋼琴與弦樂鋪陳出濃烈抒情氛圍，適合深夜獨處或舊日回憶湧上心頭時靜靜聆聽。,China,CN,genre_or_metadata_hint,TW,confirmed_china_family,genre/label/tags/description evidence -> CN,https://music.apple.com/tw/album/%E8%AB%BE%E8%A8%80/1442207705?i=1442207710&uo=4
itunes_1315917630,BOOMBAYAH,BLACKPINK,SQUARE ONE - Single,TW,china,itunes,韓國流行樂,韓國流行樂,強勁電子節拍與嘻哈元素交織，四位聲線輪番迸發，副歌洗腦口號式唱腔極具侵略性。適合夜跑、派對暖場或需要瞬間提振精神的時刻，2016年韓流電音舞曲的經典能量。,South Korea,KR,artist_origin_hint,TW,corrected_to_other_country,artist override or known artist origin -> KR,https://music.apple.com/tw/album/boombayah/1315917456?i=1315917630&uo=4
itunes_1443387638,如果妳是我的傳說 (國),劉德華,如果你是我的傳說,TW,china,itunes,華語流行樂,華語流行樂,劉德華九十年代經典情歌，鋼琴與弦樂鋪陳出濃郁的抒情氛圍，溫厚嗓音娓娓道來癡心守候的執念。適合夜深獨處時細細回味，讓舊日溫柔緩緩漫上心頭。,China,CN,genre_or_metadata_hint,TW,confirmed_china_family,genre/label/tags/description evidence -> CN,https://music.apple.com/tw/album/%E5%A6%82%E6%9E%9C%E5%A6%B3%E6%98%AF%E6%88%91%E7%9A%84%E5%82%B3%E8%AA%AA-%E5%9C%8B/1443387630?i=1443387638&uo=4
itunes_1722002879,無人熟識,張清芳,無人熟識,TW,china,itunes,台灣流行樂,台灣流行樂,張清芳以清亮透徹的嗓音演繹這首九〇年代台灣流行經典，鋼琴與弦樂鋪陳出深夜獨處的私密氛圍，副歌起伏間流露都市女子面對情感空缺時的堅韌與溫柔，適合雨夜獨行或靜心沉澱時細細聆聽。,Taiwan,TW,artist_origin_hint,TW,confirmed_china_family,artist override or known artist origin -> TW,https://music.apple.com/tw/album/%E7%84%A1%E4%BA%BA%E7%86%9F%E8%AD%98/1722002878?i=1722002879&uo=4
itunes_1313176083,BANG BANG BANG,BIGBANG,MADE,TW,china,itunes,韓國流行樂,韓國流行樂,强劲电子节拍与Trap元素交织，副歌极具爆发力，适合派对热场或运动冲刺时聆听。2015年发行的这首作品以合成器铺底搭配厚重鼓点，展现出韩流黄金时代的张扬气场与街头潮流感。,South Korea,KR,genre_or_metadata_hint,TW,corrected_to_other_country,genre/label/tags/description evidence -> KR,https://music.apple.com/tw/album/bang-bang-bang/1313175579?i=1313176083&uo=4
itunes_1682502483,"Eve, Psyche & The Bluebeard’s wife",LE SSERAFIM,UNFORGIVEN,TW,china,itunes,韓國流行樂,韓國流行樂,以強勁電子節拍為骨架，疊加層次分明的人聲編排，這首韓國流行樂作品散發出暗黑童話般的戲劇張力。適合夜駕穿行都市霓虹，或健身房裡需要一股冷冽衝勁的時刻。,South Korea,KR,genre_or_metadata_hint,TW,corrected_to_other_country,genre/label/tags/description evidence -> KR,https://music.apple.com/tw/album/eve-psyche-the-bluebeards-wife/1682502020?i=1682502483&uo=4
itunes_200473903,堅強的理由,伍佰 & 莫文蔚,含情莫莫.莫文蔚全精選集,TW,china,itunes,華語流行樂,華語流行樂,低沉男声与清亮女声交织，吉他铺陈九十年代末台式摇滚的粗粝底色，副歌处情绪层层推升，适合深夜独处或雨后车窗边静静回放。,Taiwan,TW,artist_origin_hint,TW,confirmed_china_family,artist override or known artist origin -> TW,https://music.apple.com/tw/album/%E5%A0%85%E5%BC%B7%E7%9A%84%E7%90%86%E7%94%B1/200469374?i=200473903&uo=4
itunes_320494519,說愛你,JOLIN蔡依林,看我72變,TW,china,itunes,華語流行樂,華語流行樂,輕快明亮的華語流行曲，合成器鋪底搭配清脆節拍，千禧年初都市戀愛氛圍。甜而不膩的女聲演繹青澀告白，適合午後咖啡時光或通勤路上單曲循環，喚起Y2K世代的粉紅回憶。,China,CN,genre_or_metadata_hint,TW,confirmed_china_family,genre/label/tags/description evidence -> CN,https://music.apple.com/tw/album/%E8%AA%AA%E6%84%9B%E4%BD%A0/320494434?i=320494519&uo=4
itunes_1679884080,但,草東沒有派對,瓦合,TW,china,itunes,獨立搖滾,獨立搖滾,粗礫吉他轟鳴與壓抑人聲交織，臺灣獨立搖滾樂隊草東沒有派對以冷峻節奏剖開當代青年的虛無與憤懣。適合深夜獨行或密閉空間裡的沈默凝視，在2023年的潮濕空氣中迴盪。,Taiwan,TW,artist_origin_hint,TW,confirmed_china_family,artist override or known artist origin -> TW,https://music.apple.com/tw/album/%E4%BD%86/1679883738?i=1679884080&uo=4
itunes_1726978526,浪子回頭,茄子蛋,卡通人物,TW,china,itunes,華語流行樂,華語流行樂,茄子蛋以粗獷而溫暖的台語搖滾嗓音，唱出遊子在歲月裡的回望與和解。電吉他與貝斯鋪陳出復古台灣流行搖滾底色，副歌旋律直白懇切，適合深夜獨酌或駕車穿越霓虹街燈時反覆播放。,Taiwan,TW,artist_origin_hint,TW,confirmed_china_family,artist override or known artist origin -> TW,https://music.apple.com/tw/album/%E6%B5%AA%E5%AD%90%E5%9B%9E%E9%A0%AD/1726978518?i=1726978526&uo=4
itunes_1726967549,浪流連,茄子蛋,浪流連 - Single,TW,china,itunes,華語流行樂,華語流行樂,浪流連以醇厚台式搖滾為底，電吉他與貝斯鋪陳出滄桑底色，主唱嗓音沙啞而飽含情感張力。副歌旋律朗朗上口，帶有夜市霓虹與漂泊人生的畫面感，適合獨自夜歸或微醺時分反覆聆聽，是近年華語樂壇極具代表性的復古抒情搖滾之作。,Taiwan,TW,artist_origin_hint,TW,confirmed_china_family,artist override or known artist origin -> TW,https://music.apple.com/tw/album/%E6%B5%AA%E6%B5%81%E9%80%A3/1726967548?i=1726967549&uo=4
itunes_177080447,心愛的再會啦,伍佰 & China Blue,樹枝孤鳥,TW,china,itunes,台灣流行樂,台灣流行樂,粗獷電吉他與藍調搖滾節奏交織，伍佰滄桑嗓音唱盡離別的瀟灑與不捨。九〇年代末台灣搖滾的經典氣味，適合深夜獨飲或公路馳騁時反覆播放。,Taiwan,TW,artist_origin_hint,TW,confirmed_china_family,artist override or known artist origin -> TW,https://music.apple.com/tw/album/%E5%BF%83%E6%84%9B%E7%9A%84%E5%86%8D%E6%9C%83%E5%95%A6/177077706?i=177080447&uo=4
itunes_183919743,倔強,五月天,神的孩子都在跳舞,TW,china,itunes,華語搖滾,華語搖滾,明亮吉他與堅定鼓點交織，五月天以昂揚嗓音唱出不服輸的青春姿態。千禧年代華語搖滾經典，適合深夜獨行或團體合唱，熱血中帶著溫柔韌性。,China,CN,genre_or_metadata_hint,TW,confirmed_china_family,genre/label/tags/description evidence -> CN,https://music.apple.com/tw/album/%E5%80%94%E5%BC%B7/183919330?i=183919743&uo=4
itunes_1751847342,疑心病,任然,從小到大 - EP,TW,china,itunes,流行樂,流行樂,钢琴与弦乐铺陈出深夜独处的氛围，女声以克制而细腻的咬字游走在流行抒情框架中，副歌情绪层层堆叠却不滥情，适合通勤末班或雨夜窗边的私密聆听，是2010年代中期华语都市情歌的典型切面。,China,CN,genre_or_metadata_hint,TW,confirmed_china_family,genre/label/tags/description evidence -> CN,https://music.apple.com/tw/album/%E7%96%91%E5%BF%83%E7%97%85/1751847337?i=1751847342&uo=4
itunes_1407720887,Black Out (feat. 9m88),ØZI,ØZI: The Album,TW,china,itunes,嘻哈/饒舌,嘻哈/饒舌,慵懒女声与流畅嘻哈节拍交织，9m88的爵士质感唱腔为ØZI的都市夜行叙事添上一层霓虹光泽。适合深夜驾车或独处小酌时聆听，台北都会的潮湿气息扑面而来。,Taiwan,TW,genre_or_metadata_hint,TW,confirmed_china_family,genre/label/tags/description evidence -> TW,https://music.apple.com/tw/album/black-out-feat-9m88/1407720075?i=1407720887&uo=4
itunes_1460167119,Be Alright,高爾宣,#osnrap,TW,china,itunes,嘻哈/饒舌,嘻哈/饒舌,低沉节拍铺底，慵懒咬字游走在都市夜色里，高爾宣以松弛的flow诉说日常烦忧与自我宽慰。适合深夜独处、车窗滑行或雨后散步时播放，是华语嘻哈中一抹温柔的灰蓝色调。,China,CN,genre_or_metadata_hint,TW,confirmed_china_family,genre/label/tags/description evidence -> CN,https://music.apple.com/tw/album/be-alright/1460167114?i=1460167119&uo=4
itunes_1558457970,Stars Align,R3HAB & JOLIN蔡依林,Stars Align - Single,TW,china,itunes,舞曲,舞曲,电子节拍与华语流行声线交织，合成器铺陈出通透的霓虹质感，副歌旋律明亮抓耳，适合夜跑、派对暖场或都市通勤时注入能量，2021年春夏舞曲场景中的轻快之作。,China,CN,genre_or_metadata_hint,TW,confirmed_china_family,genre/label/tags/description evidence -> CN,https://music.apple.com/tw/album/stars-align/1558457969?i=1558457970&uo=4
itunes_550974701,專屬天使,TANK 呂建忠,延長比賽 Keep Fighting,TW,china,itunes,流行樂,流行樂,清澈男聲搭配鋼琴與弦樂編制，溫暖而堅定的旋律線勾勒出青澀卻真摯的情感畫面。適合獨處時回望年少心動，或夜歸途中讓柔光灑落肩頭。,Taiwan,TW,artist_origin_hint,TW,confirmed_china_family,artist override or known artist origin -> TW,https://music.apple.com/tw/album/%E5%B0%88%E5%B1%AC%E5%A4%A9%E4%BD%BF/550971809?i=550974701&uo=4
itunes_1808449151,致姍姍來遲的你,阿肆 & 林宥嘉,我愚蠢的理想主義,TW,china,itunes,流行樂,流行樂,輕快的吉他撥弦搭配溫暖男女對唱，像午後陽光灑進咖啡廳的慵懶角落。林宥嘉迷濛聲線與阿肆清甜嗓音交織，訴說都市裡慢半拍的浪漫邂逅，適合獨自散步或等一個不確定的人時反覆聆聽。,Taiwan,TW,artist_origin_hint,TW,confirmed_china_family,artist override or known artist origin -> TW,https://music.apple.com/tw/album/%E8%87%B4%E5%A7%8D%E5%A7%8D%E4%BE%86%E9%81%B2%E7%9A%84%E4%BD%A0/1808448710?i=1808449151&uo=4
itunes_1445875932,人生的歌,黃乙玲,人生的歌,TW,china,itunes,台灣流行樂,台灣流行樂,醇厚女聲伴著傳統編曲緩緩鋪陳，鋼琴與弦樂交織出台語流行經典的滄桑溫度。適合獨處夜飲或舊地重遊時細細聆聽，讓歲月痕跡隨旋律自然沉澱。,Taiwan,TW,artist_origin_hint,TW,confirmed_china_family,artist override or known artist origin -> TW,https://music.apple.com/tw/album/%E4%BA%BA%E7%94%9F%E7%9A%84%E6%AD%8C/1445875779?i=1445875932&uo=4
itunes_1674697488,雪 Distance (feat. 羅言),Capper,Uniconfication,TW,china,itunes,華語嘻哈,華語嘻哈,低沉旋律裹挟着冬日清冷氛围，Capper与羅言以慵懒声线交织出华语嘻哈的迷幻质感。合成器铺底如雾霭弥漫，鼓点松弛却暗涌情绪张力，适合深夜独处或城市漫游时聆听，让疏离感在耳机里缓缓沉降。,China,CN,genre_or_metadata_hint,TW,confirmed_china_family,genre/label/tags/description evidence -> CN,https://music.apple.com/tw/album/%E9%9B%AA-distance-feat-%E7%BE%85%E8%A8%80/1674696613?i=1674697488&uo=4
itunes_1575483850,想了妳6次,王ADEN,想了妳6次 - Single,TW,china,itunes,R&B/靈魂樂,R&B/靈魂樂,温润R&B基调搭配细腻灵魂乐质感，王ADEN以慵懒声线勾勒都市夜色的想念絮语。电子合成器铺陈朦胧氛围，节奏舒缓如凌晨三点的独处时刻，适合耳机里循环的私密情绪。,Taiwan,TW,artist_origin_hint,TW,confirmed_china_family,artist override or known artist origin -> TW,https://music.apple.com/tw/album/%E6%83%B3%E4%BA%86%E5%A6%B36%E6%AC%A1/1575483656?i=1575483850&uo=4
itunes_1448253831,怎麼了,周興哲,終於了解自由 - EP,TW,china,itunes,華語流行樂,華語流行樂,鋼琴與弦樂鋪陳出深夜獨白的氛圍，周興哲的嗓音乾淨而內斂，適合獨處時反覆聆聽。這首2019年的華語抒情曲以簡約編制承載沉重情緒，副歌的釋放感恰如其分，是都市夜歸人車窗上的雨痕聲。,China,CN,genre_or_metadata_hint,TW,confirmed_china_family,genre/label/tags/description evidence -> CN,https://music.apple.com/tw/album/%E6%80%8E%E9%BA%BC%E4%BA%86/1448253827?i=1448253831&uo=4
itunes_843682734,想你的習慣,小宇 宋念宇,蜂蜜幸運草 (電視原聲帶),TW,china,itunes,電視原聲帶,電視原聲帶,溫柔男聲伴著鋼琴與弦樂緩緩流淌，這首2008年台劇《蜂蜜幸運草》插曲帶著青澀的都市抒情氣質。適合夜晚獨處時，讓略帶惆悵的想念隨旋律輕輕蔓延。,Taiwan,TW,artist_origin_hint,TW,confirmed_china_family,artist override or known artist origin -> TW,https://music.apple.com/tw/album/%E6%83%B3%E4%BD%A0%E7%9A%84%E7%BF%92%E6%85%A3/843682669?i=843682734&uo=4
itunes_1871400637,不為誰而作的歌,林俊傑,和自己對話,TW,china,itunes,華語流行樂,華語流行樂,鋼琴與弦樂交織的抒情架構，林俊傑以通透嗓音鋪展內省獨白，副歌層層堆疊的聲場適合深夜獨處或長途夜駕時沉浸，2015年華語流行專輯中極具代表性的自白式作品。,China,CN,genre_or_metadata_hint,TW,confirmed_china_family,genre/label/tags/description evidence -> CN,https://music.apple.com/tw/album/%E4%B8%8D%E7%82%BA%E8%AA%B0%E8%80%8C%E4%BD%9C%E7%9A%84%E6%AD%8C/1871400633?i=1871400637&uo=4
itunes_650710716,無字的情批,黃乙玲,無字的情批,TW,china,itunes,台灣流行樂,台灣流行樂,低沉嗓音緩緩訴說未寄出的思念，鋼琴與弦樂鋪陳九〇年代台語流行的經典傷感。適合深夜獨處時，任舊日情事隨旋律浮上心頭。,Taiwan,TW,artist_origin_hint,TW,confirmed_china_family,artist override or known artist origin -> TW,https://music.apple.com/tw/album/%E7%84%A1%E5%AD%97%E7%9A%84%E6%83%85%E6%89%B9/650710709?i=650710716&uo=4
itunes_1808446700,董小姐,宋冬野,安和橋北,TW,china,itunes,流行樂,流行樂,一把木吉他轻轻拨弦，宋冬野低沉沙哑的嗓音缓缓道来都市里的疏离与温柔。民谣底色中带着淡淡的诗性，适合深夜独处时静静聆听，让疲惫的心慢慢沉淀。,China,CN,artist_origin_hint,TW,confirmed_china_family,artist override or known artist origin -> CN,https://music.apple.com/tw/album/%E8%91%A3%E5%B0%8F%E5%A7%90/1808446482?i=1808446700&uo=4
itunes_1599730941,好不容易 (《華燈初上》片尾曲),告五人,好不容易 (《華燈初上》片尾曲) - Single,TW,china,itunes,華語流行樂,華語流行樂,告五人以慵懶而深情的嗓音，鋪陳這首2021年華語流行曲。電子合成器與吉他交織出迷離都會氛圍，副歌層層堆疊的弦樂釋放壓抑情感，適合深夜獨處或霓虹街景中反覆聆聽。,China,CN,genre_or_metadata_hint,TW,confirmed_china_family,genre/label/tags/description evidence -> CN,https://music.apple.com/tw/album/%E5%A5%BD%E4%B8%8D%E5%AE%B9%E6%98%93-%E8%8F%AF%E7%87%88%E5%88%9D%E4%B8%8A-%E7%89%87%E5%B0%BE%E6%9B%B2/1599730940?i=1599730941&uo=4
itunes_1730965059,都是weather你,JOYCE 就以斯 & 楊子平,都是weather你 - Single,TW,china,itunes,流行樂,流行樂,輕快明亮的華語流行單曲，男女聲線交織出都會戀愛的甜蜜與俏皮。電子節拍襯底，合成器音色營造春日午後的通透感，適合通勤路上或咖啡館獨處時播放，讓心情隨旋律輕盈擺動。,China,CN,genre_or_metadata_hint,TW,confirmed_china_family,genre/label/tags/description evidence -> CN,https://music.apple.com/tw/album/%E9%83%BD%E6%98%AFweather%E4%BD%A0/1730965058?i=1730965059&uo=4
itunes_1726970401,閣愛妳一擺,茄子蛋,閣愛妳一擺 - Single,TW,china,itunes,台灣流行樂,台灣流行樂,茄子蛋以滄桑嗓音演繹這首台語抒情搖滾，電吉他與貝斯鋪陳出濃郁的復古台灣流行底色，副歌情緒飽滿而直白，適合深夜獨飲或駕車穿行霓虹街巷時反覆聆聽。,Taiwan,TW,artist_origin_hint,TW,confirmed_china_family,artist override or known artist origin -> TW,https://music.apple.com/tw/album/%E9%96%A3%E6%84%9B%E5%A6%B3%E4%B8%80%E6%93%BA/1726970400?i=1726970401&uo=4
itunes_1544722555,在這座城市遺失了你 (戲劇《他們創業的那些鳥事》插曲),告五人,運氣來得若有似無,TW,china,itunes,華語流行樂,華語流行樂,告五人這首插曲以溫潤吉他與細膩弦樂鋪陳，主唱雌雄莫辨的聲線遊走於都會夜景之中。2020年末發行，帶著華語流行樂特有的抒情質地，適合獨自通勤或深夜獨處時聆聽，讓城市裡的遺憾緩緩沉澱。,China,CN,genre_or_metadata_hint,TW,confirmed_china_family,genre/label/tags/description evidence -> CN,https://music.apple.com/tw/album/%E5%9C%A8%E9%80%99%E5%BA%A7%E5%9F%8E%E5%B8%82%E9%81%BA%E5%A4%B1%E4%BA%86%E4%BD%A0-%E6%88%B2%E5%8A%87-%E4%BB%96%E5%80%91%E5%89%B5%E6%A5%AD%E7%9A%84%E9%82%A3%E4%BA%9B%E9%B3%A5%E4%BA%8B-%E6%8F%92%E6%9B%B2/1544722550?i=1544722555&uo=4
itunes_1808446717,安和橋,宋冬野,安和橋北,TW,china,itunes,流行樂,流行樂,低沉的民謠吉他伴著粗糲的嗓音，緩緩鋪開城市邊緣的鄉愁。手鼓與弦樂若隱若現，像午後穿過舊窗的塵埃，適合獨行時反覆聆聽。,China,CN,artist_origin_hint,TW,confirmed_china_family,artist override or known artist origin -> CN,https://music.apple.com/tw/album/%E5%AE%89%E5%92%8C%E6%A9%8B/1808446482?i=1808446717&uo=4
itunes_1422581998,倒數,鄧紫棋,另一個童話 - Single,TW,china,itunes,華語流行樂,華語流行樂,鋼琴前奏如時光倒流般鋪展，鄧紫棋的嗓音在電子節拍與弦樂層疊中爆發，從壓抑敘事推向史詩式副歌，適合深夜獨處或長途車窗邊的告別時刻。,Hong Kong,HK,artist_origin_hint,TW,confirmed_china_family,artist override or known artist origin -> HK,https://music.apple.com/tw/album/%E5%80%92%E6%95%B8/1422581993?i=1422581998&uo=4
itunes_892576430,對摺,任賢齊,不信邪,TW,china,itunes,流行樂,流行樂,任賢齊〈對摺〉以溫暖男聲鋪陳，鋼琴與弦樂交織出2010年代華語流行的抒情質地，旋律線條流暢而內斂，適合獨處時靜靜聆聽，感受時光折疊後的餘韻與釋然。,China,CN,genre_or_metadata_hint,TW,confirmed_china_family,genre/label/tags/description evidence -> CN,https://music.apple.com/tw/album/%E5%B0%8D%E6%91%BA/892576382?i=892576430&uo=4
itunes_1190504672,家家酒,家家,還是想念,TW,china,itunes,華語流行樂,華語流行樂,家家以溫潤嗓音演繹這首華語流行曲，鋼琴與弦樂鋪陳出細膩情感，副歌層層推進的編制適合獨處夜裡反覆聆聽，懷舊中帶著釋然的氛圍。,China,CN,genre_or_metadata_hint,TW,confirmed_china_family,genre/label/tags/description evidence -> CN,https://music.apple.com/tw/album/%E5%AE%B6%E5%AE%B6%E9%85%92/1190504652?i=1190504672&uo=4
itunes_545584238,寂寞邊界,Nicholas 張棟樑,From Now On 新歌+精選,TW,china,itunes,流行樂,流行樂,張棟樑以溫柔嗓音鋪陳這首2004年抒情流行曲，鋼琴與弦樂緩緩托出深夜獨處的易感心境，適合靜默時分獨自沉澱，任情緒在副歌的起伏中慢慢釋放。,Malaysia,MY,artist_origin_hint,TW,corrected_to_other_country,artist override or known artist origin -> MY,https://music.apple.com/tw/album/%E5%AF%82%E5%AF%9E%E9%82%8A%E7%95%8C/545584174?i=545584238&uo=4
itunes_1438207200,有一種悲傷 (電影《比悲傷更悲傷的故事》主題曲),A-Lin,有一種悲傷 (電影《比悲傷更悲傷的故事》主題曲) - Single,TW,china,itunes,華語流行樂,華語流行樂,鋼琴緩緩鋪陳，弦樂層層堆疊，A-Lin渾厚而壓抑的嗓音將未說出口的遺憾娓娓道來。這首電影主題曲適合獨處深夜或雨天窗邊，任情緒隨旋律緩緩沉澱。,China,CN,genre_or_metadata_hint,TW,confirmed_china_family,genre/label/tags/description evidence -> CN,https://music.apple.com/tw/album/%E6%9C%89%E4%B8%80%E7%A8%AE%E6%82%B2%E5%82%B7-%E9%9B%BB%E5%BD%B1-%E6%AF%94%E6%82%B2%E5%82%B7%E6%9B%B4%E6%82%B2%E5%82%B7%E7%9A%84%E6%95%85%E4%BA%8B-%E4%B8%BB%E9%A1%8C%E6%9B%B2/1438207199?i=1438207200&uo=4
itunes_1445291088,讓我留在你身邊,陳奕迅,讓我留在你身邊 - Single,TW,china,itunes,華語流行樂,華語流行樂,溫厚男聲鋪陳都市夜晚的獨白，鋼琴與弦樂層層推疊，副歌以寬闊唱腔釋放守護的決心。適合獨行歸途、燈火闌珊時獨飲這份陪伴的溫度。,China,CN,genre_or_metadata_hint,TW,confirmed_china_family,genre/label/tags/description evidence -> CN,https://music.apple.com/tw/album/%E8%AE%93%E6%88%91%E7%95%99%E5%9C%A8%E4%BD%A0%E8%BA%AB%E9%82%8A/1445291082?i=1445291088&uo=4
itunes_1788007696,可惜沒如果,林俊傑,新地球,TW,china,itunes,華語流行樂,華語流行樂,林俊傑以溫厚嗓音鋪陳這首華語流行抒情曲，鋼琴與弦樂層層堆疊，副歌情感飽滿釋放，適合深夜獨處時反覆聆聽，回味那些錯過與遺憾的瞬間。,China,CN,genre_or_metadata_hint,TW,confirmed_china_family,genre/label/tags/description evidence -> CN,https://music.apple.com/tw/album/%E5%8F%AF%E6%83%9C%E6%B2%92%E5%A6%82%E6%9E%9C/1788007687?i=1788007696&uo=4
itunes_1678416852,我會等,承桓,我會等 - Single,TW,china,itunes,華語流行樂,華語流行樂,清透男聲鋪展溫柔敘事，鋼琴與弦樂層層暈開等待的時光。2023年華語流行單曲，適合深夜獨處或雨天窗邊，讓未竟的想念隨旋律靜靜沉澱。,China,CN,genre_or_metadata_hint,TW,confirmed_china_family,genre/label/tags/description evidence -> CN,https://music.apple.com/tw/album/%E6%88%91%E6%9C%83%E7%AD%89/1678416843?i=1678416852&uo=4
itunes_1158763996,後來的我們,五月天,自傳,TW,china,itunes,華語流行樂,華語流行樂,溫柔鋼琴與弦樂鋪陳，阿信嗓音在漸強的搖滾編制中釋放積蓄的情感，適合深夜獨處時回望錯過的緣分，是五月天後期最具療癒力量的抒情搖滾代表作之一。,China,CN,genre_or_metadata_hint,TW,confirmed_china_family,genre/label/tags/description evidence -> CN,https://music.apple.com/tw/album/%E5%BE%8C%E4%BE%86%E7%9A%84%E6%88%91%E5%80%91/1158763922?i=1158763996&uo=4
itunes_744963040,你就不要想起我,田馥甄,渺小,TW,china,itunes,華語流行樂,華語流行樂,鋼琴與弦樂鋪陳出深夜獨處的寂靜，田馥甄以克制而綿長的聲線，將未竟之戀的餘燼緩緩吹亮。適合雨後窗邊、舊訊息反覆讀卻不回的時刻獨自聆聽。,China,CN,genre_or_metadata_hint,TW,confirmed_china_family,genre/label/tags/description evidence -> CN,https://music.apple.com/tw/album/%E4%BD%A0%E5%B0%B1%E4%B8%8D%E8%A6%81%E6%83%B3%E8%B5%B7%E6%88%91/744962939?i=744963040&uo=4
itunes_1487768988,句號,鄧紫棋,句號 - Single,TW,china,itunes,華語流行樂,華語流行樂,鋼琴前奏緩緩鋪陳，鄧紫棋以飽滿嗓音直述情感轉折，副歌層層堆疊的編制釋放壓抑後的豁達。適合獨處夜間回溯關係尾聲，或情緒需要宣洩出口時反覆聆聽。,Hong Kong,HK,artist_origin_hint,TW,confirmed_china_family,artist override or known artist origin -> HK,https://music.apple.com/tw/album/%E5%8F%A5%E8%99%9F/1487768987?i=1487768988&uo=4
itunes_1314121443,黑夜問白天,林俊傑,偉大的渺小,TW,china,itunes,華語流行樂,華語流行樂,鋼琴與弦樂鋪陳出遼闊的夜空質地，林俊傑的嗓音在副歌處層層推升，從壓抑的獨白轉為釋然的吶喊。適合深夜獨行或長途駕駛時反覆聆聽，讓情緒隨著漸強的編曲緩緩沉澱。,China,CN,genre_or_metadata_hint,TW,confirmed_china_family,genre/label/tags/description evidence -> CN,https://music.apple.com/tw/album/%E9%BB%91%E5%A4%9C%E5%95%8F%E7%99%BD%E5%A4%A9/1314120518?i=1314121443&uo=4
itunes_1017697311,小幸運 (電影《我的少女時代》主題曲),田馥甄,小幸運 (電影《我的少女時代》主題曲) - Single,TW,china,itunes,華語流行樂,華語流行樂,鋼琴與弦樂鋪陳的抒情華語流行曲，田馥甄清透嗓音輕訴青春遺憾與錯過的溫柔。適合獨處回望、雨天窗邊或深夜獨白時靜靜聆聽，讓淡淡感傷隨旋律緩緩流淌。,China,CN,genre_or_metadata_hint,TW,confirmed_china_family,genre/label/tags/description evidence -> CN,https://music.apple.com/tw/album/%E5%B0%8F%E5%B9%B8%E9%81%8B-%E9%9B%BB%E5%BD%B1-%E6%88%91%E7%9A%84%E5%B0%91%E5%A5%B3%E6%99%82%E4%BB%A3-%E4%B8%BB%E9%A1%8C%E6%9B%B2/1017697307?i=1017697311&uo=4
itunes_1443866603,斷點 (國),張敬軒,P.S. I Love You,TW,china,itunes,粵語流行樂,粵語流行樂,鋼琴緩緩鋪陳，張敬軒的嗓音溫柔而克制，將未竟的情感細細縫補。這首作品以簡約編制承載濃郁敘事，適合深夜獨處時反覆聆聽，讓殘留的溫度在寂靜中慢慢沉澱。,Hong Kong,HK,artist_origin_hint,TW,confirmed_china_family,artist override or known artist origin -> HK,https://music.apple.com/tw/album/%E6%96%B7%E9%BB%9E-%E5%9C%8B/1443864989?i=1443866603&uo=4
itunes_1596938779,孤勇者 (《英雄聯盟:雙城之戰》動畫劇集中文主題曲),陳奕迅,孤勇者 (《英雄聯盟:雙城之戰》動畫劇集中文主題曲) - Single,TW,china,itunes,華語流行樂,華語流行樂,陳奕迅以厚實嗓音演繹這首動畫主題曲，鋼琴與弦樂層層推進，副歌爆發力十足。適合深夜獨處或需要打氣時聆聽，華語流行編制中帶有史詩感。,China,CN,genre_or_metadata_hint,TW,confirmed_china_family,genre/label/tags/description evidence -> CN,https://music.apple.com/tw/album/%E5%AD%A4%E5%8B%87%E8%80%85-%E8%8B%B1%E9%9B%84%E8%81%AF%E7%9B%9F-%E9%9B%99%E5%9F%8E%E4%B9%8B%E6%88%B0-%E5%8B%95%E7%95%AB%E5%8A%87%E9%9B%86%E4%B8%AD%E6%96%87%E4%B8%BB%E9%A1%8C%E6%9B%B2/1596938776?i=1596938779&uo=4
itunes_1342141668,幾分之幾 (電影《花甲大人轉男孩》主題曲),盧廣仲,幾分之幾 - Single,TW,china,itunes,華語流行樂,華語流行樂,盧廣仲以溫暖嗓音輕訴時光裡的遺憾與珍惜，木吉他與弦樂層層鋪展，像冬日午後斜照進窗的陽光。適合獨行夜路或翻閱舊相片時靜靜播放，讓未說出口的話隨旋律緩緩沉澱。,China,CN,genre_or_metadata_hint,TW,confirmed_china_family,genre/label/tags/description evidence -> CN,https://music.apple.com/tw/album/%E5%B9%BE%E5%88%86%E4%B9%8B%E5%B9%BE-%E9%9B%BB%E5%BD%B1-%E8%8A%B1%E7%94%B2%E5%A4%A7%E4%BA%BA%E8%BD%89%E7%94%B7%E5%AD%A9-%E4%B8%BB%E9%A1%8C%E6%9B%B2/1342141662?i=1342141668&uo=4
itunes_1546062815,披星戴月的想你,告五人,我肯定在幾百年前就說過愛你,TW,china,itunes,華語流行樂,華語流行樂,告五人用溫柔男聲與清透女聲交織，在電吉他與輕快鼓點中鋪展深夜獨白的浪漫。2018年這首華語流行曲適合通勤末班車或窗邊獨飲時聆聽，旋律帶著復古搖滾氣息，副歌卻以流行唱腔直擊想念的酸甜。,China,CN,genre_or_metadata_hint,TW,confirmed_china_family,genre/label/tags/description evidence -> CN,https://music.apple.com/tw/album/%E6%8A%AB%E6%98%9F%E6%88%B4%E6%9C%88%E7%9A%84%E6%83%B3%E4%BD%A0/1546062804?i=1546062815&uo=4
itunes_1790602218,跳樓機,LBI利比,跳樓機 - EP,TW,china,itunes,華語流行樂,華語流行樂,輕柔鋼琴鋪底，電子節拍如心跳般穩穩推進，LBI利比以氣聲吟唱都市裡的失重感。適合深夜獨行、玻璃帷幕倒映霓虹時，讓情緒隨旋律緩緩墜落又輕輕托起。,China,CN,genre_or_metadata_hint,TW,confirmed_china_family,genre/label/tags/description evidence -> CN,https://music.apple.com/tw/album/%E8%B7%B3%E6%A8%93%E6%A9%9F/1790602217?i=1790602218&uo=4
itunes_1314121438,偉大的渺小,林俊傑,偉大的渺小,TW,china,itunes,華語流行樂,華語流行樂,林俊傑以細膩嗓音鋪陳這首華語流行曲，鋼琴與弦樂交織出遼闊而內斂的氛圍，適合深夜獨處或長途行車時聆聽，在宏大編制中觸碰微小情感的共鳴。,China,CN,genre_or_metadata_hint,TW,confirmed_china_family,genre/label/tags/description evidence -> CN,https://music.apple.com/tw/album/%E5%81%89%E5%A4%A7%E7%9A%84%E6%B8%BA%E5%B0%8F/1314120518?i=1314121438&uo=4
itunes_1658029470,不介意,The Crane,TALENT,TW,china,itunes,靈魂樂,靈魂樂,慵懒灵魂乐底色铺陈午夜私密氛围，The Crane以丝滑转音游走于当代R&B与另类灵魂交界，合成器余韵与极简节拍衬出都市夜归人的松弛独白，适合独处时分或霓虹街景下的低音量沉浸。,Taiwan,TW,artist_origin_hint,TW,confirmed_china_family,artist override or known artist origin -> TW,https://music.apple.com/tw/album/%E4%B8%8D%E4%BB%8B%E6%84%8F/1658029468?i=1658029470&uo=4
itunes_547173705,說謊,林宥嘉,感官/世界,TW,china,itunes,華語流行樂,華語流行樂,林宥嘉以細膩真假音轉換鋪陳這首抒情經典，鋼琴與弦樂層層堆疊出壓抑而深情的氛圍，適合深夜獨處時反覆咀嚼那些未曾說出口的遺憾與逞強。,Taiwan,TW,artist_origin_hint,TW,confirmed_china_family,artist override or known artist origin -> TW,https://music.apple.com/tw/album/%E8%AA%AA%E8%AC%8A/547158777?i=547173705&uo=4
itunes_1446277093,玫瑰少年,JOLIN蔡依林,Ugly Beauty,TW,china,itunes,華語流行樂,華語流行樂,电子合成器铺陈出冷冽而饱满的音墙，强劲鼓点推动情绪层层攀升，蔡依林以极具张力的声线穿梭于低沉吟唱与爆发式副歌之间。这首华语流行曲将舞曲能量与细腻叙事熔于一炉，适合独处时佩戴耳机沉浸，亦能在深夜行车途中化作一道穿透黑暗的光。,China,CN,genre_or_metadata_hint,TW,confirmed_china_family,genre/label/tags/description evidence -> CN,https://music.apple.com/tw/album/%E7%8E%AB%E7%91%B0%E5%B0%91%E5%B9%B4/1446276817?i=1446277093&uo=4
itunes_908194987,酒後的心聲,江蕙,酒後的心聲,TW,china,itunes,台灣流行樂,台灣流行樂,江蕙以醇厚婉转的嗓音演绎这首经典台语流行曲，钢琴与弦乐铺陈出九十年代的抒情氛围，适合深夜独酌时聆听，道尽酒后绵长的思念与人生况味。,Taiwan,TW,genre_or_metadata_hint,TW,confirmed_china_family,genre/label/tags/description evidence -> TW,https://music.apple.com/tw/album/%E9%85%92%E5%BE%8C%E7%9A%84%E5%BF%83%E8%81%B2/908194976?i=908194987&uo=4
itunes_1312736619,浪漫一下,頑童MJ116,幹大事,TW,china,itunes,華語嘻哈,華語嘻哈,低沉贝斯与利落鼓点交织，台语与国语流畅切换，頑童MJ116以慵懒又带锋芒的声线，将街头 swagger 与暧昧情愫揉进同一首歌。适合深夜驾车或朋友小聚时播放，让节奏替你说出那些没说出口的浪漫。,China,CN,genre_or_metadata_hint,TW,confirmed_china_family,genre/label/tags/description evidence -> CN,https://music.apple.com/tw/album/%E6%B5%AA%E6%BC%AB%E4%B8%80%E4%B8%8B/1312736597?i=1312736619&uo=4
itunes_1671990596,沙漠中的雪人,趙翊帆,沙漠中的雪人 - Single,TW,china,itunes,華語嘻哈,華語嘻哈,低沉节拍铺展如沙海，趙翊帆以慵懒声线游走于旋律之间，华语嘻哈的当代质感中透着一丝孤绝诗意。适合深夜独行或城市漫游时聆听，让思绪随流沙般松弛的律动缓缓沉降。,China,CN,genre_or_metadata_hint,TW,confirmed_china_family,genre/label/tags/description evidence -> CN,https://music.apple.com/tw/album/%E6%B2%99%E6%BC%A0%E4%B8%AD%E7%9A%84%E9%9B%AA%E4%BA%BA/1671990595?i=1671990596&uo=4
itunes_1238558518,魚仔,盧廣仲,魚仔 - Single,TW,china,itunes,華語流行樂,華語流行樂,輕柔吉他與溫暖人聲交織，盧廣仲以慵懶而真摯的唱腔，唱出都市裡細微的孤獨與想念。適合午後獨處、深夜行車或雨天窗邊靜聽，是2010年代華語流行中一首療癒系都市民謠。,China,CN,genre_or_metadata_hint,TW,confirmed_china_family,genre/label/tags/description evidence -> CN,https://music.apple.com/tw/album/%E9%AD%9A%E4%BB%94/1238558199?i=1238558518&uo=4
itunes_1882602179,我管不住我自己,单依纯,我管不住我自己 - Single,CN,china,itunes,爵士乐,爵士乐,慵懒爵士底色铺陈夜色，单依纯的声线如丝绒滑过微醺吧台，萨克斯风与钢琴低语交织，适合独酌时让心绪随节拍轻轻摇晃。,China,CN,artist_origin_hint,CN,confirmed_china_family,artist override or known artist origin -> CN,https://music.apple.com/cn/album/%E6%88%91%E7%AE%A1%E4%B8%8D%E4%BD%8F%E6%88%91%E8%87%AA%E5%B7%B1/1882602176?i=1882602179&uo=4
itunes_63816163,Free Loop,Daniel Powter,Daniel Powter,CN,china,itunes,摇滚,摇滚,钢琴前奏如晨露滴落，Daniel Powter以沙哑而温暖的嗓音铺展一段都市抒情叙事。中板摇滚节拍搭配层次分明的弦乐编排，适合深夜独处或雨天车窗旁的沉思时刻，2005年左右的流行摇滚气质至今听来仍带着熟悉的电台温度。,Canada,CA,artist_origin_hint,CN,corrected_to_other_country,artist override or known artist origin -> CA,https://music.apple.com/cn/album/free-loop/63816246?i=63816163&uo=4
itunes_1016766538,JAZZ,DJ Motive,MAJESTY,CN,china,itunes,嘻哈/说唱,嘻哈/说唱,低沉节拍与流畅采样交织，DJ Motive以嘻哈骨架重塑爵士韵味，2015年的夏日午后或深夜独行皆成适听场景。铜管残影掠过电子碎拍，慵懒与锐利并存，都市夜色的 soundtrack 不二之选。,Japan,JP,artist_origin_hint,CN,corrected_to_other_country,artist override or known artist origin -> JP,https://music.apple.com/cn/album/jazz/1016766528?i=1016766538&uo=4
itunes_300946518,Nothing's Gonna Change My Love for You,George Benson,20/20,CN,china,itunes,国际流行,国际流行,温润萨克斯风与柔滑人声交织，八零年代国际流行经典的浪漫底色在此铺展。适合深夜独处或浅酌时分，让复古都市情调缓缓流淌。,United States,US,artist_origin_hint,CN,corrected_to_other_country,artist override or known artist origin -> US,https://music.apple.com/cn/album/nothings-gonna-change-my-love-for-you/300946432?i=300946518&uo=4
itunes_922775590,Jazz (Ain't Nothin' but Soul),Betty Carter,Jazz on Air,CN,china,itunes,爵士乐,爵士乐,Betty Carter的嗓音如丝绒般穿梭于钢琴与贝斯之间，即兴段落轻盈跳跃，深夜独酌或雨天窗前皆宜，属于冷爵士与灵魂乐交融的黄金年代之声。,United States,US,artist_origin_hint,CN,corrected_to_other_country,artist override or known artist origin -> US,https://music.apple.com/cn/album/jazz-aint-nothin-but-soul/922775556?i=922775590&uo=4
itunes_305719891,Fly Me To The Moon,小野丽莎,Cheek To Cheek -Jazz Standards from RIO-,CN,china,itunes,Vocal Jazz,Vocal Jazz,慵懒的巴萨诺瓦吉他拨弦托起清透人声，小野丽莎以 Rio 式的轻柔呼吸重新诠释这首经典，午后阳光斜照咖啡馆的惬意氛围，适合独酌或浅谈的黄昏时刻。,Brazil,BR,genre_or_metadata_hint,CN,corrected_to_other_country,genre/label/tags/description evidence -> BR,https://music.apple.com/cn/album/fly-me-to-the-moon/305719870?i=305719891&uo=4
itunes_883501723,那个夏天,久石让,千与千寻 动画电影原声带,CN,china,itunes,原创音乐,原创音乐,钢琴与弦乐交织出清澈透明的旋律，仿佛午后阳光穿透树影洒落湖面。这首曲子带着淡淡的怀旧与温柔，适合独处时闭眼聆听，任记忆随音符缓缓流淌。,Japan,JP,artist_origin_hint,CN,corrected_to_other_country,artist override or known artist origin -> JP,https://music.apple.com/cn/album/%E9%82%A3%E4%B8%AA%E5%A4%8F%E5%A4%A9/883501721?i=883501723&uo=4
itunes_882658780,能看见海的街道,久石让,魔女宅急便 电影原声大碟,CN,china,itunes,原创音乐,原创音乐,轻快的弦乐与钢琴交织出明亮的旋律，仿佛阳光洒落在微风拂过的海滨街道，带着八十年代末动画配乐特有的温柔与希望，适合午后阅读或城市漫步时聆听。,Japan,JP,artist_origin_hint,CN,corrected_to_other_country,artist override or known artist origin -> JP,https://music.apple.com/cn/album/%E8%83%BD%E7%9C%8B%E8%A7%81%E6%B5%B7%E7%9A%84%E8%A1%97%E9%81%93/882658777?i=882658780&uo=4
itunes_1024957558,甜蜜橙恋,杨锦聪,轻音乐 放松音乐 悠闲听 享受度假氛围,CN,china,itunes,治愈音乐,治愈音乐,轻快的吉他拨弦搭配柔和的电子合成器铺底，营造出午后阳光洒落柑橘园的慵懒氛围。钢琴点缀如微风拂过，整体节奏舒缓从容，适合假日午后独饮或驾车沿海岸线漫游时聆听，带着2000年代华语休闲音乐的清新质感。,China,CN,genre_or_metadata_hint,CN,confirmed_china_family,genre/label/tags/description evidence -> CN,https://music.apple.com/cn/album/%E7%94%9C%E8%9C%9C%E6%A9%99%E6%81%8B/1024957555?i=1024957558&uo=4
itunes_882407937,月光下的云海,久石让,天空之城 动画电影原声带 飞行石之谜,CN,china,itunes,原创音乐,原创音乐,钢琴与弦乐交织出空灵悠远的东方意境，如夜风拂过云海，清冷中带着温柔慰藉。适合独处静思或深夜阅读时聆听，让思绪随月光缓缓流淌。,Japan,JP,artist_origin_hint,CN,corrected_to_other_country,artist override or known artist origin -> JP,https://music.apple.com/cn/album/%E6%9C%88%E5%85%89%E4%B8%8B%E7%9A%84%E4%BA%91%E6%B5%B7/882407903?i=882407937&uo=4
itunes_1542676124,Take Me Where Your Heart Is,Q,The Shave Experiment - EP,CN,china,itunes,另类音乐,另类音乐,低沉嗓音游走于简约吉他线条之上，这首另类作品以慵懒氛围包裹私密情绪，适合深夜独处或城市夜行时聆听。2020年的制作保留了粗粝质感，人声与器乐呼吸相融，在克制中透出温柔张力。,United States,US,artist_origin_hint,CN,corrected_to_other_country,artist override or known artist origin -> US,https://music.apple.com/cn/album/take-me-where-your-heart-is/1542675619?i=1542676124&uo=4
itunes_1498699387,Merry-Go-Round of Life (from 'Howl's Moving Castle'),久石让,FREEDOM PIANO STORIES 4,CN,china,itunes,原声音乐,原声音乐,钢琴如旋转木马般层层攀升，弦乐铺展成辽阔的天空，带着久石让标志性的温柔叙事感。适合午后独处、阅读或远眺窗外时聆听，让旋律将日常片刻化作流动的风景。,Japan,JP,artist_origin_hint,CN,corrected_to_other_country,artist override or known artist origin -> JP,https://music.apple.com/cn/album/merry-go-round-of-life-from-howls-moving-castle/1498699081?i=1498699387&uo=4
itunes_1526195269,Trick To Happy,Bahamas,Sad Hunk,CN,china,itunes,另类音乐,另类音乐,慵懒的吉他拨弦包裹在温润的男声里，像午后阳光斜照进半掩的窗帘。独立流行的骨架上搭着另类民谣的松散气质，适合独自放空时循环播放，让淡淡的怅然慢慢沉淀成平静的释然。,Canada,CA,artist_origin_hint,CN,corrected_to_other_country,artist override or known artist origin -> CA,https://music.apple.com/cn/album/trick-to-happy/1526195267?i=1526195269&uo=4
itunes_989376634,Lovely Day,Bill Withers,Menagerie,CN,china,itunes,国际流行,国际流行,温暖明亮的灵魂乐与轻柔流行交织，Bill Withers以醇厚嗓音铺展慵懒晨光。吉他拨弦如微风拂面，铜管点缀恰到好处的雀跃，适合周末清晨咖啡或午后窗边发呆，七十年代的阳光从未褪色。,United States,US,artist_origin_hint,CN,corrected_to_other_country,artist override or known artist origin -> US,https://music.apple.com/cn/album/lovely-day/989376625?i=989376634&uo=4
itunes_1758778374,I Love You 3000 (Bossa Nova Version),Stephanie Poetri,I Love You 3000 (Bossa Nova Version) - Single,CN,china,itunes,国际流行,国际流行,慵懒吉他拨弦搭配轻柔沙锤，Stephanie Poetri 的嗓音在波萨诺瓦节奏中舒展如午后阳光。适合夏夜露台小酌或独处时循环，将原曲甜蜜化作一杯微醺的鸡尾酒。,Brazil,BR,genre_or_metadata_hint,CN,corrected_to_other_country,genre/label/tags/description evidence -> BR,https://music.apple.com/cn/album/i-love-you-3000-bossa-nova-version/1758778372?i=1758778374&uo=4
itunes_883513470,空中散歩,久石让,哈尔的移动城堡 动画电影原声带,CN,china,itunes,原创音乐,原创音乐,轻盈的钢琴与弦乐交织，如云朵般飘浮于澄澈天际，带着宫崎骏动画特有的梦幻与温柔，适合午后独处或闭目遐思时静静聆听。,Japan,JP,artist_origin_hint,CN,corrected_to_other_country,artist override or known artist origin -> JP,https://music.apple.com/cn/album/%E7%A9%BA%E4%B8%AD%E6%95%A3%E6%AD%A9/883513360?i=883513470&uo=4
itunes_1531031462,Brahms Lullaby,Dave Brubeck,Lullabies,CN,china,itunes,爵士乐,爵士乐,戴夫·布鲁贝克的爵士版《勃拉姆斯摇篮曲》以钢琴四重奏的温润织体，将古典旋律浸入深夜蓝调的光晕。低音提琴轻摇如摇篮缓动，萨克斯风偶尔掠过，似半梦半醒间的呼吸。适合雨夜独坐、台灯微亮时聆听，让旧日童谣在爵士即兴中化作成年人心底的柔软潮汐。,United States,US,artist_origin_hint,CN,corrected_to_other_country,artist override or known artist origin -> US,https://music.apple.com/cn/album/brahms-lullaby/1531031461?i=1531031462&uo=4
itunes_1770129656,That's Life,Lady Gaga,Harlequin,CN,china,itunes,原声音乐,原声音乐,爵士大乐队铺陈复古金色声场，Lady Gaga以沙哑而张扬的嗓音穿梭于铜管与钢琴之间，戏谑中带着百老汇式的华丽悲怆，适合深夜独酌或霓虹下的都市漫游。,United States,US,artist_origin_hint,CN,corrected_to_other_country,artist override or known artist origin -> US,https://music.apple.com/cn/album/thats-life/1770129269?i=1770129656&uo=4
itunes_1543491884,Ain't Yo Stuff Safe Here,泰伦斯・布兰查德,One Night In Miami... (Original Motion Picture Soundtrack),CN,china,itunes,原声音乐,原声音乐,铜管与弦乐交织出深夜密室的紧张气息，小号独奏如低声警告，爵士大乐队的暗涌铺陈1960年代美国南方的焦灼氛围，适合观影后独自回味或雨夜沉思时聆听。,United States,US,artist_origin_hint,CN,corrected_to_other_country,artist override or known artist origin -> US,https://music.apple.com/cn/album/aint-yo-stuff-safe-here/1543491172?i=1543491884&uo=4
itunes_883513433,开始 - 人生的旋转木马,久石让,哈尔的移动城堡 动画电影原声带,CN,china,itunes,原创音乐,原创音乐,悠扬的钢琴与弦乐交织出华尔兹般的回旋旋律，带着淡淡的怀旧与温柔，仿佛置身于一座会行走的奇幻城堡中，适合在静谧夜晚或沉思时分独自聆听。,Japan,JP,artist_origin_hint,CN,corrected_to_other_country,artist override or known artist origin -> JP,https://music.apple.com/cn/album/%E5%BC%80%E5%A7%8B-%E4%BA%BA%E7%94%9F%E7%9A%84%E6%97%8B%E8%BD%AC%E6%9C%A8%E9%A9%AC/883513360?i=883513433&uo=4
itunes_1687429810,Missing You and Loving You,Kefu Pan & A Han,2021 Hot Song Chart,SG,china,itunes,Pop,Pop,轻柔的流行旋律承载着思念的温度，男女声线交织出都市夜归人的心事。钢琴与电子编曲铺陈现代感底色，适合独处时分静静聆听，让情绪随副歌缓缓流淌。,Singapore,SG,itunes_storefront,SG,corrected_to_other_country,non-China iTunes storefront retained -> SG,https://music.apple.com/sg/album/missing-you-and-loving-you/1687429805?i=1687429810&uo=4
itunes_1293229677,Attention,Charlie Puth,Voicenotes,SG,china,itunes,Pop,Pop,轻快的放克吉他切分拨弦贯穿全曲，搭配合成器贝斯与清脆鼓点，营造出都市夜行的律动感。Charlie Puth 真假音转换的演绎带着几分慵懒试探，副歌部分层层叠加的和声令人不自觉随之摆动，适合驾车穿行霓虹街道或周末小聚时播放。,United States,US,artist_origin_hint,SG,corrected_to_other_country,artist override or known artist origin -> US,https://music.apple.com/sg/album/attention/1293229669?i=1293229677&uo=4
itunes_1546632947,Chinese Pop,Dj-Chart,Friseur-Coiffeur-Barber Salon Musik Ansagen 2,SG,china,itunes,Pop,Pop,轻快明亮的电子流行节拍，合成器铺底搭配简洁人声切片，营造都市沙龙般的时尚氛围。适合午后造型空间或通勤途中聆听，千禧年后华语流行舞曲的休闲变奏。,China,CN,genre_or_metadata_hint,SG,confirmed_china_family,genre/label/tags/description evidence -> CN,https://music.apple.com/sg/album/chinese-pop/1546632763?i=1546632947&uo=4
itunes_1066398528,Slow Down (feat. Matthew Heath & Grady Griggs),Lights Follow,Off the Charts: Singles,SG,china,itunes,Rock,Rock,清透吉他铺底，鼓点沉稳推进，男声合唱层叠出开阔氛围。适合深夜独处或公路行驶，2015年独立摇滚气质，情绪在克制中缓缓上扬。,United States,US,artist_origin_hint,SG,corrected_to_other_country,artist override or known artist origin -> US,https://music.apple.com/sg/album/slow-down-feat-matthew-heath-grady-griggs/1066398490?i=1066398528&uo=4
itunes_660702520,It Will Rain,Super Stars,"Chart Topping Ballads - All Time Hits, Vol. 6",SG,china,itunes,Pop,Pop,醇厚男声在钢琴与弦乐的铺陈中缓缓倾诉，副歌处情绪层层堆叠，适合深夜独处或雨后窗前静听。,Singapore,SG,itunes_storefront,SG,corrected_to_other_country,non-China iTunes storefront retained -> SG,https://music.apple.com/sg/album/it-will-rain/660702208?i=660702520&uo=4
itunes_1664435375,Left and Right,Charlie Puth & Jung Kook,Charts 2023 - Radio Top Hits Deutschland,SG,china,itunes,Pop,Pop,轻快明亮的流行节奏搭配细腻和声，适合夏日午后驾车或都市夜行时播放，合成器铺底与清脆鼓点交织出2020年代全球电台热单的通透质感。,United States,US,artist_origin_hint,SG,corrected_to_other_country,artist override or known artist origin -> US,https://music.apple.com/sg/album/left-and-right/1664434440?i=1664435375&uo=4
itunes_1687429808,Carnon Etude,Yang Guo & Yang Liang,2021 Hot Song Chart,SG,china,itunes,Pop,Pop,清亮钢琴与弦乐交织，旋律流畅如练习曲般层层递进，兼具流行曲风的亲和力与现代编曲的精致感，适合午后阅读或都市夜行时聆听。,Singapore,SG,itunes_storefront,SG,corrected_to_other_country,non-China iTunes storefront retained -> SG,https://music.apple.com/sg/album/carnon-etude/1687429805?i=1687429808&uo=4
itunes_1132877899,Golden Armour,Henrik Wikstrom & Klas Johan Wahl,Chart Pop Vocals,SG,china,itunes,Vocal,Vocal,清亮女声铺展于合成器光泽之上，节奏利落如都市霓虹闪烁。电子流行骨架间偶有欧陆舞曲脉动，适合通勤途中或深夜驾车时播放，2016年的制作气息赋予其精致而不过时的听感。,Sweden,SE,artist_origin_hint,SG,corrected_to_other_country,artist override or known artist origin -> SE,https://music.apple.com/sg/album/golden-armour/1132877595?i=1132877899&uo=4
itunes_854428394,Dark Horse (Acoustic Piano Version),The Piano Man,Ultimate Acoustic Chart Hits On Piano,SG,china,itunes,Instrumental,Instrumental,钢琴独奏剥去原曲的流行外壳，以极简黑白键重构旋律骨架。适合深夜独处、阅读或需要专注的安静时刻，琴音起落间自带一种克制的叙事感。,Singapore,SG,itunes_storefront,SG,corrected_to_other_country,non-China iTunes storefront retained -> SG,https://music.apple.com/sg/album/dark-horse-acoustic-piano-version/854428359?i=854428394&uo=4
itunes_306403102,survival dAnce - no no cry more (original single chart mix),TRF,survival dAnce - no no cry more - EP,SG,china,itunes,J-Pop,J-Pop,九十年代J-Pop舞曲经典，电子合成器铺底搭配强劲节拍，女声充满能量与感染力，适合舞池跃动或驾车夜行时播放，旋律朗朗上口，情绪热烈直接。,Japan,JP,artist_origin_hint,SG,corrected_to_other_country,artist override or known artist origin -> JP,https://music.apple.com/sg/album/survival-dance-no-no-cry-more-original-single-chart-mix/306403100?i=306403102&uo=4
itunes_1687429966,I want to be with you (Wedding Song),Zhinuo Xu & Siyu Wang,2021 Hot Song Chart,SG,china,itunes,Pop,Pop,轻快明亮的华语流行曲风，钢琴与弦乐铺陈浪漫底色，男女声温柔对唱交织甜蜜承诺。适合婚礼仪式、告白场景或纪念日聆听，午后阳光洒落时尤为动人。2023年发行，延续当代情歌的清澈质感。,China,CN,genre_or_metadata_hint,SG,confirmed_china_family,genre/label/tags/description evidence -> CN,https://music.apple.com/sg/album/i-want-to-be-with-you-wedding-song/1687429805?i=1687429966&uo=4
itunes_1035488726,Flying so High,"Michael Thomas Geiger, Jason Zachary Parris & Bobby Banister",Chart Pop 2,SG,china,itunes,Pop,Pop,轻快的合成器旋律铺陈出明亮通透的流行底色，电子鼓点跃动如午后阳光，适合通勤路上或周末驾车时播放，让人不自觉地随节奏摆荡。,Singapore,SG,itunes_storefront,SG,corrected_to_other_country,non-China iTunes storefront retained -> SG,https://music.apple.com/sg/album/flying-so-high/1035488240?i=1035488726&uo=4
itunes_1830224567,บันไดเลื่อน,Chart Suchart,สามัญ,SG,china,itunes,Folk,Folk,泰式民谣吉他轻拨，搭配温暖人声吟唱日常片段，如午后扶梯上的片刻出神。2018年新加坡录制的独立发行，适合独处时细听城市里的微小诗意。,Singapore,SG,genre_or_metadata_hint,SG,corrected_to_other_country,genre/label/tags/description evidence -> SG,https://music.apple.com/sg/album/%E0%B8%9A-%E0%B8%99%E0%B9%84%E0%B8%94%E0%B9%80%E0%B8%A5-%E0%B8%AD%E0%B8%99/1830224394?i=1830224567&uo=4
itunes_1687429811,Scattering Waves Hehe,Kefu Pan & Binxin Wu,2021 Hot Song Chart,SG,china,itunes,Pop,Pop,轻快的华语流行曲风，电子合成器与明亮节拍交织，适合夏日午后或都市通勤时聆听。旋律线条流畅，人声温暖通透，带着2010年代中后期都市情歌的轻快质感，既有电台热单的亲和力，也不失私人耳机里的松弛氛围。,China,CN,genre_or_metadata_hint,SG,confirmed_china_family,genre/label/tags/description evidence -> CN,https://music.apple.com/sg/album/scattering-waves-hehe/1687429805?i=1687429811&uo=4
itunes_1847584398,APT.,Rosé & Bruno Mars,Anglo Pop: Top Chart Hits,SG,china,itunes,Pop,Pop,轻快节奏与俏皮旋律交织，吉他和弦明亮跳跃，男女声线甜蜜对唱，副歌部分极具感染力，适合午后咖啡时光或好友聚会时播放，洋溢着2024年流行乐坛的活力与浪漫气息。,South Korea,KR,artist_origin_hint,SG,corrected_to_other_country,artist override or known artist origin -> KR,https://music.apple.com/sg/album/apt/1847584273?i=1847584398&uo=4
itunes_1793184970,"ไม่มีคำสัญญา (เพลงประกอบละคร ""The Gifted นักเรียนพลังกิฟต์"")",Chart Suchart,"ไม่มีคำสัญญา (เพลงประกอบละคร ""The Gifted นักเรียนพลังกิฟต์"") - Single",SG,china,itunes,Pop,Pop,清透男声伴着简约钢琴与弦乐铺陈，这首泰剧插曲以抒情流行曲式诉说青春里的遗憾与未竟之约，适合独处时静静回味那些来不及兑现的心事。,Singapore,SG,itunes_storefront,SG,corrected_to_other_country,non-China iTunes storefront retained -> SG,https://music.apple.com/sg/album/%E0%B9%84%E0%B8%A1-%E0%B8%A1-%E0%B8%84%E0%B8%B3%E0%B8%AA-%E0%B8%8D%E0%B8%8D%E0%B8%B2-%E0%B9%80%E0%B8%9E%E0%B8%A5%E0%B8%87%E0%B8%9B%E0%B8%A3%E0%B8%B0%E0%B8%81%E0%B8%AD%E0%B8%9A%E0%B8%A5%E0%B8%B0%E0%B8%84%E0%B8%A3-the-gifted-%E0%B8%99-%E0%B8%81%E0%B9%80%E0%B8%A3-%E0%B8%A2%E0%B8%99%E0%B8%9E%E0%B8%A5-%E0%B8%87%E0%B8%81-%E0%B8%9F%E0%B8%95/1793184962?i=1793184970&uo=4
itunes_1554957777,Electricity,Cody William Falkosky & Jason Zachary Parris,Chart Pop 6,SG,china,itunes,Pop,Pop,清透合成器铺底搭配跃动电子节拍，明亮的人声切片穿插于高能量Drop之间，整体呈现2020年代主流电音流行质感，适合通勤路或健身时注入一剂轻快兴奋剂。,Singapore,SG,itunes_storefront,SG,corrected_to_other_country,non-China iTunes storefront retained -> SG,https://music.apple.com/sg/album/electricity/1554957775?i=1554957777&uo=4
itunes_1470989755,Wasted Nights,ONE OK ROCK,New Music 2019 Chart,SG,china,itunes,Rock,Rock,ONE OK ROCK 的《Wasted Nights》以磅礴的摇滚编制铺陈情绪，电吉他 riff 与密集鼓点交织出体育场级别的张力，副歌旋律昂扬而富有穿透力，适合深夜独处时释放积压的能量，或作为奔赴目标前的战歌。,Singapore,SG,itunes_storefront,SG,corrected_to_other_country,non-China iTunes storefront retained -> SG,https://music.apple.com/sg/album/wasted-nights/1470989638?i=1470989755&uo=4
itunes_1829712595,ดีกว่า...ถ้ามีกัน (ของขวัญ),Chart Suchart,ดีกว่า...ถ้ามีกัน (ของขวัญ) - Single,SG,china,itunes,Pop,Pop,轻快明亮的流行曲风，电子合成器铺底搭配清脆节拍，男声演绎温暖直白。适合午后通勤或闲暇时刻单曲循环，2016年东南亚华语乐坛的清新小品。,China,CN,genre_or_metadata_hint,SG,confirmed_china_family,genre/label/tags/description evidence -> CN,https://music.apple.com/sg/album/%E0%B8%94-%E0%B8%81%E0%B8%A7-%E0%B8%B2-%E0%B8%96-%E0%B8%B2%E0%B8%A1-%E0%B8%81-%E0%B8%99-%E0%B8%82%E0%B8%AD%E0%B8%87%E0%B8%82%E0%B8%A7-%E0%B8%8D/1829712591?i=1829712595&uo=4
itunes_1488784711,"Fuck, I'm lonely (Chart Backing Track Originally Performed By Lauv & Anne Marie)",Covered Up,"Chart Backing Tracks 2019, Vol. 10",SG,china,itunes,Instrumental,Instrumental,清亮的合成器铺底搭配电子鼓点，营造出都市夜晚的疏离氛围。无人声的器乐编排让旋律线条更为突出，适合独自驾车或深夜独处时循环播放，是2019年流行电子风格的冷静回响。,Singapore,SG,itunes_storefront,SG,corrected_to_other_country,non-China iTunes storefront retained -> SG,https://music.apple.com/sg/album/fuck-im-lonely-chart-backing-track-originally-performed/1488784695?i=1488784711&uo=4
itunes_1464005848,Bad Guy (Karaoke Version Originally Performed By Billie Eilish),Covered Up,"Karaoke Chart Hits 2019, Vol. 4",SG,china,itunes,Karaoke,Karaoke,低沉的合成器贝斯线条与跳跃的打击节拍交织，营造出一种慵懒又带挑衅意味的暗黑流行氛围。适合在深夜独处或朋友聚会时即兴跟唱，感受原版那股酷劲十足的另类气质。,Singapore,SG,itunes_storefront,SG,corrected_to_other_country,non-China iTunes storefront retained -> SG,https://music.apple.com/sg/album/bad-guy-karaoke-version-originally-performed-by-billie/1464005682?i=1464005848&uo=4
itunes_1735203786,Chart Trick,Piano Mouse,Ethereal Serenades,SG,china,itunes,Easy Listening,Easy Listening,轻盈琴键如晨露滴落湖面，舒缓旋律在静谧空间中缓缓铺展。这首作品以简约钢琴为主体，辅以朦胧氛围铺底，适合独处阅读或深夜放空时聆听，带来温柔而通透的听觉抚慰。,Singapore,SG,itunes_storefront,SG,corrected_to_other_country,non-China iTunes storefront retained -> SG,https://music.apple.com/sg/album/chart-trick/1735203773?i=1735203786&uo=4
itunes_854428437,Happy (Acoustic Piano Version),The Piano Man,Ultimate Acoustic Chart Hits On Piano,SG,china,itunes,Instrumental,Instrumental,钢琴独奏版以清澈明亮的琴键铺陈出轻快旋律，剥离电子编曲后更显纯粹温暖。适合午后阅读、咖啡时光或需要一点轻快节奏却不喧扰的日常场景，是2010年代中期流行曲改编中常见的简约质感。,Singapore,SG,itunes_storefront,SG,corrected_to_other_country,non-China iTunes storefront retained -> SG,https://music.apple.com/sg/album/happy-acoustic-piano-version/854428359?i=854428437&uo=4
itunes_854428732,Atemlos durch die Nacht (Acoustic Piano Version),The Piano Man,Ultimate Acoustic Chart Hits On Piano,SG,china,itunes,Instrumental,Instrumental,钢琴独奏以舒缓的琶音铺展夜色，剥离原曲电子节拍后，旋律如呼吸般起伏于琴键之间。适合独处时聆听，让熟悉的欧陆流行曲调在静谧中沉淀为私人记忆。,Singapore,SG,itunes_storefront,SG,corrected_to_other_country,non-China iTunes storefront retained -> SG,https://music.apple.com/sg/album/atemlos-durch-die-nacht-acoustic-piano-version/854428359?i=854428732&uo=4
itunes_1630025400,Toothbrush,DNCE,Chart Hits,SG,china,itunes,Pop,Pop,轻快明亮的流行节奏搭配俏皮电吉他，副歌朗朗上口，适合清晨洗漱或通勤路上提振心情，散发2010年代中期美式派对流行的阳光气息。,United States,US,genre_or_metadata_hint,SG,corrected_to_other_country,genre/label/tags/description evidence -> US,https://music.apple.com/sg/album/toothbrush/1630023179?i=1630025400&uo=4
itunes_1470989733,"These Days (feat. Jess Glynne, Macklemore & Dan Caplen)",Rudimental,New Music 2019 Chart,SG,china,itunes,Dance,Dance,温暖钢琴前奏缓缓铺开，Jess Glynne的嗓音清透上扬，Macklemore的说唱段落注入街头叙事感，Dan Caplen的和声层叠其间。电子鼓点与灵魂乐基底交织，适合黄昏通勤或周末小聚时播放，英式舞曲的流畅能量中带有一丝怀旧余温。,United Kingdom,GB,genre_or_metadata_hint,SG,corrected_to_other_country,genre/label/tags/description evidence -> GB,https://music.apple.com/sg/album/these-days-feat-jess-glynne-macklemore-dan-caplen/1470989638?i=1470989733&uo=4
itunes_1830224707,ที่เหลือ,Chart Suchart,สามัญ,SG,china,itunes,Folk,Folk,慵懒午后或深夜独处时的温柔陪伴，木吉他轻拨搭配细腻人声，泰式民谣的清新质感流淌其中，像一封未寄出的信，藏着欲言又止的心事。适合在窗边听雨、整理旧物时静静聆听，让舒缓旋律抚平日常褶皱。,Singapore,SG,itunes_storefront,SG,corrected_to_other_country,non-China iTunes storefront retained -> SG,https://music.apple.com/sg/album/%E0%B8%97-%E0%B9%80%E0%B8%AB%E0%B8%A5-%E0%B8%AD/1830224394?i=1830224707&uo=4
itunes_1066398534,Drivin',Jeff Lewis,Off the Charts: Singles,SG,china,itunes,Rock,Rock,轻快的吉他扫弦与明快的鼓点交织，Jeff Lewis 这首作品散发着阳光公路摇滚的自在气息，适合午后驾车或周末出游时聆听，复古合成器点缀更添一份都市怀旧情调。,Singapore,SG,itunes_storefront,SG,corrected_to_other_country,non-China iTunes storefront retained -> SG,https://music.apple.com/sg/album/drivin/1066398490?i=1066398534&uo=4
itunes_1485802966,Golden,Harry Styles,Fine Line,SG,china,itunes,Pop,Pop,阳光般明亮的吉他旋律铺陈开来，Harry Styles的嗓音慵懒而温暖，带着七十年代软摇滚的复古质感。适合午后驾车沿海岸线行驶，或是周末清晨让窗帘透进第一缕光线时播放。,Singapore,SG,itunes_storefront,SG,corrected_to_other_country,non-China iTunes storefront retained -> SG,https://music.apple.com/sg/album/golden/1485802965?i=1485802966&uo=4
itunes_1687429815,Hi! Hello!,Xin Lu & Yu Hao,2021 Hot Song Chart,SG,china,itunes,Pop,Pop,轻快明亮的男女对唱，电子合成器铺底搭配清脆节拍，副歌旋律朗朗上口，适合通勤路上或午后咖啡时光播放，带着2010年代末期华语流行情歌的甜蜜气息。,China,CN,genre_or_metadata_hint,SG,confirmed_china_family,genre/label/tags/description evidence -> CN,https://music.apple.com/sg/album/hi-hello/1687429805?i=1687429815&uo=4
itunes_1830224700,หนังสือเล่มเก่า,Chart Suchart,สามัญ,SG,china,itunes,Folk,Folk,一把木吉他轻轻拨出南洋午后慵懒的弦音，泰语吟唱如旧书页般泛黄温润，适合独坐窗边、让思绪随民谣旋律缓缓沉淀的时分。,Singapore,SG,genre_or_metadata_hint,SG,corrected_to_other_country,genre/label/tags/description evidence -> SG,https://music.apple.com/sg/album/%E0%B8%AB%E0%B8%99-%E0%B8%87%E0%B8%AA-%E0%B8%AD%E0%B9%80%E0%B8%A5-%E0%B8%A1%E0%B9%80%E0%B8%81-%E0%B8%B2/1830224394?i=1830224700&uo=4
itunes_1592462959,Father (Original Song by INSOONI),NIDA,"Breaking Music Chart, Pt. 1 - EP",SG,china,itunes,K-Pop,K-Pop,温润人声铺展于简约钢琴之上，弦乐渐入时情绪层层堆叠。这首K-Pop抒情曲以当代流行编制重塑经典，适合独处静夜或通勤途中聆听，在回忆与现实之间牵起一道温柔弧线。,South Korea,KR,artist_origin_hint,SG,corrected_to_other_country,artist override or known artist origin -> KR,https://music.apple.com/sg/album/father-original-song-by-insooni/1592462956?i=1592462959&uo=4
itunes_1554831403,Totsugeki Love Heart,FIRE BOMBER,MACROSS7 MUSIC SELECTION FROM GALAXY NETWORK CHART,SG,china,itunes,Anime,Anime,燃情摇滚与动漫交响的碰撞，电吉他撕裂宇宙夜幕，主唱高亢嘶吼穿透星际战场。九零年代日式动画黄金声景，适合深夜驾驶或热血复盘经典机战番时全开音量。,Japan,JP,artist_origin_hint,SG,corrected_to_other_country,artist override or known artist origin -> JP,https://music.apple.com/sg/album/totsugeki-love-heart/1554831401?i=1554831403&uo=4
itunes_1311758181,Na Manengay,Kanishk Seth,ATKT.in Chart Toppers - EP,SG,china,itunes,Indie Rock,Indie Rock,这首曲目以独立摇滚为底色，吉他线条清冽而富于张力，人声处理偏向内敛的叙事感。2010年代中后期的制作气息赋予其适中的节奏推进，适合独处时佩戴耳机细听，或作为城市夜行时的背景音层。,Singapore,SG,itunes_storefront,SG,corrected_to_other_country,non-China iTunes storefront retained -> SG,https://music.apple.com/sg/album/na-manengay/1311757472?i=1311758181&uo=4
itunes_1687429970,I Want You To Know,Chenjun Qi,2021 Hot Song Chart,SG,china,itunes,Pop,Pop,轻快明亮的华语流行曲风，合成器铺底搭配清透人声，节奏适中适合通勤或午后咖啡时光，2023年发行，带着都市情感的细腻表达。,China,CN,genre_or_metadata_hint,SG,confirmed_china_family,genre/label/tags/description evidence -> CN,https://music.apple.com/sg/album/i-want-you-to-know/1687429805?i=1687429970&uo=4
itunes_1132877916,Fearless,Henrik Wikstrom & Isa Ljunggren,Chart Pop Vocals,SG,china,itunes,Vocal,Vocal,清亮女声铺展于电子合成器织就的明亮音场之上，节奏利落如都市脉搏，副歌处旋律昂扬上扬，适合通勤途中或健身时注入一剂轻快能量。2016年的制作气息赋予其当代舞曲流行质感，器乐编排简洁通透，人声占据绝对主角。,Sweden,SE,artist_origin_hint,SG,corrected_to_other_country,artist override or known artist origin -> SE,https://music.apple.com/sg/album/fearless/1132877595?i=1132877916&uo=4
itunes_854428715,Addicted to You (Acoustic Piano Version),The Piano Man,Ultimate Acoustic Chart Hits On Piano,SG,china,itunes,Instrumental,Instrumental,一架钢琴缓缓铺开旋律，剥离原曲的电子外壳，以极简的黑白键重塑深情。适合独处午后、深夜窗前或一杯咖啡旁，让熟悉的旋律在静谧中重新呼吸。,Singapore,SG,itunes_storefront,SG,corrected_to_other_country,non-China iTunes storefront retained -> SG,https://music.apple.com/sg/album/addicted-to-you-acoustic-piano-version/854428359?i=854428715&uo=4
itunes_1829212160,แหงน,Chart Suchart,แหงน - Single,SG,china,itunes,Folk,Folk,一把木吉他轻拨出热带午后的慵懒，男声低吟着南洋华人的乡愁絮语。民谣质地温润如旧照片，适合独坐窗边、让慢时光静静流淌的黄昏。,Singapore,SG,genre_or_metadata_hint,SG,corrected_to_other_country,genre/label/tags/description evidence -> SG,https://music.apple.com/sg/album/%E0%B9%81%E0%B8%AB%E0%B8%87%E0%B8%99/1829212159?i=1829212160&uo=4
itunes_1807630636,Angel Baby,Troye Sivan,Chart Hits Deutschland 2025,SG,china,itunes,Pop,Pop,清透合成器铺底搭配 Troye Sivan 标志性的气声唱腔，营造出千禧复古与未来流行交织的梦幻氛围。适合深夜独处或城市夜驾时播放， synth-pop 骨架下流淌着温柔而略带忧郁的抒情线条。,Germany,DE,genre_or_metadata_hint,SG,corrected_to_other_country,genre/label/tags/description evidence -> DE,https://music.apple.com/sg/album/angel-baby/1807629992?i=1807630636&uo=4
itunes_1687429814,Please Speak Up,Xiao Xiong & Miao Xiao Miao,2021 Hot Song Chart,SG,china,itunes,Pop,Pop,轻快的华语流行曲风，男女对唱交织出都市情感的俏皮对话。电子合成器铺底搭配清脆节拍，适合通勤路上或午后咖啡时光随性播放，为日常注入一抹明亮的恋爱气息。,China,CN,genre_or_metadata_hint,SG,confirmed_china_family,genre/label/tags/description evidence -> CN,https://music.apple.com/sg/album/please-speak-up/1687429805?i=1687429814&uo=4
itunes_1687429809,Wave,Xin Lu & Yu Hao,2021 Hot Song Chart,SG,china,itunes,Pop,Pop,轻快的电子合成器铺底，搭配通透的人声线条，整体呈现出2018年前后华语流行的清爽质感。适合通勤途中或午后咖啡时光聆听，旋律起伏如波浪般层层推进，带有都市情歌的明亮氛围。,China,CN,genre_or_metadata_hint,SG,confirmed_china_family,genre/label/tags/description evidence -> CN,https://music.apple.com/sg/album/wave/1687429805?i=1687429809&uo=4
itunes_1554958108,No Problems,"Cody William Falkosky, Jason Zachary Parris & Spencer Sutherland Wetmore",Chart Pop 6,SG,china,itunes,Pop,Pop,轻快明亮的流行曲风，合成器铺底搭配清晰鼓点，副歌旋律抓耳易记，适合通勤路上或午后咖啡时光播放，整体氛围阳光正向，带有2020年代都市流行乐的精致质感。,Singapore,SG,itunes_storefront,SG,corrected_to_other_country,non-China iTunes storefront retained -> SG,https://music.apple.com/sg/album/no-problems/1554957775?i=1554958108&uo=4
itunes_1829215906,หนังสือเล่มเก่า,Chart Suchart,หนังสือเล่มเก่า - Single,SG,china,itunes,Pop,Pop,轻柔泰式流行曲风，钢琴与弦乐铺陈怀旧底色，男声低吟旧书页里的泛黄心事。适合独处午后或雨夜窗前，让慢板旋律携记忆缓缓流淌。,Singapore,SG,itunes_storefront,SG,corrected_to_other_country,non-China iTunes storefront retained -> SG,https://music.apple.com/sg/album/%E0%B8%AB%E0%B8%99-%E0%B8%87%E0%B8%AA-%E0%B8%AD%E0%B9%80%E0%B8%A5-%E0%B8%A1%E0%B9%80%E0%B8%81-%E0%B8%B2/1829215624?i=1829215906&uo=4
itunes_1679934483,ก่อนจะถึงวันใหม่,"Karn the Parkinson, TWO Popetorn, WANYAi, Namm Ronnadet & Chart Suchart",ก่อนจะถึงวันใหม่ - Single,SG,china,itunes,Pop,Pop,轻柔的合成器铺底搭配多人和声，营造出黎明前微光初现的氛围。流行曲风线条流畅，适合深夜独处或等待破晓时静静聆听，五个声部交织出温暖而克制的情感张力。,Singapore,SG,itunes_storefront,SG,corrected_to_other_country,non-China iTunes storefront retained -> SG,https://music.apple.com/sg/album/%E0%B8%81-%E0%B8%AD%E0%B8%99%E0%B8%88%E0%B8%B0%E0%B8%96-%E0%B8%87%E0%B8%A7-%E0%B8%99%E0%B9%83%E0%B8%AB%E0%B8%A1/1679934481?i=1679934483&uo=4
itunes_854428723,Can't Remember to Forget You (Acoustic Piano Version),The Piano Man,Ultimate Acoustic Chart Hits On Piano,SG,china,itunes,Instrumental,Instrumental,一架钢琴将原曲的炽烈情感沉淀为清澈独白，琴键起落间褪去电子节奏，只剩旋律在空气中缓缓呼吸。适合深夜独处、阅读或需要专注的时刻，让熟悉的曲调以安静姿态重新抵达心底。,Singapore,SG,itunes_storefront,SG,corrected_to_other_country,non-China iTunes storefront retained -> SG,https://music.apple.com/sg/album/cant-remember-to-forget-you-acoustic-piano-version/854428359?i=854428723&uo=4
itunes_1494337844,Dance Monkey (Karaoke Version Originally Performed By Tones And I),Covered Up,"Karaoke Chart Hits 2019, Vol. 10",SG,china,itunes,Karaoke,Karaoke,轻快电子节拍搭配朗朗上口的旋律线条，合成器音色明亮通透，副歌部分极具传唱度。适合朋友聚会暖场或独自练唱时播放，午夜霓虹灯下跟着节奏摇摆也别有一番趣味。,Singapore,SG,itunes_storefront,SG,corrected_to_other_country,non-China iTunes storefront retained -> SG,https://music.apple.com/sg/album/dance-monkey-karaoke-version-originally-performed-by/1494337772?i=1494337844&uo=4
itunes_1861526141,Chart Nee Por,O-Pavee,Chart Nee Por - Single,SG,china,itunes,Pop,Pop,轻快明亮的流行曲风，电子合成器铺陈出通透的都市感节拍，人声线条流畅抓耳，适合通勤途中或午后咖啡时光聆听，带着2020年代东南亚华语乐坛的清新气息。,China,CN,genre_or_metadata_hint,SG,confirmed_china_family,genre/label/tags/description evidence -> CN,https://music.apple.com/sg/album/chart-nee-por/1861526138?i=1861526141&uo=4
itunes_1660447368,Color Chart (feat. Emi Evans),onoken,Color Chart,SG,china,itunes,Anime,Anime,空灵女声穿梭于电子合成器编织的霓虹声景，onoken以细腻律动的节拍勾勒出都市夜晚的流动光影。适合独处时分佩戴耳机沉浸，让旋律如色卡般在耳畔层层晕染。,Japan,JP,artist_origin_hint,SG,corrected_to_other_country,artist override or known artist origin -> JP,https://music.apple.com/sg/album/color-chart-feat-emi-evans/1660447028?i=1660447368&uo=4
itunes_929083392,Hyper Love (feat. Nat Dunn) [Radio Edit],Ferry Corsten,"Top 15 Trance Charts Weekly, Vol. 1",SG,china,itunes,Trance,Trance,明亮合成器铺底与跃动节拍交织，Nat Dunn的人声切片如电流穿透舞池。2014年经典Trance配方，适合深夜驾驶或耳机里的能量补给，副歌掀起时仿佛看见激光束割破雾气。,Singapore,SG,itunes_storefront,SG,corrected_to_other_country,non-China iTunes storefront retained -> SG,https://music.apple.com/sg/album/hyper-love-feat-nat-dunn-radio-edit/929083391?i=929083392&uo=4
itunes_1442185751,"Morni Banke (From ""Badhaai Ho"")",Guru Randhawa & Neha Kakkar,Bollywood Punjabi Chartbusters,SG,china,itunes,Bollywood,Bollywood,轻快的旁遮普节奏跃动而出，手鼓与合成器音色交织出浓郁的北印风情，男女声线俏皮对唱，适合节庆欢聚或驾车出行时播放，洋溢着2018年代宝莱坞舞曲的甜蜜活力。,India,IN,genre_or_metadata_hint,SG,corrected_to_other_country,genre/label/tags/description evidence -> IN,https://music.apple.com/sg/album/morni-banke-from-badhaai-ho/1442185539?i=1442185751&uo=4
itunes_727497330,Take Me Home Country Roads,小野麗莎,Jambalaya - Bossa Americana,TW,china,itunes,美聲爵士,美聲爵士,以慵懶的波薩諾瓦節奏重新詮釋經典民謠，小野麗莎溫潤醇厚的嗓音搭配輕巧的吉他與弦樂編排，營造出午後陽光灑落窗邊的愜意氛圍，適合獨處閱讀或周末早午餐時靜靜聆聽。,Japan,JP,artist_origin_hint,TW,corrected_to_other_country,artist override or known artist origin -> JP,https://music.apple.com/tw/album/take-me-home-country-roads/727497256?i=727497330&uo=4
itunes_543627067,Fly Me to the Moon,王儷婷,A Girl Meets Bossanova,TW,china,itunes,爵士樂,爵士樂,輕柔的波薩諾瓦節奏襯著月光般的爵士鋼琴，王儷婷以溫潤嗓音重新詮釋這首經典，適合深夜獨酌或燭光晚餐時靜靜聆聽。2005年的錄音帶著都會夜晚的慵懶與浪漫，木吉他與低音提琴交織出迷人的異國情調。,Singapore,SG,artist_origin_hint,TW,corrected_to_other_country,artist override or known artist origin -> SG,https://music.apple.com/tw/album/fly-me-to-the-moon/543627055?i=543627067&uo=4
itunes_1466211365,曖 (feat. ØZI),孫盛希,希遊記 (藏金版),TW,china,itunes,華語流行樂,華語流行樂,慵懒电子节拍铺陈出深夜都市氛围，ØZI的嘻哈段落与孫盛希的R&B气声交织，合成器音色迷蒙闪烁，适合独处时分或车窗外的霓虹街景。,China,CN,genre_or_metadata_hint,TW,confirmed_china_family,genre/label/tags/description evidence -> CN,https://music.apple.com/tw/album/%E6%9B%96-feat-%C3%B8zi/1466211357?i=1466211365&uo=4
itunes_1215227488,卡拉布列亞的陽光,王雁盟,咖啡廳最愛播的 Jazz & Bossa Nova 放鬆純音樂,TW,china,itunes,巴薩諾瓦,巴薩諾瓦,輕柔的手風琴與吉他交織出地中海般的慵懶午後，巴薩諾瓦節奏如微風拂過卡拉布列亞海岸，適合咖啡廳獨坐或窗邊閱讀時靜靜流淌。,Brazil,BR,genre_or_metadata_hint,TW,corrected_to_other_country,genre/label/tags/description evidence -> BR,https://music.apple.com/tw/album/%E5%8D%A1%E6%8B%89%E5%B8%83%E5%88%97%E4%BA%9E%E7%9A%84%E9%99%BD%E5%85%89/1215227482?i=1215227488&uo=4
itunes_1215227877,桔色Bossa,董運昌,咖啡廳最愛播的 Jazz & Bossa Nova 放鬆純音樂,TW,china,itunes,巴薩諾瓦,巴薩諾瓦,輕柔的尼龍弦吉他撥出慵懶旋律，如午後陽光灑落窗邊咖啡杯。巴薩諾瓦節奏鬆弛綿密，適合獨處閱讀或淺酌時靜靜流淌，帶有都會咖啡廳的愜意氛圍。,Taiwan,TW,artist_origin_hint,TW,confirmed_china_family,artist override or known artist origin -> TW,https://music.apple.com/tw/album/%E6%A1%94%E8%89%B2bossa/1215227482?i=1215227877&uo=4
itunes_1215227881,心的旅程,李欣芸,咖啡廳最愛播的 Jazz & Bossa Nova 放鬆純音樂,TW,china,itunes,巴薩諾瓦,巴薩諾瓦,輕柔的尼龍弦吉他撥開午後慵懶，搭配散漫的爵士鋼琴與低吟的貝斯線條，這首巴薩諾瓦小品像一杯緩緩降溫的拿鐵，適合獨處窗邊、翻書或讓思緒漫遊的時刻。,Taiwan,TW,artist_origin_hint,TW,confirmed_china_family,artist override or known artist origin -> TW,https://music.apple.com/tw/album/%E5%BF%83%E7%9A%84%E6%97%85%E7%A8%8B/1215227482?i=1215227881&uo=4
itunes_720529360,Garota de Ipanema,小野麗莎,Ono Lisa Best 2002-2006,TW,china,itunes,美聲爵士,美聲爵士,輕柔的Bossa Nova吉他撥弦伴隨慵懶人聲，小野麗莎以溫潤細膩的嗓音重新詮釋經典，午後陽光灑落窗邊時，這首歌是咖啡與思緒最優雅的背景。,Japan,JP,artist_origin_hint,TW,corrected_to_other_country,artist override or known artist origin -> JP,https://music.apple.com/tw/album/garota-de-ipanema/720528877?i=720529360&uo=4
itunes_1215227883,微醺JAZZ,何真真,咖啡廳最愛播的 Jazz & Bossa Nova 放鬆純音樂,TW,china,itunes,巴薩諾瓦,巴薩諾瓦,輕柔的鋼琴與吉他交織出慵懶的巴薩諾瓦節奏，彷彿午後咖啡廳裡的一杯紅酒，微醺而愜意。適合獨處閱讀、深夜小酌或雨天窗邊的放鬆時光。,Brazil,BR,genre_or_metadata_hint,TW,corrected_to_other_country,genre/label/tags/description evidence -> BR,https://music.apple.com/tw/album/%E5%BE%AE%E9%86%BAjazz/1215227482?i=1215227883&uo=4
itunes_1466211358,夢遊,孫盛希,希遊記 (藏金版),TW,china,itunes,華語流行樂,華語流行樂,夢遊以慵懶迷離的聲線鋪陳夜行般的私密氛圍，電子節拍與合成器音色交織出都市深夜的半夢半醒，適合獨自駕車或燈光昏黃時獨飲聆聽。,China,CN,genre_or_metadata_hint,TW,confirmed_china_family,genre/label/tags/description evidence -> CN,https://music.apple.com/tw/album/%E5%A4%A2%E9%81%8A/1466211357?i=1466211358&uo=4
itunes_720529864,Cachito,小野麗莎,Ono Lisa Best 2002-2006,TW,china,itunes,美聲爵士,美聲爵士,慵懶午後的陽光灑落窗邊，小野麗莎以溫潤醇厚的嗓音輕吟這首波薩諾瓦小品。吉他與輕柔打擊樂交織出南國海風般的愜意，每一句轉音都帶著咖啡香氣般的微苦回甘，適合獨處閱讀或與摯愛共享靜謐時光。,Japan,JP,artist_origin_hint,TW,corrected_to_other_country,artist override or known artist origin -> JP,https://music.apple.com/tw/album/cachito/720528877?i=720529864&uo=4
itunes_1215227874,愛笑的房子,李欣芸,咖啡廳最愛播的 Jazz & Bossa Nova 放鬆純音樂,TW,china,itunes,巴薩諾瓦,巴薩諾瓦,輕柔的鋼琴與吉他交織出慵懶午後的氛圍，巴薩諾瓦節奏如微風拂過窗簾，適合獨坐咖啡廳角落、捧一杯溫熱飲品，任思緒隨琴鍵流淌，在陽光斜照的桌面上投下悠長的寧靜。,Taiwan,TW,artist_origin_hint,TW,confirmed_china_family,artist override or known artist origin -> TW,https://music.apple.com/tw/album/%E6%84%9B%E7%AC%91%E7%9A%84%E6%88%BF%E5%AD%90/1215227482?i=1215227874&uo=4
itunes_720530172,On the Sunny Side of the Street,小野麗莎,Ono Lisa Best 2002-2006,TW,china,itunes,美聲爵士,美聲爵士,小野麗莎以慵懶溫潤的嗓音重新演繹這首經典爵士標準曲，輕快的搖擺節拍搭配鋼琴與低音提琴的優雅編制，彷彿午後陽光灑落街角的咖啡座，適合獨處閱讀或週末早午餐時輕鬆播放。,Japan,JP,artist_origin_hint,TW,corrected_to_other_country,artist override or known artist origin -> JP,https://music.apple.com/tw/album/on-the-sunny-side-of-the-street/720528877?i=720530172&uo=4
itunes_720529523,Dernière valse,小野麗莎,Ono Lisa Best 2002-2006,TW,china,itunes,美聲爵士,美聲爵士,小野麗莎以溫潤嗓音重新詮釋這首法式經典，輕柔的波薩諾瓦節拍襯著優雅弦樂編制，彷彿午後陽光灑落咖啡館窗邊，適合獨處閱讀或微醺小酌時細細品味。,Japan,JP,artist_origin_hint,TW,corrected_to_other_country,artist override or known artist origin -> JP,https://music.apple.com/tw/album/derni%C3%A8re-valse/720528877?i=720529523&uo=4
itunes_727497323,Jambalaya,小野麗莎,Jambalaya - Bossa Americana,TW,china,itunes,美聲爵士,美聲爵士,輕柔的波薩諾瓦節奏如海風拂面，小野麗莎以慵懶溫暖的嗓音重新詮釋經典美式鄉村曲調。木吉他與輕巧打擊樂交織出午後陽光般的愜意，適合咖啡時光或窗邊獨處的悠閒時刻。,Japan,JP,artist_origin_hint,TW,corrected_to_other_country,artist override or known artist origin -> JP,https://music.apple.com/tw/album/jambalaya/727497256?i=727497323&uo=4
itunes_720529470,C'est si bon,小野麗莎,Ono Lisa Best 2002-2006,TW,china,itunes,美聲爵士,美聲爵士,輕柔的法語經典在溫暖女聲中緩緩舒展，爵士鋼琴與低音提琴交織出午後咖啡館的慵懶氛圍，適合獨處閱讀或微醺小酌時細細品味。,Japan,JP,artist_origin_hint,TW,corrected_to_other_country,artist override or known artist origin -> JP,https://music.apple.com/tw/album/cest-si-bon/720528877?i=720529470&uo=4
itunes_720529393,Feitico da Vila,小野麗莎,Ono Lisa Best 2002-2006,TW,china,itunes,美聲爵士,美聲爵士,慵懒爵士女声如午后阳光洒落，小野麗莎以温润葡语吟唱桑巴风情，吉他轻拨与弦乐交织，适合咖啡馆独处或黄昏漫步时聆听。,Japan,JP,artist_origin_hint,TW,corrected_to_other_country,artist override or known artist origin -> JP,https://music.apple.com/tw/album/feitico-da-vila/720528877?i=720529393&uo=4
itunes_1443284535,Bundle of Joy,麥可・吉亞奇諾,Inside Out (Original Motion Picture Soundtrack),TW,china,itunes,原聲帶,原聲帶,輕快明亮的管弦樂主題，鋼琴與弦樂交織出溫暖躍動的旋律，彷彿陽光灑落心頭的瞬間。適合午後閱讀、親子時光，或需要一點純粹愉悅的時刻靜靜聆聽。,United States,US,artist_origin_hint,TW,corrected_to_other_country,artist override or known artist origin -> US,https://music.apple.com/tw/album/bundle-of-joy/1443284532?i=1443284535&uo=4
itunes_1215227880,舞動靈魂的溫度,董運昌,咖啡廳最愛播的 Jazz & Bossa Nova 放鬆純音樂,TW,china,itunes,巴薩諾瓦,巴薩諾瓦,輕柔的尼龍弦吉他撥開午後光線，巴薩諾瓦的慵懶節拍像咖啡蒸氣般緩緩上升。適合獨坐窗邊、翻閱半本小說，或讓思緒隨琴絃漫遊的私密時刻。,Taiwan,TW,artist_origin_hint,TW,confirmed_china_family,artist override or known artist origin -> TW,https://music.apple.com/tw/album/%E8%88%9E%E5%8B%95%E9%9D%88%E9%AD%82%E7%9A%84%E6%BA%AB%E5%BA%A6/1215227482?i=1215227880&uo=4
itunes_1215227887,光合作用,李欣芸,咖啡廳最愛播的 Jazz & Bossa Nova 放鬆純音樂,TW,china,itunes,巴薩諾瓦,巴薩諾瓦,輕柔的尼龍弦吉他撥開午後陽光，搭配慵懶的電鋼琴與淡抹的弦樂，這首巴薩諾瓦小品像一杯慢萃取的冰滴咖啡，適合獨坐窗邊翻書或讓思緒隨光影緩緩流動的時刻。,Taiwan,TW,artist_origin_hint,TW,confirmed_china_family,artist override or known artist origin -> TW,https://music.apple.com/tw/album/%E5%85%89%E5%90%88%E4%BD%9C%E7%94%A8/1215227482?i=1215227887&uo=4
itunes_1215227927,田園輕爵士,董運昌,咖啡廳最愛播的 Jazz & Bossa Nova 放鬆純音樂,TW,china,itunes,巴薩諾瓦,巴薩諾瓦,木吉他撥弦如午後微風拂過稻田，巴薩諾瓦節奏輕快卻不急躁，適合咖啡廳角落獨坐或窗邊閱讀時播放，二〇〇〇年代初的台式都會休閒氣息瀰漫其中。,Taiwan,TW,artist_origin_hint,TW,confirmed_china_family,artist override or known artist origin -> TW,https://music.apple.com/tw/album/%E7%94%B0%E5%9C%92%E8%BC%95%E7%88%B5%E5%A3%AB/1215227482?i=1215227927&uo=4
itunes_1819012523,This Chilly Moment,Cafe Music BGM Channel,Chill Jazz,TW,china,itunes,抒情爵士,抒情爵士,柔和钢琴与慵懒萨克斯交织成深夜咖啡馆的私密氛围，节奏舒缓如烛火摇曳，适合独处阅读或雨夜小酌时静静流淌。,Japan,JP,artist_origin_hint,TW,corrected_to_other_country,artist override or known artist origin -> JP,https://music.apple.com/tw/album/this-chilly-moment/1819012392?i=1819012523&uo=4
itunes_720529449,Appassionata,小野麗莎,Ono Lisa Best 2002-2006,TW,china,itunes,美聲爵士,美聲爵士,温暖醇厚的女聲輕撫耳畔，爵士標準曲以慵懶波薩節奏緩緩流淌，鋼琴與絃樂交織出都會夜晚的柔光，適合獨酌或深夜獨處時細細品味。,Japan,JP,artist_origin_hint,TW,corrected_to_other_country,artist override or known artist origin -> JP,https://music.apple.com/tw/album/appassionata/720528877?i=720529449&uo=4
itunes_727497669,My Boy,小野麗莎,Jambalaya - Bossa Americana,TW,china,itunes,美聲爵士,美聲爵士,慵懒午后的一杯冰咖啡，小野麗莎以温润醇厚的嗓音轻吟《My Boy》，吉他拨弦如热带微风拂过，贝斯线条松弛摇曳。这张专辑将美式经典旋律浸染于巴萨诺瓦的慵懒节拍中，适合阳光斜照的窗边独处，或深夜低回时的温柔陪伴。,Japan,JP,artist_origin_hint,TW,corrected_to_other_country,artist override or known artist origin -> JP,https://music.apple.com/tw/album/my-boy/727497256?i=727497669&uo=4
itunes_522225906,New Soul,Renee & Jeremy,A Little Love,TW,china,itunes,兒童音樂,兒童音樂,轻柔吉他拨弦搭配男女声温暖合唱，这首儿童民谣以简单真挚的旋律营造午后阳光般的恬静氛围，适合亲子共读或睡前聆听，传递 uncomplicated 的温柔与爱意。,United States,US,artist_origin_hint,TW,corrected_to_other_country,artist override or known artist origin -> US,https://music.apple.com/tw/album/new-soul/522225789?i=522225906&uo=4
itunes_1215227882,HAPPY WAY,董運昌,咖啡廳最愛播的 Jazz & Bossa Nova 放鬆純音樂,TW,china,itunes,巴薩諾瓦,巴薩諾瓦,輕快的尼龍弦吉他撥弦如午後陽光灑落，帶著巴西巴薩諾瓦的慵懶節拍，適合咖啡香氤氳的獨處時光或窗邊閱讀，讓思緒隨弦聲悠然漫遊。,Taiwan,TW,artist_origin_hint,TW,confirmed_china_family,artist override or known artist origin -> TW,https://music.apple.com/tw/album/happy-way/1215227482?i=1215227882&uo=4
itunes_1215227884,龍舌蘭日出,欣暐,咖啡廳最愛播的 Jazz & Bossa Nova 放鬆純音樂,TW,china,itunes,巴薩諾瓦,巴薩諾瓦,輕柔的尼龍弦吉他撥出慵懶節奏，搭配沙鈴與低音提琴的溫潤襯底，這首巴薩諾瓦改編曲如晨光穿透落地窗，適合週末午後獨處閱讀或咖啡廳背景流轉。欣暐的演繹保留了原曲的熱帶情調，卻以更內斂的台灣都會氣息重新暈染。,Brazil,BR,genre_or_metadata_hint,TW,corrected_to_other_country,genre/label/tags/description evidence -> BR,https://music.apple.com/tw/album/%E9%BE%8D%E8%88%8C%E8%98%AD%E6%97%A5%E5%87%BA/1215227482?i=1215227884&uo=4
itunes_1215227922,爵士哈力克,李欣芸,咖啡廳最愛播的 Jazz & Bossa Nova 放鬆純音樂,TW,china,itunes,巴薩諾瓦,巴薩諾瓦,輕柔的尼龍弦吉他與慵懶的打擊樂交織，李欣芸以細膩編曲勾勒出一杯午後咖啡的溫度。這首帶有巴薩諾瓦氣息的器樂小品，適合獨處閱讀或窗邊發呆時靜靜流淌，讓2000年代台灣都會的優雅閒適自然瀰漫。,Taiwan,TW,artist_origin_hint,TW,confirmed_china_family,artist override or known artist origin -> TW,https://music.apple.com/tw/album/%E7%88%B5%E5%A3%AB%E5%93%88%E5%8A%9B%E5%85%8B/1215227482?i=1215227922&uo=4
itunes_720529532,Malaika,小野麗莎,Ono Lisa Best 2002-2006,TW,china,itunes,美聲爵士,美聲爵士,小野麗莎以溫潤嗓音重新詮釋這首東非經典，輕柔的波薩諾瓦吉他與爵士鋼琴交織，營造出午後陽光灑落的慵懶氛圍，適合獨處閱讀或淺酌時細細品味這份跨洋的優雅情調。,Japan,JP,artist_origin_hint,TW,corrected_to_other_country,artist override or known artist origin -> JP,https://music.apple.com/tw/album/malaika/720528877?i=720529532&uo=4
itunes_720529434,'O sole mio,小野麗莎,Ono Lisa Best 2002-2006,TW,china,itunes,美聲爵士,美聲爵士,温暖慵懒的女声轻抚过经典拿坡里旋律，爵士钢琴与弦乐如午后阳光般洒落，适合独处时品一杯红酒，让南欧风情在空气中缓缓流淌。,Japan,JP,artist_origin_hint,TW,corrected_to_other_country,artist override or known artist origin -> JP,https://music.apple.com/tw/album/o-sole-mio/720528877?i=720529434&uo=4
itunes_545596722,Sometimes When We Touch,王儷婷,Best of Olivia,TW,china,itunes,美聲爵士,美聲爵士,王儷婷以清透柔美的嗓音重新詮釋這首經典情歌，鋼琴與弦樂鋪陳出細膩的爵士氛圍，適合深夜獨處或燭光晚餐時靜靜聆聽。,Singapore,SG,artist_origin_hint,TW,corrected_to_other_country,artist override or known artist origin -> SG,https://music.apple.com/tw/album/sometimes-when-we-touch/545596720?i=545596722&uo=4
itunes_1215227924,LOVE,欣暐,咖啡廳最愛播的 Jazz & Bossa Nova 放鬆純音樂,TW,china,itunes,巴薩諾瓦,巴薩諾瓦,輕柔的吉他撥弦與慵懶的節奏交織，這首巴薩諾瓦風格的純音樂適合午後咖啡時光，木質音色溫潤細膩，帶有都會沙龍的優雅閒適，讓人自然放鬆呼吸。,Brazil,BR,genre_or_metadata_hint,TW,corrected_to_other_country,genre/label/tags/description evidence -> BR,https://music.apple.com/tw/album/love/1215227482?i=1215227924&uo=4
itunes_1215227921,第33個街角,董運昌,咖啡廳最愛播的 Jazz & Bossa Nova 放鬆純音樂,TW,china,itunes,巴薩諾瓦,巴薩諾瓦,木吉他輕撥出慵懶旋律，帶著巴薩諾瓦的輕擺節奏，像午後陽光斜落咖啡廳窗邊，適合獨處閱讀或放空發呆的時刻。,Taiwan,TW,artist_origin_hint,TW,confirmed_china_family,artist override or known artist origin -> TW,https://music.apple.com/tw/album/%E7%AC%AC33%E5%80%8B%E8%A1%97%E8%A7%92/1215227482?i=1215227921&uo=4
itunes_1215227925,瑪奇朵飄浮,王雁盟,咖啡廳最愛播的 Jazz & Bossa Nova 放鬆純音樂,TW,china,itunes,巴薩諾瓦,巴薩諾瓦,輕巧的鋼琴與吉他交織出慵懶午後的氛圍，巴薩諾瓦節奏如奶泡般綿密起伏，適合獨坐窗邊、伴著咖啡香氣緩緩流淌的獨處時光。,Brazil,BR,genre_or_metadata_hint,TW,corrected_to_other_country,genre/label/tags/description evidence -> BR,https://music.apple.com/tw/album/%E7%91%AA%E5%A5%87%E6%9C%B5%E9%A3%84%E6%B5%AE/1215227482?i=1215227925&uo=4
itunes_1215227889,晚安太陽,以莉·高露,咖啡廳最愛播的 Jazz & Bossa Nova 放鬆純音樂,TW,china,itunes,當代歌手/歌曲作者,當代歌手/歌曲作者,以莉·高露以溫潤嗓音輕撫這首夜晚小品，鋼琴與吉他交織出慵懶的當代民謠氛圍，適合咖啡餘香中獨處沉思，讓落日餘韻緩緩沉澱成心底的平靜。,Taiwan,TW,artist_origin_hint,TW,confirmed_china_family,artist override or known artist origin -> TW,https://music.apple.com/tw/album/%E6%99%9A%E5%AE%89%E5%A4%AA%E9%99%BD/1215227482?i=1215227889&uo=4
itunes_720530102,My Boy,小野麗莎,Ono Lisa Best 2002-2006,TW,china,itunes,美聲爵士,美聲爵士,小野麗莎以溫潤嗓音輕撫這首美聲爵士小品，鋼琴與弦樂交織出都會夜晚的慵懶氛圍，適合獨處時細細品味那份成熟而內斂的情感流動。,Japan,JP,artist_origin_hint,TW,corrected_to_other_country,artist override or known artist origin -> JP,https://music.apple.com/tw/album/my-boy/720528877?i=720530102&uo=4
itunes_1215227890,結實纍纍的稻穗,以莉·高露,咖啡廳最愛播的 Jazz & Bossa Nova 放鬆純音樂,TW,china,itunes,當代歌手/歌曲作者,當代歌手/歌曲作者,以莉·高露的嗓音溫潤如午後陽光，輕撫過結實纍纍的稻穗。這首作品散發著都市民謠與爵士咖啡香的慵懶氣息，木吉他與輕柔人聲交織出田園與城市交錯的畫面，適合獨處閱讀或窗邊發呆時細細品味。,Taiwan,TW,artist_origin_hint,TW,confirmed_china_family,artist override or known artist origin -> TW,https://music.apple.com/tw/album/%E7%B5%90%E5%AF%A6%E7%BA%8D%E7%BA%8D%E7%9A%84%E7%A8%BB%E7%A9%97/1215227482?i=1215227890&uo=4
itunes_1819012527,Something Really Good,Cafe Music BGM Channel,Chill Jazz,TW,china,itunes,抒情爵士,抒情爵士,轻柔钢琴与低音提琴交织出午后咖啡馆的慵懒氛围，萨克斯风偶尔飘过，像阳光穿透百叶窗的碎影。适合阅读、独处或雨天窗边的一杯热饮，让时间缓慢流动。,Japan,JP,artist_origin_hint,TW,corrected_to_other_country,artist override or known artist origin -> JP,https://music.apple.com/tw/album/something-really-good/1819012392?i=1819012527&uo=4
itunes_1439996186,STUDY Café,Cafe Music BGM Channel,STUDY Café ~Jazz & Bossa Nova~,TW,china,itunes,爵士樂,爵士樂,轻快的爵士吉他拨弦与慵懒的巴萨诺瓦节奏交织，钢琴点缀其间，营造出温暖而不喧嚣的咖啡馆氛围。适合午后阅读、专注工作或深夜独处时播放，让思绪在舒缓的旋律中自然流淌。,Japan,JP,artist_origin_hint,TW,corrected_to_other_country,artist override or known artist origin -> JP,https://music.apple.com/tw/album/study-caf%C3%A9/1439996176?i=1439996186&uo=4
itunes_1215227926,微醺的步態,王雁盟,咖啡廳最愛播的 Jazz & Bossa Nova 放鬆純音樂,TW,china,itunes,巴薩諾瓦,巴薩諾瓦,輕柔的巴薩諾瓦節奏如午後陽光灑落，鋼琴與吉他交織出慵懶而優雅的旋律，適合咖啡香氤氳的獨處時光，讓腳步與心事一同微醺搖曳。,Brazil,BR,genre_or_metadata_hint,TW,corrected_to_other_country,genre/label/tags/description evidence -> BR,https://music.apple.com/tw/album/%E5%BE%AE%E9%86%BA%E7%9A%84%E6%AD%A5%E6%85%8B/1215227482?i=1215227926&uo=4
itunes_720529605,Naima,小野麗莎,Ono Lisa Best 2002-2006,TW,china,itunes,美聲爵士,美聲爵士,小野麗莎以溫潤嗓音重新演繹這首經典，輕柔的波薩諾瓦節拍搭配爵士鋼琴與絃樂，營造出午後陽光灑落窗邊的慵懶氛圍，適合獨處閱讀或深夜小酌時靜靜聆聽。,Japan,JP,artist_origin_hint,TW,corrected_to_other_country,artist override or known artist origin -> JP,https://music.apple.com/tw/album/naima/720528877?i=720529605&uo=4
itunes_720530103,Fascinação,小野麗莎,Ono Lisa Best 2002-2006,TW,china,itunes,美聲爵士,美聲爵士,慵懒醇厚的女声轻抚着经典爵士旋律，钢琴与弦乐交织出南欧午后的温暖光影，适合独酌或深夜窗边的静谧时刻。,Japan,JP,artist_origin_hint,TW,corrected_to_other_country,artist override or known artist origin -> JP,https://music.apple.com/tw/album/fascina%C3%A7%C3%A3o/720528877?i=720530103&uo=4
itunes_720529946,Canción para Santiago de Cuba,小野麗莎,Ono Lisa Best 2002-2006,TW,china,itunes,美聲爵士,美聲爵士,小野麗莎以溫潤嗓音演繹這首古巴風情曲目，輕快的拉丁節奏搭配爵士編曲，吉他與打擊樂交織出慵懶而明亮的夏日氛圍，適合午後咖啡時光或微醺夜晚獨酌聆聽。,Japan,JP,artist_origin_hint,TW,corrected_to_other_country,artist override or known artist origin -> JP,https://music.apple.com/tw/album/canci%C3%B3n-para-santiago-de-cuba/720528877?i=720529946&uo=4
itunes_267755444,イパネマの娘,小野麗莎,"The music of Antonio Carlos Jobim ""IPANEMA""",TW,china,itunes,爵士樂,爵士樂,輕柔的爵士旋律如午後海風拂過伊帕內瑪沙灘，小野麗莎以慵懶溫潤的嗓音，將波薩諾瓦的異國情調化作耳邊私語。吉他與鋼琴交織出2000年代都會夜晚的優雅底色，適合獨酌或燭光搖曳的慢時光。,Japan,JP,artist_origin_hint,TW,corrected_to_other_country,artist override or known artist origin -> JP,https://music.apple.com/tw/album/%E3%82%A4%E3%83%91%E3%83%8D%E3%83%9E%E3%81%AE%E5%A8%98/267755433?i=267755444&uo=4
itunes_1215227928,那不勒斯藍色夜,董運昌,咖啡廳最愛播的 Jazz & Bossa Nova 放鬆純音樂,TW,china,itunes,巴薩諾瓦,巴薩諾瓦,董運昌以尼龍弦吉他勾勒出慵懶的巴薩諾瓦輪廓，如月光灑落那不勒斯灣的粼粼波光。適合深夜獨酌、咖啡餘溫未散時，讓思緒隨著輕巧的切分節拍緩緩漂遊。,Taiwan,TW,artist_origin_hint,TW,confirmed_china_family,artist override or known artist origin -> TW,https://music.apple.com/tw/album/%E9%82%A3%E4%B8%8D%E5%8B%92%E6%96%AF%E8%97%8D%E8%89%B2%E5%A4%9C/1215227482?i=1215227928&uo=4
itunes_1320693447,SNOW (feat. Lee Moon Sae),Zion.T,SNOW (feat. Lee Moon Sae) - Single,TW,china,itunes,爵士樂,爵士樂,冬夜细雪飘落，Zion.T慵懒声线与李文世醇厚嗓音交织，爵士钢琴与轻柔电子节拍铺陈出都会浪漫。适合深夜独酌、车窗起雾时聆听，是华语乐坛少见的跨世代温柔对唱。,South Korea,KR,artist_origin_hint,TW,corrected_to_other_country,artist override or known artist origin -> KR,https://music.apple.com/tw/album/snow-feat-lee-moon-sae/1320693320?i=1320693447&uo=4
itunes_259110898,(Sittin' On) The Dock Of The Bay,小野麗莎,SOUL & BOSSA,TW,china,itunes,世界音樂,世界音樂,慵懶午後的陽光灑落窗邊，小野麗莎以輕柔氣聲重新詮釋這首靈魂經典，木吉他與沙鈴交織出巴西森巴的慵懶節拍，適合獨處時配一杯咖啡，任思緒隨海風緩緩漂遊。,Japan,JP,artist_origin_hint,TW,corrected_to_other_country,artist override or known artist origin -> JP,https://music.apple.com/tw/album/sittin-on-the-dock-of-the-bay/259110462?i=259110898&uo=4
itunes_720530174,What's Going On,小野麗莎,Ono Lisa Best 2002-2006,TW,china,itunes,美聲爵士,美聲爵士,溫暖醇厚的女聲輕撥心弦，以慵懶優雅的波薩諾瓦節奏重新詮釋經典，吉他與輕柔弦樂交織出午後陽光般的愜意，適合獨處品茗或深夜放空時靜靜聆聽。,Japan,JP,artist_origin_hint,TW,corrected_to_other_country,artist override or known artist origin -> JP,https://music.apple.com/tw/album/whats-going-on/720528877?i=720530174&uo=4
itunes_720498044,Samba de Verao,小野麗莎,Bossa Carioca,TW,china,itunes,拉丁音樂,拉丁音樂,輕柔吉他撥弦伴隨慵懶人聲，夏日海風般的巴西波薩諾瓦韻味，適合午後窗邊獨飲咖啡或黃昏漫步時靜靜聆聽。,Japan,JP,artist_origin_hint,TW,corrected_to_other_country,artist override or known artist origin -> JP,https://music.apple.com/tw/album/samba-de-verao/720497816?i=720498044&uo=4
itunes_720529616,Quizás Quizás Quizás,小野麗莎,Ono Lisa Best 2002-2006,TW,china,itunes,美聲爵士,美聲爵士,輕柔的波薩諾瓦吉他撥弦襯著慵懶的嗓音，將這首經典拉丁情歌染上東方午後的溫暖色調。適合雨天窗邊獨飲，或深夜燈下翻閱舊相冊時靜靜播放。,Japan,JP,artist_origin_hint,TW,corrected_to_other_country,artist override or known artist origin -> JP,https://music.apple.com/tw/album/quiz%C3%A1s-quiz%C3%A1s-quiz%C3%A1s/720528877?i=720529616&uo=4
itunes_1440807352,The Look of Love,戴安娜克瑞兒,The Look of Love,TW,china,itunes,爵士樂,爵士樂,戴安娜克瑞兒以溫潤嗓音演繹這首經典爵士標準曲，鋼琴與低音提琴交織出慵懶夜吧氛圍，適合燭光晚餐或深夜獨酌時細細品味，2021年錄音室版本呈現成熟優雅的當代爵士風情。,Canada,CA,artist_origin_hint,TW,corrected_to_other_country,artist override or known artist origin -> CA,https://music.apple.com/tw/album/the-look-of-love/1440806486?i=1440807352&uo=4
itunes_1532170577,betty (Live from the 2020 Academy of Country Music Awards),Taylor Swift,betty (Live from the 2020 Academy of Country Music Awards) - Single,CN,china,itunes,另类音乐,另类音乐,一把原声吉他开场，泰勒·斯威夫特以略带沙哑的嗓音娓娓道来，乡村民谣的质朴框架里藏着青春期未说出口的歉意与 longing。现场录制的人声呼吸与弦乐摩擦清晰可闻，适合深夜独处或长途车窗外的风景流动时聆听。,United States,US,artist_origin_hint,CN,corrected_to_other_country,artist override or known artist origin -> US,https://music.apple.com/cn/album/betty-live-from-the-2020-academy-of-country-music-awards/1532170566?i=1532170577&uo=4
itunes_1553937695,Drunk (And I Don't Wanna Go Home),Elle King & Miranda Lambert,Drunk (And I Don't Wanna Go Home) - Single,CN,china,itunes,另类音乐,另类音乐,这首单曲以另类音乐为底色，吉他与鼓点交织出随性不羁的南方摇滚气质，两位女声碰撞出微醺又畅快的化学反应。适合深夜公路、好友聚会或任何不想回家的时刻，让酒精与旋律一同在空气里发酵。,United States,US,artist_origin_hint,CN,corrected_to_other_country,artist override or known artist origin -> US,https://music.apple.com/cn/album/drunk-and-i-dont-wanna-go-home/1553937690?i=1553937695&uo=4
itunes_1445942119,Enchanted,Taylor Swift,Speak Now (Big Machine Radio Release Special),CN,china,itunes,乡村,乡村,梦幻般的吉他拨弦与层层推进的弦乐交织，营造出童话般的浪漫氛围。清透的嗓音在副歌处绽放出少女心事般的悸动，适合深夜独处或雨天窗边的沉浸式聆听，一首典型的2010年代乡村流行抒情曲。,United States,US,artist_origin_hint,CN,corrected_to_other_country,artist override or known artist origin -> US,https://music.apple.com/cn/album/enchanted/1445941811?i=1445942119&uo=4
itunes_1561759311,Bed on Fire,Teddy Swims,Bed on Fire - Single,CN,china,itunes,国际流行,国际流行,浑厚嗓音在深夜缓缓铺展，钢琴与电子节拍交织成一片暧昧的暖色。适合独处时反复聆听，让情绪随旋律慢慢沉淀。,United States,US,artist_origin_hint,CN,corrected_to_other_country,artist override or known artist origin -> US,https://music.apple.com/cn/album/bed-on-fire/1561759310?i=1561759311&uo=4
itunes_1445941820,Back To December,Taylor Swift,Speak Now (Big Machine Radio Release Special),CN,china,itunes,乡村,乡村,钢琴与弦乐铺陈出冬日般的清冷底色，女声以叙事口吻回溯一段带着歉意的感情。乡村流行框架下，副歌层层推进的编曲适合独处时聆听，2010年代初的抒情质感在黄昏或雨夜尤为贴切。,United States,US,artist_origin_hint,CN,corrected_to_other_country,artist override or known artist origin -> US,https://music.apple.com/cn/album/back-to-december/1445941811?i=1445941820&uo=4
itunes_1547315991,"no body, no crime (feat. HAIM)",Taylor Swift,evermore (deluxe version),CN,china,itunes,另类音乐,另类音乐,这是一首以悬疑叙事铺陈的另类民谣摇滚曲目，口琴与贝斯线交织出冷冽的夜色氛围，三人女声交替推进复仇剧情，适合冬夜独处或公路夜行时聆听，霉霉的民谣转型期中极具电影感的一章。,United States,US,artist_origin_hint,CN,corrected_to_other_country,artist override or known artist origin -> US,https://music.apple.com/cn/album/no-body-no-crime-feat-haim/1547315522?i=1547315991&uo=4
itunes_1532357211,betty (Live from the 2020 Academy of Country Music Awards),Taylor Swift,folklore: the yeah I showed up at your party chapter - EP,CN,china,itunes,另类音乐,另类音乐,一把木吉他开场， Taylor Swift 以略带沙哑的嗓音娓娓道来三角恋情中的少年心事。现场版保留了民谣的质朴肌理，弦乐铺陈克制而温暖，适合深夜独处时回放，仿佛旧友在炉火旁轻声倾诉遗憾与和解。,United States,US,artist_origin_hint,CN,corrected_to_other_country,artist override or known artist origin -> US,https://music.apple.com/cn/album/betty-live-from-the-2020-academy-of-country-music-awards/1532357210?i=1532357211&uo=4
itunes_883007598,乡村路,Yoko Honna,心之谷 动画电影原声带,CN,china,itunes,原创音乐,原创音乐,清澈女声伴着简约吉他线条，勾勒出九十年代日式动画原声特有的温柔底色。适合独处午后或夜读时分，让旋律如乡间小路般缓缓延展。,Japan,JP,genre_or_metadata_hint,CN,corrected_to_other_country,genre/label/tags/description evidence -> JP,https://music.apple.com/cn/album/%E4%B9%A1%E6%9D%91%E8%B7%AF/883007479?i=883007598&uo=4
itunes_1440493770,Mine (POP Mix),Taylor Swift,Speak Now,CN,china,itunes,乡村,乡村,轻快的吉他拨弦搭配明亮的流行节拍，这首歌以通透的嗓音诉说少女心事，乡村底色与流行编曲交融，适合午后窗边独处或公路旅行时循环播放，带着2010年代初的清新质感。,United States,US,artist_origin_hint,CN,corrected_to_other_country,artist override or known artist origin -> US,https://music.apple.com/cn/album/mine-pop-mix/1440493756?i=1440493770&uo=4
itunes_1440873763,Holy Ground,Taylor Swift,Red (Deluxe Version),CN,china,itunes,乡村,乡村,明亮鼓点与电吉他交织出跃动感，女声以洒脱姿态穿行于回忆与释然之间。适合驾车远行或傍晚独处的时刻，在流行与乡村的交界地带铺展一片开阔地带，让心绪随节奏一同扬尘而起。,United States,US,artist_origin_hint,CN,corrected_to_other_country,artist override or known artist origin -> US,https://music.apple.com/cn/album/holy-ground/1440873509?i=1440873763&uo=4
itunes_1552792323,That’s When (Taylor’s Version) [From The Vault] [feat. Keith Urban],Taylor Swift,Fearless (Taylor's Version),CN,china,itunes,乡村,乡村,清亮的原声吉他铺陈出青涩的叙事底色，泰勒·斯威夫特与凯斯·厄本的声音交织成一段跨越时光的乡村流行对唱。轻柔的班卓琴点缀其间，适合午后独处或公路旅行时聆听，唤起关于成长与释怀的温柔回响。,United States,US,artist_origin_hint,CN,corrected_to_other_country,artist override or known artist origin -> US,https://music.apple.com/cn/album/thats-when-taylors-version-from-the-vault-feat-keith-urban/1552791073?i=1552792323&uo=4
itunes_1442652642,Highway Don't Care (feat. Taylor Swift & Keith Urban),Tim McGraw,Two Lanes of Freedom (Accelerated Deluxe Version),CN,china,itunes,乡村,乡村,这首公路情歌以乡村摇滚为基底，电吉他扫弦铺陈开阔感，男女声线交织出张力十足的对话感。泰勒·斯威夫特的清亮嗓音与蒂姆·麦格罗的沉稳低吟形成冷暖碰撞，基思·厄本的吉他点缀增添霓虹夜色般的迷离。适合长途驾驶时播放，引擎轰鸣中与副歌的澎湃情绪一同释放。,United States,US,artist_origin_hint,CN,corrected_to_other_country,artist override or known artist origin -> US,https://music.apple.com/cn/album/highway-dont-care-feat-taylor-swift-keith-urban/1442652210?i=1442652642&uo=4
itunes_1687005657,Life Goes On (feat. Luke Combs),Ed Sheeran,Life Goes On (feat. Luke Combs) - Single,CN,china,itunes,国际流行,国际流行,这首单曲以温润木吉他铺底，Ed Sheeran 标志性的叙事唱腔与 Luke Combs 沙哑乡村嗓交织，中西合璧的流行框架下流淌着释然与前行之力，适合驾车远行或深夜独处时聆听。,United Kingdom,GB,artist_origin_hint,CN,corrected_to_other_country,artist override or known artist origin -> GB,https://music.apple.com/cn/album/life-goes-on-feat-luke-combs/1687005652?i=1687005657&uo=4
itunes_1552791777,The Best Day (Taylor’s Version),Taylor Swift,Fearless (Taylor's Version),CN,china,itunes,乡村,乡村,清澈木吉他铺陈出温暖底色，弦乐渐起时回忆如潮水漫溢。这是一首适合午后窗边独听的乡村民谣，泰勒·斯威夫特以重新录制的嗓音将年少心事娓娓道来，班卓琴点缀其间，让怀旧情绪在阳光下泛出柔和光泽。,United States,US,artist_origin_hint,CN,corrected_to_other_country,artist override or known artist origin -> US,https://music.apple.com/cn/album/the-best-day-taylors-version/1552791073?i=1552791777&uo=4
itunes_1552792508,Don’t You (Taylor’s Version) [From The Vault],Taylor Swift,Fearless (Taylor's Version),CN,china,itunes,乡村,乡村,清亮的原声吉他铺陈出青涩的叙事底色，弦乐渐起时情绪层层舒展。这首作品带着2000年代末乡村流行的纯真质感，适合午后独处或公路旅行时聆听，回望那些未曾说出口的悸动与遗憾。,United States,US,artist_origin_hint,CN,corrected_to_other_country,artist override or known artist origin -> US,https://music.apple.com/cn/album/dont-you-taylors-version-from-the-vault/1552791073?i=1552792508&uo=4
itunes_1440494116,Last Kiss,Taylor Swift,Speak Now,CN,china,itunes,乡村,乡村,这首作品以钢琴与弦乐铺陈出绵长忧伤，吉他拨弦点缀其间，人声叙事如日记般私密。适合深夜独处时聆听，让未尽的告别在旋律中缓缓沉降。,United States,US,artist_origin_hint,CN,corrected_to_other_country,artist override or known artist origin -> US,https://music.apple.com/cn/album/last-kiss/1440493756?i=1440494116&uo=4
itunes_1440873513,Treacherous,Taylor Swift,Red (Deluxe Version),CN,china,itunes,乡村,乡村,一把原声吉他缓缓铺开，弦乐如丝绒般层层包裹，Taylor Swift 的声线在克制与涌动之间游走。这首收录于《Red》的曲目将乡村根基与流行张力熔于一炉，适合深夜独处时反复聆听，让情绪随渐强的鼓点缓缓漫溢。,United States,US,artist_origin_hint,CN,corrected_to_other_country,artist override or known artist origin -> US,https://music.apple.com/cn/album/treacherous/1440873509?i=1440873513&uo=4
itunes_1440670789,Fearless,Taylor Swift,Fearless (Platinum Edition),CN,china,itunes,国际流行,国际流行,清亮的原声吉他铺底，弦乐渐起时带着少年人横冲直撞的莽撞与真挚。这首歌像是夏末傍晚摇下车窗的高速公路，适合独自赶路时循环，让十六岁的勇气重新灌满胸腔。国际流行，2008年。,United States,US,artist_origin_hint,CN,corrected_to_other_country,artist override or known artist origin -> US,https://music.apple.com/cn/album/fearless/1440670509?i=1440670789&uo=4
itunes_910479161,Five Hundred Miles,The Journeymen,"America, Vol. 10: Country - The Folk Revival Revolution",CN,china,itunes,唱作歌手,唱作歌手,两把木吉他交织出质朴的民谣底色，三部和声清澈如远行者的回望。适合深夜独饮或公路漂泊时轻声跟唱，让乡愁随车轮缓缓流淌。,United States,US,artist_origin_hint,CN,corrected_to_other_country,artist override or known artist origin -> US,https://music.apple.com/cn/album/five-hundred-miles/910478910?i=910479161&uo=4
itunes_1445741593,If I Die Young,The Band Perry,The Band Perry,CN,china,itunes,乡村,乡村,清透的班卓琴与木吉他交织出美国乡村民谣的质朴底色，女声吟唱带着淡淡的忧伤与诗意，适合独处午后或深夜行车时静静聆听，让旋律中的温柔叙事缓缓流淌。,United States,US,artist_origin_hint,CN,corrected_to_other_country,artist override or known artist origin -> US,https://music.apple.com/cn/album/if-i-die-young/1445741146?i=1445741593&uo=4
itunes_216663961,I Want to Know What Love Is,Foreigner,Agent Provocateur,SG,china,itunes,Rock,Rock,合成器铺底与电吉他交织出八十年代摇滚的宏大叙事，福音合唱团将副歌推向情感巅峰，适合深夜独处时重温经典旋律。,Singapore,SG,itunes_storefront,SG,corrected_to_other_country,non-China iTunes storefront retained -> SG,https://music.apple.com/sg/album/i-want-to-know-what-love-is/216663946?i=216663961&uo=4
itunes_1171665374,我曾用心爱着你,Eagle Pan,那些年那些歌,SG,china,itunes,Mandopop,Mandopop,深情款款的华语金曲，钢琴与弦乐铺陈出九十年代的怀旧底色，醇厚男声将痴缠心事娓娓道来。适合独处夜窗或旧友重逢时静静聆听，让旋律牵出一段未曾褪色的情感记忆。,China,CN,genre_or_metadata_hint,SG,confirmed_china_family,genre/label/tags/description evidence -> CN,https://music.apple.com/sg/album/%E6%88%91%E6%9B%BE%E7%94%A8%E5%BF%83%E7%88%B1%E7%9D%80%E4%BD%A0/1171665173?i=1171665374&uo=4
itunes_1148701808,Against All Odds (Take a Look at Me Now),Phil Collins,The Singles (Deluxe Edition),SG,china,itunes,Rock,Rock,钢琴前奏如深夜独白缓缓铺展，Phil Collins沙哑嗓音承载着八十年代的抒情摇滚重量，合成器与鼓点交织出都市霓虹下的孤独回响，适合雨夜车窗旁或旧唱片机前的独自沉溺。,Singapore,SG,itunes_storefront,SG,corrected_to_other_country,non-China iTunes storefront retained -> SG,https://music.apple.com/sg/album/against-all-odds-take-a-look-at-me-now/1148701635?i=1148701808&uo=4
itunes_576982130,Taman Rashidah Utama,Wings,Hukum Karma,SG,china,itunes,Malaysian Pop,Malaysian Pop,九十年代初南洋流行摇滚之声，电吉他铺陈激昂旋律，鼓点扎实推进，人声高亢富感染力。适合公路驰骋或深夜独酌时聆听，重温马来半岛黄金年代的炽热情怀。,Malaysia,MY,genre_or_metadata_hint,SG,corrected_to_other_country,genre/label/tags/description evidence -> MY,https://music.apple.com/sg/album/taman-rashidah-utama/576982038?i=576982130&uo=4
itunes_1077243298,細水長流 (feat. 劉瑞政 & 王邦吉),Liang Wern-Fook,好與不好之外,SG,china,itunes,Oldies,Oldies,温润男声与和声交织，钢琴与弦乐铺陈出九十年代华语抒情底色。慢板旋律如细流缓淌，适合独处静夜或怀旧时分轻声跟唱。,China,CN,genre_or_metadata_hint,SG,confirmed_china_family,genre/label/tags/description evidence -> CN,https://music.apple.com/sg/album/%E7%B4%B0%E6%B0%B4%E9%95%B7%E6%B5%81-feat-%E5%8A%89%E7%91%9E%E6%94%BF-%E7%8E%8B%E9%82%A6%E5%90%89/1077242826?i=1077243298&uo=4
itunes_28458031,Hard to Say I'm Sorry / Get Away,Chicago,The Very Best of Chicago: Only the Beginning,SG,china,itunes,Rock,Rock,柔和钢琴前奏缓缓铺陈，继而汇入饱满合成器与萨克斯风交织的八十年代摇滚声景，双主歌结构在抒情慢板与轻快舞曲节奏间流转，适合深夜独处或驾车漫游时聆听。,Singapore,SG,itunes_storefront,SG,corrected_to_other_country,non-China iTunes storefront retained -> SG,https://music.apple.com/sg/album/hard-to-say-im-sorry-get-away/28457957?i=28458031&uo=4
itunes_298563594,Even the Nights Are Better,Air Supply,Now and Forever,SG,china,itunes,Pop,Pop,柔和钢琴与合成器铺底，双主唱以高亢和声层层推进，八十年代流行摇滚的抒情张力贯穿全曲。适合深夜独处或车窗雨景时聆听，霓虹余晖般的温暖中带着一丝都市孤寂。,Singapore,SG,itunes_storefront,SG,corrected_to_other_country,non-China iTunes storefront retained -> SG,https://music.apple.com/sg/album/even-the-nights-are-better/298563587?i=298563594&uo=4
itunes_258594394,Songbird,Kenny G,Kenny G: Greatest Hits,SG,china,itunes,Jazz,Jazz,一曲清亮柔美的萨克斯风独奏，旋律如晨光中展翅的飞鸟，轻盈地盘旋上升。爵士乐基底上流淌着流行化的抒情线条，适合独处品茗或深夜放空时聆听，让紧绷的神经随气息绵长的乐句缓缓舒展。,Singapore,SG,itunes_storefront,SG,corrected_to_other_country,non-China iTunes storefront retained -> SG,https://music.apple.com/sg/album/songbird/258594303?i=258594394&uo=4
itunes_913765101,Lost in Love,Air Supply,Lost in Love,SG,china,itunes,Pop,Pop,柔和的男声二重唱在合成器铺底与清亮的吉他旋律中缓缓流淌，七十年代末流行摇滚的抒情质感扑面而来。适合深夜独处或驾车穿行城市灯火时聆听，让绵长的思念随副歌层层堆叠，漫过心岸。,Singapore,SG,itunes_storefront,SG,corrected_to_other_country,non-China iTunes storefront retained -> SG,https://music.apple.com/sg/album/lost-in-love/913765043?i=913765101&uo=4
itunes_714953097,Hands to Heaven,Breathe,All That Jazz,SG,china,itunes,Rock,Rock,八十年代末的抒情摇滚金曲，以清亮的合成器铺底搭配富有张力的吉他线条，营造出都市夜色的浪漫氛围。适合驾车夜游或独处时聆听，副歌部分的人声和声尤其令人沉醉。,Singapore,SG,itunes_storefront,SG,corrected_to_other_country,non-China iTunes storefront retained -> SG,https://music.apple.com/sg/album/hands-to-heaven/714953005?i=714953097&uo=4
itunes_185716601,Rosanna,Toto,Toto IV,SG,china,itunes,Rock,Rock,明亮键盘与精准鼓点交织，Toto 这首八零年代摇滚金曲以流畅律动感著称，适合驾车驰骋或夜晚放松时聆听，萨克斯风点缀更添都市浪漫气息。,Singapore,SG,itunes_storefront,SG,corrected_to_other_country,non-China iTunes storefront retained -> SG,https://music.apple.com/sg/album/rosanna/185716551?i=185716601&uo=4
itunes_576982043,Misteri Mimpi Syakila,Wings,Hukum Karma,SG,china,itunes,Malaysian Pop,Malaysian Pop,九十年代初南洋流行摇滚，电吉他铺陈浓烈氛围，鼓点沉稳推进，人声充满戏剧张力。适合深夜独处时沉浸于复古情怀，感受热带都市的忧郁与炽热交织。,Malaysia,MY,genre_or_metadata_hint,SG,corrected_to_other_country,genre/label/tags/description evidence -> MY,https://music.apple.com/sg/album/misteri-mimpi-syakila/576982038?i=576982043&uo=4
itunes_665414540,Just Can't Get Enough,Depeche Mode,The Singles 81-85,SG,china,itunes,Pop,Pop,合成器主导的轻快电子流行曲，明亮跃动的键盘旋律搭配机械节拍，八十年代早期舞池氛围扑面而来，适合通勤路上或深夜独处时随节奏轻摆。,Singapore,SG,itunes_storefront,SG,corrected_to_other_country,non-China iTunes storefront retained -> SG,https://music.apple.com/sg/album/just-cant-get-enough/665414126?i=665414540&uo=4
itunes_209743272,Footloose,Kenny Loggins,Footloose (Soundtrack) [15th Anniversary Collectors' Edition],SG,china,itunes,Soundtrack,Soundtrack,八十年代电影金曲，电吉他 riff 明亮利落，合成器铺陈欢快节奏，鼓点驱动感十足。适合公路旅行、周末扫除或任何需要甩掉沉闷的时刻，一听就想踢掉鞋子跳舞。,Singapore,SG,itunes_storefront,SG,corrected_to_other_country,non-China iTunes storefront retained -> SG,https://music.apple.com/sg/album/footloose/209743140?i=209743272&uo=4
itunes_551546818,At Last I Have Lost You,Zhao Chuan,At Last I Have Lost You,SG,china,itunes,Mandopop,Mandopop,低沉嗓音缓缓铺开一段九十年代的华语流行叙事，钢琴与弦乐交织出深夜独处的氛围，适合在雨后车窗起雾时独自聆听。,China,CN,genre_or_metadata_hint,SG,confirmed_china_family,genre/label/tags/description evidence -> CN,https://music.apple.com/sg/album/at-last-i-have-lost-you/551546809?i=551546818&uo=4
itunes_1313940402,She Drives Me Crazy,Fine Young Cannibals,The Raw & the Cooked,SG,china,itunes,Pop,Pop,这首八十年代末的流行金曲以标志性的急促吉他扫弦和充满张力的灵魂乐唱腔开场，节奏紧凑如心跳加速，适合在都市夜驾或复古派对中播放，每一次副歌爆发都像情绪引擎轰然启动。,Singapore,SG,itunes_storefront,SG,corrected_to_other_country,non-China iTunes storefront retained -> SG,https://music.apple.com/sg/album/she-drives-me-crazy/1313940401?i=1313940402&uo=4
itunes_304795241,Here I Am (Just When I Thought I Was Over You),Air Supply,The One That You Love,SG,china,itunes,Pop,Pop,八十年代的柔板流行曲，钢琴与合成器铺陈出绵长的和声，双主唱以高亢而克制的声线交织出深夜独处的思念。适合在雨夜车窗旁或旧式台灯下独自聆听，让泛黄的旋律缓缓漫过未愈的记忆。,Singapore,SG,itunes_storefront,SG,corrected_to_other_country,non-China iTunes storefront retained -> SG,https://music.apple.com/sg/album/here-i-am-just-when-i-thought-i-was-over-you/304795228?i=304795241&uo=4
itunes_1443155645,With or Without You,U2,The Joshua Tree,SG,china,itunes,Rock,Rock,这首作品以延绵的合成器铺底与层层推进的吉他音墙交织，营造出辽阔而内敛的情感空间。人声在克制与爆发之间游走，适合深夜独处或长途驾驶时沉浸聆听，感受那份关于牵挂与放手的永恒叩问。,Singapore,SG,itunes_storefront,SG,corrected_to_other_country,non-China iTunes storefront retained -> SG,https://music.apple.com/sg/album/with-or-without-you/1443155637?i=1443155645&uo=4
itunes_304795245,The One That You Love,Air Supply,The One That You Love,SG,china,itunes,Pop,Pop,柔情的合成器铺底伴随清亮的吉他旋律，八十年代的流行-ballad 风格在舒缓的鼓点中徐徐展开，适合深夜独处或驾车漫游时聆听，男女声交织出绵长而温暖的怀旧氛围。,Singapore,SG,itunes_storefront,SG,corrected_to_other_country,non-China iTunes storefront retained -> SG,https://music.apple.com/sg/album/the-one-that-you-love/304795228?i=304795245&uo=4
itunes_892489334,當年情,Leslie Cheung,愛慕,SG,china,itunes,Pop,Pop,张国荣以温润声线演绎这首经典流行曲，钢琴与弦乐交织出浓郁怀旧氛围，适合独处时回望往昔。八十年代港式情歌的深情与克制，在黄昏或雨夜聆听尤为动人。,Singapore,SG,itunes_storefront,SG,corrected_to_other_country,non-China iTunes storefront retained -> SG,https://music.apple.com/sg/album/%E7%95%B6%E5%B9%B4%E6%83%85/892489298?i=892489334&uo=4
itunes_716231650,Call Me,Blondie,Call Me - EP,SG,china,itunes,Disco,Disco,闪烁的合成器线条划开八十年代都市夜空，强劲迪斯科节拍裹挟着冷冽新浪潮气质，适合霓虹灯下疾驰的午夜车程或派对高潮时刻。,Singapore,SG,itunes_storefront,SG,corrected_to_other_country,non-China iTunes storefront retained -> SG,https://music.apple.com/sg/album/call-me/716231242?i=716231650&uo=4
itunes_1443820246,其實你不懂我的心,Angus Tung,其實你不懂我的心,SG,china,itunes,Mandopop,Mandopop,温润钢琴铺陈出八〇年代末华语流行的抒情底色，童安格低沉嗓音在合成器弦乐中缓缓舒展，适合深夜独处时 replay 那些未说出口的遗憾。,China,CN,genre_or_metadata_hint,SG,confirmed_china_family,genre/label/tags/description evidence -> CN,https://music.apple.com/sg/album/%E5%85%B6%E5%AF%A6%E4%BD%A0%E4%B8%8D%E6%87%82%E6%88%91%E7%9A%84%E5%BF%83/1443819863?i=1443820246&uo=4
itunes_185861190,Woman In Love,Barbra Streisand,Guilty,SG,china,itunes,Pop,Pop,醇厚女声铺展于八十年代的流行金曲，弦乐与钢琴交织出浓烈情感。适合深夜独处或怀旧时刻，感受经典芭乐情歌的绵长张力。,Singapore,SG,itunes_storefront,SG,corrected_to_other_country,non-China iTunes storefront retained -> SG,https://music.apple.com/sg/album/woman-in-love/185861003?i=185861190&uo=4
itunes_193605920,Eternal Flame,The Bangles,The Essential Bangles,SG,china,itunes,Rock,Rock,这首作品以温暖的合成器铺底与清脆的吉他扫弦交织，女声和声层层叠起，带着八十年代末电台摇滚特有的明亮质感。适合傍晚驾车或独处时聆听，怀旧中透出温柔的坚定。,Singapore,SG,itunes_storefront,SG,corrected_to_other_country,non-China iTunes storefront retained -> SG,https://music.apple.com/sg/album/eternal-flame/193605824?i=193605920&uo=4
itunes_1657934507,Beautiful Girl,Jose Mari Chan,Constant Change,SG,china,itunes,Pop,Pop,温柔男声伴着轻盈钢琴与弦乐铺陈，这首八十年代末的流行抒情曲如午后阳光洒落窗台，适合独处时静静回味那些关于倾慕的细腻心事。,Singapore,SG,itunes_storefront,SG,corrected_to_other_country,non-China iTunes storefront retained -> SG,https://music.apple.com/sg/album/beautiful-girl/1657934361?i=1657934507&uo=4
itunes_1440786241,Jack & Diane,John Cougar,American Fool (Bonus Track) [2005 Remaster],SG,china,itunes,Rock,Rock,八十年代美式摇滚经典，手鼓与电吉他交织出小镇青年的夏日悸动。慵懒口琴点缀其间，适合公路旅行或黄昏独饮时播放，怀旧气息扑面而来。,United States,US,genre_or_metadata_hint,SG,corrected_to_other_country,genre/label/tags/description evidence -> US,https://music.apple.com/sg/album/jack-diane/1440786233?i=1440786241&uo=4
itunes_1525683398,Simply Irresistible,Robert Palmer,1980s Music,SG,china,itunes,Pop,Pop,八十年代流行摇滚金曲，强劲鼓点与合成器铺底交织，电吉他riff锋利抓耳，人声冷峻而富有磁性。适合驾车夜行或派对暖场，复古摩登气息扑面而来，节奏感让人忍不住随之摆动。,Singapore,SG,itunes_storefront,SG,corrected_to_other_country,non-China iTunes storefront retained -> SG,https://music.apple.com/sg/album/simply-irresistible/1525683181?i=1525683398&uo=4
itunes_1321155903,West End Girls,Pet Shop Boys,Please: Further Listening 1984-1986 (Deluxe Edition) [2018 Remaster],SG,china,itunes,Pop,Pop,冷冽合成器铺底，机械节拍与独白式男声交织，八十年代电子流行底色中带着都市疏离感，适合深夜独行或霓虹街头的沉浸式聆听。,Singapore,SG,itunes_storefront,SG,corrected_to_other_country,non-China iTunes storefront retained -> SG,https://music.apple.com/sg/album/west-end-girls/1321155898?i=1321155903&uo=4
itunes_217503142,Black Velvet,Alannah Myles,Alannah Myles,SG,china,itunes,Rock,Rock,低沉沙哑的女声裹挟着蓝调摇滚的醇厚质感，八十年代的经典吉他 riff 与缓慢燃烧的鼓点交织，适合深夜独酌或驾车穿行霓虹街道时聆听，复古而慵懒。,Singapore,SG,itunes_storefront,SG,corrected_to_other_country,non-China iTunes storefront retained -> SG,https://music.apple.com/sg/album/black-velvet/217502930?i=217503142&uo=4
itunes_1357864216,Waiting for a Star to Fall,Boy Meets Girl,Reel Life (Expanded Edition),SG,china,itunes,Pop,Pop,八十年代的合成器流行金曲，明亮电子音色铺陈浪漫夜空，男女声交织出都市夜晚的温柔期盼，适合驾车夜游或独处时循环播放。,Singapore,SG,itunes_storefront,SG,corrected_to_other_country,non-China iTunes storefront retained -> SG,https://music.apple.com/sg/album/waiting-for-a-star-to-fall/1357864033?i=1357864216&uo=4
itunes_714551988,If You Leave,Orchestral Manoeuvres In the Dark,The Best Of Orchestral Manoeuvres In The Dark,SG,china,itunes,Electronic,Electronic,合成器浪潮的经典回响，冷冽电子音色编织出八十年代末的都市夜境。机械节拍与旋律线交织，适合深夜独行或霓虹街头的沉浸式聆听，带着英伦电子乐特有的疏离诗意与流行质感。,United Kingdom,GB,genre_or_metadata_hint,SG,corrected_to_other_country,genre/label/tags/description evidence -> GB,https://music.apple.com/sg/album/if-you-leave/714551637?i=714551988&uo=4
itunes_342347879,La Bamba,Los Lobos,La Bamba (Original Motion Picture Soundtrack),SG,china,itunes,Soundtrack,Soundtrack,这首曲子以电吉他为主导，融合传统墨西哥民谣节奏与八十年代摇滚编曲，鼓点明快、合唱热烈，适合公路旅行或聚会时播放，洋溢复古欢快的拉丁风情。,Mexico,MX,genre_or_metadata_hint,SG,corrected_to_other_country,genre/label/tags/description evidence -> MX,https://music.apple.com/sg/album/la-bamba/342347858?i=342347879&uo=4
itunes_1376819192,We've Got Tonight (feat. Sheena Easton),Kenny Rogers,We've Got Tonight,SG,china,itunes,Country,Country,醇厚男声与清亮女声交织成温柔对唱，钢琴与弦乐铺陈出八十年代的浪漫底色。适合深夜独处或烛光晚餐时聆听，让慢板情歌缓缓流淌。,Singapore,SG,itunes_storefront,SG,corrected_to_other_country,non-China iTunes storefront retained -> SG,https://music.apple.com/sg/album/weve-got-tonight-feat-sheena-easton/1376819191?i=1376819192&uo=4
itunes_714953236,How Can I Fall?,Breathe,All That Jazz,SG,china,itunes,Rock,Rock,柔和萨克斯风与合成器铺陈出八十年代末的都会夜色，Breathe 以慵懒声线将摇滚骨架包裹成浪漫抒情曲，适合深夜独处或霓虹街头的慢速行驶。,Singapore,SG,itunes_storefront,SG,corrected_to_other_country,non-China iTunes storefront retained -> SG,https://music.apple.com/sg/album/how-can-i-fall/714953005?i=714953236&uo=4
itunes_1443820666,忘不了,Angus Tung,其實你不懂我的心,SG,china,itunes,Mandopop,Mandopop,温润的合成器音色铺陈出八十年代末华语都市情歌的底色，Angus Tung以克制而深情的演绎，将失落的缠绵化作午夜独处的背景。钢琴与电子鼓点交织，适合雨夜行车或旧相册翻阅时静静聆听。,China,CN,genre_or_metadata_hint,SG,confirmed_china_family,genre/label/tags/description evidence -> CN,https://music.apple.com/sg/album/%E5%BF%98%E4%B8%8D%E4%BA%86/1443819863?i=1443820666&uo=4
itunes_1442496167,Mengapa Perpisahan Yang Kau Pinta,Flybaits,Koleksi Perdana 18 Hits Sepanjang Masa Flybaits No.1s,SG,china,itunes,Pop,Pop,这首2003年的新加坡华语流行曲以抒情旋律为骨架，钢琴与弦乐铺陈出离别氛围，男声演绎克制而深情，适合深夜独处或雨天窗边静听，带着千禧年初东南亚华语情歌特有的温柔与怅惘。,Singapore,SG,genre_or_metadata_hint,SG,corrected_to_other_country,genre/label/tags/description evidence -> SG,https://music.apple.com/sg/album/mengapa-perpisahan-yang-kau-pinta/1442495086?i=1442496167&uo=4
itunes_1442321179,"酒矸倘賣無 (電影""搭錯車""歌曲)",Julie Su,搭錯車(電影原聲大碟),SG,china,itunes,Pop,Pop,低沉醇厚的女聲緩緩傾訴，鋼琴與弦樂交織出八零年代華語流行特有的深情與滄桑。這首電影主題曲以質樸旋律承載離別與追尋，適合深夜獨處時靜靜聆聽，讓舊日時光隨酒矸碰撞聲一同浮現。,China,CN,genre_or_metadata_hint,SG,confirmed_china_family,genre/label/tags/description evidence -> CN,https://music.apple.com/sg/album/%E9%85%92%E7%9F%B8%E5%80%98%E8%B3%A3%E7%84%A1-%E9%9B%BB%E5%BD%B1-%E6%90%AD%E9%8C%AF%E8%BB%8A-%E6%AD%8C%E6%9B%B2/1442321173?i=1442321179&uo=4
itunes_1440988087,Woman,John Lennon,Double Fantasy (Stripped Down),SG,china,itunes,Pop,Pop,温暖醇厚的男声在简约吉他编排中缓缓流淌，八十年代的流行曲风带着私密客厅般的亲近感，适合深夜独酌或怀旧时分静静聆听。,United Kingdom,GB,artist_origin_hint,SG,corrected_to_other_country,artist override or known artist origin -> GB,https://music.apple.com/sg/album/woman/1440987952?i=1440988087&uo=4
itunes_725843651,Endless Summer Nights,Richard Marx,Greatest Hits,SG,china,itunes,Adult Contemporary,Adult Contemporary,Richard Marx 的这首经典情歌以温暖的合成器铺底与清亮的电吉他交织，营造出八十年代末都市夜色的浪漫氛围。中板节奏配以细腻的人声演绎，适合驾车夜游或独处时重温那段黄金年代的温柔记忆。,Singapore,SG,itunes_storefront,SG,corrected_to_other_country,non-China iTunes storefront retained -> SG,https://music.apple.com/sg/album/endless-summer-nights/725843547?i=725843651&uo=4
itunes_1440830799,Against the Wind,Bob Seger & The Silver Bullet Band,Against the Wind,SG,china,itunes,Rock,Rock,低沉沙哑的嗓音伴着钢琴与吉他缓缓铺陈，这首八十年代的经典摇滚曲以从容不迫的鼓点托住怀旧底色，适合深夜独行或公路驰骋时聆听，像一位老友在耳边诉说逆风前行的坚韧与温柔。,Singapore,SG,itunes_storefront,SG,corrected_to_other_country,non-China iTunes storefront retained -> SG,https://music.apple.com/sg/album/against-the-wind/1440830467?i=1440830799&uo=4
itunes_1606716634,Valaiyosai,"Ilaiyaraaja, S.P. Balasubrahmanyam & Lata Mangeshkar",Sathya (Original Motion Picture Soundtrack),SG,china,itunes,Tamil,Tamil,这首1987年泰米尔电影配乐以悠扬弦乐铺底，交织男女声二重唱的缠绵对答，合成器音色点缀出南印度特有的浪漫氛围，适合深夜独处或怀旧观影时聆听。,India,IN,genre_or_metadata_hint,SG,corrected_to_other_country,genre/label/tags/description evidence -> IN,https://music.apple.com/sg/album/valaiyosai/1606716613?i=1606716634&uo=4
itunes_726339762,What Have I Done To Deserve This? (with Dusty Springfield),Pet Shop Boys & Dusty Springfield,Actually (2001 Remaster),SG,china,itunes,Pop,Pop,合成器铺陈出八十年代都市霓虹底色，Dusty Springfield沙哑而矜贵的嗓音与Neil Tennant冷静念白式唱腔交织，形成一场欲拒还迎的情感对话。舞曲节奏利落却不张扬，适合深夜独处时反复品味那份克制的怅惘。,Singapore,SG,itunes_storefront,SG,corrected_to_other_country,non-China iTunes storefront retained -> SG,https://music.apple.com/sg/album/what-have-i-done-to-deserve-this-with-dusty-springfield/726339710?i=726339762&uo=4
itunes_1604857652,Raja Raja Chozhan,Ilaiyaraaja & K. J. Yesudas,Rettai Vaal Kuruvi (Original Motion Picture Soundtrack),SG,china,itunes,Tamil,Tamil,这首曲目以泰米尔语演唱，融合南印度传统拉格旋律与八十年代电影配乐的华丽编排，弦乐群与木管乐器交织出庄严史诗感，男声吟唱如君王巡视般恢弘，适合在需要沉浸于东方古典气韵的独处时刻聆听。,India,IN,genre_or_metadata_hint,SG,corrected_to_other_country,genre/label/tags/description evidence -> IN,https://music.apple.com/sg/album/raja-raja-chozhan/1604856928?i=1604857652&uo=4
itunes_845953829,昨夜星辰,Anna Lin,金典名曲,SG,china,itunes,Mandopop,Mandopop,轻柔曼波节奏铺陈八零年代华语都会夜色，弦乐与电子合成器交织出怀旧霓虹光晕，适合独处时斟一杯酒，让醇厚女声牵起旧日星辰的温柔回响。,China,CN,genre_or_metadata_hint,SG,confirmed_china_family,genre/label/tags/description evidence -> CN,https://music.apple.com/sg/album/%E6%98%A8%E5%A4%9C%E6%98%9F%E8%BE%B0/845953795?i=845953829&uo=4
itunes_1318903989,It's a Sin,Pet Shop Boys,Actually: Further Listening 1987-1988 (Deluxe) [2018 Remaster],SG,china,itunes,Pop,Pop,合成器主导的八零年代电子流行曲，冷冽机械的节奏衬着戏剧化的圣咏式旋律，适合深夜独行或霓虹都市中的沉思时刻。,Singapore,SG,itunes_storefront,SG,corrected_to_other_country,non-China iTunes storefront retained -> SG,https://music.apple.com/sg/album/its-a-sin/1318903981?i=1318903989&uo=4
itunes_193965020,Heaven,Warrant,Dirty Rotten Filthy Stinking Rich,SG,china,itunes,Hard Rock,Hard Rock,这首曲子以炽热的硬摇滚为骨架，八十年代末的华丽金属气息扑面而来。失真吉他铺陈出辽阔音墙，主唱高亢嗓音撕裂云层，鼓点如心跳般推动情绪攀升。适合深夜独行时放大音量，让旋律灌满车厢，重温那个长发飞扬、霓虹灼烧的黄金年代。,Singapore,SG,itunes_storefront,SG,corrected_to_other_country,non-China iTunes storefront retained -> SG,https://music.apple.com/sg/album/heaven/193964384?i=193965020&uo=4
itunes_1443009761,Kokomo,The Beach Boys,Made In California (1962–2012),SG,china,itunes,Rock,Rock,阳光、海浪与椰风交织的轻快摇滚，滑棒吉他与人声和声层层叠出热带度假氛围，适合夏日午后或海滨公路的悠闲随行。,Singapore,SG,itunes_storefront,SG,corrected_to_other_country,non-China iTunes storefront retained -> SG,https://music.apple.com/sg/album/kokomo/1443004723?i=1443009761&uo=4
itunes_1440831862,When I Think of You,Janet Jackson,Control,SG,china,itunes,Pop,Pop,轻快明亮的合成器流行节拍，八十年代中期的都市舞曲风格，Janet Jackson清亮的嗓音穿梭在跳跃的电子鼓点与放克贝斯之间，适合通勤路上或傍晚放松时聆听，自带一股自信洒脱的复古活力。,Singapore,SG,itunes_storefront,SG,corrected_to_other_country,non-China iTunes storefront retained -> SG,https://music.apple.com/sg/album/when-i-think-of-you/1440831636?i=1440831862&uo=4
itunes_1031197622,我還年輕,Stella Chang,我還年輕 - Single,SG,china,itunes,Mandopop,Mandopop,清亮女声带着八零年代台式流行特有的温柔韧性，合成器铺底搭配轻快节拍，适合午后窗边独饮或深夜怀旧行车，一首关于倔强与自省的都会抒情曲。,China,CN,genre_or_metadata_hint,SG,confirmed_china_family,genre/label/tags/description evidence -> CN,https://music.apple.com/sg/album/%E6%88%91%E9%82%84%E5%B9%B4%E8%BC%95/1031197621?i=1031197622&uo=4
itunes_1504072950,It Must Have Been Love (Christmas for the Broken Hearted),Roxette,Pearls Of Passion (Extended Version),SG,china,itunes,Pop,Pop,八十年代末流行金曲，合成器铺陈出辽阔音场，女声清亮而略带忧伤，适合冬夜独处时聆听，节日灯火与心碎回忆交织成温柔共鸣。,Singapore,SG,itunes_storefront,SG,corrected_to_other_country,non-China iTunes storefront retained -> SG,https://music.apple.com/sg/album/it-must-have-been-love-christmas-for-the-broken-hearted/1504072934?i=1504072950&uo=4
itunes_1591346616,Lovesick Girls,BLACKPINK,THE ALBUM,CN,china,itunes,K-Pop,K-Pop,强劲节拍与合成器铺底交织，副歌旋律抓耳且充满张力，四位成员的人声交替推进情绪，整体呈现2020年代K-Pop典型的精致制作与舞台爆发力，适合通勤或健身时循环播放。,South Korea,KR,artist_origin_hint,CN,corrected_to_other_country,artist override or known artist origin -> KR,https://music.apple.com/cn/album/lovesick-girls/1591346251?i=1591346616&uo=4
itunes_1890586828,Dreams Come True,aespa,Girls - The 2nd Mini Album (Apple Music Edition),CN,china,itunes,K-Pop,K-Pop,清冷合成器铺底叠加强劲电子节拍，副歌以高能量舞曲编排推进，四人声线交织出未来感与青春锐气交织的张力，适合夜间通勤或健身时释放情绪。,South Korea,KR,artist_origin_hint,CN,corrected_to_other_country,artist override or known artist origin -> KR,https://music.apple.com/cn/album/dreams-come-true/1890586337?i=1890586828&uo=4
itunes_1812048207,Fly Up,RIIZE,ODYSSEY - The 1st Album,CN,china,itunes,K-Pop,K-Pop,轻快节奏与明亮合成器交织，RIIZE以清爽人声线条勾勒青春跃动的飞行感，适合通勤路上或午后咖啡时光注入活力，K-Pop流行框架下洋溢着2020年代中期的都市朝气。,South Korea,KR,artist_origin_hint,CN,corrected_to_other_country,artist override or known artist origin -> KR,https://music.apple.com/cn/album/fly-up/1812047853?i=1812048207&uo=4
itunes_1570253221,Don't fight the feeling,EXO,DON'T FIGHT THE FEELING - Special Album - EP,CN,china,itunes,K-Pop,K-Pop,轻快节奏与合成器音色交织，电子流行基底上铺展清亮人声与层次和声，夏日气息扑面而来。适合驾车穿行都市夜景或聚会暖场时刻，2021年发行的韩流作品，以明朗能量消解日常疲惫。,South Korea,KR,artist_origin_hint,CN,corrected_to_other_country,artist override or known artist origin -> KR,https://music.apple.com/cn/album/dont-fight-the-feeling/1570253219?i=1570253221&uo=4
itunes_1890586339,怪火,aespa,Girls - The 2nd Mini Album (Apple Music Edition),CN,china,itunes,K-Pop,K-Pop,低沉贝线与合成器音色交织，营造出神秘而魅惑的听觉氛围；aespa以冷冽人声穿梭于电子节拍之间，适合夜晚独处或都市漫步时沉浸聆听。,South Korea,KR,artist_origin_hint,CN,corrected_to_other_country,artist override or known artist origin -> KR,https://music.apple.com/cn/album/%E6%80%AA%E7%81%AB/1890586337?i=1890586339&uo=4
itunes_1890586346,Black Mamba,aespa,Girls - The 2nd Mini Album (Apple Music Edition),CN,china,itunes,K-Pop,K-Pop,低沉贝斯与合成器交织成暗黑电子基底，锋利rap与空灵vocal形成张力，副歌以洗脑hook直击听觉，整体呈现未来感十足的赛博流行美学，适合深夜独行或高强度运动时沉浸聆听。,South Korea,KR,artist_origin_hint,CN,corrected_to_other_country,artist override or known artist origin -> KR,https://music.apple.com/cn/album/black-mamba/1890586337?i=1890586346&uo=4
itunes_1890586338,Girls,aespa,Girls - The 2nd Mini Album (Apple Music Edition),CN,china,itunes,K-Pop,K-Pop,冷冽合成器与重低音贝斯交织，aespa 以凌厉的 K-Pop 舞曲姿态登场。电子音效层层推进，副歌爆发式能量适合深夜独行或健身节奏，整体呈现 2020 年代前卫都市听觉景观。,South Korea,KR,artist_origin_hint,CN,corrected_to_other_country,artist override or known artist origin -> KR,https://music.apple.com/cn/album/girls/1890586337?i=1890586338&uo=4
itunes_1694897574,ISTJ,NCT DREAM,ISTJ - The 3rd Album,CN,china,itunes,K-Pop,K-Pop,强劲节拍与合成器铺陈出都市夜行氛围，男声说唱与旋律段落交替推进，副歌层次鲜明，适合通勤或健身时聆听，流露2020年代K-Pop典型的精致制作与青春张力。,South Korea,KR,genre_or_metadata_hint,CN,corrected_to_other_country,genre/label/tags/description evidence -> KR,https://music.apple.com/cn/album/istj/1694897573?i=1694897574&uo=4
itunes_1890586342,ICU (避风港),aespa,Girls - The 2nd Mini Album (Apple Music Edition),CN,china,itunes,K-Pop,K-Pop,清冷合成器铺底交织着细腻弦乐，aespa以丝绒质感的嗓音筑起一座听觉避风港。这首K-Pop抒情曲适合深夜独处时聆听，电子氛围与温柔人声在2022年的夏日里缓缓流淌，为疲惫心灵提供片刻栖息。,South Korea,KR,artist_origin_hint,CN,corrected_to_other_country,artist override or known artist origin -> KR,https://music.apple.com/cn/album/icu-%E9%81%BF%E9%A3%8E%E6%B8%AF/1890586337?i=1890586342&uo=4
itunes_1890586343,Life's Too Short (English Version),aespa,Girls - The 2nd Mini Album (Apple Music Edition),CN,china,itunes,K-Pop,K-Pop,轻快明亮的合成器流行曲风，电子节拍跳跃有力，人声清亮叠加层次丰富的和声，适合夏日驾车或都市夜行时播放，传递洒脱自在的年轻态度。,South Korea,KR,artist_origin_hint,CN,corrected_to_other_country,artist override or known artist origin -> KR,https://music.apple.com/cn/album/lifes-too-short-english-version/1890586337?i=1890586343&uo=4
itunes_1772644601,Whiplash,aespa,Whiplash - The 5th Mini Album - EP,CN,china,itunes,K-Pop,K-Pop,强劲节拍与合成器交织，aespa以冷冽电子音色打造未来感舞曲。锋利贝线切割耳膜，副歌如鞭击般利落，适合深夜驾驶或健身房突破极限时单曲循环。2024年末K-Pop场景里一抹凌厉的霓虹。,South Korea,KR,artist_origin_hint,CN,corrected_to_other_country,artist override or known artist origin -> KR,https://music.apple.com/cn/album/whiplash/1772644600?i=1772644601&uo=4
itunes_1890586340,Lingo,aespa,Girls - The 2nd Mini Album (Apple Music Edition),CN,china,itunes,K-Pop,K-Pop,强劲节拍与电子合成器交织，aespa 以《Lingo》展现 K-Pop 的先锋质感。冷冽人声穿梭于未来感音墙之间，适合夜行都市或健身时刻聆听，释放无拘无束的能量。,South Korea,KR,artist_origin_hint,CN,corrected_to_other_country,artist override or known artist origin -> KR,https://music.apple.com/cn/album/lingo/1890586337?i=1890586340&uo=4
itunes_1632682448,_WORLD,SEVENTEEN,SEVENTEEN 4th Album Repackage 'SECTOR 17',CN,china,itunes,K-Pop,K-Pop,轻快的合成器铺底搭配跃动的节奏吉他，副歌部分以明亮的铜管乐点缀，整体呈现出夏日海滩派对般的清爽氛围。适合驾车兜风或朋友聚会时播放，是一首充满阳光气息的流行舞曲。,South Korea,KR,artist_origin_hint,CN,corrected_to_other_country,artist override or known artist origin -> KR,https://music.apple.com/cn/album/world/1632682433?i=1632682448&uo=4
itunes_1609050013,Siren,太妍,INVU - The 3rd Album,CN,china,itunes,K-Pop,K-Pop,清冷合成器铺底如海面薄雾，太妍的声线在高音区划出凌厉弧线，副歌层层堆叠的电子音色带着宿命般的张力，适合深夜独处时沉浸于这份危险而迷人的听觉漩涡。,South Korea,KR,genre_or_metadata_hint,CN,corrected_to_other_country,genre/label/tags/description evidence -> KR,https://music.apple.com/cn/album/siren/1609049611?i=1609050013&uo=4
itunes_1745285228,Armageddon,aespa,Armageddon - The 1st Album,CN,china,itunes,K-Pop,K-Pop,强劲电子合成器铺底，搭配冷冽人声切割与机械感节奏断层，营造末日都市的赛博幻境。适合深夜独行或沉浸式运动时刻，以未来主义音色撕裂日常边界。,South Korea,KR,artist_origin_hint,CN,corrected_to_other_country,artist override or known artist origin -> KR,https://music.apple.com/cn/album/armageddon/1745285216?i=1745285228&uo=4
itunes_1890393511,Spicy,aespa,MY WORLD - The 3rd Mini Album - EP,CN,china,itunes,K-Pop,K-Pop,夏日感十足的热带合成器铺底，搭配利落鼓点与清爽人声切片，K-Pop舞曲框架中透出明亮自信的能量，适合通勤路上或周末聚会时提振心情。,South Korea,KR,artist_origin_hint,CN,corrected_to_other_country,artist override or known artist origin -> KR,https://music.apple.com/cn/album/spicy/1890393509?i=1890393511&uo=4
itunes_1681324043,F*ck My Life,SEVENTEEN,SEVENTEEN 10th Mini Album 'FML' - EP,CN,china,itunes,K-Pop,K-Pop,低沉鼓点与合成器交织，旋律在压抑与爆发间游走，适合深夜独处时戴上耳机，让情绪随节奏缓缓释放。,South Korea,KR,artist_origin_hint,CN,corrected_to_other_country,artist override or known artist origin -> KR,https://music.apple.com/cn/album/f-ck-my-life/1681324004?i=1681324043&uo=4
itunes_1779015075,Letter To Myself,太妍,Letter To Myself - The 6th Mini Album - EP,CN,china,itunes,K-Pop,K-Pop,钢琴与合成器交织出清冷而温暖的底色，太妍的声线在副歌处层层攀升，像一封写给自己的深夜独白。适合独处时佩戴耳机聆听，让情绪随旋律缓缓沉淀。,South Korea,KR,genre_or_metadata_hint,CN,corrected_to_other_country,genre/label/tags/description evidence -> KR,https://music.apple.com/cn/album/letter-to-myself/1779015074?i=1779015075&uo=4
itunes_1711288969,God of Music,SEVENTEEN,SEVENTEEN 11th Mini Album 'SEVENTEENTH HEAVEN',CN,china,itunes,K-Pop,K-Pop,活力四射的合成器铺底与层次分明的和声交织，鼓点干脆利落，副歌旋律朗朗上口，整体洋溢着庆典般的热闹氛围，适合通勤路上或聚会暖场时提振精神。,South Korea,KR,artist_origin_hint,CN,corrected_to_other_country,artist override or known artist origin -> KR,https://music.apple.com/cn/album/god-of-music/1711288571?i=1711288969&uo=4
itunes_1625319407,HOT,SEVENTEEN,SEVENTEEN 4th Album 'Face the Sun',CN,china,itunes,K-Pop,K-Pop,炽烈鼓点与合成器音色交织，SEVENTEEN以凌厉刀群舞节奏点燃听觉张力。副歌高亢人声声线穿透电子嘻哈基底，夏日午后的公路疾驰或健身房重训场景皆能与之共振，属于2022年K-Pop界极具爆发力的主流男团之作。,South Korea,KR,artist_origin_hint,CN,corrected_to_other_country,artist override or known artist origin -> KR,https://music.apple.com/cn/album/hot/1625319240?i=1625319407&uo=4
itunes_1890393513,Thirsty,aespa,MY WORLD - The 3rd Mini Album - EP,CN,china,itunes,K-Pop,K-Pop,清透的合成器铺底搭配弹性十足的节奏，勾勒出都市夜晚的霓虹氛围。人声在迷幻电子音效中穿梭，副歌部分以富有张力的旋律线释放情绪张力，适合驾车夜游或独处时沉浸聆听，展现当代流行电子的精致质感。,South Korea,KR,artist_origin_hint,CN,corrected_to_other_country,artist override or known artist origin -> KR,https://music.apple.com/cn/album/thirsty/1890393509?i=1890393513&uo=4
itunes_1890586347,Forever (约定),aespa,Girls - The 2nd Mini Album (Apple Music Edition),CN,china,itunes,K-Pop,K-Pop,清透的合成器铺底搭配节奏分明的电子鼓点，四位成员以层次丰富的人声交织出冬日恋歌般的温暖氛围。这首R&B曲风的作品适合深夜独处或城市夜行时聆听，2021年初发行时以朦胧霓虹色调的编曲捕捉了Z世代对永恒承诺的细腻想象。,South Korea,KR,artist_origin_hint,CN,corrected_to_other_country,artist override or known artist origin -> KR,https://music.apple.com/cn/album/forever-%E7%BA%A6%E5%AE%9A/1890586337?i=1890586347&uo=4
itunes_1266602392,One Last Time,少女时代,Holiday Night - The 6th Album,CN,china,itunes,K-Pop,K-Pop,清亮合成器铺底搭配利落鼓组，少女时代标志性的多人和声层层推进，副歌旋律线条明亮上扬，适合夏夜驾车或聚会尾声时循环播放。,South Korea,KR,artist_origin_hint,CN,corrected_to_other_country,artist override or known artist origin -> KR,https://music.apple.com/cn/album/one-last-time/1266602382?i=1266602392&uo=4
itunes_1587844525,Savage,aespa,Savage - The 1st Mini Album - EP,CN,china,itunes,K-Pop,K-Pop,冷冽的合成器音色与机械感节拍交织，aespa以这首曲目构建出未来感十足的赛博音景。强劲的低音铺底叠加层次分明的电子音效，副歌部分爆发力十足的人声切片令人印象深刻，适合深夜驾驶或沉浸式健身时聆听，感受K-Pop与虚拟世界观碰撞出的锋利美学。,South Korea,KR,artist_origin_hint,CN,corrected_to_other_country,artist override or known artist origin -> KR,https://music.apple.com/cn/album/savage/1587844523?i=1587844525&uo=4
itunes_1779015439,Blur,太妍,Letter To Myself - The 6th Mini Album - EP,CN,china,itunes,K-Pop,K-Pop,朦胧的合成器铺底如晨雾漫过耳畔，太妍的空灵声线在电子节拍上轻盈跃动，韩式流行曲风裹挟着深夜独处的私密情绪，适合关灯后耳机里的自我对话。,South Korea,KR,genre_or_metadata_hint,CN,corrected_to_other_country,genre/label/tags/description evidence -> KR,https://music.apple.com/cn/album/blur/1779015074?i=1779015439&uo=4
itunes_1679267328,MR.TAXI (Korean Version),Girls' Generation,The Boys - The 3rd Album,CN,china,itunes,K-Pop,K-Pop,这首作品以强劲电子节拍为骨架，合成器音色明亮锋利，叠加多层和声营造出都市夜行的速度感。人声处理带有典型韩式流行舞曲的机械张力，副歌部分口号式重复极具记忆点，适合驾驶或运动场景释放能量。,South Korea,KR,artist_origin_hint,CN,corrected_to_other_country,artist override or known artist origin -> KR,https://music.apple.com/cn/album/mr-taxi-korean-version/1679266955?i=1679267328&uo=4
itunes_1741446418,MAESTRO,SEVENTEEN,SEVENTEEN BEST ALBUM '17 IS RIGHT HERE',CN,china,itunes,K-Pop,K-Pop,以古典指挥棒为意象，SEVENTEEN用这首K-Pop作品编织出华丽管弦乐与强烈电子节拍的碰撞，铜管与弦乐铺陈戏剧张力，副歌处人声齐唱如乐团合奏般恢弘，适合在需要提振气场或沉浸式舞台观赏时聆听。,South Korea,KR,artist_origin_hint,CN,corrected_to_other_country,artist override or known artist origin -> KR,https://music.apple.com/cn/album/maestro/1741446411?i=1741446418&uo=4
itunes_1440763601,Time Will Tell (Remastered 2014),Utada,First Love (Remastered 2014),CN,china,itunes,J-Pop,J-Pop,清澈女声流淌于舒缓节拍之上，钢琴与电子音色交织出九十年代末J-Pop特有的都市抒情气质。适合深夜独处时聆听，让旋律携旧日回忆缓缓沉降。,Japan,JP,artist_origin_hint,CN,corrected_to_other_country,artist override or known artist origin -> JP,https://music.apple.com/cn/album/time-will-tell-remastered-2014/1440763349?i=1440763601&uo=4
itunes_1893599772,WDA (Whole Different Animal) [feat. G-DRAGON],aespa,LEMONADE - The 2nd Album,CN,china,itunes,K-Pop,K-Pop,强劲电子节拍与嘻哈元素交织，G-DRAGON的标志性说唱段落与aespa成员充满张力的声线形成鲜明对话。合成器铺陈出未来感十足的音景，副歌部分爆发力十足，适合深夜驾驶或健身房挥洒汗水时循环播放。,South Korea,KR,artist_origin_hint,CN,corrected_to_other_country,artist override or known artist origin -> KR,https://music.apple.com/cn/album/wda-whole-different-animal-feat-g-dragon/1893599771?i=1893599772&uo=4
itunes_1571363622,Ready to love,SEVENTEEN,SEVENTEEN 8th Mini Album 'Your Choice' - EP,CN,china,itunes,K-Pop,K-Pop,轻快的合成器铺底与层次分明的和声交织，SEVENTEEN 以流畅的舞曲节奏营造出夏日傍晚般的温柔氛围。适合通勤路上或聚会前暖场聆听，旋律线条明亮却不张扬，副歌部分的集体吟唱自带青春张力。,South Korea,KR,artist_origin_hint,CN,corrected_to_other_country,artist override or known artist origin -> KR,https://music.apple.com/cn/album/ready-to-love/1571363156?i=1571363622&uo=4
itunes_1772142757,"LOVE, MONEY, FAME (feat. DJ Khaled)",SEVENTEEN,SEVENTEEN 12th Mini Album 'SPILL THE FEELS' - EP,CN,china,itunes,K-Pop,K-Pop,轻快的K-Pop节拍搭配明亮合成器与层次丰富的人声编排，DJ Khaled标志性的热情点缀为整曲注入派对能量。适合通勤途中或好友聚会时播放，传递自信洒脱的都市夜生活氛围。,South Korea,KR,artist_origin_hint,CN,corrected_to_other_country,artist override or known artist origin -> KR,https://music.apple.com/cn/album/love-money-fame-feat-dj-khaled/1772142740?i=1772142757&uo=4
itunes_1222459072,Time Lapse,太妍,My Voice - The 1st Album (Deluxe Edition),CN,china,itunes,K-Pop,K-Pop,清亮女声在电子合成器铺陈的迷幻音场中层层攀升，副歌处爆发式的高音如同时间压缩后的光影闪回。适合深夜独处时佩戴耳机沉浸，感受都市霓虹与内心潮汐的缓慢对位。,South Korea,KR,genre_or_metadata_hint,CN,corrected_to_other_country,genre/label/tags/description evidence -> KR,https://music.apple.com/cn/album/time-lapse/1222458971?i=1222459072&uo=4
itunes_826334540,Goodbye,少女时代,Girls' Generation 4th Mini Album 'Mr. Mr.' - EP,CN,china,itunes,国际流行,国际流行,这首作品以精致电子合成器铺底，搭配利落鼓点与多层次和声，呈现出2010年代国际流行的典型风貌。明亮而略带感伤的情绪适合都市夜行或独处时聆听，人声编排饱满，兼具舞曲张力与抒情余韵。,South Korea,KR,artist_origin_hint,CN,corrected_to_other_country,artist override or known artist origin -> KR,https://music.apple.com/cn/album/goodbye/826334410?i=826334540&uo=4
itunes_854908249,Baby Don't Cry,EXO,The 1st Album 'XOXO' (Repackage),CN,china,itunes,K-Pop,K-Pop,钢琴前奏如细雨轻落，继而汇入层次分明的电子节拍与多人和声，是韩式流行黄金年代标志性的抒情舞曲。深夜独处或城市夜行时，这首作品以温柔张力包裹听者的情绪起伏。,South Korea,KR,artist_origin_hint,CN,corrected_to_other_country,artist override or known artist origin -> KR,https://music.apple.com/cn/album/baby-dont-cry/854908236?i=854908249&uo=4
itunes_1609050011,不愿长大,太妍,INVU - The 3rd Album,CN,china,itunes,K-Pop,K-Pop,清亮嗓音铺展于合成器音墙之上，电子节拍与细腻旋律交织出当代流行质感。适合独处时分佩戴耳机沉浸，让情绪随层次丰富的编曲缓缓流淌，在都市夜色里寻得片刻共鸣。,South Korea,KR,genre_or_metadata_hint,CN,corrected_to_other_country,genre/label/tags/description evidence -> KR,https://music.apple.com/cn/album/%E4%B8%8D%E6%84%BF%E9%95%BF%E5%A4%A7/1609049611?i=1609050011&uo=4
itunes_919008430,Only U,少女时代-太蒂徐,Holler (The 2nd Mini Album) - EP,CN,china,itunes,国际流行,国际流行,轻快明亮的电子流行曲风，合成器铺底搭配清脆节拍，三位成员的和声层次分明。适合午后通勤或都市夜行时聆听，2014年韩流黄金期的精致小品，霓虹灯影下的微甜心情。,South Korea,KR,artist_origin_hint,CN,corrected_to_other_country,artist override or known artist origin -> KR,https://music.apple.com/cn/album/only-u/919008422?i=919008430&uo=4
itunes_1222459068,Cover Up,太妍,My Voice - The 1st Album (Deluxe Edition),CN,china,itunes,K-Pop,K-Pop,太妍以清澈透亮的嗓音铺陈出这首都市情歌，钢琴与电子合成器交织出2010年代韩式流行的精致框架，副歌处弦乐层层推进，适合深夜独处时聆听情绪缓缓流淌。,South Korea,KR,genre_or_metadata_hint,CN,corrected_to_other_country,genre/label/tags/description evidence -> KR,https://music.apple.com/cn/album/cover-up/1222458971?i=1222459068&uo=4
itunes_1328808429,Been Through,EXO,"Universe – Winter Special Album, 2017",CN,china,itunes,K-Pop,K-Pop,冬夜氛围浓厚的抒情曲，钢琴与弦乐铺陈出辽阔感，成员声线层叠交织，从低吟渐入澎湃合唱。适合年末独处或雪天通勤时聆听，在冷冽中透出一丝温热的疗愈力量。,South Korea,KR,artist_origin_hint,CN,corrected_to_other_country,artist override or known artist origin -> KR,https://music.apple.com/cn/album/been-through/1328808145?i=1328808429&uo=4
itunes_1465709491,如果你也想起我,YOONA,A Walk to Remember - Special Album - EP,CN,china,itunes,K-Pop,K-Pop,清澈女声伴着轻柔钢琴与弦乐铺陈，这首2017年作品以韩式流行曲风为底，融入华语抒情歌的细腻语感，适合独处时分或夜归途中静静聆听，让回忆随旋律缓缓流淌。,South Korea,KR,artist_origin_hint,CN,corrected_to_other_country,artist override or known artist origin -> KR,https://music.apple.com/cn/album/%E5%A6%82%E6%9E%9C%E4%BD%A0%E4%B9%9F%E6%83%B3%E8%B5%B7%E6%88%91/1465709301?i=1465709491&uo=4
itunes_919008428,Whisper,少女时代-太蒂徐,Holler (The 2nd Mini Album) - EP,CN,china,itunes,国际流行,国际流行,轻快节奏搭配精致电子合成器铺底，三位歌手的和声线条柔滑交织，副歌部分明亮上扬，适合午后驾车或都市漫步时聆听，透出2010年代中期K-pop女子组合的时髦活力与甜美自信。,South Korea,KR,artist_origin_hint,CN,corrected_to_other_country,artist override or known artist origin -> KR,https://music.apple.com/cn/album/whisper/919008422?i=919008428&uo=4
itunes_1740224936,Time Machine (feat. 太妍 & MARK),道英,青春的泡沫 - The 1st Album,CN,china,itunes,K-Pop,K-Pop,清亮男声与空灵女声交织，搭配流畅说唱段落，合成器铺底营造梦幻氛围。适合深夜独处或城市夜行时聆听，感受青春记忆的温柔回响。,South Korea,KR,genre_or_metadata_hint,CN,corrected_to_other_country,genre/label/tags/description evidence -> KR,https://music.apple.com/cn/album/time-machine-feat-%E5%A4%AA%E5%A6%8D-mark/1740224930?i=1740224936&uo=4
itunes_1717568643,Melt Away,太妍,To. X - The 5th Mini Album - EP,CN,china,itunes,K-Pop,K-Pop,清冷合成器铺底搭配太妍标志性的气声唱腔，R&B节拍松弛流动，副歌旋律如冬日暖雾般缓缓升腾。适合深夜独处或雨天车窗旁的沉浸式聆听，都市情歌的当代质感中带着一丝慵懒的疏离。,South Korea,KR,genre_or_metadata_hint,CN,corrected_to_other_country,genre/label/tags/description evidence -> KR,https://music.apple.com/cn/album/melt-away/1717568641?i=1717568643&uo=4
itunes_965780785,SHAKE THAT BRASS (feat. TAEYEON),刘逸云,"The 1st Mini Album ""Beautiful"" - EP",CN,china,itunes,国际流行,国际流行,铜管乐句明亮跳跃，电子节拍干脆利落，两位歌手以充满能量的对唱将派对气氛推至高点，适合运动前热身或夜晚驾车时播放。,South Korea,KR,artist_origin_hint,CN,corrected_to_other_country,artist override or known artist origin -> KR,https://music.apple.com/cn/album/shake-that-brass-feat-taeyeon/965780780?i=965780785&uo=4
itunes_1717568646,All For Nothing,太妍,To. X - The 5th Mini Album - EP,CN,china,itunes,K-Pop,K-Pop,清冷合成器铺底交织纤细钢琴线条，太妍的声线在克制中层层推进，将都市夜归人的疲惫与释然缓缓摊开。适合独处车窗或深夜耳机里，让情绪安静沉降。,South Korea,KR,genre_or_metadata_hint,CN,corrected_to_other_country,genre/label/tags/description evidence -> KR,https://music.apple.com/cn/album/all-for-nothing/1717568641?i=1717568646&uo=4
itunes_1540895610,Nectar,威神V,NCT RESONANCE Pt. 2 - The 2nd Album,CN,china,itunes,K-Pop,K-Pop,威神V《Nectar》以流畅的R&B基底融合K-Pop精致制作，中速律动铺陈出慵懒而性感的氛围。合成器音色与层次和声交织，适合深夜独处或都市夜行时聆听，2020年发行至今仍是华语流行男子组合展现成熟魅力的代表作之一。,China,CN,genre_or_metadata_hint,CN,confirmed_china_family,genre/label/tags/description evidence -> CN,https://music.apple.com/cn/album/nectar/1540895592?i=1540895610&uo=4
itunes_854928929,Replay,SHINee,Replay The First Mini Album - EP,CN,china,itunes,K-Pop,K-Pop,轻快律动的R&B舞曲，合成器铺底搭配清脆鼓点，少年感声线流淌于都市夜色。适合通勤途中或聚会暖场时聆听，唤起千禧年末东亚流行乐的青涩活力。,South Korea,KR,genre_or_metadata_hint,CN,corrected_to_other_country,genre/label/tags/description evidence -> KR,https://music.apple.com/cn/album/replay/854925787?i=854928929&uo=4
itunes_1590847147,I Need A Girl,太阳 & 权志龙,Solar (International Release Album),CN,china,itunes,K-Pop,K-Pop,轻快旋律搭配嘻哈节拍，太阳温暖声线与权志龙利落说唱交织，呈现出2010年代韩式流行舞曲的典型风貌。电子合成器铺底，副歌朗朗上口，适合夜晚驾车或聚会暖场时播放，青春气息扑面而来。,South Korea,KR,genre_or_metadata_hint,CN,corrected_to_other_country,genre/label/tags/description evidence -> KR,https://music.apple.com/cn/album/i-need-a-girl/1590846928?i=1590847147&uo=4
itunes_1609050009,Set Myself On Fire,太妍,INVU - The 3rd Album,CN,china,itunes,K-Pop,K-Pop,清冷合成器铺底搭配太妍极具穿透力的高音，副歌层层推进的电子节拍营造出冰与火交织的张力，适合深夜独处时沉浸聆听。,South Korea,KR,genre_or_metadata_hint,CN,corrected_to_other_country,genre/label/tags/description evidence -> KR,https://music.apple.com/cn/album/set-myself-on-fire/1609049611?i=1609050009&uo=4
itunes_1591346617,Crazy Over You,BLACKPINK,THE ALBUM,CN,china,itunes,K-Pop,K-Pop,低沉贝线与迷离合成器交织，BLACKPINK以慵懒而危险的嗓音游走在欲望边缘。这首K-Pop作品将陷阱节拍与复古R&B质感熔于一炉，副歌骤然绽放的密集鼓点恰似心跳失控的瞬间——适合深夜独处时戴上耳机，任情绪随霓虹色音浪缓缓沉溺。,South Korea,KR,artist_origin_hint,CN,corrected_to_other_country,artist override or known artist origin -> KR,https://music.apple.com/cn/album/crazy-over-you/1591346251?i=1591346617&uo=4
itunes_1440763358,First Love (Remastered 2014),Utada,First Love (Remastered 2014),CN,china,itunes,J-Pop,J-Pop,清澈女声流淌于钢琴与弦乐交织的编曲之上，这首J-Pop经典以细腻旋律勾勒初恋的悸动与怅惘。适合独处时重温九十年代末的温柔氛围，让记忆随舒缓节奏轻轻荡漾。,Japan,JP,artist_origin_hint,CN,corrected_to_other_country,artist override or known artist origin -> JP,https://music.apple.com/cn/album/first-love-remastered-2014/1440763349?i=1440763358&uo=4
itunes_749752394,I've Got the World On a String,Frank Sinatra,The Complete Capitol Singles Collection,SG,china,itunes,Pop,Pop,慵懒的爵士大乐队铺陈出丝绒般的夜色调，Sinatra的嗓音松弛而自信，仿佛手持香槟倚在午夜吧台。铜管与弦乐交织出1950年代都会风情，适合独处时浅酌或都市夜归途中聆听，让霓虹灯影在旋律里缓缓流动。,United States,US,artist_origin_hint,SG,corrected_to_other_country,artist override or known artist origin -> US,https://music.apple.com/sg/album/ive-got-the-world-on-a-string/749752194?i=749752394&uo=4
itunes_1440739843,You Can't Hurry Love,The Supremes,Diana Ross & The Supremes: The No. 1's,SG,china,itunes,R&B/Soul,R&B/Soul,明亮的三重女声交织出跃动的摩城灵魂乐节奏，铜管与贝斯线条利落紧凑，适合午后咖啡或轻快步行的都市时刻，复古暖意中透着不褪色的优雅活力。,Singapore,SG,itunes_storefront,SG,corrected_to_other_country,non-China iTunes storefront retained -> SG,https://music.apple.com/sg/album/you-cant-hurry-love/1440739742?i=1440739843&uo=4
itunes_1077242828,一步一步來,Liang Wern-Fook,好與不好之外,SG,china,itunes,Oldies,Oldies,木吉他铺陈出温润底色，梁文福的声线带着南洋午后特有的从容，像旧书页里夹着的银杏，缓慢舒展。适合独处时沏一壶茶，让2007年的阳光从窗棂漏进来，一步一步，把匆忙的日子走成散步。,Singapore,SG,genre_or_metadata_hint,SG,corrected_to_other_country,genre/label/tags/description evidence -> SG,https://music.apple.com/sg/album/%E4%B8%80%E6%AD%A5%E4%B8%80%E6%AD%A5%E4%BE%86/1077242826?i=1077242828&uo=4
itunes_951162997,Stuck On You,Elvis Presley,"Elvis' Golden Records, Vol. 3",SG,china,itunes,Pop,Pop,轻快温暖的吉他拨弦搭配 Elvis 慵懒迷人的嗓音，六十年代流行金曲的复古浪漫扑面而来，适合午后咖啡或驾车漫游时单曲循环。,United States,US,artist_origin_hint,SG,corrected_to_other_country,artist override or known artist origin -> US,https://music.apple.com/sg/album/stuck-on-you/951157990?i=951162997&uo=4
itunes_1164864412,Bunga,MASDO,Bunga - Single,SG,china,itunes,Oldies,Oldies,轻快的吉他拨弦搭配复古合成器音色，勾勒出南洋旧街角的慵懒午后。MASDO以温润声线演绎这首2016年的怀旧小品，适合咖啡馆独处或黄昏散步时聆听，老式情歌的骨架里藏着热带季风般的松弛。,Singapore,SG,genre_or_metadata_hint,SG,corrected_to_other_country,genre/label/tags/description evidence -> SG,https://music.apple.com/sg/album/bunga/1164863870?i=1164864412&uo=4
itunes_343476302,White Christmas,The Drifters,White Christmas / The Bells of St. Mary's (45 Version) - Single,SG,china,itunes,Christmas,Christmas,经典圣诞金曲以 doo-wop 和声重新演绎，四重唱男声交织出温暖慵懒的摇摆节奏，钢琴与贝斯铺陈复古五十年代氛围，适合冬夜壁炉旁轻声跟唱或节日聚会时营造怀旧温馨情调。,Singapore,SG,itunes_storefront,SG,corrected_to_other_country,non-China iTunes storefront retained -> SG,https://music.apple.com/sg/album/white-christmas/343476293?i=343476302&uo=4
itunes_40284677,I'll Never Fall In Love Again,Dionne Warwick,I'll Never Fall In Love Again,SG,china,itunes,R&B/Soul,R&B/Soul,Dionne Warwick 以丝绒般醇厚的嗓音演绎这首经典情歌，弦乐铺陈出七十年代都市夜色的朦胧底色，萨克斯风适时低吟，适合独处窗前或深夜驾车时静静聆听。,Singapore,SG,itunes_storefront,SG,corrected_to_other_country,non-China iTunes storefront retained -> SG,https://music.apple.com/sg/album/ill-never-fall-in-love-again/40284673?i=40284677&uo=4
itunes_423444685,Dream Lover,Bobby Darin,Golden Oldies Vol 1,SG,china,itunes,Vocal,Vocal,轻快的摇摆节奏搭配 Bobby Darin 温润迷人的嗓音，这首经典老歌散发着五十年代末六十年代初的复古浪漫气息。钢琴与弦乐交织出慵懒而甜蜜的夜曲氛围，适合烛光晚餐或深夜独酌时聆听，让人沉醉于旧日好莱坞式的温柔梦境。,Singapore,SG,itunes_storefront,SG,corrected_to_other_country,non-China iTunes storefront retained -> SG,https://music.apple.com/sg/album/dream-lover/423444636?i=423444685&uo=4
itunes_1442889100,Touch Me In the Morning,Diana Ross,Touch Me In the Morning,SG,china,itunes,R&B/Soul,R&B/Soul,丝绒质感的灵魂乐女声在晨曦中缓缓铺展，弦乐编排如薄雾轻笼，钢琴与低音提琴勾勒出七十年代都市情歌的慵懒轮廓，适合独处时一杯温咖啡的慢调时刻。,Singapore,SG,itunes_storefront,SG,corrected_to_other_country,non-China iTunes storefront retained -> SG,https://music.apple.com/sg/album/touch-me-in-the-morning/1442888885?i=1442889100&uo=4
itunes_995155435,Hard To Handle,Otis Redding,The Immortal Otis Redding,SG,china,itunes,R&B/Soul,R&B/Soul,粗犷的铜管与跃动的电吉他交织，Otis Redding以沙哑炽热的嗓音诠释这首灵魂乐经典。六十年代南方R&B的原始能量扑面而来，适合深夜独酌或驱车穿行城市灯火时聆听，让躁动的节奏点燃心底未熄的火焰。,Singapore,SG,itunes_storefront,SG,corrected_to_other_country,non-China iTunes storefront retained -> SG,https://music.apple.com/sg/album/hard-to-handle/995155422?i=995155435&uo=4
itunes_1442566727,呼拉拉夷,Chang Loo,張露之歌,SG,china,itunes,Oldies,Oldies,轻快俏皮的中文老歌，爵士大乐队风格，铜管与钢琴交织出五十年代夜上海舞厅的摇曳风情，适合复古派对或深夜独酌时聆听。,China,CN,genre_or_metadata_hint,SG,confirmed_china_family,genre/label/tags/description evidence -> CN,https://music.apple.com/sg/album/%E5%91%BC%E6%8B%89%E6%8B%89%E5%A4%B7/1442566362?i=1442566727&uo=4
itunes_1443096495,It's the Same Old Song,Four Tops,Second Album,SG,china,itunes,R&B/Soul,R&B/Soul,四把浑厚的男声交织出摩城经典的灵魂乐张力，铜管与弦乐铺陈出六十年代舞池的炽热氛围，适合深夜独酌或复古派对中随拍掌节奏轻摆。,Singapore,SG,itunes_storefront,SG,corrected_to_other_country,non-China iTunes storefront retained -> SG,https://music.apple.com/sg/album/its-the-same-old-song/1443096418?i=1443096495&uo=4
itunes_949550113,Hawaiian Wedding Song,Elvis Presley,Blue Hawaii (Original Soundtrack),SG,china,itunes,Pop,Pop,轻柔的吉他拨弦与舒缓的弦乐交织，Elvis Presley以温暖醇厚的嗓音吟唱这首六十年代经典，宛如热带海风拂过椰林，适合黄昏时分独自静听或浪漫场合重温旧梦。,United States,US,artist_origin_hint,SG,corrected_to_other_country,artist override or known artist origin -> US,https://music.apple.com/sg/album/hawaiian-wedding-song/949550016?i=949550113&uo=4
itunes_1434893032,Where the Boys Are,Connie Francis,The Very Best of Connie Francis - Connie's 21 Biggest Hits,SG,china,itunes,Vocal,Vocal,醇美女声流淌出六十年代初的抒情韵味，弦乐铺陈如丝绒幕布，钢琴点缀其间，适合黄昏独酌或怀旧派对中轻晃酒杯，让慢板的温柔将时光轻轻折叠。,Singapore,SG,itunes_storefront,SG,corrected_to_other_country,non-China iTunes storefront retained -> SG,https://music.apple.com/sg/album/where-the-boys-are/1434892650?i=1434893032&uo=4
itunes_1442566528,花嫁,Chang Loo,張露之歌,SG,china,itunes,Oldies,Oldies,轻柔曼妙的五十年代国语老歌，张露以甜润婉转的嗓音，将待嫁少女的娇羞与期盼娓娓道来。弦乐与轻爵士编曲交织，适合午后红茶或复古舞会中细品旧日风华。,China,CN,genre_or_metadata_hint,SG,confirmed_china_family,genre/label/tags/description evidence -> CN,https://music.apple.com/sg/album/%E8%8A%B1%E5%AB%81/1442566362?i=1442566528&uo=4
itunes_261067148,Little Sister,Elvis Presley,2nd to None,SG,china,itunes,Rock,Rock,这首六十年代摇滚金曲以明快的吉他扫弦与跳跃的钢琴铺底，搭配慵懒而热情的男声演绎，散发着复古美式摇滚的俏皮魅力。适合午后驾车或朋友聚会时播放，让经典节奏唤醒轻松愉悦的好心情。,United States,US,artist_origin_hint,SG,corrected_to_other_country,artist override or known artist origin -> US,https://music.apple.com/sg/album/little-sister/261066640?i=261067148&uo=4
itunes_1077252394,让夜轻轻落下,潘盈,愛的名字,SG,china,itunes,Oldies,Oldies,轻柔女声伴着钢琴与弦乐缓缓流淌，这首2000年代华语抒情老歌适合深夜独处时聆听，让疲惫随夜色一同沉静落下。,China,CN,genre_or_metadata_hint,SG,confirmed_china_family,genre/label/tags/description evidence -> CN,https://music.apple.com/sg/album/%E8%AE%A9%E5%A4%9C%E8%BD%BB%E8%BD%BB%E8%90%BD%E4%B8%8B/1077252378?i=1077252394&uo=4
itunes_872641223,Tracks of My Tears,Linda Ronstadt,Prisoner In Disguise,SG,china,itunes,Pop,Pop,七十年代流行金曲，Linda Ronstadt以温暖饱满的嗓音重新演绎经典。吉他与人声交织，旋律流畅抒情，适合深夜独处或怀旧时刻静静聆听，感受时光沉淀的温柔与惆怅。,United States,US,artist_origin_hint,SG,corrected_to_other_country,artist override or known artist origin -> US,https://music.apple.com/sg/album/tracks-of-my-tears/872641207?i=872641223&uo=4
itunes_208115171,Venus (Remastered),Frankie Avalon,"Frankie Avalon: From the Vault, Vol. 1",SG,china,itunes,Vocal,Vocal,轻柔抒情的男声吟唱，搭配五十年代末典型的弦乐铺底与简洁流行编曲，营造出星空下的浪漫遐想。适合深夜独处或复古主题聚会时聆听，感受早期摇滚情歌的纯真年代质感。,Singapore,SG,itunes_storefront,SG,corrected_to_other_country,non-China iTunes storefront retained -> SG,https://music.apple.com/sg/album/venus-remastered/208114375?i=208115171&uo=4
itunes_299969877,Suspicion,Terry Stafford,Suspicion!,SG,china,itunes,Pop,Pop,低沉嗓音裹挟着六十年代流行乐的浪漫张力，钢琴与弦乐铺陈出午夜独处的私密氛围，适合霓虹渐暗时分的怀旧独酌。,Singapore,SG,itunes_storefront,SG,corrected_to_other_country,non-China iTunes storefront retained -> SG,https://music.apple.com/sg/album/suspicion/299969874?i=299969877&uo=4
itunes_1588003725,有点甜 (feat. By2),Silence Wang,万有引力,SG,china,itunes,Mandopop,Mandopop,轻快明亮的男女对唱，钢琴与吉他铺陈出夏日气泡水的清甜氛围，副歌旋律朗朗上口，适合午后通勤或校园漫步时单曲循环，是2010年代华语流行中典型的青春恋爱小品。,China,CN,genre_or_metadata_hint,SG,confirmed_china_family,genre/label/tags/description evidence -> CN,https://music.apple.com/sg/album/%E6%9C%89%E7%82%B9%E7%94%9C-feat-by2/1588003718?i=1588003725&uo=4
itunes_1411387590,If I Were Young,Li Ronghao,If I Were Young - Single,SG,china,itunes,Mandopop,Mandopop,李荣浩以沙哑而内敛的嗓音，将都市人的遗憾与回望缓缓铺陈。钢琴与弦乐交织出沉静的底色，副歌处鼓点渐入，情绪层层堆叠却不泛滥。适合深夜独处或通勤途中聆听，一首关于时光与选择的华语流行叙事曲。,China,CN,genre_or_metadata_hint,SG,confirmed_china_family,genre/label/tags/description evidence -> CN,https://music.apple.com/sg/album/if-i-were-young/1411387580?i=1411387590&uo=4
itunes_1071506930,愛笑的眼睛,JJ Lin,她說,SG,china,itunes,Mandopop,Mandopop,钢琴与弦乐铺陈出温柔底色，林俊杰清亮的嗓音在副歌处层层推高，像深夜独坐窗前时忽然照进的一束月光。这首2010年代华语流行 ballad 适合雨夜通勤或独处疗愈，情绪在克制与释放间找到恰好平衡。,China,CN,genre_or_metadata_hint,SG,confirmed_china_family,genre/label/tags/description evidence -> CN,https://music.apple.com/sg/album/%E6%84%9B%E7%AC%91%E7%9A%84%E7%9C%BC%E7%9D%9B/1071506928?i=1071506930&uo=4
itunes_1787930244,演员,Joker Xue,初学者,SG,china,itunes,Mandopop,Mandopop,钢琴铺陈的叙事底色上，弦乐层层推涌，副歌以戏剧化的真假音转换撕裂克制假面。适合深夜独处时反复咀嚼那些未曾说破的台词，一首关于体面谢幕的当代都市情歌。,China,CN,genre_or_metadata_hint,SG,confirmed_china_family,genre/label/tags/description evidence -> CN,https://music.apple.com/sg/album/%E6%BC%94%E5%91%98/1787929894?i=1787930244&uo=4
itunes_1834199249,連名帶姓,aMEI,偷故事的人,SG,china,itunes,Mandopop,Mandopop,张惠妹以沉稳而饱满的嗓音，将一段欲言又止的情感娓娓道来。钢琴与弦乐层层铺展，副歌处情绪骤然倾泻，适合深夜独处时静静聆听。,China,CN,genre_or_metadata_hint,SG,confirmed_china_family,genre/label/tags/description evidence -> CN,https://music.apple.com/sg/album/%E9%80%A3%E5%90%8D%E5%B8%B6%E5%A7%93/1834198554?i=1834199249&uo=4
itunes_1694849138,Practice Love,JJ Lin,Stories Untold,SG,china,itunes,Mandopop,Mandopop,钢琴与弦乐铺陈出细腻的情感底色，JJ Lin标志性的清亮声线在中板节奏中缓缓推进，副歌部分张力渐强，适合深夜独处时反复聆听。这首2013年的华语流行曲以抒情摇滚为骨架，合成器点缀增添现代感，整体氛围温柔而克制。,China,CN,genre_or_metadata_hint,SG,confirmed_china_family,genre/label/tags/description evidence -> CN,https://music.apple.com/sg/album/practice-love/1694849133?i=1694849138&uo=4
itunes_454437498,那些年,Fox Hu,"那些年,我們一起追的女孩 (電影原聲帶)",SG,china,itunes,Soundtrack,Soundtrack,钢琴与弦乐铺陈出青涩的校园底色，男声以干净咬字缓缓道出时光倒流里的遗憾与温柔。适合深夜独处或雨后窗前，让记忆随旋律自然泛潮。,Singapore,SG,itunes_storefront,SG,corrected_to_other_country,non-China iTunes storefront retained -> SG,https://music.apple.com/sg/album/%E9%82%A3%E4%BA%9B%E5%B9%B4/454437231?i=454437498&uo=4
itunes_151338480,可惜不是你,Fish Leong,Silkroad of Love,SG,china,itunes,Mandopop,Mandopop,钢琴与弦乐铺陈出2000年代华语流行的经典底色，梁静茹的声线温柔而克制，将遗憾与释然交织成深夜独处的疗愈时刻。适合雨夜窗前或旧友重逢后的静默回想。,China,CN,genre_or_metadata_hint,SG,confirmed_china_family,genre/label/tags/description evidence -> CN,https://music.apple.com/sg/album/%E5%8F%AF%E6%83%9C%E4%B8%8D%E6%98%AF%E4%BD%A0/151338382?i=151338480&uo=4
itunes_1787929825,演员,Joker Xue,绅士 - Single,SG,china,itunes,Mandopop,Mandopop,钢琴与弦乐铺陈出都市夜色的疏离感，男声以克制而细腻的咬字演绎情感博弈中的疲惫与自嘲。副歌旋律线条流畅且记忆度高，适合独处时 replay 的抒情慢板，带着2010年代华语流行特有的精致伤感。,China,CN,genre_or_metadata_hint,SG,confirmed_china_family,genre/label/tags/description evidence -> CN,https://music.apple.com/sg/album/%E6%BC%94%E5%91%98/1787929823?i=1787929825&uo=4
itunes_1071753628,江南,JJ Lin,第二天堂(江南),SG,china,itunes,Mandopop,Mandopop,钢琴前奏如细雨落青石，弦乐铺陈出朦胧水乡。JJ Lin的声线清澈缠绵，R&B转音融入中式五声音阶，2004年华语乐坛经典的抒情慢板。适合深夜独处或雨天窗前，听一遍就回到烟波浩渺的江南旧梦。,China,CN,genre_or_metadata_hint,SG,confirmed_china_family,genre/label/tags/description evidence -> CN,https://music.apple.com/sg/album/%E6%B1%9F%E5%8D%97/1071753622?i=1071753628&uo=4
itunes_1137528420,"你,好不好?(TVBS連續劇【遺憾拼圖】片尾曲)",Eric Chou,What Love Has Taught Us,SG,china,itunes,Mandopop,Mandopop,钢琴与弦乐铺陈出温润的叙事底色，Eric Chou 以克制而深情的声线演绎都会情歌的遗憾与眷恋。适合深夜独处或雨后窗边的聆听时刻，让未说出口的想念随旋律缓缓沉降。,China,CN,genre_or_metadata_hint,SG,confirmed_china_family,genre/label/tags/description evidence -> CN,https://music.apple.com/sg/album/%E4%BD%A0-%E5%A5%BD%E4%B8%8D%E5%A5%BD-tvbs%E9%80%A3%E7%BA%8C%E5%8A%87-%E9%81%BA%E6%86%BE%E6%8B%BC%E5%9C%96-%E7%89%87%E5%B0%BE%E6%9B%B2/1137528397?i=1137528420&uo=4
itunes_1332967844,你要的全拿走,Tiger Hu,你要的全拿走 - Single,SG,china,itunes,Mandopop,Mandopop,钢琴与电子合成器交织出都市夜晚的冷冽质感，胡彦斌以张力十足的声线演绎情感博弈中的决绝与疲惫。适合独处时循环，让旋律里的克制爆发替你开口。,China,CN,genre_or_metadata_hint,SG,confirmed_china_family,genre/label/tags/description evidence -> CN,https://music.apple.com/sg/album/%E4%BD%A0%E8%A6%81%E7%9A%84%E5%85%A8%E6%8B%BF%E8%B5%B0/1332967509?i=1332967844&uo=4
itunes_1071506932,當你,JJ Lin,她說,SG,china,itunes,Mandopop,Mandopop,钢琴缓缓铺陈，弦乐层层叠入，JJ Lin以温润嗓音演绎这首 Mandarin 抒情 ballad。适合深夜独处或雨天窗前，让情绪随旋律静静流淌。,China,CN,genre_or_metadata_hint,SG,confirmed_china_family,genre/label/tags/description evidence -> CN,https://music.apple.com/sg/album/%E7%95%B6%E4%BD%A0/1071506928?i=1071506932&uo=4
itunes_255921025,我不難過,Yanzi Sun,未完成,SG,china,itunes,Mandopop,Mandopop,孙燕姿以清澈嗓音铺展千禧年初华语流行的抒情底色，钢琴与弦乐交织出都市夜色的孤独轮廓，副歌处情绪层层堆叠却不失克制，适合独处时 replay 那些未曾说出口的遗憾。,China,CN,genre_or_metadata_hint,SG,confirmed_china_family,genre/label/tags/description evidence -> CN,https://music.apple.com/sg/album/%E6%88%91%E4%B8%8D%E9%9B%A3%E9%81%8E/255920420?i=255921025&uo=4
itunes_535085181,Queen,Andrew Tan,Love Again·Queen,SG,china,itunes,Mandopop,Mandopop,温润男声铺陈都市情歌底色，钢琴与弦乐交织出2010年代华语流行的精致编曲。副歌线条舒展，适合深夜独处或驾车穿行霓虹街道时聆听，情感浓度适中，带着新加坡华语乐坛一贯的工整与细腻。,Singapore,SG,genre_or_metadata_hint,SG,corrected_to_other_country,genre/label/tags/description evidence -> SG,https://music.apple.com/sg/album/queen/535084844?i=535085181&uo=4
itunes_1158763993,好好 (想把你寫成一首歌),Mayday,自傳,SG,china,itunes,Mandopop,Mandopop,五月天《好好（想把你寫成一首歌）》以溫暖鋼琴與弦樂鋪陳，阿信嗓音真摯內斂，副歌層層推疊至搖滾編制。整曲瀰漫懷舊與釋然的氛圍，適合深夜獨處或回首往事時靜靜聆聽，是華語流行中雋永的抒情之作。,China,CN,genre_or_metadata_hint,SG,confirmed_china_family,genre/label/tags/description evidence -> CN,https://music.apple.com/sg/album/%E5%A5%BD%E5%A5%BD-%E6%83%B3%E6%8A%8A%E4%BD%A0%E5%AF%AB%E6%88%90%E4%B8%80%E9%A6%96%E6%AD%8C/1158763922?i=1158763993&uo=4
itunes_165274273,Fairy Tale,Michael Wong,Fairy Tale,SG,china,itunes,Mandopop,Mandopop,清澈钢琴前奏缓缓铺开，Michael Wong以温柔男声演绎这首2005年经典华语情歌。弦乐层层晕染，旋律简洁而记忆深刻，适合深夜独处或雨后窗前静听，是千禧年代台式抒情流行的代表性声响。,China,CN,genre_or_metadata_hint,SG,confirmed_china_family,genre/label/tags/description evidence -> CN,https://music.apple.com/sg/album/fairy-tale/165274168?i=165274273&uo=4
itunes_290187219,黃昏,Steve Chou,Transfer,SG,china,itunes,Mandopop,Mandopop,钢琴前奏如暮色缓缓沉降，周传雄沙哑嗓音铺展千禧年台式抒情摇滚的绵长余韵。弦乐层层推涌，适合独处车窗或深夜台灯下，让未竟的心事随尾奏吉他慢慢散入暗蓝天际。,China,CN,genre_or_metadata_hint,SG,confirmed_china_family,genre/label/tags/description evidence -> CN,https://music.apple.com/sg/album/%E9%BB%83%E6%98%8F/290187204?i=290187219&uo=4
itunes_666994388,泡沫,G.E.M.,The Best of G.E.M. 2008-2012 (Deluxe Version),SG,china,itunes,Mandopop,Mandopop,钢琴前奏如泡沫般轻盈易碎，G.E.M.以极具穿透力的嗓音演绎都市情感的脆弱与幻灭。弦乐层层铺陈，副歌爆发力十足，适合深夜独处时直面心事，是2010年代华语流行情歌的典型之作。,Hong Kong,HK,artist_origin_hint,SG,confirmed_china_family,artist override or known artist origin -> HK,https://music.apple.com/sg/album/%E6%B3%A1%E6%B2%AB/666994246?i=666994388&uo=4
itunes_1071752115,小酒窩 (feat. 蔡卓妍),JJ Lin,JJ陸,SG,china,itunes,Mandopop,Mandopop,輕快的鋼琴前奏鋪陳出甜蜜氛圍，男女聲線交織成2000年代華語流行經典對唱。弦樂襯底與簡潔節拍適合午後咖啡時光或都市夜歸路途，溫暖旋律承載著戀人間的細膩絮語。,China,CN,genre_or_metadata_hint,SG,confirmed_china_family,genre/label/tags/description evidence -> CN,https://music.apple.com/sg/album/%E5%B0%8F%E9%85%92%E7%AA%A9-feat-%E8%94%A1%E5%8D%93%E5%A6%8D/1071752047?i=1071752115&uo=4
itunes_1416149931,I Love You,David Tao,David Tao,SG,china,itunes,Mandopop,Mandopop,轻快的吉他扫弦与流畅的键盘铺底交织，陶喆以慵懒而真挚的嗓音演绎这首九〇年代末华语R&B情歌，适合午后窗边独处或城市夜驾时循环播放。,China,CN,genre_or_metadata_hint,SG,confirmed_china_family,genre/label/tags/description evidence -> CN,https://music.apple.com/sg/album/i-love-you/1416149926?i=1416149931&uo=4
itunes_1766456183,嘉宾,Zhang Yuan,嘉宾 - Single,SG,china,itunes,Mandopop,Mandopop,钢琴缓缓铺开叙事底色，张远以克制而饱满的声线演绎一场婚礼上的复杂心绪。弦乐层层推涌，副歌释放隐忍的痛楚，适合深夜独处时 replay 的抒情 ballad。华语流行，2020 年代都市情感切面。,China,CN,genre_or_metadata_hint,SG,confirmed_china_family,genre/label/tags/description evidence -> CN,https://music.apple.com/sg/album/%E5%98%89%E5%AE%BE/1766456182?i=1766456183&uo=4
itunes_672641999,Red High Heels,Tanya Chua,If You See Him,SG,china,itunes,Mandopop,Mandopop,蔡健雅以慵懒而略带沙哑的嗓音，将都市夜色的暧昧与独立女性的洒脱缝入旋律。吉他拨弦与电子氛围交织，千禧年后的华语流行质感中，藏着适合深夜独酌或雨后驾车时播放的私密情绪。,China,CN,genre_or_metadata_hint,SG,confirmed_china_family,genre/label/tags/description evidence -> CN,https://music.apple.com/sg/album/red-high-heels/672641879?i=672641999&uo=4
itunes_546243295,寂寞寂寞就好,Hebe Tien,To Hebe,SG,china,itunes,Mandopop,Mandopop,钢琴与弦乐铺陈出深夜独白般的氛围，田馥甄以克制而清透的嗓音演绎都市情歌，副歌层层推进的编曲适合独处时静静聆听，是2010年代华语流行中细腻抒情的代表作。,China,CN,genre_or_metadata_hint,SG,confirmed_china_family,genre/label/tags/description evidence -> CN,https://music.apple.com/sg/album/%E5%AF%82%E5%AF%9E%E5%AF%82%E5%AF%9E%E5%B0%B1%E5%A5%BD/545945568?i=546243295&uo=4
itunes_542922095,十年,Eason Chan,你的陳奕迅國語精選,SG,china,itunes,Mandopop,Mandopop,钢琴前奏缓缓铺开，陈奕迅低沉而克制的声线将一段漫长时光里的遗憾与释然娓娓道来。弦乐渐入时情绪层层堆叠，副歌以直白却深切的词句叩击听者记忆，适合深夜独处或旧友重逢时静静聆听。,Hong Kong,HK,artist_origin_hint,SG,confirmed_china_family,artist override or known artist origin -> HK,https://music.apple.com/sg/album/%E5%8D%81%E5%B9%B4/542922079?i=542922095&uo=4
itunes_347295290,雨愛,Rainie Yang,Rainie & Love?,SG,china,itunes,Mandopop,Mandopop,钢琴与弦乐交织出潮湿的都市夜景，杨丞琳的声线在中慢板节奏里带着细腻的呼吸感，适合雨天独处时循环播放。2009年末华语流行典型的抒情编曲，合成器铺底让副歌情绪层层推进，是一首关于思念与放手的深夜情歌。,China,CN,genre_or_metadata_hint,SG,confirmed_china_family,genre/label/tags/description evidence -> CN,https://music.apple.com/sg/album/%E9%9B%A8%E6%84%9B/347295255?i=347295290&uo=4
itunes_162143617,Later,Rene Liu,Waiting for You,SG,china,itunes,Mandopop,Mandopop,刘若英《后来》以钢琴与弦乐铺陈，千禧年前后华语流行经典。温婉女声娓娓道来遗憾与成长，副歌旋律开阔而感伤，适合深夜独处或雨后窗前静静 replay。,China,CN,genre_or_metadata_hint,SG,confirmed_china_family,genre/label/tags/description evidence -> CN,https://music.apple.com/sg/album/later/162143534?i=162143617&uo=4
itunes_893291710,愛如潮水,Jeff Chang,永恆金曲 (典藏精選),SG,china,itunes,Mandopop,Mandopop,钢琴前奏缓缓铺开，张信哲清亮的声线如细流穿石，将隐忍与深情化作九十年代的经典情歌。弦乐层层推进，适合深夜独处时静静回味那些未曾说出口的眷恋。,China,CN,genre_or_metadata_hint,SG,confirmed_china_family,genre/label/tags/description evidence -> CN,https://music.apple.com/sg/album/%E6%84%9B%E5%A6%82%E6%BD%AE%E6%B0%B4/893291540?i=893291710&uo=4
itunes_1071752117,醉赤壁,JJ Lin,JJ陸,SG,china,itunes,Mandopop,Mandopop,这首作品以现代华语流行为骨架，融入古典诗词意境与东方弦乐铺陈，钢琴与电子音色交织出苍茫战场与儿女情长的双重画面。林俊杰的声线在副歌处层层推进，适合独处夜读或雨窗独酌时聆听，让千年赤壁的烽烟与醉意缓缓漫入此刻。,China,CN,genre_or_metadata_hint,SG,confirmed_china_family,genre/label/tags/description evidence -> CN,https://music.apple.com/sg/album/%E9%86%89%E8%B5%A4%E5%A3%81/1071752047?i=1071752117&uo=4
itunes_535741167,隱形的翅膀,Angela Chang,潘朵拉,SG,china,itunes,Mandopop,Mandopop,清澈女声乘着轻盈吉他铺陈与柔和弦乐，展开千禧年代中期华语流行典型的励志抒情篇章。旋律线条流畅上扬，副歌释放温暖而坚定的力量，适合独处时重拾勇气或黄昏通勤途中静静聆听。,China,CN,genre_or_metadata_hint,SG,confirmed_china_family,genre/label/tags/description evidence -> CN,https://music.apple.com/sg/album/%E9%9A%B1%E5%BD%A2%E7%9A%84%E7%BF%85%E8%86%80/535741165?i=535741167&uo=4
itunes_544934807,泡沫,G.E.M.,Xposed (Deluxe Version),SG,china,itunes,Mandopop,Mandopop,钢琴前奏如碎光倾泻，G.E.M.以极具张力的声线演绎这首都市情歌，电子节拍与弦乐层层堆叠，将脆弱与倔强交织成2010年代华语流行乐坛极具辨识度的声音标本，适合深夜独处时反复聆听。,Hong Kong,HK,artist_origin_hint,SG,confirmed_china_family,artist override or known artist origin -> HK,https://music.apple.com/sg/album/%E6%B3%A1%E6%B2%AB/544934803?i=544934807&uo=4
itunes_1443764392,獨家記憶 (國),Jordan Chan,獨家記憶,SG,china,itunes,Mandopop,Mandopop,陈小春以沙哑而深情的嗓音演绎这首国语抒情金曲，钢琴与弦乐铺陈出浓郁的怀旧氛围，适合深夜独处或回忆往事时静静聆听。2000年代中后期的典型港式流行情歌风格，旋律婉转缠绵，副歌情绪层层堆叠，道尽爱情里不愿触碰的珍藏与遗憾。,China,CN,genre_or_metadata_hint,SG,confirmed_china_family,genre/label/tags/description evidence -> CN,https://music.apple.com/sg/album/%E7%8D%A8%E5%AE%B6%E8%A8%98%E6%86%B6-%E5%9C%8B/1443764286?i=1443764392&uo=4
itunes_539443539,浪費,Yoga Lin,大小說家,SG,china,itunes,Mandopop,Mandopop,钢琴与弦乐铺陈出深夜独处的氛围，林宥嘉以气声与真假音转换刻画执念与释然交织的独白。副歌层层推进的编曲适合雨夜行车或熄灯后佩戴耳机沉浸，是2010年代华语流行中典型的抒情摇滚质地，以克制的悲伤取代滥情。,China,CN,genre_or_metadata_hint,SG,confirmed_china_family,genre/label/tags/description evidence -> CN,https://music.apple.com/sg/album/%E6%B5%AA%E8%B2%BB/539443343?i=539443539&uo=4
itunes_935654980,喜劇之王,Li Ronghao,李榮浩,SG,china,itunes,Mandopop,Mandopop,低沉嗓音铺陈都市夜色的疏离，吉他拨弦与电子合成器交织出冷感氛围。副歌旋律线条利落，适合独处时循环，是2010年代华语流行中兼具复古灵魂乐气质与当代都会感的代表作。,China,CN,genre_or_metadata_hint,SG,confirmed_china_family,genre/label/tags/description evidence -> CN,https://music.apple.com/sg/album/%E5%96%9C%E5%8A%87%E4%B9%8B%E7%8E%8B/935650862?i=935654980&uo=4
itunes_1701384231,在加納共和國離婚,Firdhaus & DIOR 大穎,在加納共和國離婚 - Single,SG,china,itunes,Mandopop,Mandopop,钢琴与弦乐铺陈出克制的忧伤，男女声交替倾诉，像一场深夜里的平静告别。适合独处时聆听，让未说尽的话随旋律缓缓沉降。,China,CN,genre_or_metadata_hint,SG,confirmed_china_family,genre/label/tags/description evidence -> CN,https://music.apple.com/sg/album/%E5%9C%A8%E5%8A%A0%E7%B4%8D%E5%85%B1%E5%92%8C%E5%9C%8B%E9%9B%A2%E5%A9%9A/1701384228?i=1701384231&uo=4
itunes_1639204491,"Love of Cang Lan (Theme Song from ""Love Between Fairy and Devil"")",Faye,"Love of Cang Lan (Theme Song from ""Love Between Fairy and Devil"") - Single",SG,china,itunes,Soundtrack,Soundtrack,弦乐铺陈如云海翻涌，女声吟唱空灵婉转，钢琴与笛音交织出东方仙侠的宿命感。适合深夜独处或追剧回味时聆听，让情绪随旋律沉入苍兰般的梦境。,Singapore,SG,itunes_storefront,SG,corrected_to_other_country,non-China iTunes storefront retained -> SG,https://music.apple.com/sg/album/love-of-cang-lan-theme-song-from-love-between-fairy-and-devil/1639204490?i=1639204491&uo=4
itunes_1616484709,Best Friend,A-Lin,LINK,SG,china,itunes,Mandopop,Mandopop,A-Lin以醇厚饱满的嗓音演绎这首Mandopop抒情曲，钢琴与弦乐铺陈出温暖而略带感伤的氛围，适合深夜独处或回忆旧友时静静聆听，2022年发行。,China,CN,genre_or_metadata_hint,SG,confirmed_china_family,genre/label/tags/description evidence -> CN,https://music.apple.com/sg/album/best-friend/1616484313?i=1616484709&uo=4
itunes_905222894,至少還有你,Sandy Lam,林憶蓮's,SG,china,itunes,Mandopop,Mandopop,钢琴缓缓铺陈，林憶蓮的声线在弦乐烘托下低回婉转，将都市深夜的孤独与眷恋娓娓道来。这首千禧年前后的华语抒情经典，适合独处时静静聆听，让疲惫的心在温柔旋律中找到栖息之所。,China,CN,genre_or_metadata_hint,SG,confirmed_china_family,genre/label/tags/description evidence -> CN,https://music.apple.com/sg/album/%E8%87%B3%E5%B0%91%E9%82%84%E6%9C%89%E4%BD%A0/905222890?i=905222894&uo=4
itunes_1450796742,"Foolish Love (Theme Song from ""Fall in Love at First Kiss"")",Lala Hsu,"Foolish Love (Theme Song from ""Fall in Love at First Kiss"") - Single",SG,china,itunes,Soundtrack,Soundtrack,徐佳莹以清澈嗓音演绎这首电影主题曲，钢琴与弦乐铺陈出温柔底色，副歌层层推进的抒情编曲适合独处时静静聆听，2019年的流行抒情曲风带着台式偶像剧的甜蜜与酸涩。,Taiwan,TW,genre_or_metadata_hint,SG,confirmed_china_family,genre/label/tags/description evidence -> TW,https://music.apple.com/sg/album/foolish-love-theme-song-from-fall-in-love-at-first-kiss/1450796741?i=1450796742&uo=4
itunes_300117761,如果沒有你,Karen Mok,如果沒有你,SG,china,itunes,Mandopop,Mandopop,低沉钢琴与弦乐铺陈出深夜独处的氛围，莫文蔚以慵懒而克制的声线，将都市情歌的疏离与眷恋缓缓道来。适合雨夜行车或独处时聆听，是2000年代华语流行中极具质感的抒情之作。,China,CN,genre_or_metadata_hint,SG,confirmed_china_family,genre/label/tags/description evidence -> CN,https://music.apple.com/sg/album/%E5%A6%82%E6%9E%9C%E6%B2%92%E6%9C%89%E4%BD%A0/300117725?i=300117761&uo=4
itunes_905206479,普通朋友,David Tao,I'm O.K.,SG,china,itunes,Mandopop,Mandopop,丝滑吉他拨弦与陶喆标志性的真假音转换交织，营造出世纪末华语乐坛独有的都市夜晚氛围。中板节奏蓝调编曲中，钢琴与贝斯铺垫出慵懒而克制的律动，适合独处时反复聆听，让未尽的心事随旋律缓缓沉淀。,China,CN,genre_or_metadata_hint,SG,confirmed_china_family,genre/label/tags/description evidence -> CN,https://music.apple.com/sg/album/%E6%99%AE%E9%80%9A%E6%9C%8B%E5%8F%8B/905206471?i=905206479&uo=4
itunes_1464504134,光輝歲月,Beyond,Beyond - 25th Anniversary,SG,china,itunes,Cantopop,Cantopop,电吉他轰鸣与贝斯线条交织出九十年代港式摇滚的炽热血脉，鼓点如心跳般推动着对理想与时光的咏叹。主唱嗓音沙哑而坚定，在副歌处迸发出穿透力十足的集体共鸣，适合深夜独行或回望人生节点的时刻聆听。,Hong Kong,HK,artist_origin_hint,SG,confirmed_china_family,artist override or known artist origin -> HK,https://music.apple.com/sg/album/%E5%85%89%E8%BC%9D%E6%AD%B2%E6%9C%88/1464503952?i=1464504134&uo=4
itunes_280911996,遇見,Yanzi Sun,Your Song (2006 新歌+精選),SG,china,itunes,Mandopop,Mandopop,清透吉他鋪陳夏日午後的慵懶，孫燕姿的嗓音帶著千禧年初華語流行的真摯直白，鋼琴與弦樂漸次暈開，適合獨自漫步或窗邊發呆時反覆聆聽。,China,CN,genre_or_metadata_hint,SG,confirmed_china_family,genre/label/tags/description evidence -> CN,https://music.apple.com/sg/album/%E9%81%87%E8%A6%8B/280911988?i=280911996&uo=4
itunes_544205076,Angel Devil,Hebe Tien,My Love,SG,china,itunes,Mandopop,Mandopop,清透嗓音游走于天使与魔鬼的暧昧边界，钢琴与弦乐铺陈出都市夜晚的迷离氛围。适合独处时细品那些未曾说出口的执念与心动。,China,CN,genre_or_metadata_hint,SG,confirmed_china_family,genre/label/tags/description evidence -> CN,https://music.apple.com/sg/album/angel-devil/544154095?i=544205076&uo=4
itunes_1490822088,富士山下,Eason Chan,What's Going On...? (Remastered 2019),SG,china,itunes,Cantopop,Cantopop,钢琴前奏如落雪般清澈铺开，陈奕迅低沉而克制的声线将粤语歌词里的遗憾缓缓道来。弦乐与吉他交织出2000年代港式流行的经典底色，适合深夜独处或雨后车窗旁静静 replay 的抒情时刻。,Hong Kong,HK,artist_origin_hint,SG,confirmed_china_family,artist override or known artist origin -> HK,https://music.apple.com/sg/album/%E5%AF%8C%E5%A3%AB%E5%B1%B1%E4%B8%8B/1490822079?i=1490822088&uo=4
itunes_1422674971,Unconditional,Eason Chan,Getting Ready,SG,china,itunes,Cantopop,Cantopop,陈奕迅的《Unconditional》以粤语流行曲风为底，钢琴与弦乐铺陈出深情而内敛的声场。人声沉稳克制，副歌层层推进，适合独处时细味情感暗涌的夜晚。,Hong Kong,HK,artist_origin_hint,SG,confirmed_china_family,artist override or known artist origin -> HK,https://music.apple.com/sg/album/unconditional/1422674966?i=1422674971&uo=4
itunes_1158763998,派對動物,Mayday,自傳,SG,china,itunes,Mandopop,Mandopop,五月天〈派對動物〉以電子合成器與強勁鼓點為基底，打造熱血沸騰的派對現場氛圍。阿信高亢明亮的嗓音穿透層層音牆，副歌旋律極具傳唱度，適合演唱會萬人齊跳或深夜釋放壓力的狂歡時刻。2016年發行至今仍是華語樂壇鼓舞人心的經典舞曲。,China,CN,genre_or_metadata_hint,SG,confirmed_china_family,genre/label/tags/description evidence -> CN,https://music.apple.com/sg/album/%E6%B4%BE%E5%B0%8D%E5%8B%95%E7%89%A9/1158763922?i=1158763998&uo=4
itunes_540287928,沒那麼簡單,Tiger Huang,"Simple, or Not",SG,china,itunes,Mandopop,Mandopop,黃小琥以醇厚嗓音演繹這首都會情歌，鋼琴與弦樂鋪陳出深夜獨處的氛圍，副歌處情感層層堆疊，適合獨飲時細細咀嚼愛裡的妥協與清醒。,China,CN,genre_or_metadata_hint,SG,confirmed_china_family,genre/label/tags/description evidence -> CN,https://music.apple.com/sg/album/%E6%B2%92%E9%82%A3%E9%BA%BC%E7%B0%A1%E5%96%AE/540287837?i=540287928&uo=4
itunes_263948505,記得,aMEI,真實,SG,china,itunes,Mandopop,Mandopop,钢琴缓缓铺陈，弦乐层层推升，aMEI以浑厚饱满的嗓音演绎这首千禧年初的华语抒情经典。适合深夜独处时聆听，让情绪随旋律缓缓流淌。,China,CN,genre_or_metadata_hint,SG,confirmed_china_family,genre/label/tags/description evidence -> CN,https://music.apple.com/sg/album/%E8%A8%98%E5%BE%97/263948303?i=263948505&uo=4
itunes_1579903651,特別的人,Khalil Fong,危險世界,SG,china,itunes,Mandopop,Mandopop,温润的R&B声线搭配简约钢琴与轻电子节拍，方大同以慵懒而深情的口吻，在深夜独处或都市慢行时缓缓铺展关于「特别的人」的私密告白，属于2010年代华语流行中兼具复古灵魂质感与现代都会气息的抒情佳作。,China,CN,genre_or_metadata_hint,SG,confirmed_china_family,genre/label/tags/description evidence -> CN,https://music.apple.com/sg/album/%E7%89%B9%E5%88%A5%E7%9A%84%E4%BA%BA/1579903639?i=1579903651&uo=4
itunes_1209606737,Insomnia,Craig David,Rewind - The Collection,CN,china,itunes,国际流行,国际流行,Craig David 以标志性的丝滑转音铺展深夜独白，电子节拍如心跳般层层推进，合成器音色勾勒出都市凌晨的霓虹轮廓，适合独处时分循环播放。,United Kingdom,GB,artist_origin_hint,CN,corrected_to_other_country,artist override or known artist origin -> GB,https://music.apple.com/cn/album/insomnia/1209606459?i=1209606737&uo=4
itunes_577983295,千纸鹤,方大同,回到未来,CN,china,itunes,国语流行,国语流行,方大同以慵懒而精致的灵魂唱腔，将《千纸鹤》编织成一首温润的都市情歌。钢琴与轻快的节奏吉他交织，衬着流畅的贝斯线条，整体音色明亮却不失厚度，适合黄昏驾车或深夜独处时聆听，带着2010年代华语流行的摩登余韵。,China,CN,genre_or_metadata_hint,CN,confirmed_china_family,genre/label/tags/description evidence -> CN,https://music.apple.com/cn/album/%E5%8D%83%E7%BA%B8%E9%B9%A4/577983280?i=577983295&uo=4
itunes_313404804,小小虫,方大同,橙月,CN,china,itunes,国语流行,国语流行,方大同以慵懒而精准的假声轻吟，将都市夜晚的私密心事化作一首温润的R&B小品。钢琴与吉他交织出橙黄色月光般的柔和底色，鼓点轻巧如心跳，适合独处时戴上耳机，让旋律慢慢爬进心底那只小小的虫。,China,CN,genre_or_metadata_hint,CN,confirmed_china_family,genre/label/tags/description evidence -> CN,https://music.apple.com/cn/album/%E5%B0%8F%E5%B0%8F%E8%99%AB/313404785?i=313404804&uo=4
itunes_322847216,Dangerous,Michael Jackson,Dangerous,CN,china,itunes,国际流行,国际流行,九十年代初的国际流行经典，以强劲节拍与合成器铺陈出都市夜行的张力，人声在电子音效与密集鼓点间游走，适合霓虹闪烁的公路驰骋或独处时的心跳共振。,United States,US,artist_origin_hint,CN,corrected_to_other_country,artist override or known artist origin -> US,https://music.apple.com/cn/album/dangerous/322847038?i=322847216&uo=4
itunes_313404862,每个人都会 (Song for Cartier [Love Project]),方大同,橙月,CN,china,itunes,国语流行,国语流行,方大同以温润声线铺展都市夜色的柔情，钢琴与轻电子织体交织出2000年代末华语流行的精致质感。适合独处时循坏，让慵懒节拍包裹未说尽的心事。,China,CN,genre_or_metadata_hint,CN,confirmed_china_family,genre/label/tags/description evidence -> CN,https://music.apple.com/cn/album/%E6%AF%8F%E4%B8%AA%E4%BA%BA%E9%83%BD%E4%BC%9A-song-for-cartier-love-project/313404785?i=313404862&uo=4
itunes_1579903653,天气先生,方大同,危險世界,CN,china,itunes,国语流行,国语流行,方大同以慵懒而精致的声线游走于都会夜色，〈天气先生〉融合Neo-Soul与华语流行的细腻笔触，电钢琴与轻柔节拍交织出暧昧湿润的氛围，适合独处窗前或深夜驾车时聆听。,China,CN,genre_or_metadata_hint,CN,confirmed_china_family,genre/label/tags/description evidence -> CN,https://music.apple.com/cn/album/%E5%A4%A9%E6%B0%94%E5%85%88%E7%94%9F/1579903639?i=1579903653&uo=4
itunes_1773208155,谁知爱是什么,方大同,梦想家 The Dreamer,CN,china,itunes,国语流行,国语流行,方大同以温润声线铺展深夜独白，钢琴与电子音色交织成朦胧梦境，适合独处时分反复聆听，在2024年的秋日里缓缓沉淀关于爱的追问。,China,CN,genre_or_metadata_hint,CN,confirmed_china_family,genre/label/tags/description evidence -> CN,https://music.apple.com/cn/album/%E8%B0%81%E7%9F%A5%E7%88%B1%E6%98%AF%E4%BB%80%E4%B9%88/1773208149?i=1773208155&uo=4
itunes_313404806,1234567,方大同,橙月,CN,china,itunes,国语流行,国语流行,方大同以松弛的R&B唱腔游走于《橙月》的暖色声场中，电钢琴与吉他铺陈出千禧年末华语都市流行的慵懒底色，适合深夜独处或城市夜行时聆听。,China,CN,genre_or_metadata_hint,CN,confirmed_china_family,genre/label/tags/description evidence -> CN,https://music.apple.com/cn/album/1234567/313404785?i=313404806&uo=4
itunes_1845951946,RNB,Josh Levi,HYDRAULIC,CN,china,itunes,R&B/灵魂乐,R&B/灵魂乐,丝滑节奏与温润声线交织，营造出私密而慵懒的深夜氛围。合成器铺底搭配现代R&B鼓组，适合独处时放松或城市夜行途中聆听，兼具当代潮流质感与灵魂乐的细腻呼吸。,United States,US,artist_origin_hint,CN,corrected_to_other_country,artist override or known artist origin -> US,https://music.apple.com/cn/album/rnb/1845951762?i=1845951946&uo=4
itunes_220365898,歌手与模特儿,方大同,爱爱爱,CN,china,itunes,国语流行,国语流行,慵懒的吉他拨弦与方大同标志性的丝滑转音交织，这首2006年作品以新灵魂乐为底色，融入轻快的华语流行旋律。午后阳光斜照时播放，都市感与浪漫气息自然流淌，适合独处放空或低语交谈的松弛时刻。,China,CN,genre_or_metadata_hint,CN,confirmed_china_family,genre/label/tags/description evidence -> CN,https://music.apple.com/cn/album/%E6%AD%8C%E6%89%8B%E4%B8%8E%E6%A8%A1%E7%89%B9%E5%84%BF/220365864?i=220365898&uo=4
itunes_1796127362,PIMMIE'S DILEMMA,"Pimmie, PARTYNEXTDOOR & Drake",$ome $exy $ongs 4 U,CN,china,itunes,R&B/灵魂乐,R&B/灵魂乐,深夜卧室灯光下，慵懒的合成器铺底与断续鼓点交织，男女声线交替低语着暧昧心事。当代R&B的湿润氛围适合独处时循环，情人节发行的气息让私密情绪更显浓稠。,Canada,CA,artist_origin_hint,CN,corrected_to_other_country,artist override or known artist origin -> CA,https://music.apple.com/cn/album/pimmies-dilemma/1796127242?i=1796127362&uo=4
itunes_1517581845,面面,方大同,宅这 - Single,CN,china,itunes,国语流行,国语流行,慵懒午后，方大同以松弛声线勾勒都市居家日常。吉他拨弦搭配轻电子节拍，国语流行底色中透出neo-soul余韵，适合独处时随旋律晃神，让阳光在地板上慢半拍流淌。,China,CN,genre_or_metadata_hint,CN,confirmed_china_family,genre/label/tags/description evidence -> CN,https://music.apple.com/cn/album/%E9%9D%A2%E9%9D%A2/1517581843?i=1517581845&uo=4
itunes_1570374781,HOLO,李遐怡,HOLO - Single,CN,china,itunes,K-Pop,K-Pop,李遐怡以沙哑而温暖的嗓音铺陈出这首当代流行曲，钢琴与电子合成器交织成朦胧的声景，适合独处时佩戴耳机沉浸，让略带忧郁却释然的旋律缓缓流入深夜。,South Korea,KR,genre_or_metadata_hint,CN,corrected_to_other_country,genre/label/tags/description evidence -> KR,https://music.apple.com/cn/album/holo/1570374778?i=1570374781&uo=4
itunes_1642898573,Rush,Ayra Starr,19 & Dangerous (Deluxe),CN,china,itunes,非洲节奏,非洲节奏,Afrobeats律动轻快跃动，合成器铺陈热带氛围，人声线条流畅自信，适合午后驾车或聚会暖场，2022年发行的青春能量之作。,Nigeria,NG,artist_origin_hint,CN,corrected_to_other_country,artist override or known artist origin -> NG,https://music.apple.com/cn/album/rush/1642898371?i=1642898573&uo=4
itunes_1743852427,Love Me Not,Ravyn Lenae,Bird's Eye,CN,china,itunes,R&B/灵魂乐,R&B/灵魂乐,丝滑R&B声线游走于霓虹夜色，合成器铺陈迷幻氛围，鼓点慵懒而精准。适合独处时戴上耳机，让思绪随旋律沉入都市午后的私密角落。,United States,US,artist_origin_hint,CN,corrected_to_other_country,artist override or known artist origin -> US,https://music.apple.com/cn/album/love-me-not/1743852410?i=1743852427&uo=4
itunes_1825994653,GO BABY,Justin Bieber,SWAG,CN,china,itunes,国际流行,国际流行,轻快节奏与明亮合成器交织，电子鼓点铺陈出都市夜行氛围，适合派对暖场或驾车兜风时播放，国际流行风格中透出当下青年文化的张扬气息。,Canada,CA,artist_origin_hint,CN,corrected_to_other_country,artist override or known artist origin -> CA,https://music.apple.com/cn/album/go-baby/1825994646?i=1825994653&uo=4
itunes_313404884,Orange Moon,方大同,橙月,CN,china,itunes,国语流行,国语流行,方大同以温暖声线包裹这首2008年的作品，吉他拨弦与轻快节奏交织出都市夜晚的慵懒浪漫，适合驾车穿行霓虹街道或独处时静静聆听，橙黄色调的旋律里藏着世纪末的温柔回响。,China,CN,genre_or_metadata_hint,CN,confirmed_china_family,genre/label/tags/description evidence -> CN,https://music.apple.com/cn/album/orange-moon/313404785?i=313404884&uo=4
itunes_1440896726,1-800-273-8255 (feat. Alessia Cara & Khalid),Logic,Everybody,CN,china,itunes,嘻哈/说唱,嘻哈/说唱,钢琴与合成器铺陈出温暖而克制的氛围，Logic以清晰流畅的说唱穿梭于Alessia Cara与Khalid soulful的合唱段落之间。2017年的这首作品将嘻哈节奏与流行旋律熔于一炉，适合深夜独处时佩戴耳机细细聆听，在低沉鼓点与真挚人声交织中获得情感共鸣。,United States,US,artist_origin_hint,CN,corrected_to_other_country,artist override or known artist origin -> US,https://music.apple.com/cn/album/1-800-273-8255-feat-alessia-cara-khalid/1440896552?i=1440896726&uo=4
itunes_1773208150,XZMHXDXH,方大同,梦想家 The Dreamer,CN,china,itunes,国语流行,国语流行,方大同以慵懒磁性的嗓音铺陈都市夜色的温柔，合成器与电钢琴交织出梦幻迷离的声场，适合深夜独处或驾车穿行霓虹街道时聆听，是华语流行中兼具复古灵魂乐质感与现代制作美学的私密之作。,China,CN,genre_or_metadata_hint,CN,confirmed_china_family,genre/label/tags/description evidence -> CN,https://music.apple.com/cn/album/xzmhxdxh/1773208149?i=1773208150&uo=4
itunes_1773208156,我不是农人,方大同,梦想家 The Dreamer,CN,china,itunes,国语流行,国语流行,方大同以松弛的律动勾勒都市田园想象，新专辑中这首作品延续其标志性的灵魂乐底色，吉他扫弦与轻巧节拍交织出午后阳光般的温暖质地，适合在通勤途中或独处时聆听，让人随旋律轻轻摇摆。,China,CN,genre_or_metadata_hint,CN,confirmed_china_family,genre/label/tags/description evidence -> CN,https://music.apple.com/cn/album/%E6%88%91%E4%B8%8D%E6%98%AF%E5%86%9C%E4%BA%BA/1773208149?i=1773208156&uo=4
itunes_1627366438,Lost Me,GIVĒON,Give Or Take,CN,china,itunes,R&B/灵魂乐,R&B/灵魂乐,低沉嗓音缓缓铺展，钢琴与贝斯交织成深夜独白。R&B节奏慵懒而克制，适合独处时反复聆听，在都市夜色中沉淀未言的情绪。,United States,US,artist_origin_hint,CN,corrected_to_other_country,artist override or known artist origin -> US,https://music.apple.com/cn/album/lost-me/1627365840?i=1627366438&uo=4
itunes_1562022041,Baby Powder,Jenevieve,Baby Powder - Single,CN,china,itunes,R&B/灵魂乐,R&B/灵魂乐,慵懒沙哑的女声漂浮在湿润的合成器音色之上，鼓点松散如午夜漫步。当代R&B的迷幻气息适合独处时微醺聆听，霓虹余晖里一杯冰饮的温度。,United States,US,artist_origin_hint,CN,corrected_to_other_country,artist override or known artist origin -> US,https://music.apple.com/cn/album/baby-powder/1562021855?i=1562022041&uo=4
itunes_1773208151,江湖中人,方大同,梦想家 The Dreamer,CN,china,itunes,国语流行,国语流行,方大同以慵懒而精准的声线勾勒出一幅都市江湖图景，钢琴与电子音色交织成2024年特有的迷幻氛围，适合深夜独处时细品这份亦真亦幻的叙事感。,China,CN,genre_or_metadata_hint,CN,confirmed_china_family,genre/label/tags/description evidence -> CN,https://music.apple.com/cn/album/%E6%B1%9F%E6%B9%96%E4%B8%AD%E4%BA%BA/1773208149?i=1773208151&uo=4
itunes_1569743837,Don't Know You,Heize,"/// (You, Clouds, Rain) - EP",CN,china,itunes,K-Pop,K-Pop,低沉钢琴与细碎电子节拍交织，Heize的嗓音慵懒而克制，像雨后窗上的雾气般朦胧。适合独处时分戴上耳机，让情绪随旋律缓缓沉降。,South Korea,KR,genre_or_metadata_hint,CN,corrected_to_other_country,genre/label/tags/description evidence -> KR,https://music.apple.com/cn/album/dont-know-you/1569743835?i=1569743837&uo=4
itunes_1686089143,Mine,IVE,I've IVE,CN,china,itunes,K-Pop,K-Pop,清透的合成器铺底搭配利落鼓点，副歌以抓耳的旋律线条层层推进，整体呈现当代K-Pop标志性的精致听感。适合通勤途中或午后咖啡时光，以轻盈节奏点亮日常片段。,South Korea,KR,genre_or_metadata_hint,CN,corrected_to_other_country,genre/label/tags/description evidence -> KR,https://music.apple.com/cn/album/mine/1686089124?i=1686089143&uo=4
itunes_220365957,手拖手,方大同,爱爱爱,CN,china,itunes,国语流行,国语流行,方大同以慵懒而精致的灵魂唱腔，将都市夜晚的温柔絮语化作轻快的节奏蓝调。电钢琴与吉他交织出2000年代华语流行的复古光泽，适合驾车穿行霓虹街道或独处时细品一杯威士忌的微醺时刻。,China,CN,genre_or_metadata_hint,CN,confirmed_china_family,genre/label/tags/description evidence -> CN,https://music.apple.com/cn/album/%E6%89%8B%E6%8B%96%E6%89%8B/220365864?i=220365957&uo=4
itunes_540055021,自以为 (feat. 徐佳瑩),方大同,15,CN,china,itunes,国语流行,国语流行,方大同与徐佳瑩在这首2011年作品里以慵懒灵魂乐为底，吉他拨弦与和声交织出都市夜晚的暧昧张力，适合独处时细品那些欲言又止的心事。,China,CN,genre_or_metadata_hint,CN,confirmed_china_family,genre/label/tags/description evidence -> CN,https://music.apple.com/cn/album/%E8%87%AA%E4%BB%A5%E4%B8%BA-feat-%E5%BE%90%E4%BD%B3%E7%91%A9/540055014?i=540055021&uo=4
itunes_540055023,Over,方大同,15,CN,china,itunes,国语流行,国语流行,方大同以松弛的声线游走于都会夜色，钢琴与电吉他铺陈出2010年代华语流行的精致骨架，适合独处时让情绪随节拍缓缓沉淀。,China,CN,genre_or_metadata_hint,CN,confirmed_china_family,genre/label/tags/description evidence -> CN,https://music.apple.com/cn/album/over/540055014?i=540055023&uo=4
itunes_1537476945,off the table,Ariana Grande & The Weeknd,Positions,CN,china,itunes,国际流行,国际流行,空灵合成器铺底搭配极简节拍，两位歌手以气声交织出深夜私语般的亲密感，适合独处时佩戴耳机沉浸聆听。,United States,US,artist_origin_hint,CN,corrected_to_other_country,artist override or known artist origin -> US,https://music.apple.com/cn/album/off-the-table/1537476578?i=1537476945&uo=4
itunes_1614400496,No Make Up,Zion.T,No Make Up - Single,CN,china,itunes,R&B/灵魂乐,R&B/灵魂乐,慵懒随性的R&B旋律，以温润电子音色铺底，搭配真假音自如转换的唱腔，适合深夜独处或城市夜行时聆听。2015年的韩式都市灵魂乐质感，简约编曲中透着细腻情绪，像一杯微醺的威士忌，缓缓释放疲惫与温柔。,South Korea,KR,artist_origin_hint,CN,corrected_to_other_country,artist override or known artist origin -> KR,https://music.apple.com/cn/album/no-make-up/1614400492?i=1614400496&uo=4
itunes_1771020952,Are You Even Real,Teddy Swims & GIVĒON,I've Tried Everything But Therapy (Part 2),CN,china,itunes,国际流行,国际流行,低沉嗓音交织细腻假声，R&B与流行乐在此温柔碰撞。钢琴与电子合成器铺陈出深夜独处氛围，适合雨天窗前或凌晨归途的私密聆听，当代都市情歌的克制与深情尽在其中。,United States,US,artist_origin_hint,CN,corrected_to_other_country,artist override or known artist origin -> US,https://music.apple.com/cn/album/are-you-even-real/1771020838?i=1771020952&uo=4
itunes_1585195519,love nwantiti (feat. Axel & Dj Yo!) [Remix],CKay,love nwantiti (feat. Axel & Dj Yo!) [Remix] - Single,CN,china,itunes,非洲节奏,非洲节奏,轻快的非洲节奏与电子音效交织，合成器铺底搭配动感鼓点，营造出热带夜晚般的浪漫氛围。适合派对暖场或驾车兜风时播放，让人不自觉跟随旋律摇摆。,Nigeria,NG,artist_origin_hint,CN,corrected_to_other_country,artist override or known artist origin -> NG,https://music.apple.com/cn/album/love-nwantiti-feat-axel-dj-yo-remix/1585195514?i=1585195519&uo=4
itunes_1884183474,"Love Me, Love Me Not",Bri Babineaux,Briana,CN,china,itunes,基督教与福音,基督教与福音,一首以信仰为内核的当代福音作品，女声嗓音温暖而充满张力，钢琴与合成器铺陈出辽阔的敬拜氛围，适合独处默想或团契聚会时聆听，在宁静中传递笃定的力量。,United States,US,artist_origin_hint,CN,corrected_to_other_country,artist override or known artist origin -> US,https://music.apple.com/cn/album/love-me-love-me-not/1884183068?i=1884183474&uo=4
itunes_1541405918,Oh Santa! (feat. Ariana Grande & Jennifer Hudson),Mariah Carey,Mariah Carey's Magical Christmas Special (Apple TV+ Original Soundtrack),CN,china,itunes,Christmas: Pop,Christmas: Pop,圣诞金曲的华丽三重唱，三位实力女歌手的声线交织成欢乐节庆氛围。铜管与钟声铺陈经典节日底色，节奏轻快跳跃，适合冬日派对或礼物交换时刻播放，洋溢复古千禧年流行R&B的闪亮质感。,United States,US,artist_origin_hint,CN,corrected_to_other_country,artist override or known artist origin -> US,https://music.apple.com/cn/album/oh-santa-feat-ariana-grande-jennifer-hudson/1541405636?i=1541405918&uo=4
itunes_1207938311,7 Days,Craig David,Born to Do It,CN,china,itunes,国际流行,国际流行,丝滑R&B节拍搭配 Craig David 标志性的轻快转音，千禧年英伦车库舞曲的清爽质感扑面而来。午后驾车或都市夜行时，这首曲目以吉他拨弦与电子鼓点交织出慵懒又精致的氛围，适合需要律动却不喧宾夺主的聆听场景。,United Kingdom,GB,artist_origin_hint,CN,corrected_to_other_country,artist override or known artist origin -> GB,https://music.apple.com/cn/album/7-days/1207938108?i=1207938311&uo=4
itunes_272875207,未来,方大同,未来,CN,china,itunes,国语流行,国语流行,方大同以慵懒磁性的嗓音穿梭在未来感十足的都会节奏中，电子合成器与复古灵魂乐交织出2000年代华语乐坛独特的Neo-Soul风景，适合深夜独处或城市夜行时聆听。,China,CN,genre_or_metadata_hint,CN,confirmed_china_family,genre/label/tags/description evidence -> CN,https://music.apple.com/cn/album/%E6%9C%AA%E6%9D%A5/272875165?i=272875207&uo=4
itunes_1576557406,New Normal,Khalid,New Normal - Single,CN,china,itunes,国际流行,国际流行,Khalid 以慵懒温暖的声线铺陈当代 R&B 质感，合成器氛围轻盈流淌，适合夏夜独处或城市漫游时聆听，松弛中带着对未来的温柔期许。,United States,US,artist_origin_hint,CN,corrected_to_other_country,artist override or known artist origin -> US,https://music.apple.com/cn/album/new-normal/1576557397?i=1576557406&uo=4
itunes_1795030966,Lullaby,JayDon & Paradise,Lullaby - Single,CN,china,itunes,R&B/灵魂乐,R&B/灵魂乐,轻柔R&B旋律如夜风拂面，丝滑人声与简约电子节拍交织，适合深夜独处或睡前放松，情人节发行的浪漫底色为都市夜归人织就一方温柔梦境。,United States,US,artist_origin_hint,CN,corrected_to_other_country,artist override or known artist origin -> US,https://music.apple.com/cn/album/lullaby/1795030965?i=1795030966&uo=4
itunes_1541392723,Vibez,ZAYN,Nobody Is Listening,CN,china,itunes,国际流行,国际流行,慵懒气声包裹在暗色合成器铺底之中，ZAYN以R&B唱腔游走在午夜私密氛围里。低频沉稳推进，适合独处时分的耳机沉浸，或是城市夜行途中车窗半降的松弛时刻。,United Kingdom,GB,artist_origin_hint,CN,corrected_to_other_country,artist override or known artist origin -> GB,https://music.apple.com/cn/album/vibez/1541392718?i=1541392723&uo=4
itunes_390308004,Careless Whisper,Tamia,Tamia,CN,china,itunes,R&B/灵魂乐,R&B/灵魂乐,醇厚女声以R&B灵魂乐风格重新诠释经典旋律，丝滑转音搭配当代都市编曲，适合深夜独处或都市夜行时聆听，九十年代末的精致制作散发着慵懒而深情的霓虹氛围。,Canada,CA,artist_origin_hint,CN,corrected_to_other_country,artist override or known artist origin -> CA,https://music.apple.com/cn/album/careless-whisper/390307455?i=390308004&uo=4
itunes_1535747236,So Beautiful,DPR IAN,So Beautiful - Single,CN,china,itunes,韩国独立制作音乐,韩国独立制作音乐,低沉的合成器铺底与碎拍节奏交织，DPR IAN以气声唱腔游走在迷幻R&B与独立电子的边界，营造出凌晨都市车窗外的疏离浪漫，适合独处时沉浸式聆听。,South Korea,KR,genre_or_metadata_hint,CN,corrected_to_other_country,genre/label/tags/description evidence -> KR,https://music.apple.com/cn/album/so-beautiful/1535747226?i=1535747236&uo=4
itunes_220366094,春风吹之吹吹风Mix,方大同,爱爱爱,CN,china,itunes,国语流行,国语流行,轻快的吉他拨弦与慵懒节拍交织，方大同以温润声线将春日慵懒化作律动摇摆。R&B骨架裹上华语流行的细腻，适合午后窗边或夜骑穿行城市灯火时，让风与旋律一同流淌。,China,CN,genre_or_metadata_hint,CN,confirmed_china_family,genre/label/tags/description evidence -> CN,https://music.apple.com/cn/album/%E6%98%A5%E9%A3%8E%E5%90%B9%E4%B9%8B%E5%90%B9%E5%90%B9%E9%A3%8Emix/220365864?i=220366094&uo=4
itunes_1569920439,And July (feat. DEAN & dj friz),Heize,And July - EP,CN,china,itunes,K-Pop,K-Pop,慵懒的女声在湿润的合成器音色中舒展，DEAN的段落为夏夜增添一丝暧昧的呼吸感。适合深夜独处或车窗外的城市霓虹，一首关于七月余温的韩式都市情歌。,South Korea,KR,genre_or_metadata_hint,CN,corrected_to_other_country,genre/label/tags/description evidence -> KR,https://music.apple.com/cn/album/and-july-feat-dean-dj-friz/1569920323?i=1569920439&uo=4
itunes_192812555,Butterfly,Mariah Carey,Butterfly,CN,china,itunes,R&B/灵魂乐,R&B/灵魂乐,丝滑R&B旋律搭配Mariah Carey标志性的花腔转音，1997年经典之作以细腻钢琴与柔和节拍铺陈，适合深夜独处或都市霓虹下缓缓流淌的情绪时刻。,United States,US,artist_origin_hint,CN,corrected_to_other_country,artist override or known artist origin -> US,https://music.apple.com/cn/album/butterfly/192812283?i=192812555&uo=4
itunes_1668484641,This Is,Ella Mai,Heart On My Sleeve (Deluxe Edition),CN,china,itunes,R&B/灵魂乐,R&B/灵魂乐,丝滑当代R&B女声流淌于午夜卧室，鼓点轻叩心跳，合成器铺陈朦胧氛围，适合独处时循环播放，让情绪随旋律缓缓沉降。,United Kingdom,GB,artist_origin_hint,CN,corrected_to_other_country,artist override or known artist origin -> GB,https://music.apple.com/cn/album/this-is/1668483610?i=1668484641&uo=4
itunes_1681322864,Let Me Go,Daniel Caesar,NEVER ENOUGH (Bonus Version),CN,china,itunes,R&B/灵魂乐,R&B/灵魂乐,Daniel Caesar 以慵懒气声与极简吉他铺陈出深夜独处的私密氛围，R&B 灵魂底色中流淌着克制的眷恋与释然，适合熄灯后耳机里的缓慢呼吸与心事沉淀。,Canada,CA,artist_origin_hint,CN,corrected_to_other_country,artist override or known artist origin -> CA,https://music.apple.com/cn/album/let-me-go/1681322859?i=1681322864&uo=4
itunes_1839352412,Moon (feat. Bon Iver),Daniel Caesar,Son Of Spergy,CN,china,itunes,R&B/灵魂乐,R&B/灵魂乐,温润男声与空灵假声交织，如夜色中低语。极简钢琴与电子氛围铺底，R&B律动舒缓流淌，适合独处时凝望窗外灯火，让思绪随月光轻轻摇曳。,Canada,CA,artist_origin_hint,CN,corrected_to_other_country,artist override or known artist origin -> CA,https://music.apple.com/cn/album/moon-feat-bon-iver/1839352404?i=1839352412&uo=4
itunes_1444287171,It's You (feat. ZICO),Sam Kim,Sun and Moon,CN,china,itunes,K-Pop,K-Pop,轻柔吉他拨弦与ZICO利落说唱交织，Sam Kim温暖声线如午后阳光洒落。都市流行节奏中带着慵懒爵士气息，适合通勤路上或深夜独处时循环播放，是2018年末一份恰到好处的温柔陪伴。,South Korea,KR,genre_or_metadata_hint,CN,corrected_to_other_country,genre/label/tags/description evidence -> KR,https://music.apple.com/cn/album/its-you-feat-zico/1444287169?i=1444287171&uo=4
itunes_1551586369,SLOW DOWN,向井太一,24,CN,china,itunes,R&B/灵魂乐,R&B/灵魂乐,向井太一的《SLOW DOWN》以慵懒松弛的R&B律动为底色，温润声线滑过深夜霓虹般的合成器铺陈，适合独处时让情绪随节拍缓缓沉降。2016年的都市夜行气质，灵魂乐质感与电子氛围交织，一杯酒、一盏灯，便是最佳聆听场景。,Japan,JP,artist_origin_hint,CN,corrected_to_other_country,artist override or known artist origin -> JP,https://music.apple.com/cn/album/slow-down/1551586195?i=1551586369&uo=4
itunes_1623527976,BTBT (feat. DeVita),B.I & Soulja Boy Tell 'Em,BTBT (feat. DeVita) - Single,CN,china,itunes,K-Pop,K-Pop,低沉贝斯与清脆合成器交织，DeVita的丝滑声线浮游于B.I的韩语说唱与Soulja Boy标志性的美式flow之间，营造出午夜霓虹下跨越东西海岸的暧昧氛围，适合深夜独处或城市夜行时循环播放。,United States,US,genre_or_metadata_hint,CN,corrected_to_other_country,genre/label/tags/description evidence -> US,https://music.apple.com/cn/album/btbt-feat-devita/1623527765?i=1623527976&uo=4
itunes_1081309211,我不願讓你一個人,五月天,第二人生 (明日版),TW,china,itunes,華語流行樂,華語流行樂,溫暖電吉他鋪陳，阿信嗓音帶著少年氣的倔強與溫柔，鼓點穩穩托住整首歌的情緒起伏。適合深夜獨處或與老友並肩散步時聆聽，華語流行搖滾的經典氣味，千禧年後台灣樂團美學的成熟之作。,China,CN,genre_or_metadata_hint,TW,confirmed_china_family,genre/label/tags/description evidence -> CN,https://music.apple.com/tw/album/%E6%88%91%E4%B8%8D%E9%A1%98%E8%AE%93%E4%BD%A0%E4%B8%80%E5%80%8B%E4%BA%BA/1081308968?i=1081309211&uo=4
itunes_1336404847,等你下課 (with 楊瑞代),周杰倫,等你下課 (with 楊瑞代) - Single,TW,china,itunes,華語流行樂,華語流行樂,鋼琴與吉他交織出校園黃昏的溫柔畫面，周杰倫與楊瑞代以對話式唱腔訴說青澀守候。旋律簡淨如日記，適合獨行夜路或窗邊靜聽，是華語流行中難得的純白情書。,China,CN,genre_or_metadata_hint,TW,confirmed_china_family,genre/label/tags/description evidence -> CN,https://music.apple.com/tw/album/%E7%AD%89%E4%BD%A0%E4%B8%8B%E8%AA%B2-with-%E6%A5%8A%E7%91%9E%E4%BB%A3/1336404440?i=1336404847&uo=4
itunes_1725373948,Dance,dori,"Welcome to Samdal-ri (Original Television Soundtrack), Pt.8 - Single",TW,china,itunes,原聲帶,原聲帶,輕快明亮的流行曲風，帶著韓劇原聲帶特有的浪漫氛圍，鋼琴與電子節拍交織出都會感十足的旋律，適合午後咖啡時光或通勤路上聆聽，為日常注入一絲溫暖活力。,South Korea,KR,artist_origin_hint,TW,corrected_to_other_country,artist override or known artist origin -> KR,https://music.apple.com/tw/album/dance/1725373947?i=1725373948&uo=4
itunes_536009647,楓,周杰倫,11月的蕭邦,TW,china,itunes,華語流行樂,華語流行樂,鋼琴前奏如落葉鋪地，周杰倫以氣聲輕吐深秋的遺憾，弦樂層層暈開蕭邦式的浪漫憂鬱。適合獨行夜路或窗邊獨飲時反覆沉潛，讓未竟之情隨琴鍵緩緩沉降。,China,CN,genre_or_metadata_hint,TW,confirmed_china_family,genre/label/tags/description evidence -> CN,https://music.apple.com/tw/album/%E6%A5%93/536009641?i=536009647&uo=4
itunes_1546336919,因為你 所以我,五月天,因為你 所以我 - Single,TW,china,itunes,華語流行樂,華語流行樂,溫暖鋼琴與層層推進的電吉他交織，五月天以熟悉的大氣編制包裹直球抒情，副歌人聲齊唱如現場萬人燈海。適合年末深夜獨行或與舊友重逢時播放，華語流行搖滾的黃金語法在此依然動人。,China,CN,genre_or_metadata_hint,TW,confirmed_china_family,genre/label/tags/description evidence -> CN,https://music.apple.com/tw/album/%E5%9B%A0%E7%82%BA%E4%BD%A0-%E6%89%80%E4%BB%A5%E6%88%91/1546336918?i=1546336919&uo=4
itunes_1118757873,不該 (with 張惠妹),周杰倫,周杰倫的床邊故事,TW,china,itunes,華語流行樂,華語流行樂,鋼琴與弦樂交織出深夜獨白的氛圍，周杰倫與張惠妹的聲線在副歌層層堆疊，像兩段錯過的愛情隔空對話。適合雨夜獨處或舊情翻湧時獨自聆聽。,China,CN,genre_or_metadata_hint,TW,confirmed_china_family,genre/label/tags/description evidence -> CN,https://music.apple.com/tw/album/%E4%B8%8D%E8%A9%B2-with-%E5%BC%B5%E6%83%A0%E5%A6%B9/1118757859?i=1118757873&uo=4
itunes_536009751,珊瑚海 (feat. 梁心頤),周杰倫,11月的蕭邦,TW,china,itunes,華語流行樂,華語流行樂,鋼琴與弦樂交織的抒情慢板，男女聲線在珊瑚海的意象中交錯纏綿。適合深夜獨處或雨窗獨飲時細細品味，帶有千禧年代華語情歌特有的華麗哀傷與戲劇張力。,China,CN,genre_or_metadata_hint,TW,confirmed_china_family,genre/label/tags/description evidence -> CN,https://music.apple.com/tw/album/%E7%8F%8A%E7%91%9A%E6%B5%B7-feat-%E6%A2%81%E5%BF%83%E9%A0%A4/536009641?i=536009751&uo=4
itunes_944321451,聽見下雨的聲音,周杰倫,"哎呦, 不錯哦",TW,china,itunes,華語流行樂,華語流行樂,鋼琴與弦樂交織出濕潤的都市氛圍，周杰倫以慵懶咬字勾勒雨夜獨白的畫面，副歌層層堆疊的情緒適合窗邊獨飲或深夜行車時反覆播放。,China,CN,genre_or_metadata_hint,TW,confirmed_china_family,genre/label/tags/description evidence -> CN,https://music.apple.com/tw/album/%E8%81%BD%E8%A6%8B%E4%B8%8B%E9%9B%A8%E7%9A%84%E8%81%B2%E9%9F%B3/944321428?i=944321451&uo=4
itunes_672994663,Letting Go,蔡健雅,說到愛,TW,china,itunes,華語流行樂,華語流行樂,蔡健雅以慵懒而克制的声线铺陈这段情感独白，钢琴与吉他交织出都市夜晚的疏离氛围，属于2010年代华语流行的精致抒情之作，适合独处时反复咀嚼那些欲言又止的告别时刻。,China,CN,genre_or_metadata_hint,TW,confirmed_china_family,genre/label/tags/description evidence -> CN,https://music.apple.com/tw/album/letting-go/672994651?i=672994663&uo=4
itunes_1397886922,讓我為你唱情歌,蕭敬騰,欲望反光,TW,china,itunes,華語流行樂,華語流行樂,蕭敬騰以渾厚嗓音演繹這首華語流行情歌，鋼琴與弦樂鋪陳出深夜獨處的溫柔氛圍，適合在燈光昏黃的時刻靜靜聆聽，感受愛意緩緩流淌。,China,CN,genre_or_metadata_hint,TW,confirmed_china_family,genre/label/tags/description evidence -> CN,https://music.apple.com/tw/album/%E8%AE%93%E6%88%91%E7%82%BA%E4%BD%A0%E5%94%B1%E6%83%85%E6%AD%8C/1397886362?i=1397886922&uo=4
itunes_1491477512,"很久以後 (電影《可不可以,你也剛好喜歡我》主題曲)",鄧紫棋,摩天動物園,TW,china,itunes,華語流行樂,華語流行樂,鋼琴與弦樂鋪陳出遼闊的抒情底色，鄧紫棋的聲線從壓抑漸次推升至釋然，適合深夜獨處時反覆聆聽，讓未竟的遺憾隨尾音緩緩沉降。,Hong Kong,HK,artist_origin_hint,TW,confirmed_china_family,artist override or known artist origin -> HK,https://music.apple.com/tw/album/%E5%BE%88%E4%B9%85%E4%BB%A5%E5%BE%8C-%E9%9B%BB%E5%BD%B1-%E5%8F%AF%E4%B8%8D%E5%8F%AF%E4%BB%A5-%E4%BD%A0%E4%B9%9F%E5%89%9B%E5%A5%BD%E5%96%9C%E6%AD%A1%E6%88%91-%E4%B8%BB%E9%A1%8C%E6%9B%B2/1491477500?i=1491477512&uo=4
itunes_535739349,愛在西元前,周杰倫,范特西,TW,china,itunes,華語流行樂,華語流行樂,這首千禧年初的華語流行曲以慵懶說唱與旋律化副歌交織，鋼琴與節奏藍調基底營造出時空錯置的浪漫氛圍，適合深夜獨處或城市夜行時聆聽。,China,CN,genre_or_metadata_hint,TW,confirmed_china_family,genre/label/tags/description evidence -> CN,https://music.apple.com/tw/album/%E6%84%9B%E5%9C%A8%E8%A5%BF%E5%85%83%E5%89%8D/535739206?i=535739349&uo=4
itunes_1575900922,愛久見人心,梁靜茹,愛久見人心,TW,china,itunes,華語流行樂,華語流行樂,溫柔鋼琴與弦樂鋪陳出抒情基調，梁靜茹以通透嗓音細述感情中的試煉與篤定。副歌層層堆疊的編制適合獨處夜裡反覆聆聽，是2010年代華語流行典型的療癒情歌範本。,China,CN,genre_or_metadata_hint,TW,confirmed_china_family,genre/label/tags/description evidence -> CN,https://music.apple.com/tw/album/%E6%84%9B%E4%B9%85%E8%A6%8B%E4%BA%BA%E5%BF%83/1575900921?i=1575900922&uo=4
itunes_1446277250,腦公,JOLIN蔡依林,Ugly Beauty,TW,china,itunes,華語流行樂,華語流行樂,輕快電子節拍搭配甜膩人聲，這首華語流行曲以俏皮口吻描繪戀愛中的佔有慾與依賴感，合成器音色明亮跳躍，副歌記憶點鮮明，適合通勤或週末購物時單曲循環，釋放都會女性的自信與嬌嗔。,China,CN,genre_or_metadata_hint,TW,confirmed_china_family,genre/label/tags/description evidence -> CN,https://music.apple.com/tw/album/%E8%85%A6%E5%85%AC/1446276817?i=1446277250&uo=4
itunes_1586648831,終究還是因為愛,TRASH,Holy Trip!,TW,china,itunes,華語流行樂,華語流行樂,TRASH 以充滿爆發力的華語流行搖滾編制，在這首作品中展現了電吉他與鼓點交織的熱血張力。副歌旋律直率而昂揚，適合深夜獨行或情緒需要宣洩的時刻聆聽，帶有2020年代台灣樂團場景的鮮明能量。,China,CN,genre_or_metadata_hint,TW,confirmed_china_family,genre/label/tags/description evidence -> CN,https://music.apple.com/tw/album/%E7%B5%82%E7%A9%B6%E9%82%84%E6%98%AF%E5%9B%A0%E7%82%BA%E6%84%9B/1586648827?i=1586648831&uo=4
itunes_1544722556,唯一 (三立/台視戲劇《戀愛是科學》插曲),告五人,運氣來得若有似無,TW,china,itunes,華語流行樂,華語流行樂,告五人以溫潤雙主唱交織出都會情歌的細膩層次，吉他與合成器鋪陳出2020年代華語流行的通透質地。這首戲劇插曲適合深夜獨處或通勤途中，帶著微醺般的抒情搖滾氣息，將未竟之戀的惆悵緩緩釋放。,China,CN,genre_or_metadata_hint,TW,confirmed_china_family,genre/label/tags/description evidence -> CN,https://music.apple.com/tw/album/%E5%94%AF%E4%B8%80-%E4%B8%89%E7%AB%8B-%E5%8F%B0%E8%A6%96%E6%88%B2%E5%8A%87-%E6%88%80%E6%84%9B%E6%98%AF%E7%A7%91%E5%AD%B8-%E6%8F%92%E6%9B%B2/1544722550?i=1544722556&uo=4
itunes_535791111,星晴,周杰倫,同名專輯,TW,china,itunes,華語流行樂,華語流行樂,輕快的吉他掃弦與簡約節拍交織，青澀男聲哼唱著夏夜星空下的純真戀曲。千禧年初的華語流行氣息撲面而來，適合傍晚散步或獨處時靜靜聆聽，讓慵懶甜蜜漫過心頭。,China,CN,genre_or_metadata_hint,TW,confirmed_china_family,genre/label/tags/description evidence -> CN,https://music.apple.com/tw/album/%E6%98%9F%E6%99%B4/535790918?i=535791111&uo=4
itunes_1534005710,無人知曉,田馥甄,無人知曉,TW,china,itunes,華語流行樂,華語流行樂,鋼琴與弦樂鋪陳出深夜獨處的寂靜，田馥甄以內斂聲線遊走於氣聲與真聲之間，像是對著空房間低語未寄出的信。適合雨夜獨行或輾轉難眠時反覆聆聽，讓未被回應的情緒緩緩沉降。,China,CN,genre_or_metadata_hint,TW,confirmed_china_family,genre/label/tags/description evidence -> CN,https://music.apple.com/tw/album/%E7%84%A1%E4%BA%BA%E7%9F%A5%E6%9B%89/1534004626?i=1534005710&uo=4
itunes_536030694,彩虹,周杰倫,我很忙,TW,china,itunes,華語流行樂,華語流行樂,鋼琴與弦樂交織的抒情慢板，周杰倫以溫潤嗓音鋪展一道雨後彩虹。適合獨處窗邊、城市暮色漸沉時靜靜聆聽，讓未說出口的想念隨旋律緩緩暈開。,China,CN,genre_or_metadata_hint,TW,confirmed_china_family,genre/label/tags/description evidence -> CN,https://music.apple.com/tw/album/%E5%BD%A9%E8%99%B9/536030690?i=536030694&uo=4
itunes_1060974093,兜圈,林宥嘉,《必娶女人》電視原聲帶,TW,china,itunes,電視原聲帶,電視原聲帶,林宥嘉以细腻嗓音演绎这首都会情歌，钢琴与弦乐交织出迂回而温柔的氛围，像是深夜独自行经霓虹闪烁的街道，心事在旋律里缓缓兜转。适合独处时聆听，让情绪随歌声轻轻沉淀。,Taiwan,TW,artist_origin_hint,TW,confirmed_china_family,artist override or known artist origin -> TW,https://music.apple.com/tw/album/%E5%85%9C%E5%9C%88/1060974079?i=1060974093&uo=4
itunes_1554831407,SEVENTH MOON (feat. BASARA NEKKI),FIRE BOMBER,MACROSS7 MUSIC SELECTION FROM GALAXY NETWORK CHART,TW,china,itunes,動畫,動畫,热血电吉他撕裂夜空，合成器铺展星际航道，男声嘶吼着跨越光年的孤独与斗志。九零年代日式动画摇滚的炽烈余烬，适合深夜独驶或重机械轰鸣时释放胸腔积郁。,Japan,JP,artist_origin_hint,TW,corrected_to_other_country,artist override or known artist origin -> JP,https://music.apple.com/tw/album/seventh-moon-feat-basara-nekki/1554831401?i=1554831407&uo=4
itunes_1687429969,生命的榮耀,張赫宣,2021熱歌榜,TW,china,itunes,流行樂,流行樂,渾厚嗓音穿透層層編制，這首流行作品以鋼琴與弦樂鋪陳壯闊底色，副歌處電吉他與打擊樂齊推情緒高點。適合夜駕馳騁或獨處沉思時聆聽，感受生命歷程的跌宕與釋然。,China,CN,artist_origin_hint,TW,confirmed_china_family,artist override or known artist origin -> CN,https://music.apple.com/tw/album/%E7%94%9F%E5%91%BD%E7%9A%84%E6%A6%AE%E8%80%80/1687429805?i=1687429969&uo=4
itunes_1363865511,Star Chart,fhána,World Atlas,TW,china,itunes,日本流行樂,日本流行樂,fhána 以清澈女聲領航，合成器鋪陳出遼闊音場，鼓組輕快躍動，帶有日式流行樂典型的明亮色澤。適合夜間駕車或獨處時仰望星空，感受溫暖而略帶夢幻的氛圍。,Japan,JP,artist_origin_hint,TW,corrected_to_other_country,artist override or known artist origin -> JP,https://music.apple.com/tw/album/star-chart/1363864776?i=1363865511&uo=4
itunes_1554831402,PLANET DANCE,FIRE BOMBER,MACROSS7 MUSIC SELECTION FROM GALAXY NETWORK CHART,TW,china,itunes,動畫,動畫,燃系动画金曲，电吉他与人声交织出宇宙级的热血能量。九零年代日式摇滚风格，合成器铺陈星际航程，鼓点推进如战机俯冲，适合驾驶途中或深夜独处时唤醒胸中未冷的浪漫。,Japan,JP,artist_origin_hint,TW,corrected_to_other_country,artist override or known artist origin -> JP,https://music.apple.com/tw/album/planet-dance/1554831401?i=1554831402&uo=4
itunes_1687429967,重慶向上(中國鐵建國際垂直馬拉松公開賽主題曲),駱馳,2021熱歌榜,TW,china,itunes,流行樂,流行樂,輕快明亮的流行曲風，電子合成器與節奏鼓點交織出都市動感，人聲充滿向上張力，適合運動時激勵步伐或通勤路上提振精神，帶有2010年代末華語都會勵志氣息。,China,CN,genre_or_metadata_hint,TW,confirmed_china_family,genre/label/tags/description evidence -> CN,https://music.apple.com/tw/album/%E9%87%8D%E6%85%B6%E5%90%91%E4%B8%8A-%E4%B8%AD%E5%9C%8B%E9%90%B5%E5%BB%BA%E5%9C%8B%E9%9A%9B%E5%9E%82%E7%9B%B4%E9%A6%AC%E6%8B%89%E6%9D%BE%E5%85%AC%E9%96%8B%E8%B3%BD%E4%B8%BB%E9%A1%8C%E6%9B%B2/1687429805?i=1687429967&uo=4
itunes_1884320668,Golden,"HUNTR/X, EJAE, AUDREY NUNA, REI AMI & KPop Demon Hunters Cast",Chart Hits Deutschland 2026,TW,china,itunes,韓國流行樂,韓國流行樂,霓虹節拍與低沉合成器交織，五位聲線在電子嘻哈框架中碰撞出張力。適合夜駕或健身時段，以高能量姿態橫掃聽覺。,Germany,DE,genre_or_metadata_hint,TW,corrected_to_other_country,genre/label/tags/description evidence -> DE,https://music.apple.com/tw/album/golden/1884320667?i=1884320668&uo=4
itunes_1687429807,去遠方,劉延成,2021熱歌榜,TW,china,itunes,流行樂,流行樂,低沉嗓音鋪展遼闊敘事，吉他與弦樂層層暈染離別與嚮往。適合夜行車窗邊、獨自收拾行囊時聆聽，一首關於出發的華語抒情曲。,China,CN,genre_or_metadata_hint,TW,confirmed_china_family,genre/label/tags/description evidence -> CN,https://music.apple.com/tw/album/%E5%8E%BB%E9%81%A0%E6%96%B9/1687429805?i=1687429807&uo=4
itunes_1687429812,刷我滴卡,金澤男,2021熱歌榜,TW,china,itunes,流行樂,流行樂,輕快俏皮的電子流行節拍，搭配洗腦上口的旋律線，適合週末聚會或通勤時提振心情。合成器音色明亮飽滿，人聲處理帶有都會時尚感，整體散發2010年代後華語舞曲的娛樂活力。,China,CN,genre_or_metadata_hint,TW,confirmed_china_family,genre/label/tags/description evidence -> CN,https://music.apple.com/tw/album/%E5%88%B7%E6%88%91%E6%BB%B4%E5%8D%A1/1687429805?i=1687429812&uo=4
itunes_1830093996,Beyond Medical Charts,Alisa Okehazama,The 19th Medical Chart Original Soundtrack,TW,china,itunes,原聲帶,原聲帶,清冷弦乐与电子氛围交织，铺陈出悬疑而克制的听觉空间，适合深夜独处或阅读推理小说时聆听，当代影视原声气质鲜明。,Japan,JP,artist_origin_hint,TW,corrected_to_other_country,artist override or known artist origin -> JP,https://music.apple.com/tw/album/beyond-medical-charts/1830093985?i=1830093996&uo=4
itunes_1554831411,MY FRIENDS (feat. MYLENE JENIUS),FIRE BOMBER,MACROSS7 MUSIC SELECTION FROM GALAXY NETWORK CHART,TW,china,itunes,動畫,動畫,热血摇滚底色撞上电子合成器的银河光泽，男女声交织出九零年代日式动画特有的昂扬张力。适合深夜疾驰、霓虹倒影掠过车窗时，让引擎节拍与吉他轰鸣一同升空。,Japan,JP,artist_origin_hint,TW,corrected_to_other_country,artist override or known artist origin -> JP,https://music.apple.com/tw/album/my-friends-feat-mylene-jenius/1554831401?i=1554831411&uo=4
itunes_1713645400,CRAZY NIGHT,"Phillipa Alexander, Ellie Wyatt, Jussi Nikula & Jorge Mhondera",Chart Dance,TW,china,itunes,電子音樂,電子音樂,電子節拍貫穿全曲，合成器音色明亮飽滿，適合夜跑或派對暖場時播放。2013年發行的這首舞曲帶有歐陸流行電子風格，人聲與電子編制交織出都會夜晚的迷離氛圍。,,,itunes_storefront_china_review,TW,rejected_china_storefront_needs_review,China-family iTunes storefront only; no strong artist or metadata evidence,https://music.apple.com/tw/album/crazy-night/1713644919?i=1713645400&uo=4
itunes_1749538961,Don’t Stop Believin’,Teddy Swims,CRATE DIGGING - CHARTS,TW,china,itunes,流行樂,流行樂,Teddy Swims 以醇厚靈魂嗓音重新演繹這首經典，鋼琴與弦樂鋪陳出溫暖氛圍，副歌層層堆疊的合唱適合深夜獨處或清晨通勤時聆聽，為日常注入一股堅定柔軟的力量。,United States,US,artist_origin_hint,TW,corrected_to_other_country,artist override or known artist origin -> US,https://music.apple.com/tw/album/dont-stop-believin/1749537704?i=1749538961&uo=4
itunes_1766889006,Monkey Chart,Yunosuke & Hatsune Miku,Vanguard - EP,TW,china,itunes,電子音樂,電子音樂,电子合成器与初音未来清亮声线交织，营造未来感十足的舞曲氛围。节奏明快利落，适合深夜驾驶或沉浸于霓虹光影中的独处时刻，展现当代电子流行前沿音色。,Japan,JP,artist_origin_hint,TW,corrected_to_other_country,artist override or known artist origin -> JP,https://music.apple.com/tw/album/monkey-chart/1766889003?i=1766889006&uo=4
itunes_1554831408,Soko ni Aru no ga Mirai Dakara,Yuka Sato,MACROSS7 MUSIC SELECTION FROM GALAXY NETWORK CHART,TW,china,itunes,動畫,動畫,清亮女声划破九零年代的夜空，合成器铺陈出星际航道的辽阔感，电吉他solo带着典型日式动画燃曲的昂扬。适合深夜追完老番后独自循环，或驾驶时望向窗外流动的城市灯火。,Japan,JP,genre_or_metadata_hint,TW,corrected_to_other_country,genre/label/tags/description evidence -> JP,https://music.apple.com/tw/album/soko-ni-aru-no-ga-mirai-dakara/1554831401?i=1554831408&uo=4
itunes_623527867,My Heart Will Go On,Instrumental All Stars,Instrumental Gold: Chart Toppers V6,TW,china,itunes,演奏曲,演奏曲,悠扬的弦乐与钢琴交织，将经典旋律化为纯净的器乐篇章。适合独处时静静聆听，让熟悉的音符如流水般抚平心绪，在黄昏或深夜的灯光下重温那份跨越时光的深情。,United States,US,artist_origin_hint,TW,corrected_to_other_country,artist override or known artist origin -> US,https://music.apple.com/tw/album/my-heart-will-go-on/623527356?i=623527867&uo=4
itunes_1035488770,With You,Cody William Falkosky,Chart Pop 2,TW,china,itunes,流行樂,流行樂,轻快明亮的电子流行曲风，合成器铺底搭配清透人声，副歌旋律抓耳易记。适合通勤路上或午后咖啡时光聆听，带有2010年代中期华语流行乐坛的精致制作质感。,China,CN,genre_or_metadata_hint,TW,confirmed_china_family,genre/label/tags/description evidence -> CN,https://music.apple.com/tw/album/with-you/1035488240?i=1035488770&uo=4
itunes_989804463,Hit The World Chart!,Glay,Beloved,TW,china,itunes,搖滾,搖滾,Glay這首搖滾作品帶有九十年代日係搖滾的熱血氣息，電吉他與鼓點交織出昂揚的編曲，適合在需要振奮精神的時刻播放，喚起青春時代的激昂與憧憬。,Japan,JP,artist_origin_hint,TW,corrected_to_other_country,artist override or known artist origin -> JP,https://music.apple.com/tw/album/hit-the-world-chart/989804441?i=989804463&uo=4
itunes_1830224570,แหงน,ชาติ สุชาติ,สามัญ,TW,china,itunes,民謠,民謠,低沉嗓音伴着木吉他缓缓流淌，这首民谣作品带着台湾独立音乐特有的温润质感，适合独处时静静聆听，让思绪随旋律轻轻摇曳。,Thailand,TH,artist_origin_hint,TW,corrected_to_other_country,artist override or known artist origin -> TH,https://music.apple.com/tw/album/%E0%B9%81%E0%B8%AB%E0%B8%87%E0%B8%99/1830224394?i=1830224570&uo=4
itunes_1554831412,MY SOUL FOR YOU (feat. BASARA NEKKI),FIRE BOMBER,MACROSS7 MUSIC SELECTION FROM GALAXY NETWORK CHART,TW,china,itunes,動畫,動畫,热血动漫金曲，电吉他撕裂长空，鼓点如引擎轰鸣，男女双主唱交织出宇宙级的浪漫与悲壮。适合深夜独行、重温机甲梦想时循环播放，九十年代的日式摇滚魂永不熄灭。,Japan,JP,artist_origin_hint,TW,corrected_to_other_country,artist override or known artist origin -> JP,https://music.apple.com/tw/album/my-soul-for-you-feat-basara-nekki/1554831401?i=1554831412&uo=4
itunes_1457235529,Always Remember Us This Way (Instrumental Originally Performed by Lady Gaga),Covered Up,"Chart Backing Tracks 2018, Vol. 14",TW,china,itunes,卡拉 OK,卡拉 OK,钢琴缓缓铺陈出抒情骨架，弦乐在副歌处层层推升，整体呈现2010年代流行芭乐的器乐改编面貌。适合练唱、伴奏或深夜独处时作为背景音墙，情绪收放间保留原曲的叙事张力。,,,itunes_storefront_china_review,TW,rejected_china_storefront_needs_review,China-family iTunes storefront only; no strong artist or metadata evidence,https://music.apple.com/tw/album/always-remember-us-this-way-instrumental-originally/1457235528?i=1457235529&uo=4
itunes_1416437075,Love Virus,Life and Time,CHART - EP,TW,china,itunes,搖滾,搖滾,Life and Time 以電吉他與鼓組築起層次分明的搖滾骨架，主唱嗓音在爆發與收斂間遊走，帶著台灣獨立樂團特有的內斂張力。適合深夜獨行或情緒翻湧時反覆播放，讓躁動與溫柔在耳際交纏成癮。,Taiwan,TW,artist_origin_hint,TW,confirmed_china_family,artist override or known artist origin -> TW,https://music.apple.com/tw/album/love-virus/1416436740?i=1416437075&uo=4
itunes_1656762043,In the Stars,Benson Boone,Jahrescharts 2022 - Die größten Chart Hits,TW,china,itunes,流行樂,流行樂,鋼琴前奏如星光灑落，Benson Boone 以清澈嗓音鋪展這首抒情流行曲，副歌層層遞進的編制適合深夜獨處或駕車夜行時聆聽，收錄於 2022 年度精選合輯之中。,United States,US,artist_origin_hint,TW,corrected_to_other_country,artist override or known artist origin -> US,https://music.apple.com/tw/album/in-the-stars/1656761135?i=1656762043&uo=4
itunes_1664434821,Weapons,Ava Max,Charts 2023 - Radio Top Hits Deutschland,TW,china,itunes,流行樂,流行樂,强劲节拍铺陈出电子流行的张力，合成器层层堆叠，副歌爆发高亢能量，适合夜跑或派对暖场时刻，当代欧陆舞曲的锐度贯穿全曲。,United States,US,artist_origin_hint,TW,corrected_to_other_country,artist override or known artist origin -> US,https://music.apple.com/tw/album/weapons/1664434440?i=1664434821&uo=4
itunes_1861705649,Top Of The Chart (with Victor Newman),RiE MORRiS,HEARTBEAT (with Victor Newman),TW,china,itunes,流行樂,流行樂,轻快明亮的华语流行曲风，电子合成器与节奏鼓点交织出都市时尚感，副歌旋律朗朗上口，适合通勤路上或周末驾车时播放，为日常注入一抹活力色彩。,China,CN,genre_or_metadata_hint,TW,confirmed_china_family,genre/label/tags/description evidence -> CN,https://music.apple.com/tw/album/top-of-the-chart-with-victor-newman/1861705645?i=1861705649&uo=4
itunes_1452191480,Sunrise on Lake Pontchartrain,亞歷山大・戴斯培,The Curious Case of Benjamin Button (Music from the Motion Picture),TW,china,itunes,原聲帶,原聲帶,晨曦灑落龐恰特雷恩湖，鋼琴與弦樂層層暈開琥珀色光暈，如電影長鏡頭般緩緩推進，適合獨處時靜靜凝望窗外流動的雲與水。,France,FR,artist_origin_hint,TW,corrected_to_other_country,artist override or known artist origin -> FR,https://music.apple.com/tw/album/sunrise-on-lake-pontchartrain/1452191090?i=1452191480&uo=4
itunes_1664436174,Maybe You're the Problem,Ava Max,Charts 2023 - Radio Top Hits Deutschland,TW,china,itunes,流行樂,流行樂,这首单曲以明亮合成器铺底，搭配强劲电子节拍与爆发力十足的人声，呈现2020年代主流流行舞曲的典型面貌。副歌旋律抓耳，适合通勤或健身时聆听，整体氛围自信张扬，带有夜店与电台热单的时尚质感。,United States,US,artist_origin_hint,TW,corrected_to_other_country,artist override or known artist origin -> US,https://music.apple.com/tw/album/maybe-youre-the-problem/1664434440?i=1664436174&uo=4
itunes_1829215842,ฝันบิดา,ชาติ สุชาติ,ฝันบิดา - Single,TW,china,itunes,流行樂,流行樂,溫暖嗓音輕訴親情牽掛，流行編曲以鋼琴與弦樂鋪陳，適合靜夜獨處時細細回味。,Thailand,TH,artist_origin_hint,TW,corrected_to_other_country,artist override or known artist origin -> TH,https://music.apple.com/tw/album/%E0%B8%9D-%E0%B8%99%E0%B8%9A-%E0%B8%94%E0%B8%B2/1829215841?i=1829215842&uo=4
itunes_1273965904,"ให้หัวใจพูดกัน (เพลงประกอบละคร ""ราชนาวีที่รัก"")",ชาติ สุชาติ,"ให้หัวใจพูดกัน (เพลงประกอบละคร ""ราชนาวีที่รัก"") - Single",TW,china,itunes,電視原聲帶,電視原聲帶,溫柔男聲緩緩鋪陳，弦樂與鋼琴交織出深情脈絡，典型華語電視原聲帶的抒情格局。適合夜深獨處時，讓旋律牽引記憶中的愛恨起伏。,Thailand,TH,artist_origin_hint,TW,corrected_to_other_country,artist override or known artist origin -> TH,https://music.apple.com/tw/album/%E0%B9%83%E0%B8%AB-%E0%B8%AB-%E0%B8%A7%E0%B9%83%E0%B8%88%E0%B8%9E-%E0%B8%94%E0%B8%81-%E0%B8%99-%E0%B9%80%E0%B8%9E%E0%B8%A5%E0%B8%87%E0%B8%9B%E0%B8%A3%E0%B8%B0%E0%B8%81%E0%B8%AD%E0%B8%9A%E0%B8%A5%E0%B8%B0%E0%B8%84%E0%B8%A3-%E0%B8%A3%E0%B8%B2%E0%B8%8A%E0%B8%99%E0%B8%B2%E0%B8%A7-%E0%B8%97-%E0%B8%A3-%E0%B8%81/1273965894?i=1273965904&uo=4
itunes_1779529035,APT.,ROSÉ & Bruno Mars,Daylist - Charts & Socials,TW,china,itunes,流行樂,流行樂,輕快明亮的流行節拍搭配朗朗上口的副歌，這首2024年末的熱門單曲以復古搖滾元素為基底，男女聲線交織出俏皮甜蜜的化學反應。適合通勤路上、週末聚會或需要提振精神的任何時刻，讓人忍不住跟著節拍點頭哼唱。,South Korea,KR,artist_origin_hint,TW,corrected_to_other_country,artist override or known artist origin -> KR,https://music.apple.com/tw/album/apt/1779529033?i=1779529035&uo=4
itunes_1066398533,Tomorrow's Ours (feat. Matthew Heath & Grady Griggs),Lights Follow,Off the Charts: Singles,TW,china,itunes,搖滾,搖滾,清透電吉他鋪陳開闊音場，男聲合唱帶著向上的力量感，鼓組推進層次分明，適合午後駕車或獨處時提振心情，洋溢2010年代中期獨立搖滾的明亮質地。,United States,US,artist_origin_hint,TW,corrected_to_other_country,artist override or known artist origin -> US,https://music.apple.com/tw/album/tomorrows-ours-feat-matthew-heath-grady-griggs/1066398490?i=1066398533&uo=4
itunes_1554831404,CHECK MATE,Bamboo-road Express,MACROSS7 MUSIC SELECTION FROM GALAXY NETWORK CHART,TW,china,itunes,動畫,動畫,这首作品以九十年代动画音乐的鲜明笔触展开，电吉他 riff 与合成器铺陈交织出星际航行般的开阔感，鼓点利落推进，整体洋溢着日式摇滚的热血张力，适合在深夜驾驶或重温经典动画场景时聆听，让人瞬间重返那个手绘机甲与荧光舞台交错的黄金年代。,Japan,JP,genre_or_metadata_hint,TW,corrected_to_other_country,genre/label/tags/description evidence -> JP,https://music.apple.com/tw/album/check-mate/1554831401?i=1554831404&uo=4
itunes_1372770507,My Knight In Black Leather,Bette Midler,Beyond the Charts 70s,TW,china,itunes,R&B/靈魂樂,R&B/靈魂樂,七十年代末R&B靈魂風情，Bette Midler以渾厚嗓音演繹這首騎士幻想曲。合成器鋪底搭配節奏藍調律動，黑色皮衣意象裡藏著都會女性的浪漫渴望，適合深夜駕車或獨酌時細細品味。,United States,US,artist_origin_hint,TW,corrected_to_other_country,artist override or known artist origin -> US,https://music.apple.com/tw/album/my-knight-in-black-leather/1372769821?i=1372770507&uo=4
itunes_1132877908,Wolf,"Henrik Wikstrom, Sharon Vaughn & Anders Gunnar Kampe",Chart Pop Vocals,TW,china,itunes,聲樂,聲樂,清透女聲鋪陳出都會流行質地，電子節拍與合成器層層堆疊，帶著2010年代中後期臺北夜色的霓虹光暈。適合獨行通勤或深夜窗邊獨飲時播放，讓情緒隨著旋律緩緩釋放。,Sweden,SE,artist_origin_hint,TW,corrected_to_other_country,artist override or known artist origin -> SE,https://music.apple.com/tw/album/wolf/1132877595?i=1132877908&uo=4
itunes_1554831405,Galaxy,Alice Holiday,MACROSS7 MUSIC SELECTION FROM GALAXY NETWORK CHART,TW,china,itunes,動畫,動畫,九五年动画选辑中的曲目，合成器铺陈出星际航行般的辽阔音场，电子鼓点与中板旋律交织，带着世纪末日式动画歌的华丽与浪漫，适合深夜独处时想象银河彼端的冒险。,Japan,JP,genre_or_metadata_hint,TW,corrected_to_other_country,genre/label/tags/description evidence -> JP,https://music.apple.com/tw/album/galaxy/1554831401?i=1554831405&uo=4
itunes_1811658005,Eye Chart,Jojo's ASMR,ASMR Medical Exam,TW,china,itunes,誦讀,誦讀,轻柔低语伴随纸张翻动与器械轻触声，营造诊所视力检查的沉浸场景。人声贴近耳畔缓缓诵读字母表，节奏舒缓，适合睡前放松或专注减压时刻。2025年发行的当代ASMR氛围作品。,Australia,AU,artist_origin_hint,TW,corrected_to_other_country,artist override or known artist origin -> AU,https://music.apple.com/tw/album/eye-chart/1811657629?i=1811658005&uo=4
itunes_1359096356,ตราบชีวิตจะหาไม่ (Acoustic Version),ชาติ สุชาติ,เพลงประกอบละคร คมแฝก - EP,TW,china,itunes,流行樂,流行樂,木吉他撥弦為底，男聲溫厚敘事，流行民謠質地。適合夜讀獨處或雨窗發呆，2010年代後半的影視抒情餘韻，泰語原曲改編卻有華語情歌的熟悉感。,Thailand,TH,artist_origin_hint,TW,corrected_to_other_country,artist override or known artist origin -> TH,https://music.apple.com/tw/album/%E0%B8%95%E0%B8%A3%E0%B8%B2%E0%B8%9A%E0%B8%8A-%E0%B8%A7-%E0%B8%95%E0%B8%88%E0%B8%B0%E0%B8%AB%E0%B8%B2%E0%B9%84%E0%B8%A1-acoustic-version/1359096352?i=1359096356&uo=4
itunes_160419679,18 and Life,Skid Row,Chart Hits: Rock - EP,TW,china,itunes,搖滾,搖滾,硬搖滾吉他與爆發力人聲交織，這首八十年代末經典以緊湊編制與社會敘事見長。適合深夜獨行、公路馳騁或重溫金屬黃金時代時播放。,United States,US,artist_origin_hint,TW,corrected_to_other_country,artist override or known artist origin -> US,https://music.apple.com/tw/album/18-and-life/160419469?i=160419679&uo=4
itunes_1543573276,How You Like That (instrumental) orginally performed by Blackpink,Best Chart Hits,Big Hits of 2020 Volume 2,TW,china,itunes,流行樂,流行樂,电子节拍与合成器铺底交织，营造出2020年流行乐坛的鲜明张力。无歌词版本更适合专注工作、运动节奏或派对暖场，以纯粹的律动能量带动空间气氛。,,,itunes_storefront_china_review,TW,rejected_china_storefront_needs_review,China-family iTunes storefront only; no strong artist or metadata evidence,https://music.apple.com/tw/album/how-you-like-that-instrumental-orginally-performed/1543572963?i=1543573276&uo=4
itunes_1715607530,Black (From The Waist Down),Albert Kick & JASON RENE,Top Chart 5 - Single,TW,china,itunes,流行樂,流行樂,电子舞曲节拍利落饱满，合成器音色明亮带有些许复古未来感，副歌段落能量充沛，适合夜跑、派对暖场或通勤时提振精神，整体呈现2010年代初期华语流行电音的轻快风貌。,China,CN,genre_or_metadata_hint,TW,confirmed_china_family,genre/label/tags/description evidence -> CN,https://music.apple.com/tw/album/black-from-the-waist-down/1715607528?i=1715607530&uo=4
itunes_6770600501,Modern Chart Country Pop Full,Bobby Cole,Neon Strategy,TW,china,itunes,流行樂,流行樂,明亮电吉他搭配合成器铺底，节奏轻快富有都市感，人声线条流畅易记，适合驾车兜风或周末午后放松聆听，散发当代都会流行气息。,United States,US,artist_origin_hint,TW,corrected_to_other_country,artist override or known artist origin -> US,https://music.apple.com/tw/album/modern-chart-country-pop-full/6770600272?i=6770600501&uo=4
itunes_1222149680,On the Charts,DREAMCAR,Dreamcar,TW,china,itunes,另類音樂,另類音樂,DREAMCAR以明亮合成器音色與躍動節拍構築這首另類搖滾作品，流暢貝斯線穿梭於電吉他泛音之間，整體散發2010年代中後期獨立樂團的時髦能量，適合駕車夜遊或週末午后提振精神。,United States,US,artist_origin_hint,TW,corrected_to_other_country,artist override or known artist origin -> US,https://music.apple.com/tw/album/on-the-charts/1222149523?i=1222149680&uo=4
itunes_854348795,All of Me (Acoustic Piano Version),鋼琴的人,Acoustic Chart Hits (Ambient Piano Music),TW,china,itunes,流行樂,流行樂,清透的鋼琴獨奏緩緩鋪展，將原曲的濃烈情感化為午後窗邊的靜謐獨白。適合獨處閱讀、深夜沉思或需要專注的時刻，讓旋律如微光般輕觸心緒。,,,itunes_storefront_china_review,TW,rejected_china_storefront_needs_review,China-family iTunes storefront only; no strong artist or metadata evidence,https://music.apple.com/tw/album/all-of-me-acoustic-piano-version/854348760?i=854348795&uo=4
itunes_1831033768,อวสาน (Awasan),ชาติ สุชาติ,อวสาน - Single,TW,china,itunes,民謠,民謠,一把木吉他缓缓铺陈，嗓音低沉而略带沙砾感，像冬日午后窗边的一杯温茶。民谣底色里藏着闽南语系的婉转尾音，适合独处时静静聆听，让时光慢下来。,Thailand,TH,artist_origin_hint,TW,corrected_to_other_country,artist override or known artist origin -> TH,https://music.apple.com/tw/album/%E0%B8%AD%E0%B8%A7%E0%B8%AA%E0%B8%B2%E0%B8%99-awasan/1831033764?i=1831033768&uo=4
itunes_1690718092,Burning Up The Night,Tim Laws,Chart Dance,TW,china,itunes,舞曲,舞曲,跃动电子节拍层层推进，合成器音色明亮锋利，适合深夜驾驶或健身房挥洒汗水。千禧年欧陆舞曲的复古骨架裹上当代台味电音光泽，人声切片与机械鼓点交织出都市霓虹下的无尽能量。,United Kingdom,GB,artist_origin_hint,TW,corrected_to_other_country,artist override or known artist origin -> GB,https://music.apple.com/tw/album/burning-up-the-night/1690717665?i=1690718092&uo=4
itunes_879168476,You Don't Know Me,Eddy Arnold,"The Complete Us Chart Singles 1945-62, Vol. 2",TW,china,itunes,鄉村樂,鄉村樂,溫柔男聲伴著輕盈吉他撥弦緩緩流淌，鄉村樂的質樸旋律帶有濃郁的懷舊氣息，適合午後獨處或深夜淺酌時靜靜聆聽，讓思緒隨著悠揚樂句飄向遠方。,United States,US,artist_origin_hint,TW,corrected_to_other_country,artist override or known artist origin -> US,https://music.apple.com/tw/album/you-dont-know-me/879168415?i=879168476&uo=4
itunes_1710813540,Beautiful Day,Henrik Lars Wikstrom,Chart Songs 2,TW,china,itunes,流行樂,流行樂,明亮轻快的流行旋律，钢琴与电子合成器交织出都市时尚感，适合通勤路上或午后咖啡时光聆听，传递积极温暖的日常能量。,Sweden,SE,artist_origin_hint,TW,corrected_to_other_country,artist override or known artist origin -> SE,https://music.apple.com/tw/album/beautiful-day/1710813531?i=1710813540&uo=4
itunes_1581087532,Bad Habits,Ed Sheeran,=,TW,china,itunes,流行樂,流行樂,轻快合成器铺底搭配跃动节拍，Ed Sheeran 以慵懒声线演绎深夜难戒的心动惯性。适合都市夜行、车窗霓虹或独酌微醺时循环播放，2021 年夏日流行电子曲风。,United Kingdom,GB,artist_origin_hint,TW,corrected_to_other_country,artist override or known artist origin -> GB,https://music.apple.com/tw/album/bad-habits/1581087024?i=1581087532&uo=4
itunes_1643137519,Confess,Universal Production Music,Chart Pop 7,TW,china,itunes,流行樂,流行樂,明亮合成器铺底搭配跃动节拍，台湾2021年流行乐作品，适合通勤路上或午后咖啡时光聆听，轻快旋律自带都市时尚感。,Taiwan,TW,genre_or_metadata_hint,TW,confirmed_china_family,genre/label/tags/description evidence -> TW,https://music.apple.com/tw/album/confess/1643137376?i=1643137519&uo=4
itunes_1656762370,Left and Right,Charlie Puth & Jung Kook,Jahrescharts 2022 - Die größten Chart Hits,TW,china,itunes,流行樂,流行樂,轻快节奏与明亮合成器交织，两位声线叠出夏日清爽感，适合午后驾车或朋友聚会时播放，2022年流行乐坛的轻快对唱佳作。,United States,US,artist_origin_hint,TW,corrected_to_other_country,artist override or known artist origin -> US,https://music.apple.com/tw/album/left-and-right/1656761135?i=1656762370&uo=4
itunes_1206799181,Hit Chart Wo Nerae,ONIGAWARA,Hit Chart Wo Nerae,TW,china,itunes,日本流行樂,日本流行樂,bright 电吉他 riff 切开空气，日系流行摇滚的爽快节奏带着2010年代中后期的街头能量，鼓点扎实、贝斯跳动，适合通勤路上或周末聚会时提振精神，年轻而直接的爆发力。,Japan,JP,artist_origin_hint,TW,corrected_to_other_country,artist override or known artist origin -> JP,https://music.apple.com/tw/album/hit-chart-wo-nerae/1206799004?i=1206799181&uo=4
itunes_266441700,Flying Without Wings,Westlife,Westlife,SG,china,itunes,Pop,Pop,Westlife经典抒情金曲，钢琴与弦乐铺陈出温柔底色，五人清亮和声层层叠进，副歌激昂处如展翅迎风。适合深夜独处或长途车程中聆听，重温世纪末千禧流行黄金时代的纯粹感动。,Ireland,IE,artist_origin_hint,SG,corrected_to_other_country,artist override or known artist origin -> IE,https://music.apple.com/sg/album/flying-without-wings/266441658?i=266441700&uo=4
itunes_310505597,You Are Not Alone,Michael Jackson,"HIStory - PAST, PRESENT AND FUTURE - BOOK I",SG,china,itunes,Pop,Pop,温柔钢琴前奏缓缓铺展，迈克尔·杰克逊标志性的清亮嗓音倾诉着孤独中的慰藉。九十年代的流行金曲，弦乐与节奏蓝调交织，适合深夜独处或需要拥抱的时刻聆听。,United States,US,artist_origin_hint,SG,corrected_to_other_country,artist override or known artist origin -> US,https://music.apple.com/sg/album/you-are-not-alone/310505551?i=310505597&uo=4
itunes_193044536,Gonna Make You Sweat (Everybody Dance Now) [feat. Freedom Williams],C+C Music Factory,Gonna Make You Sweat,SG,china,itunes,Dance,Dance,强劲House节拍撞上Freedom Williams的标志性说唱，这首1990年舞曲金曲以合成器铜管与机械鼓机点燃舞池，适合深夜派对或健身冲刺时播放，能量饱满不退烧。,Singapore,SG,itunes_storefront,SG,corrected_to_other_country,non-China iTunes storefront retained -> SG,https://music.apple.com/sg/album/gonna-make-you-sweat-everybody-dance-now-feat-freedom/193044507?i=193044536&uo=4
itunes_1445669197,You're Still the One,Shania Twain,Come On Over,SG,china,itunes,Country,Country,柔和乡村流行曲风，吉他与人声交织出九十年代末的温馨质感，适合深夜独处或公路旅行时聆听，旋律舒缓而情感真挚。,Singapore,SG,itunes_storefront,SG,corrected_to_other_country,non-China iTunes storefront retained -> SG,https://music.apple.com/sg/album/youre-still-the-one/1445668706?i=1445669197&uo=4
itunes_304121417,Like a Rose,A1,Here We Come,SG,china,itunes,Pop,Pop,九十年代末的英伦流行曲风，细腻和声与流畅旋律交织，适合午后独处或都市夜行时聆听，温柔中带着淡淡的青春感伤。,United Kingdom,GB,genre_or_metadata_hint,SG,corrected_to_other_country,genre/label/tags/description evidence -> GB,https://music.apple.com/sg/album/like-a-rose/304121408?i=304121417&uo=4
itunes_723895262,Hold On,Wilson Phillips,Wilson Phillips,SG,china,itunes,Pop,Pop,清亮的三人和声层层交织，合成器铺底与鼓机节拍勾勒出九十年代初流行金曲的典型轮廓。适合午后驾车或独处时播放，旋律温暖而略带励志色彩，副歌线条朗朗上口，带有那个时代电台热播曲的明亮质感。,Singapore,SG,itunes_storefront,SG,corrected_to_other_country,non-China iTunes storefront retained -> SG,https://music.apple.com/sg/album/hold-on/723895185?i=723895262&uo=4
itunes_723433515,Return To Innocence,Enigma,The Cross Of Changes,SG,china,itunes,New Age,New Age,空灵女声与悠远吟唱交织，电子节拍铺陈出神秘氛围，九十年代New Age经典之作，适合深夜独处或冥想时聆听，让思绪随旋律回归本真宁静。,Singapore,SG,itunes_storefront,SG,corrected_to_other_country,non-China iTunes storefront retained -> SG,https://music.apple.com/sg/album/return-to-innocence/723433202?i=723433515&uo=4
itunes_171175839,Go the Distance (From Disney's Hercules),Michael Bolton,All That Matters,SG,china,itunes,Adult Contemporary,Adult Contemporary,醇厚男声以磅礴气势演绎这首迪士尼经典，钢琴与管弦乐层层铺陈，副歌处情感喷薄而出。适合深夜独处或需要鼓舞时聆听，九十年代的成人抒情风格至今仍有穿透人心的力量。,Singapore,SG,itunes_storefront,SG,corrected_to_other_country,non-China iTunes storefront retained -> SG,https://music.apple.com/sg/album/go-the-distance-from-disneys-hercules/171174234?i=171175839&uo=4
itunes_631204068,愛我別走,A-Yue Chang,2021 愛妳愛一輩子,SG,china,itunes,Mandopop,Mandopop,沙哑嗓音伴着木吉他缓缓展开，这首经典华语流行曲以简洁的民谣摇滚编制，将深夜独处时的挽留与脆弱娓娓道来，适合在微凉的街头或末班车厢里独自回放。,China,CN,genre_or_metadata_hint,SG,confirmed_china_family,genre/label/tags/description evidence -> CN,https://music.apple.com/sg/album/%E6%84%9B%E6%88%91%E5%88%A5%E8%B5%B0/631203644?i=631204068&uo=4
itunes_401611971,Heaven Knows,Rick Price,Heaven Knows,SG,china,itunes,Rock,Rock,深情而温暖的成人抒情摇滚，Rick Price以醇厚嗓音铺展九十年代的浪漫图景。钢琴与电吉他交织出绵密氛围，适合深夜独处或回忆往昔时静静聆听。,Singapore,SG,itunes_storefront,SG,corrected_to_other_country,non-China iTunes storefront retained -> SG,https://music.apple.com/sg/album/heaven-knows/401611962?i=401611971&uo=4
itunes_1440773598,On Bended Knee,Boyz II Men,Legacy - The Greatest Hits Collection,SG,china,itunes,R&B/Soul,R&B/Soul,丝滑的四部和声在慢板中层层铺展，钢琴与合成器铺底，鼓点克制而深情。九十年代R&B黄金期的经典情歌，适合深夜独处或回忆涌动的时刻，嗓音里的恳切与脆弱直击人心。,Singapore,SG,itunes_storefront,SG,corrected_to_other_country,non-China iTunes storefront retained -> SG,https://music.apple.com/sg/album/on-bended-knee/1440773028?i=1440773598&uo=4
itunes_723752126,Just Another Day,Jon Secada,Jon Secada,SG,china,itunes,Pop,Pop,温润男声在九十年代流行曲风中铺展，钢琴与轻鼓点交织出都市夜归人的独白，适合车窗掠过的霓虹或独处时的一杯红酒。,Singapore,SG,itunes_storefront,SG,corrected_to_other_country,non-China iTunes storefront retained -> SG,https://music.apple.com/sg/album/just-another-day/723751830?i=723752126&uo=4
itunes_325148114,Sepi Sekuntum Mawar Merah,Ella,Koleksi Terbaik Ella,SG,china,itunes,Worldwide,Worldwide,这首作品以马来流行曲风为基底，融合八十年代末抒情摇滚的编曲厚度，电吉他铺陈出略带忧郁的声场，女歌手以饱满而略带沙哑的嗓音演绎失恋情歌，适合深夜独处时聆听，感受热带都市里一朵红玫瑰凋零的怅惘。,Singapore,SG,itunes_storefront,SG,corrected_to_other_country,non-China iTunes storefront retained -> SG,https://music.apple.com/sg/album/sepi-sekuntum-mawar-merah/325148011?i=325148114&uo=4
itunes_574180439,Aku Cinta Padamu,Siti Nurhaliza,Aku Cinta Padamu,SG,china,itunes,Pop,Pop,清亮女声流淌于九十年代的流行编曲之中，钢琴与弦乐铺陈出温柔底色，适合独处时细品这份南洋都市的抒情余韵。,Singapore,SG,genre_or_metadata_hint,SG,corrected_to_other_country,genre/label/tags/description evidence -> SG,https://music.apple.com/sg/album/aku-cinta-padamu/574180393?i=574180439&uo=4
itunes_271978747,Semi-Charmed Life,Third Eye Blind,Third Eye Blind,SG,china,itunes,Alternative,Alternative,明亮吉他扫弦与跃动鼓点交织，九十年代另类摇滚的清爽能量扑面而来，副歌口哨般的旋律线条适合午后驾车或友人聚会时随性播放，带着加州阳光般的无忧无虑。,Singapore,SG,itunes_storefront,SG,corrected_to_other_country,non-China iTunes storefront retained -> SG,https://music.apple.com/sg/album/semi-charmed-life/271978738?i=271978747&uo=4
itunes_1074152767,心痛,Kit Chan,心痛,SG,china,itunes,Mandopop,Mandopop,九十年代华语抒情经典，钢琴与弦乐铺陈出深夜独处的静谧氛围。Kit Chan以内敛而饱满的声线，将都市情感中的遗憾与温柔缓缓道来，适合雨夜窗前或独处时静静聆听，让心绪随旋律轻轻沉淀。,China,CN,genre_or_metadata_hint,SG,confirmed_china_family,genre/label/tags/description evidence -> CN,https://music.apple.com/sg/album/%E5%BF%83%E7%97%9B/1074152764?i=1074152767&uo=4
itunes_1726103018,Should I Walk Away Quietly ?,Aaron Kwok,Should I Walk Away Quietly ?,SG,china,itunes,Mandopop,Mandopop,九十年代初的港式国语情歌，钢琴与弦乐铺陈出深夜独白的氛围，郭富城以略带沙哑的声线演绎分手边缘的徘徊与不舍，适合雨夜车窗边或独处时静静回放。,China,CN,genre_or_metadata_hint,SG,confirmed_china_family,genre/label/tags/description evidence -> CN,https://music.apple.com/sg/album/should-i-walk-away-quietly/1726103017?i=1726103018&uo=4
itunes_892593580,天意,Andy Lau,天意,SG,china,itunes,Pop,Pop,刘德华经典国语抒情之作，钢琴与弦乐铺陈出九十年代的深情底色，副歌旋律激昂而婉转，适合独处时重温旧日心绪。,China,CN,genre_or_metadata_hint,SG,confirmed_china_family,genre/label/tags/description evidence -> CN,https://music.apple.com/sg/album/%E5%A4%A9%E6%84%8F/892593551?i=892593580&uo=4
itunes_893294216,難以抗拒你容顏,Jeff Chang,永恆金曲 (典藏精選),SG,china,itunes,Mandopop,Mandopop,温柔男声以清澈高音铺展九〇年代台式抒情，钢琴与弦乐层层推叠，适合深夜独处或旧日回忆时静静聆听。,China,CN,genre_or_metadata_hint,SG,confirmed_china_family,genre/label/tags/description evidence -> CN,https://music.apple.com/sg/album/%E9%9B%A3%E4%BB%A5%E6%8A%97%E6%8B%92%E4%BD%A0%E5%AE%B9%E9%A1%8F/893291540?i=893294216&uo=4
itunes_905230240,輸了你贏了世界又如何,Ukulele,捍衛愛情,SG,china,itunes,Pop,Pop,一把木吉他缓缓铺陈，嗓音低沉而克制，将失恋后的孤傲与自嘲轻轻托起。千禧年前后华语流行的典型抒情质地，适合深夜独饮或雨后车窗旁的沉思时刻。,China,CN,genre_or_metadata_hint,SG,confirmed_china_family,genre/label/tags/description evidence -> CN,https://music.apple.com/sg/album/%E8%BC%B8%E4%BA%86%E4%BD%A0%E8%B4%8F%E4%BA%86%E4%B8%96%E7%95%8C%E5%8F%88%E5%A6%82%E4%BD%95/905230223?i=905230240&uo=4
itunes_945575409,Scar Tissue,Red Hot Chili Peppers,Californication (Remastered),SG,china,itunes,Alternative,Alternative,吉他滑音如沙漠热风拂过，松弛的贝斯线与慵懒鼓点交织出加州午后的倦怠诗意。适合独处车窗半降时，任阳光在伤疤上缓慢移动。,Singapore,SG,itunes_storefront,SG,corrected_to_other_country,non-China iTunes storefront retained -> SG,https://music.apple.com/sg/album/scar-tissue/945575406?i=945575409&uo=4
itunes_304121413,Everytime,A1,Here We Come,SG,china,itunes,Pop,Pop,世纪末英伦男孩团体的温柔情歌，清亮和声与抒情钢琴交织，适合深夜独处或雨天窗边重温青春心事。,United Kingdom,GB,genre_or_metadata_hint,SG,corrected_to_other_country,genre/label/tags/description evidence -> GB,https://music.apple.com/sg/album/everytime/304121408?i=304121413&uo=4
itunes_1836084277,红蜻蜓,The Little Tigers,红蜻蜓,SG,china,itunes,Mandopop,Mandopop,这首作品以清澈明亮的男声合鸣为主线，吉他与人声交织出九十年代华语流行特有的青春气息。旋律轻快真挚，适合午后独处或追忆校园时光时聆听，仿佛看见夏日黄昏里掠过天际的红影。,China,CN,genre_or_metadata_hint,SG,confirmed_china_family,genre/label/tags/description evidence -> CN,https://music.apple.com/sg/album/%E7%BA%A2%E8%9C%BB%E8%9C%93/1836084276?i=1836084277&uo=4
itunes_1167470909,寬容,Jeff Chang,寬容,SG,china,itunes,Mandopop,Mandopop,张信哲1995年同名专辑的主打曲，钢琴与弦乐铺陈出典型的华语抒情流行底色，清亮男声以克制而绵长的方式演绎，适合深夜独处或回忆翻涌时静静聆听。,China,CN,genre_or_metadata_hint,SG,confirmed_china_family,genre/label/tags/description evidence -> CN,https://music.apple.com/sg/album/%E5%AF%AC%E5%AE%B9/1167470663?i=1167470909&uo=4
itunes_1442420334,遺憾,Mavis Hee,Review 1996-1999精選輯,SG,china,itunes,Mandopop,Mandopop,许美静以清冷疏离的声线演绎都市情歌，钢琴与弦乐铺陈出九十年代末华语流行的典型质感，适合深夜独处时聆听那份克制的哀伤。,China,CN,genre_or_metadata_hint,SG,confirmed_china_family,genre/label/tags/description evidence -> CN,https://music.apple.com/sg/album/%E9%81%BA%E6%86%BE/1442419710?i=1442420334&uo=4
itunes_892862372,愛你一萬年,Andy Lau,"The Melody Andy, Vol. 8",SG,china,itunes,Mandopop,Mandopop,温柔而坚定的男声在钢琴与弦乐的铺陈中缓缓倾诉，经典华语流行情歌的醇厚质感，适合深夜独处或驾车时静静回味。,China,CN,genre_or_metadata_hint,SG,confirmed_china_family,genre/label/tags/description evidence -> CN,https://music.apple.com/sg/album/%E6%84%9B%E4%BD%A0%E4%B8%80%E8%90%AC%E5%B9%B4/892862347?i=892862372&uo=4
itunes_1444099542,All My Life,K-Ci & JoJo,Ballads,SG,china,itunes,R&B/Soul,R&B/Soul,九十年代的R&B情歌，双主唱以真假音交织的细腻声线铺陈深情告白。钢琴与弦乐垫底，鼓机节奏舒缓推进，适合深夜独处或驾车穿行城市灯火时聆听，让未说尽的温柔随旋律缓缓流淌。,Singapore,SG,itunes_storefront,SG,corrected_to_other_country,non-China iTunes storefront retained -> SG,https://music.apple.com/sg/album/all-my-life/1444099541?i=1444099542&uo=4
itunes_157485079,To the Moon & Back,Savage Garden,Savage Garden,SG,china,itunes,Pop,Pop,清亮合成器铺底搭配流畅吉他扫弦，副歌旋律上扬如夜航穿越云层，男声对唱交织着世纪末都市浪漫。适合深夜驾车或独处时播放，自带1990年代流行摇滚的霓虹余温。,Singapore,SG,itunes_storefront,SG,corrected_to_other_country,non-China iTunes storefront retained -> SG,https://music.apple.com/sg/album/to-the-moon-back/157485058?i=157485079&uo=4
itunes_377853021,新不了情,Wanfang,One芳 (新歌+精選): 1,SG,china,itunes,Mandopop,Mandopop,钢琴前奏缓缓铺开，万芳以温润内敛的声线演绎这首九零年代华语经典。弦乐层层叠入，副歌情绪如潮涌动，适合深夜独处或旧友重逢时静静聆听，余韵悠长。,China,CN,genre_or_metadata_hint,SG,confirmed_china_family,genre/label/tags/description evidence -> CN,https://music.apple.com/sg/album/%E6%96%B0%E4%B8%8D%E4%BA%86%E6%83%85/377852928?i=377853021&uo=4
itunes_1440881518,Pretty Fly (For a White Guy),The Offspring,Americana,SG,china,itunes,Rock,Rock,这首曲子以朋克摇滚的锋利吉他扫弦与快节奏鼓点为骨架，带着九十年代末美式摇滚的戏谑与张扬，人声干脆利落，副歌极具传唱爆发力，适合通勤路上或运动时需要一剂强心针的时刻。,United States,US,genre_or_metadata_hint,SG,corrected_to_other_country,genre/label/tags/description evidence -> US,https://music.apple.com/sg/album/pretty-fly-for-a-white-guy/1440880887?i=1440881518&uo=4
itunes_254938889,At Your Best (You Are Love),Aaliyah,Age Ain't Nothing But a Number (Deluxe),SG,china,itunes,R&B/Soul,R&B/Soul,丝滑R&B节拍托起慵懒午后的私密氛围，Aaliyah的嗓音如丝绒般轻抚耳际，钢琴与电子合成器交织出九十年代的都市浪漫，适合独酌微醺时循环播放。,Singapore,SG,itunes_storefront,SG,corrected_to_other_country,non-China iTunes storefront retained -> SG,https://music.apple.com/sg/album/at-your-best-you-are-love/254938506?i=254938889&uo=4
itunes_1442727316,Kau Dipaksa Aku Terpaksa,SCAN,24 Lagu Hit Kenangan Abadi: Lagenda Hit Rock Cinta,SG,china,itunes,Pop,Pop,这首新加坡华语摇滚情歌以电吉他铺底，鼓点沉稳推进，副歌情绪饱满上扬，适合深夜独处或驾车时重温九十年代南洋情歌的炽烈与惆怅。,Singapore,SG,genre_or_metadata_hint,SG,corrected_to_other_country,genre/label/tags/description evidence -> SG,https://music.apple.com/sg/album/kau-dipaksa-aku-terpaksa/1442724571?i=1442727316&uo=4
itunes_686344302,Poovukkul,UnniKrishnan & Sujatha,Jeans (Original Motion Picture Soundtrack),SG,china,itunes,Tamil,Tamil,轻快活泼的南印度电影歌曲，男女声线交织出青春恋爱的甜蜜张力。合成器铺底搭配传统打击乐，九零年代泰米尔流行乐的明亮色彩，适合午后通勤或聚会暖场时聆听。,India,IN,genre_or_metadata_hint,SG,corrected_to_other_country,genre/label/tags/description evidence -> IN,https://music.apple.com/sg/album/poovukkul/686344080?i=686344302&uo=4
itunes_1440780702,No Matter What,Boyzone,Back Again... No Matter What - The Greatest Hits,SG,china,itunes,Pop,Pop,温润男声交织成绵密和声，钢琴与弦乐铺陈出抒情底色，1998年的英伦流行金曲以真挚告白穿越时光，适合深夜独处或怀旧歌单循环。,United Kingdom,GB,genre_or_metadata_hint,SG,corrected_to_other_country,genre/label/tags/description evidence -> GB,https://music.apple.com/sg/album/no-matter-what/1440780516?i=1440780702&uo=4
itunes_1270065322,Stay (I Missed You),Lisa Loeb,Stay (I Missed You) - Single,SG,china,itunes,Pop,Pop,清透女声伴着木吉他缓缓流淌，九十年代美式民谣流行的温柔代表。适合独处午后或深夜窗前，让略带惆怅的旋律轻轻包裹思念。,United States,US,genre_or_metadata_hint,SG,corrected_to_other_country,genre/label/tags/description evidence -> US,https://music.apple.com/sg/album/stay-i-missed-you/1270065316?i=1270065322&uo=4
itunes_169628364,Two Princes,Spin Doctors,Pocket Full of Kryptonite,SG,china,itunes,Rock,Rock,明亮吉他扫弦与跳跃贝斯线条交织，带来九十年代美式摇滚的随性气息。主唱略带慵懒的嗓音在副歌处释放感染力，适合午后驾车或朋友聚会时播放，让人不自觉跟着节奏摆动。,United States,US,genre_or_metadata_hint,SG,corrected_to_other_country,genre/label/tags/description evidence -> US,https://music.apple.com/sg/album/two-princes/169627657?i=169628364&uo=4
itunes_959563977,All That She Wants (2015 Remastered Version),Ace of Base,The Sign (2015 Remastered Version),SG,china,itunes,Pop,Pop,九十年代欧陆流行金曲以清晰数字节拍铺底，女声慵懒吟唱交织雷鬼式反拍切分，合成器铺陈出略带迷幻的舞池氛围，适合深夜驾车或独处时重温复古律动。,Jamaica,JM,genre_or_metadata_hint,SG,corrected_to_other_country,genre/label/tags/description evidence -> JM,https://music.apple.com/sg/album/all-that-she-wants-2015-remastered-version/959563976?i=959563977&uo=4
itunes_1483793226,Interstate Love Song (2019 Remaster),Stone Temple Pilots,Purple (2019 Remaster),SG,china,itunes,Rock,Rock,九十年代美式硬摇滚的醇厚回响，扭曲吉他 riff 与慵懒人声交织出公路旅行的苍茫诗意。适合深夜独处或长途驾驶时沉浸，感受复古失真音色中流淌的疏离与温柔。,United States,US,genre_or_metadata_hint,SG,corrected_to_other_country,genre/label/tags/description evidence -> US,https://music.apple.com/sg/album/interstate-love-song-2019-remaster/1483792702?i=1483793226&uo=4
itunes_151199139,I Didn't Intend to Go,Emil Wakin Chau,Nothing Will Stop Me from Loving You,SG,china,itunes,Mandopop,Mandopop,轻柔木吉他铺底，周华健温润嗓音缓缓道来一场无心却深陷的邂逅。九零年代台式抒情流行，适合深夜独处或雨后车窗边的沉默时刻。,China,CN,genre_or_metadata_hint,SG,confirmed_china_family,genre/label/tags/description evidence -> CN,https://music.apple.com/sg/album/i-didnt-intend-to-go/151199117?i=151199139&uo=4
itunes_1167466583,用情,Jeff Chang,摯愛,SG,china,itunes,Mandopop,Mandopop,钢琴与弦乐铺陈出九零年代华语情歌的深情底色，张信哲清亮而克制的嗓音在副歌处层层推进，适合深夜独处或旧地重游时聆听，让未竟的遗憾在旋律中缓缓沉淀。,China,CN,genre_or_metadata_hint,SG,confirmed_china_family,genre/label/tags/description evidence -> CN,https://music.apple.com/sg/album/%E7%94%A8%E6%83%85/1167466269?i=1167466583&uo=4
itunes_1063261343,Jailbird,Cass Phang,The Power of Love,SG,china,itunes,Mandopop,Mandopop,九十年代港式流行情歌的醇厚余韵，钢琴与弦乐铺陈出都市夜色的温柔底色。彭羚的声线如丝绒般包裹旋律，适合独处时让情绪随慢板节奏缓缓沉淀，是霓虹灯下一杯微醺红酒的听觉 companion。,China,CN,genre_or_metadata_hint,SG,confirmed_china_family,genre/label/tags/description evidence -> CN,https://music.apple.com/sg/album/jailbird/1063261182?i=1063261343&uo=4
itunes_1540895594,90's Love,NCT U,NCT RESONANCE Pt. 2 - The 2nd Album,SG,china,itunes,K-Pop,K-Pop,复古合成器音色与强劲节拍交织，这首K-Pop作品以九十年代嘻哈与R&B为基底，融入现代电子制作，呈现出活力四射的派对氛围。多人声线交替碰撞，适合夜间驾驶或舞池释放能量。,South Korea,KR,genre_or_metadata_hint,SG,corrected_to_other_country,genre/label/tags/description evidence -> KR,https://music.apple.com/sg/album/90s-love/1540895592?i=1540895594&uo=4
itunes_303156673,I Believe I Can Fly,R. Kelly,R.,SG,china,itunes,R&B/Soul,R&B/Soul,这是一首九十年代末的R&B经典，以温暖的键盘铺底、 gospel风格的和声与饱满的弦乐编排撑起辽阔的听觉空间。男声在高音区深情舒展，适合独处时凝视窗外、重拾信念的深夜时刻，或需要一份温柔力量陪伴的通勤路途。,Singapore,SG,itunes_storefront,SG,corrected_to_other_country,non-China iTunes storefront retained -> SG,https://music.apple.com/sg/album/i-believe-i-can-fly/303156530?i=303156673&uo=4
itunes_288167225,Another Sad Love Song,Toni Braxton,Toni Braxton,SG,china,itunes,R&B/Soul,R&B/Soul,低沉醇厚的女声在舒缓节奏中铺展，钢琴与合成器交织出九零年代R&B特有的都市夜氛围，适合独处时让情绪随旋律缓缓沉淀。,Singapore,SG,itunes_storefront,SG,corrected_to_other_country,non-China iTunes storefront retained -> SG,https://music.apple.com/sg/album/another-sad-love-song/288167174?i=288167225&uo=4
itunes_157485087,I Want You,Savage Garden,Savage Garden,SG,china,itunes,Pop,Pop,清亮的男声二重唱流淌在合成器铺陈的梦幻音场中，中板节奏带着九十年代末流行乐特有的浪漫张力，适合深夜独处或驾车穿行城市灯火时聆听。,Singapore,SG,itunes_storefront,SG,corrected_to_other_country,non-China iTunes storefront retained -> SG,https://music.apple.com/sg/album/i-want-you/157485058?i=157485087&uo=4
itunes_202969670,紅塵有你,Dave Wang,我,SG,china,itunes,Mandopop,Mandopop,低沉而饱满的嗓音铺陈出九十年代的都市深情，钢琴与弦乐交织出浓郁抒情氛围。这首华语流行金曲适合深夜独处或追忆往昔时静静聆听，让醇厚的旋律缓缓浸润心事。,China,CN,genre_or_metadata_hint,SG,confirmed_china_family,genre/label/tags/description evidence -> CN,https://music.apple.com/sg/album/%E7%B4%85%E5%A1%B5%E6%9C%89%E4%BD%A0/202969444?i=202969670&uo=4
itunes_373221221,I'll Be There for You (Theme from Friends),The Rembrandts,The Rembrandts: L.P.,SG,china,itunes,Rock,Rock,明亮吉他扫弦与温暖男声和声交织，这首九十年代摇滚金曲以跃动节拍与朗朗上口的副歌营造出阳光般的陪伴感，适合午后咖啡时光或老友相聚时轻声哼唱。,Singapore,SG,itunes_storefront,SG,corrected_to_other_country,non-China iTunes storefront retained -> SG,https://music.apple.com/sg/album/ill-be-there-for-you-theme-from-friends/373220996?i=373221221&uo=4
itunes_1442726748,Suratan Takdir,Gersang,24 Lagu Hit Kenangan Abadi: Lagenda Hit Rock Cinta,SG,china,itunes,Pop,Pop,深沉的吉他线条铺展于复古合成器之上，马来摇滚的抒情张力与流行旋律交织，适合深夜独处时 replay 的怀旧声景。,Singapore,SG,itunes_storefront,SG,corrected_to_other_country,non-China iTunes storefront retained -> SG,https://music.apple.com/sg/album/suratan-takdir/1442724571?i=1442726748&uo=4
itunes_308870332,Nobody Knows,The Tony Rich Project,Words,SG,china,itunes,R&B/Soul,R&B/Soul,九十年代中期R&B情歌，丝滑男声配以柔和键盘与节奏蓝调节拍，适合深夜独处或城市夜驾时聆听，氛围内敛深情。,Singapore,SG,itunes_storefront,SG,corrected_to_other_country,non-China iTunes storefront retained -> SG,https://music.apple.com/sg/album/nobody-knows/308870330?i=308870332&uo=4
itunes_1171665310,我想有个家,Eagle Pan,那些年那些歌,SG,china,itunes,Mandopop,Mandopop,轻柔钢琴与弦乐铺陈出温暖底色，潘美辰沙哑而真挚的嗓音直抵人心，唱尽都市漂泊者对归属的渴望。八十年代末华语流行经典，适合深夜独处或归途车窗边静静聆听，让疲惫在旋律中缓缓安放。,China,CN,genre_or_metadata_hint,SG,confirmed_china_family,genre/label/tags/description evidence -> CN,https://music.apple.com/sg/album/%E6%88%91%E6%83%B3%E6%9C%89%E4%B8%AA%E5%AE%B6/1171665173?i=1171665310&uo=4
itunes_1442573139,激光中,羅文,舞台上,HK,china,itunes,廣東歌/香港流行樂,廣東歌/香港流行樂,電子合成器與強勁節拍交織，羅文以戲劇性唱腔演繹這首1983年香港流行曲，霓虹閃爍的都市夜境躍然耳際，適合駕車夜行或重溫黃金年代舞廳風華。,Hong Kong,HK,artist_origin_hint,HK,confirmed_china_family,artist override or known artist origin -> HK,https://music.apple.com/hk/album/%E6%BF%80%E5%85%89%E4%B8%AD/1442573122?i=1442573139&uo=4
itunes_1443191098,Ain't Too Proud To Beg,The Temptations,Gettin' Ready,HK,china,itunes,R&B/騷靈樂,R&B/騷靈樂,六十年代摩城騷靈經典，銅管與和聲交織出懇切而躍動的節奏，適合深夜獨酌或舊友聚首時細細回味。,United States,US,artist_origin_hint,HK,corrected_to_other_country,artist override or known artist origin -> US,https://music.apple.com/hk/album/aint-too-proud-to-beg/1443191019?i=1443191098&uo=4
itunes_332103770,"Moon River (From ""Breakfast at Tiffany's"")",Andy Williams,The Very Best Of Andy Williams,HK,china,itunes,輕音樂,輕音樂,月光般柔滑的弦乐铺陈，Andy Williams以温暖醇厚的男中音缓缓吟唱，钢琴与轻管弦乐交织出六十年代经典的都会浪漫。适合深夜独处、城市灯火阑珊时轻声播放，让怀旧情怀随旋律静静流淌。,United States,US,artist_origin_hint,HK,corrected_to_other_country,artist override or known artist origin -> US,https://music.apple.com/hk/album/moon-river-from-breakfast-at-tiffanys/332102998?i=332103770&uo=4
itunes_1442573388,願望就是明天,羅文,舞台上,HK,china,itunes,廣東歌/香港流行樂,廣東歌/香港流行樂,羅文以渾厚磁性的嗓音演繹這首1983年香港流行金曲，弦樂鋪陳與鋼琴旋律交織出都會夜的遼闊感，適合獨行歸途或深夜獨酌時細聽，字句間盡是對明天的篤定與溫柔期盼。,Hong Kong,HK,artist_origin_hint,HK,confirmed_china_family,artist override or known artist origin -> HK,https://music.apple.com/hk/album/%E9%A1%98%E6%9C%9B%E5%B0%B1%E6%98%AF%E6%98%8E%E5%A4%A9/1442573122?i=1442573388&uo=4
itunes_954949344,風雲 (無線電視長篇劇主題曲),仙杜拉,風雲,HK,china,itunes,老歌,老歌,八十年代香港電視劇主題曲，仙杜拉以磁性嗓音演繹江湖浮沉。弦樂鋪陳宏大敘事，電子合成器點綴時代色彩，適合深夜獨酌時重溫港劇黃金年代的滄桑與豪情。,Hong Kong,HK,artist_origin_hint,HK,confirmed_china_family,artist override or known artist origin -> HK,https://music.apple.com/hk/album/%E9%A2%A8%E9%9B%B2-%E7%84%A1%E7%B7%9A%E9%9B%BB%E8%A6%96%E9%95%B7%E7%AF%87%E5%8A%87%E4%B8%BB%E9%A1%8C%E6%9B%B2/954949336?i=954949344&uo=4
itunes_997480745,All I Have to Do Is Dream,Roy Orbison,In Dreams,HK,china,itunes,搖滾,搖滾,Roy Orbison 的这首歌以溫柔嗓音與豐富和聲編織出夢幻氛圍，電吉他輕輕蕩漾，節奏舒緩如夜風拂面。六十年代搖滾情歌的經典質感，適合獨處時戴上耳機，讓思緒隨旋律飄向遠方。,United States,US,artist_origin_hint,HK,corrected_to_other_country,artist override or known artist origin -> US,https://music.apple.com/hk/album/all-i-have-to-do-is-dream/997480285?i=997480745&uo=4
itunes_947796686,悲秋風,鄭少秋,"粵語經典, Vol. 1: 當年情",HK,china,itunes,老歌,老歌,秋意蕭瑟的粵語老歌，鄭少秋醇厚聲線緩緩道來，弦樂與鋼琴鋪陳出濃濃懷舊氛圍。適合獨坐窗前、細雨綿綿時獨自回味，讓時光悄然倒流至港樂黃金年代。,Hong Kong,HK,artist_origin_hint,HK,confirmed_china_family,artist override or known artist origin -> HK,https://music.apple.com/hk/album/%E6%82%B2%E7%A7%8B%E9%A2%A8/947796497?i=947796686&uo=4
itunes_1280401707,Dancing With a Broken Heart,跳跳舞合唱團,Tears On the Dancefloor (Crying At the Disco Deluxe Edition),HK,china,itunes,流行樂,流行樂,霓虹燈下心碎律動，合成器鋪陳復古舞池氛圍，電子節拍承載淚光閃爍的抒情旋律，適合獨自漫舞或深夜獨酌時反覆聆聽。,United Kingdom,GB,artist_origin_hint,HK,corrected_to_other_country,artist override or known artist origin -> GB,https://music.apple.com/hk/album/dancing-with-a-broken-heart/1280401275?i=1280401707&uo=4
itunes_947796682,舊歡如夢,譚炳文,"粵語經典, Vol. 1: 當年情",HK,china,itunes,老歌,老歌,譚炳文以渾厚嗓音演繹這首粵語老歌，弦樂鋪陳伴隨傳統中樂色彩，訴說舊情如夢的惆悵。適合深夜獨酌或懷舊時分細聽，重現香港黃金年代的婉轉風華。,Hong Kong,HK,genre_or_metadata_hint,HK,confirmed_china_family,genre/label/tags/description evidence -> HK,https://music.apple.com/hk/album/%E8%88%8A%E6%AD%A1%E5%A6%82%E5%A4%A2/947796497?i=947796682&uo=4
itunes_671020119,I Was the One,Elvis Presley,For LP Fans Only,HK,china,itunes,搖滾,搖滾,貓王早期搖滾經典，1950年代風格鮮明。電吉他與輕快節奏交織，嗓音帶著青春不羈的熱力，適合駕車夜遊或復古派對播放，喚起搖滾初生年代的純粹悸動。,United States,US,artist_origin_hint,HK,corrected_to_other_country,artist override or known artist origin -> US,https://music.apple.com/hk/album/i-was-the-one/671019268?i=671020119&uo=4
itunes_1442697478,誰又欠了誰,徐小鳳,Paula,HK,china,itunes,廣東歌/香港流行樂,廣東歌/香港流行樂,徐小鳳醇厚低回的嗓音在這首1986年廣東歌中緩緩鋪陳，弦樂與鋼琴交織出都市夜色的惆悵，適合獨處時細味舊日情懷。,Hong Kong,HK,genre_or_metadata_hint,HK,confirmed_china_family,genre/label/tags/description evidence -> HK,https://music.apple.com/hk/album/%E8%AA%B0%E5%8F%88%E6%AC%A0%E4%BA%86%E8%AA%B0/1442697152?i=1442697478&uo=4
itunes_217633901,I Was the One,Elvis Presley,The Essential Elvis Presley,HK,china,itunes,搖滾,搖滾,貓王經典搖滾之作，電吉他與節奏藍調律動交織，五十年代美式搖滾的熱烈與浪漫盡在其中。適合午後咖啡時光或深夜獨處，讓復古節拍喚醒內心的搖滾靈魂。,United States,US,artist_origin_hint,HK,corrected_to_other_country,artist override or known artist origin -> US,https://music.apple.com/hk/album/i-was-the-one/217633715?i=217633901&uo=4
itunes_947796673,禪院鐘聲,鄭少秋,"粵語經典, Vol. 1: 當年情",HK,china,itunes,老歌,老歌,鐘聲悠遠，木魚輕叩，這首粵語老歌以傳統佛樂意象入題，鄭少秋的演繹溫潤沉穩，弦樂與民樂交織出九十年代香港流行的典雅餘韻，適合靜夜獨坐時細聽。,Hong Kong,HK,artist_origin_hint,HK,confirmed_china_family,artist override or known artist origin -> HK,https://music.apple.com/hk/album/%E7%A6%AA%E9%99%A2%E9%90%98%E8%81%B2/947796497?i=947796673&uo=4
itunes_217633811,Baby Let's Play House,Elvis Presley,The Essential Elvis Presley,HK,china,itunes,搖滾,搖滾,猫王早期代表作，电吉他驱动五十年代摇滚，跳跃节拍搭配慵懒唱腔，适合周末午后随兴摇摆或复古派对暖场。,United States,US,artist_origin_hint,HK,corrected_to_other_country,artist override or known artist origin -> US,https://music.apple.com/hk/album/baby-lets-play-house/217633715?i=217633811&uo=4
itunes_955100125,往事只能回味,尤雅,往事只能回味,HK,china,itunes,老歌,老歌,尤雅以温润柔美的嗓音，将旧日情思化作一缕缠绵的晚风。弦乐铺陈出七十年代港台夜总会的朦胧灯影，钢琴与轻拨的吉他交织，适合独自凭窗、让回忆随慢板旋律缓缓流淌的静谧时刻。,Taiwan,TW,artist_origin_hint,HK,confirmed_china_family,artist override or known artist origin -> TW,https://music.apple.com/hk/album/%E5%BE%80%E4%BA%8B%E5%8F%AA%E8%83%BD%E5%9B%9E%E5%91%B3/955100115?i=955100125&uo=4
itunes_1442593163,初戀,陳百強,不再流淚,HK,china,itunes,廣東歌/香港流行樂,廣東歌/香港流行樂,溫柔鋼琴與輕快弦樂交織，陳百強清亮嗓音訴說青澀愛戀，八十年代香港流行曲風，適合午後獨處或夜色微醺時細聽，純真浪漫縈繞心頭。,Hong Kong,HK,genre_or_metadata_hint,HK,confirmed_china_family,genre/label/tags/description evidence -> HK,https://music.apple.com/hk/album/%E5%88%9D%E6%88%80/1442592913?i=1442593163&uo=4
itunes_1442577350,我是痴情無限,關菊英,知己同心,HK,china,itunes,廣東歌/香港流行樂,廣東歌/香港流行樂,關菊英以溫婉醇厚的嗓音演繹這首七十年代末粵語經典，弦樂鋪陳出濃郁的東方抒情氛圍，鋼琴與輕柔節拍襯托出痴戀中的纏綿與感傷，適合夜深獨處時細味舊日情懷。,Hong Kong,HK,genre_or_metadata_hint,HK,confirmed_china_family,genre/label/tags/description evidence -> HK,https://music.apple.com/hk/album/%E6%88%91%E6%98%AF%E7%97%B4%E6%83%85%E7%84%A1%E9%99%90/1442576625?i=1442577350&uo=4
itunes_949748301,歡樂年年,汪明荃 & 鄭少秋,香港影視巨星 賀新歲,HK,china,itunes,老歌,老歌,賀歲金曲，鑼鼓喧天，男女對唱熱鬧喜慶，傳統民樂與流行編制交織，滿堂歡騰年味撲面，適合團圓守歲、開市拜年時播放，喚起粵港地區幾代聽眾的節日集體記憶。,Hong Kong,HK,artist_origin_hint,HK,confirmed_china_family,artist override or known artist origin -> HK,https://music.apple.com/hk/album/%E6%AD%A1%E6%A8%82%E5%B9%B4%E5%B9%B4/949748293?i=949748301&uo=4
itunes_947796603,妳回來吧,譚炳文 & 李香琴,"粵語經典, Vol. 1: 當年情",HK,china,itunes,老歌,老歌,粵語對唱經典，男女聲線交織著舊時香港的婉轉情懷。弦樂鋪陳下，歌聲帶著茶餐廳卡式帶的溫暖質地，適合雨夜獨酌或懷舊聚會時細細回味。,Hong Kong,HK,genre_or_metadata_hint,HK,confirmed_china_family,genre/label/tags/description evidence -> HK,https://music.apple.com/hk/album/%E5%A6%B3%E5%9B%9E%E4%BE%86%E5%90%A7/947796497?i=947796603&uo=4
itunes_947796660,痴情淚,鄭少秋 & 汪明荃,"粵語經典, Vol. 1: 當年情",HK,china,itunes,老歌,老歌,粵語對唱經典，男女聲線交織出纏綿悱惻的舊時情懷。弦樂鋪陳如夜雨傾訴，適合獨處窗前細味往事，或燭光搖曳中與舊人遙遙相望。,Hong Kong,HK,artist_origin_hint,HK,confirmed_china_family,artist override or known artist origin -> HK,https://music.apple.com/hk/album/%E7%97%B4%E6%83%85%E6%B7%9A/947796497?i=947796660&uo=4
itunes_546597241,如燕 (Live),Olivia Ong,夏夜晚風 Live,SG,china,itunes,Pop,Pop,轻柔爵士质感的现场录音，Olivia Ong以慵懒温暖的嗓音重新诠释华语经典，钢琴与弦乐交织出夏夜微醺氛围，适合独处时静静聆听。,Singapore,SG,artist_origin_hint,SG,corrected_to_other_country,artist override or known artist origin -> SG,https://music.apple.com/sg/album/%E5%A6%82%E7%87%95-live/546591024?i=546597241&uo=4
itunes_1450735365,Grace (Acoustic),Daniel Chia,Grace (Acoustic) - Single,SG,china,itunes,Pop,Pop,一首以木吉他为主导的极简编制作品，温润的男声在静谧空间中缓缓铺展，旋律线条干净流畅，带有当代华语流行常见的抒情底色。适合独处、阅读或深夜放松时聆听，氛围恬淡而内敛。,China,CN,genre_or_metadata_hint,SG,confirmed_china_family,genre/label/tags/description evidence -> CN,https://music.apple.com/sg/album/grace-acoustic/1450735363?i=1450735365&uo=4
itunes_1819489717,海が見える街 (Jazz version),Cafe Music BGM Channel,CAFE MUSIC 〜STUDIO GHIBLI Jazz & Bossa〜,SG,china,itunes,Smooth Jazz,Smooth Jazz,午后咖啡馆的慵懒爵士改编，钢琴与萨克斯风交织出轻柔律动，熟悉的旋律在Bossa Nova节奏中缓缓流淌，适合阅读、工作或独处时作为背景陪伴。,Japan,JP,artist_origin_hint,SG,corrected_to_other_country,artist override or known artist origin -> JP,https://music.apple.com/sg/album/%E6%B5%B7%E3%81%8B-%E8%A6%8B%E3%81%88%E3%82%8B%E8%A1%97-jazz-version/1819489613?i=1819489717&uo=4
itunes_118411354,Through It All,Hillsong Worship,Blessed,SG,china,itunes,Christian,Christian,这首作品以当代敬拜风格为基底，钢琴与合成器铺陈出开阔的音场，人声合唱层层堆叠，营造出庄严而温暖的属灵氛围。适合独处默想或集体敬拜时聆听，千禧年初的录音质感赋予其质朴而真诚的感染力。,Singapore,SG,itunes_storefront,SG,corrected_to_other_country,non-China iTunes storefront retained -> SG,https://music.apple.com/sg/album/through-it-all/118411646?i=118411354&uo=4
itunes_1819489728,君をのせて (BossaNova version),Cafe Music BGM Channel,CAFE MUSIC 〜STUDIO GHIBLI Jazz & Bossa〜,SG,china,itunes,Smooth Jazz,Smooth Jazz,轻快的波萨诺瓦节奏重新诠释了这首经典旋律，原声吉他与轻柔打击乐交织出午后阳光般的慵懒质感，钢琴点缀其间如微风拂过窗台，适合咖啡馆阅读或都市夜归时的私人放空时刻。,Japan,JP,artist_origin_hint,SG,corrected_to_other_country,artist override or known artist origin -> JP,https://music.apple.com/sg/album/%E5%90%9B%E3%82%92%E3%81%AE%E3%81%9B%E3%81%A6-bossanova-version/1819489613?i=1819489728&uo=4
itunes_1819489980,人生のメリーゴーランド (Jazz version),Cafe Music BGM Channel,CAFE MUSIC 〜STUDIO GHIBLI Jazz & Bossa〜,SG,china,itunes,Smooth Jazz,Smooth Jazz,轻快的旋转木马旋律化作慵懒爵士，钢琴与萨克斯交织出午后咖啡馆的惬意氛围，适合独处阅读或友人小聚时聆听，让熟悉的动画记忆在柔和即兴中缓缓流转。,Japan,JP,artist_origin_hint,SG,corrected_to_other_country,artist override or known artist origin -> JP,https://music.apple.com/sg/album/%E4%BA%BA%E7%94%9F%E3%81%AE%E3%83%A1%E3%83%AA%E3%83%BC%E3%82%B3-%E3%83%BC%E3%83%A9%E3%83%B3%E3%83%88-jazz-version/1819489613?i=1819489980&uo=4
itunes_795054815,Brahms' Lullaby,Steve Wingfield,Cradle Classics,SG,china,itunes,Lullabies,Lullabies,轻柔的钢琴旋律如摇篮般缓缓摇曳，带着十九世纪古典主义的温润质感，在静谧的夜晚为听者织就一片安宁的梦境，适合睡前低语般的私人时刻。,Singapore,SG,itunes_storefront,SG,corrected_to_other_country,non-China iTunes storefront retained -> SG,https://music.apple.com/sg/album/brahms-lullaby/795054777?i=795054815&uo=4
itunes_1690609217,From The Start,Laufey,Bewitched,SG,china,itunes,Jazz,Jazz,慵懒爵士女声轻诉心事，钢琴与弦乐交织出深夜独处的温柔氛围。适合雨夜窗畔配一杯红酒，让复古浪漫的旋律缓缓流淌。,Singapore,SG,itunes_storefront,SG,corrected_to_other_country,non-China iTunes storefront retained -> SG,https://music.apple.com/sg/album/from-the-start/1690607869?i=1690609217&uo=4
itunes_1819489733,風のとおり道 (Jazz version),Cafe Music BGM Channel,CAFE MUSIC 〜STUDIO GHIBLI Jazz & Bossa〜,SG,china,itunes,Smooth Jazz,Smooth Jazz,轻快的钢琴与萨克斯风交织，将熟悉的旋律化作午后咖啡馆里的慵懒呼吸。柔和的爵士节奏搭配巴萨诺瓦的摇曳感，适合阅读、独处或雨天窗边的一杯热饮。2017年的编曲保留了原曲的清澈，又添一层都市夜晚的温润光泽。,Japan,JP,artist_origin_hint,SG,corrected_to_other_country,artist override or known artist origin -> JP,https://music.apple.com/sg/album/%E9%A2%A8%E3%81%AE%E3%81%A8%E3%81%8A%E3%82%8A%E9%81%93-jazz-version/1819489613?i=1819489733&uo=4
itunes_1819489718,もののけ姫 (Jazz version),Cafe Music BGM Channel,CAFE MUSIC 〜STUDIO GHIBLI Jazz & Bossa〜,SG,china,itunes,Smooth Jazz,Smooth Jazz,钢琴与萨克斯交织出慵懒的波萨诺瓦律动，将吉卜力经典旋律重新晕染成一杯午后拿铁。适合阳光斜照的窗边阅读，或深夜独处的轻声背景。,Japan,JP,artist_origin_hint,SG,corrected_to_other_country,artist override or known artist origin -> JP,https://music.apple.com/sg/album/%E3%82%82%E3%81%AE%E3%81%AE%E3%81%91%E5%A7%AB-jazz-version/1819489613?i=1819489718&uo=4
itunes_1819489987,となりのトトロ (BossaNova version),Cafe Music BGM Channel,CAFE MUSIC 〜STUDIO GHIBLI Jazz & Bossa〜,SG,china,itunes,Smooth Jazz,Smooth Jazz,轻柔的巴萨诺瓦吉他拨弦托起熟悉的童稚旋律，钢琴与沙锤点缀出午后阳光般的慵懒节奏，适合咖啡馆阅读或窗边发呆时聆听，让吉卜力的温暖幻想化作一杯微甜的冰拿铁。,Japan,JP,artist_origin_hint,SG,corrected_to_other_country,artist override or known artist origin -> JP,https://music.apple.com/sg/album/%E3%81%A8%E3%81%AA%E3%82%8A%E3%81%AE%E3%83%88%E3%83%88%E3%83%AD-bossanova-version/1819489613?i=1819489987&uo=4
itunes_1819489995,おかあさん (BossaNova version),Cafe Music BGM Channel,CAFE MUSIC 〜STUDIO GHIBLI Jazz & Bossa〜,SG,china,itunes,Smooth Jazz,Smooth Jazz,轻快的波萨诺瓦节奏重新诠释了熟悉的旋律，木吉他轻柔拨弦搭配慵懒的钢琴线条，萨克斯风偶尔飘过如午后阳光。适合咖啡馆独处、阅读或放松时聆听，营造温暖而不喧嚣的日式爵士氛围。,Japan,JP,artist_origin_hint,SG,corrected_to_other_country,artist override or known artist origin -> JP,https://music.apple.com/sg/album/%E3%81%8A%E3%81%8B%E3%81%82%E3%81%95%E3%82%93-bossanova-version/1819489613?i=1819489995&uo=4
itunes_1819489993,さんぽ (BossaNova version),Cafe Music BGM Channel,CAFE MUSIC 〜STUDIO GHIBLI Jazz & Bossa〜,SG,china,itunes,Smooth Jazz,Smooth Jazz,轻快的吉他拨弦与慵懒的沙锤节奏交织，钢琴即兴点缀其间，将熟悉的旋律晕染成午后阳光般的巴萨诺瓦风情。适合独处阅读、咖啡馆小憩或城市夜归时聆听，让爵士的松弛感缓缓流淌。,Japan,JP,artist_origin_hint,SG,corrected_to_other_country,artist override or known artist origin -> JP,https://music.apple.com/sg/album/%E3%81%95%E3%82%93%E3%81%BB-bossanova-version/1819489613?i=1819489993&uo=4
itunes_1819490001,旅立ち (BossaNova version),Cafe Music BGM Channel,CAFE MUSIC 〜STUDIO GHIBLI Jazz & Bossa〜,SG,china,itunes,Smooth Jazz,Smooth Jazz,午后的阳光斜落窗畔，吉他轻拨出慵懒的波萨诺瓦节奏，钢琴与长笛交织成温柔的爵士织体。熟悉的旋律以全新面貌流淌，适合捧一杯咖啡，让思绪随音符缓缓远行。2017年的编曲保留了原曲的清澈，又添几分都市咖啡馆的闲适情调。,Japan,JP,artist_origin_hint,SG,corrected_to_other_country,artist override or known artist origin -> JP,https://music.apple.com/sg/album/%E6%97%85%E7%AB%8B%E3%81%A1-bossanova-version/1819489613?i=1819490001&uo=4
itunes_1819489983,いつも何度でも (Jazz version),Cafe Music BGM Channel,CAFE MUSIC 〜STUDIO GHIBLI Jazz & Bossa〜,SG,china,itunes,Smooth Jazz,Smooth Jazz,午后阳光斜落窗边的理想配乐，钢琴与萨克斯风以慵懒波萨节奏重新编织熟悉旋律，爵士和弦的温润包裹感适合阅读、咖啡时光或城市夜归途中的片刻松弛。,Japan,JP,artist_origin_hint,SG,corrected_to_other_country,artist override or known artist origin -> JP,https://music.apple.com/sg/album/%E3%81%84%E3%81%A4%E3%82%82%E4%BD%95%E5%BA%A6%E3%81%A6-%E3%82%82-jazz-version/1819489613?i=1819489983&uo=4
itunes_1690608481,Lovesick,Laufey,Bewitched,SG,china,itunes,Jazz,Jazz,丝绒般的爵士人声在钢琴与低音提琴的呼吸间流淌，黄昏时分独自斟一杯酒，让慵懒旋律将未寄出的思念轻轻铺开。,Singapore,SG,itunes_storefront,SG,corrected_to_other_country,non-China iTunes storefront retained -> SG,https://music.apple.com/sg/album/lovesick/1690607869?i=1690608481&uo=4
itunes_668403431,The Way You Look Tonight,Michael Bublé,Michael Bublé,SG,china,itunes,Pop,Pop,丝绒般的男声在钢琴与弦乐铺陈的夜色中缓缓流淌，经典爵士标准曲被重新赋予当代流行的温润光泽，适合烛光摇曳的晚餐或独处时的一杯红酒，慵懒而深情。,Singapore,SG,itunes_storefront,SG,corrected_to_other_country,non-China iTunes storefront retained -> SG,https://music.apple.com/sg/album/the-way-you-look-tonight/668403420?i=668403431&uo=4
itunes_883513682,Ending Song - The Promise of the World - Merry-Go-Round of Life,Chieko Baisho,Howl's Moving Castle (Original Soundtrack),SG,china,itunes,Original Score,Original Score,温暖女声轻吟着世界的约定，管弦乐如旋转木马般缓缓起伏，带着吉卜力动画特有的梦幻与乡愁。适合在独处午后或旅途窗边静静聆听，让旋律牵引进一段关于飞行与勇气的童话记忆。,Japan,JP,genre_or_metadata_hint,SG,corrected_to_other_country,genre/label/tags/description evidence -> JP,https://music.apple.com/sg/album/ending-song-the-promise-of-the-world-merry-go-round-of-life/883513360?i=883513682&uo=4
itunes_545596726,Fly Me to the Moon,Olivia Ong,Best of Olivia,SG,china,itunes,Vocal Jazz,Vocal Jazz,慵懒爵士女声轻抚经典旋律，新加坡歌手Olivia Ong以丝滑气声重新诠释这首太空情歌。钢琴与低音提琴交织出深夜酒廊的朦胧氛围，适合独处时浅酌慢饮，让思绪随月光飘向远方。,Singapore,SG,artist_origin_hint,SG,corrected_to_other_country,artist override or known artist origin -> SG,https://music.apple.com/sg/album/fly-me-to-the-moon/545596720?i=545596726&uo=4
itunes_1608060255,I Wish You Love,Laufey,Typical of Me EP,SG,china,itunes,Alternative,Alternative,丝绒般的女声在钢琴与弦乐间低回，将爵士标准曲化作深夜独处的私密独白，适合雨天窗边的一杯热酒与旧日回忆。,Singapore,SG,itunes_storefront,SG,corrected_to_other_country,non-China iTunes storefront retained -> SG,https://music.apple.com/sg/album/i-wish-you-love/1608060251?i=1608060255&uo=4
itunes_121063591,Worthy Is the Lamb,Hillsong Worship,You Are My World - Single,SG,china,itunes,Christian,Christian,这首作品以当代敬拜风格为基底，钢琴与电吉他铺陈出开阔的音响空间，人声合唱层层推高，营造出庄严而温暖的属灵氛围，适合个人灵修或集体敬拜时刻静静聆听。,Singapore,SG,itunes_storefront,SG,corrected_to_other_country,non-China iTunes storefront retained -> SG,https://music.apple.com/sg/album/worthy-is-the-lamb/121063611?i=121063591&uo=4
itunes_715748058,L-O-V-E,"Nat ""King"" Cole",L-O-V-E,SG,china,itunes,Vocal Pop,Vocal Pop,温暖醇厚的男声伴着轻快的大乐队编制，钢琴与铜管交织出六十年代经典 Vocal Pop 的优雅摇摆，适合傍晚小酌或双人共舞时聆听。,Singapore,SG,itunes_storefront,SG,corrected_to_other_country,non-China iTunes storefront retained -> SG,https://music.apple.com/sg/album/l-o-v-e/715747860?i=715748058&uo=4
itunes_258594701,Forever In Love,Kenny G,Kenny G: Greatest Hits,SG,china,itunes,Jazz,Jazz,萨克斯风以丝绸般柔滑的音色铺展，旋律如深夜窗前的月光缓缓流淌。九十年代爵士情歌的温婉气质，适合独处时的一杯红酒，或城市夜归途中车窗外的霓虹倒影。,Singapore,SG,itunes_storefront,SG,corrected_to_other_country,non-China iTunes storefront retained -> SG,https://music.apple.com/sg/album/forever-in-love/258594303?i=258594701&uo=4
itunes_1690607895,Dreamer,Laufey,Bewitched,SG,china,itunes,Jazz,Jazz,丝绒般的爵士人声流淌在深夜书房，钢琴与弦乐交织出慵懒而清醒的梦境。适合独饮红酒时聆听，让思绪随复古波普的温柔律动轻轻摇曳。,Singapore,SG,itunes_storefront,SG,corrected_to_other_country,non-China iTunes storefront retained -> SG,https://music.apple.com/sg/album/dreamer/1690607869?i=1690607895&uo=4
itunes_1485854955,"One Summer's Day (from ""Spirited Away"")",Joe Hisaishi,Dream Songs: The Essential Joe Hisaishi,SG,china,itunes,Classical Crossover,Classical Crossover,久石让以钢琴与弦乐织就的夏日梦境，旋律如微风拂过水面，澄澈而略带惆怅。适合独处时聆听，让琴键上的光影将人带回某个遥远的午后。,Japan,JP,artist_origin_hint,SG,corrected_to_other_country,artist override or known artist origin -> JP,https://music.apple.com/sg/album/one-summers-day-from-spirited-away/1485854555?i=1485854955&uo=4
itunes_883501073,Princess Mononoke (With Vocal),Joe Hisaishi & Yoshikazu Mera,Princess Mononoke (Original Soundtrack),SG,china,itunes,Original Score,Original Score,辽阔弦乐层层铺展，男声以庄严吟唱穿透管弦，营造出史诗般的自然神性氛围。适合深夜独处或沉浸式观影后回味，感受东西方器乐交融的苍茫意境。,Japan,JP,artist_origin_hint,SG,corrected_to_other_country,artist override or known artist origin -> JP,https://music.apple.com/sg/album/princess-mononoke-with-vocal/883500999?i=883501073&uo=4
itunes_1690609674,Bewitched,Laufey,Bewitched,SG,china,itunes,Jazz,Jazz,丝绒般的爵士女声在钢琴与弦乐间流淌，慵懒而浪漫，适合深夜独处或微醺时分静静聆听，将人带回经典情歌的黄金年代。,Singapore,SG,itunes_storefront,SG,corrected_to_other_country,non-China iTunes storefront retained -> SG,https://music.apple.com/sg/album/bewitched/1690607869?i=1690609674&uo=4
itunes_714893514,Turn Back the Clock,Johnny Hates Jazz,Turn Back the Clock (Remastered),SG,china,itunes,Pop,Pop,清透的合成器音色铺陈出八十年代流行乐的典型质感，略带忧郁的旋律线条搭配稳健鼓机节拍，适合深夜独处或驾车穿行城市灯火时聆听。主唱嗓音冷静克制，在怀旧氛围与当代混音之间取得平衡，重现英伦新浪潮黄金时代的优雅余韵。,United Kingdom,GB,genre_or_metadata_hint,SG,corrected_to_other_country,genre/label/tags/description evidence -> GB,https://music.apple.com/sg/album/turn-back-the-clock/714893506?i=714893514&uo=4
itunes_1608060254,Like the Movies,Laufey,Typical of Me EP,SG,china,itunes,Alternative,Alternative,丝绒般的爵士嗓音流淌在钢琴与弦乐之间，像深夜独处的窗边一杯温热的红酒。Laufey以慵懒而精致的语感，将未竟的浪漫叙事轻轻铺开，适合雨夜阅读或凌晨三点的心事独白。,Singapore,SG,itunes_storefront,SG,corrected_to_other_country,non-China iTunes storefront retained -> SG,https://music.apple.com/sg/album/like-the-movies/1608060251?i=1608060254&uo=4
itunes_545596728,L-O-V-E,Olivia Ong,Best of Olivia,SG,china,itunes,Vocal Jazz,Vocal Jazz,慵懒爵士女声轻吟经典情歌，钢琴与弦乐交织出温润光泽，适合深夜独酌或都市午后咖啡馆的慵懒时光。,Singapore,SG,artist_origin_hint,SG,corrected_to_other_country,artist override or known artist origin -> SG,https://music.apple.com/sg/album/l-o-v-e/545596720?i=545596728&uo=4
itunes_258596256,Going Home (Edit),Kenny G,Kenny G: Greatest Hits,SG,china,itunes,Jazz,Jazz,萨克斯风以绵长气息铺展旋律，如暮色中归途的温柔独白。爵士乐基底上流淌着流行曲式的抒情，合成器衬底与轻盈节拍营造出九十年代都市夜色的慵懒氛围，适合独处时让心绪随乐声缓缓沉降。,Singapore,SG,itunes_storefront,SG,corrected_to_other_country,non-China iTunes storefront retained -> SG,https://music.apple.com/sg/album/going-home-edit/258594303?i=258596256&uo=4
itunes_883501052,The Legend of Ashitaka,Joe Hisaishi,Princess Mononoke (Original Soundtrack),SG,china,itunes,Original Score,Original Score,弦乐群像层层铺展，铜管与定音鼓交织出苍茫辽阔的史诗气场。久石让以东方五声音阶为底，融西方管弦语法，写就这首兼具悲壮与圣洁的交响诗，适合深夜独处或沉浸观影后静静回味。,Japan,JP,artist_origin_hint,SG,corrected_to_other_country,artist override or known artist origin -> JP,https://music.apple.com/sg/album/the-legend-of-ashitaka/883500999?i=883501052&uo=4
itunes_1440813446,What Are You Doing New Year's Eve?,Diana Krall & The Clayton-Hamilton Jazz Orchestra,Christmas Songs,SG,china,itunes,Christmas,Christmas,Diana Krall 与 The Clayton-Hamilton Jazz Orchestra 携手演绎这首经典节日曲目，慵懒醇厚的女低音与饱满华丽的爵士大乐队编制交织，铜管声部铺陈出温暖摇曳的摇摆节奏，适合冬夜独处或节日聚会时佐一杯红酒细品。,Canada,CA,artist_origin_hint,SG,corrected_to_other_country,artist override or known artist origin -> CA,https://music.apple.com/sg/album/what-are-you-doing-new-years-eve/1440812728?i=1440813446&uo=4
itunes_258595053,Sentimental,Kenny G,Kenny G: Greatest Hits,SG,china,itunes,Jazz,Jazz,一曲以高音萨克斯风为主角的抒情演奏，音色圆润缠绵，旋律线条如丝般流淌。适合深夜独处、城市灯火阑珊时静静聆听，让疲惫的心绪随乐声缓缓舒展。,Singapore,SG,itunes_storefront,SG,corrected_to_other_country,non-China iTunes storefront retained -> SG,https://music.apple.com/sg/album/sentimental/258594303?i=258595053&uo=4
itunes_1646536068,Fragile,Laufey,Everything I Know About Love (Deluxe Edition),SG,china,itunes,Alternative,Alternative,丝绒般的爵士人声在钢琴与弦乐间低回，像深夜独饮时的一封未寄情书。慵懒、私密、略带涩感，适合雨天窗边或台灯下的独处时刻，将当代独立流行的温柔与经典标准曲的优雅轻轻缝合。,Singapore,SG,itunes_storefront,SG,corrected_to_other_country,non-China iTunes storefront retained -> SG,https://music.apple.com/sg/album/fragile/1646535908?i=1646536068&uo=4
itunes_545596721,Sweet Memories,Olivia Ong,Best of Olivia,SG,china,itunes,Vocal Jazz,Vocal Jazz,清透爵士女声搭配简约钢琴与轻柔弦乐，营造出温暖怀旧的都会氛围，适合深夜独处或雨天窗前细品，兼具南洋优雅与华语抒情气质。,Singapore,SG,artist_origin_hint,SG,corrected_to_other_country,artist override or known artist origin -> SG,https://music.apple.com/sg/album/sweet-memories/545596720?i=545596721&uo=4
itunes_883501729,Procession of Gods,Joe Hisaishi,Spirited Away (Original Soundtrack),SG,china,itunes,Original Score,Original Score,悠扬的管弦乐铺陈出神秘庄重的氛围，东方五声音阶与西方交响编制交融，大鼓与弦乐层层推进，仿佛置身于灯火摇曳的神隐之境，适合独处静听或沉浸观影后回味。,Japan,JP,artist_origin_hint,SG,corrected_to_other_country,artist override or known artist origin -> JP,https://music.apple.com/sg/album/procession-of-gods/883501721?i=883501729&uo=4
itunes_1376665871,Evening Moves,Relaxing Piano Crew,Evening Jazz,SG,china,itunes,Jazz,Jazz,黄昏时分，钢琴声如流水般漫过窗棂，爵士和弦慵懒舒展，适合独酌或阅读时作伴。琴键起落间，都市喧嚣渐远，余一片澄明夜色。,Singapore,SG,itunes_storefront,SG,corrected_to_other_country,non-China iTunes storefront retained -> SG,https://music.apple.com/sg/album/evening-moves/1376665462?i=1376665871&uo=4
itunes_258594690,Silhouette,Kenny G,Kenny G: Greatest Hits,SG,china,itunes,Jazz,Jazz,萨克斯风以丝滑绵长的旋律铺展开来，音色温润如暮色中的剪影，爵士乐基底上流淌着都市夜晚的慵懒与浪漫，适合独处时让心绪随乐声缓缓沉淀。,Singapore,SG,itunes_storefront,SG,corrected_to_other_country,non-China iTunes storefront retained -> SG,https://music.apple.com/sg/album/silhouette/258594303?i=258594690&uo=4
itunes_670069299,Me and Mrs. Jones,Michael Bublé,Call Me Irresponsible (Deluxe Version),SG,china,itunes,Pop,Pop,醇厚男声以慵懒爵士口吻演绎经典情歌，钢琴与弦乐铺陈出深夜酒吧般的私密氛围，适合独处小酌或都市夜归时聆听。,Singapore,SG,itunes_storefront,SG,corrected_to_other_country,non-China iTunes storefront retained -> SG,https://music.apple.com/sg/album/me-and-mrs-jones/670069296?i=670069299&uo=4
itunes_1437600720,Happy Morning Cafe,Cafe Music BGM Channel,Happy Morning - Relaxing Cafe Music,SG,china,itunes,Jazz,Jazz,清晨阳光洒落窗台，轻柔爵士钢琴与舒缓吉他交织，营造出温暖惬意的咖啡馆氛围。适合晨间阅读、办公专注或周末brunch时聆听，让慵懒旋律为一天带来从容开场。,Japan,JP,artist_origin_hint,SG,corrected_to_other_country,artist override or known artist origin -> JP,https://music.apple.com/sg/album/happy-morning-cafe/1437600717?i=1437600720&uo=4
itunes_882407938,Castle in the Sky,Joe Hisaishi,Castle in the Sky (Original Soundtrack),SG,china,itunes,Original Score,Original Score,悠扬的管弦乐铺展出一幅天空之城的画卷，钢琴与弦乐交织出纯净而略带忧伤的旋律，适合在独处或阅读时聆听，让思绪随云端的钟声飘向远方。,Japan,JP,artist_origin_hint,SG,corrected_to_other_country,artist override or known artist origin -> JP,https://music.apple.com/sg/album/castle-in-the-sky/882407903?i=882407938&uo=4
itunes_1389683344,Nap & Jazz Piano,Cafe Music BGM Channel,Work & Jazz Piano,SG,china,itunes,Jazz,Jazz,慵懒午后的钢琴爵士，琴键如咖啡热气般缓缓升腾，适合伏案小憩或专注阅读时播放，让思绪在轻柔旋律中安然停泊。,Japan,JP,artist_origin_hint,SG,corrected_to_other_country,artist override or known artist origin -> JP,https://music.apple.com/sg/album/nap-jazz-piano/1389682219?i=1389683344&uo=4
itunes_883501738,The Sixth Station,Joe Hisaishi,Spirited Away (Original Soundtrack),SG,china,itunes,Original Score,Original Score,钢琴与弦乐交织出朦胧的东方意境，旋律如列车穿行于暮色水岸，空灵中带着温柔的叙事感。适合独处静听、阅读或入夜时分，让音符将思绪引向远方。,Japan,JP,artist_origin_hint,SG,corrected_to_other_country,artist override or known artist origin -> JP,https://music.apple.com/sg/album/the-sixth-station/883501721?i=883501738&uo=4
itunes_258623204,Forever In Love,Kenny G,Breathless,SG,china,itunes,Jazz,Jazz,丝绒般的萨克斯风在深夜流淌，如城市窗前的柔和月光。这首九十年代抒情爵士小品以极简钢琴与轻缓鼓点为衬，适合独处时斟一杯酒，让旋律慢慢熨平心事。,Singapore,SG,itunes_storefront,SG,corrected_to_other_country,non-China iTunes storefront retained -> SG,https://music.apple.com/sg/album/forever-in-love/258622449?i=258623204&uo=4
itunes_275141911,My Angel (Malaika),Harry Belafonte & Miriam Makeba,An Evening with Belafonte/Makeba,SG,china,itunes,African,African,这首作品以两位歌者的深情对唱为核心，非洲民谣旋律线条简洁悠长，人声交织如对话般亲密。木吉他轻拨与和声层叠营造出1960年代中期民谣复兴时期的温暖质感，适合深夜独处或烛光下的静谧聆听，带着跨越地域的普世柔情。,Singapore,SG,itunes_storefront,SG,corrected_to_other_country,non-China iTunes storefront retained -> SG,https://music.apple.com/sg/album/my-angel-malaika/275141860?i=275141911&uo=4
itunes_1523943867,Aubrey,Fernando Merlino Trio,Jazz,SG,china,itunes,Brazilian,Brazilian,钢琴 trio 编织出慵懒的巴西爵士氛围，低音提琴与轻巧鼓点交织出午后阳光般的温暖律动，适合独处时品酒或深夜窗边的沉思时刻。,Brazil,BR,genre_or_metadata_hint,SG,corrected_to_other_country,genre/label/tags/description evidence -> BR,https://music.apple.com/sg/album/aubrey/1523943866?i=1523943867&uo=4
itunes_258594817,Everytime I Close My Eyes (with Babyface),Kenny G,Kenny G: Greatest Hits,SG,china,itunes,Jazz,Jazz,丝绒萨克斯风在深夜低语，Babyface的温柔声线如月光倾泻。九十年代的都市爵士情歌，适合独酌时让旋律缓缓漫过心事，一盏灯、一杯酒，便是完整的沉浸。,Singapore,SG,itunes_storefront,SG,corrected_to_other_country,non-China iTunes storefront retained -> SG,https://music.apple.com/sg/album/everytime-i-close-my-eyes-with-babyface/258594303?i=258594817&uo=4
itunes_714893510,Shattered Dreams,Johnny Hates Jazz,Turn Back the Clock (Remastered),SG,china,itunes,Pop,Pop,清冽的合成器音色铺陈出八十年代都会夜景，流畅的贝斯线条与电子鼓点交织成典型的英伦流行曲式。副歌处略带忧郁的男声吟唱，适合深夜独驾或霓虹倒映窗台的独处时刻，时光感鲜明却不显陈旧。,United Kingdom,GB,genre_or_metadata_hint,SG,corrected_to_other_country,genre/label/tags/description evidence -> GB,https://music.apple.com/sg/album/shattered-dreams/714893506?i=714893510&uo=4
itunes_929172941,Summer Samba (Samba de Verão) [feat. Jim Tomlinson] [Ao Vivo],Marcos Valle & Stacey Kent,Marcos Valle & Stacey Kent: Ao Vivo Comemorando os 50 Anos de Marcos Valle (feat. Jim Tomlinson),SG,china,itunes,MPB,MPB,轻快曼妙的波萨诺瓦吉他拨弦与萨克斯交织，Stacey Kent 慵懒温润的嗓音随Marcos Valle的巴西风情流淌，仿佛置身里约黄昏的海滨露台，一杯冰饮在手，晚风送来五十年不褪色的热带浪漫。,United States,US,artist_origin_hint,SG,corrected_to_other_country,artist override or known artist origin -> US,https://music.apple.com/sg/album/summer-samba-samba-de-ver%C3%A3o-feat-jim-tomlinson-ao-vivo/929172918?i=929172941&uo=4
itunes_1050775362,Abc Song,Muffin Songs,100 Children Hit Songs : Sing Along with B-Family,HK,china,itunes,兒童音樂,兒童音樂,轻快的钢琴与清脆童声交织，明亮旋律伴随简单易学的英文歌词，适合幼儿跟唱互动。活泼节奏与重复乐句营造温馨早教氛围，是亲子时光或课堂启蒙的轻快背景。,,,itunes_storefront_china_review,HK,rejected_china_storefront_needs_review,China-family iTunes storefront only; no strong artist or metadata evidence,https://music.apple.com/hk/album/abc-song/1050774895?i=1050775362&uo=4
itunes_1584166858,Wheels on the Bus,CoComelon,"CoComelon Kids Hits, Vol. 1",HK,china,itunes,兒童音樂,兒童音樂,輕快明亮的兒童歌曲，以鋼琴與電子節奏為骨架，疊加清脆打擊樂與童聲合唱，營造出歡樂活潑的氛圍。適合親子共乘、幼兒律動或睡前安撫時播放，旋律簡單易記，充滿童趣與互動感。,United States,US,artist_origin_hint,HK,corrected_to_other_country,artist override or known artist origin -> US,https://music.apple.com/hk/album/wheels-on-the-bus/1584166575?i=1584166858&uo=4
itunes_201543721,Para Para Sakura,郭富城,郭富城愛。情大舞台,HK,china,itunes,廣東歌/香港流行樂,廣東歌/香港流行樂,轻快电子节拍搭配朗朗上口的粤语旋律，千禧年初香港流行舞曲的典型风貌。明亮合成器音色与动感鼓点交织，适合派对热身或夜间驾车时播放，洋溢世纪末都市的缤纷活力。,Hong Kong,HK,genre_or_metadata_hint,HK,confirmed_china_family,genre/label/tags/description evidence -> HK,https://music.apple.com/hk/album/para-para-sakura/201543663?i=201543721&uo=4
itunes_545584237,當你孤單你會想起誰,Nicholas 張棟樑,From Now On 新歌+精選,HK,china,itunes,流行樂,流行樂,溫柔男聲伴著鋼琴與弦樂緩緩鋪陳，這首2000年代華語流行抒情經典適合深夜獨處時反覆聆聽，旋律簡潔卻直抵心底那份關於思念與陪伴的脆弱。,Malaysia,MY,artist_origin_hint,HK,corrected_to_other_country,artist override or known artist origin -> MY,https://music.apple.com/hk/album/%E7%95%B6%E4%BD%A0%E5%AD%A4%E5%96%AE%E4%BD%A0%E6%9C%83%E6%83%B3%E8%B5%B7%E8%AA%B0/545584174?i=545584237&uo=4
itunes_535540310,痛愛,容祖兒,喜歡 祖兒,HK,china,itunes,廣東歌/香港流行樂,廣東歌/香港流行樂,鋼琴與弦樂鋪陳出深夜獨白的氛圍，容祖兒的聲線在副歌處層層推進，將愛裡的執迷與脆弱唱得淋漓盡致。千禧年初港式情歌的典型質地，適合雨天獨處或輾轉難眠時反覆聆聽。,Hong Kong,HK,genre_or_metadata_hint,HK,confirmed_china_family,genre/label/tags/description evidence -> HK,https://music.apple.com/hk/album/%E7%97%9B%E6%84%9B/535539917?i=535540310&uo=4
itunes_1440720085,Just Around the Riverbend,Judy Kuhn,Pocahontas (Original Motion Picture Soundtrack),HK,china,itunes,音樂劇,音樂劇,一首充满冒险精神的音乐剧曲目，以清澈的女声独唱引领旋律，管弦乐铺陈出1990年代迪士尼动画特有的宏大叙事感。钢琴与弦乐交织出河流般的流动意象，适合在需要勇气与希望的时刻聆听，仿佛站在人生转折处眺望未知风景。,Japan,JP,genre_or_metadata_hint,HK,corrected_to_other_country,genre/label/tags/description evidence -> JP,https://music.apple.com/hk/album/just-around-the-riverbend/1440719916?i=1440720085&uo=4
itunes_1321741635,YUUKI RINRIN,Dreaming,ANPANMAN BEST HITS '18,HK,china,itunes,動畫,動畫,轻快明亮的动画主题曲风格，电子合成器铺底搭配童趣人声，节奏弹跳活泼，适合亲子时光或怀旧收听，洋溢着日式卡通特有的阳光元气。,Japan,JP,genre_or_metadata_hint,HK,corrected_to_other_country,genre/label/tags/description evidence -> JP,https://music.apple.com/hk/album/yuuki-rinrin/1321741605?i=1321741635&uo=4
itunes_475321718,You Raise Me Up,Westlife,再見西城 最終精選,HK,china,itunes,流行樂,流行樂,西城男孩以溫暖渾厚的和聲演繹這首經典抒情流行曲，鋼琴與弦樂鋪陳出遼闊感，副歌層層遞進的編制適合獨處時靜靜聆聽，或需要力量撐持的深夜時分。,Ireland,IE,artist_origin_hint,HK,corrected_to_other_country,artist override or known artist origin -> IE,https://music.apple.com/hk/album/you-raise-me-up/475321487?i=475321718&uo=4
itunes_724159772,I Won't Say (I'm In Love),"Cheryl Freeman, 拉尚茲, Lillias White, Susan Egan & Vaneese Thomas",Hercules (Original Motion Picture Soundtrack) [Bonus Track Version],HK,china,itunes,迪士尼,迪士尼,九零年代迪士尼动画金曲，五位女声以百老汇式合唱层层推进，爵士大乐队编制衬底，俏皮对白与华丽和声交织，适合午后咖啡或通勤时轻摇跟唱，满溢复古甜酷的浪漫张力。,United States,US,artist_origin_hint,HK,corrected_to_other_country,artist override or known artist origin -> US,https://music.apple.com/hk/album/i-wont-say-im-in-love/724159488?i=724159772&uo=4
itunes_1440769149,What Time Is It,"碩克艾佛朗, 凡妮莎·哈金斯, Lucas Grabeel, 柯賓·布魯, Ashley Tisdale & 莫妮可·柯曼",High School Musical 2 (Original Soundtrack),HK,china,itunes,原聲配樂,原聲配樂,青春洋溢的合唱曲風，多位歌手活力對唱，輕快節奏搭配流行搖滾編制，鋼琴與電吉他交織出夏日派對氛圍，適合午後聚會或開車出遊時聆聽，滿滿2000年代迪士尼音樂劇的陽光氣息。,United States,US,artist_origin_hint,HK,corrected_to_other_country,artist override or known artist origin -> US,https://music.apple.com/hk/album/what-time-is-it/1440769028?i=1440769149&uo=4
itunes_1584170462,Five Little Monkeys Jumping on the Bed,CoComelon,"CoComelon Kids Hits, Vol. 2",HK,china,itunes,兒童音樂,兒童音樂,轻快的儿童歌曲以明亮钢琴与活泼打击乐铺底，人声俏皮富有互动感，适合睡前游戏或亲子律动，传递简单欢愉的童谣氛围。,United States,US,artist_origin_hint,HK,corrected_to_other_country,artist override or known artist origin -> US,https://music.apple.com/hk/album/five-little-monkeys-jumping-on-the-bed/1584169546?i=1584170462&uo=4
itunes_220357956,Will You Still Love Me Tomorrow,The Shirelles,20 Greatest Hits,HK,china,itunes,流行樂,流行樂,六十年代初的經典女子合聲，弦樂襯底輕柔流暢，主唱嗓音清亮帶一絲羞澀試探。深夜獨處或舊友小聚時播放，適合回味青春裡那份忐忑的溫柔。,United States,US,artist_origin_hint,HK,corrected_to_other_country,artist override or known artist origin -> US,https://music.apple.com/hk/album/will-you-still-love-me-tomorrow/220357912?i=220357956&uo=4
itunes_1584167248,Itsy Bitsy Spider,CoComelon,"CoComelon Kids Hits, Vol. 1",HK,china,itunes,兒童音樂,兒童音樂,轻快明亮的童声演绎经典英文儿歌，钢琴与电子节拍交织出活泼氛围，适合幼儿律动与亲子互动，2019年收录于热门儿童音乐合辑。,United States,US,artist_origin_hint,HK,corrected_to_other_country,artist override or known artist origin -> US,https://music.apple.com/hk/album/itsy-bitsy-spider/1584166575?i=1584167248&uo=4
itunes_1584166864,Baa Baa Black Sheep,CoComelon,"CoComelon Kids Hits, Vol. 1",HK,china,itunes,兒童音樂,兒童音樂,轻快的童声合唱搭配明亮活泼的电子编曲，以钢琴与合成器铺陈出温暖童趣的氛围，适合亲子互动与幼儿启蒙聆听，洋溢纯真欢乐的气息。,United States,US,artist_origin_hint,HK,corrected_to_other_country,artist override or known artist origin -> US,https://music.apple.com/hk/album/baa-baa-black-sheep/1584166575?i=1584166864&uo=4
itunes_724159749,Zero to Hero,"Cheryl Freeman, 拉尚茲, Lillias White, Roz Ryan, Tawatha Agee & Vaneese Thomas",Hercules (Original Motion Picture Soundtrack) [Bonus Track Version],HK,china,itunes,迪士尼,迪士尼,迪士尼《大力士》原声带中的这首合唱曲目，以灵魂乐与福音风格为基底，六位女歌手以饱满有力的声线层层堆叠，营造出从低谷攀升至辉煌的戏剧张力，适合在需要提振精神或感受集体力量时聆听。,United States,US,artist_origin_hint,HK,corrected_to_other_country,artist override or known artist origin -> US,https://music.apple.com/hk/album/zero-to-hero/724159488?i=724159749&uo=4
itunes_1584027213,If You're Happy and You Know It (Classic Version),CoComelon,"CoComelon Kids Hits, Vol. 7",HK,china,itunes,兒童音樂,兒童音樂,明亮欢快的童声合唱搭配清脆的打击乐与钢琴，节奏轻快易跟唱，适合亲子互动与幼儿启蒙场景，传递简单而纯粹的愉悦氛围。,United States,US,artist_origin_hint,HK,corrected_to_other_country,artist override or known artist origin -> US,https://music.apple.com/hk/album/if-youre-happy-and-you-know-it-classic-version/1584026849?i=1584027213&uo=4
itunes_477441974,Careless Whisper,George Michael,The Final: 14 Greatest Hits (Deluxe Bonus Videos Edition),HK,china,itunes,流行樂,流行樂,萨克斯风前奏一响，八十年代都市夜色的慵懒与惆怅便扑面而来。乔治·迈克尔的嗓音低沉性感，搭配流畅的流行节奏与丝滑的R&B律动，适合深夜独酌或车载穿行霓虹街道时反复聆听。,United Kingdom,GB,artist_origin_hint,HK,corrected_to_other_country,artist override or known artist origin -> GB,https://music.apple.com/hk/album/careless-whisper/477441767?i=477441974&uo=4
itunes_258596656,All I Want for Christmas (Is My Two Front Teeth),Spike Jones & His City Slickers,Greatest Hits,HK,china,itunes,聖誕節：古典音樂,聖誕節：古典音樂,这首圣诞金曲以俏皮的童声独白开场，伴随爵士大乐队的滑稽音效与夸张的滑音小号，营造出四十年代美式综艺的欢乐闹剧氛围。铜管组与打击乐的戏谑配合，适合节日聚会中轻松诙谐的暖场时刻。,United States,US,artist_origin_hint,HK,corrected_to_other_country,artist override or known artist origin -> US,https://music.apple.com/hk/album/all-i-want-for-christmas-is-my-two-front-teeth/258594642?i=258596656&uo=4
itunes_1570496981,"Hawaiian Roller Coaster Ride (From  ""Lilo & Stitch""/Soundtrack Version)",Mark Keali'i Ho'omalu & Kamehameha Schools Children's Chorus,Disney Summer Songs,HK,china,itunes,流行樂,流行樂,陽光灑落的夏威夷海風裡，童聲合唱與男聲領唱交織出輕快的烏克麗麗節奏，宛如乘著浪花滑行的夏日冒險。適合午後出遊、沙灘派對或任何需要熱帶元氣的時刻，讓2000年代初的動畫金曲喚起無憂無慮的童年記憶。,Japan,JP,genre_or_metadata_hint,HK,corrected_to_other_country,genre/label/tags/description evidence -> JP,https://music.apple.com/hk/album/hawaiian-roller-coaster-ride-from-lilo-stitch-soundtrack/1570496572?i=1570496981&uo=4
itunes_250690035,Every Time I Close My Eyes,"Babyface, Mariah Carey, Kenny G & Sheila E.",A Collection of His Greatest Hits,HK,china,itunes,R&B/騷靈樂,R&B/騷靈樂,九十年代R&B情歌典范，Babyface温柔声线交织Mariah Carey标志性花腔，Kenny G萨克斯如丝缎铺陈，Sheila E.节奏点缀添一抹都市律动。适合深夜独处或雨窗独酌时聆听，让醇厚的灵魂乐缓缓淌入心底。,United States,US,artist_origin_hint,HK,corrected_to_other_country,artist override or known artist origin -> US,https://music.apple.com/hk/album/every-time-i-close-my-eyes/250689978?i=250690035&uo=4
itunes_1440816845,Super Trouper,ABBA,ABBA Gold: Greatest Hits (40th Anniversary Edition),HK,china,itunes,流行樂,流行樂,明亮的合成器音色與華麗的弦樂鋪陳交織，這首八十年代歐陸流行金曲以躍動的節拍與層疊和聲營造出燈火通明的舞台氛圍，適合在通勤途中或週末聚會時喚起滿懷希望的復古情懷。,Sweden,SE,artist_origin_hint,HK,corrected_to_other_country,artist override or known artist origin -> SE,https://music.apple.com/hk/album/super-trouper/1440816833?i=1440816845&uo=4
itunes_475321713,My Love (Radio Edit),Westlife,再見西城 最終精選,HK,china,itunes,流行樂,流行樂,西城男孩經典抒情金曲，溫暖男聲層層交織，鋼琴與弦樂鋪陳出千禧年初歐陸流行的純真浪漫。適合深夜獨處或舊友重逢時細細回味，讓溫柔旋律喚起青澀年代的怦然心動。,Ireland,IE,artist_origin_hint,HK,corrected_to_other_country,artist override or known artist origin -> IE,https://music.apple.com/hk/album/my-love-radio-edit/475321487?i=475321713&uo=4
itunes_1569280531,La Vie en Rose,IZ*ONE,COLOR*IZ,HK,china,itunes,韓國流行樂,韓國流行樂,IZ*ONE 以清澈少女聲線重新詮釋這首經典香頌，韓流編曲注入輕快節拍與電子元素，弦樂鋪底搭配合成器閃爍，整體明亮甜美，適合午後咖啡時光或都市漫步時聆聽。,South Korea,KR,artist_origin_hint,HK,corrected_to_other_country,artist override or known artist origin -> KR,https://music.apple.com/hk/album/la-vie-en-rose/1569280525?i=1569280531&uo=4
itunes_1499358217,Don't Call Me Up,Mabel,High Expectations,HK,china,itunes,流行樂,流行樂,轻快的电子流行节拍铺陈出都市夜色的洒脱，合成器与鼓点交织出2010年代末的英伦舞曲质感，适合独处时释放情绪或好友聚会前的暖场时刻。,United Kingdom,GB,artist_origin_hint,HK,corrected_to_other_country,artist override or known artist origin -> GB,https://music.apple.com/hk/album/dont-call-me-up/1499357878?i=1499358217&uo=4
itunes_1781804227,I Always Wanted A Brother,"Braelyn Rankins, Theo Somolu, Aaron Pierre, 凱爾文.哈里遜 & Disney",Mufasa: The Lion King (Original Motion Picture Soundtrack),HK,china,itunes,原聲配樂,原聲配樂,這首來自《獅子王：木法沙》原聲的兄弟情誼之歌，以渾厚男聲合唱鋪展非洲草原的壯闊敘事。史詩般的管弦樂襯底，交織溫暖的和聲與部落節奏，適合在影院餘韻中細品，或深夜獨處時重溫那份跨越血緣的羈絆與成長的感動。,United States,US,artist_origin_hint,HK,corrected_to_other_country,artist override or known artist origin -> US,https://music.apple.com/hk/album/i-always-wanted-a-brother/1781804223?i=1781804227&uo=4
itunes_399891668,Get the Party Started,P!nk,粉紅派對 極酷精選,HK,china,itunes,流行樂,流行樂,這首千禧年初的流行舞曲以強勁節拍與電子合成器鋪陳開場，人聲充滿自信張力，適合派對暖場或夜間駕車時釋放能量，整體散發美式流行搖滾與舞曲融合的派對氛圍。,United States,US,artist_origin_hint,HK,corrected_to_other_country,artist override or known artist origin -> US,https://music.apple.com/hk/album/get-the-party-started/399891666?i=399891668&uo=4
itunes_938506130,七友,梁漢文,Edmond Hits 48 新曲 & 精選,HK,china,itunes,流行樂,流行樂,钢琴与弦乐铺陈出千禧年代港式流行情歌的底色，梁漢文以克制而深情的声线，将备胎心事化作都市夜归人的独白，适合雨后车窗或独酌时分静静聆听。,Hong Kong,HK,artist_origin_hint,HK,confirmed_china_family,artist override or known artist origin -> HK,https://music.apple.com/hk/album/%E4%B8%83%E5%8F%8B/938506088?i=938506130&uo=4
itunes_1050775370,Lavender's Blue,Muffin Songs,100 Children Hit Songs : Sing Along with B-Family,HK,china,itunes,兒童音樂,兒童音樂,这首童谣以清澈童声与轻快钢琴为主线，搭配简单明快的打击节拍，营造出温馨活泼的亲子氛围。适合睡前故事时光或幼儿园集体欢唱，传递英式传统民谣的质朴童趣。,United Kingdom,GB,genre_or_metadata_hint,HK,corrected_to_other_country,genre/label/tags/description evidence -> GB,https://music.apple.com/hk/album/lavenders-blue/1050774895?i=1050775370&uo=4
itunes_1465833005,VK Mashup,"德芙・卡梅隆, Sofia Carson, Booboo Stewart & Cameron Boyce",Descendants 3 (Original TV Movie Soundtrack),HK,china,itunes,音樂劇,音樂劇,这首来自迪士尼音乐剧《后裔3》的混音曲目，以青春洋溢的合唱编排与戏剧化的流行节拍交织，电音元素与和声层叠推进，适合在派对热身或驾车途中释放活力，整体散发着2010年代末青少年歌舞片的鲜亮能量。,United States,US,artist_origin_hint,HK,corrected_to_other_country,artist override or known artist origin -> US,https://music.apple.com/hk/album/vk-mashup/1465832864?i=1465833005&uo=4
itunes_269295890,Without You,Mariah Carey,跨世紀冠軍精選,HK,china,itunes,流行樂,流行樂,九十年代初流行金曲，天籟嗓音跨越音域極限，鋼琴與弦樂鋪陳出濃烈情感，適合深夜獨處或回憶湧現時靜靜聆聽。,United States,US,artist_origin_hint,HK,corrected_to_other_country,artist override or known artist origin -> US,https://music.apple.com/hk/album/without-you/269295299?i=269295890&uo=4
itunes_154238077,Looking at Flowers in a Fog,那英,"Greatest Hits from the Last Century, Vol. 14",HK,china,itunes,世界音樂,世界音樂,薄雾氤氲中，那英的嗓音如丝缎般铺展，钢琴与弦乐交织成九十年代末华语流行的经典底色。适合独处窗畔、雨夜品茗时静静聆听，让朦胧情愫随旋律缓缓流淌。,China,CN,genre_or_metadata_hint,HK,confirmed_china_family,genre/label/tags/description evidence -> CN,https://music.apple.com/hk/album/looking-at-flowers-in-a-fog/154237933?i=154238077&uo=4
itunes_269296519,"When You Believe (from ""The Prince of Egypt "")",Mariah Carey & Whitney Houston,跨世紀冠軍精選,HK,china,itunes,流行樂,流行樂,雙天后以磅礡聲線交織出這首史詩級福音流行曲，鋼琴與管弦樂鋪陳莊嚴底色，副歌層層堆疊的合聲直抵雲霄，適合深夜獨處或需要信念支撐的時刻聆聽。,United States,US,artist_origin_hint,HK,corrected_to_other_country,artist override or known artist origin -> US,https://music.apple.com/hk/album/when-you-believe-from-the-prince-of-egypt/269295299?i=269296519&uo=4
itunes_1569293224,Violeta,IZ*ONE,HEART*IZ,HK,china,itunes,韓國流行樂,韓國流行樂,輕快明亮的電子流行節拍，搭配層次豐富的合成器編曲與少女合聲，洋溢著春日花園般的清新活力。適合午後通勤、運動節奏或與好友相聚時播放，傳遞2019年代韓流特有的甜美能量與自信光芒。,South Korea,KR,artist_origin_hint,HK,corrected_to_other_country,artist override or known artist origin -> KR,https://music.apple.com/hk/album/violeta/1569293222?i=1569293224&uo=4
itunes_1440863568,Robinson,Spitz,Cycle Hit 1991-1997 Spitz Complete Single Collection,HK,china,itunes,日本流行樂,日本流行樂,輕快的吉他掃弦搭配透明感男聲，九〇年代日系流行的經典色澤，像午後陽光灑落窗台的日常風景，適合騎車通勤或翻閱舊相冊時聆聽。,Japan,JP,genre_or_metadata_hint,HK,corrected_to_other_country,genre/label/tags/description evidence -> JP,https://music.apple.com/hk/album/robinson/1440863443?i=1440863568&uo=4
itunes_947850337,YUUKINO HANAGA HIRAKUTOKI,Dreaming,ANPANMAN BEST HITS '15,HK,china,itunes,動畫,動畫,轻快明亮的动画主题曲风格，钢琴与合成器交织出童话般的梦幻氛围，女声演唱温柔清澈，适合亲子共赏或午后放松聆听，洋溢日式卡通音乐的纯真元气。,Japan,JP,genre_or_metadata_hint,HK,corrected_to_other_country,genre/label/tags/description evidence -> JP,https://music.apple.com/hk/album/yuukino-hanaga-hirakutoki/947850313?i=947850337&uo=4
itunes_1440775586,Hero,Enrique Iglesias,Greatest Hits,HK,china,itunes,流行樂,流行樂,温柔钢琴前奏缓缓铺开，Enrique Iglesias 以沙哑深情的嗓音倾诉英雄式的爱情誓言，弦乐层层堆叠推向激昂副歌。这首千禧年初的经典抒情流行曲，适合深夜独处或驾车穿行都市灯火时聆听，让浓烈情感随旋律静静流淌。,Spain,ES,artist_origin_hint,HK,corrected_to_other_country,artist override or known artist origin -> ES,https://music.apple.com/hk/album/hero/1440775580?i=1440775586&uo=4
itunes_1122452688,Lady Madonna / Yuutsu Naru Spider,愛的魔幻,The Greatest Hits,HK,china,itunes,搖滾,搖滾,愛的魔幻以慵懶女聲與迷幻吉他織就這首雙A面作品，搖滾骨架下流淌著九〇年代末東亞地下樂團的頹美氣質，適合深夜獨飲或雨後窗邊的思緒漫遊。,Taiwan,TW,artist_origin_hint,HK,confirmed_china_family,artist override or known artist origin -> TW,https://music.apple.com/hk/album/lady-madonna-yuutsu-naru-spider/1122452481?i=1122452688&uo=4
itunes_165061257,爱情,莫文蔚,I SAY,CN,china,itunes,国语流行,国语流行,莫文蔚1998年专辑《I SAY》中的《爱情》，以国语流行曲风铺陈都市情感，钢琴与弦乐交织出深夜独白的氛围，慵懒声线游走在克制与缠绵之间，适合雨夜车窗或独处时静静聆听。,China,CN,genre_or_metadata_hint,CN,confirmed_china_family,genre/label/tags/description evidence -> CN,https://music.apple.com/cn/album/%E7%88%B1%E6%83%85/165060057?i=165061257&uo=4
itunes_379810345,爱情限时批,伍佰 & 万芳,爱你伍佰年: 2,CN,china,itunes,台湾流行音乐,台湾流行音乐,闽南语对唱情歌，伍佰沙哑嗓音与万芳清亮声线交织，吉他铺底、鼓点温吞，千禧年初台湾流行摇滚的质朴浪漫。适合深夜独处或旧友小聚时聆听，带着微醺的怀旧与释然。,Taiwan,TW,artist_origin_hint,CN,confirmed_china_family,artist override or known artist origin -> TW,https://music.apple.com/cn/album/%E7%88%B1%E6%83%85%E9%99%90%E6%97%B6%E6%89%B9/379810336?i=379810345&uo=4
itunes_1726979962,浪流连,茄子蛋,我们以后要结婚,CN,china,itunes,国语流行,国语流行,浪流连以沙哑沧桑的男声为主线，电吉他铺陈出略带复古质感的台味摇滚底色，鼓点沉稳推进，副歌旋律直白而浓烈。适合深夜独行或车载途中播放，像一杯温热的烧酒，敬那些漂泊与回望的瞬间。,Taiwan,TW,artist_origin_hint,CN,confirmed_china_family,artist override or known artist origin -> TW,https://music.apple.com/cn/album/%E6%B5%AA%E6%B5%81%E8%BF%9E/1726979655?i=1726979962&uo=4
itunes_540465645,美丽的情歌,萧煌奇,思念会惊,CN,china,itunes,国语流行,国语流行,萧煌奇以醇厚沙哑的嗓音演绎这首国语流行情歌，钢琴与弦乐铺陈出深夜独处的氛围，副歌情绪层层堆叠，适合在车载音响或雨夜窗前静静聆听，感受2010年代华语乐坛特有的深情与克制。,China,CN,genre_or_metadata_hint,CN,confirmed_china_family,genre/label/tags/description evidence -> CN,https://music.apple.com/cn/album/%E7%BE%8E%E4%B8%BD%E7%9A%84%E6%83%85%E6%AD%8C/540465632?i=540465645&uo=4
itunes_540465648,思念会惊,萧煌奇,思念会惊,CN,china,itunes,国语流行,国语流行,萧煌奇以沉稳沙哑的嗓音演绎这首国语流行作品，钢琴与弦乐铺陈出深夜独处的氛围，副歌层层推进的编曲适合城市夜归人独处时聆听，2011年末的发行带着华语乐坛黄金年代末期成熟的抒情质感。,China,CN,genre_or_metadata_hint,CN,confirmed_china_family,genre/label/tags/description evidence -> CN,https://music.apple.com/cn/album/%E6%80%9D%E5%BF%B5%E4%BC%9A%E6%83%8A/540465632?i=540465648&uo=4
itunes_1535521670,"Maybe, Maybe",椅子乐团,Real Love Is...,CN,china,itunes,Alternative Folk,Alternative Folk,椅子乐团以慵懒舒缓的另类民谣笔触，勾勒出都市黄昏里欲言又止的情愫。木吉他与人声交织成温柔织体，适合独处窗边、咖啡渐凉时静静聆听，让2020年春的浪漫余韵缓缓流淌。,Taiwan,TW,artist_origin_hint,CN,confirmed_china_family,artist override or known artist origin -> TW,https://music.apple.com/cn/album/maybe-maybe/1535521287?i=1535521670&uo=4
itunes_937198273,无言花,江蕙,悲情歌声,CN,china,itunes,台湾流行音乐,台湾流行音乐,低沉弦乐托着沧桑女嗓缓缓展开，九〇年代台语流行 ballad 的典型伤怀，钢琴与电子合成器交织出夜阑人静时的独白，适合独酌或雨窗独坐时聆听。,Taiwan,TW,genre_or_metadata_hint,CN,confirmed_china_family,genre/label/tags/description evidence -> TW,https://music.apple.com/cn/album/%E6%97%A0%E8%A8%80%E8%8A%B1/937198230?i=937198273&uo=4
itunes_1547210975,街仔路雨落袂停 (feat. 陳嫺靜),郑宜农,给天王星,CN,china,itunes,国语流行,国语流行,雨声与钢琴交织出城市角落的潮湿氛围，陈嫺靜的念白式女声与郑宜农的叙事唱腔彼此应和，在电子音效铺陈的空间里缓缓流动。适合深夜独行或车窗凝雾时聆听，一首关于困顿与温柔的当代都会小品。,China,CN,genre_or_metadata_hint,CN,confirmed_china_family,genre/label/tags/description evidence -> CN,https://music.apple.com/cn/album/%E8%A1%97%E4%BB%94%E8%B7%AF%E9%9B%A8%E8%90%BD%E8%A2%82%E5%81%9C-feat-%E9%99%B3%E5%AB%BA%E9%9D%9C/1547210968?i=1547210975&uo=4
itunes_1812598038,带你去逛街 (feat. 萧煌奇),琳谊,名侦探琳谊 My Ring World,CN,china,itunes,台湾流行音乐,台湾流行音乐,轻快明亮的台湾流行曲风，吉他与人声交织出都市漫步的惬意。琳谊清甜嗓音搭配萧煌奇沉稳和声，适合午后咖啡时光或周末逛街途中聆听，洋溢千禧世代华语都会情歌的清新气息。,China,CN,genre_or_metadata_hint,CN,confirmed_china_family,genre/label/tags/description evidence -> CN,https://music.apple.com/cn/album/%E5%B8%A6%E4%BD%A0%E5%8E%BB%E9%80%9B%E8%A1%97-feat-%E8%90%A7%E7%85%8C%E5%A5%87/1812598035?i=1812598038&uo=4
itunes_870361601,上水的花,萧煌奇,上水的花,CN,china,itunes,台湾流行音乐,台湾流行音乐,闽南语情歌以温润男声缓缓铺开，吉他弦乐交织出2010年代台式流行的怀旧底色，适合深夜独处时细品岁月沉淀的温柔与惆怅。,Taiwan,TW,genre_or_metadata_hint,CN,confirmed_china_family,genre/label/tags/description evidence -> TW,https://music.apple.com/cn/album/%E4%B8%8A%E6%B0%B4%E7%9A%84%E8%8A%B1/870361591?i=870361601&uo=4
itunes_1689528098,家后,江蕙,江蕙,CN,china,itunes,台湾民谣,台湾民谣,温润女声伴着传统弦乐缓缓铺展，讲述寻常人家的深情与守候。适合独坐窗前、茶烟袅袅时静静聆听，让时光在旧日台湾的街巷中慢下来。,Taiwan,TW,genre_or_metadata_hint,CN,confirmed_china_family,genre/label/tags/description evidence -> TW,https://music.apple.com/cn/album/%E5%AE%B6%E5%90%8E/1689527894?i=1689528098&uo=4
itunes_1810636109,圆缺,郑宜农 & Chunho,圆缺,CN,china,itunes,台湾流行音乐,台湾流行音乐,清冷电子音色与呼吸感合成器铺陈夜空般的辽阔声场，郑宜农温润嗓音与Chunho的制作交织出台湾流行乐特有的私密张力，适合深夜独处或城市漫游时聆听，2025年新作延续当代华语独立流行的美学脉络。,China,CN,genre_or_metadata_hint,CN,confirmed_china_family,genre/label/tags/description evidence -> CN,https://music.apple.com/cn/album/%E5%9C%86%E7%BC%BA/1810635857?i=1810636109&uo=4
itunes_1475098710,一人一半,旺福,一人一半 - Single,CN,china,itunes,唱作歌手,唱作歌手,轻快的吉他拨弦与跳跃的节奏交织，旺福以慵懒又俏皮的嗓音唱出日常里的温柔羁绊。适合午后窗边独饮、城市夜骑或老友聚餐时播放，像一颗微酸的柠檬糖，在舌尖化开2019年夏末的轻快余韵。,Taiwan,TW,artist_origin_hint,CN,confirmed_china_family,artist override or known artist origin -> TW,https://music.apple.com/cn/album/%E4%B8%80%E4%BA%BA%E4%B8%80%E5%8D%8A/1475098709?i=1475098710&uo=4
itunes_6762241287,The Truest Feeling of Mine (feat. TEOCHEW),EVORA GLOBAL,The Truest Feeling of Mine (feat. TEOCHEW) - Single,HK,china,itunes,鄉村音樂,鄉村音樂,木吉他撥弦伴著溫暖人聲，這首鄉村風格單曲帶著午後陽光般的慵懶質地。適合獨處窗邊、咖啡漸涼時靜靜聆聽，讓緩慢旋律梳理紛雜思緒。,,,itunes_storefront_china_review,HK,rejected_china_storefront_needs_review,China-family iTunes storefront only; no strong artist or metadata evidence,https://music.apple.com/hk/album/the-truest-feeling-of-mine-feat-teochew/1893516356?i=6762241287&uo=4
itunes_6762356416,君は教えてくれた (feat. TEOCHEW),EVORA JAPAN,君は教えてくれた (feat. TEOCHEW) - Single,HK,china,itunes,日本流行樂,日本流行樂,轻快的日系流行旋律中融入潮汕方言元素，电子合成器与清脆节拍交织出跨文化的清新听感，适合都市通勤或午后咖啡馆的放松时刻。,Japan,JP,genre_or_metadata_hint,HK,corrected_to_other_country,genre/label/tags/description evidence -> JP,https://music.apple.com/hk/album/%E5%90%9B%E3%81%AF%E6%95%99%E3%81%88%E3%81%A6%E3%81%8F%E3%82%8C%E3%81%9F-feat-teochew/1893915446?i=6762356416&uo=4
itunes_1890748202,จริงใจกี่โมง,TEOCHEW,จริงใจกี่โมง - Single,HK,china,itunes,R&B/騷靈樂,R&B/騷靈樂,深夜駕車穿越霓虹街道時，這首R&B單曲以慵懶節拍與絲滑合成器鋪陳都市孤獨。潮汕樂隊TEOCHEW以粵語腔調演繹當代騷靈情懷，電子鼓組與迷幻鍵盤交織出2020年代中期港式都會夜曲，適合獨飲或雨天窗邊沈思。,Thailand,TH,artist_origin_hint,HK,corrected_to_other_country,artist override or known artist origin -> TH,https://music.apple.com/hk/album/%E0%B8%88%E0%B8%A3-%E0%B8%87%E0%B9%83%E0%B8%88%E0%B8%81-%E0%B9%82%E0%B8%A1%E0%B8%87/1890748201?i=1890748202&uo=4
itunes_1893304548,รั้ง,TEOCHEW,รั้ง - Single,HK,china,itunes,流行樂,流行樂,泰式流行曲風揉合潮汕語境，電子節拍輕盈鋪底，人聲溫潤帶點都會疏離。適合夜駕穿過霓虹街景，或獨處時讓思緒隨旋律緩緩沉澱。2026年香港新聲，單曲簡練卻餘韻悠長。,Thailand,TH,artist_origin_hint,HK,corrected_to_other_country,artist override or known artist origin -> TH,https://music.apple.com/hk/album/%E0%B8%A3-%E0%B8%87/1893304547?i=1893304548&uo=4
itunes_6768645412,เธอทำให้,TEOCHEW,เธอทำให้ - Single,HK,china,itunes,流行樂,流行樂,轻快节奏搭配电子合成器与流行编曲，明亮旋律适合都市通勤或午后咖啡时光，透出千禧一代的清新气息。,Thailand,TH,artist_origin_hint,HK,corrected_to_other_country,artist override or known artist origin -> TH,https://music.apple.com/hk/album/%E0%B9%80%E0%B8%98%E0%B8%AD%E0%B8%97%E0%B8%B3%E0%B9%83%E0%B8%AB/6768645410?i=6768645412&uo=4
itunes_1865356571,一個Loop,Teochew Clan,一個Loop - Single,HK,china,itunes,Hip-Hop/Rap,Hip-Hop/Rap,低沉节拍循环往复，粤语说唱在电子合成器与碎拍之间游走，适合深夜独行或城市霓虹下的思绪漫游，带着2023年香港街头的新鲜气息。,Singapore,SG,artist_origin_hint,HK,corrected_to_other_country,artist override or known artist origin -> SG,https://music.apple.com/hk/album/%E4%B8%80%E5%80%8Bloop/1865356570?i=1865356571&uo=4
itunes_1149183178,Everybody Hip Hop (Teochew Version) [Bonus Track],一指團體,The Kids from Da Coast,HK,china,itunes,Hip-Hop/Rap,Hip-Hop/Rap,潮汕方言与嘻哈节拍碰撞，粗粝采样打底，市井气息扑面而来。适合深夜骑行或街头漫步时播放，感受南方沿海特有的草根张力与在地幽默。,China,CN,artist_origin_hint,HK,confirmed_china_family,artist override or known artist origin -> CN,https://music.apple.com/hk/album/everybody-hip-hop-teochew-version-bonus-track/1149183057?i=1149183178&uo=4
itunes_1876789598,知觀,Teochew Clan,5T801,HK,china,itunes,Hip-Hop/Rap,Hip-Hop/Rap,低沉节拍与潮汕方言说唱交织，电子合成器铺陈冷冽氛围，香港地下场景孕育的当代 Hip-Hop 之作。适合深夜独行或城市漫游时聆听，2023 年的新锐声景。,Singapore,SG,artist_origin_hint,HK,corrected_to_other_country,artist override or known artist origin -> SG,https://music.apple.com/hk/album/%E7%9F%A5%E8%A7%80/1876789325?i=1876789598&uo=4
itunes_1876789601,無變,Teochew Clan,5T801,HK,china,itunes,Hip-Hop/Rap,Hip-Hop/Rap,低沉节拍与潮汕方言说唱交织，香港地下场景的新鲜血液。电子合成器铺底，鼓点利落冷峻，适合深夜独行或城市漫游时聆听，带着岭南市井的粗粝质感与当代嘻哈的锋利棱角。,Singapore,SG,artist_origin_hint,HK,corrected_to_other_country,artist override or known artist origin -> SG,https://music.apple.com/hk/album/%E7%84%A1%E8%AE%8A/1876789325?i=1876789601&uo=4
itunes_1876789613,路Loop,Teochew Clan,5T801,HK,china,itunes,Hip-Hop/Rap,Hip-Hop/Rap,低沉节拍与潮汕方言说唱交织，电子音色铺陈出都市夜行的疏离感。Loop结构循环往复，如同港岛霓虹下不停流转的街巷记忆，适合独处时佩戴耳机沉浸。,Singapore,SG,artist_origin_hint,HK,corrected_to_other_country,artist override or known artist origin -> SG,https://music.apple.com/hk/album/%E8%B7%AFloop/1876789325?i=1876789613&uo=4
itunes_1894294622,僕らの記憶の欠片 (feat. TEOCHEW & VICTR B.),EVORA JAPAN,僕らの記憶の欠片 (feat. TEOCHEW & VICTR B.) - Single,HK,china,itunes,日本流行樂,日本流行樂,轻快的电子节拍与日系流行旋律交织，粤语说唱段落穿插其中，营造出都市夜晚驱车穿行的流动感。合成器铺底明亮通透，副歌线条朗朗上口，适合通勤途中或朋友聚会时播放，带着2020年代中后期东亚都会的时髦气息。,Hong Kong,HK,genre_or_metadata_hint,HK,confirmed_china_family,genre/label/tags/description evidence -> HK,https://music.apple.com/hk/album/%E5%83%95%E3%82%89%E3%81%AE%E8%A8%98%E6%86%B6%E3%81%AE%E6%AC%A0%E7%89%87-feat-teochew-victr-b/1894294621?i=1894294622&uo=4
itunes_1876789603,Take It Eazy,Teochew Clan,5T801,HK,china,itunes,Hip-Hop/Rap,Hip-Hop/Rap,低沉节拍铺展都市夜色，粤语说唱穿梭于霓虹街巷，合成器铺底伴随利落鼓点，适合深夜独行或车窗外的城市漫游，带着港式嘻哈特有的松弛与锐气。,Singapore,SG,artist_origin_hint,HK,corrected_to_other_country,artist override or known artist origin -> SG,https://music.apple.com/hk/album/take-it-eazy/1876789325?i=1876789603&uo=4
itunes_1876789618,收殺,Teochew Clan,5T801,HK,china,itunes,Hip-Hop/Rap,Hip-Hop/Rap,低沉节拍与锐利说唱交织，这张2023年的作品以粤语嘻哈为骨架，电子合成器与硬鼓点营造出都市夜行的冷冽张力。适合在霓虹街巷独行或深夜独处时聆听，感受香港地下场景特有的粗粝能量。,Singapore,SG,artist_origin_hint,HK,corrected_to_other_country,artist override or known artist origin -> SG,https://music.apple.com/hk/album/%E6%94%B6%E6%AE%BA/1876789325?i=1876789618&uo=4
itunes_1149183127,Teochew People in Guangzhou (feat. Ares & Han Huang),一指團體,The Kids from Da Coast,HK,china,itunes,Hip-Hop/Rap,Hip-Hop/Rap,潮汕方言与粤语交织的嘻哈律动，一指团体以沿海少年的街头视角，将岭南市井气息注入boom-bap节奏。Ares与韩煌的助阵让这首2016年的作品兼具地域根脉与都市流动感，适合深夜通勤或旧城漫步时聆听。,China,CN,artist_origin_hint,HK,confirmed_china_family,artist override or known artist origin -> CN,https://music.apple.com/hk/album/teochew-people-in-guangzhou-feat-ares-han-huang/1149183057?i=1149183127&uo=4
itunes_1775153822,Sekai No Kotoba No Tabi Teochew (Singapore),Columbia Studio,Sekaiisshu Kotoba No Tabi Chikyu 80 Gengo Catalog,HK,china,itunes,世界音樂,世界音樂,九十年代世界音乐合辑中的潮州话录音，以传统弦管与打击乐铺底，人声吟诵带有南洋华人的迁徙记忆。适合在静谧午后翻阅旧相册时聆听，感受方言与海洋交织的漂泊诗意。,Singapore,SG,genre_or_metadata_hint,HK,corrected_to_other_country,genre/label/tags/description evidence -> SG,https://music.apple.com/hk/album/sekai-no-kotoba-no-tabi-teochew-singapore/1775153812?i=1775153822&uo=4
itunes_1876789607,歇累,Teochew Clan,5T801,HK,china,itunes,Hip-Hop/Rap,Hip-Hop/Rap,低沉节拍与粤语说唱交织，电子合成器铺陈冷冽氛围，适合深夜独行或城市霓虹下的片刻喘息。2023年香港地下场景的新锐之作，以极简律动承载当代都市的疏离与自省。,Singapore,SG,artist_origin_hint,HK,corrected_to_other_country,artist override or known artist origin -> SG,https://music.apple.com/hk/album/%E6%AD%87%E7%B4%AF/1876789325?i=1876789607&uo=4
itunes_1876789609,色,Teochew Clan,5T801,HK,china,itunes,Hip-Hop/Rap,Hip-Hop/Rap,低沉节拍与粤语说唱交织，电子合成器铺陈冷冽氛围，2023年香港地下场景的新锐之作，适合深夜独行或城市漫游时聆听。,Singapore,SG,artist_origin_hint,HK,corrected_to_other_country,artist override or known artist origin -> SG,https://music.apple.com/hk/album/%E8%89%B2/1876789325?i=1876789609&uo=4
itunes_1149183180,Teochew People in Guangzhou (Instrumental),一指團體,The Kids from Da Coast,HK,china,itunes,Hip-Hop/Rap,Hip-Hop/Rap,这首器乐作品以潮汕文化为底色，融入粤语地区的街头气息，节拍沉稳松弛，采样与电子音色交织出沿海城市的黄昏氛围，适合独处或夜间行车时聆听。,China,CN,artist_origin_hint,HK,confirmed_china_family,artist override or known artist origin -> CN,https://music.apple.com/hk/album/teochew-people-in-guangzhou-instrumental/1149183057?i=1149183180&uo=4
itunes_1876789612,銀,Teochew Clan,5T801,HK,china,itunes,Hip-Hop/Rap,Hip-Hop/Rap,银以冷冽的合成器铺底，搭配沉稳的鼓点与利落的粤语说唱，呈现2023年香港地下嘻哈的锋利切面。适合深夜独行或都市穿梭时聆听，像霓虹灯在雨夜路面碎裂成的光斑。,Singapore,SG,artist_origin_hint,HK,corrected_to_other_country,artist override or known artist origin -> SG,https://music.apple.com/hk/album/%E9%8A%80/1876789325?i=1876789612&uo=4
itunes_1876789617,南部漫遊,Teochew Clan,5T801,HK,china,itunes,Hip-Hop/Rap,Hip-Hop/Rap,低沉节拍与潮汕方言韵律交织，营造出午夜都市漫游的松弛氛围。合成器铺底搭配利落鼓组，兼具地下嘻哈的粗粝质感与岭南市井的烟火气息，适合深夜驾车或独处时聆听。,Singapore,SG,artist_origin_hint,HK,corrected_to_other_country,artist override or known artist origin -> SG,https://music.apple.com/hk/album/%E5%8D%97%E9%83%A8%E6%BC%AB%E9%81%8A/1876789325?i=1876789617&uo=4
itunes_1849869640,我個囝汝今年豈有轉來過年 (潮語),邱烈豐,豐宇無阻 全創作專輯,HK,china,itunes,國語流行樂,國語流行樂,這首潮語作品以親暱的方言口吻傳遞遊子歸鄉的牽掛，溫厚男聲搭配流行編曲，適合年節前夕獨處時細聽，在熟悉的旋律裡感受海峽兩岸共通的鄉愁與團圓期盼。,China,CN,genre_or_metadata_hint,HK,confirmed_china_family,genre/label/tags/description evidence -> CN,https://music.apple.com/hk/album/%E6%88%91%E5%80%8B%E5%9B%9D%E6%B1%9D%E4%BB%8A%E5%B9%B4%E8%B1%88%E6%9C%89%E8%BD%89%E4%BE%86%E9%81%8E%E5%B9%B4-%E6%BD%AE%E8%AA%9E/1849869630?i=1849869640&uo=4
itunes_1777625726,Our Father (Teochew) [Arr. Mark N. Tan],Mark Nicodemus Tan & Little Island Voices,Katong Dreaming: A Musical Tour Soundtrack,HK,china,itunes,原聲配樂,原聲配樂,這首潮州語編曲作品以清澈人聲為核心，童聲合唱團與簡約鋼琴交織出溫柔虔誠的氛圍，適合靜心冥想或午後閱讀時聆聽，帶有當代原聲配樂的細膩質感。,Singapore,SG,artist_origin_hint,HK,corrected_to_other_country,artist override or known artist origin -> SG,https://music.apple.com/hk/album/our-father-teochew-arr-mark-n-tan/1777625721?i=1777625726&uo=4
itunes_1542177079,清明過紙 (潮語),邱烈豐,豐情萬有 全創作專輯,HK,china,itunes,國語流行樂,國語流行樂,低沉男聲以潮汕方言吟唱，弦樂與鋼琴鋪陳出綿長的思念氛圍。這首2020年作品將傳統祭祖情懷融入流行編曲，適合獨處時細細聆聽，感受血脈與土地的溫柔牽繫。,China,CN,genre_or_metadata_hint,HK,confirmed_china_family,genre/label/tags/description evidence -> CN,https://music.apple.com/hk/album/%E6%B8%85%E6%98%8E%E9%81%8E%E7%B4%99-%E6%BD%AE%E8%AA%9E/1542177078?i=1542177079&uo=4
itunes_1849869764,老丈夫 (潮語),邱烈豐,豐宇無阻 全創作專輯,HK,china,itunes,國語流行樂,國語流行樂,溫厚男聲伴著鋼琴與弦樂緩緩鋪陳，這首國語流行曲以傳統婚姻意象入歌，旋律沉穩內斂，適合夜深獨處時細細品味那份歷經歲月的深情與牽絆。,China,CN,genre_or_metadata_hint,HK,confirmed_china_family,genre/label/tags/description evidence -> CN,https://music.apple.com/hk/album/%E8%80%81%E4%B8%88%E5%A4%AB-%E6%BD%AE%E8%AA%9E/1849869630?i=1849869764&uo=4
itunes_1849869770,我個囝汝今年豈有轉來過年 (潮語) [伴奏],邱烈豐,豐宇無阻 全創作專輯,HK,china,itunes,國語流行樂,國語流行樂,潮語吟唱化入電子編曲，邱烈豐以冷冽合成器鋪底，輔以傳統弦樂的幽微顫音，營造出遊子未歸的節日孤懸感。無人聲伴奏版本更顯空間縱深，適合年夜獨處或跨城夜駕時循環播放。,China,CN,genre_or_metadata_hint,HK,confirmed_china_family,genre/label/tags/description evidence -> CN,https://music.apple.com/hk/album/%E6%88%91%E5%80%8B%E5%9B%9D%E6%B1%9D%E4%BB%8A%E5%B9%B4%E8%B1%88%E6%9C%89%E8%BD%89%E4%BE%86%E9%81%8E%E5%B9%B4-%E6%BD%AE%E8%AA%9E-%E4%BC%B4%E5%A5%8F/1849869630?i=1849869770&uo=4
itunes_1849869774,老丈夫 (潮語) [伴奏],邱烈豐,豐宇無阻 全創作專輯,HK,china,itunes,國語流行樂,國語流行樂,這首伴奏以潮語為底蘊，鋪陳國語流行的抒情骨架，適合夜深獨處時細品弦樂與鍵盤交織的留白意境，讓聽者自行填入未說盡的滄桑與溫柔。,China,CN,genre_or_metadata_hint,HK,confirmed_china_family,genre/label/tags/description evidence -> CN,https://music.apple.com/hk/album/%E8%80%81%E4%B8%88%E5%A4%AB-%E6%BD%AE%E8%AA%9E-%E4%BC%B4%E5%A5%8F/1849869630?i=1849869774&uo=4
itunes_1071506929,她說,林俊傑,她說,HK,china,itunes,國語流行樂,國語流行樂,鋼琴緩緩鋪陳，林俊傑溫潤嗓音低吟淺唱，這首2010年國語抒情流行曲適合深夜獨處時細細品味，弦樂漸起時情緒如潮湧，是都市人療癒心傷的經典陪伴。,China,CN,genre_or_metadata_hint,HK,confirmed_china_family,genre/label/tags/description evidence -> CN,https://music.apple.com/hk/album/%E5%A5%B9%E8%AA%AA/1071506928?i=1071506929&uo=4
itunes_882945383,Chandelier,Sia,1000 Forms of Fear,HK,china,itunes,流行樂,流行樂,这首歌曲以磅礴的钢琴铺底与层层推进的电子节拍交织，副歌处爆发力十足的人声演绎营造出从压抑到释放的情绪张力。适合深夜独处时直面内心波动，或是需要一股穿透力的时刻聆听。,Australia,AU,artist_origin_hint,HK,corrected_to_other_country,artist override or known artist origin -> AU,https://music.apple.com/hk/album/chandelier/882945378?i=882945383&uo=4
itunes_1523339738,At My Worst,Pink Sweat$,The Prelude - EP,HK,china,itunes,R&B/騷靈樂,R&B/騷靈樂,温柔男声伴着简约吉他缓缓流淌，R&B的慵懒律动裹挟着騷靈樂的细腻情感，适合深夜独处或雨天窗边的私密时刻。2020年的作品保留了当代节奏蓝调的丝滑质感，以极简编配凸显人声的真挚倾诉。,United States,US,artist_origin_hint,HK,corrected_to_other_country,artist override or known artist origin -> US,https://music.apple.com/hk/album/at-my-worst/1523339532?i=1523339738&uo=4
itunes_1673877357,2020,OOHYO,silence - EP,HK,china,itunes,電子音樂,電子音樂,OOHYO以輕透電子音色鋪陳這首同名之作，合成器層疊如都市夜霧，人聲游離於夢境與現實之間。適合深夜獨行、霓虹倒映窗面的時刻，讓孤獨成為一種溫柔的共鳴。,South Korea,KR,artist_origin_hint,HK,corrected_to_other_country,artist override or known artist origin -> KR,https://music.apple.com/hk/album/2020/1673877355?i=1673877357&uo=4
itunes_1277697262,The Spectre,Alan Walker,The Spectre - Single,HK,china,itunes,舞曲,舞曲,深邃的合成器音色层层铺展，电子节拍如暗涌般推进，空灵的女声切片在drop处骤然释放，营造出午夜霓虹下的孤独张力。适合独行夜路或密闭空间里的沉浸聆听，一首典型的2010年代中后期欧陆电子舞曲，以渐进式架构牵引情绪攀升至顶点。,Norway,NO,artist_origin_hint,HK,corrected_to_other_country,artist override or known artist origin -> NO,https://music.apple.com/hk/album/the-spectre/1277697257?i=1277697262&uo=4
itunes_1533345325,Wonder,Shawn Mendes,Wonder,HK,china,itunes,流行樂,流行樂,溫柔鋼琴前奏緩緩鋪開，Shawn Mendes 以清透嗓音訴說對愛的迷惘與渴望。中板節奏漸層堆疊，電吉他與弦樂交織出遼闊氛圍，適合深夜獨處或長途車窗邊沈思聆聽。2020年流行搖滾之作，情感真摯而內斂。,Canada,CA,artist_origin_hint,HK,corrected_to_other_country,artist override or known artist origin -> CA,https://music.apple.com/hk/album/wonder/1533345318?i=1533345325&uo=4
itunes_1582745064,2020,오혁 & Primary,D.P. (Original Soundtrack from the Netflix Series),HK,china,itunes,原聲配樂,原聲配樂,低沉嗓音与电子合成器交织，营造出都市夜晚的疏离氛围。略带忧郁的旋律线条适合独处时聆听，韩剧配乐特有的情感张力在节制编曲中缓缓释放。,South Korea,KR,artist_origin_hint,HK,corrected_to_other_country,artist override or known artist origin -> KR,https://music.apple.com/hk/album/2020/1582744835?i=1582745064&uo=4
itunes_1521222426,Maria,HWASA,María - EP,HK,china,itunes,韓國流行樂,韓國流行樂,低沉嗓音鋪陳拉丁節拍基底，電子合成器與打擊樂交織出熱帶夜色的慵懶張力。適合獨行都市街角或深夜獨酌時分，讓情緒隨著HWASA的吟唱緩緩沉降。,South Korea,KR,genre_or_metadata_hint,HK,corrected_to_other_country,genre/label/tags/description evidence -> KR,https://music.apple.com/hk/album/maria/1521222154?i=1521222426&uo=4
itunes_1494673344,Any Song,ZICO,Any Song - Single,HK,china,itunes,韓國流行樂,韓國流行樂,輕快的節拍與慵懶說唱交織，這首都市感十足的流行單品以簡潔電子編制營造派對氛圍，適合夜晚獨處或好友小聚時隨性播放，2020年初的潮流音色至今聽來依舊鬆弛自在。,South Korea,KR,genre_or_metadata_hint,HK,corrected_to_other_country,genre/label/tags/description evidence -> KR,https://music.apple.com/hk/album/any-song/1494673334?i=1494673344&uo=4
itunes_1321295664,永不失聯的愛,周興哲,如果雨之後,HK,china,itunes,國語流行樂,國語流行樂,鋼琴與弦樂鋪陳出溫柔的抒情基底，周興哲以清透嗓音訴說執念與守候，副歌層層堆疊的情緒適合深夜獨處或雨後窗邊沈澱心事，2017年國語流行經典。,China,CN,genre_or_metadata_hint,HK,confirmed_china_family,genre/label/tags/description evidence -> CN,https://music.apple.com/hk/album/%E6%B0%B8%E4%B8%8D%E5%A4%B1%E8%81%AF%E7%9A%84%E6%84%9B/1321295182?i=1321295664&uo=4
itunes_1718657010,消愁,毛不易,平凡的一天,HK,china,itunes,國語流行樂,國語流行樂,低沉嗓音伴着简洁吉他铺陈，钢琴与弦乐层层晕染，一首适合深夜独酌时静静聆听的都市抒情曲。毛不易以克制而温热的叙事，将寻常日子的怅惘化作杯中涟漪，2018年发行至今仍是许多人疗愈心事的私人 soundtrack。,China,CN,genre_or_metadata_hint,HK,confirmed_china_family,genre/label/tags/description evidence -> CN,https://music.apple.com/hk/album/%E6%B6%88%E6%84%81/1718657000?i=1718657010&uo=4
itunes_1499032223,英雄,NCT 127,NCT #127 Neo Zone - The 2nd Album,HK,china,itunes,韓國流行樂,韓國流行樂,强劲节拍与合成器铺陈出都市夜行氛围，男声以利落说唱与旋律hook交错推进，副歌部分电子音色层层堆叠，适合驾车通勤或健身时释放能量，整体呈现2020年代韩式流行乐的锋利质感。,South Korea,KR,genre_or_metadata_hint,HK,corrected_to_other_country,genre/label/tags/description evidence -> KR,https://music.apple.com/hk/album/%E8%8B%B1%E9%9B%84/1499032221?i=1499032223&uo=4
itunes_1457283876,四季,太妍,Four Seasons - Single,HK,china,itunes,韓國流行樂,韓國流行樂,太妍以細膩嗓音演繹這首韓國流行抒情曲，鋼琴與弦樂鋪陳出四季流轉的溫柔敘事。副歌情感層層堆疊，適合深夜獨處或雨天窗邊靜聽，感受時間流逝中的釋然與留戀。,South Korea,KR,genre_or_metadata_hint,HK,corrected_to_other_country,genre/label/tags/description evidence -> KR,https://music.apple.com/hk/album/%E5%9B%9B%E5%AD%A3/1457283867?i=1457283876&uo=4
itunes_1317322831,"Eyes, Nose, Lips",太陽,Rise,HK,china,itunes,R&B/騷靈樂,R&B/騷靈樂,钢琴与弦乐铺陈出深夜般的静谧，太陽以沙哑而克制的嗓音倾诉失去后的余温。R&B骨架上流淌着韩式骚灵的伤痛美学，适合独处时反复咀嚼那些未说完的话。,South Korea,KR,artist_origin_hint,HK,corrected_to_other_country,artist override or known artist origin -> KR,https://music.apple.com/hk/album/eyes-nose-lips/1317322300?i=1317322831&uo=4
itunes_1609666702,MANIAC,Stray Kids,ODDINARY,HK,china,itunes,Electronica,Electronica,强劲电子合成器与炸裂低音铺底，人声在撕裂与克制间切换，副歌标志性嘶吼直击耳膜。适合深夜独行或健身房冲刺，2022年韩流陷阱电子的狂气代表作。,South Korea,KR,artist_origin_hint,HK,corrected_to_other_country,artist override or known artist origin -> KR,https://music.apple.com/hk/album/maniac/1609666698?i=1609666702&uo=4
itunes_1445141002,Lily,"Alan Walker, K-391 & Emelie Hollow",Different World,HK,china,itunes,舞曲,舞曲,空灵女声铺陈于层层电子合成器之上，北欧电音制作人标志性的清冷音色与渐进式舞曲架构交织，适合深夜独处或城市夜行时聆听，2018年电子流行场景中的氛围佳作。,Norway,NO,artist_origin_hint,HK,corrected_to_other_country,artist override or known artist origin -> NO,https://music.apple.com/hk/album/lily/1445140820?i=1445141002&uo=4
itunes_1127321954,Fashion,TAEYEON,Why - The 2nd Mini Album,TW,china,itunes,韓國流行樂,韓國流行樂,輕快電子節拍鋪陳都會時尚感，清亮嗓音穿梭合成器與節奏之間，夏日午後駕車或漫步街頭時聽來格外自在，帶點慵懶卻不失精緻的韓流流行質地。,South Korea,KR,artist_origin_hint,TW,corrected_to_other_country,artist override or known artist origin -> KR,https://music.apple.com/tw/album/fashion/1127320872?i=1127321954&uo=4
itunes_1484919937,哈哈哈,TAEYEON,Purpose - The 2nd Album,TW,china,itunes,韓國流行樂,韓國流行樂,清亮嗓音鋪陳於流暢的韓國流行樂編曲之上，電子合成器與節奏分明的鼓點交織出都會感十足的聽覺空間。副歌段落情緒飽滿而舒展，適合獨行夜路或下班後的車廂時光，整體呈現2010年代末期K-pop主流的精練風格。,South Korea,KR,artist_origin_hint,TW,corrected_to_other_country,artist override or known artist origin -> KR,https://music.apple.com/tw/album/%E5%93%88%E5%93%88%E5%93%88/1484919750?i=1484919937&uo=4
itunes_1494441375,月食,TAEYEON,Purpose - The 2nd Album Repackage - EP,TW,china,itunes,韓國流行樂,韓國流行樂,清冷鋼琴與電子合成器交織，泰妍以細膩聲線鋪展深夜獨白，適合關燈後獨坐窗前，任情緒隨漸強弦樂緩緩漫溢。,South Korea,KR,artist_origin_hint,TW,corrected_to_other_country,artist override or known artist origin -> KR,https://music.apple.com/tw/album/%E6%9C%88%E9%A3%9F/1494441368?i=1494441375&uo=4
itunes_905847803,Baby Steps,Girls' Generation-TTS,'Twinkle' Mini Album,TW,china,itunes,流行樂,流行樂,轻快明亮的流行曲风，钢琴与弦乐交织出温柔底色，三位歌手的和声如春日暖阳般层层铺展。适合午后咖啡时光或都市夜归途中聆听，带着2010年代初韩式甜美女团特有的精致与元气。,South Korea,KR,artist_origin_hint,TW,corrected_to_other_country,artist override or known artist origin -> KR,https://music.apple.com/tw/album/baby-steps/905847798?i=905847803&uo=4
itunes_1046202721,Farewell,TAEYEON,I - The 1st Mini Album - EP,TW,china,itunes,韓國流行樂,韓國流行樂,清冷鋼琴與弦樂鋪陳的抒情曲，TAEYEON以細膩嗓音詮釋離別後的獨白。副歌層層遞進的編制適合深夜獨處時聆聽，帶有2010年代韓國流行樂典型的情感張力與精緻製作。,South Korea,KR,artist_origin_hint,TW,corrected_to_other_country,artist override or known artist origin -> KR,https://music.apple.com/tw/album/farewell/1046202716?i=1046202721&uo=4
itunes_1637554844,Villain,少女時代,FOREVER 1 - The 7th Album,TW,china,itunes,韓國流行樂,韓國流行樂,"sleek electronic beats drive this polished dance-pop cut, with shimmering synth layers and tight vocal harmonies creating an empowering, after-hours energy. Ideal for late-night drives or pre-party momentum, the production balances glossy modern sheen with the group’s signature sharp choreography-ready precision.",South Korea,KR,artist_origin_hint,TW,corrected_to_other_country,artist override or known artist origin -> KR,https://music.apple.com/tw/album/villain/1637554836?i=1637554844&uo=4
itunes_1127321309,Hands on Me,TAEYEON,Why - The 2nd Mini Album,TW,china,itunes,韓國流行樂,韓國流行樂,輕快明亮的夏日節奏，合成器鋪底搭配清透嗓音，帶點復古放克氣息的韓國流行曲。適合午後駕車、海邊散步或需要提振精神的時刻，整體散發自在灑脫的都會氛圍。,South Korea,KR,artist_origin_hint,TW,corrected_to_other_country,artist override or known artist origin -> KR,https://music.apple.com/tw/album/hands-on-me/1127320872?i=1127321309&uo=4
itunes_1533366876,How You Like That,BLACKPINK,THE ALBUM,TW,china,itunes,韓國流行樂,韓國流行樂,強勁電子節拍與洗腦副歌交織，展現2020年代韓國流行樂的華麗張力。銳利合成器鋪陳戰場般氣勢，四人聲線在陷阱節奏與EDM爆發間切換，適合健身、夜跑或需要提振精神的時刻。,South Korea,KR,artist_origin_hint,TW,corrected_to_other_country,artist override or known artist origin -> KR,https://music.apple.com/tw/album/how-you-like-that/1533366575?i=1533366876&uo=4
itunes_1222459074,When I Was Young,TAEYEON,My Voice - The 1st Album (Deluxe Edition),TW,china,itunes,韓國流行樂,韓國流行樂,清透嗓音在鋼琴與弦樂鋪陳中緩緩展開，這首抒情流行曲以細膩編制勾勒時光回溯的感傷氛圍，適合靜夜獨處或情緒沉澱時細細聆聽。,South Korea,KR,artist_origin_hint,TW,corrected_to_other_country,artist override or known artist origin -> KR,https://music.apple.com/tw/album/when-i-was-young/1222458971?i=1222459074&uo=4
itunes_1222459070,I Got Love,TAEYEON,My Voice - The 1st Album (Deluxe Edition),TW,china,itunes,韓國流行樂,韓國流行樂,清透嗓音鋪陳於流暢節拍之上，韓國流行樂的精緻編曲框架裡，電子合成器與節奏藍調元素交織出都會夜色的浪漫氛圍。適合獨處時分或城市車流中循環播放，感受那份既親密又遼闊的情感張力。,South Korea,KR,artist_origin_hint,TW,corrected_to_other_country,artist override or known artist origin -> KR,https://music.apple.com/tw/album/i-got-love/1222458971?i=1222459070&uo=4
itunes_1637554966,Closer,少女時代,FOREVER 1 - The 7th Album,TW,china,itunes,韓國流行樂,韓國流行樂,明亮合成器鋪底搭配強勁節拍，展開夏日電音流行的清爽聽感，副歌旋律線條流暢上揚，適合午後駕車或聚會暖場時播放。少女時代標誌性的整齊和聲與電子編制交織，延續韓流女團經典能量。,South Korea,KR,artist_origin_hint,TW,corrected_to_other_country,artist override or known artist origin -> KR,https://music.apple.com/tw/album/closer/1637554836?i=1637554966&uo=4
itunes_1127321953,Good Thing,TAEYEON,Why - The 2nd Mini Album,TW,china,itunes,韓國流行樂,韓國流行樂,輕快明亮的節奏搭配清亮嗓音，這首夏日小品以電子合成器鋪底，吉他掃弦點綴，營造出午後駕車兜風或海邊漫步的慵懶氛圍。中板速度適合放鬆時聆聽，副歌旋律朗朗上口，整體散發著2010年代中期K-POP特有的清爽都會感。,South Korea,KR,artist_origin_hint,TW,corrected_to_other_country,artist override or known artist origin -> KR,https://music.apple.com/tw/album/good-thing/1127320872?i=1127321953&uo=4
itunes_1127321955,Night,TAEYEON,Why - The 2nd Mini Album,TW,china,itunes,韓國流行樂,韓國流行樂,夜色般沉靜的R&B抒情曲，鋼琴與電子節拍交織出都會午夜的孤獨感。泰妍清透而內斂的嗓音遊走於氣氛電子與傳統韓流情歌之間，適合獨處時分或深夜駕車時細細聆聽。,South Korea,KR,artist_origin_hint,TW,corrected_to_other_country,artist override or known artist origin -> KR,https://music.apple.com/tw/album/night/1127320872?i=1127321955&uo=4
itunes_1399532418,One Day,TAEYEON,Something New - The 3rd Mini Album - EP,TW,china,itunes,韓國流行樂,韓國流行樂,清透嗓音鋪陳細膩情感，R&B節拍揉入電子音色，營造都會夜晚的私密氛圍。適合獨處時沉澱思緒，或城市車流中回望過往。,South Korea,KR,artist_origin_hint,TW,corrected_to_other_country,artist override or known artist origin -> KR,https://music.apple.com/tw/album/one-day/1399531834?i=1399532418&uo=4
itunes_1266602403,Light Up the Sky,少女時代,Holiday Night - The 6th Album,TW,china,itunes,韓國流行樂,韓國流行樂,明亮電子合成器鋪陳夏日夜空，節奏輕快飽滿，人聲層疊如煙火綻放。適合夜間駕車或派對暖場，帶有2010年代韓流舞曲的華麗能量與集體歡騰感。,South Korea,KR,artist_origin_hint,TW,corrected_to_other_country,artist override or known artist origin -> KR,https://music.apple.com/tw/album/light-up-the-sky/1266602382?i=1266602403&uo=4
itunes_1209885644,Lonely Night,TAEYEON,My Voice - The 1st Album,TW,china,itunes,韓國流行樂,韓國流行樂,夜幕低垂時分，一盞暖黃燈光伴隨這首韓國流行抒情曲，鋼琴與弦樂層層鋪展，金泰妍清透嗓音如絲絨般撫過孤獨心事，適合獨處時靜靜聆聽，讓情緒在細膩轉音中找到共鳴與釋放。,South Korea,KR,artist_origin_hint,TW,corrected_to_other_country,artist override or known artist origin -> KR,https://music.apple.com/tw/album/lonely-night/1209885370?i=1209885644&uo=4
itunes_1222459076,Lonely Night,TAEYEON,My Voice - The 1st Album (Deluxe Edition),TW,china,itunes,韓國流行樂,韓國流行樂,深夜獨處時的絕佳陪伴，這首歌以細膩的鋼琴鋪陳為底，漸層堆疊的弦樂與電子合成器交織出遼闊而私密的情緒空間。泰妍清亮卻帶著脆弱感的嗓音，在R&B節奏與流行芭樂的交界處遊走，唱盡都市人無法言說的孤獨與渴望。適合雨夜駕車、輾轉難眠或獨自療傷的時刻。,South Korea,KR,artist_origin_hint,TW,corrected_to_other_country,artist override or known artist origin -> KR,https://music.apple.com/tw/album/lonely-night/1222458971?i=1222459076&uo=4
itunes_1222459073,Sweet Love,TAEYEON,My Voice - The 1st Album (Deluxe Edition),TW,china,itunes,韓國流行樂,韓國流行樂,清透嗓音鋪陳細膩情感，鋼琴與弦樂交織出溫柔氛圍，適合深夜獨處或雨天靜聽。韓國流行抒情曲風，以層次豐富的編曲襯托真摯告白，2017年發行至今仍是撫慰人心的經典之作。,South Korea,KR,artist_origin_hint,TW,corrected_to_other_country,artist override or known artist origin -> KR,https://music.apple.com/tw/album/sweet-love/1222458971?i=1222459073&uo=4
itunes_1543866182,To the moon,TAEYEON,What Do I Call You - The 4th Mini Album - EP,TW,china,itunes,韓國流行樂,韓國流行樂,清冷合成器鋪底，搭配TAEYEON標誌性的空靈嗓音，這首深夜獨白適合關燈後獨自聆聽。2020年末的韓流抒情電音，以簡約節拍承載未竟的思念，像月光灑落無人的房間。,South Korea,KR,artist_origin_hint,TW,corrected_to_other_country,artist override or known artist origin -> KR,https://music.apple.com/tw/album/to-the-moon/1543866179?i=1543866182&uo=4
itunes_1209885643,When I Was Young,TAEYEON,My Voice - The 1st Album,TW,china,itunes,韓國流行樂,韓國流行樂,清透嗓音鋪陳青春回望，鋼琴與弦樂層層堆疊，副歌釋放飽滿情感張力。適合獨處夜間或通勤途中細細品味，韓流抒情經典質感。,South Korea,KR,artist_origin_hint,TW,corrected_to_other_country,artist override or known artist origin -> KR,https://music.apple.com/tw/album/when-i-was-young/1209885370?i=1209885643&uo=4
itunes_1127321310,Up & Down (feat. HYOYEON),TAEYEON,Why - The 2nd Mini Album,TW,china,itunes,韓國流行樂,韓國流行樂,輕快電子節拍鋪底，合成器音色明亮跳躍，副歌層次堆疊飽滿，適合夏夜駕車或運動時播放，帶有2010年代中期韓流舞曲的時尚能量。,South Korea,KR,artist_origin_hint,TW,corrected_to_other_country,artist override or known artist origin -> KR,https://music.apple.com/tw/album/up-down-feat-hyoyeon/1127320872?i=1127321310&uo=4
itunes_1209885642,Sweet Love,TAEYEON,My Voice - The 1st Album,TW,china,itunes,韓國流行樂,韓國流行樂,清透嗓音鋪展於流暢的韓國流行樂編曲之上，鋼琴與弦樂層層疊出溫柔氛圍，適合深夜獨處或細雨時分靜靜聆聽，感受情感緩緩流淌的療癒時刻。,South Korea,KR,artist_origin_hint,TW,corrected_to_other_country,artist override or known artist origin -> KR,https://music.apple.com/tw/album/sweet-love/1209885370?i=1209885642&uo=4
itunes_1209885640,I'm OK,TAEYEON,My Voice - The 1st Album,TW,china,itunes,韓國流行樂,韓國流行樂,清透嗓音鋪陳細膩情感，鋼琴與弦樂交織出韓流抒情曲的經典質地。適合深夜獨處時循環播放，讓溫柔旋律慢慢撫平日常褶皺。,South Korea,KR,artist_origin_hint,TW,corrected_to_other_country,artist override or known artist origin -> KR,https://music.apple.com/tw/album/im-ok/1209885370?i=1209885640&uo=4
itunes_1222459071,I'm OK,TAEYEON,My Voice - The 1st Album (Deluxe Edition),TW,china,itunes,韓國流行樂,韓國流行樂,清透嗓音鋪陳細膩情感，鋼琴與弦樂交織出都會夜晚的孤獨與釋然。中慢板節奏適合獨處時沉澱思緒，韓流抒情經典質感。,South Korea,KR,artist_origin_hint,TW,corrected_to_other_country,artist override or known artist origin -> KR,https://music.apple.com/tw/album/im-ok/1222458971?i=1222459071&uo=4
itunes_1637554842,Seventeen,少女時代,FOREVER 1 - The 7th Album,TW,china,itunes,韓國流行樂,韓國流行樂,明亮合成器鋪陳夏日海灘氛圍，節奏輕快帶有電子舞曲脈動，多人聲層疊唱出青春無畏的派對宣言，適合傍晚駕車或朋友聚會時播放。,South Korea,KR,artist_origin_hint,TW,corrected_to_other_country,artist override or known artist origin -> KR,https://music.apple.com/tw/album/seventeen/1637554836?i=1637554842&uo=4
itunes_1538941271,My Love (Duet Version),李承哲 & TAEYEON,Lee Seung Chul 35th Anniversary Album Special 'My Love' - Single,TW,china,itunes,韓國流行樂,韓國流行樂,李承哲與太妍跨世代合唱，鋼琴與弦樂鋪陳出韓流抒情經典格局，男女聲線交織於漸強副歌，適合深夜獨處或舊情回溯時靜靜聆聽。,South Korea,KR,artist_origin_hint,TW,corrected_to_other_country,artist override or known artist origin -> KR,https://music.apple.com/tw/album/my-love-duet-version/1538941268?i=1538941271&uo=4
itunes_1637554968,完美畫面,少女時代,FOREVER 1 - The 7th Album,TW,china,itunes,韓國流行樂,韓國流行樂,明亮合成器鋪陳夏日氣息，電子節拍輕快躍動，多層人聲交織出青春張力。適合午後駕車或都市漫步，帶有2010年代末韓流電音的絢爛餘韻。,South Korea,KR,artist_origin_hint,TW,corrected_to_other_country,artist override or known artist origin -> KR,https://music.apple.com/tw/album/%E5%AE%8C%E7%BE%8E%E7%95%AB%E9%9D%A2/1637554836?i=1637554968&uo=4
itunes_1637554970,紙飛機,少女時代,FOREVER 1 - The 7th Album,TW,china,itunes,韓國流行樂,韓國流行樂,輕盈的合成器鋪底搭配流暢的節拍，這首作品散發著夏日午後的明亮氛圍。人聲層次豐富而清透，副歌段落帶有典型的韓流舞曲張力，適合駕車出遊或朋友聚會時播放，為日常注入一抹活力色彩。,South Korea,KR,artist_origin_hint,TW,corrected_to_other_country,artist override or known artist origin -> KR,https://music.apple.com/tw/album/%E7%B4%99%E9%A3%9B%E6%A9%9F/1637554836?i=1637554970&uo=4
itunes_1344751465,Thanks,SEVENTEEN,SEVENTEEN Special Album 'Director's Cut' - EP,TW,china,itunes,韓國流行樂,韓國流行樂,輕快明亮的流行旋律搭配層次豐富的和聲，青春氣息撲面而來。電子合成器與節奏吉他交織出溫暖質地，適合午後通勤或朋友聚會時播放，傳遞真摯感謝的正面能量。,South Korea,KR,artist_origin_hint,TW,corrected_to_other_country,artist override or known artist origin -> KR,https://music.apple.com/tw/album/thanks/1344751461?i=1344751465&uo=4
itunes_905850559,Dancing Queen,少女時代,The 4th Album 'I Got a Boy',TW,china,itunes,流行樂,流行樂,輕快明亮的電子流行節拍，合成器鋪陳出繽紛舞池氛圍，層疊和聲與躍動貝斯線交織，適合週末夜駕車或派對暖場時播放，洋溢千禧世代女團的活力光彩。,South Korea,KR,artist_origin_hint,TW,corrected_to_other_country,artist override or known artist origin -> KR,https://music.apple.com/tw/album/dancing-queen/905850557?i=905850559&uo=4
itunes_1209885647,Eraser,TAEYEON,My Voice - The 1st Album,TW,china,itunes,韓國流行樂,韓國流行樂,清冽鋼琴與電子合成器層層鋪展，人聲在呼吸般的留白中遊走，帶有都會夜色的疏離與療癒。適合獨處時反覆聆聽，讓情緒隨漸強的鼓點緩緩釋放。,South Korea,KR,artist_origin_hint,TW,corrected_to_other_country,artist override or known artist origin -> KR,https://music.apple.com/tw/album/eraser/1209885370?i=1209885647&uo=4
itunes_1700267067,Home,SEVENTEEN,SEVENTEEN 6th Mini Album 'YOU MADE MY DAWN' - EP,TW,china,itunes,韓國流行樂,韓國流行樂,溫暖的合成器鋪底搭配清脆的節拍，這首韓國流行樂作品以多層人聲營造出黎明時分的柔光氛圍。適合獨處時聆聽，或作為城市夜歸途中的一盞陪伴。,South Korea,KR,artist_origin_hint,TW,corrected_to_other_country,artist override or known artist origin -> KR,https://music.apple.com/tw/album/home/1700266862?i=1700267067&uo=4
itunes_1465709487,仲夏夜 (feat. 20years of Age),YOONA,A Walk to Remember - Special Album - EP,TW,china,itunes,韓國流行樂,韓國流行樂,輕柔的合成器鋪底伴隨溫潤人聲，這首夏日小品以韓流電子節拍為骨架，融入夢幻流行質地。適合黃昏散步或深夜獨處時聆聽，帶有2010年代後期韓語獨立流行的清新氣息。,South Korea,KR,artist_origin_hint,TW,corrected_to_other_country,artist override or known artist origin -> KR,https://music.apple.com/tw/album/%E4%BB%B2%E5%A4%8F%E5%A4%9C-feat-20years-of-age/1465709301?i=1465709487&uo=4
itunes_1533366881,Crazy Over You,BLACKPINK,THE ALBUM,TW,china,itunes,韓國流行樂,韓國流行樂,低沉的合成器鋪底搭配強勁節拍，副歌以張力十足的人聲切換營造戲劇性聽感。整體風格冷冽而魅惑，適合夜間駕車或獨處時沉浸於節奏之中。,South Korea,KR,artist_origin_hint,TW,corrected_to_other_country,artist override or known artist origin -> KR,https://music.apple.com/tw/album/crazy-over-you/1533366575?i=1533366881&uo=4
itunes_1222459080,Eraser,TAEYEON,My Voice - The 1st Album (Deluxe Edition),TW,china,itunes,韓國流行樂,韓國流行樂,清透嗓音鋪陳於層次豐富的流行編曲之上，電子合成器與節奏鼓點交織出都會夜色的疏離與釋然。適合獨處時分循環播放，讓情緒隨旋律緩緩沉澱。,South Korea,KR,artist_origin_hint,TW,corrected_to_other_country,artist override or known artist origin -> KR,https://music.apple.com/tw/album/eraser/1222458971?i=1222459080&uo=4
itunes_1589497192,To you,SEVENTEEN,SEVENTEEN 9th Mini Album 'Attacca',TW,china,itunes,韓國流行樂,韓國流行樂,輕柔鋼琴與弦樂鋪陳出溫暖底色，人聲層疊如絮語般貼近耳畔，適合深夜獨處或雨天窗邊的靜謐時刻。韓國流行樂的細膩編曲框架下，這首抒情曲以漸進式情緒堆疊，收斂卻不失張力。,South Korea,KR,artist_origin_hint,TW,corrected_to_other_country,artist override or known artist origin -> KR,https://music.apple.com/tw/album/to-you/1589497186?i=1589497192&uo=4
itunes_1442330301,The Boys,少女時代,Mr. Taxi - The 3rd Album (Version B),TW,china,itunes,流行樂,流行樂,電子合成器與強勁節拍交織，這首2011年的韓流流行舞曲以整齊劃一的群舞編制與充滿自信的宣言式唱腔著稱，適合運動健身或提振精神的通勤時刻。閃亮的電音質地與重複性極高的副歌旋律，展現了當年亞洲女子團體的黃金時代風采。,South Korea,KR,artist_origin_hint,TW,corrected_to_other_country,artist override or known artist origin -> KR,https://music.apple.com/tw/album/the-boys/1442329971?i=1442330301&uo=4
itunes_1437890110,Into You,YURI,The First Scene - The 1st Mini Album - EP,TW,china,itunes,韓國流行樂,韓國流行樂,清透嗓音鋪展於電子節拍之上，合成器音色層層暈開，帶著韓流舞曲的時尚骨架與都會夜晚的迷離氛圍。適合獨行街燈下或深夜車流中，讓情緒隨漸強副歌緩緩升空。,South Korea,KR,genre_or_metadata_hint,TW,corrected_to_other_country,genre/label/tags/description evidence -> KR,https://music.apple.com/tw/album/into-you/1437890095?i=1437890110&uo=4
itunes_1111018571,TALK,TIFFANY,I Just Wanna Dance - The 1st Mini Album,TW,china,itunes,韓國流行樂,韓國流行樂,輕快電子節拍鋪陳出都會夜晚的流動感，合成器音色明亮通透，人聲帶著灑脫的聊天語氣，適合開車夜遊或朋友聚會時播放，散發2010年代中期韓流舞曲的時髦活力。,South Korea,KR,artist_origin_hint,TW,corrected_to_other_country,artist override or known artist origin -> KR,https://music.apple.com/tw/album/talk/1111017682?i=1111018571&uo=4
itunes_1442330291,Mr. Taxi,少女時代,Mr. Taxi - The 3rd Album (Version B),TW,china,itunes,流行樂,流行樂,這首2011年發行的電子流行舞曲以緊湊的合成器節拍與強勢編舞感著稱，銳利電子音色搭配層次分明的人聲堆疊，適合夜駕或運動時釋放能量。,South Korea,KR,artist_origin_hint,TW,corrected_to_other_country,artist override or known artist origin -> KR,https://music.apple.com/tw/album/mr-taxi/1442329971?i=1442330291&uo=4
itunes_1266602391,Only One,少女時代,Holiday Night - The 6th Album,TW,china,itunes,韓國流行樂,韓國流行樂,清透的合成器鋪底搭配節奏明快的電子鼓點，少女時代標誌性的多層和聲在副歌層層堆疊，營造出夏夜派對般的輕盈氛圍。適合駕車夜遊或週末聚會時播放，是韓流電子舞曲黃金期的典型縮影。,South Korea,KR,artist_origin_hint,TW,corrected_to_other_country,artist override or known artist origin -> KR,https://music.apple.com/tw/album/only-one/1266602382?i=1266602391&uo=4
itunes_1632682444,Circles,SEVENTEEN,SEVENTEEN 4th Album Repackage 'SECTOR 17',TW,china,itunes,韓國流行樂,韓國流行樂,溫暖的合成器鋪底與層疊人聲交織，這首韓國流行曲以中板節奏營造深夜獨處或城市夜駕的氛圍，電子節拍與抒情旋律平衡了內省與釋放，適合需要情緒出口卻不願過度張揚的時刻。,South Korea,KR,artist_origin_hint,TW,corrected_to_other_country,artist override or known artist origin -> KR,https://music.apple.com/tw/album/circles/1632682433?i=1632682444&uo=4
itunes_1715940151,Better Things,aespa,Drama - The 4th Mini Album,TW,china,itunes,流行樂,流行樂,輕快明亮的合成器流行曲風，電子節拍與層次豐富的和聲交織，帶來夏日午後般的清爽能量。適合通勤途中或朋友聚會時播放，為日常注入一劑活力振奮的聽覺色彩。,South Korea,KR,artist_origin_hint,TW,corrected_to_other_country,artist override or known artist origin -> KR,https://music.apple.com/tw/album/better-things/1715939930?i=1715940151&uo=4
itunes_1533366879,Bet You Wanna (feat. Cardi B),BLACKPINK,THE ALBUM,TW,china,itunes,韓國流行樂,韓國流行樂,這首2020年發行的韓國流行樂曲以強勁節拍為基底，搭配時髦電子合成器與嘻哈元素，呈現大膽自信的派對氛圍。適合夜跑、健身或好友聚會時播放，讓人忍不住跟著節奏擺動。,South Korea,KR,artist_origin_hint,TW,corrected_to_other_country,artist override or known artist origin -> KR,https://music.apple.com/tw/album/bet-you-wanna-feat-cardi-b/1533366575?i=1533366879&uo=4
itunes_1046202722,I (Instrumental),TAEYEON,I - The 1st Mini Album - EP,TW,china,itunes,韓國流行樂,韓國流行樂,钢琴与弦乐交织出澄澈的器乐铺陈，剥离人声后更凸显旋律本身的抒情张力。适合独处时静听，或作为专注时刻的背景流淌。,South Korea,KR,artist_origin_hint,TW,corrected_to_other_country,artist override or known artist origin -> KR,https://music.apple.com/tw/album/i-instrumental/1046202716?i=1046202722&uo=4
itunes_1308176967,Clap,SEVENTEEN,"SEVENTEEN 2nd Album 'Teen, Age'",TW,china,itunes,韓國流行樂,韓國流行樂,整齊劃一的刀群舞節奏貫穿全曲，電子合成器與強勁鼓點交織出青春熱血能量，副歌拍手聲設計令人忍不住隨之擊掌，適合運動或提振精神的時刻播放。,South Korea,KR,artist_origin_hint,TW,corrected_to_other_country,artist override or known artist origin -> KR,https://music.apple.com/tw/album/clap/1308176950?i=1308176967&uo=4
itunes_1111018572,FOOL,TIFFANY,I Just Wanna Dance - The 1st Mini Album,TW,china,itunes,韓國流行樂,韓國流行樂,輕快明亮的電子節拍鋪底，TIFFANY 的嗓音帶著甜中帶韌的都市感，副歌合成器線條流暢抓耳，整體散發 2010 年代中期韓流舞曲特有的時髦能量，適合通勤途中或週末午後提振心情。,South Korea,KR,artist_origin_hint,TW,corrected_to_other_country,artist override or known artist origin -> KR,https://music.apple.com/tw/album/fool/1111017682?i=1111018572&uo=4
itunes_1266602387,Girls Are Back,少女時代,Holiday Night - The 6th Album,TW,china,itunes,韓國流行樂,韓國流行樂,輕快明亮的電子節拍鋪陳開場，合成器音色閃爍如霓虹，多層人聲交織出青春張揚的合唱段落。適合週末夜駕車兜風或派對暖場時播放，帶有2010年代中後期韓流舞曲的經典能量與精緻製作質感。,South Korea,KR,artist_origin_hint,TW,corrected_to_other_country,artist override or known artist origin -> KR,https://music.apple.com/tw/album/girls-are-back/1266602382?i=1266602387&uo=4
itunes_1465709304,德寿宫石墙路的春天(feat. 10cm),YOONA,A Walk to Remember - Special Album - EP,TW,china,itunes,韓國流行樂,韓國流行樂,清透女声与10cm标志性的民谣吉他交织，春日漫步般的轻快旋律，韩式流行抒情小品，适合午后窗边独饮咖啡时聆听。,South Korea,KR,artist_origin_hint,TW,corrected_to_other_country,artist override or known artist origin -> KR,https://music.apple.com/tw/album/%E5%BE%B7%E5%AF%BF%E5%AE%AB%E7%9F%B3%E5%A2%99%E8%B7%AF%E7%9A%84%E6%98%A5%E5%A4%A9-feat-10cm/1465709301?i=1465709304&uo=4
itunes_1031479028,Check,少女時代,Lion Heart - The 5th Album,TW,china,itunes,韓國流行樂,韓國流行樂,輕快明亮的韓國流行樂節拍，合成器與電子鼓點交織出夏日清爽氛圍，九人女聲層疊和諧，適合通勤路上或週末購物時提振精神，帶有2010年代中期K-pop標誌性的活力與精緻編曲質感。,South Korea,KR,artist_origin_hint,TW,corrected_to_other_country,artist override or known artist origin -> KR,https://music.apple.com/tw/album/check/1031478656?i=1031479028&uo=4
itunes_599855745,我只在乎你,林宥嘉,Jazz Channel,TW,china,itunes,爵士樂,爵士樂,林宥嘉以慵懒声线重新诠释经典，钢琴与低音提琴交织出微醺氛围，适合深夜独酌或雨天窗边的静谧时刻。,Taiwan,TW,artist_origin_hint,TW,confirmed_china_family,artist override or known artist origin -> TW,https://music.apple.com/tw/album/%E6%88%91%E5%8F%AA%E5%9C%A8%E4%B9%8E%E4%BD%A0/599847025?i=599855745&uo=4
itunes_1532375876,What a Wonderful World,Stacey Kent,Breakfast on the Morning Tram (Bonus Edition),TW,china,itunes,爵士樂,爵士樂,清透嗓音輕撫經典旋律，爵士標準曲在午後陽光下舒展慵懶姿態。鋼琴與低音提琴細語交織，適合獨處時分或晨間咖啡時光，讓溫柔樂句緩緩流入日常縫隙。,United States,US,artist_origin_hint,TW,corrected_to_other_country,artist override or known artist origin -> US,https://music.apple.com/tw/album/what-a-wonderful-world/1532375619?i=1532375876&uo=4
itunes_720289852,Red Blouse,小野麗莎,Essencia,TW,china,itunes,日本,日本,慵懒的吉他拨弦与温暖人声交织，小野麗莎以Bossa Nova的轻快节奏铺展午后阳光。沙锤与低音提琴衬出1990年代日系都会的精致松弛，适合咖啡馆独处或窗边阅读时聆听。,Japan,JP,artist_origin_hint,TW,corrected_to_other_country,artist override or known artist origin -> JP,https://music.apple.com/tw/album/red-blouse/720289846?i=720289852&uo=4
itunes_1215227930,旅棧的最後一夜,董運昌,咖啡廳最愛播的 Jazz & Bossa Nova 放鬆純音樂,TW,china,itunes,巴薩諾瓦,巴薩諾瓦,木吉他撥弦輕柔如夜風拂過窗簾，帶著巴薩諾瓦的慵懶節奏，適合獨坐旅館窗邊、燈火闌珊時獨飲一杯的靜謐時刻。2002年的台式都會音色，純器樂編制，不喧嘩，只以細膩和聲伴人入眠。,Taiwan,TW,artist_origin_hint,TW,confirmed_china_family,artist override or known artist origin -> TW,https://music.apple.com/tw/album/%E6%97%85%E6%A3%A7%E7%9A%84%E6%9C%80%E5%BE%8C%E4%B8%80%E5%A4%9C/1215227482?i=1215227930&uo=4
itunes_727497450,Gentle On My Mind,小野麗莎,Jambalaya - Bossa Americana,TW,china,itunes,美聲爵士,美聲爵士,慵懒的波萨诺瓦吉他轻轻拨动，小野麗莎以温润清透的嗓音重新诠释经典美国乡村旋律，爵士与美声的细腻交融营造出午后阳光般的惬意氛围，适合在咖啡香气中悠然聆听。,Japan,JP,artist_origin_hint,TW,corrected_to_other_country,artist override or known artist origin -> JP,https://music.apple.com/tw/album/gentle-on-my-mind/727497256?i=727497450&uo=4
itunes_720529514,Rever,小野麗莎,Ono Lisa Best 2002-2006,TW,china,itunes,美聲爵士,美聲爵士,慵懒醇厚的女中音流淌于钢琴与轻弦乐之间，散发都会夜晚的温柔气息。适合独处小酌、深夜阅读或雨天窗边的片刻静谧，是成人抒情爵士中历久弥新的疗愈之选。,Japan,JP,artist_origin_hint,TW,corrected_to_other_country,artist override or known artist origin -> JP,https://music.apple.com/tw/album/rever/720528877?i=720529514&uo=4
itunes_1819012529,With A Scent Of You,Cafe Music BGM Channel,Chill Jazz,TW,china,itunes,抒情爵士,抒情爵士,轻柔爵士钢琴与慵懒贝斯交织，如午后阳光洒落咖啡馆窗台，适合独处阅读或深夜小酌时聆听，让思绪随旋律缓缓舒展。,Japan,JP,artist_origin_hint,TW,corrected_to_other_country,artist override or known artist origin -> JP,https://music.apple.com/tw/album/with-a-scent-of-you/1819012392?i=1819012529&uo=4
itunes_727497512,Crazy,小野麗莎,Jambalaya - Bossa Americana,TW,china,itunes,美聲爵士,美聲爵士,慵懶午後的陽光灑落窗邊，小野麗莎以溫潤醇厚的嗓音重新演繹這首經典，輕柔的吉他撥弦與細緻的打擊樂交織出巴西森巴與美式爵士的優雅融合，適合獨處閱讀或淺酌時靜靜聆聽。,Japan,JP,artist_origin_hint,TW,corrected_to_other_country,artist override or known artist origin -> JP,https://music.apple.com/tw/album/crazy/727497256?i=727497512&uo=4
itunes_727497337,Stay All Night,小野麗莎,Jambalaya - Bossa Americana,TW,china,itunes,美聲爵士,美聲爵士,小野麗莎以慵懶溫暖的嗓音演繹這首作品，輕柔的吉他與鋼琴交織出南美爵士的愜意氛圍，適合午後咖啡時光或深夜獨處時靜靜聆聽，感受時光緩慢流淌的悠然情調。,Japan,JP,artist_origin_hint,TW,corrected_to_other_country,artist override or known artist origin -> JP,https://music.apple.com/tw/album/stay-all-night/727497256?i=727497337&uo=4
itunes_1819012536,Love Of My Life,Cafe Music BGM Channel,Chill Jazz,TW,china,itunes,抒情爵士,抒情爵士,柔和钢琴与慵懒萨克斯交织，营造深夜咖啡馆的私密氛围。慢板抒情爵士适合独处阅读、雨天窗边小酌，或作为工作背景音，让都市节奏悄然沉淀。,Japan,JP,artist_origin_hint,TW,corrected_to_other_country,artist override or known artist origin -> JP,https://music.apple.com/tw/album/love-of-my-life/1819012392?i=1819012536&uo=4
itunes_1443828081,We'll Be Together Again,McCoy Tyner,Night of Ballads and Blues,TW,china,itunes,爵士樂,爵士樂,深夜的琴键低语，McCoy Tyner以沉稳触键铺展一片幽蓝月光。钢琴独白如雾中漫步，偶有贝斯与鼓点轻叩心门，六十年代爵士-ballad的呼吸感在此凝驻，适合独酌时让旋律缓缓流淌。,United States,US,artist_origin_hint,TW,corrected_to_other_country,artist override or known artist origin -> US,https://music.apple.com/tw/album/well-be-together-again/1443827710?i=1443828081&uo=4
itunes_546639861,You and Me,王儷婷,Olivia,TW,china,itunes,流行樂,流行樂,清透嗓音輕撫鋼琴與弦樂編制，這首2010年代的華語流行抒情曲適合深夜獨處或雨後窗邊，以溫柔氣聲傳遞親密而淡然的情感距離。,Singapore,SG,artist_origin_hint,TW,corrected_to_other_country,artist override or known artist origin -> SG,https://music.apple.com/tw/album/you-and-me/546639860?i=546639861&uo=4
itunes_1560687034,早上在咖啡廳,Lily Peach Wang,"波薩諾瓦和爵士器樂 - 巴薩諾瓦輕爵士音樂讀書音樂, 放鬆晚餐樂器爵士樂",TW,china,itunes,巴薩諾瓦,巴薩諾瓦,輕柔的尼龍弦吉他撥出慵懶節奏，搭配細碎的沙鈴與低音提琴，營造出晨光斜照咖啡廳的愜意氛圍。適合捧著熱拿鐵翻書，或與好友低聲閒聊的週末午前時光。,Brazil,BR,genre_or_metadata_hint,TW,corrected_to_other_country,genre/label/tags/description evidence -> BR,https://music.apple.com/tw/album/%E6%97%A9%E4%B8%8A%E5%9C%A8%E5%92%96%E5%95%A1%E5%BB%B3/1560687026?i=1560687034&uo=4
itunes_727497409,I'm an Old Cowhand,小野麗莎,Jambalaya - Bossa Americana,TW,china,itunes,美聲爵士,美聲爵士,小野麗莎以慵懶沙啞的嗓音重新演繹這首西部經典，輕柔的吉他撥弦與鋼琴襯底交織出暖陽般的巴西風情。午後咖啡時光或深夜獨酌，這首2006年收錄於《Jambalaya - Bossa Americana》的曲目，將美國民謠與波薩諾瓦巧妙揉合，營造出跨越時空的悠然愜意。,Japan,JP,artist_origin_hint,TW,corrected_to_other_country,artist override or known artist origin -> JP,https://music.apple.com/tw/album/im-an-old-cowhand/727497256?i=727497409&uo=4
itunes_715758325,La Vie En Rose,小野麗莎,Dans Mon Île,TW,china,itunes,拉丁爵士,拉丁爵士,小野麗莎以慵懶法語香頌重塑經典，吉他與輕盈打擊樂交織出熱帶島嶼的微風午後，適合獨處時光或燭光晚餐的背景流轉。,Japan,JP,artist_origin_hint,TW,corrected_to_other_country,artist override or known artist origin -> JP,https://music.apple.com/tw/album/la-vie-en-rose/715757972?i=715758325&uo=4
itunes_1457850378,Quiet Place,BGM channel,Café Jazz ~Jazz Radio~,TW,china,itunes,爵士樂,爵士樂,轻柔钢琴与慵懒萨克斯交织，如午后阳光洒落咖啡馆角落，适合阅读、独处或慢节奏工作时分聆听，2019年发行的台式爵士小品，以简约编曲营造都市中的静谧呼吸空间。,Taiwan,TW,genre_or_metadata_hint,TW,confirmed_china_family,genre/label/tags/description evidence -> TW,https://music.apple.com/tw/album/quiet-place/1457850372?i=1457850378&uo=4
itunes_1439996412,Cafe's Table,Cafe Music BGM Channel,STUDY Café ~Jazz & Bossa Nova~,TW,china,itunes,爵士樂,爵士樂,轻柔爵士与巴萨诺瓦交织的午后氛围，钢琴与吉他低语般对话，节奏舒缓如咖啡杯沿的蒸汽。适合阅读、专注或独处时播放，2018年台湾出品的自习咖啡馆系列，音色温暖通透，仿佛阳光斜照木桌的静谧角落。,Japan,JP,artist_origin_hint,TW,corrected_to_other_country,artist override or known artist origin -> JP,https://music.apple.com/tw/album/cafes-table/1439996176?i=1439996412&uo=4
itunes_727497658,Danny Boy,小野麗莎,Jambalaya - Bossa Americana,TW,china,itunes,美聲爵士,美聲爵士,小野麗莎以慵懶溫暖的嗓音重新演繹這首經典民謠，輕柔的吉他與鋼琴襯托出巴薩諾瓦的異國情調，午後陽光灑落窗邊時，一杯咖啡伴著這份恬淡的鄉愁最為相宜。,Japan,JP,artist_origin_hint,TW,corrected_to_other_country,artist override or known artist origin -> JP,https://music.apple.com/tw/album/danny-boy/727497256?i=727497658&uo=4
itunes_727497359,Saliane,小野麗莎,Jambalaya - Bossa Americana,TW,china,itunes,美聲爵士,美聲爵士,慵懒吉他拨弦衬着丝绒般的人声，小野麗莎以巴西波萨诺瓦的轻盈骨架，将美式经典旋律晕染成午后阳光般的温暖色调，适合在咖啡馆窗边或深夜独酌时静静流淌。,Japan,JP,artist_origin_hint,TW,corrected_to_other_country,artist override or known artist origin -> JP,https://music.apple.com/tw/album/saliane/727497256?i=727497359&uo=4
itunes_1819012539,Don't Fly Away,Cafe Music BGM Channel,Chill Jazz,TW,china,itunes,抒情爵士,抒情爵士,柔和钢琴与慵懒萨克斯交织，如午后阳光洒落咖啡馆角落，适合阅读、独处或深夜放松时聆听。2020年发行的台式抒情爵士，以极简编曲营造温暖而疏离的都市氛围。,Japan,JP,artist_origin_hint,TW,corrected_to_other_country,artist override or known artist origin -> JP,https://music.apple.com/tw/album/dont-fly-away/1819012392?i=1819012539&uo=4
itunes_1439996191,Next Page,Cafe Music BGM Channel,STUDY Café ~Jazz & Bossa Nova~,TW,china,itunes,爵士樂,爵士樂,轻快的吉他拨弦与慵懒的钢琴交织，巴西风情与爵士即兴在午后阳光里缓缓流淌。适合翻开书页、冲泡咖啡，让思绪随旋律轻轻摇曳的独处时光。,Japan,JP,artist_origin_hint,TW,corrected_to_other_country,artist override or known artist origin -> JP,https://music.apple.com/tw/album/next-page/1439996176?i=1439996191&uo=4
itunes_727497569,I've Just Seen a Face,小野麗莎,Jambalaya - Bossa Americana,TW,china,itunes,美聲爵士,美聲爵士,輕柔吉他撥弦伴隨慵懶人聲，將披頭四經典旋律化為午後陽光下的波薩諾瓦情調。適合咖啡時光或窗邊閱讀，讓拉丁爵士的優雅鬆弛緩緩流淌。,Japan,JP,artist_origin_hint,TW,corrected_to_other_country,artist override or known artist origin -> JP,https://music.apple.com/tw/album/ive-just-seen-a-face/727497256?i=727497569&uo=4
itunes_1445671083,Albatross,"Mats Eilertsen, Harmen Fraanje & Thomas Strønen",And Then Comes the Night,TW,china,itunes,爵士樂,爵士樂,低音提琴、鋼琴與鼓的三重奏織出北歐爵士的靜謐色調，旋律如海鳥滑翔於薄暮海面，留白處盡是詩意。適合深夜獨處或雨天窗邊的沉思時刻。,Norway,NO,artist_origin_hint,TW,corrected_to_other_country,artist override or known artist origin -> NO,https://music.apple.com/tw/album/albatross/1445671064?i=1445671083&uo=4
itunes_720529961,Take Me Home Country Roads,小野麗莎,Ono Lisa Best 2002-2006,TW,china,itunes,美聲爵士,美聲爵士,輕柔的爵士鋼琴與木吉他交織，小野麗莎以溫潤慵懶的嗓音重新詮釋這首經典民謠，彷彿午後陽光灑落窗邊的咖啡時光，適合獨處閱讀或城市夜歸時細細品味。,Japan,JP,artist_origin_hint,TW,corrected_to_other_country,artist override or known artist origin -> JP,https://music.apple.com/tw/album/take-me-home-country-roads/720528877?i=720529961&uo=4
itunes_727497618,Old Fashioned Love (You Are My Sunshine),小野麗莎,Jambalaya - Bossa Americana,TW,china,itunes,美聲爵士,美聲爵士,慵懶的爵士女聲輕撫經典旋律，小野麗莎以溫潤的波薩諾瓦節奏重新擁抱美國老歌，吉他與輕柔打擊樂交織出午後陽光般的暖意，適合獨處時慢慢搖晃一杯咖啡。,Japan,JP,artist_origin_hint,TW,corrected_to_other_country,artist override or known artist origin -> JP,https://music.apple.com/tw/album/old-fashioned-love-you-are-my-sunshine/727497256?i=727497618&uo=4
itunes_1624173768,Seven Years,諾拉·瓊斯,Come Away with Me (Remastered),TW,china,itunes,流行樂,流行樂,鋼琴與人聲輕柔交織，諾拉·瓊斯以慵懶溫暖的嗓音，在爵士與流行之間遊走。午後陽光灑落窗邊，一杯咖啡的餘溫裡，這首歌像一封未寄出的信，緩緩訴說時光沉澱後的釋然與思念。,United States,US,artist_origin_hint,TW,corrected_to_other_country,artist override or known artist origin -> US,https://music.apple.com/tw/album/seven-years/1624173298?i=1624173768&uo=4
itunes_1819012540,You Heal My Soul,Cafe Music BGM Channel,Chill Jazz,TW,china,itunes,抒情爵士,抒情爵士,轻柔钢琴与慵懒萨克斯交织，营造深夜咖啡馆的私密氛围。慢板抒情爵士适合独处阅读、雨后窗前或入睡前放松，2020年末的录音带着当代都市的温润质感。,Japan,JP,artist_origin_hint,TW,corrected_to_other_country,artist override or known artist origin -> JP,https://music.apple.com/tw/album/you-heal-my-soul/1819012392?i=1819012540&uo=4
itunes_1444102767,森林,Mr.,If I Am…,HK,china,itunes,廣東歌/香港流行樂,廣東歌/香港流行樂,香港樂隊Mr.的《森林》以廣東話演繹，吉他與鼓點交織出2000年代末本地搖滾的粗獷質感。歌聲帶著都市叢林裡的迷惘與倔強，適合深夜獨行或情緒翻湧時反覆聆聽。,Hong Kong,HK,genre_or_metadata_hint,HK,confirmed_china_family,genre/label/tags/description evidence -> HK,https://music.apple.com/hk/album/%E6%A3%AE%E6%9E%97/1444102681?i=1444102767&uo=4
itunes_1444102757,如果我是陳奕迅,Mr.,If I Am…,HK,china,itunes,廣東歌/香港流行樂,廣東歌/香港流行樂,香港樂隊Mr.以這首2009年廣東歌向陳奕迅致敬，電吉他與流行搖滾編制鋪陳出都市夜晚的疏離與自嘲，主唱嗓音帶點滄桑敘事感，適合獨自駕車或深夜獨飲時細嚼歌詞裡的假使與遺憾。,Hong Kong,HK,genre_or_metadata_hint,HK,confirmed_china_family,genre/label/tags/description evidence -> HK,https://music.apple.com/hk/album/%E5%A6%82%E6%9E%9C%E6%88%91%E6%98%AF%E9%99%B3%E5%A5%95%E8%BF%85/1444102681?i=1444102757&uo=4
itunes_1282502740,#0000FF,Jasmine Sokko,#0000FF - Single,HK,china,itunes,流行樂,流行樂,冷冽電子合成器鋪底，人聲疏離而克制，帶有都會夜色的孤獨感。適合獨行通勤或深夜獨處時聆聽，2010年代後半華語電子流行風格。,China,CN,genre_or_metadata_hint,HK,confirmed_china_family,genre/label/tags/description evidence -> CN,https://music.apple.com/hk/album/0000ff/1282502198?i=1282502740&uo=4
itunes_1608247446,Not Shy,ITZY,Not Shy - EP,HK,china,itunes,Dubstep,Dubstep,强劲贝斯与电子合成器交织，Dubstep元素碰撞出锋利节奏，ITZY以利落人声划破张力，适合深夜独行或健身房里释放能量的时刻。,South Korea,KR,artist_origin_hint,HK,corrected_to_other_country,artist override or known artist origin -> KR,https://music.apple.com/hk/album/not-shy/1608247235?i=1608247446&uo=4
itunes_1444102934,遇到了,Mr.,If I Am…,HK,china,itunes,廣東歌/香港流行樂,廣東歌/香港流行樂,Mr. 主唱的〈遇到了〉收錄於二〇〇九年專輯《If I Am…》，屬香港流行搖滾風格。電吉他與鼓組鋪陳出爽朗節奏，副歌旋律直白熱烈，適合午後駕車或聚會時播放，流露千禧年代港式樂隊的熱血與浪漫。,Hong Kong,HK,genre_or_metadata_hint,HK,confirmed_china_family,genre/label/tags/description evidence -> HK,https://music.apple.com/hk/album/%E9%81%87%E5%88%B0%E4%BA%86/1444102681?i=1444102934&uo=4
itunes_1504763701,Too Late,Washed Out,Too Late - Single,HK,china,itunes,另類音樂,另類音樂,夢幻合成器層層鋪展，慵懶人聲浸在溫暖混響之中，午後陽光穿透紗簾般的質地。適合獨處時分，讓思緒隨緩慢節拍輕輕漂浮。,United States,US,artist_origin_hint,HK,corrected_to_other_country,artist override or known artist origin -> US,https://music.apple.com/hk/album/too-late/1504763700?i=1504763701&uo=4
itunes_1759267931,"Lean On (J Balvin & Farruko Remix) [feat. DJ Snake, MØ, J Balvin & Farruko]",Major Lazer,Lean On (feat. DJ Snake & MØ) [Remixes Extended],HK,china,itunes,電子音樂,電子音樂,热带电子节拍与拉丁韵律交织，MØ空灵的声线穿梭于厚重低音与合成器铺陈之间，J Balvin与Farruko以西班牙语说唱注入加勒比海般的炽热能量，适合夏夜派对或公路驰骋时释放身心。,United States,US,artist_origin_hint,HK,corrected_to_other_country,artist override or known artist origin -> US,https://music.apple.com/hk/album/lean-on-j-balvin-farruko-remix-feat-dj-snake-m%C3%B8-j-balvin/1759267929?i=1759267931&uo=4
itunes_1440807030,Good Time,Owl City & Carly Rae Jepsen,The Midsummer Station,HK,china,itunes,流行樂,流行樂,輕快明亮的合成器流行曲，電子節拍躍動如夏日氣泡，男女聲線交織出無憂無慮的歡愉感。適合公路旅行、朋友聚會或需要提振精神的午後時光，洋溢著2010年代初期電音流行的清爽活力。,United States,US,artist_origin_hint,HK,corrected_to_other_country,artist override or known artist origin -> US,https://music.apple.com/hk/album/good-time/1440806223?i=1440807030&uo=4
itunes_1557239944,PATCHWERK,Sub Urban & Two Feet,PATCHWERK - Single,HK,china,itunes,另類音樂,另類音樂,低沉合成器與破碎節拍交織，營造出迷離而壓抑的氛圍。陰鬱電子音色貫穿全曲，適合深夜獨處或城市夜行時聆聽，帶有2020年代另類電子的冷冽質感。,United States,US,artist_origin_hint,HK,corrected_to_other_country,artist override or known artist origin -> US,https://music.apple.com/hk/album/patchwerk/1557239942?i=1557239944&uo=4
itunes_1759267936,Lean On (Fono Remix) [feat. DJ Snake & MØ],Major Lazer,Lean On (feat. DJ Snake & MØ) [Remixes Extended],HK,china,itunes,電子音樂,電子音樂,輕快電子節拍與層次分明的合成器鋪陳，Fono Remix為這首2015年熱門單曲注入更為緊湊的舞池能量，人聲切片與低頻律動交織，適合夜跑、派對暖場或週末午後的放鬆時刻。,United States,US,artist_origin_hint,HK,corrected_to_other_country,artist override or known artist origin -> US,https://music.apple.com/hk/album/lean-on-fono-remix-feat-dj-snake-m%C3%B8/1759267929?i=1759267936&uo=4
itunes_531484529,Whistle,Flo Rida,Wild Ones,HK,china,itunes,Hip-Hop/Rap,Hip-Hop/Rap,轻快的口哨旋律贯穿全曲，搭配嘻哈节拍与电子合成器铺底，Flo Rida以慵懒随性的说唱营造出夏日派对的松弛氛围，适合驾车出游或朋友聚会时播放。,United States,US,artist_origin_hint,HK,corrected_to_other_country,artist override or known artist origin -> US,https://music.apple.com/hk/album/whistle/531484446?i=531484529&uo=4
itunes_1444102942,尋找一千遍,Mr.,If I Am…,HK,china,itunes,廣東歌/香港流行樂,廣東歌/香港流行樂,這首2009年香港樂隊Mr.的作品，以電吉他與鼓組為骨架，帶有典型粵語流行搖滾的熱血質地。主唱嗓音粗獷而富爆發力，副歌旋律激昂，適合駕車夜行或獨處時釋放情緒，整體散發千禧年代港式樂隊的堅毅與追尋感。,Hong Kong,HK,genre_or_metadata_hint,HK,confirmed_china_family,genre/label/tags/description evidence -> HK,https://music.apple.com/hk/album/%E5%B0%8B%E6%89%BE%E4%B8%80%E5%8D%83%E9%81%8D/1444102681?i=1444102942&uo=4
itunes_1434429737,Orbit,Nao,Saturn,HK,china,itunes,R&B/騷靈樂,R&B/騷靈樂,霓虹都市的深夜，Nao以氣聲與轉音織就一張R&B星圖。合成器鋪底如土星環緩緩旋轉，節拍沉穩內斂，適合獨自駕車穿越海港隧道時聆聽，讓孤獨化為一種溫柔的漂浮。,United Kingdom,GB,artist_origin_hint,HK,corrected_to_other_country,artist override or known artist origin -> GB,https://music.apple.com/hk/album/orbit/1434429541?i=1434429737&uo=4
itunes_1789859474,Beautiful Now (feat. Jon Bellion) [Mixed],Zedd,Zedd in the Park 2024 (DJ Mix),HK,china,itunes,舞曲,舞曲,明亮合成器铺底搭配跃动节拍，Jon Bellion 的人声切片穿插其中，整体呈现 2010 年代后期 EDM 的昂扬能量。适合户外音乐节傍晚时分随人群律动，或驾驶途中提振心绪，电子舞曲的华丽 Drop 与抒情旋律交织，释放即时欢愉。,Germany,DE,artist_origin_hint,HK,corrected_to_other_country,artist override or known artist origin -> DE,https://music.apple.com/hk/album/beautiful-now-feat-jon-bellion-mixed/1789859208?i=1789859474&uo=4
itunes_355161005,Everytime We Touch,卡絲卡達樂團,Everytime We Touch (Premium Edition),HK,china,itunes,舞曲,舞曲,强劲电子节拍铺陈出2000年代中期的舞池能量，合成器音色明亮锐利，副歌旋律极具穿透力，适合夜跑、健身或派对暖场时聆听，让人不自觉跟随节奏摆动身体。,Germany,DE,artist_origin_hint,HK,corrected_to_other_country,artist override or known artist origin -> DE,https://music.apple.com/hk/album/everytime-we-touch/355160987?i=355161005&uo=4
itunes_1784568482,The day after the rain,Nolar,The day after the rain - Single,HK,china,itunes,Hip-Hop/Rap,Hip-Hop/Rap,雨后初晴的清爽气息渗入节拍，Nolar以松弛的Hip-Hop律动铺展城市街景，合成器音色温润如积水倒影，适合独处窗边或夜间漫步时聆听。,,,itunes_storefront_china_review,HK,rejected_china_storefront_needs_review,China-family iTunes storefront only; no strong artist or metadata evidence,https://music.apple.com/hk/album/the-day-after-the-rain/1784568481?i=1784568482&uo=4
itunes_930744757,Chalkboard,Jóhann Jóhannsson,The Theory of Everything (Original Motion Picture Soundtrack),HK,china,itunes,原聲配樂,原聲配樂,鋼琴與弦樂交織出清冷而內斂的氛圍，如同粉筆劃過黑板的細碎聲響，帶著北歐極簡主義的疏離感。適合深夜獨處、閱讀或凝視窗外時靜靜聆聽，讓思緒隨音符緩緩沉澱。,Iceland,IS,artist_origin_hint,HK,corrected_to_other_country,artist override or known artist origin -> IS,https://music.apple.com/hk/album/chalkboard/930744739?i=930744757&uo=4
itunes_854917495,Electric Shock,f(x),Electric Shock - EP,HK,china,itunes,搖滾,搖滾,电流般的合成器脉冲贯穿全曲，强劲鼓点与电子音效交织出高能量舞曲骨架，适合在运动或派对场景中释放活力。2012年代初的韩式电子流行风格，以锋利人声切片与机械感节拍营造出未来感十足的听觉冲击。,South Korea,KR,artist_origin_hint,HK,corrected_to_other_country,artist override or known artist origin -> KR,https://music.apple.com/hk/album/electric-shock/854917461?i=854917495&uo=4
itunes_6770693176,ZENITH,Ogryzek,ZENITH - EP,HK,china,itunes,Electronica,Electronica,冷冽电子合成器层层攀升，如都市午夜霓虹倒映玻璃幕墙，节奏精密而疏离，适合独处时沉浸于未来感声景。,Poland,PL,artist_origin_hint,HK,corrected_to_other_country,artist override or known artist origin -> PL,https://music.apple.com/hk/album/zenith/6770693175?i=6770693176&uo=4
itunes_1620037278,Love You Back,Madeon,Love You Back - Single,HK,china,itunes,舞曲,舞曲,明亮跃动的电子舞曲节拍层层推进，合成器音色如霓虹般流转，副歌段落充满跃升的能量，适合夜行通勤或周末聚会时提振心绪。,France,FR,artist_origin_hint,HK,corrected_to_other_country,artist override or known artist origin -> FR,https://music.apple.com/hk/album/love-you-back/1620037277?i=1620037278&uo=4
itunes_518564086,Alone,SISTAR,Alone,HK,china,itunes,韓國流行樂,韓國流行樂,电子合成器铺陈出迷离夜色的底色，SISTAR以醇厚声线演绎都市独处时刻。中板节奏搭配R&B曲式，2012年韩流全盛期的精致制作，适合深夜车窗外的霓虹倒影或独处时的情绪沉淀。,South Korea,KR,genre_or_metadata_hint,HK,corrected_to_other_country,genre/label/tags/description evidence -> KR,https://music.apple.com/hk/album/alone/518563970?i=518564086&uo=4
itunes_1444102773,無謂再假,Mr.,If I Am…,HK,china,itunes,廣東歌/香港流行樂,廣東歌/香港流行樂,這首2009年的粵語搖滾作品以電吉他與鼓組為骨架，主唱嗓音帶有港式流行的滄桑張力，適合深夜獨處時反覆咀嚼歌詞裡的疏離與釋然。編曲簡練而情緒飽滿，是港樂黃金末期仍堅持樂隊精神的誠實之作。,Hong Kong,HK,genre_or_metadata_hint,HK,confirmed_china_family,genre/label/tags/description evidence -> HK,https://music.apple.com/hk/album/%E7%84%A1%E8%AC%82%E5%86%8D%E5%81%87/1444102681?i=1444102773&uo=4
itunes_216653013,Built to Last,Mêlée,Devils & Angels,SG,china,itunes,Pop,Pop,明亮钢琴与吉他交织出千禧年中期的流行摇滚底色，副歌旋律昂扬真挚，适合通勤途中或午后咖啡时光独自聆听，带着世纪初电台黄金时代的温暖质感。,Singapore,SG,itunes_storefront,SG,corrected_to_other_country,non-China iTunes storefront retained -> SG,https://music.apple.com/sg/album/built-to-last/216653006?i=216653013&uo=4
itunes_1536589496,Catalyst,Raphael Low,Catalyst - Single,SG,china,itunes,Punk,Punk,急促的吉他扫弦与强劲的鼓点交织，呈现出典型的朋克能量。Raphael Low以简洁有力的编曲营造出直率而充满冲动的氛围，适合在需要释放情绪的深夜独自聆听，或是通勤路上唤醒沉睡的感官。2020年的发行时间让这份躁动带有当代都市的锐利质感。,Singapore,SG,itunes_storefront,SG,corrected_to_other_country,non-China iTunes storefront retained -> SG,https://music.apple.com/sg/album/catalyst/1536589494?i=1536589496&uo=4
itunes_1578029298,PMA (feat. Pale Waves),All Time Low,PMA (feat. Pale Waves) - Single,SG,china,itunes,Alternative,Alternative,明亮吉他 riff 驱动整首曲目，合成器铺底营造开阔氛围，男女声交替演唱带来轻快对话感。副歌旋律抓耳，鼓点利落推进，适合夏日通勤或周末驾车时播放，释放积极能量。2021 年的制作让流行朋克底色融入当代另类摇滚光泽，既保有青春躁动，又不失精致层次。,Singapore,SG,itunes_storefront,SG,corrected_to_other_country,non-China iTunes storefront retained -> SG,https://music.apple.com/sg/album/pma-feat-pale-waves/1578029289?i=1578029298&uo=4
itunes_1440946662,A Decade Under the Influence,Taking Back Sunday,Where You Want To Be,SG,china,itunes,Alternative,Alternative,急促的双吉他交织着情绪化的呐喊，2000年代初期美式另类摇滚的典型张力在此倾泻而出。适合深夜独处时回放那些未完成的对话，让失真的音墙承接住所有无处安放的躁动与回望。,United States,US,genre_or_metadata_hint,SG,corrected_to_other_country,genre/label/tags/description evidence -> US,https://music.apple.com/sg/album/a-decade-under-the-influence/1440945815?i=1440946662&uo=4
itunes_324915357,Jenny,The Click Five,Modern Minds and Pastimes (Deluxe Version),SG,china,itunes,Pop,Pop,明亮吉他扫弦搭配轻快鼓点，千禧年中段典型的美式流行摇滚质感，副歌旋律线条简洁上口，适合午后通勤或窗边发呆时循环播放，带着一点青涩恋爱故事的元气氛围。,United States,US,genre_or_metadata_hint,SG,corrected_to_other_country,genre/label/tags/description evidence -> US,https://music.apple.com/sg/album/jenny/324915355?i=324915357&uo=4
itunes_1565624318,Kids In the Dark,All Time Low,Future Hearts,SG,china,itunes,Rock,Rock,明亮电吉他铺陈青春能量，鼓点利落推进，副歌旋律昂扬抓耳，适合傍晚通勤或深夜独处时循环，带着2010年代流行摇滚特有的热血与温柔。,Singapore,SG,itunes_storefront,SG,corrected_to_other_country,non-China iTunes storefront retained -> SG,https://music.apple.com/sg/album/kids-in-the-dark/1565624074?i=1565624318&uo=4
itunes_77811698,Just the Girl,The Click Five,Greetings from Imrie House,SG,china,itunes,Alternative,Alternative,明亮吉他驱动的新世纪中期另类流行摇滚，活力四射的鼓点与朗朗上口的副歌交织，适合夏日公路旅行或青春校园场景重温。主唱清亮声线搭配层次丰富的和声，传递出青涩而直白的浪漫悸动，千禧年初美式车库乐队风潮的清新回响。,United States,US,genre_or_metadata_hint,SG,corrected_to_other_country,genre/label/tags/description evidence -> US,https://music.apple.com/sg/album/just-the-girl/77811871?i=77811698&uo=4
itunes_1454008470,Screaming Infidelities,Dashboard Confessional,The Places You Have Come to Fear the Most,SG,china,itunes,Alternative,Alternative,一把原声吉他开场，弦音清澈而脆弱，随即汇入情绪饱满的独立摇滚编制。主唱嗓音私密如日记独白，在2000年代初的Emo浪潮中刻下深夜独白的印记，适合熄灯后独自 replay 的疗伤时刻。,Singapore,SG,itunes_storefront,SG,corrected_to_other_country,non-China iTunes storefront retained -> SG,https://music.apple.com/sg/album/screaming-infidelities/1454007864?i=1454008470&uo=4
itunes_402053049,The River (feat. M. Shadows and Synyster Gates),Good Charlotte,Good Charlotte Greatest Hits,SG,china,itunes,Alternative,Alternative,双吉他交织出汹涌的激流，鼓点如心跳般撞击胸腔，副歌处爆发式的合唱让人不自觉握紧拳头。适合深夜独处时释放积压的情绪，或是驾车穿越城市霓虹时放大内心的波澜。,Singapore,SG,itunes_storefront,SG,corrected_to_other_country,non-China iTunes storefront retained -> SG,https://music.apple.com/sg/album/the-river-feat-m-shadows-and-synyster-gates/402052640?i=402053049&uo=4
itunes_324915367,Empty,The Click Five,Modern Minds and Pastimes (Deluxe Version),SG,china,itunes,Pop,Pop,清亮的吉他扫弦与合成器铺底交织，鼓点干脆利落，副歌旋律朗朗上口，带着2000年代中期美式流行摇滚的明亮质感。适合午后驾车或周末整理房间时播放，青春气息扑面而来，怀旧却不沉重。,United States,US,genre_or_metadata_hint,SG,corrected_to_other_country,genre/label/tags/description evidence -> US,https://music.apple.com/sg/album/empty/324915355?i=324915367&uo=4
itunes_206963208,Perfect,Simple Plan,"No Pads, No Helmets... Just Balls (Bonus Track)",SG,china,itunes,Rock,Rock,这首千禧年初的流行摇滚以明亮电吉他驱动，鼓点干脆利落，副歌旋律朗朗上口，适合通勤路上或朋友聚会时播放，带着青春期特有的直率能量与不加修饰的真诚。,Singapore,SG,itunes_storefront,SG,corrected_to_other_country,non-China iTunes storefront retained -> SG,https://music.apple.com/sg/album/perfect/206963061?i=206963208&uo=4
itunes_355446245,Cancer,My Chemical Romance,The Black Parade (Deluxe Version),SG,china,itunes,Alternative,Alternative,钢琴前奏如叹息般低回，随后爆发为磅礴的吉他音墙与撕裂人声，交织成一首关于脆弱与告别的摇滚挽歌。适合深夜独处时直面内心暗涌的情绪浪潮。,Singapore,SG,itunes_storefront,SG,corrected_to_other_country,non-China iTunes storefront retained -> SG,https://music.apple.com/sg/album/cancer/355446080?i=355446245&uo=4
itunes_77811712,Catch Your Wave,The Click Five,Greetings from Imrie House,SG,china,itunes,Alternative,Alternative,明亮吉他扫弦搭配流畅贝斯线条，千禧年代中期美式另类摇滚的清爽气息扑面而来。合成器点缀增添梦幻质感，适合午后驾车或夏夜漫步时单曲循环，青春张力与旋律性兼具。,United States,US,genre_or_metadata_hint,SG,corrected_to_other_country,genre/label/tags/description evidence -> US,https://music.apple.com/sg/album/catch-your-wave/77811871?i=77811712&uo=4
itunes_76159749,Grand Theft Autumn / Where Is Your Boy,Fall Out Boy,Take This to Your Grave,SG,china,itunes,Alternative,Alternative,这首曲目以充沛的吉他能量与情绪化的副歌线条，勾勒出2000年代初美国另类摇滚的典型轮廓。中快节奏的鼓点推动着略带自嘲的青春叙事，适合独处时回放或与朋友驾车夜行。失真吉他与清晰人声的交织，既保留了朋克的冲劲，又流露出流行化的旋律野心。,United States,US,genre_or_metadata_hint,SG,corrected_to_other_country,genre/label/tags/description evidence -> US,https://music.apple.com/sg/album/grand-theft-autumn-where-is-your-boy/76160059?i=76159749&uo=4
itunes_355446335,Disenchanted,My Chemical Romance,The Black Parade (Deluxe Version),SG,china,itunes,Alternative,Alternative,钢琴前奏如旧梦低语，继而涌起层层吉他音墙与戏剧化鼓点，主唱嗓音在压抑与爆发间游走。这首2000年代中期的另类摇滚作品，适合深夜独处时重温青春里那些未曾熄灭的倔强与怅惘。,Singapore,SG,itunes_storefront,SG,corrected_to_other_country,non-China iTunes storefront retained -> SG,https://music.apple.com/sg/album/disenchanted/355446080?i=355446335&uo=4
itunes_171183780,I Think God Can Explain,Splender,Halfway Down the Sky,SG,china,itunes,Alternative,Alternative,九十年代末另类摇滚气息，清亮吉他铺陈与内敛人声交织，适合独处时沉入思绪的黄昏时刻。,Singapore,SG,itunes_storefront,SG,corrected_to_other_country,non-China iTunes storefront retained -> SG,https://music.apple.com/sg/album/i-think-god-can-explain/171183510?i=171183780&uo=4
itunes_684954534,Vegas Lights,Panic! At the Disco,"Too Weird to Live, Too Rare to Die!",SG,china,itunes,Alternative,Alternative,霓虹脉冲穿透合成器音墙，鼓机与贝斯线编织出午夜都市的流动光影。这张2013年的另类流行唱片以电子摇滚为底色，适合车窗降下、穿行高架桥时的 solitary drive，或是派对散场后独自吞咽汽水的清醒时刻。,Singapore,SG,itunes_storefront,SG,corrected_to_other_country,non-China iTunes storefront retained -> SG,https://music.apple.com/sg/album/vegas-lights/684954402?i=684954534&uo=4
itunes_438829898,This Song Saved My Life,Simple Plan,Get Your Heart On! (Deluxe Version),SG,china,itunes,Pop,Pop,明亮电吉他铺底，流行朋克节奏轻快跃动，副歌旋律直白昂扬，适合通勤路上或深夜独处时循环，带着2010年代初的青涩热忱与电台友好气质。,Singapore,SG,itunes_storefront,SG,corrected_to_other_country,non-China iTunes storefront retained -> SG,https://music.apple.com/sg/album/this-song-saved-my-life/438829860?i=438829898&uo=4
itunes_330867420,I Swear This Time I Mean It,Mayday Parade,Anywhere But Here,SG,china,itunes,Alternative,Alternative,明亮吉他 riff 铺陈出典型 2000 年代末流行朋克底色，情绪饱满的人声在副歌处层层堆叠，适合深夜独处时回放青春里的遗憾与冲动。,Singapore,SG,itunes_storefront,SG,corrected_to_other_country,non-China iTunes storefront retained -> SG,https://music.apple.com/sg/album/i-swear-this-time-i-mean-it/330867080?i=330867420&uo=4
itunes_1440797627,Hakka,Kinoko Teikoku,Nekoto Allergie,CN,china,itunes,摇滚,摇滚,蘑菇帝国以朦胧吉他音墙包裹女声吟唱，营造梦幻而略带忧郁的氛围。这首作品延续乐队标志性的盯鞋摇滚美学，层层失真与清澈旋律交织，适合独处时沉浸聆听。2015年的发行捕捉了东亚独立摇滚黄金期的细腻张力。,Japan,JP,artist_origin_hint,CN,corrected_to_other_country,artist override or known artist origin -> JP,https://music.apple.com/cn/album/hakka/1440797361?i=1440797627&uo=4
itunes_1440789592,Hakka,CreepHyp,Sekaikan,CN,china,itunes,摇滚,摇滚,CreepHyp的《Hakka》以摇滚为骨架，吉他 riff 利落干脆，鼓点推进带着日系独立摇滚的粗粝能量。人声介于呐喊与低吟之间，适合深夜独处或通勤途中需要一点躁动的时刻，整体气质偏向2010年代中期的东亚地下摇滚场景。,Japan,JP,artist_origin_hint,CN,corrected_to_other_country,artist override or known artist origin -> JP,https://music.apple.com/cn/album/hakka/1440789582?i=1440789592&uo=4
itunes_1304376472,Hakka,Polaris,Hikaru Oto - EP,CN,china,itunes,另类音乐,另类音乐,清冽的合成器音色如流光倾泻，电子节拍与氛围音墙交织出2010年代另类电子的冷冽质感。适合深夜独处或城市漫游时聆听，让疏离而明亮的旋律在寂静中铺展成一片极光。,Japan,JP,artist_origin_hint,CN,corrected_to_other_country,artist override or known artist origin -> JP,https://music.apple.com/cn/album/hakka/1304376167?i=1304376472&uo=4
itunes_1659561084,一起来唱客家歌,黄镇炘,散步,CN,china,itunes,台湾流行音乐,台湾流行音乐,轻快明亮的台湾流行曲风，以亲切的人声引领合唱氛围，钢琴与轻打击乐铺陈温暖底色，适合午后散步或家庭聚会时随性跟唱，传递质朴欢愉的生活气息。,Taiwan,TW,genre_or_metadata_hint,CN,confirmed_china_family,genre/label/tags/description evidence -> TW,https://music.apple.com/cn/album/%E4%B8%80%E8%B5%B7%E6%9D%A5%E5%94%B1%E5%AE%A2%E5%AE%B6%E6%AD%8C/1659561083?i=1659561084&uo=4
itunes_1729531743,Hakka,Konomi Suzuki,Hakka - Single,CN,china,itunes,动画,动画,鈴木このみ的《Hakka》以動畫主題曲的敘事張力為骨架，鋼琴與弦樂鋪陳出東方色彩的遼闊音場，副歌處爆發的搖滾編制與清透高音交織，適合深夜追番後反覆迴盪的熱血與蒼涼。,Japan,JP,genre_or_metadata_hint,CN,corrected_to_other_country,genre/label/tags/description evidence -> JP,https://music.apple.com/cn/album/hakka/1729531736?i=1729531743&uo=4
itunes_1444406604,Hakka,CreepHyp,Hakka - Single,CN,china,itunes,摇滚,摇滚,CreepHyp以《Hakka》释放出充满张力的日式摇滚能量，吉他riff利落干脆，鼓点推进感强烈，人声在躁动与克制间游走。适合深夜独行或城市通勤时聆听，带着2010年代中期独立摇滚的粗粝质感。,Japan,JP,artist_origin_hint,CN,corrected_to_other_country,artist override or known artist origin -> JP,https://music.apple.com/cn/album/hakka/1444406317?i=1444406604&uo=4
itunes_1655784968,Hakka (Game Version),Karen Hojo (CV: Mai Fuchigami),The Idolm@ster Cinderella Master 021-030 Game Version,CN,china,itunes,动画,动画,轻快明亮的电子编曲铺陈出偶像舞台的跃动感，合成器与电子鼓点交织出典型的当代动画游戏配乐风格，人声演绎充满活力与少女感，适合通勤途中或游戏间隙提振心情。,Japan,JP,genre_or_metadata_hint,CN,corrected_to_other_country,genre/label/tags/description evidence -> JP,https://music.apple.com/cn/album/hakka-game-version/1655784960?i=1655784968&uo=4
itunes_1695266595,Hakka,新亜並行空間,Theory of Mind,CN,china,itunes,J-Pop,J-Pop,清透合成器铺底交织电子节拍，旋律线条带有J-Pop的精致流行质感，在虚实之间营造出未来都市的霓虹氛围，适合深夜独处或城市漫游时聆听。,Japan,JP,genre_or_metadata_hint,CN,corrected_to_other_country,genre/label/tags/description evidence -> JP,https://music.apple.com/cn/album/hakka/1695266424?i=1695266595&uo=4
itunes_265037189,Hakka,Tenniscoats,Totemo Aimasho,CN,china,itunes,摇滚,摇滚,轻柔吉他拨弦与呢喃式人声交织，营造私密而温暖的卧室氛围。简约编曲中透出日式独立摇滚的松散质感，适合午后独处或深夜放空时聆听，如旧友在耳边低语。,Japan,JP,artist_origin_hint,CN,corrected_to_other_country,artist override or known artist origin -> JP,https://music.apple.com/cn/album/hakka/265037151?i=265037189&uo=4
itunes_1510400049,薄夏,Ohtaki Nu,その幻にふれる,CN,china,itunes,J-Pop,J-Pop,薄夏以轻盈的合成器铺底，搭配清透的女声线条，营造出夏日午后半梦半醒的朦胧氛围。电子节拍舒缓流淌，间或点缀钢琴与弦乐采样，适合独处时佩戴耳机静静聆听，让心绪随旋律慢慢沉降。,Japan,JP,genre_or_metadata_hint,CN,corrected_to_other_country,genre/label/tags/description evidence -> JP,https://music.apple.com/cn/album/%E8%96%84%E5%A4%8F/1510399691?i=1510400049&uo=4
itunes_1651380593,Hakka,Ayutthaya,Lighthouse,CN,china,itunes,另类音乐,另类音乐,低沉的合成器铺底与稀疏的打击乐交织，营造出雾霭般的氛围空间。这首另类作品以克制而深邃的音色，适合独处时沉入冥想，或作为深夜阅读的背景音墙。2022年的发行时间赋予其当代电子美学，却保留着某种东方意境的留白。,Japan,JP,artist_origin_hint,CN,corrected_to_other_country,artist override or known artist origin -> JP,https://music.apple.com/cn/album/hakka/1651380587?i=1651380593&uo=4
itunes_724614188,Spice Up Your Life,Spice Girls,Spiceworld,CN,china,itunes,英伦摇滚,英伦摇滚,这首作品以明快的流行舞曲为基底，融入英伦摇滚的吉他张力与电子合成器的缤纷色彩，五人合唱营造出热闹欢快的派对氛围，适合在通勤路上或聚会前播放，瞬间唤醒九十年代的复古活力。,United Kingdom,GB,artist_origin_hint,CN,corrected_to_other_country,artist override or known artist origin -> GB,https://music.apple.com/cn/album/spice-up-your-life/724613654?i=724614188&uo=4
itunes_1736499327,hakka,Natsu no Koe,magic hour,CN,china,itunes,J-Pop,J-Pop,清亮的合成器音色铺展于轻快节奏之上，女声演唱线条柔和通透，带着午后阳光般的慵懒与明亮。适合独处阅读或城市漫步时聆听，仿佛魔法时刻里一缕穿过树叶缝隙的夏日微风。,Japan,JP,genre_or_metadata_hint,CN,corrected_to_other_country,genre/label/tags/description evidence -> JP,https://music.apple.com/cn/album/hakka/1736498822?i=1736499327&uo=4
itunes_1039726855,発火,KEEL,R' lyeh - EP,CN,china,itunes,J-Pop,J-Pop,电子合成器铺陈出迷幻音墙，强劲鼓点与失真吉他交织成暗潮涌动的听觉空间，人声在工业质感底色上撕裂又融合，适合深夜独处时沉浸于这股东亚电子摇滚的冷冽能量。,Japan,JP,genre_or_metadata_hint,CN,corrected_to_other_country,genre/label/tags/description evidence -> JP,https://music.apple.com/cn/album/%E7%99%BA%E7%81%AB/1039726851?i=1039726855&uo=4
itunes_1801645172,HAKKA,teniwoha,NO BOY,CN,china,itunes,动画,动画,电子节奏与合成器铺陈出夜间都市的流动光影，女声线条清冷而疏离，带着动画配乐特有的戏剧张力。适合独行通勤或深夜屏幕前的沉浸式聆听，2021年的制作气息让整体音色保持锐利现代。,Japan,JP,genre_or_metadata_hint,CN,corrected_to_other_country,genre/label/tags/description evidence -> JP,https://music.apple.com/cn/album/hakka/1801644679?i=1801645172&uo=4
itunes_1656646856,Hakka,Natsu no Koe,Hakka - Single,CN,china,itunes,J-Pop,J-Pop,清透女声叠合电子合成器铺底，J-Pop旋律线条里浮动着东方五声音阶的婉转余韵，像冬日午后窗边的薄荷茶，微凉却回甘。适合独处阅读或城市夜行时单曲循环。,Japan,JP,genre_or_metadata_hint,CN,corrected_to_other_country,genre/label/tags/description evidence -> JP,https://music.apple.com/cn/album/hakka/1656646424?i=1656646856&uo=4
itunes_1379065464,This Is America,Childish Gambino,This Is America - Single,CN,china,itunes,嘻哈/说唱,嘻哈/说唱,低沉陷阱节拍与福音合唱团骤然切换，锐利歌词刺向社会现实，2018年现象级嘻哈单曲，适合深夜独处时直面复杂情绪。,United States,US,artist_origin_hint,CN,corrected_to_other_country,artist override or known artist origin -> US,https://music.apple.com/cn/album/this-is-america/1379065454?i=1379065464&uo=4
itunes_1498410620,Hakka,Kicell,Kinmirai,CN,china,itunes,J-Pop,J-Pop,清透电子音色铺陈出朦胧都市夜景，细腻合成器与柔和节拍交织，兼具J-Pop旋律感与实验气质，适合深夜独处或雨天窗边的沉浸式聆听。,Japan,JP,genre_or_metadata_hint,CN,corrected_to_other_country,genre/label/tags/description evidence -> JP,https://music.apple.com/cn/album/hakka/1498410607?i=1498410620&uo=4
itunes_1605891727,客家,たのしいマグロダンスP,次元上昇許可証パーティ​ (お母さん穴),CN,china,itunes,迷幻,迷幻,电子合成器织出迷幻音墙，低频律动如深海暗涌。2022年的这首作品将客家意象解构成未来主义声景，适合午夜独处或沉浸式的霓虹漫游。,Japan,JP,artist_origin_hint,CN,corrected_to_other_country,artist override or known artist origin -> JP,https://music.apple.com/cn/album/%E5%AE%A2%E5%AE%B6/1605890286?i=1605891727&uo=4
itunes_1738947986,Hakka,CreepHyp,送给你的花之歌,CN,china,itunes,摇滚,摇滚,CreepHyp的《Hakka》以摇滚为底，吉他 riff 利落推进，鼓点紧实有力，人声带着日系独立摇滚特有的慵懒与爆发力之间的张力。适合在通勤途中或深夜独处时播放，情绪介于躁动与沉思之间，像一束送给自己的花，粗粝却温柔。,Japan,JP,artist_origin_hint,CN,corrected_to_other_country,artist override or known artist origin -> JP,https://music.apple.com/cn/album/hakka/1738947459?i=1738947986&uo=4
itunes_1655341756,客家不平板,彭佳慧,我在客厅做的梦,CN,china,itunes,国语流行,国语流行,客家不平板以彭佳慧醇厚饱满的嗓音为骨架，铺展一幅当代国语流行的室内画卷。钢琴与弦乐交织出沉稳的叙事底色，副歌处情绪层层推升，适合独处客厅时静静聆听，感受时光在旋律中缓慢沉降。,China,CN,genre_or_metadata_hint,CN,confirmed_china_family,genre/label/tags/description evidence -> CN,https://music.apple.com/cn/album/%E5%AE%A2%E5%AE%B6%E4%B8%8D%E5%B9%B3%E6%9D%BF/1655341387?i=1655341756&uo=4
itunes_1762759188,薄荷 (Instrumental),LIX & 呼煙魔,薄荷 - Single,CN,china,itunes,嘻哈/说唱,嘻哈/说唱,清凉合成器音色如薄荷般透凉，LIX与呼煙魔以极简嘻哈节拍铺陈出夏夜漫步的松弛氛围，适合独处时佩戴耳机沉浸。,Japan,JP,artist_origin_hint,CN,corrected_to_other_country,artist override or known artist origin -> JP,https://music.apple.com/cn/album/%E8%96%84%E8%8D%B7-instrumental/1762759186?i=1762759188&uo=4
itunes_1810385666,薄荷キャンディー,KinKi Kids,KinKi Single Selection Ⅱ,CN,china,itunes,J-Pop,J-Pop,薄荷キャンディー以轻快明亮的J-Pop旋律开场，电子合成器与清脆打击乐交织出千禧年初日本流行乐的典型质感。双人声线干净透亮，副歌部分带有夏日汽水般的清甜气息，适合午后通勤或窗边发呆时聆听，整体氛围轻松不腻，像一颗含在舌尖慢慢化开的薄荷糖。,Japan,JP,genre_or_metadata_hint,CN,corrected_to_other_country,genre/label/tags/description evidence -> JP,https://music.apple.com/cn/album/%E8%96%84%E8%8D%B7%E3%82%AD%E3%83%A3%E3%83%B3%E3%83%87%E3%82%A3%E3%83%BC/1810384990?i=1810385666&uo=4
itunes_1698082301,Hakka,Final Request,The Infrastructure 1.0,CN,china,itunes,House 作品,House 作品,深沉的 House 节拍如城市地下管道般绵延推进，合成器音色冷冽而精密，适合深夜驾驶或独处时沉浸聆听，带有当代电子音乐的工业质感与空间纵深感。,,,itunes_storefront_china_review,CN,rejected_china_storefront_needs_review,China-family iTunes storefront only; no strong artist or metadata evidence,https://music.apple.com/cn/album/hakka/1698081780?i=1698082301&uo=4
itunes_715667579,Spice Up Your Life (Stent Radio Mix),Spice Girls,Spice Up Your Life (Stent Radio Mix) - EP,CN,china,itunes,国际流行,国际流行,九十年代末国际流行金曲，活力四射的舞曲节拍搭配标志性女声合唱，电子合成器与强劲鼓点交织出派对氛围，适合健身、驾车或聚会时播放，传递自信张扬的千禧年前夜能量。,United Kingdom,GB,artist_origin_hint,CN,corrected_to_other_country,artist override or known artist origin -> GB,https://music.apple.com/cn/album/spice-up-your-life-stent-radio-mix/715667187?i=715667579&uo=4
itunes_1810400035,薄荷キャンディー,KinKi Kids,薄荷キャンディー - Single,CN,china,itunes,J-Pop,J-Pop,清爽薄荷般的夏日旋律，轻快吉他与人声交织出千禧年初J-Pop特有的透明感，适合午后通勤或窗边独饮时聆听，带着一丝不甜腻的青春余韵。,Japan,JP,genre_or_metadata_hint,CN,corrected_to_other_country,genre/label/tags/description evidence -> JP,https://music.apple.com/cn/album/%E8%96%84%E8%8D%B7%E3%82%AD%E3%83%A3%E3%83%B3%E3%83%87%E3%82%A3%E3%83%BC/1810400034?i=1810400035&uo=4
itunes_509326823,"Rondo on Hakka folksong, ""Ping-Pan tune""",台湾爱乐乐团 & 洪毅全,The Voices of Taiwan 06 - Chih-Yuan Kuo & Sung-Jen Hsu,CN,china,itunes,古典,古典,回旋曲式铺展客家山歌《平板调》的质朴旋律，台湾爱乐乐团在洪毅全执棒下以饱满弦乐与木管色彩重新勾勒乡土记忆，兼具古典交响的恢弘与民谣吟唱的温婉，适合午后静读或凝望窗外山岚时聆听。,Taiwan,TW,genre_or_metadata_hint,CN,confirmed_china_family,genre/label/tags/description evidence -> TW,https://music.apple.com/cn/album/rondo-on-hakka-folksong-ping-pan-tune/509326401?i=509326823&uo=4
itunes_1689574474,Far Away (feat. Vanessa Mdee),Diamond Platnumz,A Boy From Tandale,CN,china,itunes,非洲流行,非洲流行,热带律动与斯瓦希里语吟唱交织，Vanessa Mdee的客座献声为这首东非流行曲增添慵懒磁性。电子鼓点跳跃如海岸潮汐，合成器铺陈出黄昏舞池的暧昧氛围，适合夏夜驱车或派对暖场时播放。,Tanzania,TZ,artist_origin_hint,CN,corrected_to_other_country,artist override or known artist origin -> TZ,https://music.apple.com/cn/album/far-away-feat-vanessa-mdee/1689573345?i=1689574474&uo=4
itunes_692164538,Hakka House (feat. The BBC Concert Orchestra and the UK Chinese Ensemble),Barnaby Taylor,Wild China (Original Soundtrack),CN,china,itunes,世界音乐,世界音乐,弦乐群像与东方丝竹交织，铺展一幅山野与烟火并存的听觉画卷；大编制管弦衬出辽阔，笛箫与弹拨点缀其间，适合静夜独酌或窗前远眺时聆听，让思绪随音符沉入南国村落的晨雾与暮鼓。,United Kingdom,GB,artist_origin_hint,CN,corrected_to_other_country,artist override or known artist origin -> GB,https://music.apple.com/cn/album/hakka-house-feat-the-bbc-concert-orchestra-and-the/692164467?i=692164538&uo=4
itunes_1480929452,Matorokisi,Makhadzi,Matorokisi - Single,CN,china,itunes,非洲流行,非洲流行,电子鼓点与合成器音色交织，非洲流行节拍热烈奔放，适合派对或公路旅行时播放，2019年的舞曲能量让人忍不住随之摆动。,South Africa,ZA,artist_origin_hint,CN,corrected_to_other_country,artist override or known artist origin -> ZA,https://music.apple.com/cn/album/matorokisi/1480929451?i=1480929452&uo=4
itunes_930412234,这山唱那山,马修·连恩,旅客 (台湾客翻天 原声带),CN,china,itunes,传统民谣,传统民谣,层叠山峦间，悠扬的笛声与弦乐交织出台湾客家山村的苍茫气韵，传统民谣的质朴旋律在轻缓的行进中铺展，适合独处时凝望窗外云影，或于旅途小憩间聆听土地深处的呼吸。,Canada,CA,artist_origin_hint,CN,corrected_to_other_country,artist override or known artist origin -> CA,https://music.apple.com/cn/album/%E8%BF%99%E5%B1%B1%E5%94%B1%E9%82%A3%E5%B1%B1/930412194?i=930412234&uo=4
itunes_1537766805,ゆめの世界へようこそ,"三毛門紫音(CV:蒼井翔太), 花房柳(CV:古川慎), 浅霧巳影(CV:立花慎之介), 柴咲真也(CV:山口智広), 白華時雨(CV:小林裕介), 槙千鶴(CV:土岐隼一), 志部谷幽(CV:畠中祐) & 牛若湊(CV:中島ヨシキ)",TAKE A DREAM!! (Songs Edition) - EP,CN,china,itunes,动画,动画,轻快明亮的男声合唱铺展童话般的梦幻氛围，合成器与电子节拍交织出动画风格的活力旋律，适合清晨通勤或休闲时光聆听。,Japan,JP,genre_or_metadata_hint,CN,corrected_to_other_country,genre/label/tags/description evidence -> JP,https://music.apple.com/cn/album/%E3%82%86%E3%82%81%E3%81%AE%E4%B8%96%E7%95%8C%E3%81%B8%E3%82%88%E3%81%86%E3%81%93%E3%81%9D/1537766803?i=1537766805&uo=4
itunes_1522271347,Space Hakka,Birdstriking,Birdstriking,CN,china,itunes,摇滚,摇滚,粗粝吉他 riff 撕开太空般的迷幻氛围，鼓点紧实推进，人声在失真与清亮间游走。这张同名专辑里的曲目带着2010年代北京地下摇滚的躁动气息，适合深夜独处或公路飞驰时放大音量，让噪音与旋律一同撞向 imaginary 的星际客家乡愁。,China,CN,artist_origin_hint,CN,confirmed_china_family,artist override or known artist origin -> CN,https://music.apple.com/cn/album/space-hakka/1522271128?i=1522271347&uo=4
itunes_1675286341,Nani?,ABIGAIL CHAMS & Marioo,Nani? - Single,CN,china,itunes,非洲流行,非洲流行,轻快跃动的非洲流行节拍与清甜女声交织，合成器铺底搭配打击乐营造出热带午后般的慵懒活力，适合驾车穿行城市或周末聚会时播放，2023年春日气息扑面而来。,Tanzania,TZ,artist_origin_hint,CN,corrected_to_other_country,artist override or known artist origin -> TZ,https://music.apple.com/cn/album/nani/1675286328?i=1675286341&uo=4
itunes_1810400038,I,KinKi Kids,薄荷キャンディー - Single,CN,china,itunes,J-Pop,J-Pop,清亮男声交织于轻快电子节拍之上，薄荷糖般清爽的J-Pop旋律带着千禧年初夏的透明感，适合午后通勤或窗边独饮时循环。,Japan,JP,genre_or_metadata_hint,CN,corrected_to_other_country,genre/label/tags/description evidence -> JP,https://music.apple.com/cn/album/i/1810400034?i=1810400038&uo=4
itunes_930412243,记忆之河,马修·连恩,旅客 (台湾客翻天 原声带),CN,china,itunes,传统民谣,传统民谣,悠扬的凯尔特风笛与东方弦乐交织，勾勒出一条流淌于时光深处的音乐河流。空灵的女声吟唱如雾中远山，手风琴与钢琴的应答带着旅人般的漂泊与乡愁，适合深夜独处或雨天窗边的沉思时刻。,Canada,CA,artist_origin_hint,CN,corrected_to_other_country,artist override or known artist origin -> CA,https://music.apple.com/cn/album/%E8%AE%B0%E5%BF%86%E4%B9%8B%E6%B2%B3/930412194?i=930412243&uo=4
itunes_930412239,八音布鲁斯,马修·连恩,旅客 (台湾客翻天 原声带),CN,china,itunes,传统民谣,传统民谣,八音布鲁斯以传统民谣为基底，融合布鲁斯的舒缓律动，八音盒般清澈的音色与吉他、口琴交织，营造出旅途中的淡淡乡愁。适合深夜独处或公路漫游时聆听，感受时间与记忆在旋律中缓缓流淌。,Canada,CA,artist_origin_hint,CN,corrected_to_other_country,artist override or known artist origin -> CA,https://music.apple.com/cn/album/%E5%85%AB%E9%9F%B3%E5%B8%83%E9%B2%81%E6%96%AF/930412194?i=930412239&uo=4
itunes_930412233,台湾客翻天,马修·连恩,旅客 (台湾客翻天 原声带),CN,china,itunes,传统民谣,传统民谣,悠扬的凯尔特风笛与东方五声音阶交织，铺展出一幅跨越海峡的田园音画。马修·连恩以世界音乐语汇重新诠释台湾山地民谣的质朴底色，长笛与弦乐层层叠进，如晨雾中的阿里山径，适合在旅途车窗旁或深夜独饮时聆听。,Canada,CA,artist_origin_hint,CN,corrected_to_other_country,artist override or known artist origin -> CA,https://music.apple.com/cn/album/%E5%8F%B0%E6%B9%BE%E5%AE%A2%E7%BF%BB%E5%A4%A9/930412194?i=930412233&uo=4
itunes_930412253,艺界父子情,马修·连恩,旅客 (台湾客翻天 原声带),CN,china,itunes,传统民谣,传统民谣,钢琴与弦乐交织出温润底色，客家山歌旋律如远山回音般缓缓流淌。整曲在当代编曲中保留着泥土芬芳，适合独处时聆听，让思绪随琴声漫游于梯田与云雾之间。,Canada,CA,artist_origin_hint,CN,corrected_to_other_country,artist override or known artist origin -> CA,https://music.apple.com/cn/album/%E8%89%BA%E7%95%8C%E7%88%B6%E5%AD%90%E6%83%85/930412194?i=930412253&uo=4
itunes_1873238160,再給我一次機會(客家語Hakka Song),季风Monsoon,再給我一次機會(客家語Hakka Song) - Single,CN,china,itunes,国际流行,国际流行,客家語吟唱與國際流行編織，溫潤嗓音流淌於簡約電子節拍之上。適合靜夜獨處或雨後漫步，帶著東方鄉愁的當代都會質地。,China,CN,artist_origin_hint,CN,confirmed_china_family,artist override or known artist origin -> CN,https://music.apple.com/cn/album/%E5%86%8D%E7%B5%A6%E6%88%91%E4%B8%80%E6%AC%A1%E6%A9%9F%E6%9C%83-%E5%AE%A2%E5%AE%B6%E8%AA%9Ehakka-song/1873238159?i=1873238160&uo=4
itunes_1663201807,Always Tied,"Gavis Bettel, Machina X Flayon, Banzoin Hakka & Josuiji Shinri",Always Tied - Single,CN,china,itunes,国际流行,国际流行,轻快明亮的国际流行曲风，四位男声交织出活力满满的合唱层次，电子合成器铺陈现代感底色，节奏明快的鼓点适合通勤路上或朋友聚会时播放，2023年初发行的这首单曲洋溢着青春气息与团队默契。,,,itunes_storefront_china_review,CN,rejected_china_storefront_needs_review,China-family iTunes storefront only; no strong artist or metadata evidence,https://music.apple.com/cn/album/always-tied/1663201290?i=1663201807&uo=4
itunes_930412241,义民冢,马修·连恩,旅客 (台湾客翻天 原声带),CN,china,itunes,传统民谣,传统民谣,苍茫弦乐与大地气息交织，马修·连恩以世界音乐视角重塑客家民谣底色，沉郁而辽阔。适合独处静听或旅途远眺时沉入其中。,Canada,CA,artist_origin_hint,CN,corrected_to_other_country,artist override or known artist origin -> CA,https://music.apple.com/cn/album/%E4%B9%89%E6%B0%91%E5%86%A2/930412194?i=930412241&uo=4
itunes_1818306363,Katam (feat. Bien),Diamond Platnumz,Katam (feat. Bien) - Single,CN,china,itunes,非洲流行,非洲流行,强劲节拍与抓耳旋律交织，非洲流行风格热烈奔放，电子合成器与打击乐层层推进，适合派对热舞或公路驰骋时释放能量。,Tanzania,TZ,artist_origin_hint,CN,corrected_to_other_country,artist override or known artist origin -> TZ,https://music.apple.com/cn/album/katam-feat-bien/1818306361?i=1818306363&uo=4
itunes_930412247,大树伯公下,马修·连恩,旅客 (台湾客翻天 原声带),CN,china,itunes,传统民谣,传统民谣,这首曲子以传统民谣为底色，融合当代器乐编排，吉他与人声交织出质朴温润的质感。适合午后独处或远行途中聆听，唤起对土地与归途的淡淡乡愁。,Canada,CA,artist_origin_hint,CN,corrected_to_other_country,artist override or known artist origin -> CA,https://music.apple.com/cn/album/%E5%A4%A7%E6%A0%91%E4%BC%AF%E5%85%AC%E4%B8%8B/930412194?i=930412247&uo=4
itunes_1503294412,HAKKA,TaNaBaTa,Ayame Crystal - EP,CN,china,itunes,摇滚,摇滚,TaNaBaTa的《HAKKA》以摇滚为骨架，融入电子音色与东方旋律线条，节奏利落而层次丰富。2016年发行的这首作品适合夜晚独行或城市漫游时聆听，既有地下音乐的粗粝质感，也透着霓虹般的冷冽光泽。,Japan,JP,artist_origin_hint,CN,corrected_to_other_country,artist override or known artist origin -> JP,https://music.apple.com/cn/album/hakka/1503294406?i=1503294412&uo=4
itunes_642832911,Moon (feat. Hatsune Miku) [Mikunopolis Live],iroha,"Mikunopolis in Los Angeles ""Happy to Meet You ! I'm Hatsune Miku"" (Live)",CN,china,itunes,国际流行,国际流行,电子合成器铺展清冷的月夜底色，初音未来标志性的机械嗓音在空灵的旋律线上起伏游走。现场版本的混响让虚拟歌姬的演唱更具呼吸感与空间纵深，适合深夜独处时沉浸于数字与人声交织的梦幻氛围。,Japan,JP,artist_origin_hint,CN,corrected_to_other_country,artist override or known artist origin -> JP,https://music.apple.com/cn/album/moon-feat-hatsune-miku-mikunopolis-live/642832495?i=642832911&uo=4
itunes_930412235,四大山歌王,马修·连恩,旅客 (台湾客翻天 原声带),CN,china,itunes,传统民谣,传统民谣,悠扬的客家山歌与现代编曲交织，笛声与弦乐铺展出一幅山野田园画卷，适合在旅途车窗旁或静谧夜晚聆听，感受传统民谣的质朴与深远。,Canada,CA,artist_origin_hint,CN,corrected_to_other_country,artist override or known artist origin -> CA,https://music.apple.com/cn/album/%E5%9B%9B%E5%A4%A7%E5%B1%B1%E6%AD%8C%E7%8E%8B/930412194?i=930412235&uo=4
itunes_591718295,Hakka,越山元貴,I'm A Hokkaido Man,CN,china,itunes,J-Pop,J-Pop,轻快的电子节拍铺陈出冬日北海道的开阔感，合成器音色明亮通透，副歌旋律带有J-Pop典型的昂扬线条，适合通勤途中或午后咖啡时光聆听，整体氛围清爽而略带怀旧温度。,Japan,JP,genre_or_metadata_hint,CN,corrected_to_other_country,genre/label/tags/description evidence -> JP,https://music.apple.com/cn/album/hakka/591718147?i=591718295&uo=4
itunes_1767294541,Hakka,Elekki Bran,Space Bourgeois Theater,CN,china,itunes,摇滚,摇滚,"这张唱片以""客家""为名，却置于《太空资产阶级剧场》的框架下，1995年的吉他轰鸣裹挟着另类摇滚的粗粝质感，合成器音色偶尔刺破失真音墙，像在 earth-bound 的乡土记忆与星际漫游的疏离之间拉扯，适合深夜独处时反复聆听。",Japan,JP,artist_origin_hint,CN,corrected_to_other_country,artist override or known artist origin -> JP,https://music.apple.com/cn/album/hakka/1767294537?i=1767294541&uo=4
itunes_688157258,天涯歌女 (沪语版),林宝,上海歌姬,CN,china,itunes,爵士乐,爵士乐,林宝以沪语重新演绎这首经典，慵懒爵士编曲衬着软糯方言，钢琴与萨克斯交织出霓虹旧梦，适合深夜独酌或雨天窗边的怀旧时刻。,China,CN,artist_origin_hint,CN,confirmed_china_family,artist override or known artist origin -> CN,https://music.apple.com/cn/album/%E5%A4%A9%E6%B6%AF%E6%AD%8C%E5%A5%B3-%E6%B2%AA%E8%AF%AD%E7%89%88/688157185?i=688157258&uo=4
itunes_1868956339,海风,顶楼的马戏团,"谈钞票伤感情,谈感情又伤钞票又伤感情",CN,china,itunes,国语流行,国语流行,这首作品以国语流行曲风为基底，吉他与人声交织出松弛的质感，似午后阳台上的随性弹唱。慵懒中带着市井幽默，适合独自放空或友人小聚时播放，2013年的独立气息至今听来仍鲜活如昨。,China,CN,genre_or_metadata_hint,CN,confirmed_china_family,genre/label/tags/description evidence -> CN,https://music.apple.com/cn/album/%E6%B5%B7%E9%A3%8E/1868955371?i=1868956339&uo=4
itunes_688157344,得不到的爱情 (沪语版),林宝,上海歌姬,CN,china,itunes,爵士乐,爵士乐,慵懒爵士钢琴与丝绒般的女声交织，沪语咬字为老上海风情添一抹烟火气，适合深夜独酌或雨天窗边的小酌时刻，复古摩登又亲切。,China,CN,artist_origin_hint,CN,confirmed_china_family,artist override or known artist origin -> CN,https://music.apple.com/cn/album/%E5%BE%97%E4%B8%8D%E5%88%B0%E7%9A%84%E7%88%B1%E6%83%85-%E6%B2%AA%E8%AF%AD%E7%89%88/688157185?i=688157344&uo=4
itunes_1655097276,Park 97,JOMO,JOMO,CN,china,itunes,国际流行,国际流行,电子合成器铺陈出迷离都市夜景，慵懒女声游走在House节拍之上，2009年的上海夜场气息扑面而来，适合入夜驾车或独处小酌时沉浸。,,,itunes_storefront_china_review,CN,rejected_china_storefront_needs_review,China-family iTunes storefront only; no strong artist or metadata evidence,https://music.apple.com/cn/album/park-97/1655097274?i=1655097276&uo=4
itunes_1868955715,上海,顶楼的马戏团,"谈钞票伤感情,谈感情又伤钞票又伤感情",CN,china,itunes,国语流行,国语流行,顶楼的马戏团以戏谑口吻唱出这座城市的浮华与疲惫，吉他扫弦与口语化念白交织，像深夜末班地铁里一声自嘲的轻笑。适合独自走过霓虹街巷时戴上耳机，让沪语与普通话的切换替你说出那些欲言又止的都市心事。,China,CN,genre_or_metadata_hint,CN,confirmed_china_family,genre/label/tags/description evidence -> CN,https://music.apple.com/cn/album/%E4%B8%8A%E6%B5%B7/1868955371?i=1868955715&uo=4
itunes_1868955477,上海巴子,顶楼的马戏团,"谈钞票伤感情,谈感情又伤钞票又伤感情",CN,china,itunes,国语流行,国语流行,粗粝吉他扫弦搭配市井口白，顶楼的马戏团以沪语戏谑唱尽都市小人物的窘迫与自嘲。这张2013年的作品带着地下摇滚的莽撞血气，在烟酒气弥漫的深夜排档或末班地铁里听，格外扎心又痛快。,China,CN,genre_or_metadata_hint,CN,confirmed_china_family,genre/label/tags/description evidence -> CN,https://music.apple.com/cn/album/%E4%B8%8A%E6%B5%B7%E5%B7%B4%E5%AD%90/1868955371?i=1868955477&uo=4
itunes_1784212491,White Lace,Arctic Wave,White Lace - Single,CN,china,itunes,国际流行,国际流行,清冽合成器音色如北极光般铺展，电子节拍细腻克制，人声线条通透空灵。适合深夜独处或城市夜行时聆听，2025年新作延续国际流行脉络，以简约编曲营造冷感浪漫氛围。,,,itunes_storefront_china_review,CN,rejected_china_storefront_needs_review,China-family iTunes storefront only; no strong artist or metadata evidence,https://music.apple.com/cn/album/white-lace/1784212490?i=1784212491&uo=4
itunes_1788208381,Park 97,JOMO,JOMO,CN,china,itunes,Electronica,Electronica,霓虹灯影与合成器音色交织，这首电子乐作品以冷冽节拍勾勒都市夜行图景，适合在深夜驾车或独处时聆听，2000年代中后期的氛围感扑面而来。,,,itunes_storefront_china_review,CN,rejected_china_storefront_needs_review,China-family iTunes storefront only; no strong artist or metadata evidence,https://music.apple.com/cn/album/park-97/1788208380?i=1788208381&uo=4
itunes_326382648,One Day,Matisyahu,Light,TW,china,itunes,另類音樂,另類音樂,雷鬼節拍與嘻哈律動交織，陽光般的男聲吟唱著和平願景，電吉他點綴出空靈氛圍，適合午後窗邊獨處或深夜行車時聆聽，帶有2000年代末獨立音樂的溫暖質地。,Jamaica,JM,genre_or_metadata_hint,TW,corrected_to_other_country,genre/label/tags/description evidence -> JM,https://music.apple.com/tw/album/one-day/326382373?i=326382648&uo=4
itunes_539946066,Replay (DJ Suketu's Call to Dhol Mix),Iyaz,Replay,TW,china,itunes,流行樂,流行樂,轻快的流行节拍融合南亚鼓点元素，电子合成器与dhol鼓交织出2009年舞池热潮。明亮旋律适合派对暖场或夜间通勤，热带风情与都市电音碰撞出夏日余韵。,British Virgin Islands,VG,artist_origin_hint,TW,corrected_to_other_country,artist override or known artist origin -> VG,https://music.apple.com/tw/album/replay-dj-suketus-call-to-dhol-mix/539945303?i=539946066&uo=4
itunes_1776565278,無路用的人 (feat. 滅火器 & 阿跨面),馬克SAVAGE.M,海口,TW,china,itunes,雷鬼,雷鬼,低沉贝斯线与慵懒吉他交织，雷鬼节奏松弛而笃定，台语饶舌与摇滚唱腔碰撞出街头烟火气。适合深夜独行或城市漫游时聆听，像海风混着霓虹，微醺又清醒。,Jamaica,JM,genre_or_metadata_hint,TW,corrected_to_other_country,genre/label/tags/description evidence -> JM,https://music.apple.com/tw/album/%E7%84%A1%E8%B7%AF%E7%94%A8%E7%9A%84%E4%BA%BA-feat-%E6%BB%85%E7%81%AB%E5%99%A8-%E9%98%BF%E8%B7%A8%E9%9D%A2/1776565270?i=1776565278&uo=4
itunes_6764381842,The Wall,ZJ Chrome & Teejay,Circuit Riddim,TW,china,itunes,Modern Dancehall,Modern Dancehall,低沉电子贝斯与碎拍节奏交织，合成器音色在暗色空间铺展，ZJ Chrome与Teejay的人声穿梭于舞厅回响之间。这是一首为午夜俱乐部或城市夜行设计的现代舞曲，冷冽能量中带着海岛律动的余温。,Jamaica,JM,genre_or_metadata_hint,TW,corrected_to_other_country,genre/label/tags/description evidence -> JM,https://music.apple.com/tw/album/the-wall/1895756871?i=6764381842&uo=4
itunes_6764381838,That Girl,ZJ Chrome & Spice,Circuit Riddim,TW,china,itunes,Modern Dancehall,Modern Dancehall,低沉电子贝斯与碎拍节奏交织，热带合成器音色铺展成霓虹般的舞池氛围。ZJ Chrome与Spice的人声交替推进，适合深夜派对或城市夜行时播放，现代舞厅风格鲜明，充满未来感能量。,Jamaica,JM,genre_or_metadata_hint,TW,corrected_to_other_country,genre/label/tags/description evidence -> JM,https://music.apple.com/tw/album/that-girl/1895756871?i=6764381838&uo=4
itunes_1869188544,起風的時候 (feat. 羊駝小姐),Leo王,薯條雷鬼,TW,china,itunes,華語嘻哈,華語嘻哈,輕快的華語嘻哈節拍搭上慵懶人聲，像午後陽台吹來的風。羊駝小姐的feat點綴出俏皮對話感，適合騎車穿城或公園野餐時單曲循環，薯條配雷鬼的鬆弛滋味。,China,CN,genre_or_metadata_hint,TW,confirmed_china_family,genre/label/tags/description evidence -> CN,https://music.apple.com/tw/album/%E8%B5%B7%E9%A2%A8%E7%9A%84%E6%99%82%E5%80%99-feat-%E7%BE%8A%E9%A7%9D%E5%B0%8F%E5%A7%90/1869188357?i=1869188544&uo=4
itunes_1440916656,"Kiminokotoga Sukidattanda (feat. BENI, Shuta Sueyoshi & HAN-KUN)",SPICY CHOCOLATE,SPICY CHOCOLATE Best of Love Songs,TW,china,itunes,雷鬼,雷鬼,轻快雷鬼节奏搭配男女声线交织，日系流行与加勒比风情碰撞出甜蜜化学反应，适合午后咖啡时光或都市夜行时循环播放。,Jamaica,JM,genre_or_metadata_hint,TW,corrected_to_other_country,genre/label/tags/description evidence -> JM,https://music.apple.com/tw/album/kiminokotoga-sukidattanda-feat-beni-shuta-sueyoshi/1440916643?i=1440916656&uo=4
itunes_1782838892,軌道 (feat. JinJiBeWater_隼),THE 8,THE 8 'STARDUST' 1st EP CHINA - Single,TW,china,itunes,Modern Dancehall,Modern Dancehall,低沉鼓点与热带节奏交织，JinJiBeWater_隼的客座说唱为轨道注入冷冽锋芒。适合深夜独行或城市霓虹下放空，是一首兼具舞池能量与私密情绪的当代舞曲。,China,CN,genre_or_metadata_hint,TW,confirmed_china_family,genre/label/tags/description evidence -> CN,https://music.apple.com/tw/album/%E8%BB%8C%E9%81%93-feat-jinjibewater-%E9%9A%BC/1782838884?i=1782838892&uo=4
itunes_982698238,One Love,Rockabye Baby!,Lullaby Renditions of Bob Marley,TW,china,itunes,搖籃曲,搖籃曲,轻柔的摇篮曲改编，以纯净器乐重现经典旋律，适合睡前安抚与亲子时光，营造温暖宁静的聆听氛围。,United States,US,artist_origin_hint,TW,corrected_to_other_country,artist override or known artist origin -> US,https://music.apple.com/tw/album/one-love/982698237?i=982698238&uo=4
itunes_6764381840,Woah!,ZJ Chrome & 丁冬,Circuit Riddim,TW,china,itunes,Modern Dancehall,Modern Dancehall,低沉电子贝斯与碎拍节奏交织，热带合成器音色在暗色声场中闪烁，丁冬的声线游走于旋律与说唱之间，适合深夜驾车或俱乐部低频震荡时刻，是2025年港台电子舞厅场景的新鲜切片。,Jamaica,JM,genre_or_metadata_hint,TW,corrected_to_other_country,genre/label/tags/description evidence -> JM,https://music.apple.com/tw/album/woah/1895756871?i=6764381840&uo=4
itunes_1496764259,Calling On Me,Sean Paul & Tove Lo,Calling On Me - Single,TW,china,itunes,雷鬼,雷鬼,轻快的雷鬼节奏搭配电子舞曲骨架，Sean Paul标志性的牙买加口音说唱与Tove Lo清冷的北欧嗓音交织，营造出热带夜晚般的慵懒与性感。适合派对暖场或夏夜驾车时播放，2020年初的流行跨界之作。,Jamaica,JM,genre_or_metadata_hint,TW,corrected_to_other_country,genre/label/tags/description evidence -> JM,https://music.apple.com/tw/album/calling-on-me/1496764247?i=1496764259&uo=4
itunes_6768879248,Steam (Reimagined),Solpulse,This Music Contains Divine Frequencies,TW,china,itunes,雷鬼,雷鬼,轻柔电子音色与雷鬼节奏交织，如午后蒸汽缓缓升腾。慵懒节拍适合独处放松或深夜驾车，合成器铺底营造出迷幻而温暖的氛围，仿佛置身热带露台眺望城市灯火。,Jamaica,JM,genre_or_metadata_hint,TW,corrected_to_other_country,genre/label/tags/description evidence -> JM,https://music.apple.com/tw/album/steam-reimagined/6768879234?i=6768879248&uo=4
itunes_1508421425,Grand Blue,Shonan no Kaze,Shounanno Kaze - Ichigoichie,TW,china,itunes,日本流行樂,日本流行樂,夏日海風般的輕快節拍，融合日系流行的明亮旋律與雷鬼元素的慵懶律動，適合駕車沿海岸線馳騁或午後陽台小酌時播放。人聲爽朗帶點街頭隨性，電吉他與合成器交織出2010年代後半的東洋都會氣息。,Jamaica,JM,genre_or_metadata_hint,TW,corrected_to_other_country,genre/label/tags/description evidence -> JM,https://music.apple.com/tw/album/grand-blue/1508421414?i=1508421425&uo=4
itunes_1443416716,Zutto (feat. HAN-KUN & TEE),SPICY CHOCOLATE,Shibuya Ragga Sweet Collection 2,TW,china,itunes,雷鬼,雷鬼,轻快雷鬼节奏交织甜美人声，夏日午后阳光般的慵懒氛围，适合海边漫步或都市夜游的放松时刻。铜管点缀与电子音效碰撞出涩谷街头的摩登风情，三位歌手交替吟唱更添层次感。,Jamaica,JM,genre_or_metadata_hint,TW,corrected_to_other_country,genre/label/tags/description evidence -> JM,https://music.apple.com/tw/album/zutto-feat-han-kun-tee/1443416428?i=1443416716&uo=4
itunes_1589462217,Dynamite (feat. Sia),Sean Paul,Dynamite (feat. Sia) - Single,TW,china,itunes,流行樂,流行樂,电子舞曲节奏碰撞雷鬼动感，Sean Paul标志性沙哑声线与Sia爆发力十足的副歌交织，2021年发行的这首流行单曲适合夜跑、派对暖场或通勤时提振精神，热带能量与流行旋律的跨界融合。,Jamaica,JM,genre_or_metadata_hint,TW,corrected_to_other_country,genre/label/tags/description evidence -> JM,https://music.apple.com/tw/album/dynamite-feat-sia/1589462208?i=1589462217&uo=4
itunes_1737759392,海岸,馬克SAVAGE.M,海岸 - Single,TW,china,itunes,雷鬼,雷鬼,慵懒的雷鬼节奏裹挟着海风气息，电吉他与贝斯线条如浪花般层层推叠，营造出黄昏海岸边随性摇摆的松弛氛围，适合驾车沿海公路或夏日露台小酌时播放。,Jamaica,JM,genre_or_metadata_hint,TW,corrected_to_other_country,genre/label/tags/description evidence -> JM,https://music.apple.com/tw/album/%E6%B5%B7%E5%B2%B8/1737759391?i=1737759392&uo=4
itunes_972146740,Painting Silhouettes (Todd Simons Flugelhorn Edit),Quantic,Spark It (feat. Shinehead),TW,china,itunes,Modern Dancehall,Modern Dancehall,温润的 flugelhorn 铜管音色如暮色中流淌的剪影，在 Modern Dancehall 的轻快节拍上铺展一层慵懒的都市氛围。适合傍晚驾车或露台独酌时聆听，让东亚海岛的微醺晚风穿透旋律缝隙。,Jamaica,JM,genre_or_metadata_hint,TW,corrected_to_other_country,genre/label/tags/description evidence -> JM,https://music.apple.com/tw/album/painting-silhouettes-todd-simons-flugelhorn-edit/972146583?i=972146740&uo=4
itunes_1503496180,Calling on Me,Sean Paul & Tove Lo,Calling on Me - EP,TW,china,itunes,雷鬼,雷鬼,轻快的雷鬼节拍搭配电子舞曲的明亮质感，Sean Paul标志性的沙哑嗓音与Tove Lo清冷的流行唱腔交织出热带夜色的慵懒氛围。适合周五傍晚驱车沿海、或夏日露台小酌时播放，让2020年初春的这份节奏感唤醒身体律动。,Jamaica,JM,genre_or_metadata_hint,TW,corrected_to_other_country,genre/label/tags/description evidence -> JM,https://music.apple.com/tw/album/calling-on-me/1503495782?i=1503496180&uo=4
itunes_263161421,Beautiful Girls,Sean Kingston,Beautiful Girls - EP,TW,china,itunes,R&B/靈魂樂,R&B/靈魂樂,轻快雷鬼节拍揉合流行旋律， Sean Kingston 以慵懒唱腔唱出夏日恋曲的甜蜜与酸涩。合成器铺底搭配电子鼓点，千禧年中后期电台黄金时代的典型声音，适合午后驾车或海滩聚会时随性播放。,Jamaica,JM,genre_or_metadata_hint,TW,corrected_to_other_country,genre/label/tags/description evidence -> JM,https://music.apple.com/tw/album/beautiful-girls/263161419?i=263161421&uo=4
itunes_1442894443,Happy Tears (feat. Che'Nelle & MACO),SPICY CHOCOLATE,Shibuya Jyunai Monogatari,TW,china,itunes,雷鬼,雷鬼,轻快雷鬼节拍铺底，女声对唱交织着日系流行光泽，适合夏夜散步或车窗降下的城市漫游，甜中带涩的青春气息扑面而来。,Jamaica,JM,genre_or_metadata_hint,TW,corrected_to_other_country,genre/label/tags/description evidence -> JM,https://music.apple.com/tw/album/happy-tears-feat-chenelle-maco/1442893857?i=1442894443&uo=4
itunes_1440655153,S.O.S. (Edited Version),Rihanna,A Girl Like Me,TW,china,itunes,流行樂,流行樂,这首2006年发行的流行曲以紧凑的电子节拍铺底，合成器音色明亮锐利，副歌部分张力十足，适合夜晚驾驶或健身时播放，整体散发着千禧年中期的都市舞曲能量。,Barbados,BB,artist_origin_hint,TW,corrected_to_other_country,artist override or known artist origin -> BB,https://music.apple.com/tw/album/s-o-s-edited-version/1440654907?i=1440655153&uo=4
itunes_539946052,So Big,Iyaz,Replay,TW,china,itunes,流行樂,流行樂,轻快的电子节拍铺陈出夏日海滩的慵懒氛围，Iyaz以温润的嗓音吟唱青春恋曲，合成器琶音与弹跳鼓点交织出2010年代初加勒比流行乐的明媚质感，适合午后驾车或派对暖场时聆听。,British Virgin Islands,VG,artist_origin_hint,TW,corrected_to_other_country,artist override or known artist origin -> VG,https://music.apple.com/tw/album/so-big/539945303?i=539946052&uo=4
itunes_1485339451,Eternal Light,Free Nationals & Chronixx,Free Nationals,TW,china,itunes,R&B/靈魂樂,R&B/靈魂樂,溫暖的電吉他與鬆弛的節奏鋪陳出慵懶午後的氛圍，靈魂樂唱腔帶著加勒比海風的陽光質地，適合窗邊獨飲或深夜獨處時反覆播放。,Jamaica,JM,artist_origin_hint,TW,corrected_to_other_country,artist override or known artist origin -> JM,https://music.apple.com/tw/album/eternal-light/1485339428?i=1485339451&uo=4
itunes_1733431227,You,808,You - Single,TW,china,itunes,雷鬼,雷鬼,808 的《You》以慵懒松弛的雷鬼律动为基底，吉他扫弦与贝斯线条交织出热带海滨的湿润气息，适合深夜独处或周末午后随节奏轻摆，是 2024 年初华语乐坛一抹难得的岛屿风情。,China,CN,genre_or_metadata_hint,TW,confirmed_china_family,genre/label/tags/description evidence -> CN,https://music.apple.com/tw/album/you/1733430942?i=1733431227&uo=4
itunes_539946051,Solo,Iyaz,Replay,TW,china,itunes,流行樂,流行樂,輕快電子節拍鋪底，Iyaz 以溫暖嗓音唱出都會夜遊的孤獨與灑脫，合成器音色帶有2010年代初島嶼流行樂的明亮質感，適合深夜駕車或獨處時循環播放。,British Virgin Islands,VG,artist_origin_hint,TW,corrected_to_other_country,artist override or known artist origin -> VG,https://music.apple.com/tw/album/solo/539945303?i=539946051&uo=4
itunes_1442894126,I Miss You (feat. Shota Shimizu),SPICY CHOCOLATE,Shibuya Jyunai Monogatari,TW,china,itunes,雷鬼,雷鬼,轻快的雷鬼节奏搭配温润男声，都市夜晚的车流霓虹随反拍吉他流淌，适合夏末窗边独酌或深夜驾车穿行灯火阑珊的街道。,Jamaica,JM,genre_or_metadata_hint,TW,corrected_to_other_country,genre/label/tags/description evidence -> JM,https://music.apple.com/tw/album/i-miss-you-feat-shota-shimizu/1442893857?i=1442894126&uo=4
itunes_1440655444,P.S. (I'm Still Not Over You),Rihanna,A Girl Like Me,TW,china,itunes,流行樂,流行樂,溫柔鋼琴與節奏藍調節拍交織，千禧年中期的都會情歌質感。Rihanna 早期標誌性的沙啞嗓音在副歌處層層推進，適合深夜獨處時反覆聆聽的失戀絮語。,Barbados,BB,artist_origin_hint,TW,corrected_to_other_country,artist override or known artist origin -> BB,https://music.apple.com/tw/album/p-s-im-still-not-over-you/1440654907?i=1440655444&uo=4
itunes_135108490,Shiki No Uta,Minmi,Imagine,TW,china,itunes,日本流行樂,日本流行樂,柔和女声伴隨東洋風旋律線條，日式流行編制融入些許都會節拍，適合午後窗邊或夜間獨行時聆聽，帶有2000年代初中島美嘉式抒情氣質。,Japan,JP,genre_or_metadata_hint,TW,corrected_to_other_country,genre/label/tags/description evidence -> JP,https://music.apple.com/tw/album/shiki-no-uta/135107190?i=135108490&uo=4
itunes_1442894448,Shiawase (feat. Ms.OOJA & Salu),SPICY CHOCOLATE,Shibuya Jyunai Monogatari,TW,china,itunes,雷鬼,雷鬼,轻快的雷鬼节奏搭配男女声对唱，阳光感十足的编曲适合午后漫步或都市夜行。2014年台北发行的这首作品，以慵懒的吉他扫弦与电子音效交织，传递出都会恋爱的甜蜜与洒脱。,Jamaica,JM,genre_or_metadata_hint,TW,corrected_to_other_country,genre/label/tags/description evidence -> JM,https://music.apple.com/tw/album/shiawase-feat-ms-ooja-salu/1442893857?i=1442894448&uo=4
itunes_1743522724,Work Me Out,Shenseea & Wizkid,Never Gets Late Here,TW,china,itunes,雷鬼,雷鬼,热带雷鬼节奏轻盈跃动，慵懒人声与电子合成器交织出夏夜海滩的迷幻氛围，适合派对暖场或深夜驾车时循环播放。,Jamaica,JM,genre_or_metadata_hint,TW,corrected_to_other_country,genre/label/tags/description evidence -> JM,https://music.apple.com/tw/album/work-me-out/1743522357?i=1743522724&uo=4
itunes_1580184466,HAPPY LOVE (feat. Hina (from FAKY) & SHuN-BOX),SPICY CHOCOLATE,HAPPY LOVE (feat. Hina (from FAKY) & SHuN-BOX) - Single,TW,china,itunes,雷鬼,雷鬼,轻快的雷鬼节奏搭配甜美女声与流畅说唱，阳光般的旋律适合夏日午后或驾车出游时播放，2021年发行的这首单曲洋溢着日系流行与加勒比风情交融的活力。,Jamaica,JM,genre_or_metadata_hint,TW,corrected_to_other_country,genre/label/tags/description evidence -> JM,https://music.apple.com/tw/album/happy-love-feat-hina-from-faky-shun-box/1580184463?i=1580184466&uo=4
itunes_1443838562,Push and Shove (feat. Busy Signal & Major Lazer),No Doubt,Push and Shove (Deluxe Version),TW,china,itunes,搖滾,搖滾,這首作品將搖滾樂隊的張力與電子舞曲節拍熔於一爐，Busy Signal的牙買加腔調與Major Lazer的雷鬼觸感交織其中，呈現出2010年代初期跨界碰撞的鮮明能量。合成器低音轟鳴、銅管切片點綴，整體氛圍適合夜跑、派對暖場或需要提振精神的時刻。,Jamaica,JM,genre_or_metadata_hint,TW,corrected_to_other_country,genre/label/tags/description evidence -> JM,https://music.apple.com/tw/album/push-and-shove-feat-busy-signal-major-lazer/1443838554?i=1443838562&uo=4
itunes_1440772732,Onajisora (feat. ナオト・インティライミ & 安田レイ),SPICY CHOCOLATE,Shibuya Junai Monogatari 3,TW,china,itunes,雷鬼,雷鬼,轻快的雷鬼节奏搭配男女声对唱，阳光般温暖的旋律适合午后漫步或都市夜行，2016年涩谷恋爱物语系列中一首充满日式流行风情的都会情歌。,Jamaica,JM,genre_or_metadata_hint,TW,corrected_to_other_country,genre/label/tags/description evidence -> JM,https://music.apple.com/tw/album/onajisora-feat-%E3%83%8A%E3%82%AA%E3%83%88-%E3%82%A4%E3%83%B3%E3%83%86%E3%82%A3%E3%83%A9%E3%82%A4%E3%83%9F-%E5%AE%89%E7%94%B0%E3%83%AC%E3%82%A4/1440772721?i=1440772732&uo=4
itunes_1610000910,Can't Anymore,Shenseea,ALPHA (Apple Music Edition),TW,china,itunes,雷鬼,雷鬼,这首作品以雷鬼为基底，融合当代流行节奏，低频饱满且律动松弛，人声带有加勒比海地区的轻快咬字与即兴色彩。适合午后驾车、海边漫步或派对暖场时播放，传递出一种慵懒却不失张力的都市热带氛围。,Jamaica,JM,genre_or_metadata_hint,TW,corrected_to_other_country,genre/label/tags/description evidence -> JM,https://music.apple.com/tw/album/cant-anymore/1610000902?i=1610000910&uo=4
itunes_1527141683,Sure Sure,Shenseea,Sure Sure - Single,TW,china,itunes,雷鬼,雷鬼,轻快的雷鬼节奏搭配热带风情编曲，适合夏日午后放松聆听。慵懒人声与跳跃吉他交织，营造出度假般的自在氛围，是派对或驾车时的活力之选。,Jamaica,JM,genre_or_metadata_hint,TW,corrected_to_other_country,genre/label/tags/description evidence -> JM,https://music.apple.com/tw/album/sure-sure/1527141682?i=1527141683&uo=4
itunes_1648075408,Jam Jam,Kanae,Jam Jam - Single,TW,china,itunes,雷鬼,雷鬼,轻快的雷鬼节奏搭配慵懒的人声线条，阳光洒落的午后或都市夜行都适配，2022年台湾独立流行场景里一抹不造作的随性色彩。,Jamaica,JM,genre_or_metadata_hint,TW,corrected_to_other_country,genre/label/tags/description evidence -> JM,https://music.apple.com/tw/album/jam-jam/1648075404?i=1648075408&uo=4
itunes_1729378207,ngủ một mình,"HIEUTHUHAI, Negav & Kewtiie",ngủ một mình - Single,TW,china,itunes,雷鬼,雷鬼,慵懒雷鬼节奏铺底，热带吉他扫弦与湿润合成器交织，三位声线交替游走在夜色般的低频氛围里，适合深夜独处或城市漫游时循环播放。,Jamaica,JM,genre_or_metadata_hint,TW,corrected_to_other_country,genre/label/tags/description evidence -> JM,https://music.apple.com/tw/album/ng%E1%BB%A7-m%E1%BB%99t-m%C3%ACnh/1729378202?i=1729378207&uo=4
itunes_1445289750,Lions,Skip Marley,Lions - Single,TW,china,itunes,雷鬼,雷鬼,沉稳的雷鬼节奏铺陈出热带旷野的辽阔感，Skip Marley 的声线在慵懒与力量之间游走，贝斯与打击乐交织出2010年代后期的现代根源气息，适合黄昏驱车或独处时让思绪随节拍缓慢延展。,Jamaica,JM,genre_or_metadata_hint,TW,corrected_to_other_country,genre/label/tags/description evidence -> JM,https://music.apple.com/tw/album/lions/1445289749?i=1445289750&uo=4
itunes_1445023479,Anata To Ashitamo (feat. Hazzie & Misako Uno),SPICY CHOCOLATE,Anata To Ashitamo (feat. Hazzie & Misako Uno) - Single,TW,china,itunes,雷鬼,雷鬼,轻快的中文雷鬼节奏搭配慵懒女声对唱，电子合成器与吉他交织出热带风情，适合午后阳光或都市夜行的放松时刻，传递温柔而明亮的陪伴感。,China,CN,genre_or_metadata_hint,TW,confirmed_china_family,genre/label/tags/description evidence -> CN,https://music.apple.com/tw/album/anata-to-ashitamo-feat-hazzie-misako-uno/1445023473?i=1445023479&uo=4
itunes_1518203065,Let Her Go,Dual Sessions,Let Her Go - Single,TW,china,itunes,雷鬼,雷鬼,慵懒人声随反拍吉他轻晃，热带节奏裹挟着午夜霓虹的微醺。适合独处时斟一杯酒，让思绪随低频缓缓下沉。,Jamaica,JM,genre_or_metadata_hint,TW,corrected_to_other_country,genre/label/tags/description evidence -> JM,https://music.apple.com/tw/album/let-her-go/1518203062?i=1518203065&uo=4
itunes_277999734,L.E.S. Artistes,Santigold,Santogold,TW,china,itunes,流行樂,流行樂,electroclash 与雷鬼色彩交织，Santigold 的首支单曲以锯齿合成器与跳跃鼓点为骨架，人声冷冽疏离却暗藏张力。2008 年地下派对与时装秀场常客，适合深夜独行或人群边缘的清醒时刻。,Jamaica,JM,genre_or_metadata_hint,TW,corrected_to_other_country,genre/label/tags/description evidence -> JM,https://music.apple.com/tw/album/l-e-s-artistes/277999713?i=277999734&uo=4
itunes_1753209838,BEYOND (feat. MaRI),ALI,BEYOND (feat. MaRI) - Single,TW,china,itunes,雷鬼,雷鬼,轻快的雷鬼节奏搭配慵懒人声，夏日午后或城市漫游时的理想伴音，慵懒中透出明亮活力。,Jamaica,JM,genre_or_metadata_hint,TW,corrected_to_other_country,genre/label/tags/description evidence -> JM,https://music.apple.com/tw/album/beyond-feat-mari/1753209466?i=1753209838&uo=4
itunes_1825274418,Who Knows (feat. Chronixx) [SHY FX Remix],Protoje,Who Knows (feat. Chronixx) [SHY FX Remix] - Single,TW,china,itunes,雷鬼,雷鬼,深沉雷鬼节拍碰撞电子碎拍能量，SHY FX将原版重塑为舞池暗涌的丛林回响。Chronixx清亮声线悬浮于低音之上，适合深夜骑行或城市天台独饮时聆听。,Jamaica,JM,genre_or_metadata_hint,TW,corrected_to_other_country,genre/label/tags/description evidence -> JM,https://music.apple.com/tw/album/who-knows-feat-chronixx-shy-fx-remix/1825274417?i=1825274418&uo=4
itunes_1452818132,Running Up That Hill,Meg Myers,Running Up That Hill - Single,CN,china,itunes,另类音乐,另类音乐,低沉的合成器铺底与爆发性的鼓点交织，Meg Myers以沙哑而充满张力的嗓音重新诠释这首经典，另类摇滚的骨架下涌动着暗黑电子的脉搏，适合深夜独行或情绪翻涌时独自沉溺。,United States,US,artist_origin_hint,CN,corrected_to_other_country,artist override or known artist origin -> US,https://music.apple.com/cn/album/running-up-that-hill/1452818071?i=1452818132&uo=4
itunes_1422694720,阴天快乐,陈奕迅,rice & shine,CN,china,itunes,国语流行,国语流行,陈奕迅以沉稳声线铺陈都市情感的暗涌，钢琴与弦乐交织出阴郁天气里的温柔自白，适合独处窗边、让思绪随雨声缓慢沉淀的午后。,China,CN,genre_or_metadata_hint,CN,confirmed_china_family,genre/label/tags/description evidence -> CN,https://music.apple.com/cn/album/%E9%98%B4%E5%A4%A9%E5%BF%AB%E4%B9%90/1422694136?i=1422694720&uo=4
itunes_1444318690,Shots (feat. Broiler) [Broiler Remix],Imagine Dragons,Shots - EP,CN,china,itunes,另类音乐,另类音乐,电子合成器与鼓点交织出明亮跃动的节奏，主唱嗓音在副歌处爆发式上扬，整体呈现2010年代中期另类舞曲的昂扬气质。适合通勤晨跑或朋友聚会时播放，能量充沛而不躁烈。,United States,US,artist_origin_hint,CN,corrected_to_other_country,artist override or known artist origin -> US,https://music.apple.com/cn/album/shots-feat-broiler-broiler-remix/1444318678?i=1444318690&uo=4
itunes_1422694843,你给我听好,陈奕迅,rice & shine,CN,china,itunes,国语流行,国语流行,钢琴缓缓铺开深夜独白，陈奕迅以沉稳声线将都市疲惫化作温柔劝慰，副歌处弦乐层层涌起，适合独处时反复聆听的华语流行佳作。,China,CN,genre_or_metadata_hint,CN,confirmed_china_family,genre/label/tags/description evidence -> CN,https://music.apple.com/cn/album/%E4%BD%A0%E7%BB%99%E6%88%91%E5%90%AC%E5%A5%BD/1422694136?i=1422694843&uo=4
itunes_1676736010,山海,草东没有派对,丑奴儿,CN,china,itunes,独立摇滚,独立摇滚,粗粝吉他扫弦与暴烈鼓点交织，主唱以压抑后骤然爆发的唱腔，将理想与现实的撕裂掷地有声。适合深夜独处时直面内心翻涌，在独立摇滚的冷峻张力中寻得共鸣。,Taiwan,TW,artist_origin_hint,CN,confirmed_china_family,artist override or known artist origin -> TW,https://music.apple.com/cn/album/%E5%B1%B1%E6%B5%B7/1676735354?i=1676736010&uo=4
itunes_1808448889,你要跳舞吗,新裤子乐队,生命因你而火热,CN,china,itunes,另类音乐,另类音乐,新裤子乐队这首作品以跳跃的合成器音色与干脆的鼓点为骨架，吉他 riff 明亮锋利，人声带着戏谑又热烈的呼唤感。整体氛围像午夜霓虹下涌动的舞池，复古新浪潮气质与当下都市情绪交织，适合需要释放、想要跟着节拍摆动的时刻。,China,CN,artist_origin_hint,CN,confirmed_china_family,artist override or known artist origin -> CN,https://music.apple.com/cn/album/%E4%BD%A0%E8%A6%81%E8%B7%B3%E8%88%9E%E5%90%97/1808448862?i=1808448889&uo=4
itunes_1592351635,Enemy (From Arcane: League of Legends),Imagine Dragons & JID,"Enemy (From the series ""Arcane League of Legends"") - Single",CN,china,itunes,另类音乐,另类音乐,强劲鼓点与电子合成器交织，说唱段落穿插爆发式能量，副歌旋律极具记忆点。适合游戏激战、深夜独行或释放情绪时聆听，2021年动画主题曲气质鲜明，另类摇滚底色融合嘻哈节奏，张力十足。,United States,US,artist_origin_hint,CN,corrected_to_other_country,artist override or known artist origin -> US,https://music.apple.com/cn/album/enemy-from-arcane-league-of-legends/1592351633?i=1592351635&uo=4
itunes_1583125951,Head In The Clouds,Hayd,Changes - EP,CN,china,itunes,另类音乐,另类音乐,清柔男声伴着简约钢琴与电子氛围铺陈，像深夜独处时分的低语独白。旋律线条朦胧舒缓，情绪在克制中缓缓流动，适合雨天窗边或入睡前静静聆听。,United States,US,artist_origin_hint,CN,corrected_to_other_country,artist override or known artist origin -> US,https://music.apple.com/cn/album/head-in-the-clouds/1583125945?i=1583125951&uo=4
itunes_1422694714,可以了,陈奕迅,rice & shine,CN,china,itunes,国语流行,国语流行,陈奕迅以沉稳声线铺陈一段都市情感独白，钢琴与弦乐交织出克制而深沉的氛围，副歌处情绪层层堆叠却收放自如，适合独处时静静聆听，在深夜或雨天尤为贴切。,China,CN,genre_or_metadata_hint,CN,confirmed_china_family,genre/label/tags/description evidence -> CN,https://music.apple.com/cn/album/%E5%8F%AF%E4%BB%A5%E4%BA%86/1422694136?i=1422694714&uo=4
itunes_1808449277,没有理想的人不伤心,新裤子乐队,生命因你而火热,CN,china,itunes,另类音乐,另类音乐,合成器音色与失真吉他交织，新裤子以标志性的新浪潮姿态，将理想主义的失落与都市青年的迷惘化作极具感染力的合唱。这首2016年的作品适合深夜独行或拥挤地铁里佩戴耳机聆听，在复古电子节拍与直白歌词的碰撞中，找到属于这个时代的共鸣与宣泄。,China,CN,artist_origin_hint,CN,confirmed_china_family,artist override or known artist origin -> CN,https://music.apple.com/cn/album/%E6%B2%A1%E6%9C%89%E7%90%86%E6%83%B3%E7%9A%84%E4%BA%BA%E4%B8%8D%E4%BC%A4%E5%BF%83/1808448862?i=1808449277&uo=4
itunes_1053934845,Everglow,Coldplay,A Head Full of Dreams,CN,china,itunes,另类音乐,另类音乐,Coldplay这首作品以梦幻的合成器铺底与层层推进的吉他音墙交织，主唱温暖而略带沙哑的声线在副歌处爆发为壮阔的合唱式宣泄。整体氛围既像深夜独行时的私密独白，又似体育场万人齐唱的集体疗愈，适合在情绪需要释放或寻求慰藉的时刻聆听。,United Kingdom,GB,artist_origin_hint,CN,corrected_to_other_country,artist override or known artist origin -> GB,https://music.apple.com/cn/album/everglow/1053933969?i=1053934845&uo=4
itunes_1528112362,cardigan,Taylor Swift,folklore (deluxe version),CN,china,itunes,另类音乐,另类音乐,钢琴缓缓铺陈出潮湿的旧梦，呢喃人声穿梭于阁楼与雨天之间，独立民谣的质地裹挟着2020年特有的私密与疏离，适合深夜独处时反复摩挲一件褪色的羊毛衫。,United States,US,artist_origin_hint,CN,corrected_to_other_country,artist override or known artist origin -> US,https://music.apple.com/cn/album/cardigan/1528112358?i=1528112362&uo=4
itunes_1656209600,西湖,痛仰乐队,不要停止我的音乐,CN,china,itunes,独立摇滚,独立摇滚,吉他铺展如水波荡漾，鼓点沉稳托起悠远意境，主唱嗓音带着粗粝的温柔。独立摇滚骨架里融入东方气韵，适合黄昏独行或深夜归途时聆听，让旋律随湖光缓缓漫过心绪。,China,CN,artist_origin_hint,CN,confirmed_china_family,artist override or known artist origin -> CN,https://music.apple.com/cn/album/%E8%A5%BF%E6%B9%96/1656209263?i=1656209600&uo=4
itunes_1676735822,烂泥,草东没有派对,丑奴儿,CN,china,itunes,独立摇滚,独立摇滚,粗粝的吉他噪音墙与暴烈鼓点交织，台湾独立摇滚乐团草东没有派对以《烂泥》撕开一代人的困顿与虚无。低沉压抑的男声在爆发与沉默间游走，后朋克式的冷峻骨架包裹着华语地下摇滚少见的直白愤怒，适合深夜独饮或城市漫游时入耳。,Taiwan,TW,artist_origin_hint,CN,confirmed_china_family,artist override or known artist origin -> TW,https://music.apple.com/cn/album/%E7%83%82%E6%B3%A5/1676735354?i=1676735822&uo=4
itunes_1679883748,缸,草东没有派对,瓦合,CN,china,itunes,独立摇滚,独立摇滚,粗粝吉他音墙与压抑后爆发的鼓点交织，主唱以冷峻声线剖白困顿与挣扎。后朋克骨架灌注台湾地下摇滚的血气，适合深夜独处时直面内心淤积的情绪，在窒息感与释放间反复撕扯。,Taiwan,TW,artist_origin_hint,CN,confirmed_china_family,artist override or known artist origin -> TW,https://music.apple.com/cn/album/%E7%BC%B8/1679883738?i=1679883748&uo=4
itunes_1808449470,生活因你而火热,新裤子乐队,生命因你而火热,CN,china,itunes,另类音乐,另类音乐,合成器音色与吉他 riff 交织，鼓点干脆利落，主唱以略带慵懒的嗓音唱出都市生活的焦灼与浪漫。整体氛围既复古又当下，适合夜晚驾车或独自散步时聆听，在霓虹与晚风间感受一份属于千禧世代的炽热与怅然。,China,CN,artist_origin_hint,CN,confirmed_china_family,artist override or known artist origin -> CN,https://music.apple.com/cn/album/%E7%94%9F%E6%B4%BB%E5%9B%A0%E4%BD%A0%E8%80%8C%E7%81%AB%E7%83%AD/1808448862?i=1808449470&uo=4
itunes_1563170158,beside you,keshi,beside you - Single,CN,china,itunes,国际流行,国际流行,轻柔的合成器铺底搭配慵懒节拍，keshi以气声吟唱营造出深夜独处时的私密氛围。适合台灯微亮的卧室或凌晨车窗外的城市街景，是一首关于陪伴与距离的当代流行小品。,United States,US,artist_origin_hint,CN,corrected_to_other_country,artist override or known artist origin -> US,https://music.apple.com/cn/album/beside-you/1563170155?i=1563170158&uo=4
itunes_1474669287,California,Lana Del Rey,Norman F*****g Rockwell!,CN,china,itunes,另类音乐,另类音乐,慵懒的合成器铺底与钢琴和弦交织，Lana Del Rey 标志性的复古嗓音在迷幻氛围中缓缓流淌。这首作品弥漫着加州日落般的怀旧情调，适合独自驾车沿海岸线行驶或深夜独处时聆听，将另类流行的诗意与2010年代末的独立美学融为一体。,United States,US,artist_origin_hint,CN,corrected_to_other_country,artist override or known artist origin -> US,https://music.apple.com/cn/album/california/1474669063?i=1474669287&uo=4
itunes_1422694142,娱乐天空,陈奕迅,rice & shine,CN,china,itunes,国语流行,国语流行,陈奕迅《娱乐天空》以电子合成器铺底，搭配利落鼓点与慵懒唱腔，在都市霓虹与虚无感之间游走。适合深夜独处或驾车穿城时播放，是2014年国语流行中一剂清醒的电子迷幻。,China,CN,genre_or_metadata_hint,CN,confirmed_china_family,genre/label/tags/description evidence -> CN,https://music.apple.com/cn/album/%E5%A8%B1%E4%B9%90%E5%A4%A9%E7%A9%BA/1422694136?i=1422694142&uo=4
itunes_1251827862,浴室,deca joins,浴室,CN,china,itunes,独立摇滚,独立摇滚,慵懒吉他铺陈潮湿氛围，呢喃人声在雾气中浮沉，鼓点松散如 dripping water。适合深夜独处、浴室镜面起雾时聆听，一首关于封闭空间与情绪洇染的华语独立摇滚小品。,China,CN,genre_or_metadata_hint,CN,confirmed_china_family,genre/label/tags/description evidence -> CN,https://music.apple.com/cn/album/%E6%B5%B4%E5%AE%A4/1251827807?i=1251827862&uo=4
itunes_1676735991,大风吹,草东没有派对,丑奴儿,CN,china,itunes,独立摇滚,独立摇滚,粗粝吉他扫弦与暴烈鼓点交织，主唱以压抑后骤然释放的嘶吼撕开都市青年的虚无与愤怒。后朋克骨架下藏着台湾独立摇滚的冷冽诗性，适合深夜独处时直面内心躁动。,Taiwan,TW,artist_origin_hint,CN,confirmed_china_family,artist override or known artist origin -> TW,https://music.apple.com/cn/album/%E5%A4%A7%E9%A3%8E%E5%90%B9/1676735354?i=1676735991&uo=4
itunes_1656209264,再见杰克,痛仰乐队,不要停止我的音乐,CN,china,itunes,独立摇滚,独立摇滚,这首作品以爽朗的吉他扫弦与坚实的鼓点为骨架，流淌着世纪初中国独立摇滚特有的粗粝与热忱。人声带着公路旅行般的洒脱，副歌旋律开阔明亮，适合在长途驾驶或夏日傍晚与朋友举杯时播放，底色里藏着对自由与告别的坦然。,China,CN,artist_origin_hint,CN,confirmed_china_family,artist override or known artist origin -> CN,https://music.apple.com/cn/album/%E5%86%8D%E8%A7%81%E6%9D%B0%E5%85%8B/1656209263?i=1656209264&uo=4
itunes_905191174,曾经的你,许巍,每一刻都是崭新的,CN,china,itunes,国语流行,国语流行,吉他扫弦铺陈开阔声场，许巍沙哑嗓音裹挟着远行者的释然与回望，千禧年初的国语流行摇滚底色，适合公路旅行或深夜独酌时循环播放。,China,CN,artist_origin_hint,CN,confirmed_china_family,artist override or known artist origin -> CN,https://music.apple.com/cn/album/%E6%9B%BE%E7%BB%8F%E7%9A%84%E4%BD%A0/905191165?i=905191174&uo=4
itunes_1262463311,HandClap,Fitz and The Tantrums,Fitz & the Tantrums (Deluxe),CN,china,itunes,另类音乐,另类音乐,明快的拍手节奏与铜管乐段交织，复古放克骨架披上现代流行外衣，合成器光泽与群唱副歌营造出派对般的跃动氛围，适合通勤晨跑或好友聚会的背景音乐。,United States,US,artist_origin_hint,CN,corrected_to_other_country,artist override or known artist origin -> US,https://music.apple.com/cn/album/handclap/1262462639?i=1262463311&uo=4
itunes_1833083567,Phoenix,"League of Legends Music, Cailin Russo & Chrissy Costanza",Phoenix - Single,CN,china,itunes,另类音乐,另类音乐,电子合成器与磅礴鼓点交织，女声高亢撕裂夜空，宛如烈焰中涅槃的羽翼。适合竞技前热身、深夜独行的耳机时刻，或任何需要点燃斗志的缝隙。,United States,US,artist_origin_hint,CN,corrected_to_other_country,artist override or known artist origin -> US,https://music.apple.com/cn/album/phoenix/1833083566?i=1833083567&uo=4
itunes_1440914651,Lust for Life (feat. The Weeknd),Lana Del Rey,Lust for Life,CN,china,itunes,另类音乐,另类音乐,迷幻的合成器铺底与慵懒鼓点交织，The Weeknd的客座声线为Lana Del Rey的复古梦境增添一抹夜色的暧昧。适合深夜独处或城市车窗外的霓虹流淌，整体笼罩在2010年代另类流行的朦胧光泽里。,United States,US,artist_origin_hint,CN,corrected_to_other_country,artist override or known artist origin -> US,https://music.apple.com/cn/album/lust-for-life-feat-the-weeknd/1440914435?i=1440914651&uo=4
itunes_1435990102,Episode 33,She Her Her Hers,Spiral - EP,CN,china,itunes,另类音乐,另类音乐,She Her Her Hers 的《Episode 33》以迷幻吉他音墙与空灵节拍交织，营造出朦胧而流动的氛围。合成器铺底如薄雾漫延，鼓点松弛却暗含推进感，适合深夜独处或城市夜行时聆听，整体呈现2010年代后期东亚独立摇滚的精致美学。,Japan,JP,artist_origin_hint,CN,corrected_to_other_country,artist override or known artist origin -> JP,https://music.apple.com/cn/album/episode-33/1435990093?i=1435990102&uo=4
itunes_1833059354,RISE (feat. The Glitch Mob),"League of Legends Music, Mako & The Word Alive",RISE (feat. The Glitch Mob) - Single,CN,china,itunes,另类音乐,另类音乐,低沉电子合成器与爆裂鼓点交织，The Glitch Mob 的 glitch-hop 碎拍切割出竞技张力，金属核嘶吼与史诗弦乐层层堆叠，宛如决赛夜舞台中央缓缓升起的战旗，适合深夜独自冲刺或赛前凝神时刻。,United States,US,artist_origin_hint,CN,corrected_to_other_country,artist override or known artist origin -> US,https://music.apple.com/cn/album/rise-feat-the-glitch-mob/1833059353?i=1833059354&uo=4
itunes_1656209602,为你唱首歌,痛仰乐队,不要停止我的音乐,CN,china,itunes,独立摇滚,独立摇滚,粗粝而温暖的吉他音色铺展成公路般的开阔感，人声带着历经世事的沙哑坦诚。适合深夜独行或老友重聚时播放，独立摇滚骨架里流淌着世纪初地下场景的真挚余温。,China,CN,artist_origin_hint,CN,confirmed_china_family,artist override or known artist origin -> CN,https://music.apple.com/cn/album/%E4%B8%BA%E4%BD%A0%E5%94%B1%E9%A6%96%E6%AD%8C/1656209263?i=1656209602&uo=4
itunes_1679884072,床,草东没有派对,瓦合,CN,china,itunes,独立摇滚,独立摇滚,粗粝吉他 riff 与压抑鼓点交织，主唱以冷峻声线剖白都市青年的困顿与虚无。后朋克骨架裹挟独立摇滚的躁动，适合深夜独处时直面内心褶皱，在轰鸣与沉默的缝隙间寻找共鸣。,Taiwan,TW,artist_origin_hint,CN,confirmed_china_family,artist override or known artist origin -> TW,https://music.apple.com/cn/album/%E5%BA%8A/1679883738?i=1679884072&uo=4
itunes_1528112370,august,Taylor Swift,folklore (deluxe version),CN,china,itunes,另类音乐,另类音乐,这首作品以慵懒的吉他拨弦为底，铺陈出夏日尾声的朦胧叙事。女声在 indie folk 的框架里低回吟唱，合成器如薄雾般晕染开来，适合黄昏独处或雨后窗边的静默时刻。,United States,US,artist_origin_hint,CN,corrected_to_other_country,artist override or known artist origin -> US,https://music.apple.com/cn/album/august/1528112358?i=1528112370&uo=4
itunes_583731514,Sacred Play Secret Place,matryoshka,Laideronnette,CN,china,itunes,另类音乐,另类音乐,空灵女声悬浮于电子氛围之上，钢琴碎片与缓拍节奏交织成朦胧梦境。适合深夜独处或雨天窗前，以另类姿态包裹东方内敛情绪，2012年独立场景中的私密聆听体验。,Japan,JP,artist_origin_hint,CN,corrected_to_other_country,artist override or known artist origin -> JP,https://music.apple.com/cn/album/sacred-play-secret-place/583731510?i=583731514&uo=4
itunes_1564531176,Your Power,Billie Eilish,Happier Than Ever,CN,china,itunes,另类音乐,另类音乐,低沉气声与极简原声吉他交织，营造出私密而压抑的氛围。这首作品以缓慢呼吸般的节奏展开，适合深夜独处时聆听，在脆弱与冷峻之间游走。,United States,US,artist_origin_hint,CN,corrected_to_other_country,artist override or known artist origin -> US,https://music.apple.com/cn/album/your-power/1564530719?i=1564531176&uo=4
itunes_1429663163,Green Light,Lorde,Melodrama,CN,china,itunes,另类音乐,另类音乐,钢琴与合成器交织出夜晚都市的流动光晕，电子鼓点推着情绪层层攀升，适合独自驾车穿越霓虹街道或深夜独处时聆听，带着2010年代另类流行的私密张力与释放感。,New Zealand,NZ,artist_origin_hint,CN,corrected_to_other_country,artist override or known artist origin -> NZ,https://music.apple.com/cn/album/green-light/1429662346?i=1429663163&uo=4
itunes_1808908676,玫瑰,贰佰,"嘿,抬头!",CN,china,itunes,另类音乐,另类音乐,低沉嗓音伴着木吉他缓缓铺开，这首民谣作品以简洁的编制造出深夜独处的氛围，适合在城市灯火渐暗时静静聆听，让未尽的心事随弦音轻轻落地。,China,CN,artist_origin_hint,CN,confirmed_china_family,artist override or known artist origin -> CN,https://music.apple.com/cn/album/%E7%8E%AB%E7%91%B0/1808908572?i=1808908676&uo=4
itunes_1320781379,Beggin',Måneskin,Chosen,CN,china,itunes,国际流行,国际流行,粗粝吉他 riff 撕开复古摇滚底色，Måneskin 以慵懒而灼热的声线重铸这首灵魂经典。鼓点紧凑推进，适合深夜公路飞驰或独自举杯时分，国际流行的锋芒里裹着七十年代布鲁斯的余温。,Italy,IT,artist_origin_hint,CN,corrected_to_other_country,artist override or known artist origin -> IT,https://music.apple.com/cn/album/beggin/1320780883?i=1320781379&uo=4
itunes_1656209265,公路之歌,痛仰乐队,不要停止我的音乐,CN,china,itunes,独立摇滚,独立摇滚,粗粝的吉他音墙与沉稳的鼓点铺展出一往无前的公路图景，主唱略带沙哑的声线吟唱着漂泊与追寻。这首独立摇滚作品以经典的四大件编制，将2000年代地下摇滚的炽烈与诗意熔铸于开阔的行车空间，适合长途夜驾时让音量推至满格，任风声与旋律一同灌入车窗。,China,CN,artist_origin_hint,CN,confirmed_china_family,artist override or known artist origin -> CN,https://music.apple.com/cn/album/%E5%85%AC%E8%B7%AF%E4%B9%8B%E6%AD%8C/1656209263?i=1656209265&uo=4
itunes_1563957173,Hush,The Marías,CINEMA,CN,china,itunes,另类音乐,另类音乐,慵懒迷离的声线缠绕着复古合成器与轻柔打击乐，在卧室灯影里织就一层朦胧氛围。适合深夜独处时佩戴耳机沉浸，让暧昧情绪随呼吸般舒缓的节奏缓缓流淌。,United States,US,artist_origin_hint,CN,corrected_to_other_country,artist override or known artist origin -> US,https://music.apple.com/cn/album/hush/1563957170?i=1563957173&uo=4
itunes_1617910506,Sharks,Imagine Dragons,Mercury - Acts 1 & 2,CN,china,itunes,另类音乐,另类音乐,低沉鼓点与电子合成器交织出紧张氛围，主唱嗓音在压抑与爆发间游走，适合深夜独处或城市通勤时聆听，释放内心暗涌的情绪张力。,United States,US,artist_origin_hint,CN,corrected_to_other_country,artist override or known artist origin -> US,https://music.apple.com/cn/album/sharks/1617908569?i=1617910506&uo=4
itunes_1571378161,MEMORIES!,347aidan,TROUBLED MEMORIES! - Single,CN,china,itunes,另类音乐,另类音乐,低沉合成器铺底搭配颗粒感鼓组，347aidan以略带沙哑的声线穿梭于迷幻氛围之中。这首2021年的另类单曲适合深夜独处时循环，情绪在压抑与释放之间游移，像是城市霓虹下一场未完成的独白。,Canada,CA,artist_origin_hint,CN,corrected_to_other_country,artist override or known artist origin -> CA,https://music.apple.com/cn/album/memories/1571378156?i=1571378161&uo=4
itunes_1450695745,you should see me in a crown,Billie Eilish,"WHEN WE ALL FALL ASLEEP, WHERE DO WE GO?",CN,china,itunes,另类音乐,另类音乐,低沉合成器贝斯铺底，电子节拍如心跳般压迫推进，Billie Eilish的耳语式唱腔在幽暗空间游走。适合深夜独处、城市夜行或沉浸于自我世界时聆听，整体笼罩着Z世代另类流行的冷冽气质。,United States,US,artist_origin_hint,CN,corrected_to_other_country,artist override or known artist origin -> US,https://music.apple.com/cn/album/you-should-see-me-in-a-crown/1450695723?i=1450695745&uo=4
itunes_1676736003,鬼,草东没有派对,丑奴儿,CN,china,itunes,独立摇滚,独立摇滚,粗粝的吉他噪音墙与压抑的鼓点交织，主唱以近乎嘶吼的唱腔撕裂沉默，在独立摇滚的框架下迸发出浓烈的虚无与愤怒。适合深夜独处时直面内心暗涌，或于城市边缘的狭小空间里与同类共振。,Taiwan,TW,artist_origin_hint,CN,confirmed_china_family,artist override or known artist origin -> TW,https://music.apple.com/cn/album/%E9%AC%BC/1676735354?i=1676736003&uo=4
itunes_1547315523,willow,Taylor Swift,evermore (deluxe version),CN,china,itunes,另类音乐,另类音乐,轻柔的吉他拨弦与空灵的合成器铺底交织，营造出冬日森林般的静谧氛围。人声线条清澈而绵长，带着民谣的叙事质感与独立流行的朦胧色泽，适合深夜独处或雨天窗边的沉浸聆听。,United States,US,artist_origin_hint,CN,corrected_to_other_country,artist override or known artist origin -> US,https://music.apple.com/cn/album/willow/1547315522?i=1547315523&uo=4
itunes_1676735812,丑,草东没有派对,丑奴儿,CN,china,itunes,独立摇滚,独立摇滚,粗粝的吉他噪音墙与压抑后爆发的鼓点交织，主唱以冷峻近乎嘶吼的嗓音撕开青春的困顿与虚无。适合深夜独处时直面内心躁动，在独立摇滚的灰暗底色里寻找共鸣与释放。,Taiwan,TW,artist_origin_hint,CN,confirmed_china_family,artist override or known artist origin -> TW,https://music.apple.com/cn/album/%E4%B8%91/1676735354?i=1676735812&uo=4
itunes_1596239263,永远都会在,旅行团乐队,永远都会在,CN,china,itunes,华语另类音乐,华语另类音乐,旅行团乐队的《永远都会在》以明亮吉他线条与温暖人声交织，呈现出2010年代华语另类摇滚的清新气质。轻快鼓点推进着略带怀旧感的旋律，适合夏日午后或公路旅行时聆听，在洒脱中藏着一份温柔的笃定。,China,CN,genre_or_metadata_hint,CN,confirmed_china_family,genre/label/tags/description evidence -> CN,https://music.apple.com/cn/album/%E6%B0%B8%E8%BF%9C%E9%83%BD%E4%BC%9A%E5%9C%A8/1596239262?i=1596239263&uo=4
itunes_1594309246,再谈记忆,盘尼西林,与世界温暖相拥,CN,china,itunes,独立摇滚,独立摇滚,盘尼西林以慵懒而温暖的吉他音色铺陈，英式独立摇滚的骨架下流淌着中文叙事的细腻。合成器点缀其间，鼓点松散却精准，适合深夜独处或雨后漫步时聆听，像一封写给旧时光的信。,United Kingdom,GB,genre_or_metadata_hint,CN,corrected_to_other_country,genre/label/tags/description evidence -> GB,https://music.apple.com/cn/album/%E5%86%8D%E8%B0%88%E8%AE%B0%E5%BF%86/1594309085?i=1594309246&uo=4
itunes_1656209926,愿爱无忧,痛仰乐队,愿爱无忧,CN,china,itunes,独立摇滚,独立摇滚,痛仰乐队以沉稳的吉他铺陈与鼓点推进，在独立摇滚的框架里注入粗粝而温暖的质地。主唱嗓音略带沙哑，旋律线条舒展，适合深夜独处或长途驾驶时循环播放，让人在喧嚣中寻得一份笃定的安宁。,China,CN,artist_origin_hint,CN,confirmed_china_family,artist override or known artist origin -> CN,https://music.apple.com/cn/album/%E6%84%BF%E7%88%B1%E6%97%A0%E5%BF%A7/1656209323?i=1656209926&uo=4
itunes_1695481795,You (=I),脸红的思春期,Full Album RED PLANET,CN,china,itunes,另类音乐,另类音乐,清甜女声伴着轻快的吉他扫弦跃然而出，电子合成器点缀出梦幻气泡感，整体如夏日午后的一杯苏打汽水，适合通勤路上或窗边发呆时单曲循环。,South Korea,KR,artist_origin_hint,CN,corrected_to_other_country,artist override or known artist origin -> KR,https://music.apple.com/cn/album/you-i/1695481792?i=1695481795&uo=4
itunes_1445291889,Past Lives,BØRNS,Candy - EP,CN,china,itunes,另类音乐,另类音乐,迷幻流行的甜腻音色裹挟着复古合成器浪潮，BØRNS 以慵懒而空灵的声线织就一场霓虹梦境。电子节拍与吉他泛音交织，适合深夜独处时让思绪随旋律漂浮于都市灯火之上。,United States,US,artist_origin_hint,CN,corrected_to_other_country,artist override or known artist origin -> US,https://music.apple.com/cn/album/past-lives/1445291882?i=1445291889&uo=4
itunes_1440900135,Lust for Life (feat. The Weeknd),Lana Del Rey,Lust for Life,CN,china,itunes,另类音乐,另类音乐,复古合成器音色铺陈出迷幻而温暖的声场，The Weeknd 的 R&B 唱腔与 Lana Del Rey 慵懒声线交织，营造出夏夜公路疾驰般的浪漫氛围。慢板节奏中鼓点沉稳推进，适合独处时沉浸或城市夜游 soundtrack。,United States,US,artist_origin_hint,CN,corrected_to_other_country,artist override or known artist origin -> US,https://music.apple.com/cn/album/lust-for-life-feat-the-weeknd/1440899893?i=1440900135&uo=4
itunes_1055074639,Unstoppable,Sia,This Is Acting,TW,china,itunes,流行樂,流行樂,這首流行樂以磅礡的合成器鋪陳與層層堆疊的鼓點為底，搭配爆發力十足的人聲，傳遞出無畏前行的昂揚氣勢。適合運動衝刺、深夜趕工或需要一股勁突破瓶頸時單曲循環，讓人從低音到副歌全程熱血沸騰。,Australia,AU,artist_origin_hint,TW,corrected_to_other_country,artist override or known artist origin -> AU,https://music.apple.com/tw/album/unstoppable/1055074478?i=1055074639&uo=4
itunes_1796520821,像晴天像雨天(電視劇《難哄》心動曲),汪蘇瀧,電視劇《難哄》影視原聲帶·只喜歡你Love Moments,TW,china,itunes,原聲帶,原聲帶,輕柔鋼琴與弦樂鋪陳出澄澈氛圍，汪蘇瀧溫潤聲線似陽光穿透雲層，適合午後獨處或深夜追劇時反覆聆聽，心動與惆悵交織於呼吸之間。,China,CN,artist_origin_hint,TW,confirmed_china_family,artist override or known artist origin -> CN,https://music.apple.com/tw/album/%E5%83%8F%E6%99%B4%E5%A4%A9%E5%83%8F%E9%9B%A8%E5%A4%A9-%E9%9B%BB%E8%A6%96%E5%8A%87-%E9%9B%A3%E5%93%84-%E5%BF%83%E5%8B%95%E6%9B%B2/1796520808?i=1796520821&uo=4
itunes_1053567928,多遠都要在一起,鄧紫棋,新的心跳,TW,china,itunes,華語流行樂,華語流行樂,鋼琴與弦樂鋪陳出遼闊的抒情底色，鄧紫棋的嗓音在高音區迸發出執念般的穿透力。這首華語流行曲適合深夜獨行或長途旅途，以電子節拍襯托傳統情歌骨架，在2015年前後的都市浪漫語境中，將異地牽掛唱成帶有現代質感的史詩。,Hong Kong,HK,artist_origin_hint,TW,confirmed_china_family,artist override or known artist origin -> HK,https://music.apple.com/tw/album/%E5%A4%9A%E9%81%A0%E9%83%BD%E8%A6%81%E5%9C%A8%E4%B8%80%E8%B5%B7/1053567923?i=1053567928&uo=4
itunes_1442233392,不得不愛,潘瑋柏 & 弦子,高手,TW,china,itunes,華語流行樂,華語流行樂,輕快明亮的華語流行對唱，合成器鋪底搭配清爽節拍，男女聲線交織出甜澀交錯的都市戀愛氛圍，適合午後咖啡廳或傍晚通勤時隨行聆聽。,China,CN,genre_or_metadata_hint,TW,confirmed_china_family,genre/label/tags/description evidence -> CN,https://music.apple.com/tw/album/%E4%B8%8D%E5%BE%97%E4%B8%8D%E6%84%9B/1442232730?i=1442233392&uo=4
itunes_535747439,如果的事 (feat. 張韶涵),范瑋琪,一比一,TW,china,itunes,華語流行樂,華語流行樂,輕柔鋼琴前奏鋪陳，雙女聲交織出細膩對話感，2005年華語流行經典。適合午後獨處或深夜回憶時分，以溫和節奏承載未說出口的悸動與友達以上情懷。,China,CN,genre_or_metadata_hint,TW,confirmed_china_family,genre/label/tags/description evidence -> CN,https://music.apple.com/tw/album/%E5%A6%82%E6%9E%9C%E7%9A%84%E4%BA%8B-feat-%E5%BC%B5%E9%9F%B6%E6%B6%B5/535747432?i=535747439&uo=4
itunes_1749626763,Feel Missing (feat. Yo-Sea),Kaneee & STUTS,Remember Me?,TW,china,itunes,嘻哈/饒舌,嘻哈/饒舌,松弛的午后或深夜独处时刻，这首2024年的嘻哈作品以流畅的饶舌线条与细腻feat交织，STUTS标志性的爵士采样底色铺陈，Yo-Sea的声线如烟雾般缠绕，整体氛围介于都市霓虹与私密情绪之间，适合耳机里慢慢晃神。,Japan,JP,artist_origin_hint,TW,corrected_to_other_country,artist override or known artist origin -> JP,https://music.apple.com/tw/album/feel-missing-feat-yo-sea/1749626757?i=1749626763&uo=4
itunes_1497608074,No Judgement,Niall Horan,Heartbreak Weather,TW,china,itunes,流行樂,流行樂,輕快的流行節拍搭配溫暖木吉他掃弦，Niall Horan 以慵懶嗓音唱出無壓力的親密時光。適合午後咖啡、公路漫遊或與好友隨性相聚的輕鬆背景，帶有2020年代初西洋流行樂的明亮質感。,Ireland,IE,artist_origin_hint,TW,corrected_to_other_country,artist override or known artist origin -> IE,https://music.apple.com/tw/album/no-judgement/1497607470?i=1497608074&uo=4
itunes_520208666,愛你,陳芳語,Kimberley首張同名專輯,TW,china,itunes,華語流行樂,華語流行樂,这首作品出自《Kimberley首張同名專輯》，旋律明亮甜美，女声清澈贴近耳边，带着2010年代华语流行的青春气息。适合轻快通勤、校园回忆或想听中文甜歌时播放，也能作为台湾流行语境中的温柔推荐节点。,China,CN,genre_or_metadata_hint,TW,confirmed_china_family,genre/label/tags/description evidence -> CN,https://music.apple.com/tw/album/%E6%84%9B%E4%BD%A0/520208655?i=520208666&uo=4
itunes_1440924927,Work (feat. Drake),Rihanna,ANTI (Deluxe),CN,china,itunes,国际流行,国际流行,热带节奏与舞池律动的交织，Rihanna慵懒而充满磁性的声线在电子合成器与雷鬼元素中游走，Drake的段落为这首2016年的流行金曲增添了一份都市夜色的暧昧氛围，适合派对暖场或深夜独酌时循环。,Barbados,BB,artist_origin_hint,CN,corrected_to_other_country,artist override or known artist origin -> BB,https://music.apple.com/cn/album/work-feat-drake/1440924615?i=1440924927&uo=4
itunes_339972792,TiK ToK,Kesha,TiK-Tok (Remixes) - EP,CN,china,itunes,国际流行,国际流行,电子合成器铺陈出明亮的舞曲底色，Auto-Tune人声带着玩世不恭的慵懒态度，重拍鼓点驱动整首歌曲向前奔涌。派对前夕的梳妆时刻，或是深夜公路的飞驰片段，这首2009年的流行电音作品以近乎挑衅的活力，将年轻肆意的夜生活图景拉满至霓虹闪烁的顶点。,United States,US,artist_origin_hint,CN,corrected_to_other_country,artist override or known artist origin -> US,https://music.apple.com/cn/album/tik-tok/339972787?i=339972792&uo=4
itunes_1440855562,Sugar,Maroon 5,V (Deluxe),CN,china,itunes,国际流行,国际流行,明亮跃动的放克吉他切分与合成器铺底交织，Adam Levine标志性的丝滑假声穿梭其中，副歌层层递进的和声像洒落的糖霜般甜而不腻。适合周末驾车穿越城市高架或派对暖场时刻，2014年代国际流行黄金期的阳光能量至今依旧鲜活。,United States,US,artist_origin_hint,CN,corrected_to_other_country,artist override or known artist origin -> US,https://music.apple.com/cn/album/sugar/1440855456?i=1440855562&uo=4
itunes_464446141,Stronger (What Doesn't Kill You),Kelly Clarkson,Stronger,CN,china,itunes,国际流行,国际流行,强劲鼓点驱动着明亮合成器与吉他 riff，Kelly Clarkson 以充满张力的嗓音唱出逆境重生的宣言。这首国际流行金曲适合晨跑、健身或需要打气的时刻，电子摇滚元素与副歌大合唱让人忍不住跟唱。,United States,US,artist_origin_hint,CN,corrected_to_other_country,artist override or known artist origin -> US,https://music.apple.com/cn/album/stronger-what-doesnt-kill-you/464446088?i=464446141&uo=4
itunes_638209415,I Feel Good (I Got You),James Brown,"The Sound of the 60's, 16 Classic Hits",CN,china,itunes,摇滚,摇滚,这首六十年代灵魂乐经典以铜管乐队的炽烈轰鸣开场，James Brown标志性的嘶吼与即兴呼喊贯穿全曲，紧凑的放克节奏与跳跃的萨克斯、小号交织，适合清晨通勤或聚会暖场时点燃情绪。,United States,US,artist_origin_hint,CN,corrected_to_other_country,artist override or known artist origin -> US,https://music.apple.com/cn/album/i-feel-good-i-got-you/638209081?i=638209415&uo=4
itunes_1708309002,Shake It Off (Taylor's Version),Taylor Swift,1989 (Taylor's Version),CN,china,itunes,国际流行,国际流行,明快的铜管与跳跃的鼓点交织出八十年代的复古光泽，合成器铺底让整首歌像阳光洒满的清晨公路。Taylor Swift 的嗓音轻松洒脱，适合通勤路上或周末扫除时单曲循环，是一首让人忍不住跟着摇摆的国际流行佳作。,United States,US,artist_origin_hint,CN,corrected_to_other_country,artist override or known artist origin -> US,https://music.apple.com/cn/album/shake-it-off-taylors-version/1708308989?i=1708309002&uo=4
itunes_264025629,Toxic,布兰妮·斯皮尔斯,Greatest Hits: My Prerogative,CN,china,itunes,国际流行,国际流行,急促弦乐与电子节拍交织，布兰妮·斯皮尔斯的嗓音在舞曲框架中游走于危险与魅惑之间。千禧年初的国际流行经典，适合深夜驾车或独处时释放情绪的私密时刻。,United States,US,artist_origin_hint,CN,corrected_to_other_country,artist override or known artist origin -> US,https://music.apple.com/cn/album/toxic/264025392?i=264025629&uo=4
itunes_1436922357,Imagine,John Lennon,Imagine (The Ultimate Mixes),CN,china,itunes,摇滚,摇滚,钢琴前奏如流水般清澈展开，约翰·列侬的嗓音温柔而笃定，在简约编曲中传递对和平的深切渴望。这首七十年代的经典摇滚抒情曲，适合深夜独处或清晨静思时聆听，让旋律中的理想主义缓缓浸润心扉。,United Kingdom,GB,artist_origin_hint,CN,corrected_to_other_country,artist override or known artist origin -> GB,https://music.apple.com/cn/album/imagine/1436922341?i=1436922357&uo=4
itunes_305348066,Auf Flugeln Des Gesanges,Dino Siani,Dino Siani: Classic Hits,CN,china,itunes,Easy Listening,Easy Listening,轻柔如羽的旋律缓缓展开，钢琴与弦乐交织出梦幻般的织体，适合午后独处或深夜静思时聆听，带着新世纪音乐特有的澄澈与安宁。,Italy,IT,artist_origin_hint,CN,corrected_to_other_country,artist override or known artist origin -> IT,https://music.apple.com/cn/album/auf-flugeln-des-gesanges/305347925?i=305348066&uo=4
itunes_1476095084,Bad Romance,Lady Gaga,The Fame Monster (Deluxe Edition),CN,china,itunes,国际流行,国际流行,强劲电子节拍铺底，合成器音色锐利而华丽，Lady Gaga的声线在张扬与脆弱间切换，副歌段落极具记忆点。适合夜晚独处时放大音量，或人群中的情绪释放时刻，是一首定义了千禧年末舞曲流行的标志性作品。,United States,US,artist_origin_hint,CN,corrected_to_other_country,artist override or known artist origin -> US,https://music.apple.com/cn/album/bad-romance/1476095083?i=1476095084&uo=4
itunes_1609148352,Un homme heureux,威廉・舍勒,"Valentine's Day Single #Classic Hits (break-up, separation songs)",CN,china,itunes,国际流行,国际流行,钢琴与弦乐交织出法式流行的温柔底色，威廉・舍勒以低沉嗓音演绎这份九十年代的浪漫独白，适合深夜独处或雨后窗前静静聆听。,France,FR,artist_origin_hint,CN,corrected_to_other_country,artist override or known artist origin -> FR,https://music.apple.com/cn/album/un-homme-heureux/1609148082?i=1609148352&uo=4
itunes_1805192676,Boss Bitch,Doja Cat,Best Party Songs 100 Classic Hits,CN,china,itunes,嘻哈/说唱,嘻哈/说唱,强劲节拍与自信张扬的人声交织，这首嘻哈曲目以电子合成器铺底，适合派对热场或夜跑时释放能量。2020年代的都市舞曲风格，张扬而不失精致。,United States,US,artist_origin_hint,CN,corrected_to_other_country,artist override or known artist origin -> US,https://music.apple.com/cn/album/boss-bitch/1805188773?i=1805192676&uo=4
itunes_1440860312,Telephone (feat. Beyoncé),Lady Gaga,The Fame Monster,CN,china,itunes,国际流行,国际流行,强劲电子节拍铺底，合成器音色锐利闪亮，Lady Gaga与Beyoncé双女声交织出张力十足的对话感。舞曲流行风格，适合夜店跃动或通勤提神，2009年末的先锋气场至今锐利不减。,United States,US,artist_origin_hint,CN,corrected_to_other_country,artist override or known artist origin -> US,https://music.apple.com/cn/album/telephone-feat-beyonc%C3%A9/1440860294?i=1440860312&uo=4
itunes_1065973706,Time,Pink Floyd,The Dark Side of the Moon,CN,china,itunes,摇滚,摇滚,悠扬的钟声与心跳采样交织开启这场声音旅程，层层递进的合成器铺陈出迷幻而深邃的空间感。吉他与萨克斯在回声效果中对话，营造出七十年代前卫摇滚特有的哲思氛围，适合深夜独处时沉浸聆听。,United Kingdom,GB,artist_origin_hint,CN,corrected_to_other_country,artist override or known artist origin -> GB,https://music.apple.com/cn/album/time/1065973699?i=1065973706&uo=4
itunes_1440790544,MMMBop,Hanson,Middle of Nowhere,CN,china,itunes,国际流行,国际流行,轻快明亮的吉他扫弦与兄弟三人阳光和声交织，九十年代中期美式青春流行的经典回响，适合夏日车窗摇下、公路延伸时的随性哼唱。,United States,US,artist_origin_hint,CN,corrected_to_other_country,artist override or known artist origin -> US,https://music.apple.com/cn/album/mmmbop/1440790049?i=1440790544&uo=4
itunes_854911644,Gee,少女时代,Gee - EP,CN,china,itunes,K-Pop,K-Pop,轻快节奏与明亮合成器交织，少女时代的《Gee》以俏皮电音吉他开场，层层递进的和声与鼓点营造出青春洋溢的舞曲氛围。适合通勤路上或周末聚会时播放，让人忍不住跟随旋律轻快摇摆，感受2000年代末东亚流行乐坛特有的甜蜜活力。,South Korea,KR,artist_origin_hint,CN,corrected_to_other_country,artist override or known artist origin -> KR,https://music.apple.com/cn/album/gee/854911623?i=854911644&uo=4
itunes_1531323101,交换余生,林俊杰,交换余生 - Single,CN,china,itunes,国语流行,国语流行,钢琴与弦乐铺陈出辽阔的抒情底色，林俊杰的声线在副歌处层层推高，带着宿命感的气声转音游移于气声与真声之间。适合深夜独处或长途车程中聆听，是一首关于时间与选择的当代华语流行 ballad。,China,CN,genre_or_metadata_hint,CN,confirmed_china_family,genre/label/tags/description evidence -> CN,https://music.apple.com/cn/album/%E4%BA%A4%E6%8D%A2%E4%BD%99%E7%94%9F/1531323100?i=1531323101&uo=4
itunes_298837675,开始懂了,孙燕姿,我要的幸福,CN,china,itunes,国语流行,国语流行,"钢琴与吉他交织出干净明亮的千禧年都市流行底色，孙燕姿略带沙哑的嗓音在副歌处释放出一种释然后的温柔。适合独自通勤或深夜复盘心事时聆听，让旋律替你说出那句""开始懂了""。",China,CN,genre_or_metadata_hint,CN,confirmed_china_family,genre/label/tags/description evidence -> CN,https://music.apple.com/cn/album/%E5%BC%80%E5%A7%8B%E6%87%82%E4%BA%86/298837646?i=298837675&uo=4
itunes_1443352465,爱情转移,陈奕迅,认了吧 (台湾版),CN,china,itunes,国语流行,国语流行,钢琴前奏铺陈出深夜独处的氛围，陈奕迅以沉稳声线演绎都市情感的流转与释然。弦乐层层推进，副歌处情绪骤然开阔，适合通勤途中或独处时聆听，是2000年代华语流行中极具代表性的抒情作品。,China,CN,genre_or_metadata_hint,CN,confirmed_china_family,genre/label/tags/description evidence -> CN,https://music.apple.com/cn/album/%E7%88%B1%E6%83%85%E8%BD%AC%E7%A7%BB/1443352354?i=1443352465&uo=4
itunes_1487769993,句号,邓紫棋,句号 - Single,CN,china,itunes,国语流行,国语流行,钢琴前奏如雨滴轻落，邓紫棋以极具穿透力的嗓音铺陈一段情感独白，副歌层层递进的编曲将释然与不舍交织成网。适合深夜独处时循环，让旋律替沉默说话。,Hong Kong,HK,artist_origin_hint,CN,confirmed_china_family,artist override or known artist origin -> HK,https://music.apple.com/cn/album/%E5%8F%A5%E5%8F%B7/1487769992?i=1487769993&uo=4
itunes_1535791948,交换余生,林俊杰,幸存者 - EP,CN,china,itunes,国语流行,国语流行,钢琴与弦乐层层铺展，林俊杰以标志性的清澈嗓音演绎时空交错的深情独白，副歌张力饱满，适合深夜独处或雨天行车时沉浸聆听，是2020年代华语流行中兼具细腻与壮阔的抒情代表作。,China,CN,genre_or_metadata_hint,CN,confirmed_china_family,genre/label/tags/description evidence -> CN,https://music.apple.com/cn/album/%E4%BA%A4%E6%8D%A2%E4%BD%99%E7%94%9F/1535791945?i=1535791948&uo=4
itunes_1087283788,山丘,李宗盛,山丘 - Single,CN,china,itunes,国语流行,国语流行,低沉嗓音伴着钢琴与弦乐缓缓铺陈，李宗盛以半生阅历将时光感慨化作从容独白。这首歌适合深夜独处时聆听，在怀旧与释然交织的旋律里，感受岁月沉淀后的通透与温柔。,China,CN,genre_or_metadata_hint,CN,confirmed_china_family,genre/label/tags/description evidence -> CN,https://music.apple.com/cn/album/%E5%B1%B1%E4%B8%98/1087283784?i=1087283788&uo=4
itunes_201575679,海闊天空,Beyond,Rock'n'Roll,SG,china,itunes,Cantopop,Cantopop,激昂的吉他扫弦与沧桑而充满力量的粤语男声交织，在九十年代摇滚黄金年代的氛围中铺展开来。这是一首关于理想与自由的 anthem，副歌处层层推进的鼓点与撕裂感的高音适合独自驾车夜行或面对人生转折时重播。,Hong Kong,HK,artist_origin_hint,SG,confirmed_china_family,artist override or known artist origin -> HK,https://music.apple.com/sg/album/%E6%B5%B7%E9%97%8A%E5%A4%A9%E7%A9%BA/201575258?i=201575679&uo=4
jamendo_1548711,DIZI FLUTE LOOP 07 120 BPM,Carlos Carty,Dizi Chinese Flute Loops and Samples Vol 1,,china,jamendo,chinese,"world,acoustic,happy,chinese",明快节奏的竹笛循环采样，以传统中国笛子为主角，清亮音色跳跃于百二十拍的律动之上，原声质感通透自然，适合世界音乐制作或轻快氛围的配乐场景。,China,CN,genre_or_metadata_hint,,confirmed_china_family,genre/label/tags/description evidence -> CN,https://www.jamendo.com/track/1548711
jamendo_1047663,Dawid Jaworski - The way of martial artist,Dawid Jaworski,Winning,,china,jamendo,chinese,"filmscore,orchestra,epic,chinese",铜管与弦乐层层推进，构筑出东方武者行于天地之间的壮阔图景。中速行进的管弦编排兼具史诗张力与内敛气韵，适合观影、阅读武侠经典或凝神静思时聆听。,China,CN,genre_or_metadata_hint,,confirmed_china_family,genre/label/tags/description evidence -> CN,https://www.jamendo.com/track/1047663
jamendo_36696,Pagode onirique,eNoz,Nuits de glace,,china,jamendo,chinese,"ambient,electronic,filmscore,computer,chinese",清冷电子氛围铺展如冰层下的梦境，中速器乐以合成器与计算机音色勾勒出电影般的东方幻境，适合深夜独处或冥想时聆听。,China,CN,genre_or_metadata_hint,,confirmed_china_family,genre/label/tags/description evidence -> CN,https://www.jamendo.com/track/36696
jamendo_1550235,anonimo01,dj re-styler,anonimo01,,china,jamendo,chinese,,低沉电子节拍与合成器音色交织，营造夜色迷蒙的俱乐部氛围，适合深夜独处或城市漫游时聆听。匿名化的标题暗示着去身份化的实验气质，让人沉浸于纯粹的声波流动之中。,China,CN,genre_or_metadata_hint,,confirmed_china_family,genre/label/tags/description evidence -> CN,https://www.jamendo.com/track/1550235
jamendo_1385915,Chinese Inspiration - 2,MuswayStudio (Royalty Free Music - Background Music),Chinese Inspiration,,china,jamendo,chinese,,古琴与竹笛交织出悠远意境，筝弦轻拨间流淌着东方留白之美。适合品茗阅读、瑜伽冥想或文化空间配乐，于喧嚣中辟一方静谧山水。,China,CN,genre_or_metadata_hint,,confirmed_china_family,genre/label/tags/description evidence -> CN,https://www.jamendo.com/track/1385915
jamendo_1548693,DIZI FLUTE LOOP 14 120 BPM,Carlos Carty,Dizi Chinese Flute Loops and Samples Vol 1,,china,jamendo,chinese,,清越竹笛循环采样，以120 BPM的稳定律动铺展东方气韵。笛声空灵通透，适合电子国风编曲、影视配乐或冥想场景，为现代节奏注入一抹山水留白。,China,CN,genre_or_metadata_hint,,confirmed_china_family,genre/label/tags/description evidence -> CN,https://www.jamendo.com/track/1548693
jamendo_1472046,601_Magic Day Of Fall,MFYM,601_Magic Day Of Fall,,china,jamendo,chinese,,秋光斜落的午后，合成器铺陈出温暖而朦胧的音色层叠，轻电子节拍如落叶般舒缓飘旋。适合窗边独饮、城市漫步或阅读间隙，为日常镀上一层淡金色的怀旧滤镜。,China,CN,genre_or_metadata_hint,,confirmed_china_family,genre/label/tags/description evidence -> CN,https://www.jamendo.com/track/1472046
jamendo_1308823,Chinese Road,Lunar Cape,Just Lunatics,,china,jamendo,chinese,,低沉的贝斯线条铺展如夜行公路，合成器音色在电子氛围与独立摇滚之间游走，略带迷幻的吉他延迟效果营造出空旷而内敛的情绪空间，适合深夜独处或城市漫游时聆听。,China,CN,genre_or_metadata_hint,,confirmed_china_family,genre/label/tags/description evidence -> CN,https://www.jamendo.com/track/1308823
jamendo_1035289,The Visit Of Mr. Wong,LittleLight,Minimal Background Music EP,,china,jamendo,chinese,,轻快的电子节拍搭配简约合成器铺底，营造出通透灵动的氛围，适合作为工作专注或午后小憩时的背景音景。东方色彩的旋律线条若隐若现，赋予整曲含蓄的叙事感。,China,CN,genre_or_metadata_hint,,confirmed_china_family,genre/label/tags/description evidence -> CN,https://www.jamendo.com/track/1035289
jamendo_1548698,DIZI FLUTE LOOP 19 120 BPM,Carlos Carty,Dizi Chinese Flute Loops and Samples Vol 1,,china,jamendo,chinese,,清越的竹笛循环乐段以120 BPM的稳定节拍展开，适合电子音乐制作或影视配乐采样。笛声通透灵动，带有东方五声音阶的色彩，可融入国风电子、氛围音乐或游戏原声场景，为作品增添空山流水般的写意空间。,China,CN,genre_or_metadata_hint,,confirmed_china_family,genre/label/tags/description evidence -> CN,https://www.jamendo.com/track/1548698
jamendo_1326952,Art of Geisha,Dawid Jaworski,The Art of Geisha,,china,jamendo,chinese,,清雅的东方韵味流淌于丝弦之间，古筝与笛声交织出月下庭院的静谧画面。节奏舒缓如流水，适合品茶阅读或冥想时分独自聆听，让心绪渐入空明之境。,China,CN,genre_or_metadata_hint,,confirmed_china_family,genre/label/tags/description evidence -> CN,https://www.jamendo.com/track/1326952
jamendo_1548704,DIZI FLUTE LOOP 04 120 BPM,Carlos Carty,Dizi Chinese Flute Loops and Samples Vol 1,,china,jamendo,chinese,,清亮的竹笛循环采样，以一百二十拍稳定行进，音色通透婉转，自带东方韵律的呼吸感。适合作为电子国风、氛围音乐或影视配乐的底层织体，在深夜创作或冥想聆听时铺展一层空灵的底色。,China,CN,genre_or_metadata_hint,,confirmed_china_family,genre/label/tags/description evidence -> CN,https://www.jamendo.com/track/1548704
jamendo_1548695,DIZI FLUTE LOOP 16 120 BPM,Carlos Carty,Dizi Chinese Flute Loops and Samples Vol 1,,china,jamendo,chinese,,清亮的竹笛循环乐句以一百二十拍的速度流转，音色通透婉转，带有传统民乐的即兴韵味。适合作为电子音乐或影视配乐中的东方元素采样，也可独立营造空灵、写意的氛围空间。,China,CN,genre_or_metadata_hint,,confirmed_china_family,genre/label/tags/description evidence -> CN,https://www.jamendo.com/track/1548695
jamendo_1230532,Shan Lin Dance,LELE RAMBELLI,,,china,jamendo,chinese,,低沉的电子节拍与空灵合成器交织，营造出幽深山林间的神秘氛围。适合夜间独行、冥想放松或沉浸式阅读时聆听，东方意境与现代电子质感悄然融合。,China,CN,genre_or_metadata_hint,,confirmed_china_family,genre/label/tags/description evidence -> CN,https://www.jamendo.com/track/1230532
jamendo_1548713,DIZI FLUTE LOOP 09 120 BPM,Carlos Carty,Dizi Chinese Flute Loops and Samples Vol 1,,china,jamendo,chinese,,清亮的竹笛循环乐段以一百二十拍稳定行进，音色通透婉转，适合作为电子或嘻哈 beat 的东方色彩采样，也可独立铺陈 chillout 氛围。,China,CN,genre_or_metadata_hint,,confirmed_china_family,genre/label/tags/description evidence -> CN,https://www.jamendo.com/track/1548713
jamendo_730802,Estremo oriente,Drangorg,IMPROVVISAZIONI NELLA STANZA SCURA,,china,jamendo,chinese,,幽暗琴键与即兴弦乐在密闭空间中交织，东方色彩若隐若现，如同深夜独坐时窗外透进的冷月光。适合独处沉思或深夜阅读时聆听，氛围清冷而内省。,China,CN,genre_or_metadata_hint,,confirmed_china_family,genre/label/tags/description evidence -> CN,https://www.jamendo.com/track/730802
jamendo_1272582,The Mandarin´s Dance,Dee Yan-Key,one hour of eternity,,china,jamendo,chinese,,这支曲子以典雅的东方旋律铺陈，古琴与弦乐交织出宫廷般的仪式感，节奏舒缓从容，仿佛月下庭院的独舞。适合深夜阅读、冥想或需要沉静心绪时聆听，带有新世纪音乐与中国古典意境交融的空灵气质。,China,CN,genre_or_metadata_hint,,confirmed_china_family,genre/label/tags/description evidence -> CN,https://www.jamendo.com/track/1272582
jamendo_1548715,DIZI FLUTE LOOP 17 120 BPM,Carlos Carty,Dizi Chinese Flute Loops and Samples Vol 1,,china,jamendo,chinese,,清越的竹笛循环乐段以一百二十拍的速度铺展，音色通透灵动，带有传统民乐的呼吸感与律动感。适合作为电子音乐或影视配乐中的东方元素采样，亦可独立营造空灵、流动的氛围空间。,China,CN,genre_or_metadata_hint,,confirmed_china_family,genre/label/tags/description evidence -> CN,https://www.jamendo.com/track/1548715
jamendo_654633,Bamboo Grove,Alexandr Ossipov production music,Listen To the Cave Water,,china,jamendo,chinese,,幽篁深处，清泉滴落石间。古琴与竹笛交织出空灵意境，如行于晨雾山林，适合冥想、茶叙或夜读时聆听，一派东方隐逸之风。,China,CN,genre_or_metadata_hint,,confirmed_china_family,genre/label/tags/description evidence -> CN,https://www.jamendo.com/track/654633
jamendo_1236240,Garden Of The Crescent Moon,Jaime Heras,Heaven,,china,jamendo,chinese,,月下庭园以钢琴与弦乐织就东方意境，清冷音色如薄雾漫过青石小径，适合深夜独处或冥想时聆听。,China,CN,genre_or_metadata_hint,,confirmed_china_family,genre/label/tags/description evidence -> CN,https://www.jamendo.com/track/1236240
jamendo_1548699,DIZI FLUTE LOOP 20 120 BPM,Carlos Carty,Dizi Chinese Flute Loops and Samples Vol 1,,china,jamendo,chinese,,清亮的竹笛循环乐段以120拍速铺展，笛声通透婉转，带有传统民乐的即兴韵味，适合作为电子或嘻哈制作的采样素材，亦可独立成曲伴以午后茶歇或轻量创作场景。,China,CN,genre_or_metadata_hint,,confirmed_china_family,genre/label/tags/description evidence -> CN,https://www.jamendo.com/track/1548699
jamendo_1482927,Chinese Relax,Nerevarin,Chinese Relax,,china,jamendo,chinese,,古筝与竹笛交织出悠远空灵的旋律，如临江南水乡的晨雾亭台。舒缓的节奏适合冥想、阅读或深夜独处，传统音色在现代编曲中沉淀出宁静致远的东方意境。,China,CN,genre_or_metadata_hint,,confirmed_china_family,genre/label/tags/description evidence -> CN,https://www.jamendo.com/track/1482927
jamendo_1203477,Chinese food,Juan López-Tarruella Maldonado,A Soundtrack With No Film,,china,jamendo,chinese,,轻快的中式旋律如街市烟火般跃动，笛箫与弹拨乐器交织出市井小馆的温暖氛围，适合午后独酌或友人小聚时聆听，仿佛一盘热气腾腾的佳肴端上餐桌。,China,CN,genre_or_metadata_hint,,confirmed_china_family,genre/label/tags/description evidence -> CN,https://www.jamendo.com/track/1203477
jamendo_618549,Journey to a Legend,Alexandr Ossipov production music,Life The Movie,,china,jamendo,chinese,,弦乐铺展如雾中山径，古筝与笛声交替浮现，钢琴点缀现代呼吸。适合独处静思或影像叙事，东方意境与当代制作交融，一场跨越时空的听觉漫游。,China,CN,genre_or_metadata_hint,,confirmed_china_family,genre/label/tags/description evidence -> CN,https://www.jamendo.com/track/618549
jamendo_1482925,Asian Relax,Nerevarin,Asian Relax,,china,jamendo,chinese,,清音袅袅，丝竹与电子氛围交织成一片东方闲逸之境。古琴泛音点缀于舒缓节拍之上，适合品茗、冥想或深夜独处时聆听，让心绪随流水般的旋律渐归平和。,China,CN,genre_or_metadata_hint,,confirmed_china_family,genre/label/tags/description evidence -> CN,https://www.jamendo.com/track/1482925
jamendo_1517253,Asian Dream (15s),AudioSphere,Asian Dream (15s),,china,jamendo,chinese,,清越的合成音色如流水般铺展，古筝与电子节拍交织出东方意境，适合品牌短片开场或文化纪录片的转场留白。,China,CN,genre_or_metadata_hint,,confirmed_china_family,genre/label/tags/description evidence -> CN,https://www.jamendo.com/track/1517253
jamendo_1548684,DIZI FLUTE LOOP 05 120 BPM,Carlos Carty,Dizi Chinese Flute Loops and Samples Vol 1,,china,jamendo,chinese,,清透的竹笛循环采样，以一百二十拍每分钟的中速铺展，音色明亮而带有空气感，适合电子乐或影视配乐中营造东方意境的片段，午后编曲或深夜混音时皆可自然融入。,China,CN,genre_or_metadata_hint,,confirmed_china_family,genre/label/tags/description evidence -> CN,https://www.jamendo.com/track/1548684
jamendo_1475465,China Gang,Winston B,China Gang,,china,jamendo,chinese,,低沉鼓点与东方旋律交织，电子合成器铺陈出迷幻氛围，适合深夜独行或城市漫游时聆听，兼具现代嘻哈节奏与远东色彩。,China,CN,genre_or_metadata_hint,,confirmed_china_family,genre/label/tags/description evidence -> CN,https://www.jamendo.com/track/1475465
jamendo_725215,Silk Route,Satya,Memoirs of a World Traveller,,china,jamendo,chinese,,丝弦轻拨，笛声悠远，仿佛驼铃穿越风沙与绿洲。这是一段适合深夜独酌或冥想时聆听的东方氛围音乐，电子合成器与传统五声音阶交织，营造出跨越时空的丝路幻境。,China,CN,genre_or_metadata_hint,,confirmed_china_family,genre/label/tags/description evidence -> CN,https://www.jamendo.com/track/725215
jamendo_1385916,Chinese Inspiration - 3,MuswayStudio (Royalty Free Music - Background Music),Chinese Inspiration,,china,jamendo,chinese,,空灵竹笛与古筝交织，辅以轻柔弦乐铺底，营造出东方水墨画般的悠远意境。适合品茶阅读、瑜伽冥想或文化纪录片配乐，带来宁静致远的听觉体验。,China,CN,genre_or_metadata_hint,,confirmed_china_family,genre/label/tags/description evidence -> CN,https://www.jamendo.com/track/1385916
jamendo_1302876,Little River Fall from Asia,lyncisAt,Little River Fall from Asia,,china,jamendo,chinese,,清冷溪流自山涧跌落，古琴与竹笛交织出东方意境，如水墨晕染的留白。适合独处时闭目聆听，让心绪随音符流入幽远山林。,China,CN,genre_or_metadata_hint,,confirmed_china_family,genre/label/tags/description evidence -> CN,https://www.jamendo.com/track/1302876
jamendo_1432102,Qianyang,Cabeza&amp;Caballo,Qianyang,,china,jamendo,chinese,,低沉的电子节拍与东方韵律交织，营造出迷离而深邃的氛围。适合深夜独处或城市漫游时聆听，让思绪随绵延的合成器音色飘向霓虹闪烁的未知远方。,China,CN,genre_or_metadata_hint,,confirmed_china_family,genre/label/tags/description evidence -> CN,https://www.jamendo.com/track/1432102
jamendo_1512254,Chinese Beauty (15s),AudioSphere,Chinese Beauty (15s),,china,jamendo,chinese,,清冷古筝与悠扬笛声交织，勾勒出东方意境的朦胧画卷。适合茶室静思、短视频古风场景或冥想时刻，十五秒篇幅尽显雅致留白。,China,CN,genre_or_metadata_hint,,confirmed_china_family,genre/label/tags/description evidence -> CN,https://www.jamendo.com/track/1512254
jamendo_1430853,childhood dream,Dee Yan-Key,lost times,,china,jamendo,chinese,,清亮钢琴如旧日晨光洒落，弦乐缓缓铺展成泛黄的记忆画卷。旋律带着九十年代抒情流行的温柔质地，适合独处时凝望窗外雨丝，或深夜翻阅相册的静谧时刻。,China,CN,genre_or_metadata_hint,,confirmed_china_family,genre/label/tags/description evidence -> CN,https://www.jamendo.com/track/1430853
jamendo_1208721,Orchids and Rocks,Irama Gema,Experiment III,,china,jamendo,chinese,,清冷琴音与疏朗打击乐交织，如幽谷空山回响。即兴而克制的东方器乐铺陈，适合独处静观、茶室冥思或深夜阅读时聆听。,China,CN,genre_or_metadata_hint,,confirmed_china_family,genre/label/tags/description evidence -> CN,https://www.jamendo.com/track/1208721
jamendo_1336736,LuHan 鹿晗【Medals 勛章】 | Guitar Cover,HEI,LuHan 鹿晗【Medals 勛章】 | Guitar Cover,,china,jamendo,chinese,,一把木吉他以简洁的分解和弦重新演绎这首作品，旋律线条清澈透亮，带着独处时的沉静与坚持。适合深夜书房或通勤途中佩戴耳机聆听，在指弹的呼吸感里找到属于自己的节奏。,China,CN,genre_or_metadata_hint,,confirmed_china_family,genre/label/tags/description evidence -> CN,https://www.jamendo.com/track/1336736
jamendo_1412908,Chinese Dreams,Marc Corominas Pujadó,Asian Happy Dreams,,china,jamendo,chinese,,轻快明亮的旋律如春日溪流般流淌，钢琴与弦乐交织出东方意境的梦幻画卷，适合午后阅读或城市漫步时聆听，为日常注入一抹恬淡的诗意。,China,CN,genre_or_metadata_hint,,confirmed_china_family,genre/label/tags/description evidence -> CN,https://www.jamendo.com/track/1412908
jamendo_1477352,Dramatic Chinese Intro,Nerevarin,Dramatic Chinese Intro,,china,jamendo,chinese,,急促的弦乐与磅礴的鼓点交织，营造出山雨欲来的紧张氛围，适合影视片头或游戏过场，东方色彩浓郁，情绪层层堆叠直至爆发。,China,CN,genre_or_metadata_hint,,confirmed_china_family,genre/label/tags/description evidence -> CN,https://www.jamendo.com/track/1477352
jamendo_1180228,Molto allegro,Dee Yan-Key,Serious Symphony,,china,jamendo,chinese,,弦乐群以疾速的十六分音符奔涌向前，铜管与定音鼓在紧凑的织体中层层推进，呈现出古典交响乐的磅礴张力。适合专注工作、长途驾驶或需要高度精神集中的时刻聆听，让繁复的声部结构唤醒思维的敏锐度。,China,CN,genre_or_metadata_hint,,confirmed_china_family,genre/label/tags/description evidence -> CN,https://www.jamendo.com/track/1180228
